o Microwave011_Disc001
v -0.156296 -0.013594 -0.1224155
v -0.148314 -0.013594 -0.1326085
v -0.140129 -0.013593 -0.1342935
v -0.146201 -0.071533 -0.1195585
v -0.14651 -0.071661 -0.1218695
v -0.141216 -0.069469 -0.1300475
v -0.137506 -0.067932 -0.1326085
v -0.115448 -0.058795 -0.1364975
v -0.10969 -0.056265 -0.1374435
v -0.113381 -0.120651 -0.1195585
v -0.113618 -0.120889 -0.1218695
v -0.109566 -0.116837 -0.1300475
v -0.106725 -0.113997 -0.1326085
v -0.089844 -0.097115 -0.1364975
v -0.08538 -0.092652 -0.1374465
v -0.064262 -0.153472 -0.1195585
v -0.064391 -0.153782 -0.1218695
v -0.062197 -0.148487 -0.1300475
v -0.06066 -0.144777 -0.1326085
v -0.051524 -0.12272 -0.1364975
v -0.048993 -0.11696 -0.1374445
v -0.006323 -0.164996 -0.1195585
v -0.006323 -0.165332 -0.1218695
v -0.006323 -0.159601 -0.1300475
v -0.006323 -0.155585 -0.1326085
v -0.006323 -0.13171 -0.1364975
v -0.006044 -0.125308 -0.1374565
v -0.005768 -0.115865 -0.1378835
v 0.051617 -0.153472 -0.1195585
v 0.051745 -0.153782 -0.1218695
v 0.049552 -0.148487 -0.1300475
v 0.048015 -0.144777 -0.1326085
v 0.038879 -0.12272 -0.1364975
v 0.036348 -0.11696 -0.1374435
v 0.053859 -0.092766 -0.1378955
v 0.100736 -0.120651 -0.1195585
v 0.100972 -0.120889 -0.1218695
v 0.09692 -0.116836 -0.1300475
v 0.09408 -0.113997 -0.1326085
v 0.077199 -0.097115 -0.1364975
v 0.072735 -0.092652 -0.1374465
v 0.133555 -0.071533 -0.1195585
v 0.133865 -0.071661 -0.1218695
v 0.12857 -0.069469 -0.1300475
v 0.12486 -0.067932 -0.1326085
v 0.102803 -0.058795 -0.1364975
v 0.097044 -0.056263 -0.1374445
v 0.14508 -0.013594 -0.1195585
v 0.145416 -0.013593 -0.1218695
v 0.139684 -0.013594 -0.1300475
v 0.135668 -0.013594 -0.1326085
v 0.111794 -0.013594 -0.1364975
v 0.105393 -0.013316 -0.1374565
v 0.095949 -0.01304 -0.1378835
v 0.133555 0.044346 -0.1195585
v 0.133865 0.044474 -0.1218695
v 0.12857 0.042281 -0.1300475
v 0.12486 0.040744 -0.1326085
v 0.102803 0.031607 -0.1364975
v 0.097045 0.029078 -0.1374435
v 0.072854 0.046582 -0.1378955
v 0.100736 0.093464 -0.1195595
v 0.100972 0.093702 -0.1218695
v 0.09692 0.089649 -0.1300475
v 0.09408 0.08681 -0.1326085
v 0.077199 0.069927 -0.1364975
v 0.072735 0.065465 -0.1374465
v 0.051617 0.126284 -0.1195595
v 0.051745 0.126594 -0.1218695
v 0.049552 0.1213 -0.1300475
v 0.048015 0.117589 -0.1326085
v 0.038878 0.095531 -0.1364975
v 0.036347 0.089773 -0.1374445
v -0.006323 0.137809 -0.1195595
v -0.006323 0.138144 -0.1218695
v -0.006323 0.132414 -0.1300475
v -0.006323 0.128398 -0.1326085
v -0.006323 0.104523 -0.1364975
v -0.006601 0.098121 -0.1374565
v -0.006879 0.088678 -0.1378835
v -0.064262 0.126284 -0.1195595
v -0.064391 0.126594 -0.1218695
v -0.062197 0.1213 -0.1300475
v -0.06066 0.117589 -0.1326085
v -0.051524 0.095531 -0.1364975
v -0.048994 0.089773 -0.1374435
v -0.113381 0.093464 -0.1195595
v -0.113618 0.093702 -0.1218695
v -0.109566 0.089649 -0.1300475
v -0.106725 0.08681 -0.1326085
v -0.089844 0.069927 -0.1364975
v -0.08538 0.065465 -0.1374465
v -0.146201 0.044345 -0.1195585
v -0.14651 0.044474 -0.1218695
v -0.141216 0.04228 -0.1300475
v -0.137506 0.040744 -0.1326085
v -0.115448 0.031607 -0.1364975
v -0.10969 0.029077 -0.1374445
v -0.101342 -0.002528 -0.1379505
v -0.153929 -0.013594 -0.1196385
v -0.148934 -0.013594 -0.1277575
v -0.143108 -0.013594 -0.1304145
v -0.136435 -0.013594 -0.1315355
v -0.117229 -0.013836 -0.1342445
v -0.142693 -0.07008 -0.1196385
v -0.138079 -0.068168 -0.1277575
v -0.132696 -0.065939 -0.1304145
v -0.110696 -0.117967 -0.1196385
v -0.107165 -0.114435 -0.1277575
v -0.103045 -0.110315 -0.1304145
v -0.06281 -0.149964 -0.1196385
v -0.060898 -0.145349 -0.1277575
v -0.058668 -0.139967 -0.1304145
v -0.006323 -0.1612 -0.1196385
v -0.006323 -0.156206 -0.1277575
v -0.006323 -0.150379 -0.1304145
v 0.050163 -0.149964 -0.1196385
v 0.048253 -0.145349 -0.1277575
v 0.046023 -0.139967 -0.1304145
v 0.09805 -0.117967 -0.1196385
v 0.094519 -0.114435 -0.1277575
v 0.090399 -0.110315 -0.1304145
v 0.130047 -0.07008 -0.1196385
v 0.125433 -0.068168 -0.1277575
v 0.12005 -0.065939 -0.1304145
v 0.141283 -0.013594 -0.1196385
v 0.136289 -0.013594 -0.1277575
v 0.130463 -0.013594 -0.1304145
v 0.130047 0.042893 -0.1196385
v 0.125433 0.040981 -0.1277575
v 0.12005 0.038752 -0.1304145
v 0.09805 0.09078 -0.1196385
v 0.094519 0.087248 -0.1277575
v 0.090399 0.083128 -0.1304145
v 0.069136 0.041796 -0.1346565
v 0.050163 0.122777 -0.1196385
v 0.048253 0.118162 -0.1277575
v 0.046022 0.11278 -0.1304145
v -0.006323 0.134012 -0.1196385
v -0.006323 0.129018 -0.1277575
v -0.006323 0.123192 -0.1304145
v -0.06281 0.122777 -0.1196385
v -0.060898 0.118162 -0.1277575
v -0.058668 0.11278 -0.1304145
v -0.110696 0.09078 -0.1196385
v -0.107165 0.087248 -0.1277575
v -0.103045 0.083128 -0.1304145
v -0.061273 0.06223 -0.1346555
v -0.142693 0.042893 -0.1196385
v -0.138079 0.040981 -0.1277575
v -0.132696 0.038752 -0.1304145
v -0.097377 -0.011806 -0.1346895
v -0.153136 -0.013594 -0.1204345
v -0.156842 -0.013594 -0.1193975
v -0.158172 -0.013594 -0.1212705
v -0.06429 -0.153527 -0.1221265
v -0.113424 -0.120696 -0.1221265
v -0.146258 -0.071556 -0.1221265
v -0.146258 0.044369 -0.1221265
v -0.113424 0.093508 -0.1221265
v -0.064286 0.126341 -0.1221265
v -0.006323 0.137682 -0.1221685
v 0.051568 0.126166 -0.1221685
v 0.100779 0.093508 -0.1221265
v 0.133612 0.044369 -0.1221265
v 0.144953 -0.013594 -0.1221685
v 0.133612 -0.071556 -0.1221265
v 0.100779 -0.120696 -0.1221265
v 0.051641 -0.153529 -0.1221265
v -0.006323 -0.165058 -0.1221265
v -0.052969 -0.126207 -0.1353335
v -0.092514 -0.099784 -0.1353335
v -0.118936 -0.06024 -0.1353335
v -0.118936 0.033052 -0.1353335
v -0.092514 0.072597 -0.1353335
v -0.052969 0.09902 -0.1353335
v -0.006323 0.108299 -0.1353335
v 0.040323 0.09902 -0.1353335
v 0.079867 0.072597 -0.1353335
v 0.10629 0.033052 -0.1353335
v 0.115569 -0.013594 -0.1353335
v 0.10629 -0.06024 -0.1353335
v 0.079868 -0.099784 -0.1353335
v 0.040323 -0.126207 -0.1353335
v -0.006323 -0.135486 -0.1353335
v -0.147818 -0.041739 -0.1315875
v -0.141155 -0.040414 -0.1337245
v -0.132988 -0.038789 -0.1347705
v -0.126277 -0.093744 -0.1315865
v -0.120628 -0.08997 -0.1337245
v -0.113705 -0.085343 -0.1347705
v -0.086473 -0.133547 -0.1315875
v -0.082699 -0.1279 -0.1337245
v -0.078073 -0.120976 -0.1347705
v -0.034467 -0.155089 -0.1315875
v -0.033142 -0.148426 -0.1337245
v -0.031518 -0.140259 -0.1347705
v 0.023281 -0.162423 -0.1218605
v 0.021822 -0.155089 -0.1315875
v 0.020497 -0.148426 -0.1337245
v 0.018873 -0.140259 -0.1347705
v 0.073828 -0.133547 -0.1315875
v 0.070054 -0.1279 -0.1337245
v 0.065427 -0.120976 -0.1347705
v 0.113631 -0.093744 -0.1315865
v 0.107983 -0.08997 -0.1337245
v 0.101058 -0.085344 -0.1347705
v 0.135172 -0.041739 -0.1315875
v 0.128509 -0.040414 -0.1337245
v 0.120343 -0.038789 -0.1347705
v 0.135172 0.014552 -0.1315875
v 0.128509 0.013227 -0.1337245
v 0.120342 0.011601 -0.1347705
v 0.119847 0.070712 -0.1218605
v 0.113631 0.066557 -0.1315875
v 0.107983 0.062783 -0.1337245
v 0.101059 0.058156 -0.1347705
v 0.077981 0.112578 -0.1218605
v 0.073827 0.10636 -0.1315875
v 0.070034 0.100683 -0.1337325
v 0.065427 0.093788 -0.1347705
v 0.021822 0.127901 -0.1315875
v 0.02049 0.121204 -0.1337325
v 0.018873 0.113071 -0.1347705
v -0.034467 0.127901 -0.1315875
v -0.033136 0.121204 -0.1337325
v -0.031518 0.113071 -0.1347705
v -0.086473 0.10636 -0.1315875
v -0.08266 0.100716 -0.1337285
v -0.078073 0.093788 -0.1347705
v -0.132495 0.07071 -0.1218605
v -0.126277 0.066557 -0.1315875
v -0.120599 0.062764 -0.1337325
v -0.113705 0.058156 -0.1347705
v -0.147818 0.014552 -0.1315875
v -0.141155 0.013226 -0.1337245
v -0.132988 0.011602 -0.1347705
v -0.144525 -0.041084 -0.1293655
v -0.123486 -0.091879 -0.1293655
v -0.084609 -0.130756 -0.1293655
v -0.033813 -0.151797 -0.1293655
v 0.021168 -0.151797 -0.1293655
v 0.071963 -0.130756 -0.1293655
v 0.11084 -0.091879 -0.1293655
v 0.13188 -0.041084 -0.1293655
v 0.13188 0.013896 -0.1293655
v 0.11084 0.064692 -0.1293655
v 0.071963 0.103569 -0.1293655
v 0.021168 0.124609 -0.1293655
v -0.033813 0.124609 -0.1293655
v -0.084609 0.103569 -0.1293655
v -0.123486 0.064692 -0.1293655
v -0.144525 0.013896 -0.1293655
v -0.155228 -0.043185 -0.1201445
v -0.09069 -0.139809 -0.1201445
v -0.035968 -0.162488 -0.1201445
v 0.023301 -0.162523 -0.1202425
v 0.078045 -0.139809 -0.1201445
v 0.142571 -0.043238 -0.1201445
v 0.142582 0.015998 -0.1201445
v 0.119934 0.070767 -0.1202435
v 0.07804 0.112662 -0.1202445
v 0.023323 0.135301 -0.1201445
v -0.035968 0.135301 -0.1201445
v -0.090645 0.112653 -0.1201445
v -0.132578 0.070769 -0.1202445
v -0.155226 0.016025 -0.1201535
v -0.15302 -0.042773 -0.1230045
v -0.130687 -0.096691 -0.1230035
v -0.08942 -0.137958 -0.1230045
v -0.035503 -0.160292 -0.1230035
v 0.022857 -0.160292 -0.1230035
v 0.076775 -0.137958 -0.1230045
v 0.118042 -0.096691 -0.1230035
v 0.140375 -0.042774 -0.1230035
v 0.140375 0.015586 -0.1230035
v 0.118042 0.069504 -0.1230035
v 0.076775 0.11077 -0.1230035
v 0.022857 0.133104 -0.1230035
v -0.035503 0.133103 -0.1230045
v -0.08942 0.11077 -0.1230035
v -0.130687 0.069504 -0.1230035
v -0.15302 0.015586 -0.1230035
v -0.150406 -0.042254 -0.1285905
v -0.12847 -0.09521 -0.1285905
v -0.087939 -0.135741 -0.1285905
v -0.034982 -0.157676 -0.1285905
v 0.022337 -0.157676 -0.1285905
v 0.075293 -0.135741 -0.1285905
v 0.115825 -0.09521 -0.1285905
v 0.13776 -0.042254 -0.1285905
v 0.13776 0.015067 -0.1285905
v 0.115825 0.068023 -0.1285905
v 0.075293 0.108554 -0.1285905
v 0.022337 0.130489 -0.1285905
v -0.034982 0.130489 -0.1285905
v -0.087939 0.108554 -0.1285905
v -0.12847 0.068023 -0.1285905
v -0.150406 0.015067 -0.1285905
v -0.146609 -0.071717 -0.1212575
v -0.154884 -0.043144 -0.1196115
v -0.158154 -0.013593 -0.1201695
v -0.153377 -0.042845 -0.1224425
v -0.142087 -0.06983 -0.1285185
v -0.155918 -0.013594 -0.1229755
v -0.139617 -0.068806 -0.1315875
v -0.150599 -0.013594 -0.1315875
v -0.145577 -0.041293 -0.1326085
v -0.14416 -0.013593 -0.1336575
v -0.137197 -0.039627 -0.1343395
v -0.135639 -0.013593 -0.1347575
v -0.116991 -0.059434 -0.1360385
v -0.112976 -0.057772 -0.1370045
v -0.113697 -0.120967 -0.1212705
v -0.132267 -0.097747 -0.1196115
v -0.130989 -0.096894 -0.1224425
v -0.110233 -0.117504 -0.1285175
v -0.108342 -0.115612 -0.1315865
v -0.124377 -0.092475 -0.1326085
v -0.117272 -0.087728 -0.1343395
v -0.091024 -0.098295 -0.1360385
v -0.087951 -0.095223 -0.1370045
v -0.081991 -0.089351 -0.1377405
v -0.078096 -0.070991 -0.1379395
v -0.06442 -0.153891 -0.1212575
v -0.090477 -0.139538 -0.1196115
v -0.089622 -0.13826 -0.1224425
v -0.062558 -0.149358 -0.1285185
v -0.061535 -0.146888 -0.1315875
v -0.085204 -0.131648 -0.1326085
v -0.080456 -0.124543 -0.1343395
v -0.052163 -0.124261 -0.1360385
v -0.0505 -0.120247 -0.1370045
v -0.006323 -0.165443 -0.1212705
v -0.035874 -0.162156 -0.1196115
v -0.035573 -0.160648 -0.1224425
v -0.006323 -0.160544 -0.1285185
v -0.006323 -0.157871 -0.1315865
v -0.034022 -0.152848 -0.1326085
v -0.032355 -0.144468 -0.1343395
v -0.006323 -0.13338 -0.1360385
v -0.006323 -0.129034 -0.1370045
v -0.010969 -0.120466 -0.1377595
v 0.051801 -0.15388 -0.1212575
v 0.023228 -0.162156 -0.1196115
v 0.022928 -0.160648 -0.1224425
v 0.049913 -0.149358 -0.1285185
v 0.04889 -0.146888 -0.1315875
v 0.021377 -0.152848 -0.1326085
v 0.019709 -0.144467 -0.1343395
v 0.039517 -0.124262 -0.1360385
v 0.037855 -0.120247 -0.1370045
v 0.101051 -0.120967 -0.1212705
v 0.077831 -0.139538 -0.1196115
v 0.076977 -0.13826 -0.1224425
v 0.097587 -0.117504 -0.1285185
v 0.095697 -0.115612 -0.1315865
v 0.072558 -0.131648 -0.1326085
v 0.067811 -0.124543 -0.1343395
v 0.078379 -0.098295 -0.1360385
v 0.075306 -0.095223 -0.1370045
v 0.069434 -0.089262 -0.1377405
v 0.133968 -0.071704 -0.1212705
v 0.119622 -0.097747 -0.1196115
v 0.118344 -0.096894 -0.1224425
v 0.129441 -0.069829 -0.1285185
v 0.126972 -0.068806 -0.1315875
v 0.111731 -0.092475 -0.1326085
v 0.104626 -0.087728 -0.1343395
v 0.104345 -0.059434 -0.1360385
v 0.10033 -0.057771 -0.1370045
v 0.145526 -0.013594 -0.1212705
v 0.142239 -0.043144 -0.1196115
v 0.140731 -0.042844 -0.1224425
v 0.140627 -0.013594 -0.1285185
v 0.137954 -0.013594 -0.1315875
v 0.132932 -0.041293 -0.1326085
v 0.124552 -0.039627 -0.1343395
v 0.113463 -0.013594 -0.1360385
v 0.109118 -0.013594 -0.1370045
v 0.10055 -0.018239 -0.1377595
v 0.133964 0.04453 -0.1212575
v 0.142239 0.015957 -0.1196115
v 0.140731 0.015657 -0.1224425
v 0.129441 0.042641 -0.1285185
v 0.126972 0.041618 -0.1315875
v 0.132932 0.014106 -0.1326085
v 0.124552 0.012439 -0.1343395
v 0.104345 0.032247 -0.1360385
v 0.10033 0.030583 -0.1370045
v 0.101042 0.093791 -0.1212575
v 0.119622 0.07056 -0.1196115
v 0.118344 0.069705 -0.1224425
v 0.097587 0.090316 -0.1285185
v 0.095697 0.088425 -0.1315875
v 0.111731 0.065288 -0.1326085
v 0.104627 0.060541 -0.1343395
v 0.078379 0.071108 -0.1360385
v 0.075306 0.068036 -0.1370045
v 0.069345 0.062163 -0.1377405
v 0.051775 0.126703 -0.1212575
v 0.077831 0.11235 -0.1196115
v 0.076977 0.111073 -0.1224425
v 0.049913 0.122171 -0.1285185
v 0.04889 0.119701 -0.1315875
v 0.072558 0.10446 -0.1326085
v 0.067811 0.097356 -0.1343395
v 0.039517 0.097074 -0.1360385
v 0.037854 0.09306 -0.1370045
v -0.006323 0.138256 -0.1212705
v 0.023228 0.134968 -0.1196115
v 0.022928 0.133461 -0.1224425
v -0.006323 0.133357 -0.1285185
v -0.006323 0.130682 -0.1315875
v 0.021377 0.125661 -0.1326085
v 0.01971 0.117281 -0.1343395
v -0.006323 0.106193 -0.1360385
v -0.006323 0.101847 -0.1370045
v -0.001677 0.093279 -0.1377595
v -0.064434 0.126699 -0.1212445
v -0.035874 0.134968 -0.1196115
v -0.035573 0.133461 -0.1224425
v -0.062558 0.122171 -0.1285185
v -0.061535 0.119701 -0.1315875
v -0.034022 0.125661 -0.1326085
v -0.032356 0.117281 -0.1343395
v -0.052163 0.097075 -0.1360385
v -0.0505 0.09306 -0.1370045
v -0.113708 0.093771 -0.1212575
v -0.090477 0.11235 -0.1196115
v -0.089622 0.111073 -0.1224425
v -0.110232 0.090316 -0.1285185
v -0.108342 0.088425 -0.1315875
v -0.085204 0.10446 -0.1326085
v -0.080457 0.097356 -0.1343395
v -0.091024 0.071108 -0.1360385
v -0.087951 0.068035 -0.1370045
v -0.08208 0.062075 -0.1377405
v -0.146614 0.044516 -0.1212705
v -0.132267 0.07056 -0.1196115
v -0.130989 0.069706 -0.1224425
v -0.142087 0.042641 -0.1285185
v -0.139617 0.041618 -0.1315875
v -0.124377 0.065288 -0.1326085
v -0.117272 0.060541 -0.1343395
v -0.116991 0.032247 -0.1360385
v -0.112976 0.030583 -0.1370045
v -0.154884 0.015957 -0.1196115
v -0.153377 0.015657 -0.1224425
v -0.145577 0.014106 -0.1326085
v -0.137197 0.012438 -0.1343395
v -0.055257 0.065842 -0.1379405
v -0.151084 -0.042388 -0.1196385
v -0.14196 -0.069777 -0.1204345
v -0.146185 -0.041414 -0.1277575
v -0.136515 -0.067521 -0.1293655
v -0.140471 -0.040278 -0.1304145
v -0.147242 -0.013594 -0.1293655
v -0.118782 -0.035963 -0.1338185
v -0.114846 -0.035395 -0.1342595
v -0.120838 -0.013594 -0.1338355
v -0.112755 -0.008767 -0.1345035
v -0.129045 -0.095594 -0.1196385
v -0.110136 -0.117406 -0.1204345
v -0.124893 -0.09282 -0.1277575
v -0.105968 -0.113238 -0.1293655
v -0.120049 -0.089583 -0.1304145
v -0.101661 -0.077297 -0.1338185
v -0.098218 -0.075237 -0.1342625
v -0.088324 -0.136316 -0.1196385
v -0.062506 -0.149232 -0.1204345
v -0.085548 -0.132163 -0.1277575
v -0.06025 -0.143786 -0.1293655
v -0.082312 -0.127319 -0.1304145
v -0.070026 -0.108931 -0.1338185
v -0.067971 -0.105488 -0.1342615
v -0.035118 -0.158354 -0.1196385
v -0.006323 -0.160407 -0.1204345
v -0.034143 -0.153456 -0.1277575
v -0.006323 -0.154513 -0.1293655
v -0.033007 -0.147742 -0.1304145
v -0.028692 -0.126052 -0.1338185
v -0.028137 -0.12212 -0.1342595
v 0.022472 -0.158354 -0.1196385
v 0.049861 -0.149232 -0.1204345
v 0.021497 -0.153456 -0.1277575
v 0.047604 -0.143786 -0.1293655
v 0.020361 -0.147742 -0.1304145
v 0.016047 -0.126052 -0.1338185
v 0.015478 -0.122116 -0.1342595
v 0.075677 -0.136316 -0.1196385
v 0.09749 -0.117406 -0.1204345
v 0.072903 -0.132163 -0.1277575
v 0.093323 -0.113238 -0.1293655
v 0.069666 -0.127319 -0.1304145
v 0.05738 -0.108931 -0.1338185
v 0.05532 -0.105489 -0.1342625
v 0.1164 -0.095594 -0.1196385
v 0.129315 -0.069776 -0.1204345
v 0.112247 -0.09282 -0.1277575
v 0.12387 -0.067521 -0.1293655
v 0.107403 -0.089583 -0.1304145
v 0.089016 -0.077296 -0.1338185
v 0.085571 -0.075243 -0.1342615
v 0.138437 -0.042388 -0.1196385
v 0.140491 -0.013593 -0.1204345
v 0.133539 -0.041414 -0.1277575
v 0.134596 -0.013594 -0.1293655
v 0.127826 -0.040278 -0.1304145
v 0.106136 -0.035963 -0.1338185
v 0.102204 -0.035408 -0.1342595
v 0.138437 0.015201 -0.1196385
v 0.129315 0.042589 -0.1204345
v 0.133539 0.014227 -0.1277575
v 0.12387 0.040334 -0.1293655
v 0.127826 0.01309 -0.1304145
v 0.106136 0.008776 -0.1338185
v 0.1022 0.008208 -0.1342595
v 0.1164 0.068407 -0.1196385
v 0.09749 0.090219 -0.1204345
v 0.112247 0.065632 -0.1277575
v 0.093323 0.086051 -0.1293655
v 0.107403 0.062395 -0.1304145
v 0.089016 0.05011 -0.1338185
v 0.085573 0.04805 -0.1342625
v 0.075677 0.109128 -0.1196385
v 0.049861 0.122045 -0.1204345
v 0.072903 0.104976 -0.1277575
v 0.047604 0.116598 -0.1293655
v 0.069666 0.100132 -0.1304145
v 0.05738 0.081745 -0.1338185
v 0.055326 0.078301 -0.1342615
v 0.022472 0.131167 -0.1196385
v -0.006323 0.13322 -0.1204345
v 0.021497 0.126269 -0.1277575
v -0.006323 0.127326 -0.1293655
v 0.020361 0.120555 -0.1304145
v 0.016047 0.098865 -0.1338185
v 0.015491 0.094933 -0.1342595
v -0.035118 0.131167 -0.1196385
v -0.062506 0.122045 -0.1204345
v -0.034143 0.126269 -0.1277575
v -0.06025 0.116598 -0.1293655
v -0.033007 0.120555 -0.1304145
v -0.028693 0.098865 -0.1338185
v -0.028125 0.094929 -0.1342595
v -0.088324 0.109128 -0.1196385
v -0.110136 0.090219 -0.1204345
v -0.085549 0.104976 -0.1277575
v -0.105968 0.086051 -0.1293655
v -0.082312 0.100132 -0.1304145
v -0.070026 0.081744 -0.1338185
v -0.067966 0.078302 -0.1342625
v -0.129045 0.068407 -0.1196385
v -0.14196 0.042589 -0.1204345
v -0.124893 0.065632 -0.1277575
v -0.136515 0.040334 -0.1293655
v -0.120049 0.062395 -0.1304145
v -0.101661 0.050109 -0.1338185
v -0.098217 0.048054 -0.1342615
v -0.151084 0.015201 -0.1196385
v -0.146185 0.014227 -0.1277575
v -0.140471 0.01309 -0.1304145
v -0.118782 0.008776 -0.1338185
v -0.11485 0.008221 -0.1342595
v -0.00734 -0.102886 -0.1346925
v -0.145384 -0.071195 -0.1193975
v -0.155006 -0.013593 -0.1194045
v -0.112756 -0.120027 -0.1193975
v -0.063924 -0.152656 -0.1193975
v -0.006323 -0.164113 -0.1193975
v 0.051279 -0.152656 -0.1193975
v 0.100111 -0.120027 -0.1193975
v 0.132739 -0.071194 -0.1193975
v 0.144197 -0.013593 -0.1193975
v 0.132739 0.044007 -0.1193975
v 0.10011 0.09284 -0.1193975
v 0.051279 0.125468 -0.1193975
v -0.006323 0.136926 -0.1193975
v -0.063924 0.125468 -0.1193975
v -0.112755 0.09284 -0.1193975
v -0.145384 0.044007 -0.1193975
v -0.150281 -0.042229 -0.1204765
v -0.128364 -0.095139 -0.1204765
v -0.087869 -0.135635 -0.1204765
v -0.034957 -0.157552 -0.1204765
v 0.022312 -0.157552 -0.1204765
v 0.075223 -0.135635 -0.1204765
v 0.115719 -0.095139 -0.1204765
v 0.137635 -0.042229 -0.1204765
v 0.137635 0.015042 -0.1204765
v 0.115719 0.067952 -0.1204765
v 0.075223 0.108448 -0.1204765
v 0.022312 0.130365 -0.1204765
v -0.034957 0.130365 -0.1204765
v -0.087869 0.108448 -0.1204765
v -0.128364 0.067952 -0.1204765
v -0.150281 0.015042 -0.1204765
v -0.153868 -0.042911 -0.1193935
v -0.131417 -0.097144 -0.1193935
v -0.089922 -0.138656 -0.1193935
v -0.035699 -0.161128 -0.1193935
v 0.077226 -0.138689 -0.1193935
v 0.118739 -0.097193 -0.1193935
v 0.141223 0.015725 -0.1193935
v 0.118772 0.069955 -0.1193935
v 0.077277 0.111467 -0.1193935
v 0.023055 0.13394 -0.1193935
v -0.03564 0.133952 -0.1193935
v -0.089872 0.111501 -0.1193935
v -0.131384 0.070005 -0.1193935
v -0.153856 0.015783 -0.1193935
v -0.155243 -0.04323 -0.1212865
v -0.132575 -0.097953 -0.1212755
v -0.090669 -0.139852 -0.1212865
v -0.035923 -0.162521 -0.1212745
v 0.078024 -0.139852 -0.1212865
v 0.119929 -0.097953 -0.1212755
v 0.142603 -0.043202 -0.1212865
v 0.142597 0.016043 -0.1212865
v 0.023287 0.135332 -0.1212865
v -0.035932 0.135332 -0.1212865
v -0.090692 0.11265 -0.1212865
v -0.155244 0.016029 -0.1212985
v -0.153273 -0.013594 -0.1285185
v -0.153752 -0.04292 -0.1222125
v -0.131308 -0.097106 -0.1222125
v -0.089835 -0.138578 -0.1222125
v -0.035648 -0.161023 -0.1222125
v 0.023003 -0.161023 -0.1222125
v 0.07719 -0.138578 -0.1222125
v 0.118662 -0.097106 -0.1222125
v 0.141098 -0.042916 -0.1222165
v 0.141107 0.015732 -0.1222125
v 0.118662 0.069919 -0.1222125
v 0.07719 0.111391 -0.1222125
v 0.023003 0.133826 -0.1222165
v -0.035645 0.133827 -0.1222165
v -0.089835 0.111391 -0.1222125
v -0.131308 0.069919 -0.1222125
v -0.153752 0.015731 -0.1222125
v -0.055811 -0.133067 -0.1347575
v -0.097763 -0.105035 -0.1347575
v -0.125796 -0.063081 -0.1347575
v -0.125796 0.035894 -0.1347575
v -0.097764 0.077848 -0.1347575
v -0.05581 0.10588 -0.1347575
v -0.006323 0.115724 -0.1347575
v 0.043165 0.10588 -0.1347575
v 0.085118 0.077848 -0.1347575
v 0.113151 0.035893 -0.1347575
v 0.122994 -0.013594 -0.1347575
v 0.113151 -0.063081 -0.1347575
v 0.085118 -0.105035 -0.1347575
v 0.043165 -0.133068 -0.1347575
v -0.006323 -0.142911 -0.1347575
v -0.123814 -0.036964 -0.1360365
v -0.105927 -0.080147 -0.1360365
v -0.072877 -0.113199 -0.1360365
v -0.029694 -0.131086 -0.1360365
v 0.017048 -0.131085 -0.1360365
v 0.060232 -0.113199 -0.1360365
v 0.093282 -0.080147 -0.1360365
v 0.111169 -0.036964 -0.1360365
v 0.111169 0.009777 -0.1360365
v 0.093282 0.05296 -0.1360365
v 0.060232 0.086011 -0.1360365
v 0.017048 0.103898 -0.1360365
v -0.029694 0.103898 -0.1360365
v -0.072877 0.086011 -0.1360365
v -0.105928 0.05296 -0.1360365
v -0.123814 0.009777 -0.1360355
v -0.151622 -0.057695 -0.1212745
v -0.15512 -0.043191 -0.1218985
v -0.151523 -0.057609 -0.1218865
v -0.157439 -0.028467 -0.1212635
v -0.158061 -0.013593 -0.1218695
v -0.157314 -0.028495 -0.1218865
v -0.145234 -0.071133 -0.1222105
v -0.150201 -0.057089 -0.1222235
v -0.149829 -0.057095 -0.1224265
v -0.156679 -0.013594 -0.1222105
v -0.155894 -0.028469 -0.1222235
v -0.155553 -0.028322 -0.1224265
v -0.146917 -0.056249 -0.1285625
v -0.149419 -0.042057 -0.1301725
v -0.145995 -0.055942 -0.1301145
v -0.152539 -0.027988 -0.1285625
v -0.15233 -0.013593 -0.1300475
v -0.151569 -0.027919 -0.1301145
v -0.138685 -0.06842 -0.1321165
v -0.144381 -0.055475 -0.1315875
v -0.146828 -0.041542 -0.1321165
v -0.142195 -0.054811 -0.1326085
v -0.140353 -0.069111 -0.1310125
v -0.1486 -0.041895 -0.1310125
v -0.151397 -0.013594 -0.1310125
v -0.149899 -0.027733 -0.1315875
v -0.14959 -0.013594 -0.1321165
v -0.147626 -0.02751 -0.1326085
v -0.133668 -0.066342 -0.1336575
v -0.138094 -0.053547 -0.1336845
v -0.134137 -0.052318 -0.1343285
v -0.13605 -0.067329 -0.1330715
v -0.144031 -0.040986 -0.1330715
v -0.146739 -0.013594 -0.1330715
v -0.143353 -0.027108 -0.1336845
v -0.139227 -0.02673 -0.1343285
v -0.130025 -0.051049 -0.1347625
v -0.129944 -0.064799 -0.1342935
v -0.134942 -0.026328 -0.1347625
v -0.122887 -0.048978 -0.1353455
v -0.127555 -0.025509 -0.1353455
v -0.120893 -0.048328 -0.1360575
v -0.121966 -0.036597 -0.1365435
v -0.119261 -0.047821 -0.1365215
v -0.126109 -0.013594 -0.1360385
v -0.125465 -0.025347 -0.1360575
v -0.12444 -0.013594 -0.1364975
v -0.123762 -0.025191 -0.1365215
v -0.116665 -0.047012 -0.1370275
v -0.115833 -0.03521 -0.1374595
v -0.111882 -0.041904 -0.1376415
v -0.119257 -0.036057 -0.1370475
v -0.121764 -0.013593 -0.1370045
v -0.121054 -0.024946 -0.1370275
v -0.118038 -0.013871 -0.1374565
v -0.117259 -0.025157 -0.1374715
v -0.101113 -0.056163 -0.1378355
v -0.107515 -0.037642 -0.1378405
v -0.104311 -0.059244 -0.1376995
v -0.113196 -0.008947 -0.1377595
v -0.112891 -0.023855 -0.1377495
v -0.123685 -0.109941 -0.1212745
v -0.132467 -0.097881 -0.1218985
v -0.123626 -0.109824 -0.1218865
v -0.140241 -0.085164 -0.1212885
v -0.140118 -0.085142 -0.1218865
v -0.11264 -0.119912 -0.1222105
v -0.122604 -0.108838 -0.1222235
v -0.122258 -0.108701 -0.1224265
v -0.138816 -0.084575 -0.1222235
v -0.138557 -0.084308 -0.1224265
v -0.119892 -0.106806 -0.1285625
v -0.127633 -0.094651 -0.1301725
v -0.119157 -0.106169 -0.1301145
v -0.135901 -0.082847 -0.1285625
v -0.135031 -0.082412 -0.1301145
v -0.107628 -0.114899 -0.1321165
v -0.117845 -0.10512 -0.1315865
v -0.125438 -0.093183 -0.1321165
v -0.116079 -0.103669 -0.1326085
v -0.108905 -0.116177 -0.1310125
v -0.12694 -0.094187 -0.1310125
v -0.133559 -0.081601 -0.1315875
v -0.131544 -0.080525 -0.1326085
v -0.103789 -0.111059 -0.1336575
v -0.112774 -0.100932 -0.1336845
v -0.109589 -0.098283 -0.1343285
v -0.105612 -0.112883 -0.1330715
v -0.123067 -0.091599 -0.1330715
v -0.12775 -0.078518 -0.1336845
v -0.124084 -0.07659 -0.1343285
v -0.106275 -0.095537 -0.1347625
v -0.100938 -0.108208 -0.1342935
v -0.120278 -0.07458 -0.1347625
v -0.100473 -0.090892 -0.1353455
v -0.113767 -0.070996 -0.1353455
v -0.09888 -0.089528 -0.1360575
v -0.104361 -0.0791 -0.1365435
v -0.097565 -0.088435 -0.1365215
v -0.111897 -0.070046 -0.1360575
v -0.110384 -0.06925 -0.1365215
v -0.095477 -0.086694 -0.1370275
v -0.099186 -0.075465 -0.1374625
v -0.092645 -0.08432 -0.1374655
v -0.102063 -0.077566 -0.1370475
v -0.107977 -0.067987 -0.1370275
v -0.104334 -0.066828 -0.1374715
v -0.089288 -0.076173 -0.1378325
v -0.093445 -0.077573 -0.1376985
v -0.077881 -0.14752 -0.1212735
v -0.090609 -0.139738 -0.1218985
v -0.077871 -0.147389 -0.1218865
v -0.102661 -0.130966 -0.1212635
v -0.102553 -0.130897 -0.1218865
v -0.063862 -0.152505 -0.1222105
v -0.077304 -0.146087 -0.1222235
v -0.077037 -0.145827 -0.1224265
v -0.101567 -0.129875 -0.1222235
v -0.10143 -0.129529 -0.1224265
v -0.075577 -0.143172 -0.1285625
v -0.08738 -0.134904 -0.1301725
v -0.075141 -0.142301 -0.1301145
v -0.099535 -0.127163 -0.1285625
v -0.098898 -0.126428 -0.1301145
v -0.061149 -0.145955 -0.1321165
v -0.074331 -0.140831 -0.1315875
v -0.085913 -0.132709 -0.1321165
v -0.073254 -0.138815 -0.1326085
v -0.06184 -0.147625 -0.1310125
v -0.086916 -0.13421 -0.1310125
v -0.097848 -0.125117 -0.1315865
v -0.096399 -0.12335 -0.1326085
v -0.059071 -0.140939 -0.1336575
v -0.071248 -0.135021 -0.1336845
v -0.069319 -0.131355 -0.1343285
v -0.060058 -0.143321 -0.1330715
v -0.084329 -0.130338 -0.1330715
v -0.093661 -0.120045 -0.1336845
v -0.091012 -0.11686 -0.1343285
v -0.067308 -0.12755 -0.1347625
v -0.057528 -0.137214 -0.1342935
v -0.088265 -0.113546 -0.1347625
v -0.063725 -0.121037 -0.1353455
v -0.083621 -0.107743 -0.1353455
v -0.062775 -0.119169 -0.1360575
v -0.07183 -0.111631 -0.1365435
v -0.061979 -0.117655 -0.1365215
v -0.082258 -0.106151 -0.1360575
v -0.081165 -0.104836 -0.1365215
v -0.060716 -0.115247 -0.1370275
v -0.068196 -0.106457 -0.1374625
v -0.059557 -0.111606 -0.1374715
v -0.070294 -0.109335 -0.1370475
v -0.079423 -0.102748 -0.1370275
v -0.077047 -0.099917 -0.1374655
v -0.048841 -0.108429 -0.1378345
v -0.061552 -0.095809 -0.1378965
v -0.052006 -0.111578 -0.1376985
v -0.069803 -0.099743 -0.1377515
v -0.021183 -0.16471 -0.1212745
v -0.035969 -0.162388 -0.1218895
v -0.021224 -0.164585 -0.1218865
v -0.050389 -0.158904 -0.1212865
v -0.050382 -0.158773 -0.1218935
v -0.006323 -0.163949 -0.1222105
v -0.021198 -0.163165 -0.1222235
v -0.02105 -0.162823 -0.1224265
v -0.049819 -0.157472 -0.1222235
v -0.049824 -0.1571 -0.1224265
v -0.020718 -0.15981 -0.1285625
v -0.034786 -0.156689 -0.1301725
v -0.020649 -0.158839 -0.1301145
v -0.048979 -0.154189 -0.1285625
v -0.048671 -0.153265 -0.1301145
v -0.006323 -0.15686 -0.1321165
v -0.020463 -0.157171 -0.1315865
v -0.034271 -0.154099 -0.1321165
v -0.020239 -0.154896 -0.1326085
v -0.006323 -0.158668 -0.1310125
v -0.034623 -0.155871 -0.1310125
v -0.048203 -0.151653 -0.1315875
v -0.04754 -0.149466 -0.1326085
v -0.006323 -0.151431 -0.1336575
v -0.019837 -0.150623 -0.1336845
v -0.019459 -0.146498 -0.1343285
v -0.006323 -0.154009 -0.1330715
v -0.033715 -0.151303 -0.1330715
v -0.046276 -0.145364 -0.1336845
v -0.045047 -0.141408 -0.1343285
v -0.019057 -0.142213 -0.1347625
v -0.006323 -0.147399 -0.1342935
v -0.043778 -0.137295 -0.1347625
v -0.018239 -0.134826 -0.1353455
v -0.041707 -0.130158 -0.1353455
v -0.018077 -0.132735 -0.1360575
v -0.029325 -0.129238 -0.1365435
v -0.01792 -0.131032 -0.1365215
v -0.041057 -0.128164 -0.1360575
v -0.040551 -0.126531 -0.1365215
v -0.017674 -0.128325 -0.1370275
v -0.02794 -0.123105 -0.1374595
v -0.017981 -0.124545 -0.1374685
v -0.028787 -0.126528 -0.1370475
v -0.039741 -0.123935 -0.1370275
v -0.038729 -0.120341 -0.1374695
v -0.024558 -0.11232 -0.1379045
v -0.031618 -0.117642 -0.1377515
v 0.037779 -0.158893 -0.1212735
v 0.037692 -0.158793 -0.1218865
v 0.008537 -0.16471 -0.1212735
v 0.008578 -0.164585 -0.1218865
v 0.051216 -0.152505 -0.1222105
v 0.037173 -0.157472 -0.1222235
v 0.037178 -0.1571 -0.1224265
v 0.008552 -0.163165 -0.1222235
v 0.008405 -0.162823 -0.1224265
v 0.036333 -0.154189 -0.1285625
v 0.022141 -0.156689 -0.1301725
v 0.036025 -0.153265 -0.1301145
v 0.008072 -0.15981 -0.1285625
v 0.008003 -0.158839 -0.1301145
v 0.048503 -0.145955 -0.1321165
v 0.035558 -0.151653 -0.1315875
v 0.021625 -0.154099 -0.1321165
v 0.034894 -0.149466 -0.1326085
v 0.049195 -0.147625 -0.1310125
v 0.021978 -0.155871 -0.1310125
v 0.007818 -0.157171 -0.1315875
v 0.007593 -0.154896 -0.1326085
v 0.046426 -0.140939 -0.1336575
v 0.03363 -0.145364 -0.1336845
v 0.032402 -0.141408 -0.1343285
v 0.047412 -0.143321 -0.1330715
v 0.021069 -0.151303 -0.1330715
v 0.007192 -0.150623 -0.1336845
v 0.006813 -0.146499 -0.1343285
v 0.031133 -0.137295 -0.1347625
v 0.044883 -0.137214 -0.1342935
v 0.006412 -0.142213 -0.1347625
v 0.029062 -0.130158 -0.1353455
v 0.005593 -0.134826 -0.1353455
v 0.028412 -0.128164 -0.1360575
v 0.01668 -0.129238 -0.1365435
v 0.027905 -0.126531 -0.1365215
v 0.005431 -0.132735 -0.1360575
v 0.005274 -0.131033 -0.1365215
v 0.027095 -0.123935 -0.1370275
v 0.015293 -0.123104 -0.1374595
v 0.021987 -0.119152 -0.1376415
v 0.016141 -0.126528 -0.1370485
v 0.005028 -0.128325 -0.1370275
v 0.005239 -0.12453 -0.1374715
v 0.03585 -0.108582 -0.1378345
v 0.017691 -0.114883 -0.1378375
v 0.039328 -0.111582 -0.1376995
v 0.003938 -0.120161 -0.1377495
v 0.090015 -0.130966 -0.1212635
v 0.077964 -0.139738 -0.1218985
v 0.089907 -0.130897 -0.1218865
v 0.065248 -0.147513 -0.1212875
v 0.065225 -0.147389 -0.1218865
v 0.099995 -0.119912 -0.1222105
v 0.088922 -0.129875 -0.1222235
v 0.088784 -0.129529 -0.1224265
v 0.064659 -0.146087 -0.1222235
v 0.064391 -0.145827 -0.1224265
v 0.086889 -0.127163 -0.1285625
v 0.074735 -0.134904 -0.1301725
v 0.086252 -0.126428 -0.1301145
v 0.062931 -0.143172 -0.1285625
v 0.062496 -0.142301 -0.1301145
v 0.094983 -0.114899 -0.1321165
v 0.085203 -0.125117 -0.1315865
v 0.073268 -0.132709 -0.1321165
v 0.083754 -0.12335 -0.1326085
v 0.09626 -0.116177 -0.1310125
v 0.074271 -0.13421 -0.1310125
v 0.061686 -0.140831 -0.1315875
v 0.060608 -0.138815 -0.1326085
v 0.091143 -0.111059 -0.1336575
v 0.081016 -0.120045 -0.1336845
v 0.078366 -0.11686 -0.1343285
v 0.092966 -0.112883 -0.1330715
v 0.071683 -0.130338 -0.1330715
v 0.058602 -0.135021 -0.1336845
v 0.056673 -0.131355 -0.1343285
v 0.07562 -0.113546 -0.1347625
v 0.088293 -0.108209 -0.1342935
v 0.054664 -0.127549 -0.1347625
v 0.070975 -0.107743 -0.1353455
v 0.05108 -0.121037 -0.1353455
v 0.069613 -0.106151 -0.1360575
v 0.059184 -0.111631 -0.1365435
v 0.068519 -0.104836 -0.1365215
v 0.05013 -0.119169 -0.1360575
v 0.049334 -0.117656 -0.1365215
v 0.066777 -0.102748 -0.1370275
v 0.055548 -0.106457 -0.1374625
v 0.064404 -0.099916 -0.1374655
v 0.057649 -0.109335 -0.1370475
v 0.04807 -0.115248 -0.1370275
v 0.046911 -0.111606 -0.1374715
v 0.057077 -0.100098 -0.1377395
v 0.127604 -0.085152 -0.1212735
v 0.119821 -0.097881 -0.1218985
v 0.127473 -0.085142 -0.1218865
v 0.111039 -0.109941 -0.1212745
v 0.11098 -0.109824 -0.1218865
v 0.132588 -0.071133 -0.1222105
v 0.12617 -0.084575 -0.1222235
v 0.125912 -0.084308 -0.1224265
v 0.109958 -0.108838 -0.1222235
v 0.109613 -0.108701 -0.1224265
v 0.123255 -0.082847 -0.1285625
v 0.114987 -0.094651 -0.1301725
v 0.122385 -0.082412 -0.1301145
v 0.107246 -0.106806 -0.1285625
v 0.106511 -0.106169 -0.1301145
v 0.126039 -0.06842 -0.1321165
v 0.120914 -0.081601 -0.1315875
v 0.112792 -0.093183 -0.1321165
v 0.118898 -0.080525 -0.1326085
v 0.127708 -0.069111 -0.1310125
v 0.114294 -0.094187 -0.1310125
v 0.1052 -0.10512 -0.1315865
v 0.103434 -0.103669 -0.1326085
v 0.121023 -0.066342 -0.1336575
v 0.115104 -0.078518 -0.1336845
v 0.111438 -0.07659 -0.1343285
v 0.123405 -0.067329 -0.1330715
v 0.110421 -0.091599 -0.1330715
v 0.100128 -0.100932 -0.1336845
v 0.096943 -0.098283 -0.1343285
v 0.107633 -0.07458 -0.1347625
v 0.117298 -0.064799 -0.1342935
v 0.09363 -0.095536 -0.1347625
v 0.101121 -0.070996 -0.1353455
v 0.087827 -0.090892 -0.1353455
v 0.099252 -0.070046 -0.1360575
v 0.091716 -0.0791 -0.1365435
v 0.097739 -0.06925 -0.1365215
v 0.086234 -0.089528 -0.1360575
v 0.084919 -0.088435 -0.1365215
v 0.095331 -0.067987 -0.1370275
v 0.086541 -0.075466 -0.1374625
v 0.09169 -0.066828 -0.1374715
v 0.089418 -0.077565 -0.1370475
v 0.082831 -0.086694 -0.1370275
v 0.08 -0.084318 -0.1374655
v 0.088514 -0.056111 -0.1378345
v 0.091662 -0.059275 -0.1376985
v 0.080811 -0.077547 -0.1376985
v 0.078094 -0.074262 -0.1378285
v 0.144793 -0.028453 -0.1212745
v 0.142475 -0.043191 -0.1218985
v 0.144668 -0.028495 -0.1218865
v 0.138982 -0.057681 -0.1212635
v 0.138877 -0.057609 -0.1218865
v 0.144024 -0.013606 -0.1222135
v 0.143274 -0.028512 -0.1222115
v 0.142907 -0.028321 -0.1224265
v 0.137555 -0.057089 -0.1222235
v 0.137183 -0.057095 -0.1224265
v 0.139893 -0.027988 -0.1285625
v 0.136773 -0.042057 -0.1301725
v 0.138924 -0.027919 -0.1301145
v 0.134272 -0.056249 -0.1285625
v 0.13335 -0.055942 -0.1301145
v 0.136945 -0.013594 -0.1321165
v 0.137254 -0.027733 -0.1315875
v 0.134183 -0.041542 -0.1321165
v 0.13498 -0.02751 -0.1326085
v 0.138752 -0.013594 -0.1310125
v 0.135955 -0.041895 -0.1310125
v 0.131736 -0.055475 -0.1315875
v 0.129549 -0.054811 -0.1326085
v 0.131515 -0.013594 -0.1336575
v 0.130707 -0.027108 -0.1336845
v 0.126582 -0.02673 -0.1343285
v 0.134093 -0.013594 -0.1330715
v 0.131386 -0.040986 -0.1330715
v 0.125448 -0.053547 -0.1336845
v 0.121491 -0.052318 -0.1343285
v 0.122296 -0.026328 -0.1347625
v 0.127484 -0.013594 -0.1342935
v 0.117379 -0.051048 -0.1347625
v 0.114909 -0.025509 -0.1353455
v 0.110241 -0.048978 -0.1353455
v 0.112819 -0.025347 -0.1360575
v 0.109321 -0.036597 -0.1365435
v 0.111117 -0.025191 -0.1365215
v 0.108248 -0.048328 -0.1360575
v 0.106615 -0.047821 -0.1365215
v 0.108408 -0.024945 -0.1370275
v 0.103189 -0.035212 -0.1374595
v 0.104629 -0.025252 -0.1374685
v 0.106611 -0.036058 -0.1370475
v 0.10402 -0.047012 -0.1370275
v 0.100424 -0.046 -0.1374695
v 0.092381 -0.031829 -0.1379055
v 0.097725 -0.038888 -0.1377515
v 0.138977 0.030507 -0.1212735
v 0.142475 0.016004 -0.1218985
v 0.138877 0.030421 -0.1218865
v 0.144793 0.00128 -0.1212635
v 0.144668 0.001308 -0.1218865
v 0.132588 0.043945 -0.1222105
v 0.137555 0.029902 -0.1222235
v 0.137183 0.029907 -0.1224265
v 0.143248 0.001282 -0.1222235
v 0.142907 0.001134 -0.1224265
v 0.134272 0.029062 -0.1285625
v 0.136773 0.014869 -0.1301725
v 0.13335 0.028755 -0.1301145
v 0.139893 0.000801 -0.1285625
v 0.138924 0.000732 -0.1301145
v 0.126039 0.041232 -0.1321165
v 0.131736 0.028287 -0.1315875
v 0.134183 0.014355 -0.1321165
v 0.129549 0.027624 -0.1326085
v 0.127708 0.041924 -0.1310125
v 0.135955 0.014707 -0.1310125
v 0.137254 0.000546 -0.1315875
v 0.13498 0.000322 -0.1326085
v 0.121023 0.039154 -0.1336575
v 0.125448 0.026359 -0.1336845
v 0.121491 0.025131 -0.1343285
v 0.123405 0.040141 -0.1330715
v 0.131386 0.013798 -0.1330715
v 0.130707 -7.9e-05 -0.1336845
v 0.126582 -0.000458 -0.1343285
v 0.11738 0.023862 -0.1347625
v 0.117298 0.037612 -0.1342935
v 0.122296 -0.000858 -0.1347625
v 0.110241 0.021791 -0.1353455
v 0.114909 -0.001678 -0.1353455
v 0.108248 0.021141 -0.1360575
v 0.109321 0.00941 -0.1365435
v 0.106615 0.020634 -0.1365215
v 0.112819 -0.00184 -0.1360575
v 0.111117 -0.001997 -0.1365215
v 0.10402 0.019825 -0.1370275
v 0.103188 0.008023 -0.1374595
v 0.099236 0.014718 -0.1376415
v 0.106611 0.00887 -0.1370475
v 0.108408 -0.002241 -0.1370275
v 0.104613 -0.002031 -0.1374715
v 0.088667 0.028578 -0.1378345
v 0.094967 0.010419 -0.1378375
v 0.091666 0.032057 -0.1376995
v 0.100246 -0.003334 -0.1377495
v 0.111039 0.082754 -0.1212735
v 0.11098 0.082636 -0.1218865
v 0.127596 0.057977 -0.1212875
v 0.127473 0.057955 -0.1218865
v 0.099995 0.092725 -0.1222105
v 0.109958 0.081651 -0.1222235
v 0.109612 0.081514 -0.1224265
v 0.12617 0.057388 -0.1222235
v 0.125912 0.05712 -0.1224265
v 0.107246 0.079619 -0.1285625
v 0.114987 0.067463 -0.1301725
v 0.106511 0.078981 -0.1301145
v 0.123255 0.05566 -0.1285625
v 0.122385 0.055224 -0.1301145
v 0.094983 0.087711 -0.1321165
v 0.1052 0.077932 -0.1315875
v 0.112792 0.065996 -0.1321165
v 0.103434 0.076482 -0.1326085
v 0.09626 0.088989 -0.1310125
v 0.114294 0.067 -0.1310125
v 0.120914 0.054414 -0.1315875
v 0.118898 0.053337 -0.1326085
v 0.091143 0.083872 -0.1336575
v 0.100128 0.073744 -0.1336845
v 0.096943 0.071096 -0.1343285
v 0.092966 0.085695 -0.1330715
v 0.110421 0.064412 -0.1330715
v 0.115104 0.051331 -0.1336845
v 0.111438 0.049403 -0.1343285
v 0.093629 0.06835 -0.1347625
v 0.088293 0.081021 -0.1342935
v 0.107633 0.047392 -0.1347625
v 0.087827 0.063705 -0.1353455
v 0.101121 0.043808 -0.1353455
v 0.086234 0.062341 -0.1360575
v 0.091716 0.051913 -0.1365435
v 0.084919 0.061248 -0.1365215
v 0.099252 0.042859 -0.1360575
v 0.097739 0.042062 -0.1365215
v 0.082831 0.059506 -0.1370275
v 0.086541 0.048277 -0.1374625
v 0.08 0.057132 -0.1374655
v 0.089418 0.050378 -0.1370475
v 0.095331 0.0408 -0.1370275
v 0.091689 0.03964 -0.1374715
v 0.080182 0.049805 -0.1377395
v 0.065236 0.120333 -0.1212735
v 0.065225 0.120201 -0.1218865
v 0.090013 0.103777 -0.1212875
v 0.089907 0.10371 -0.1218865
v 0.051201 0.125313 -0.1222135
v 0.064659 0.1189 -0.1222235
v 0.064391 0.11864 -0.1224265
v 0.088922 0.102688 -0.1222235
v 0.088784 0.102341 -0.1224265
v 0.062931 0.115984 -0.1285625
v 0.074735 0.107717 -0.1301725
v 0.062496 0.115114 -0.1301145
v 0.086889 0.099976 -0.1285625
v 0.086252 0.099241 -0.1301145
v 0.048503 0.118768 -0.1321165
v 0.061686 0.113642 -0.1315875
v 0.073268 0.105521 -0.1321165
v 0.060608 0.111628 -0.1326085
v 0.049195 0.120438 -0.1310125
v 0.074271 0.107023 -0.1310125
v 0.085203 0.097928 -0.1315875
v 0.083754 0.096162 -0.1326085
v 0.046426 0.113751 -0.1336575
v 0.058625 0.107756 -0.1336965
v 0.056687 0.104242 -0.1343175
v 0.047412 0.116133 -0.1330715
v 0.071683 0.103151 -0.1330715
v 0.080936 0.092849 -0.1336965
v 0.078431 0.089713 -0.1343175
v 0.054663 0.100361 -0.1347625
v 0.044883 0.110027 -0.1342935
v 0.075619 0.086359 -0.1347625
v 0.051079 0.09385 -0.1353455
v 0.070975 0.080556 -0.1353455
v 0.050129 0.091981 -0.1360575
v 0.059184 0.084444 -0.1365435
v 0.049334 0.090467 -0.1365215
v 0.069612 0.078964 -0.1360575
v 0.068519 0.077649 -0.1365215
v 0.04807 0.08806 -0.1370275
v 0.05555 0.07927 -0.1374625
v 0.046912 0.084419 -0.1374715
v 0.057649 0.082146 -0.1370475
v 0.066777 0.07556 -0.1370275
v 0.064401 0.072729 -0.1374655
v 0.036196 0.081241 -0.1378345
v 0.03936 0.084391 -0.1376985
v 0.05763 0.073541 -0.1376985
v 0.054345 0.070822 -0.1378285
v 0.008537 0.137523 -0.1212745
v 0.023275 0.135203 -0.1218985
v 0.008578 0.137398 -0.1218865
v 0.037751 0.131715 -0.1212765
v 0.037692 0.131606 -0.1218865
v -0.006335 0.136753 -0.1222135
v 0.008552 0.135978 -0.1222235
v 0.008405 0.135636 -0.1224265
v 0.037142 0.130324 -0.1222115
v 0.037178 0.129913 -0.1224265
v 0.008072 0.132623 -0.1285625
v 0.022141 0.129502 -0.1301725
v 0.008003 0.131652 -0.1301145
v 0.036333 0.127002 -0.1285625
v 0.036025 0.126078 -0.1301145
v -0.006323 0.129673 -0.1321165
v 0.007818 0.129984 -0.1315875
v 0.021625 0.126911 -0.1321165
v 0.007593 0.127709 -0.1326085
v -0.006323 0.131481 -0.1310125
v 0.021978 0.128684 -0.1310125
v 0.035558 0.124465 -0.1315875
v 0.034894 0.122278 -0.1326085
v -0.006323 0.124244 -0.1336575
v 0.007242 0.123373 -0.1336965
v 0.006797 0.119385 -0.1343175
v -0.006323 0.126822 -0.1330715
v 0.021069 0.124116 -0.1330715
v 0.03356 0.118139 -0.1336965
v 0.032445 0.114283 -0.1343175
v 0.006412 0.115027 -0.1347625
v -0.006323 0.120213 -0.1342935
v 0.031133 0.110109 -0.1347625
v 0.005593 0.107638 -0.1353455
v 0.029062 0.10297 -0.1353455
v 0.005431 0.105548 -0.1360575
v 0.01668 0.102049 -0.1365435
v 0.005274 0.103845 -0.1365215
v 0.028412 0.100977 -0.1360575
v 0.027905 0.099344 -0.1365215
v 0.005029 0.101138 -0.1370275
v 0.015295 0.095917 -0.1374595
v 0.005336 0.097358 -0.1374685
v 0.016141 0.09934 -0.1370475
v 0.027095 0.096748 -0.1370275
v 0.026083 0.093154 -0.1374695
v 0.011913 0.08513 -0.1379045
v 0.018971 0.090455 -0.1377515
v -0.050396 0.131714 -0.1212755
v -0.035921 0.135203 -0.1218985
v -0.050338 0.131606 -0.1218865
v -0.021183 0.137523 -0.1212735
v -0.021224 0.137398 -0.1218865
v -0.063861 0.125317 -0.1222105
v -0.049818 0.130285 -0.1222235
v -0.049824 0.129913 -0.1224265
v -0.021242 0.136002 -0.1222115
v -0.02105 0.135636 -0.1224265
v -0.048979 0.127002 -0.1285625
v -0.034786 0.129502 -0.1301725
v -0.048671 0.126078 -0.1301145
v -0.020717 0.132623 -0.1285625
v -0.020649 0.131652 -0.1301145
v -0.061149 0.118768 -0.1321165
v -0.048203 0.124465 -0.1315875
v -0.034271 0.126911 -0.1321165
v -0.04754 0.122278 -0.1326085
v -0.06184 0.120438 -0.1310125
v -0.034623 0.128684 -0.1310125
v -0.020463 0.129984 -0.1315875
v -0.020239 0.127709 -0.1326085
v -0.059071 0.113752 -0.1336575
v -0.046206 0.118139 -0.1336965
v -0.045091 0.114283 -0.1343175
v -0.060058 0.116133 -0.1330715
v -0.033715 0.124116 -0.1330715
v -0.019887 0.123373 -0.1336965
v -0.019442 0.119385 -0.1343175
v -0.043779 0.110109 -0.1347625
v -0.057528 0.110027 -0.1342935
v -0.019057 0.115026 -0.1347625
v -0.041707 0.10297 -0.1353455
v -0.018239 0.107638 -0.1353455
v -0.041057 0.100977 -0.1360575
v -0.029325 0.102049 -0.1365435
v -0.040551 0.099344 -0.1365215
v -0.018077 0.105548 -0.1360575
v -0.01792 0.103845 -0.1365215
v -0.03974 0.096748 -0.1370275
v -0.027938 0.095917 -0.1374595
v -0.034633 0.091965 -0.1376415
v -0.028787 0.09934 -0.1370475
v -0.017674 0.101137 -0.1370275
v -0.017885 0.097343 -0.1374715
v -0.048495 0.081395 -0.1378345
v -0.030337 0.087696 -0.1378375
v -0.051973 0.084395 -0.1376995
v -0.016584 0.092975 -0.1377495
v -0.102671 0.103769 -0.1212745
v -0.09061 0.11255 -0.1218985
v -0.102553 0.10371 -0.1218865
v -0.077906 0.12032 -0.1212755
v -0.077871 0.120201 -0.1218865
v -0.11264 0.092725 -0.1222105
v -0.101567 0.102688 -0.1222235
v -0.10143 0.102341 -0.1224265
v -0.077304 0.1189 -0.1222235
v -0.077037 0.11864 -0.1224265
v -0.099535 0.099976 -0.1285625
v -0.08738 0.107717 -0.1301725
v -0.098897 0.099241 -0.1301145
v -0.075577 0.115984 -0.1285625
v -0.075141 0.115114 -0.1301145
v -0.107628 0.087711 -0.1321165
v -0.097848 0.097928 -0.1315875
v -0.085913 0.105521 -0.1321165
v -0.096399 0.096162 -0.1326085
v -0.108905 0.088989 -0.1310125
v -0.086916 0.107023 -0.1310125
v -0.074331 0.113642 -0.1315875
v -0.073254 0.111628 -0.1326085
v -0.103789 0.083872 -0.1336575
v -0.093661 0.092857 -0.1336845
v -0.091012 0.089673 -0.1343285
v -0.105612 0.085695 -0.1330715
v -0.084329 0.10315 -0.1330715
v -0.071271 0.107756 -0.1336965
v -0.069332 0.104242 -0.1343175
v -0.088265 0.086359 -0.1347625
v -0.100938 0.081022 -0.1342935
v -0.067309 0.100361 -0.1347625
v -0.083621 0.080556 -0.1353455
v -0.063725 0.09385 -0.1353455
v -0.082258 0.078963 -0.1360575
v -0.07183 0.084444 -0.1365435
v -0.081165 0.077649 -0.1365215
v -0.062775 0.091981 -0.1360575
v -0.06198 0.090467 -0.1365215
v -0.079423 0.07556 -0.1370275
v -0.068194 0.07927 -0.1374625
v -0.077049 0.072729 -0.1374655
v -0.070294 0.082147 -0.1370475
v -0.060716 0.088059 -0.1370275
v -0.059557 0.084417 -0.1374715
v -0.068921 0.069138 -0.1378365
v -0.070303 0.073528 -0.1376985
v -0.140249 0.057964 -0.1212735
v -0.140118 0.057955 -0.1218865
v -0.123694 0.082742 -0.1212885
v -0.123626 0.082636 -0.1218865
v -0.145234 0.043945 -0.1222105
v -0.138816 0.057388 -0.1222235
v -0.138557 0.05712 -0.1224265
v -0.122604 0.081651 -0.1222235
v -0.122258 0.081514 -0.1224265
v -0.135901 0.05566 -0.1285625
v -0.127633 0.067463 -0.1301725
v -0.135031 0.055224 -0.1301145
v -0.119892 0.079619 -0.1285625
v -0.119157 0.078981 -0.1301145
v -0.138685 0.041232 -0.1321165
v -0.133559 0.054414 -0.1315875
v -0.125438 0.065996 -0.1321165
v -0.131544 0.053337 -0.1326085
v -0.140353 0.041924 -0.1310125
v -0.12694 0.067 -0.1310125
v -0.117845 0.077932 -0.1315875
v -0.116079 0.076482 -0.1326085
v -0.133668 0.039154 -0.1336575
v -0.127673 0.051354 -0.1336965
v -0.124159 0.049416 -0.1343175
v -0.13605 0.040141 -0.1330715
v -0.123067 0.064412 -0.1330715
v -0.112766 0.073665 -0.1336965
v -0.10963 0.071159 -0.1343175
v -0.120278 0.047392 -0.1347625
v -0.129944 0.037612 -0.1342935
v -0.106275 0.068349 -0.1347625
v -0.113767 0.043808 -0.1353455
v -0.100473 0.063705 -0.1353455
v -0.111898 0.042859 -0.1360575
v -0.104361 0.051913 -0.1365435
v -0.110384 0.042063 -0.1365215
v -0.09888 0.062341 -0.1360575
v -0.097565 0.061248 -0.1365215
v -0.107977 0.0408 -0.1370275
v -0.099186 0.048278 -0.1374625
v -0.104335 0.03964 -0.1374715
v -0.102063 0.050379 -0.1370475
v -0.095477 0.059506 -0.1370275
v -0.092646 0.057131 -0.1374655
v -0.10116 0.028922 -0.1378345
v -0.088594 0.041762 -0.1378955
v -0.104307 0.032088 -0.1376985
v -0.092472 0.049886 -0.1377515
v -0.157439 0.00128 -0.1212635
v -0.15512 0.016004 -0.1218985
v -0.157314 0.001308 -0.1218855
v -0.151628 0.030494 -0.1212635
v -0.151523 0.030421 -0.1218865
v -0.155894 0.001282 -0.1222235
v -0.155553 0.001134 -0.1224265
v -0.150201 0.029902 -0.1222235
v -0.149829 0.029907 -0.1224265
v -0.152539 0.000801 -0.1285625
v -0.149419 0.014869 -0.1301725
v -0.151569 0.000732 -0.1301145
v -0.146917 0.029062 -0.1285625
v -0.145995 0.028755 -0.1301145
v -0.149899 0.000546 -0.1315875
v -0.146828 0.014355 -0.1321165
v -0.147626 0.000322 -0.1326085
v -0.1486 0.014707 -0.1310125
v -0.144381 0.028287 -0.1315875
v -0.142195 0.027624 -0.1326085
v -0.143353 -7.9e-05 -0.1336845
v -0.139227 -0.000458 -0.1343285
v -0.144031 0.013798 -0.1330715
v -0.138094 0.026359 -0.1336845
v -0.134137 0.025131 -0.1343285
v -0.134942 -0.000859 -0.1347625
v -0.130025 0.023861 -0.1347625
v -0.127555 -0.001678 -0.1353455
v -0.122887 0.021791 -0.1353455
v -0.125465 -0.00184 -0.1360575
v -0.121966 0.00941 -0.1365435
v -0.123762 -0.001997 -0.1365215
v -0.120893 0.021141 -0.1360575
v -0.119261 0.020634 -0.1365215
v -0.121054 -0.002242 -0.1370275
v -0.115834 0.008025 -0.1374595
v -0.117274 -0.001935 -0.1374685
v -0.119257 0.008871 -0.1370475
v -0.116665 0.019825 -0.1370275
v -0.111946 0.014388 -0.1376435
v -0.108278 0.009542 -0.1378285
v 0.088023 -0.009435 -0.1379575
v 0.042681 0.065185 -0.1379365
v -0.010026 0.080956 -0.1379575
v 0.07249 -0.062565 -0.1379365
v -0.001777 -0.107811 -0.1379585
v -0.106261 -0.020412 -0.1379255
v -0.153213 -0.02806 -0.1196385
v -0.150738 -0.04232 -0.1198845
v -0.152413 -0.027988 -0.1204505
v -0.153577 -0.013594 -0.1198845
v -0.147568 -0.056441 -0.1196385
v -0.142368 -0.069946 -0.1198845
v -0.146801 -0.056202 -0.1204505
v -0.148243 -0.02757 -0.1277575
v -0.145463 -0.04127 -0.1287055
v -0.146558 -0.027405 -0.1293655
v -0.148198 -0.013594 -0.1287055
v -0.142788 -0.054991 -0.1277575
v -0.137398 -0.067887 -0.1287055
v -0.141169 -0.0545 -0.1293655
v -0.137213 -0.0533 -0.1304145
v -0.142989 -0.040779 -0.1298865
v -0.135068 -0.066922 -0.1298865
v -0.142445 -0.026999 -0.1304145
v -0.145675 -0.013594 -0.1298865
v -0.134367 -0.039064 -0.1314595
v -0.137492 -0.026455 -0.1312565
v -0.128346 -0.064138 -0.1312125
v -0.132428 -0.051907 -0.1312565
v -0.116645 -0.046875 -0.1337475
v -0.119301 -0.060391 -0.1327095
v -0.120984 -0.025064 -0.1337475
v -0.112121 -0.057417 -0.1338355
v -0.112435 -0.045185 -0.1342605
v -0.108932 -0.055969 -0.1342335
v -0.116455 -0.025459 -0.1342555
v -0.11246 -0.023866 -0.1344935
v -0.10387 -0.059005 -0.1344505
v -0.110239 -0.037832 -0.1344955
v -0.104808 -0.034063 -0.1346255
v -0.107377 -0.012395 -0.1346325
v -0.136496 -0.083171 -0.1196385
v -0.128752 -0.095399 -0.1198845
v -0.135785 -0.082798 -0.1204505
v -0.120419 -0.107231 -0.1196385
v -0.110447 -0.117718 -0.1198845
v -0.119803 -0.106717 -0.1204505
v -0.132091 -0.080817 -0.1277575
v -0.12428 -0.092411 -0.1287055
v -0.130598 -0.080019 -0.1293655
v -0.116559 -0.104064 -0.1277575
v -0.106644 -0.113914 -0.1287055
v -0.11525 -0.10299 -0.1293655
v -0.112055 -0.100367 -0.1304145
v -0.122183 -0.091009 -0.1298865
v -0.10486 -0.112131 -0.1298865
v -0.126953 -0.078071 -0.1304145
v -0.114873 -0.086125 -0.1314595
v -0.122585 -0.075673 -0.1312565
v -0.099715 -0.106986 -0.1312125
v -0.108168 -0.097249 -0.1312565
v -0.095511 -0.086559 -0.1337475
v -0.092793 -0.100063 -0.1327105
v -0.107866 -0.06807 -0.1337475
v -0.087298 -0.094568 -0.1338355
v -0.092326 -0.083335 -0.1342595
v -0.084767 -0.092038 -0.1342415
v -0.10347 -0.066803 -0.1342565
v -0.093059 -0.077243 -0.1344505
v -0.10088 -0.056085 -0.1345685
v -0.081776 -0.089061 -0.1344845
v -0.089643 -0.075279 -0.1345645
v -0.099961 -0.12769 -0.1196385
v -0.088127 -0.136024 -0.1198845
v -0.099446 -0.127074 -0.1204505
v -0.0759 -0.143766 -0.1196385
v -0.062674 -0.149639 -0.1198845
v -0.075528 -0.143056 -0.1204505
v -0.096792 -0.123829 -0.1277575
v -0.085139 -0.131551 -0.1287055
v -0.095718 -0.122521 -0.1293655
v -0.073546 -0.139362 -0.1277575
v -0.060616 -0.144669 -0.1287055
v -0.072749 -0.137869 -0.1293655
v -0.0708 -0.134224 -0.1304145
v -0.083738 -0.129454 -0.1298865
v -0.059651 -0.142339 -0.1298865
v -0.093096 -0.119326 -0.1304145
v -0.078854 -0.122145 -0.1314595
v -0.089979 -0.115439 -0.1312565
v -0.056866 -0.135617 -0.1312125
v -0.068402 -0.129856 -0.1312565
v -0.060799 -0.115136 -0.1337475
v -0.05312 -0.126571 -0.1327105
v -0.079289 -0.102782 -0.1337475
v -0.050146 -0.119393 -0.1338355
v -0.059534 -0.110742 -0.1342565
v -0.048695 -0.116203 -0.1342335
v -0.076066 -0.099596 -0.1342595
v -0.069816 -0.099594 -0.1344825
v -0.051301 -0.110221 -0.1344965
v -0.053986 -0.101531 -0.1346255
v -0.04917 -0.154838 -0.1196385
v -0.035049 -0.158009 -0.1198845
v -0.048931 -0.154072 -0.1204505
v -0.020789 -0.160484 -0.1196385
v -0.006323 -0.160848 -0.1198845
v -0.020717 -0.159685 -0.1204505
v -0.04772 -0.150059 -0.1277575
v -0.034 -0.152734 -0.1287055
v -0.047229 -0.14844 -0.1293655
v -0.0203 -0.155513 -0.1277575
v -0.006323 -0.155469 -0.1287055
v -0.020134 -0.153829 -0.1293655
v -0.019729 -0.149715 -0.1304145
v -0.033507 -0.150261 -0.1298865
v -0.006323 -0.152947 -0.1298865
v -0.046029 -0.144484 -0.1304145
v -0.031792 -0.141638 -0.1314595
v -0.044637 -0.139701 -0.1312565
v -0.006323 -0.145671 -0.1312125
v -0.019185 -0.144763 -0.1312565
v -0.017793 -0.128254 -0.1337475
v -0.006323 -0.135879 -0.1327105
v -0.039604 -0.123916 -0.1337475
v -0.006323 -0.12811 -0.1338355
v -0.018275 -0.123742 -0.1342535
v -0.00608 -0.1245 -0.1342445
v -0.03792 -0.119705 -0.1342605
v -0.031962 -0.118125 -0.1344505
v -0.011149 -0.120025 -0.1345035
v -0.028953 -0.115134 -0.1345685
v -0.007619 -0.114851 -0.1346295
v 0.008144 -0.160484 -0.1196385
v 0.022403 -0.158009 -0.1198845
v 0.008072 -0.159685 -0.1204505
v 0.036524 -0.154838 -0.1196385
v 0.050029 -0.149639 -0.1198845
v 0.036285 -0.154072 -0.1204505
v 0.007654 -0.155513 -0.1277575
v 0.021354 -0.152734 -0.1287055
v 0.007488 -0.153829 -0.1293655
v 0.035075 -0.150059 -0.1277575
v 0.047971 -0.144669 -0.1287055
v 0.034583 -0.14844 -0.1293655
v 0.033383 -0.144484 -0.1304145
v 0.020862 -0.150261 -0.1298865
v 0.047005 -0.142339 -0.1298865
v 0.007083 -0.149715 -0.1304145
v 0.019147 -0.141638 -0.1314595
v 0.006539 -0.144764 -0.1312565
v 0.044221 -0.135617 -0.1312125
v 0.031991 -0.1397 -0.1312565
v 0.026958 -0.123916 -0.1337475
v 0.040474 -0.126571 -0.1327105
v 0.005148 -0.128254 -0.1337475
v 0.0375 -0.119393 -0.1338355
v 0.025268 -0.119706 -0.1342605
v 0.036052 -0.116203 -0.1342335
v 0.005542 -0.123726 -0.1342555
v 0.003951 -0.11973 -0.1344935
v 0.039088 -0.11114 -0.1344505
v 0.017914 -0.11751 -0.1344955
v 0.014142 -0.112076 -0.1346255
v 0.063255 -0.143766 -0.1196385
v 0.075482 -0.136023 -0.1198845
v 0.062882 -0.143056 -0.1204505
v 0.087316 -0.12769 -0.1196385
v 0.097802 -0.117718 -0.1198845
v 0.086801 -0.127074 -0.1204505
v 0.0609 -0.139362 -0.1277575
v 0.072494 -0.131551 -0.1287055
v 0.060103 -0.137869 -0.1293655
v 0.084147 -0.123829 -0.1277575
v 0.093998 -0.113914 -0.1287055
v 0.083073 -0.122521 -0.1293655
v 0.08045 -0.119325 -0.1304145
v 0.071092 -0.129454 -0.1298865
v 0.092215 -0.112131 -0.1298865
v 0.058154 -0.134223 -0.1304145
v 0.066209 -0.122145 -0.1314595
v 0.055756 -0.129857 -0.1312565
v 0.08707 -0.106986 -0.1312125
v 0.077333 -0.115439 -0.1312565
v 0.066644 -0.102782 -0.1337475
v 0.080147 -0.100064 -0.1327095
v 0.048153 -0.115136 -0.1337475
v 0.074653 -0.094568 -0.1338355
v 0.06342 -0.099596 -0.1342595
v 0.072121 -0.092038 -0.1342415
v 0.046886 -0.110742 -0.1342565
v 0.057327 -0.100329 -0.1344505
v 0.03617 -0.10815 -0.1345685
v 0.069145 -0.089048 -0.1344845
v 0.055362 -0.096914 -0.1345645
v 0.107774 -0.107231 -0.1196385
v 0.116107 -0.095399 -0.1198845
v 0.107157 -0.106717 -0.1204505
v 0.12385 -0.083171 -0.1196385
v 0.129722 -0.069946 -0.1198845
v 0.123139 -0.082798 -0.1204505
v 0.103913 -0.104064 -0.1277575
v 0.111634 -0.092411 -0.1287055
v 0.102605 -0.10299 -0.1293655
v 0.119445 -0.080817 -0.1277575
v 0.124753 -0.067887 -0.1287055
v 0.117952 -0.080019 -0.1293655
v 0.114308 -0.078071 -0.1304145
v 0.109537 -0.091009 -0.1298865
v 0.122422 -0.066922 -0.1298865
v 0.09941 -0.100367 -0.1304145
v 0.102228 -0.086126 -0.1314595
v 0.095523 -0.09725 -0.1312565
v 0.113885 -0.063385 -0.1315355
v 0.10994 -0.075673 -0.1312565
v 0.09522 -0.06807 -0.1337475
v 0.082865 -0.08656 -0.1337475
v 0.099476 -0.057417 -0.1338355
v 0.090825 -0.066805 -0.1342565
v 0.096286 -0.055966 -0.1342335
v 0.079681 -0.083337 -0.1342595
v 0.079677 -0.077088 -0.1344825
v 0.090305 -0.05857 -0.1344965
v 0.08161 -0.061257 -0.1346255
v 0.134922 -0.056441 -0.1196385
v 0.138093 -0.04232 -0.1198845
v 0.134155 -0.056202 -0.1204505
v 0.140567 -0.02806 -0.1196385
v 0.140931 -0.013594 -0.1198845
v 0.139768 -0.027988 -0.1204505
v 0.130143 -0.054991 -0.1277575
v 0.132817 -0.04127 -0.1287055
v 0.128523 -0.0545 -0.1293655
v 0.135597 -0.02757 -0.1277575
v 0.135552 -0.013594 -0.1287055
v 0.133913 -0.027405 -0.1293655
v 0.1298 -0.026999 -0.1304145
v 0.130344 -0.040779 -0.1298865
v 0.13303 -0.013594 -0.1298865
v 0.124568 -0.0533 -0.1304145
v 0.121722 -0.039064 -0.1314595
v 0.119784 -0.051907 -0.1312565
v 0.12379 -0.013593 -0.1315355
v 0.124846 -0.026456 -0.1312565
v 0.108338 -0.025064 -0.1337475
v 0.103999 -0.046875 -0.1337475
v 0.108193 -0.013593 -0.1338355
v 0.103826 -0.025545 -0.1342535
v 0.104583 -0.013351 -0.1342445
v 0.099788 -0.045191 -0.1342605
v 0.098209 -0.039234 -0.1344505
v 0.100109 -0.01842 -0.1345035
v 0.095218 -0.036226 -0.1345685
v 0.094735 -0.0148 -0.1346325
v 0.140567 0.000873 -0.1196385
v 0.138093 0.015132 -0.1198845
v 0.139768 0.0008 -0.1204505
v 0.134922 0.029254 -0.1196385
v 0.129722 0.042758 -0.1198845
v 0.134156 0.029014 -0.1204505
v 0.135597 0.000383 -0.1277575
v 0.132817 0.014083 -0.1287055
v 0.133913 0.000217 -0.1293655
v 0.130143 0.027804 -0.1277575
v 0.124753 0.040699 -0.1287055
v 0.128523 0.027312 -0.1293655
v 0.124568 0.026113 -0.1304145
v 0.130344 0.013591 -0.1298865
v 0.122422 0.039734 -0.1298865
v 0.1298 -0.000188 -0.1304145
v 0.121722 0.011877 -0.1314595
v 0.124847 -0.000732 -0.1312565
v 0.113885 0.036199 -0.1315355
v 0.119783 0.024719 -0.1312565
v 0.103999 0.019688 -0.1337475
v 0.108338 -0.002124 -0.1337475
v 0.099476 0.03023 -0.1338355
v 0.099789 0.017998 -0.1342605
v 0.096286 0.02878 -0.1342335
v 0.10381 -0.001729 -0.1342555
v 0.099814 -0.003322 -0.1344935
v 0.091224 0.031818 -0.1344505
v 0.097594 0.010646 -0.1344955
v 0.092162 0.006875 -0.1346255
v 0.12385 0.055984 -0.1196385
v 0.116107 0.068211 -0.1198845
v 0.123139 0.055611 -0.1204505
v 0.107774 0.080044 -0.1196385
v 0.097802 0.090531 -0.1198845
v 0.107157 0.07953 -0.1204505
v 0.119445 0.053629 -0.1277575
v 0.111634 0.065223 -0.1287055
v 0.117952 0.052832 -0.1293655
v 0.103913 0.076876 -0.1277575
v 0.093998 0.086727 -0.1287055
v 0.102605 0.075802 -0.1293655
v 0.09941 0.07318 -0.1304145
v 0.109537 0.063822 -0.1298865
v 0.092215 0.084944 -0.1298865
v 0.114308 0.050883 -0.1304145
v 0.102228 0.058938 -0.1314595
v 0.10994 0.048485 -0.1312565
v 0.08568 0.078409 -0.1315355
v 0.095523 0.070063 -0.1312565
v 0.082865 0.059373 -0.1337475
v 0.09522 0.040882 -0.1337475
v 0.074652 0.067381 -0.1338355
v 0.079681 0.056148 -0.1342595
v 0.072122 0.06485 -0.1342415
v 0.090825 0.039615 -0.1342565
v 0.080412 0.050057 -0.1344505
v 0.088234 0.028899 -0.1345685
v 0.069131 0.061873 -0.1344845
v 0.076997 0.048092 -0.1345645
v 0.087315 0.100502 -0.1196385
v 0.075482 0.108835 -0.1198845
v 0.086801 0.099886 -0.1204505
v 0.063255 0.116579 -0.1196385
v 0.050029 0.122452 -0.1198845
v 0.062882 0.115868 -0.1204505
v 0.084147 0.096642 -0.1277575
v 0.072494 0.104364 -0.1287055
v 0.083073 0.095333 -0.1293655
v 0.0609 0.112175 -0.1277575
v 0.047971 0.117482 -0.1287055
v 0.060103 0.110682 -0.1293655
v 0.058154 0.107036 -0.1304145
v 0.071092 0.102267 -0.1298865
v 0.047005 0.115152 -0.1298865
v 0.08045 0.092138 -0.1304145
v 0.066209 0.094958 -0.1314595
v 0.077334 0.088252 -0.1312565
v 0.04422 0.108429 -0.1312125
v 0.055757 0.102669 -0.1312565
v 0.048153 0.08795 -0.1337475
v 0.040475 0.099385 -0.1327095
v 0.066644 0.075594 -0.1337475
v 0.0375 0.092205 -0.1338355
v 0.046888 0.083554 -0.1342565
v 0.036049 0.089015 -0.1342335
v 0.063421 0.072409 -0.1342595
v 0.057171 0.072406 -0.1344825
v 0.038655 0.083034 -0.1344965
v 0.041377 0.074344 -0.1346245
v 0.036524 0.127651 -0.1196385
v 0.022403 0.130822 -0.1198845
v 0.036285 0.126885 -0.1204505
v 0.008144 0.133297 -0.1196385
v -0.006323 0.133661 -0.1198845
v 0.008072 0.132497 -0.1204505
v 0.035075 0.122872 -0.1277575
v 0.021354 0.125547 -0.1287055
v 0.034583 0.121253 -0.1293655
v 0.007654 0.128326 -0.1277575
v -0.006323 0.128282 -0.1287055
v 0.007488 0.126642 -0.1293655
v 0.007083 0.122528 -0.1304145
v 0.020862 0.123072 -0.1298865
v -0.006323 0.125759 -0.1298865
v 0.033383 0.117297 -0.1304145
v 0.019147 0.114451 -0.1314595
v 0.031991 0.112513 -0.1312565
v -0.006323 0.118484 -0.1312125
v 0.006539 0.117576 -0.1312565
v 0.005148 0.101067 -0.1337475
v -0.006323 0.108694 -0.1327095
v 0.026959 0.096729 -0.1337475
v -0.006323 0.100922 -0.1338355
v 0.00563 0.096555 -0.1342535
v -0.006566 0.097312 -0.1342445
v 0.025274 0.092517 -0.1342605
v 0.019317 0.090938 -0.1344505
v -0.001496 0.092837 -0.1345035
v 0.016307 0.087947 -0.1345685
v -0.005086 0.087695 -0.1346285
v -0.020789 0.133297 -0.1196385
v -0.035049 0.130822 -0.1198845
v -0.020717 0.132497 -0.1204505
v -0.04917 0.127651 -0.1196385
v -0.062674 0.122452 -0.1198845
v -0.048931 0.126885 -0.1204505
v -0.0203 0.128326 -0.1277575
v -0.034 0.125547 -0.1287055
v -0.020134 0.126642 -0.1293655
v -0.04772 0.122872 -0.1277575
v -0.060616 0.117482 -0.1287055
v -0.047229 0.121253 -0.1293655
v -0.046029 0.117297 -0.1304145
v -0.033507 0.123072 -0.1298865
v -0.059651 0.115152 -0.1298865
v -0.019729 0.122528 -0.1304145
v -0.031792 0.114452 -0.1314595
v -0.019185 0.117576 -0.1312565
v -0.056115 0.106615 -0.1315345
v -0.044636 0.112513 -0.1312565
v -0.039604 0.096729 -0.1337475
v -0.017793 0.101067 -0.1337475
v -0.050146 0.092205 -0.1338355
v -0.037913 0.092518 -0.1342605
v -0.048698 0.089015 -0.1342335
v -0.018187 0.096538 -0.1342555
v -0.016596 0.092542 -0.1344935
v -0.051734 0.083953 -0.1344505
v -0.030561 0.090323 -0.1344955
v -0.026791 0.084889 -0.1346255
v -0.075901 0.116579 -0.1196385
v -0.088127 0.108835 -0.1198845
v -0.075528 0.115868 -0.1204505
v -0.099961 0.100502 -0.1196385
v -0.110447 0.090531 -0.1198845
v -0.099446 0.099886 -0.1204505
v -0.073546 0.112175 -0.1277575
v -0.085139 0.104364 -0.1287055
v -0.072749 0.110682 -0.1293655
v -0.096792 0.096642 -0.1277575
v -0.106644 0.086727 -0.1287055
v -0.095718 0.095333 -0.1293655
v -0.093096 0.092138 -0.1304145
v -0.083738 0.102267 -0.1298865
v -0.10486 0.084944 -0.1298865
v -0.0708 0.107036 -0.1304145
v -0.078855 0.094958 -0.1314595
v -0.068402 0.102669 -0.1312565
v -0.099716 0.079799 -0.1312125
v -0.089979 0.088253 -0.1312565
v -0.07929 0.075594 -0.1337475
v -0.092793 0.072876 -0.1327095
v -0.060799 0.087949 -0.1337475
v -0.087298 0.067381 -0.1338355
v -0.076065 0.072409 -0.1342595
v -0.084767 0.06485 -0.1342415
v -0.059532 0.083554 -0.1342565
v -0.069974 0.073141 -0.1344505
v -0.048815 0.080963 -0.1345685
v -0.08179 0.061859 -0.1344845
v -0.068007 0.069726 -0.1345645
v -0.120419 0.080044 -0.1196385
v -0.128752 0.068211 -0.1198845
v -0.119803 0.07953 -0.1204505
v -0.136496 0.055984 -0.1196385
v -0.142368 0.042758 -0.1198845
v -0.135785 0.055611 -0.1204505
v -0.116559 0.076875 -0.1277575
v -0.12428 0.065222 -0.1287055
v -0.11525 0.075802 -0.1293655
v -0.132091 0.053629 -0.1277575
v -0.137398 0.040699 -0.1287055
v -0.130598 0.052832 -0.1293655
v -0.126953 0.050883 -0.1304145
v -0.122183 0.063822 -0.1298865
v -0.135068 0.039734 -0.1298865
v -0.112055 0.07318 -0.1304145
v -0.114873 0.058937 -0.1314595
v -0.108169 0.070063 -0.1312565
v -0.128346 0.036949 -0.1312125
v -0.122586 0.048485 -0.1312565
v -0.107866 0.040883 -0.1337475
v -0.119301 0.033203 -0.1327095
v -0.095511 0.059373 -0.1337475
v -0.112121 0.030229 -0.1338355
v -0.103471 0.039617 -0.1342565
v -0.108932 0.028778 -0.1342335
v -0.092326 0.056149 -0.1342595
v -0.092323 0.049899 -0.1344825
v -0.10295 0.031385 -0.1344965
v -0.094255 0.034072 -0.1346255
v -0.147568 0.029254 -0.1196385
v -0.150738 0.015132 -0.1198845
v -0.146801 0.029014 -0.1204505
v -0.153213 0.000873 -0.1196385
v -0.152413 0.0008 -0.1204505
v -0.142788 0.027804 -0.1277575
v -0.145463 0.014083 -0.1287055
v -0.141169 0.027312 -0.1293655
v -0.148243 0.000383 -0.1277575
v -0.146558 0.000217 -0.1293655
v -0.142445 -0.000188 -0.1304145
v -0.142989 0.013591 -0.1298865
v -0.137213 0.026113 -0.1304145
v -0.134368 0.011876 -0.1314595
v -0.132429 0.02472 -0.1312565
v -0.137492 -0.000732 -0.1312565
v -0.120983 -0.002124 -0.1337475
v -0.116644 0.019688 -0.1337475
v -0.116471 -0.001642 -0.1342535
v -0.112434 0.018003 -0.1342605
v -0.110855 0.012048 -0.1344505
v -0.107863 0.009038 -0.1345685
v 0.084768 -0.015364 -0.1346895
v 0.048631 -0.089411 -0.1346555
v -0.005861 0.077415 -0.1346895
v -0.081547 -0.068566 -0.1346585
v -0.15707 -0.02844 -0.1196115
v -0.154548 -0.043077 -0.1194835
v -0.156606 -0.028584 -0.1194555
v -0.157726 -0.013594 -0.1195585
v -0.151276 -0.057566 -0.1196115
v -0.15043 -0.056926 -0.1193955
v -0.139913 -0.084998 -0.1196115
v -0.131982 -0.097557 -0.1194825
v -0.13943 -0.084954 -0.1194555
v -0.123415 -0.10969 -0.1196115
v -0.122878 -0.108775 -0.1193955
v -0.102419 -0.130685 -0.1196115
v -0.090286 -0.139253 -0.1194835
v -0.101988 -0.13046 -0.1194555
v -0.077727 -0.147185 -0.1196115
v -0.07758 -0.146134 -0.1193955
v -0.050295 -0.158548 -0.1196115
v -0.035806 -0.161819 -0.1194835
v -0.049983 -0.158174 -0.1194555
v -0.021169 -0.164341 -0.1196115
v -0.021436 -0.163314 -0.1193955
v 0.008523 -0.164341 -0.1196115
v 0.023161 -0.161819 -0.1194825
v 0.00879 -0.163314 -0.1193955
v 0.03765 -0.158548 -0.1196115
v 0.037338 -0.158174 -0.1194555
v 0.023055 -0.161128 -0.1193935
v 0.065082 -0.147185 -0.1196115
v 0.07764 -0.139253 -0.1194835
v 0.065038 -0.1467 -0.1194555
v 0.089773 -0.130685 -0.1196115
v 0.088859 -0.130148 -0.1193955
v 0.11077 -0.10969 -0.1196115
v 0.119337 -0.097557 -0.1194825
v 0.110544 -0.10926 -0.1194555
v 0.127268 -0.084998 -0.1196115
v 0.126217 -0.084852 -0.1193955
v 0.138631 -0.057566 -0.1196115
v 0.141903 -0.043077 -0.1194835
v 0.137784 -0.056926 -0.1193955
v 0.144424 -0.02844 -0.1196115
v 0.14396 -0.028584 -0.1194555
v 0.141223 -0.042911 -0.1193935
v 0.144424 0.001252 -0.1196115
v 0.141903 0.01589 -0.1194835
v 0.14396 0.001397 -0.1194555
v 0.138631 0.030379 -0.1196115
v 0.137785 0.029739 -0.1193955
v 0.127268 0.057811 -0.1196115
v 0.119337 0.070369 -0.1194835
v 0.126784 0.057767 -0.1194555
v 0.11077 0.082503 -0.1196115
v 0.110232 0.081587 -0.1193965
v 0.089773 0.103498 -0.1196115
v 0.07764 0.112066 -0.1194835
v 0.089343 0.103272 -0.1194555
v 0.065082 0.119997 -0.1196115
v 0.064935 0.118946 -0.1193965
v 0.03765 0.13136 -0.1196115
v 0.023161 0.134631 -0.1194835
v 0.037338 0.130986 -0.1194555
v 0.008523 0.137154 -0.1196115
v 0.00879 0.136127 -0.1193965
v -0.021169 0.137154 -0.1196115
v -0.035806 0.134631 -0.1194835
v -0.021314 0.136689 -0.1194555
v -0.050295 0.13136 -0.1196115
v -0.049656 0.130513 -0.1193965
v -0.077727 0.119997 -0.1196115
v -0.090286 0.112066 -0.1194835
v -0.077684 0.119513 -0.1194555
v -0.102419 0.103498 -0.1196115
v -0.101504 0.102961 -0.1193965
v -0.123415 0.082503 -0.1196115
v -0.131982 0.070369 -0.1194835
v -0.123189 0.082073 -0.1194555
v -0.139913 0.057811 -0.1196115
v -0.138862 0.057665 -0.1193965
v -0.151276 0.030379 -0.1196115
v -0.154548 0.01589 -0.1194835
v -0.150903 0.030068 -0.1194555
v -0.15707 0.001252 -0.1196115
v -0.156042 0.001519 -0.1193955
v -0.139356 -0.068698 -0.1255065
v -0.14403 -0.055359 -0.1256585
v -0.147391 -0.041653 -0.1257715
v -0.150317 -0.013593 -0.1255065
v -0.149531 -0.027706 -0.1256595
v -0.108142 -0.115413 -0.1255065
v -0.117565 -0.104878 -0.1256585
v -0.125915 -0.093503 -0.1257705
v -0.133229 -0.081436 -0.1256585
v -0.061427 -0.146627 -0.1255065
v -0.074164 -0.1405 -0.1256585
v -0.086232 -0.133186 -0.1257705
v -0.097607 -0.124836 -0.1256585
v -0.006323 -0.157588 -0.1255065
v -0.020435 -0.156802 -0.1256585
v -0.034383 -0.154662 -0.1257705
v -0.048088 -0.151301 -0.1256595
v 0.048781 -0.146627 -0.1255065
v 0.035442 -0.151301 -0.1256585
v 0.021738 -0.154662 -0.1257715
v 0.00779 -0.156802 -0.1256585
v 0.095497 -0.115413 -0.1255065
v 0.084962 -0.124836 -0.1256585
v 0.073586 -0.133186 -0.1257715
v 0.061519 -0.1405 -0.1256575
v 0.126711 -0.068698 -0.1255065
v 0.120583 -0.081436 -0.1256585
v 0.11327 -0.093503 -0.1257705
v 0.104919 -0.104878 -0.1256585
v 0.137671 -0.013593 -0.1255065
v 0.136885 -0.027706 -0.1256585
v 0.134746 -0.041654 -0.1257705
v 0.131384 -0.055359 -0.1256585
v 0.126711 0.041511 -0.1255065
v 0.131384 0.028172 -0.1256585
v 0.134746 0.014467 -0.1257715
v 0.136885 0.000518 -0.1256585
v 0.095497 0.088226 -0.1255065
v 0.104919 0.07769 -0.1256585
v 0.113269 0.066316 -0.1257715
v 0.120583 0.054247 -0.1256585
v 0.048781 0.11944 -0.1255065
v 0.061519 0.113313 -0.1256585
v 0.073586 0.105998 -0.1257705
v 0.084962 0.097649 -0.1256585
v -0.006323 0.130401 -0.1255065
v 0.00779 0.129614 -0.1256585
v 0.021738 0.127475 -0.1257705
v 0.035442 0.124114 -0.1256585
v -0.061427 0.119439 -0.1255065
v -0.048088 0.124114 -0.1256585
v -0.034383 0.127475 -0.1257705
v -0.020435 0.129614 -0.1256585
v -0.108142 0.088226 -0.1255065
v -0.097607 0.097649 -0.1256585
v -0.086232 0.105998 -0.1257705
v -0.074164 0.113313 -0.1256585
v -0.139357 0.041511 -0.1255065
v -0.133229 0.054248 -0.1256585
v -0.125915 0.066316 -0.1257705
v -0.117565 0.07769 -0.1256585
v -0.149531 0.000518 -0.1256585
v -0.147391 0.014466 -0.1257715
v -0.14403 0.028172 -0.1256585
v -0.143688 -0.070492 -0.1194045
v -0.148618 -0.05658 -0.1194075
v -0.143086 -0.070243 -0.1194945
v -0.15168 -0.042507 -0.1194475
v -0.154354 -0.013594 -0.1194945
v -0.15379 -0.028453 -0.1194495
v -0.111458 -0.118729 -0.1194045
v -0.121336 -0.107762 -0.1194075
v -0.110997 -0.118268 -0.1194945
v -0.129551 -0.095932 -0.1194475
v -0.136878 -0.083755 -0.1194495
v -0.063221 -0.150959 -0.1194045
v -0.076544 -0.144607 -0.1194075
v -0.062972 -0.150357 -0.1194945
v -0.088661 -0.136821 -0.1194475
v -0.100091 -0.128376 -0.1194495
v -0.006323 -0.162277 -0.1194045
v -0.021062 -0.161507 -0.1194075
v -0.006323 -0.161625 -0.1194945
v -0.035236 -0.158951 -0.1194475
v -0.049028 -0.155522 -0.1194495
v 0.050576 -0.150959 -0.1194045
v 0.036382 -0.155522 -0.1194495
v 0.050326 -0.150357 -0.1194945
v 0.02259 -0.158951 -0.1194475
v 0.008417 -0.161507 -0.1194075
v 0.098812 -0.118729 -0.1194045
v 0.087846 -0.128607 -0.1194075
v 0.098351 -0.118267 -0.1194945
v 0.076015 -0.136821 -0.1194475
v 0.063839 -0.144149 -0.1194495
v 0.131043 -0.070492 -0.1194045
v 0.124691 -0.083815 -0.1194075
v 0.130441 -0.070243 -0.1194945
v 0.116905 -0.095932 -0.1194475
v 0.108459 -0.107361 -0.1194495
v 0.14236 -0.013594 -0.1194045
v 0.141144 -0.028453 -0.1194495
v 0.141708 -0.013594 -0.1194945
v 0.139034 -0.042507 -0.1194475
v 0.135972 -0.05658 -0.1194075
v 0.131043 0.043305 -0.1194045
v 0.135972 0.029393 -0.1194075
v 0.130441 0.043056 -0.1194945
v 0.139034 0.01532 -0.1194475
v 0.141144 0.001266 -0.1194495
v 0.098812 0.091541 -0.1194045
v 0.10869 0.080574 -0.1194075
v 0.098351 0.09108 -0.1194945
v 0.116905 0.068745 -0.1194475
v 0.124233 0.056568 -0.1194495
v 0.050576 0.123772 -0.1194045
v 0.063898 0.11742 -0.1194075
v 0.050326 0.12317 -0.1194945
v 0.076015 0.109634 -0.1194475
v 0.087445 0.101188 -0.1194495
v -0.006323 0.13509 -0.1194045
v 0.008416 0.13432 -0.1194075
v -0.006323 0.134438 -0.1194945
v 0.02259 0.131764 -0.1194475
v 0.036382 0.128335 -0.1194495
v -0.063221 0.123771 -0.1194045
v -0.049309 0.128702 -0.1194075
v -0.062972 0.123169 -0.1194945
v -0.035236 0.131764 -0.1194475
v -0.021182 0.133873 -0.1194495
v -0.111458 0.091541 -0.1194045
v -0.100491 0.10142 -0.1194075
v -0.110997 0.09108 -0.1194945
v -0.088661 0.109634 -0.1194475
v -0.076485 0.116961 -0.1194495
v -0.143688 0.043304 -0.1194045
v -0.137337 0.056628 -0.1194075
v -0.143086 0.043056 -0.1194945
v -0.129551 0.068745 -0.1194475
v -0.121105 0.080174 -0.1194495
v -0.154237 0.001146 -0.1194075
v -0.15168 0.01532 -0.1194475
v -0.148251 0.029111 -0.1194495
v -0.146605 -0.071668 -0.1201595
v -0.151612 -0.057649 -0.1201495
v -0.146473 -0.071646 -0.1198155
v -0.155095 -0.043187 -0.1198155
v -0.15802 -0.013594 -0.1198155
v -0.157356 -0.028416 -0.1199085
v -0.113684 -0.120954 -0.1201695
v -0.123693 -0.109895 -0.1201495
v -0.113589 -0.120859 -0.1198155
v -0.132502 -0.0979 -0.1198995
v -0.140226 -0.085151 -0.1201595
v -0.064452 -0.153853 -0.1201585
v -0.077906 -0.14748 -0.1201495
v -0.064375 -0.153743 -0.1198155
v -0.090595 -0.139717 -0.1198155
v -0.102639 -0.130871 -0.1199085
v -0.006323 -0.165425 -0.1201695
v -0.021221 -0.164682 -0.1201495
v -0.006323 -0.16529 -0.1198155
v -0.035915 -0.162366 -0.1198155
v -0.050435 -0.158866 -0.1201515
v 0.051752 -0.153876 -0.1201595
v 0.037733 -0.158883 -0.1201495
v 0.051729 -0.153743 -0.1198155
v 0.02327 -0.162366 -0.1198155
v 0.008576 -0.164682 -0.1201495
v 0.101038 -0.120954 -0.1201695
v 0.089994 -0.130871 -0.1199085
v 0.100943 -0.120859 -0.1198155
v 0.07795 -0.139717 -0.1198155
v 0.065236 -0.147497 -0.1201595
v 0.133951 -0.071697 -0.1201695
v 0.127564 -0.085177 -0.1201495
v 0.133827 -0.071646 -0.1198155
v 0.119854 -0.097903 -0.1198995
v 0.111048 -0.109895 -0.1201495
v 0.145508 -0.013593 -0.1201695
v 0.144766 -0.028491 -0.1201495
v 0.145375 -0.013594 -0.1198155
v 0.14245 -0.043187 -0.1198155
v 0.138886 -0.057698 -0.1199085
v 0.133959 0.04448 -0.1201595
v 0.138966 0.030462 -0.1201495
v 0.133827 0.044458 -0.1198155
v 0.14245 0.015999 -0.1198155
v 0.144711 0.001228 -0.1199085
v 0.101057 0.093744 -0.1201595
v 0.111048 0.082708 -0.1201495
v 0.100943 0.093672 -0.1198155
v 0.119801 0.07068 -0.1198155
v 0.127581 0.057964 -0.1201595
v 0.051807 0.126666 -0.1201595
v 0.06526 0.120293 -0.1201495
v 0.051729 0.126556 -0.1198155
v 0.07795 0.11253 -0.1198155
v 0.090004 0.10376 -0.1201595
v -0.006323 0.138237 -0.1201695
v 0.008576 0.137495 -0.1201495
v -0.006323 0.138103 -0.1198155
v 0.02327 0.135179 -0.1198155
v 0.037789 0.131679 -0.1201515
v -0.064402 0.126621 -0.1199225
v -0.050435 0.131679 -0.1201515
v -0.035915 0.135179 -0.1198155
v -0.021221 0.137495 -0.1201495
v -0.113661 0.093786 -0.1201595
v -0.102625 0.103777 -0.1201495
v -0.113589 0.093672 -0.1198155
v -0.090595 0.112529 -0.1198155
v -0.077854 0.120321 -0.1201515
v -0.146596 0.044509 -0.1201695
v -0.14021 0.05799 -0.1201495
v -0.146473 0.044458 -0.1198155
v -0.132446 0.07068 -0.1198155
v -0.123676 0.082733 -0.1201595
v -0.157356 0.001227 -0.1199085
v -0.155095 0.015999 -0.1198155
v -0.151531 0.030512 -0.1199085
v -0.149466 -0.057017 -0.1229865
v -0.14488 -0.070986 -0.1224155
v -0.155187 -0.028254 -0.1229855
v -0.121952 -0.10849 -0.1229855
v -0.11237 -0.119641 -0.1224155
v -0.138245 -0.084106 -0.1229855
v -0.076835 -0.145516 -0.1229865
v -0.063715 -0.152151 -0.1224155
v -0.10122 -0.129223 -0.1229855
v -0.020983 -0.162459 -0.1229855
v -0.006323 -0.163567 -0.1224155
v -0.049747 -0.156737 -0.1229855
v 0.037101 -0.156737 -0.1229855
v 0.05107 -0.152151 -0.1224155
v 0.008337 -0.162459 -0.1229855
v 0.088574 -0.129223 -0.1229855
v 0.099725 -0.119641 -0.1224155
v 0.064189 -0.145516 -0.1229855
v 0.125599 -0.084106 -0.1229855
v 0.132234 -0.070986 -0.1224155
v 0.109306 -0.10849 -0.1229855
v 0.142542 -0.028254 -0.1229855
v 0.143651 -0.013593 -0.1224155
v 0.13682 -0.057017 -0.1229855
v 0.13682 0.02983 -0.1229855
v 0.132234 0.043799 -0.1224155
v 0.142542 0.001066 -0.1229855
v 0.109306 0.081303 -0.1229855
v 0.099725 0.092454 -0.1224155
v 0.125599 0.056919 -0.1229855
v 0.064189 0.118329 -0.1229855
v 0.05107 0.124964 -0.1224155
v 0.088574 0.102036 -0.1229855
v 0.008337 0.13527 -0.1229855
v -0.006323 0.13638 -0.1224155
v 0.037101 0.12955 -0.1229855
v -0.049747 0.129549 -0.1229855
v -0.063715 0.124964 -0.1224155
v -0.020983 0.13527 -0.1229855
v -0.10122 0.102036 -0.1229855
v -0.11237 0.092454 -0.1224155
v -0.076835 0.118329 -0.1229855
v -0.138245 0.056919 -0.1229855
v -0.14488 0.043799 -0.1224155
v -0.121952 0.081303 -0.1229855
v -0.155187 0.001066 -0.1229855
v -0.149466 0.02983 -0.1229855
v -0.151105 -0.057388 -0.1221695
v -0.154843 -0.043136 -0.1221305
v -0.157788 -0.013594 -0.1221265
v -0.156844 -0.028538 -0.1221695
v -0.123324 -0.10946 -0.1221695
v -0.132232 -0.097723 -0.1221305
v -0.139666 -0.085003 -0.1221695
v -0.077732 -0.146937 -0.1221695
v -0.090453 -0.139503 -0.1221305
v -0.102189 -0.130595 -0.1221695
v -0.021268 -0.164114 -0.1221695
v -0.035854 -0.162117 -0.1221305
v -0.050117 -0.158375 -0.1221695
v 0.037472 -0.158375 -0.1221695
v 0.023218 -0.162109 -0.1221315
v 0.008622 -0.164114 -0.1221695
v 0.089543 -0.130595 -0.1221695
v 0.077807 -0.139503 -0.1221305
v 0.065086 -0.146937 -0.1221695
v 0.127021 -0.085003 -0.1221695
v 0.119586 -0.097723 -0.1221305
v 0.110678 -0.10946 -0.1221695
v 0.144384 -0.028587 -0.1221265
v 0.145216 -0.013594 -0.1220775
v 0.142186 -0.043114 -0.1221375
v 0.13846 -0.057388 -0.1221695
v 0.138459 0.030201 -0.1221695
v 0.142197 0.015949 -0.1221305
v 0.144198 0.001351 -0.1221695
v 0.110678 0.082273 -0.1221695
v 0.119581 0.070533 -0.1221315
v 0.12702 0.057815 -0.1221695
v 0.065086 0.11975 -0.1221695
v 0.051668 0.12641 -0.1220775
v 0.077804 0.112311 -0.1221315
v 0.089543 0.103408 -0.1221695
v 0.008622 0.136927 -0.1221695
v -0.006323 0.137945 -0.1220775
v 0.023236 0.134908 -0.1221375
v 0.037498 0.131379 -0.1221265
v -0.050117 0.131188 -0.1221695
v -0.035843 0.134916 -0.1221375
v -0.021316 0.137112 -0.1221265
v -0.102189 0.103408 -0.1221695
v -0.090453 0.112315 -0.1221305
v -0.077732 0.11975 -0.1221695
v -0.139666 0.057815 -0.1221695
v -0.132228 0.070533 -0.1221315
v -0.123324 0.082273 -0.1221695
v -0.156844 0.001352 -0.1221695
v -0.154843 0.015949 -0.1221305
v -0.151105 0.0302 -0.1221695
v -0.144531 -0.070841 -0.1229755
v -0.112103 -0.119373 -0.1229755
v -0.06357 -0.151802 -0.1229755
v -0.006323 -0.163189 -0.1229755
v 0.050925 -0.151802 -0.1229755
v 0.099457 -0.119373 -0.1229755
v 0.131885 -0.070842 -0.1229755
v 0.143272 -0.013593 -0.1229755
v 0.131885 0.043653 -0.1229755
v 0.099457 0.092186 -0.1229755
v 0.050925 0.124614 -0.1229755
v -0.006323 0.136001 -0.1229755
v -0.06357 0.124614 -0.1229755
v -0.112103 0.092186 -0.1229755
v -0.144531 0.043654 -0.1229755
v -0.125822 -0.037363 -0.1353445
v -0.128214 -0.013594 -0.1353335
v -0.107629 -0.081285 -0.1353445
v -0.074014 -0.1149 -0.1353445
v -0.030092 -0.133092 -0.1353445
v 0.017447 -0.133092 -0.1353445
v 0.061368 -0.1149 -0.1353445
v 0.094984 -0.081285 -0.1353445
v 0.113177 -0.037364 -0.1353445
v 0.113177 0.010176 -0.1353445
v 0.094984 0.054097 -0.1353445
v 0.061368 0.087713 -0.1353445
v 0.017447 0.105905 -0.1353445
v -0.030092 0.105905 -0.1353445
v -0.074014 0.087713 -0.1353445
v -0.107629 0.054097 -0.1353445
v -0.125822 0.010177 -0.1353445
v -0.143415 -0.055181 -0.1321165
v -0.145145 -0.055706 -0.1310125
v -0.150693 -0.027812 -0.1310125
v -0.148895 -0.027635 -0.1321165
v -0.140688 -0.054354 -0.1330715
v -0.146057 -0.027355 -0.1330715
v -0.114 -0.046259 -0.1373675
v -0.117065 -0.104479 -0.1321165
v -0.118462 -0.105625 -0.1310125
v -0.134263 -0.081978 -0.1310125
v -0.13267 -0.081126 -0.1321165
v -0.114861 -0.10267 -0.1330715
v -0.130155 -0.079782 -0.1330715
v -0.073855 -0.13994 -0.1321165
v -0.074706 -0.141533 -0.1310125
v -0.098355 -0.125733 -0.1310125
v -0.097208 -0.124336 -0.1321165
v -0.072511 -0.137425 -0.1330715
v -0.0954 -0.122132 -0.1330715
v -0.020364 -0.156166 -0.1321165
v -0.020541 -0.157964 -0.1310125
v -0.048435 -0.152415 -0.1310125
v -0.047911 -0.150687 -0.1321165
v -0.020084 -0.153329 -0.1330715
v -0.047083 -0.147958 -0.1330715
v 0.035265 -0.150687 -0.1321165
v 0.035789 -0.152415 -0.1310125
v 0.007895 -0.157964 -0.1310125
v 0.007718 -0.156166 -0.1321165
v 0.034438 -0.147958 -0.1330715
v 0.007439 -0.153329 -0.1330715
v 0.026342 -0.121271 -0.1373675
v 0.084562 -0.124336 -0.1321165
v 0.085709 -0.125733 -0.1310125
v 0.062061 -0.141533 -0.1310125
v 0.061209 -0.13994 -0.1321165
v 0.082754 -0.122132 -0.1330715
v 0.059866 -0.137425 -0.1330715
v 0.120024 -0.081126 -0.1321165
v 0.121618 -0.081978 -0.1310125
v 0.105816 -0.105625 -0.1310125
v 0.104419 -0.104479 -0.1321165
v 0.11751 -0.079782 -0.1330715
v 0.102215 -0.10267 -0.1330715
v 0.136249 -0.027635 -0.1321165
v 0.138048 -0.027812 -0.1310125
v 0.132499 -0.055706 -0.1310125
v 0.13077 -0.055181 -0.1321165
v 0.133412 -0.027355 -0.1330715
v 0.128042 -0.054354 -0.1330715
v 0.13077 0.027994 -0.1321165
v 0.132499 0.028519 -0.1310125
v 0.138048 0.000624 -0.1310125
v 0.136249 0.000448 -0.1321165
v 0.128042 0.027167 -0.1330715
v 0.133412 0.000168 -0.1330715
v 0.101355 0.019071 -0.1373675
v 0.104419 0.077292 -0.1321165
v 0.105816 0.078438 -0.1310125
v 0.121617 0.054791 -0.1310125
v 0.120024 0.053939 -0.1321165
v 0.102215 0.075483 -0.1330715
v 0.11751 0.052594 -0.1330715
v 0.061209 0.112753 -0.1321165
v 0.062061 0.114346 -0.1310125
v 0.085709 0.098545 -0.1310125
v 0.084562 0.097149 -0.1321165
v 0.059866 0.110238 -0.1330715
v 0.082754 0.094945 -0.1330715
v 0.007718 0.128979 -0.1321165
v 0.007895 0.130776 -0.1310125
v 0.035789 0.125228 -0.1310125
v 0.035265 0.1235 -0.1321165
v 0.007439 0.126142 -0.1330715
v 0.034438 0.120771 -0.1330715
v -0.047911 0.1235 -0.1321165
v -0.048435 0.125228 -0.1310125
v -0.020541 0.130776 -0.1310125
v -0.020364 0.128979 -0.1321165
v -0.047083 0.120771 -0.1330715
v -0.020084 0.126141 -0.1330715
v -0.038987 0.094084 -0.1373675
v -0.097208 0.097149 -0.1321165
v -0.098355 0.098545 -0.1310125
v -0.074706 0.114346 -0.1310125
v -0.073855 0.112753 -0.1321165
v -0.0954 0.094945 -0.1330715
v -0.072511 0.110238 -0.1330715
v -0.13267 0.053939 -0.1321165
v -0.134263 0.054791 -0.1310125
v -0.118462 0.078438 -0.1310125
v -0.117065 0.077292 -0.1321165
v -0.130155 0.052594 -0.1330715
v -0.114861 0.075483 -0.1330715
v -0.148895 0.000448 -0.1321165
v -0.150693 0.000624 -0.1310125
v -0.145145 0.028519 -0.1310125
v -0.143415 0.027994 -0.1321165
v -0.146057 0.000168 -0.1330715
v -0.140688 0.027166 -0.1330715
v -0.114 0.019071 -0.1373675
v -0.152863 -0.028025 -0.1198845
v -0.147231 -0.056339 -0.1198845
v -0.14751 -0.027499 -0.1287055
v -0.142084 -0.054778 -0.1287055
v -0.13967 -0.054045 -0.1298865
v -0.144999 -0.027251 -0.1298865
v -0.136185 -0.083006 -0.1198845
v -0.120147 -0.107008 -0.1198845
v -0.131441 -0.08047 -0.1287055
v -0.11599 -0.103596 -0.1287055
v -0.114039 -0.101996 -0.1298865
v -0.129217 -0.079281 -0.1298865
v -0.099737 -0.127418 -0.1198845
v -0.075734 -0.143456 -0.1198845
v -0.096325 -0.12326 -0.1287055
v -0.073199 -0.138713 -0.1287055
v -0.07201 -0.136488 -0.1298865
v -0.094725 -0.121311 -0.1298865
v -0.049068 -0.154502 -0.1198845
v -0.020755 -0.160133 -0.1198845
v -0.047506 -0.149354 -0.1287055
v -0.020227 -0.154781 -0.1287055
v -0.01998 -0.152271 -0.1298865
v -0.046774 -0.146941 -0.1298865
v 0.008109 -0.160133 -0.1198845
v 0.036422 -0.154502 -0.1198845
v 0.007582 -0.154781 -0.1287055
v 0.034861 -0.149354 -0.1287055
v 0.034129 -0.146941 -0.1298865
v 0.007335 -0.152271 -0.1298865
v 0.063089 -0.143456 -0.1198845
v 0.087092 -0.127418 -0.1198845
v 0.060554 -0.138713 -0.1287055
v 0.08368 -0.12326 -0.1287055
v 0.082079 -0.121311 -0.1298865
v 0.059364 -0.136488 -0.1298865
v 0.107501 -0.107008 -0.1198845
v 0.123539 -0.083006 -0.1198845
v 0.103344 -0.103596 -0.1287055
v 0.118796 -0.08047 -0.1287055
v 0.116571 -0.079281 -0.1298865
v 0.101394 -0.101996 -0.1298865
v 0.134585 -0.056339 -0.1198845
v 0.140218 -0.028025 -0.1198845
v 0.129438 -0.054778 -0.1287055
v 0.134864 -0.027499 -0.1287055
v 0.132354 -0.027251 -0.1298865
v 0.127024 -0.054045 -0.1298865
v 0.140218 0.000838 -0.1198845
v 0.134585 0.029151 -0.1198845
v 0.134864 0.000311 -0.1287055
v 0.129438 0.027591 -0.1287055
v 0.127024 0.026858 -0.1298865
v 0.132354 6.4e-05 -0.1298865
v 0.123539 0.055818 -0.1198845
v 0.107501 0.079821 -0.1198845
v 0.118796 0.053282 -0.1287055
v 0.103344 0.076408 -0.1287055
v 0.101394 0.074809 -0.1298865
v 0.116571 0.052093 -0.1298865
v 0.087092 0.100231 -0.1198845
v 0.063089 0.116269 -0.1198845
v 0.08368 0.096073 -0.1287055
v 0.060553 0.111525 -0.1287055
v 0.059364 0.1093 -0.1298865
v 0.082079 0.094122 -0.1298865
v 0.036422 0.127315 -0.1198845
v 0.008109 0.132946 -0.1198845
v 0.034861 0.122167 -0.1287055
v 0.007582 0.127594 -0.1287055
v 0.007335 0.125084 -0.1298865
v 0.034129 0.119753 -0.1298865
v -0.020755 0.132946 -0.1198845
v -0.049068 0.127315 -0.1198845
v -0.020227 0.127594 -0.1287055
v -0.047506 0.122167 -0.1287055
v -0.046774 0.119753 -0.1298865
v -0.01998 0.125084 -0.1298865
v -0.075734 0.116269 -0.1198845
v -0.099738 0.100231 -0.1198845
v -0.073199 0.111525 -0.1287055
v -0.096325 0.096073 -0.1287055
v -0.094725 0.094122 -0.1298865
v -0.07201 0.1093 -0.1298865
v -0.120147 0.079821 -0.1198845
v -0.136185 0.055818 -0.1198845
v -0.11599 0.076408 -0.1287055
v -0.131442 0.053282 -0.1287055
v -0.129217 0.052093 -0.1298865
v -0.114039 0.074809 -0.1298865
v -0.147231 0.029151 -0.1198845
v -0.152863 0.000838 -0.1198845
v -0.142084 0.02759 -0.1287055
v -0.14751 0.000311 -0.1287055
v -0.144999 6.4e-05 -0.1298865
v -0.13967 0.026858 -0.1298865
v -0.150948 -0.057467 -0.1194835
v -0.123149 -0.109473 -0.1194825
v -0.077566 -0.146882 -0.1194835
v -0.021135 -0.163999 -0.1194835
v 0.00849 -0.163999 -0.1194825
v 0.089556 -0.130421 -0.1194825
v 0.126965 -0.084836 -0.1194825
v 0.138302 -0.057467 -0.1194835
v 0.138302 0.03028 -0.1194835
v 0.110504 0.082285 -0.1194835
v 0.06492 0.119694 -0.1194835
v 0.00849 0.136812 -0.1194835
v -0.050195 0.131031 -0.1194835
v -0.102202 0.103233 -0.1194835
v -0.139611 0.057649 -0.1194835
v -0.156729 0.001219 -0.1194835
v -0.147975 -0.056564 -0.1194945
v -0.120748 -0.107501 -0.1194945
v -0.076101 -0.144141 -0.1194945
v -0.020831 -0.160907 -0.1194945
v 0.008185 -0.160907 -0.1194945
v 0.087585 -0.128018 -0.1194945
v 0.124226 -0.083371 -0.1194945
v 0.135329 -0.056564 -0.1194945
v 0.135329 0.029377 -0.1194945
v 0.108102 0.080314 -0.1194945
v 0.063456 0.116954 -0.1194945
v 0.008185 0.13372 -0.1194945
v -0.049294 0.128058 -0.1194945
v -0.100231 0.100831 -0.1194945
v -0.136871 0.056184 -0.1194945
v -0.153636 0.000914 -0.1194945
v -0.151482 -0.057629 -0.1198155
v -0.123581 -0.109826 -0.1198155
v -0.140103 -0.0851 -0.1198155
v -0.077828 -0.147374 -0.1198155
v -0.02119 -0.164554 -0.1198155
v -0.050357 -0.158753 -0.1198155
v 0.037712 -0.158753 -0.1198155
v 0.008544 -0.164554 -0.1198155
v 0.065183 -0.147374 -0.1198155
v 0.127458 -0.0851 -0.1198155
v 0.110935 -0.109826 -0.1198155
v 0.144639 -0.028461 -0.1198155
v 0.138836 0.030442 -0.1198155
v 0.110935 0.082639 -0.1198155
v 0.127458 0.057912 -0.1198155
v 0.065183 0.120187 -0.1198155
v 0.08991 0.103665 -0.1198155
v 0.008544 0.137367 -0.1198155
v 0.037712 0.131566 -0.1198155
v -0.050357 0.131566 -0.1198155
v -0.02119 0.137367 -0.1198155
v -0.102556 0.103665 -0.1198155
v -0.077828 0.120187 -0.1198155
v -0.140103 0.057912 -0.1198155
v -0.123581 0.082639 -0.1198155
v -0.15133 -0.057583 -0.1220775
v -0.157126 -0.028445 -0.1220775
v -0.123459 -0.109726 -0.1220775
v -0.139964 -0.085025 -0.1220775
v -0.077754 -0.147234 -0.1220775
v -0.102455 -0.13073 -0.1220775
v -0.021175 -0.164397 -0.1220775
v -0.050311 -0.158602 -0.1220775
v 0.037666 -0.158602 -0.1220775
v 0.008529 -0.164397 -0.1220775
v 0.089809 -0.13073 -0.1220775
v 0.065109 -0.147234 -0.1220775
v 0.127318 -0.085025 -0.1220775
v 0.110813 -0.109726 -0.1220775
v 0.138685 -0.057583 -0.1220775
v 0.138685 0.030396 -0.1220775
v 0.144481 0.001258 -0.1220775
v 0.110813 0.082539 -0.1220775
v 0.127318 0.057838 -0.1220775
v 0.065109 0.120047 -0.1220775
v 0.089809 0.103542 -0.1220775
v 0.008529 0.13721 -0.1220775
v -0.050311 0.131415 -0.1220775
v -0.102455 0.103542 -0.1220775
v -0.077754 0.120047 -0.1220775
v -0.139964 0.057838 -0.1220775
v -0.123459 0.082539 -0.1220775
v -0.157126 0.001258 -0.1220775
v -0.15133 0.030396 -0.1220775
vt 0.579547 0.681989
vt 0.579426 0.683703
vt 0.579314 0.683704
vt 0.579314 0.683704
vt 0.579226 0.685448
vt 0.579085 0.685423
vt 0.57886 0.689057
vt 0.579083 0.687239
vt 0.578994 0.689065
vt 0.578965 0.687237
vt 0.579226 0.685448
vt 0.579083 0.687239
vt 0.533877 0.706558
vt 0.532868 0.708089
vt 0.532856 0.70808
vt 0.532856 0.70808
vt 0.531778 0.709557
vt 0.531834 0.709603
vt 0.533813 0.706524
vt 0.53296 0.70815
vt 0.532868 0.708089
vt 0.529196 0.712139
vt 0.530627 0.710988
vt 0.529283 0.712245
vt 0.530548 0.710909
vt 0.531778 0.709557
vt 0.530627 0.710988
vt 0.529242 0.712195
vt 0.530548 0.710909
vt 0.529196 0.712139
vt 0.530538 0.710899
vt 0.531778 0.709557
vt 0.530548 0.710909
vt 0.576715 0.760735
vt 0.576715 0.759123
vt 0.576952 0.759083
vt 0.576952 0.759083
vt 0.576916 0.757435
vt 0.57718 0.757425
vt 0.577395 0.753933
vt 0.57706 0.755703
vt 0.577146 0.753937
vt 0.577299 0.755685
vt 0.576916 0.757435
vt 0.57706 0.755703
vt 0.562442 0.712323
vt 0.560944 0.71321
vt 0.560882 0.713062
vt 0.562522 0.712472
vt 0.560997 0.713335
vt 0.560944 0.71321
vt 0.560944 0.71321
vt 0.559339 0.713915
vt 0.559303 0.713796
vt 0.560882 0.713062
vt 0.559303 0.713796
vt 0.559257 0.713645
vt 0.562638 0.712691
vt 0.561036 0.713431
vt 0.560997 0.713335
vt 0.562679 0.712766
vt 0.561073 0.713522
vt 0.561036 0.713431
vt 0.561036 0.713431
vt 0.559427 0.714204
vt 0.559371 0.71402
vt 0.560997 0.713335
vt 0.559371 0.71402
vt 0.559339 0.713915
vt 0.555915 0.714712
vt 0.55768 0.714555
vt 0.555934 0.714906
vt 0.555904 0.714603
vt 0.557659 0.714446
vt 0.555915 0.714712
vt 0.557638 0.714344
vt 0.559371 0.71402
vt 0.557659 0.714446
vt 0.557659 0.714446
vt 0.559427 0.714204
vt 0.55768 0.714555
vt 0.555891 0.714479
vt 0.557638 0.714344
vt 0.555904 0.714603
vt 0.555876 0.714322
vt 0.557614 0.714221
vt 0.555891 0.714479
vt 0.557583 0.714066
vt 0.559303 0.713796
vt 0.557614 0.714221
vt 0.557614 0.714221
vt 0.559339 0.713915
vt 0.557638 0.714344
vt 0.561962 0.711429
vt 0.560677 0.71257
vt 0.560481 0.712097
vt 0.560481 0.712097
vt 0.559094 0.713109
vt 0.558948 0.712632
vt 0.562198 0.711869
vt 0.560807 0.712882
vt 0.560677 0.71257
vt 0.562349 0.712151
vt 0.560882 0.713062
vt 0.560807 0.712882
vt 0.560807 0.712882
vt 0.559257 0.713645
vt 0.5592 0.713458
vt 0.560677 0.71257
vt 0.5592 0.713458
vt 0.559094 0.713109
vt 0.555856 0.714127
vt 0.557583 0.714066
vt 0.555876 0.714322
vt 0.555825 0.713809
vt 0.557544 0.713875
vt 0.555856 0.714127
vt 0.557478 0.713544
vt 0.5592 0.713458
vt 0.557544 0.713875
vt 0.557544 0.713875
vt 0.559257 0.713645
vt 0.557583 0.714066
vt 0.555775 0.713312
vt 0.557478 0.713544
vt 0.555825 0.713809
vt 0.557378 0.713041
vt 0.559094 0.713109
vt 0.557478 0.713544
vt 0.5617 0.710939
vt 0.560481 0.712097
vt 0.560276 0.711604
vt 0.560276 0.711604
vt 0.558948 0.712632
vt 0.558794 0.712123
vt 0.55572 0.712759
vt 0.557378 0.713041
vt 0.555775 0.713312
vt 0.557273 0.712518
vt 0.558948 0.712632
vt 0.557378 0.713041
vt 0.561044 0.709715
vt 0.559823 0.710514
vt 0.559742 0.710318
vt 0.559742 0.710318
vt 0.558456 0.711014
vt 0.558388 0.710791
vt 0.561142 0.709898
vt 0.559923 0.710755
vt 0.559823 0.710514
vt 0.555603 0.711584
vt 0.557093 0.711616
vt 0.555629 0.711845
vt 0.557042 0.711361
vt 0.558456 0.711014
vt 0.557093 0.711616
vt 0.555583 0.711378
vt 0.557042 0.711361
vt 0.555603 0.711584
vt 0.557 0.711153
vt 0.558456 0.711014
vt 0.557042 0.711361
vt 0.560677 0.709029
vt 0.559482 0.709691
vt 0.558914 0.709434
vt 0.560677 0.709029
vt 0.559613 0.710007
vt 0.559482 0.709691
vt 0.559482 0.709691
vt 0.558288 0.710464
vt 0.558161 0.710046
vt 0.560888 0.709423
vt 0.559742 0.710318
vt 0.559613 0.710007
vt 0.559613 0.710007
vt 0.558388 0.710791
vt 0.558288 0.710464
vt 0.55555 0.711048
vt 0.557 0.711153
vt 0.555583 0.711378
vt 0.556934 0.710823
vt 0.558388 0.710791
vt 0.557 0.711153
vt 0.555504 0.710589
vt 0.556934 0.710823
vt 0.55555 0.711048
vt 0.556843 0.710367
vt 0.558288 0.710464
vt 0.556934 0.710823
vt 0.560544 0.707941
vt 0.558914 0.709434
vt 0.558262 0.709067
vt 0.555504 0.710589
vt 0.556713 0.709827
vt 0.556843 0.710367
vt 0.556713 0.709827
vt 0.558262 0.709067
vt 0.558914 0.709434
vt 0.556843 0.710367
vt 0.558914 0.709434
vt 0.558161 0.710046
vt 0.554844 0.710048
vt 0.556172 0.708941
vt 0.556713 0.709827
vt 0.576846 0.685429
vt 0.576755 0.683713
vt 0.576874 0.683709
vt 0.576874 0.683709
vt 0.576782 0.682045
vt 0.576902 0.682004
vt 0.576961 0.678908
vt 0.576816 0.680451
vt 0.576846 0.678899
vt 0.576932 0.680453
vt 0.576782 0.682045
vt 0.576816 0.680451
vt 0.536002 0.699576
vt 0.535655 0.701376
vt 0.535641 0.701373
vt 0.535641 0.701373
vt 0.535211 0.70315
vt 0.53528 0.703171
vt 0.53593 0.699569
vt 0.535764 0.701398
vt 0.535655 0.701376
vt 0.533813 0.706524
vt 0.534694 0.704913
vt 0.533934 0.706589
vt 0.534592 0.70487
vt 0.535211 0.70315
vt 0.534694 0.704913
vt 0.533877 0.706558
vt 0.534592 0.70487
vt 0.533813 0.706524
vt 0.534579 0.704864
vt 0.535211 0.70315
vt 0.534592 0.70487
vt 0.575398 0.688106
vt 0.575144 0.686391
vt 0.575427 0.686438
vt 0.575427 0.686438
vt 0.575171 0.684778
vt 0.575459 0.684837
vt 0.575494 0.681805
vt 0.575191 0.683235
vt 0.575216 0.681732
vt 0.575475 0.683302
vt 0.575171 0.684778
vt 0.575191 0.683235
vt 0.567743 0.707964
vt 0.566701 0.70936
vt 0.566585 0.709243
vt 0.567874 0.708072
vt 0.566818 0.709476
vt 0.566701 0.70936
vt 0.566701 0.70936
vt 0.56557 0.710724
vt 0.565414 0.710535
vt 0.566585 0.709243
vt 0.565414 0.710535
vt 0.565306 0.710404
vt 0.575686 0.688128
vt 0.575595 0.686476
vt 0.575706 0.686498
vt 0.575578 0.688135
vt 0.575427 0.686438
vt 0.575595 0.686476
vt 0.575595 0.686476
vt 0.575459 0.684837
vt 0.575616 0.684878
vt 0.575706 0.686498
vt 0.575616 0.684878
vt 0.575725 0.684868
vt 0.57567 0.681877
vt 0.575475 0.683302
vt 0.575494 0.681805
vt 0.57578 0.681931
vt 0.575642 0.683359
vt 0.57567 0.681877
vt 0.575752 0.6834
vt 0.575616 0.684878
vt 0.575642 0.683359
vt 0.575642 0.683359
vt 0.575459 0.684837
vt 0.575475 0.683302
vt 0.562522 0.712472
vt 0.564104 0.711707
vt 0.562638 0.712691
vt 0.562442 0.712323
vt 0.564013 0.711571
vt 0.562522 0.712472
vt 0.563921 0.711434
vt 0.565414 0.710535
vt 0.564013 0.711571
vt 0.564013 0.711571
vt 0.56557 0.710724
vt 0.564104 0.711707
vt 0.566958 0.707321
vt 0.566208 0.708867
vt 0.565845 0.708505
vt 0.565845 0.708505
vt 0.564951 0.709972
vt 0.564634 0.709586
vt 0.567344 0.707637
vt 0.566446 0.709106
vt 0.566208 0.708867
vt 0.567592 0.70784
vt 0.566585 0.709243
vt 0.566446 0.709106
vt 0.566446 0.709106
vt 0.565306 0.710404
vt 0.565182 0.710253
vt 0.566208 0.708867
vt 0.565182 0.710253
vt 0.564951 0.709972
vt 0.562349 0.712151
vt 0.563921 0.711434
vt 0.562442 0.712323
vt 0.562198 0.711869
vt 0.563812 0.711272
vt 0.562349 0.712151
vt 0.563625 0.710991
vt 0.565182 0.710253
vt 0.563812 0.711272
vt 0.563812 0.711272
vt 0.565306 0.710404
vt 0.563921 0.711434
vt 0.561962 0.711429
vt 0.563625 0.710991
vt 0.562198 0.711869
vt 0.563339 0.710565
vt 0.564951 0.709972
vt 0.563625 0.710991
vt 0.566528 0.706969
vt 0.565845 0.708505
vt 0.565467 0.708129
vt 0.565467 0.708129
vt 0.564634 0.709586
vt 0.564296 0.709175
vt 0.5617 0.710939
vt 0.563339 0.710565
vt 0.561962 0.711429
vt 0.563043 0.710122
vt 0.564634 0.709586
vt 0.563339 0.710565
vt 0.565454 0.706089
vt 0.564632 0.707295
vt 0.564482 0.707145
vt 0.564482 0.707145
vt 0.56356 0.70828
vt 0.563412 0.7081
vt 0.565614 0.70622
vt 0.564816 0.707479
vt 0.564632 0.707295
vt 0.561142 0.709898
vt 0.562531 0.709358
vt 0.561266 0.710129
vt 0.562386 0.709141
vt 0.56356 0.70828
vt 0.562531 0.709358
vt 0.561044 0.709715
vt 0.562386 0.709141
vt 0.561142 0.709898
vt 0.562268 0.708965
vt 0.56356 0.70828
vt 0.562386 0.709141
vt 0.56485 0.705594
vt 0.564243 0.706907
vt 0.56392 0.706584
vt 0.56392 0.706584
vt 0.563194 0.707835
vt 0.562914 0.707495
vt 0.565198 0.705879
vt 0.564482 0.707145
vt 0.564243 0.706907
vt 0.564243 0.706907
vt 0.563412 0.7081
vt 0.563194 0.707835
vt 0.560888 0.709423
vt 0.562268 0.708965
vt 0.561044 0.709715
vt 0.562081 0.708685
vt 0.563412 0.7081
vt 0.562268 0.708965
vt 0.560677 0.709029
vt 0.562081 0.708685
vt 0.560888 0.709423
vt 0.561822 0.708299
vt 0.563194 0.707835
vt 0.562081 0.708685
vt 0.564396 0.705223
vt 0.563071 0.706752
vt 0.562804 0.706235
vt 0.564396 0.705223
vt 0.56392 0.706584
vt 0.563071 0.706752
vt 0.560677 0.709029
vt 0.56095 0.708315
vt 0.561822 0.708299
vt 0.56095 0.708315
vt 0.562804 0.706235
vt 0.563071 0.706752
vt 0.561822 0.708299
vt 0.563071 0.706752
vt 0.562914 0.707495
vt 0.576805 0.692763
vt 0.576695 0.690912
vt 0.576814 0.690912
vt 0.576814 0.690912
vt 0.576705 0.689068
vt 0.576822 0.68906
vt 0.576846 0.685429
vt 0.576713 0.687242
vt 0.576732 0.685451
vt 0.576834 0.68724
vt 0.576705 0.689068
vt 0.576713 0.687242
vt 0.535294 0.692312
vt 0.535662 0.694108
vt 0.535648 0.694111
vt 0.535648 0.694111
vt 0.53593 0.695917
vt 0.536002 0.69591
vt 0.535225 0.692333
vt 0.535771 0.694087
vt 0.535662 0.694108
vt 0.53593 0.699569
vt 0.536128 0.697743
vt 0.536066 0.699583
vt 0.536017 0.697743
vt 0.53593 0.695917
vt 0.536128 0.697743
vt 0.536002 0.699576
vt 0.536017 0.697743
vt 0.53593 0.699569
vt 0.536002 0.697743
vt 0.53593 0.695917
vt 0.536017 0.697743
vt 0.575379 0.695128
vt 0.575105 0.693356
vt 0.575389 0.693356
vt 0.575389 0.693356
vt 0.575112 0.691572
vt 0.575402 0.691584
vt 0.575398 0.688106
vt 0.575115 0.689805
vt 0.575119 0.688072
vt 0.575398 0.689829
vt 0.575112 0.691572
vt 0.575115 0.689805
vt 0.570973 0.701908
vt 0.570544 0.703596
vt 0.570392 0.703533
vt 0.571135 0.701957
vt 0.570696 0.703659
vt 0.570544 0.703596
vt 0.570544 0.703596
vt 0.570021 0.705289
vt 0.569805 0.705174
vt 0.570392 0.703533
vt 0.569805 0.705174
vt 0.569655 0.705094
vt 0.575667 0.695121
vt 0.575557 0.693356
vt 0.575667 0.693356
vt 0.575559 0.695118
vt 0.575389 0.693356
vt 0.575557 0.693356
vt 0.575557 0.693356
vt 0.575402 0.691584
vt 0.575559 0.691593
vt 0.575667 0.693356
vt 0.575559 0.691593
vt 0.575667 0.691591
vt 0.575578 0.688135
vt 0.575398 0.689829
vt 0.575398 0.688106
vt 0.575686 0.688128
vt 0.575566 0.689848
vt 0.575578 0.688135
vt 0.575677 0.68986
vt 0.575559 0.691593
vt 0.575566 0.689848
vt 0.575566 0.689848
vt 0.575402 0.691584
vt 0.575398 0.689829
vt 0.567874 0.708072
vt 0.569043 0.706759
vt 0.568065 0.708228
vt 0.567743 0.707964
vt 0.568907 0.706668
vt 0.567874 0.708072
vt 0.568769 0.706576
vt 0.569805 0.705174
vt 0.568907 0.706668
vt 0.568907 0.706668
vt 0.570021 0.705289
vt 0.569043 0.706759
vt 0.570001 0.701614
vt 0.5699 0.70333
vt 0.569426 0.703134
vt 0.569426 0.703134
vt 0.569161 0.704831
vt 0.568721 0.704596
vt 0.570479 0.701759
vt 0.570212 0.703459
vt 0.5699 0.70333
vt 0.570786 0.701851
vt 0.570392 0.703533
vt 0.570212 0.703459
vt 0.570212 0.703459
vt 0.569655 0.705094
vt 0.569483 0.705002
vt 0.5699 0.70333
vt 0.569483 0.705002
vt 0.569161 0.704831
vt 0.567592 0.70784
vt 0.568769 0.706576
vt 0.567743 0.707964
vt 0.567344 0.707637
vt 0.568607 0.706468
vt 0.567592 0.70784
vt 0.568326 0.706281
vt 0.569483 0.705002
vt 0.568607 0.706468
vt 0.568607 0.706468
vt 0.569655 0.705094
vt 0.568769 0.706576
vt 0.566958 0.707321
vt 0.568326 0.706281
vt 0.567344 0.707637
vt 0.5679 0.705996
vt 0.569161 0.704831
vt 0.568326 0.706281
vt 0.569469 0.701453
vt 0.569426 0.703134
vt 0.568933 0.702931
vt 0.568933 0.702931
vt 0.568721 0.704596
vt 0.568252 0.704346
vt 0.566528 0.706969
vt 0.5679 0.705996
vt 0.566958 0.707321
vt 0.567456 0.705701
vt 0.568721 0.704596
vt 0.5679 0.705996
vt 0.568141 0.701052
vt 0.567842 0.70248
vt 0.567646 0.702399
vt 0.567646 0.702399
vt 0.567229 0.703801
vt 0.567023 0.703691
vt 0.568339 0.701112
vt 0.568083 0.702579
vt 0.567842 0.70248
vt 0.565614 0.70622
vt 0.566691 0.70519
vt 0.565818 0.706387
vt 0.566474 0.705046
vt 0.567229 0.703801
vt 0.566691 0.70519
vt 0.565454 0.706089
vt 0.566474 0.705046
vt 0.565614 0.70622
vt 0.566298 0.704928
vt 0.567229 0.703801
vt 0.566474 0.705046
vt 0.567395 0.700826
vt 0.567335 0.70227
vt 0.566905 0.702093
vt 0.566905 0.702093
vt 0.566721 0.70353
vt 0.566332 0.703322
vt 0.567824 0.700956
vt 0.567646 0.702399
vt 0.567335 0.70227
vt 0.567335 0.70227
vt 0.567023 0.703691
vt 0.566721 0.70353
vt 0.565198 0.705879
vt 0.566298 0.704928
vt 0.565454 0.706089
vt 0.566017 0.704741
vt 0.567023 0.703691
vt 0.566298 0.704928
vt 0.56485 0.705594
vt 0.566017 0.704741
vt 0.565198 0.705879
vt 0.565637 0.704487
vt 0.566721 0.70353
vt 0.566017 0.704741
vt 0.566293 0.700921
vt 0.564849 0.702603
vt 0.566495 0.697842
vt 0.566905 0.702093
vt 0.565535 0.703539
vt 0.566748 0.701239
vt 0.566748 0.701239
vt 0.565535 0.703539
vt 0.566293 0.700921
vt 0.564396 0.705223
vt 0.565637 0.704487
vt 0.56485 0.705594
vt 0.565535 0.703539
vt 0.566332 0.703322
vt 0.565637 0.704487
vt 0.562804 0.706235
vt 0.565535 0.703539
vt 0.564396 0.705223
vt 0.576846 0.699814
vt 0.576715 0.69811
vt 0.576834 0.698115
vt 0.576834 0.698115
vt 0.576703 0.696371
vt 0.57682 0.696396
vt 0.576805 0.692763
vt 0.576697 0.694581
vt 0.576689 0.692755
vt 0.576697 0.694581
vt 0.57682 0.696396
vt 0.576703 0.696371
vt 0.53186 0.685873
vt 0.532887 0.687391
vt 0.532875 0.687399
vt 0.532875 0.687399
vt 0.533827 0.688959
vt 0.533891 0.688925
vt 0.531804 0.685918
vt 0.53298 0.687329
vt 0.532887 0.687391
vt 0.535225 0.692333
vt 0.534708 0.690571
vt 0.535356 0.692294
vt 0.534606 0.690613
vt 0.533827 0.688959
vt 0.534708 0.690571
vt 0.535294 0.692312
vt 0.534606 0.690613
vt 0.535225 0.692333
vt 0.534592 0.690619
vt 0.533827 0.688959
vt 0.534606 0.690613
vt 0.575437 0.70188
vt 0.575144 0.70032
vt 0.575428 0.700274
vt 0.575428 0.700274
vt 0.575132 0.698638
vt 0.575421 0.698601
vt 0.575379 0.695128
vt 0.575115 0.696906
vt 0.575099 0.69514
vt 0.575398 0.696882
vt 0.575132 0.698638
vt 0.575115 0.696906
vt 0.571639 0.695077
vt 0.571889 0.696801
vt 0.571724 0.696801
vt 0.571808 0.69506
vt 0.572054 0.6968
vt 0.571889 0.696801
vt 0.571889 0.696801
vt 0.572054 0.698565
vt 0.57181 0.698541
vt 0.571724 0.696801
vt 0.57181 0.698541
vt 0.571641 0.698525
vt 0.575725 0.701844
vt 0.575595 0.700236
vt 0.575706 0.700213
vt 0.575616 0.701833
vt 0.575428 0.700274
vt 0.575595 0.700236
vt 0.575595 0.700236
vt 0.575421 0.698601
vt 0.575578 0.698576
vt 0.575706 0.700213
vt 0.575578 0.698576
vt 0.575687 0.698582
vt 0.575559 0.695118
vt 0.575398 0.696882
vt 0.575379 0.695128
vt 0.575667 0.695121
vt 0.575566 0.696863
vt 0.575559 0.695118
vt 0.575677 0.696851
vt 0.575578 0.698576
vt 0.575566 0.696863
vt 0.575566 0.696863
vt 0.575421 0.698601
vt 0.575398 0.696882
vt 0.571135 0.701957
vt 0.571713 0.700297
vt 0.571372 0.702028
vt 0.570973 0.701908
vt 0.571552 0.700265
vt 0.571135 0.701957
vt 0.57139 0.700233
vt 0.57181 0.698541
vt 0.571552 0.700265
vt 0.571552 0.700265
vt 0.572054 0.698565
vt 0.571713 0.700297
vt 0.570629 0.695177
vt 0.571192 0.696801
vt 0.570679 0.696802
vt 0.570679 0.696802
vt 0.571084 0.698471
vt 0.570587 0.698422
vt 0.571126 0.695128
vt 0.571529 0.696801
vt 0.571192 0.696801
vt 0.571445 0.695096
vt 0.571724 0.696801
vt 0.571529 0.696801
vt 0.571529 0.696801
vt 0.571641 0.698525
vt 0.571447 0.698506
vt 0.571192 0.696801
vt 0.571447 0.698506
vt 0.571084 0.698471
vt 0.570786 0.701851
vt 0.57139 0.700233
vt 0.570973 0.701908
vt 0.570479 0.701759
vt 0.571198 0.700195
vt 0.570786 0.701851
vt 0.570867 0.700129
vt 0.571447 0.698506
vt 0.571198 0.700195
vt 0.571198 0.700195
vt 0.571641 0.698525
vt 0.57139 0.700233
vt 0.570001 0.701614
vt 0.570867 0.700129
vt 0.570479 0.701759
vt 0.570364 0.70003
vt 0.571084 0.698471
vt 0.570867 0.700129
vt 0.570076 0.695232
vt 0.570679 0.696802
vt 0.570146 0.696802
vt 0.570146 0.696802
vt 0.570587 0.698422
vt 0.570058 0.698371
vt 0.569469 0.701453
vt 0.570364 0.70003
vt 0.570001 0.701614
vt 0.569841 0.699926
vt 0.570587 0.698422
vt 0.570364 0.70003
vt 0.568695 0.69537
vt 0.568966 0.696803
vt 0.568754 0.696804
vt 0.568754 0.696804
vt 0.568904 0.698258
vt 0.568672 0.698235
vt 0.568901 0.695349
vt 0.569226 0.696803
vt 0.568966 0.696803
vt 0.568339 0.701112
vt 0.568939 0.699748
vt 0.56859 0.701188
vt 0.568683 0.699697
vt 0.568904 0.698258
vt 0.568939 0.699748
vt 0.568141 0.701052
vt 0.568683 0.699697
vt 0.568339 0.701112
vt 0.568475 0.699656
vt 0.568904 0.698258
vt 0.568683 0.699697
vt 0.567906 0.695448
vt 0.568417 0.696804
vt 0.567955 0.696804
vt 0.567955 0.696804
vt 0.568331 0.698202
vt 0.567898 0.69816
vt 0.568365 0.695402
vt 0.568754 0.696804
vt 0.568417 0.696804
vt 0.568417 0.696804
vt 0.568672 0.698235
vt 0.568331 0.698202
vt 0.567824 0.700956
vt 0.568475 0.699656
vt 0.568141 0.701052
vt 0.568145 0.699591
vt 0.568672 0.698235
vt 0.568475 0.699656
vt 0.567395 0.700826
vt 0.568145 0.699591
vt 0.567824 0.700956
vt 0.567692 0.699501
vt 0.568331 0.698202
vt 0.568145 0.699591
vt 0.567365 0.696109
vt 0.566495 0.697842
vt 0.566717 0.695488
vt 0.567955 0.696804
vt 0.56726 0.698635
vt 0.567365 0.696109
vt 0.566748 0.701239
vt 0.567692 0.699501
vt 0.567395 0.700826
vt 0.566293 0.700921
vt 0.56726 0.698635
vt 0.566748 0.701239
vt 0.56726 0.698635
vt 0.567898 0.69816
vt 0.567692 0.699501
vt 0.576961 0.705538
vt 0.576813 0.704224
vt 0.576932 0.704223
vt 0.576813 0.704224
vt 0.576595 0.702841
vt 0.576893 0.702892
vt 0.576846 0.699814
vt 0.576755 0.701361
vt 0.576732 0.699778
vt 0.576874 0.701368
vt 0.576893 0.702892
vt 0.576755 0.701361
vt 0.526222 0.681237
vt 0.527753 0.682247
vt 0.527745 0.682259
vt 0.527745 0.682259
vt 0.529221 0.683336
vt 0.529267 0.68328
vt 0.526188 0.681301
vt 0.527815 0.682154
vt 0.527753 0.682247
vt 0.531804 0.685918
vt 0.530652 0.684488
vt 0.53191 0.685832
vt 0.530574 0.684566
vt 0.529221 0.683336
vt 0.530652 0.684488
vt 0.53186 0.685873
vt 0.530574 0.684566
vt 0.531804 0.685918
vt 0.530563 0.684576
vt 0.529221 0.683336
vt 0.530574 0.684566
vt 0.575565 0.707429
vt 0.575255 0.706235
vt 0.575542 0.706159
vt 0.575542 0.706159
vt 0.575226 0.704899
vt 0.575518 0.704875
vt 0.575437 0.70188
vt 0.575191 0.703466
vt 0.575157 0.701936
vt 0.575475 0.703404
vt 0.575226 0.704899
vt 0.575191 0.703466
vt 0.56964 0.688511
vt 0.570528 0.690009
vt 0.570379 0.690071
vt 0.569779 0.688436
vt 0.570653 0.689958
vt 0.570528 0.690009
vt 0.570528 0.690009
vt 0.571358 0.691575
vt 0.571124 0.691646
vt 0.570379 0.690071
vt 0.571124 0.691646
vt 0.570962 0.691696
vt 0.56989 0.688377
vt 0.570749 0.689918
vt 0.570653 0.689958
vt 0.569986 0.688325
vt 0.57084 0.689879
vt 0.570749 0.689918
vt 0.570749 0.689918
vt 0.571521 0.691525
vt 0.57144 0.69155
vt 0.570653 0.689958
vt 0.57144 0.69155
vt 0.571358 0.691575
vt 0.575616 0.701833
vt 0.575475 0.703404
vt 0.575437 0.70188
vt 0.575725 0.701844
vt 0.575642 0.703351
vt 0.575616 0.701833
vt 0.575752 0.70331
vt 0.57567 0.704831
vt 0.575642 0.703351
vt 0.575642 0.703351
vt 0.575518 0.704875
vt 0.575475 0.703404
vt 0.571808 0.69506
vt 0.571706 0.693305
vt 0.572054 0.695035
vt 0.571639 0.695077
vt 0.571545 0.693337
vt 0.571808 0.69506
vt 0.571383 0.69337
vt 0.571124 0.691646
vt 0.571545 0.693337
vt 0.571545 0.693337
vt 0.571358 0.691575
vt 0.571706 0.693305
vt 0.568746 0.68899
vt 0.569887 0.690275
vt 0.569414 0.690472
vt 0.569414 0.690472
vt 0.570427 0.691859
vt 0.569949 0.692004
vt 0.569186 0.688754
vt 0.570199 0.690146
vt 0.569887 0.690275
vt 0.569468 0.688603
vt 0.570379 0.690071
vt 0.570199 0.690146
vt 0.570199 0.690146
vt 0.570962 0.691696
vt 0.570775 0.691752
vt 0.569887 0.690275
vt 0.570775 0.691752
vt 0.570427 0.691859
vt 0.571445 0.695096
vt 0.571383 0.69337
vt 0.571639 0.695077
vt 0.571126 0.695128
vt 0.571192 0.693408
vt 0.571445 0.695096
vt 0.570861 0.693474
vt 0.570775 0.691752
vt 0.571192 0.693408
vt 0.571192 0.693408
vt 0.570962 0.691696
vt 0.571383 0.69337
vt 0.570629 0.695177
vt 0.570861 0.693474
vt 0.571126 0.695128
vt 0.570358 0.693575
vt 0.570427 0.691859
vt 0.570861 0.693474
vt 0.568256 0.689252
vt 0.569414 0.690472
vt 0.568921 0.690676
vt 0.568921 0.690676
vt 0.569949 0.692004
vt 0.56944 0.692159
vt 0.570076 0.695232
vt 0.570358 0.693575
vt 0.570629 0.695177
vt 0.569835 0.693679
vt 0.569949 0.692004
vt 0.570358 0.693575
vt 0.567032 0.689908
vt 0.567831 0.691129
vt 0.567635 0.69121
vt 0.567635 0.69121
vt 0.568331 0.692496
vt 0.568108 0.692564
vt 0.567215 0.68981
vt 0.568072 0.691029
vt 0.567831 0.691129
vt 0.568901 0.695349
vt 0.568933 0.693859
vt 0.569162 0.695323
vt 0.568678 0.69391
vt 0.568331 0.692496
vt 0.568933 0.693859
vt 0.568695 0.69537
vt 0.568678 0.69391
vt 0.568901 0.695349
vt 0.56847 0.693952
vt 0.568331 0.692496
vt 0.568678 0.69391
vt 0.566346 0.690276
vt 0.567008 0.691471
vt 0.566751 0.692039
vt 0.566346 0.690276
vt 0.567324 0.691339
vt 0.567008 0.691471
vt 0.567008 0.691471
vt 0.567781 0.692664
vt 0.567363 0.692791
vt 0.56674 0.690064
vt 0.567635 0.69121
vt 0.567324 0.691339
vt 0.567324 0.691339
vt 0.568108 0.692564
vt 0.567781 0.692664
vt 0.568365 0.695402
vt 0.56847 0.693952
vt 0.568695 0.69537
vt 0.56814 0.694018
vt 0.568108 0.692564
vt 0.56847 0.693952
vt 0.567906 0.695448
vt 0.56814 0.694018
vt 0.568365 0.695402
vt 0.567684 0.694109
vt 0.567781 0.692664
vt 0.56814 0.694018
vt 0.565247 0.690424
vt 0.566751 0.692039
vt 0.566387 0.692686
vt 0.567906 0.695448
vt 0.567144 0.694239
vt 0.567684 0.694109
vt 0.567144 0.694239
vt 0.566387 0.692686
vt 0.566751 0.692039
vt 0.567684 0.694109
vt 0.566751 0.692039
vt 0.567363 0.692791
vt 0.567365 0.696109
vt 0.566717 0.695488
vt 0.567144 0.694239
vt 0.566717 0.695488
vt 0.56558 0.694909
vt 0.566387 0.692686
vt 0.571803 0.72064
vt 0.571719 0.719092
vt 0.57184 0.719086
vt 0.57184 0.719086
vt 0.571758 0.71761
vt 0.571876 0.717555
vt 0.57195 0.714917
vt 0.571797 0.71623
vt 0.571835 0.714907
vt 0.571913 0.716232
vt 0.571758 0.71761
vt 0.571797 0.71623
vt 0.51924 0.679112
vt 0.521041 0.679459
vt 0.521038 0.679473
vt 0.521038 0.679473
vt 0.522814 0.679903
vt 0.522835 0.679834
vt 0.519233 0.679184
vt 0.521062 0.67935
vt 0.521041 0.679459
vt 0.526188 0.681301
vt 0.524577 0.68042
vt 0.526253 0.68118
vt 0.524534 0.680522
vt 0.522814 0.679903
vt 0.524577 0.68042
vt 0.526222 0.681237
vt 0.524534 0.680522
vt 0.526188 0.681301
vt 0.524529 0.680536
vt 0.522814 0.679903
vt 0.524534 0.680522
vt 0.572309 0.739928
vt 0.572555 0.741514
vt 0.572271 0.741452
vt 0.572271 0.741452
vt 0.57252 0.742947
vt 0.572227 0.742923
vt 0.572181 0.745477
vt 0.572491 0.744283
vt 0.572459 0.745566
vt 0.572204 0.744207
vt 0.57252 0.742947
vt 0.572491 0.744283
vt 0.565281 0.683209
vt 0.566677 0.684251
vt 0.566561 0.684368
vt 0.565389 0.683078
vt 0.566793 0.684135
vt 0.566677 0.684251
vt 0.566677 0.684251
vt 0.568041 0.685383
vt 0.567851 0.685539
vt 0.566561 0.684368
vt 0.567851 0.685539
vt 0.567721 0.685646
vt 0.572021 0.739892
vt 0.572104 0.741399
vt 0.571994 0.741358
vt 0.57213 0.739881
vt 0.572271 0.741452
vt 0.572104 0.741399
vt 0.572104 0.741399
vt 0.572227 0.742923
vt 0.572076 0.742879
vt 0.571994 0.741358
vt 0.572076 0.742879
vt 0.571966 0.742825
vt 0.569986 0.688325
vt 0.569165 0.686754
vt 0.570158 0.688233
vt 0.56989 0.688377
vt 0.569082 0.686808
vt 0.569986 0.688325
vt 0.568996 0.686865
vt 0.568107 0.685329
vt 0.569082 0.686808
vt 0.569082 0.686808
vt 0.568173 0.685275
vt 0.569165 0.686754
vt 0.569779 0.688436
vt 0.568996 0.686865
vt 0.56989 0.688377
vt 0.56964 0.688511
vt 0.568884 0.686942
vt 0.569779 0.688436
vt 0.568751 0.687031
vt 0.567851 0.685539
vt 0.568884 0.686942
vt 0.568884 0.686942
vt 0.568041 0.685383
vt 0.568996 0.686865
vt 0.564638 0.683994
vt 0.566184 0.684745
vt 0.565822 0.685108
vt 0.565822 0.685108
vt 0.567289 0.686001
vt 0.566903 0.686319
vt 0.564954 0.683608
vt 0.566423 0.684506
vt 0.566184 0.684745
vt 0.565157 0.68336
vt 0.566561 0.684368
vt 0.566423 0.684506
vt 0.566423 0.684506
vt 0.567721 0.685646
vt 0.56757 0.68577
vt 0.566184 0.684745
vt 0.56757 0.68577
vt 0.567289 0.686001
vt 0.569468 0.688603
vt 0.568751 0.687031
vt 0.56964 0.688511
vt 0.569186 0.688754
vt 0.568589 0.68714
vt 0.569468 0.688603
vt 0.568308 0.687328
vt 0.56757 0.68577
vt 0.568589 0.68714
vt 0.568589 0.68714
vt 0.567721 0.685646
vt 0.568751 0.687031
vt 0.568746 0.68899
vt 0.568308 0.687328
vt 0.569186 0.688754
vt 0.567882 0.687613
vt 0.567289 0.686001
vt 0.568308 0.687328
vt 0.564286 0.684424
vt 0.565822 0.685108
vt 0.565446 0.685485
vt 0.565446 0.685485
vt 0.566903 0.686319
vt 0.566492 0.686656
vt 0.568256 0.689252
vt 0.567882 0.687613
vt 0.568746 0.68899
vt 0.567439 0.68791
vt 0.566903 0.686319
vt 0.567882 0.687613
vt 0.563406 0.685498
vt 0.564612 0.68632
vt 0.564462 0.686471
vt 0.564462 0.686471
vt 0.565597 0.687392
vt 0.565417 0.687541
vt 0.563538 0.685338
vt 0.564795 0.686136
vt 0.564612 0.68632
vt 0.567215 0.68981
vt 0.566675 0.688421
vt 0.567447 0.689686
vt 0.566458 0.688566
vt 0.565597 0.687392
vt 0.566675 0.688421
vt 0.567032 0.689908
vt 0.566458 0.688566
vt 0.567215 0.68981
vt 0.566282 0.688684
vt 0.565597 0.687392
vt 0.566458 0.688566
vt 0.562911 0.686103
vt 0.564224 0.686709
vt 0.563901 0.687033
vt 0.563901 0.687033
vt 0.565152 0.687758
vt 0.564812 0.688038
vt 0.563196 0.685754
vt 0.564462 0.686471
vt 0.564224 0.686709
vt 0.564224 0.686709
vt 0.565417 0.687541
vt 0.565152 0.687758
vt 0.56674 0.690064
vt 0.566282 0.688684
vt 0.567032 0.689908
vt 0.566002 0.688872
vt 0.565417 0.687541
vt 0.566282 0.688684
vt 0.566346 0.690276
vt 0.566002 0.688872
vt 0.56674 0.690064
vt 0.565616 0.689131
vt 0.565152 0.687758
vt 0.566002 0.688872
vt 0.56254 0.686556
vt 0.563901 0.687033
vt 0.563999 0.68796
vt 0.566346 0.690276
vt 0.565632 0.690002
vt 0.565616 0.689131
vt 0.565616 0.689131
vt 0.563999 0.68796
vt 0.564812 0.688038
vt 0.565247 0.690424
vt 0.563072 0.688526
vt 0.563999 0.68796
vt 0.571723 0.727691
vt 0.571623 0.725872
vt 0.571742 0.72587
vt 0.571742 0.72587
vt 0.571641 0.724082
vt 0.57176 0.724057
vt 0.571803 0.72064
vt 0.571663 0.722344
vt 0.571689 0.720675
vt 0.571782 0.722339
vt 0.571641 0.724082
vt 0.571663 0.722344
vt 0.511977 0.67982
vt 0.513772 0.679452
vt 0.513775 0.679466
vt 0.513775 0.679466
vt 0.515581 0.679184
vt 0.515574 0.679112
vt 0.511998 0.67989
vt 0.513751 0.679343
vt 0.513772 0.679452
vt 0.519233 0.679184
vt 0.517407 0.678987
vt 0.519247 0.679048
vt 0.517407 0.679097
vt 0.515581 0.679184
vt 0.517407 0.678987
vt 0.51924 0.679112
vt 0.517407 0.679097
vt 0.519233 0.679184
vt 0.517407 0.679112
vt 0.515581 0.679184
vt 0.517407 0.679097
vt 0.572367 0.733176
vt 0.572631 0.734954
vt 0.572348 0.73493
vt 0.572348 0.73493
vt 0.572614 0.736686
vt 0.572325 0.736649
vt 0.572309 0.739928
vt 0.572602 0.738368
vt 0.572589 0.739984
vt 0.572318 0.738321
vt 0.572614 0.736686
vt 0.572602 0.738368
vt 0.559225 0.67998
vt 0.560913 0.680408
vt 0.56085 0.68056
vt 0.559274 0.679817
vt 0.560976 0.680256
vt 0.560913 0.680408
vt 0.560913 0.680408
vt 0.562606 0.680931
vt 0.562491 0.681148
vt 0.56085 0.68056
vt 0.562491 0.681148
vt 0.562411 0.681297
vt 0.572079 0.733168
vt 0.57218 0.734911
vt 0.572069 0.734899
vt 0.572187 0.733166
vt 0.572348 0.73493
vt 0.57218 0.734911
vt 0.57218 0.734911
vt 0.572325 0.736649
vt 0.572168 0.736623
vt 0.572069 0.734899
vt 0.572168 0.736623
vt 0.572059 0.73663
vt 0.57213 0.739881
vt 0.572318 0.738321
vt 0.572309 0.739928
vt 0.572021 0.739892
vt 0.572151 0.738283
vt 0.57213 0.739881
vt 0.57204 0.738261
vt 0.572168 0.736623
vt 0.572151 0.738283
vt 0.572151 0.738283
vt 0.572325 0.736649
vt 0.572318 0.738321
vt 0.565389 0.683078
vt 0.564076 0.681909
vt 0.565545 0.682887
vt 0.565281 0.683209
vt 0.563985 0.682046
vt 0.565389 0.683078
vt 0.563893 0.682183
vt 0.562491 0.681148
vt 0.563985 0.682046
vt 0.563985 0.682046
vt 0.562606 0.680931
vt 0.564076 0.681909
vt 0.558931 0.680951
vt 0.560647 0.681053
vt 0.560451 0.681527
vt 0.560451 0.681527
vt 0.562148 0.681791
vt 0.561913 0.682232
vt 0.559076 0.680473
vt 0.560776 0.680741
vt 0.560647 0.681053
vt 0.559168 0.680167
vt 0.56085 0.68056
vt 0.560776 0.680741
vt 0.560776 0.680741
vt 0.562411 0.681297
vt 0.56232 0.68147
vt 0.560647 0.681053
vt 0.56232 0.68147
vt 0.562148 0.681791
vt 0.565157 0.68336
vt 0.563893 0.682183
vt 0.565281 0.683209
vt 0.564954 0.683608
vt 0.563785 0.682345
vt 0.565157 0.68336
vt 0.563598 0.682626
vt 0.56232 0.68147
vt 0.563785 0.682345
vt 0.563785 0.682345
vt 0.562411 0.681297
vt 0.563893 0.682183
vt 0.564638 0.683994
vt 0.563598 0.682626
vt 0.564954 0.683608
vt 0.563313 0.683053
vt 0.562148 0.681791
vt 0.563598 0.682626
vt 0.55877 0.681483
vt 0.560451 0.681527
vt 0.560248 0.682019
vt 0.560248 0.682019
vt 0.561913 0.682232
vt 0.561663 0.682701
vt 0.564286 0.684424
vt 0.563313 0.683053
vt 0.564638 0.683994
vt 0.563018 0.683496
vt 0.561913 0.682232
vt 0.563313 0.683053
vt 0.558369 0.682812
vt 0.559797 0.68311
vt 0.559716 0.683306
vt 0.559716 0.683306
vt 0.561118 0.683723
vt 0.561008 0.683929
vt 0.558429 0.682613
vt 0.559896 0.682869
vt 0.559797 0.68311
vt 0.563538 0.685338
vt 0.562507 0.684262
vt 0.563704 0.685135
vt 0.562363 0.684478
vt 0.561118 0.683723
vt 0.562507 0.684262
vt 0.563406 0.685498
vt 0.562363 0.684478
vt 0.563538 0.685338
vt 0.562245 0.684655
vt 0.561118 0.683723
vt 0.562363 0.684478
vt 0.558143 0.683557
vt 0.559587 0.683617
vt 0.55941 0.684048
vt 0.55941 0.684048
vt 0.560847 0.684231
vt 0.560639 0.68462
vt 0.558273 0.683129
vt 0.559716 0.683306
vt 0.559587 0.683617
vt 0.559587 0.683617
vt 0.561008 0.683929
vt 0.560847 0.684231
vt 0.563196 0.685754
vt 0.562245 0.684655
vt 0.563406 0.685498
vt 0.562058 0.684935
vt 0.561008 0.683929
vt 0.562245 0.684655
vt 0.562911 0.686103
vt 0.562058 0.684935
vt 0.563196 0.685754
vt 0.561804 0.685316
vt 0.560847 0.684231
vt 0.562058 0.684935
vt 0.558238 0.684659
vt 0.559312 0.686461
vt 0.555159 0.684458
vt 0.55941 0.684048
vt 0.560936 0.685316
vt 0.558555 0.684205
vt 0.558555 0.684205
vt 0.560604 0.685726
vt 0.558238 0.684659
vt 0.56254 0.686556
vt 0.561804 0.685316
vt 0.562911 0.686103
vt 0.560936 0.685316
vt 0.560639 0.68462
vt 0.561804 0.685316
vt 0.563072 0.688526
vt 0.560604 0.685726
vt 0.56254 0.686556
vt 0.571723 0.735025
vt 0.571603 0.733212
vt 0.571721 0.733214
vt 0.571721 0.733214
vt 0.571603 0.731385
vt 0.57172 0.731394
vt 0.571723 0.727691
vt 0.571601 0.729542
vt 0.57161 0.727698
vt 0.571721 0.729542
vt 0.571603 0.731385
vt 0.571601 0.729542
vt 0.505537 0.683255
vt 0.507052 0.682223
vt 0.507063 0.682239
vt 0.507063 0.682239
vt 0.508624 0.681288
vt 0.508589 0.681223
vt 0.511998 0.67989
vt 0.510235 0.680406
vt 0.511958 0.679759
vt 0.510277 0.680508
vt 0.508624 0.681288
vt 0.510235 0.680406
vt 0.511977 0.67982
vt 0.510277 0.680508
vt 0.511998 0.67989
vt 0.510283 0.680522
vt 0.508624 0.681288
vt 0.510277 0.680508
vt 0.572348 0.726154
vt 0.572631 0.727853
vt 0.572347 0.727876
vt 0.572347 0.727876
vt 0.572634 0.72962
vt 0.572344 0.729632
vt 0.572367 0.733176
vt 0.572641 0.731404
vt 0.572647 0.733188
vt 0.572357 0.731404
vt 0.572634 0.72962
vt 0.572641 0.731404
vt 0.552394 0.679314
vt 0.554118 0.679063
vt 0.554118 0.679228
vt 0.552377 0.679144
vt 0.554117 0.678899
vt 0.554118 0.679063
vt 0.554118 0.679063
vt 0.555882 0.678899
vt 0.555858 0.679142
vt 0.554118 0.679228
vt 0.555858 0.679142
vt 0.555842 0.679311
vt 0.572059 0.726176
vt 0.57218 0.727896
vt 0.572069 0.727907
vt 0.572168 0.726183
vt 0.572347 0.727876
vt 0.57218 0.727896
vt 0.57218 0.727896
vt 0.572344 0.729632
vt 0.572187 0.729641
vt 0.572069 0.727907
vt 0.572187 0.729641
vt 0.572079 0.729639
vt 0.572187 0.733166
vt 0.572357 0.731404
vt 0.572367 0.733176
vt 0.572079 0.733168
vt 0.572189 0.731404
vt 0.572187 0.733166
vt 0.572079 0.731404
vt 0.572187 0.729641
vt 0.572189 0.731404
vt 0.572189 0.731404
vt 0.572344 0.729632
vt 0.572357 0.731404
vt 0.559274 0.679817
vt 0.557614 0.67924
vt 0.559345 0.679581
vt 0.559225 0.67998
vt 0.557582 0.679401
vt 0.559274 0.679817
vt 0.55755 0.679563
vt 0.555858 0.679142
vt 0.557582 0.679401
vt 0.557582 0.679401
vt 0.555882 0.678899
vt 0.557614 0.67924
vt 0.552494 0.680323
vt 0.554118 0.67976
vt 0.554119 0.680273
vt 0.554119 0.680273
vt 0.555788 0.679868
vt 0.555739 0.680365
vt 0.552445 0.679827
vt 0.554118 0.679423
vt 0.554118 0.67976
vt 0.552413 0.679508
vt 0.554118 0.679228
vt 0.554118 0.679423
vt 0.554118 0.679423
vt 0.555842 0.679311
vt 0.555823 0.679506
vt 0.554118 0.67976
vt 0.555823 0.679506
vt 0.555788 0.679868
vt 0.559168 0.680167
vt 0.55755 0.679563
vt 0.559225 0.67998
vt 0.559076 0.680473
vt 0.557512 0.679754
vt 0.559168 0.680167
vt 0.557446 0.680085
vt 0.555823 0.679506
vt 0.557512 0.679754
vt 0.557512 0.679754
vt 0.555842 0.679311
vt 0.55755 0.679563
vt 0.558931 0.680951
vt 0.557446 0.680085
vt 0.559076 0.680473
vt 0.557347 0.680588
vt 0.555788 0.679868
vt 0.557446 0.680085
vt 0.552549 0.680876
vt 0.554119 0.680273
vt 0.554119 0.680806
vt 0.554119 0.680806
vt 0.555739 0.680365
vt 0.555688 0.680894
vt 0.55877 0.681483
vt 0.557347 0.680588
vt 0.558931 0.680951
vt 0.557244 0.681111
vt 0.555739 0.680365
vt 0.557347 0.680588
vt 0.552687 0.682257
vt 0.55412 0.681987
vt 0.554121 0.682199
vt 0.554121 0.682199
vt 0.555575 0.682048
vt 0.555552 0.68228
vt 0.552666 0.682051
vt 0.55412 0.681726
vt 0.55412 0.681987
vt 0.558429 0.682613
vt 0.557065 0.682014
vt 0.558505 0.682362
vt 0.557014 0.682269
vt 0.555575 0.682048
vt 0.557065 0.682014
vt 0.558369 0.682812
vt 0.557014 0.682269
vt 0.558429 0.682613
vt 0.556973 0.682477
vt 0.555575 0.682048
vt 0.557014 0.682269
vt 0.552765 0.683046
vt 0.554121 0.682535
vt 0.554121 0.682998
vt 0.554121 0.682998
vt 0.555519 0.682621
vt 0.555477 0.683055
vt 0.552719 0.682587
vt 0.554121 0.682199
vt 0.554121 0.682535
vt 0.554121 0.682535
vt 0.555552 0.68228
vt 0.555519 0.682621
vt 0.558273 0.683129
vt 0.556973 0.682477
vt 0.558369 0.682812
vt 0.556908 0.682807
vt 0.555552 0.68228
vt 0.556973 0.682477
vt 0.558143 0.683557
vt 0.556908 0.682807
vt 0.558273 0.683129
vt 0.556818 0.683261
vt 0.555519 0.682621
vt 0.556908 0.682807
vt 0.553426 0.683587
vt 0.555159 0.684458
vt 0.552805 0.684235
vt 0.554121 0.682998
vt 0.555952 0.683693
vt 0.553426 0.683587
vt 0.558555 0.684205
vt 0.556818 0.683261
vt 0.558143 0.683557
vt 0.558238 0.684659
vt 0.555952 0.683693
vt 0.558555 0.684205
vt 0.555952 0.683693
vt 0.555477 0.683055
vt 0.556818 0.683261
vt 0.571803 0.741524
vt 0.571663 0.739993
vt 0.571782 0.74
vt 0.571782 0.74
vt 0.571643 0.738409
vt 0.57176 0.73845
vt 0.571723 0.735025
vt 0.571621 0.73674
vt 0.57161 0.735002
vt 0.571742 0.736745
vt 0.571643 0.738409
vt 0.571621 0.73674
vt 0.500901 0.688892
vt 0.501911 0.687361
vt 0.501923 0.68737
vt 0.501923 0.68737
vt 0.503 0.685893
vt 0.502944 0.685847
vt 0.500965 0.688926
vt 0.501819 0.6873
vt 0.501911 0.687361
vt 0.505583 0.683311
vt 0.504152 0.684462
vt 0.505514 0.683227
vt 0.50423 0.684541
vt 0.503 0.685893
vt 0.504152 0.684462
vt 0.505537 0.683255
vt 0.50423 0.684541
vt 0.505583 0.683311
vt 0.504241 0.684551
vt 0.503 0.685893
vt 0.50423 0.684541
vt 0.572251 0.719887
vt 0.572555 0.721292
vt 0.572271 0.721354
vt 0.572271 0.721354
vt 0.572576 0.722825
vt 0.572287 0.722884
vt 0.572348 0.726154
vt 0.572602 0.724439
vt 0.572627 0.726119
vt 0.572319 0.724485
vt 0.572576 0.722825
vt 0.572602 0.724439
vt 0.545828 0.681312
vt 0.547324 0.680421
vt 0.547388 0.680573
vt 0.545748 0.681163
vt 0.547261 0.680269
vt 0.547324 0.680421
vt 0.547324 0.680421
vt 0.548892 0.679594
vt 0.548963 0.679828
vt 0.547388 0.680573
vt 0.548963 0.679828
vt 0.549013 0.679991
vt 0.571966 0.719979
vt 0.572104 0.721407
vt 0.571994 0.721448
vt 0.572076 0.719925
vt 0.572271 0.721354
vt 0.572104 0.721407
vt 0.572104 0.721407
vt 0.572287 0.722884
vt 0.57213 0.722926
vt 0.571994 0.721448
vt 0.57213 0.722926
vt 0.572021 0.722916
vt 0.572168 0.726183
vt 0.572319 0.724485
vt 0.572348 0.726154
vt 0.572059 0.726176
vt 0.572151 0.724523
vt 0.572168 0.726183
vt 0.57204 0.724546
vt 0.57213 0.722926
vt 0.572151 0.724523
vt 0.572151 0.724523
vt 0.572287 0.722884
vt 0.572319 0.724485
vt 0.552377 0.679144
vt 0.550622 0.679246
vt 0.552352 0.678899
vt 0.552394 0.679314
vt 0.550654 0.679407
vt 0.552377 0.679144
vt 0.550687 0.679569
vt 0.548963 0.679828
vt 0.550654 0.679407
vt 0.550654 0.679407
vt 0.548892 0.679594
vt 0.550622 0.679246
vt 0.546307 0.682206
vt 0.547592 0.681065
vt 0.547789 0.681539
vt 0.547789 0.681539
vt 0.549176 0.680526
vt 0.549321 0.681004
vt 0.546071 0.681767
vt 0.547463 0.680754
vt 0.547592 0.681065
vt 0.54592 0.681484
vt 0.547388 0.680573
vt 0.547463 0.680754
vt 0.547463 0.680754
vt 0.549013 0.679991
vt 0.549069 0.680177
vt 0.547592 0.681065
vt 0.549069 0.680177
vt 0.549176 0.680526
vt 0.552413 0.679508
vt 0.550687 0.679569
vt 0.552394 0.679314
vt 0.552445 0.679827
vt 0.550725 0.67976
vt 0.552413 0.679508
vt 0.550791 0.680091
vt 0.549069 0.680177
vt 0.550725 0.67976
vt 0.550725 0.67976
vt 0.549013 0.679991
vt 0.550687 0.679569
vt 0.552494 0.680323
vt 0.550791 0.680091
vt 0.552445 0.679827
vt 0.550892 0.680594
vt 0.549176 0.680526
vt 0.550791 0.680091
vt 0.546569 0.682696
vt 0.547789 0.681539
vt 0.547993 0.682031
vt 0.547993 0.682031
vt 0.549321 0.681004
vt 0.549476 0.681512
vt 0.552549 0.680876
vt 0.550892 0.680594
vt 0.552494 0.680323
vt 0.550996 0.681117
vt 0.549321 0.681004
vt 0.550892 0.680594
vt 0.547225 0.68392
vt 0.548446 0.683121
vt 0.548527 0.683317
vt 0.548527 0.683317
vt 0.549813 0.682621
vt 0.549881 0.682844
vt 0.547127 0.683737
vt 0.548346 0.682881
vt 0.548446 0.683121
vt 0.552666 0.682051
vt 0.551176 0.682019
vt 0.55264 0.68179
vt 0.551227 0.682274
vt 0.549813 0.682621
vt 0.551176 0.682019
vt 0.552687 0.682257
vt 0.551227 0.682274
vt 0.552666 0.682051
vt 0.551269 0.682482
vt 0.549813 0.682621
vt 0.551227 0.682274
vt 0.547593 0.684606
vt 0.548788 0.683944
vt 0.549356 0.684201
vt 0.547593 0.684606
vt 0.548656 0.683628
vt 0.548788 0.683944
vt 0.548788 0.683944
vt 0.549981 0.683172
vt 0.550108 0.683589
vt 0.547381 0.684212
vt 0.548527 0.683317
vt 0.548656 0.683628
vt 0.548656 0.683628
vt 0.549881 0.682844
vt 0.549981 0.683172
vt 0.552719 0.682587
vt 0.551269 0.682482
vt 0.552687 0.682257
vt 0.551335 0.682813
vt 0.549881 0.682844
vt 0.551269 0.682482
vt 0.552765 0.683046
vt 0.551335 0.682813
vt 0.552719 0.682587
vt 0.551426 0.683269
vt 0.549981 0.683172
vt 0.551335 0.682813
vt 0.547741 0.685705
vt 0.549356 0.684201
vt 0.550003 0.684565
vt 0.552765 0.683046
vt 0.551556 0.683809
vt 0.551426 0.683269
vt 0.551556 0.683809
vt 0.550003 0.684565
vt 0.549356 0.684201
vt 0.551426 0.683269
vt 0.549356 0.684201
vt 0.550108 0.683589
vt 0.553426 0.683587
vt 0.552805 0.684235
vt 0.551556 0.683809
vt 0.552805 0.684235
vt 0.552384 0.685289
vt 0.550003 0.684565
vt 0.57195 0.746232
vt 0.571795 0.745197
vt 0.571913 0.745197
vt 0.571795 0.745197
vt 0.57157 0.74408
vt 0.571868 0.744142
vt 0.571803 0.741524
vt 0.571723 0.742843
vt 0.571687 0.741476
vt 0.57184 0.742852
vt 0.571868 0.744142
vt 0.571723 0.742843
vt 0.498776 0.695874
vt 0.499123 0.694074
vt 0.499137 0.694077
vt 0.499137 0.694077
vt 0.499568 0.6923
vt 0.499498 0.692279
vt 0.498848 0.695881
vt 0.499014 0.694052
vt 0.499123 0.694074
vt 0.500965 0.688926
vt 0.500084 0.690537
vt 0.500845 0.688861
vt 0.500186 0.69058
vt 0.499568 0.6923
vt 0.500084 0.690537
vt 0.500901 0.688892
vt 0.500186 0.69058
vt 0.500965 0.688926
vt 0.5002 0.690586
vt 0.499568 0.6923
vt 0.500186 0.69058
vt 0.572098 0.715345
vt 0.572413 0.716257
vt 0.572127 0.716346
vt 0.572127 0.716346
vt 0.572449 0.717336
vt 0.572157 0.717365
vt 0.572251 0.719887
vt 0.572491 0.718534
vt 0.572533 0.719855
vt 0.572204 0.718603
vt 0.572449 0.717336
vt 0.572491 0.718534
vt 0.540526 0.685671
vt 0.541573 0.68428
vt 0.541685 0.684392
vt 0.540404 0.685571
vt 0.541485 0.684192
vt 0.541573 0.68428
vt 0.541573 0.68428
vt 0.542783 0.683013
vt 0.542863 0.68311
vt 0.541685 0.684392
vt 0.542863 0.68311
vt 0.542963 0.683232
vt 0.540307 0.685492
vt 0.54141 0.684118
vt 0.541485 0.684192
vt 0.540223 0.685423
vt 0.541332 0.68404
vt 0.54141 0.684118
vt 0.54141 0.684118
vt 0.542592 0.68278
vt 0.542714 0.682928
vt 0.541485 0.684192
vt 0.542714 0.682928
vt 0.542783 0.683013
vt 0.545591 0.68087
vt 0.544071 0.681787
vt 0.545551 0.680795
vt 0.545631 0.680945
vt 0.544127 0.681868
vt 0.545591 0.68087
vt 0.544185 0.681954
vt 0.542714 0.682928
vt 0.544127 0.681868
vt 0.544127 0.681868
vt 0.542592 0.68278
vt 0.544071 0.681787
vt 0.545748 0.681163
vt 0.544185 0.681954
vt 0.545631 0.680945
vt 0.545828 0.681312
vt 0.544259 0.682068
vt 0.545748 0.681163
vt 0.544349 0.682202
vt 0.542863 0.68311
vt 0.544259 0.682068
vt 0.544259 0.682068
vt 0.542783 0.683013
vt 0.544185 0.681954
vt 0.541311 0.686314
vt 0.542062 0.684768
vt 0.542425 0.68513
vt 0.542425 0.68513
vt 0.543319 0.683664
vt 0.543636 0.684049
vt 0.540925 0.685998
vt 0.541823 0.68453
vt 0.542062 0.684768
vt 0.540677 0.685795
vt 0.541685 0.684392
vt 0.541823 0.68453
vt 0.541823 0.68453
vt 0.542963 0.683232
vt 0.543087 0.683382
vt 0.542062 0.684768
vt 0.543087 0.683382
vt 0.543319 0.683664
vt 0.54592 0.681484
vt 0.544349 0.682202
vt 0.545828 0.681312
vt 0.546071 0.681767
vt 0.544457 0.682364
vt 0.54592 0.681484
vt 0.544645 0.682644
vt 0.543087 0.683382
vt 0.544457 0.682364
vt 0.544457 0.682364
vt 0.542963 0.683232
vt 0.544349 0.682202
vt 0.546307 0.682206
vt 0.544645 0.682644
vt 0.546071 0.681767
vt 0.54493 0.68307
vt 0.543319 0.683664
vt 0.544645 0.682644
vt 0.541741 0.686666
vt 0.542425 0.68513
vt 0.542802 0.685507
vt 0.542802 0.685507
vt 0.543636 0.684049
vt 0.543973 0.68446
vt 0.546569 0.682696
vt 0.54493 0.68307
vt 0.546307 0.682206
vt 0.545227 0.683513
vt 0.543636 0.684049
vt 0.54493 0.68307
vt 0.542815 0.687546
vt 0.543638 0.686341
vt 0.543788 0.68649
vt 0.543788 0.68649
vt 0.544709 0.685355
vt 0.544858 0.685536
vt 0.542655 0.687415
vt 0.543453 0.686157
vt 0.543638 0.686341
vt 0.547127 0.683737
vt 0.545739 0.684278
vt 0.547003 0.683506
vt 0.545883 0.684494
vt 0.544709 0.685355
vt 0.545739 0.684278
vt 0.547225 0.68392
vt 0.545883 0.684494
vt 0.547127 0.683737
vt 0.546001 0.68467
vt 0.544709 0.685355
vt 0.545883 0.684494
vt 0.54342 0.688041
vt 0.544026 0.686728
vt 0.54435 0.687052
vt 0.54435 0.687052
vt 0.545075 0.6858
vt 0.545355 0.68614
vt 0.543071 0.687756
vt 0.543788 0.68649
vt 0.544026 0.686728
vt 0.544026 0.686728
vt 0.544858 0.685536
vt 0.545075 0.6858
vt 0.547381 0.684212
vt 0.546001 0.68467
vt 0.547225 0.68392
vt 0.546189 0.68495
vt 0.544858 0.685536
vt 0.546001 0.68467
vt 0.547593 0.684606
vt 0.546189 0.68495
vt 0.547381 0.684212
vt 0.546448 0.685337
vt 0.545075 0.6858
vt 0.546189 0.68495
vt 0.543873 0.688412
vt 0.54435 0.687052
vt 0.545277 0.686953
vt 0.547593 0.684606
vt 0.54732 0.685321
vt 0.546448 0.685337
vt 0.546448 0.685337
vt 0.545277 0.686953
vt 0.545355 0.68614
vt 0.547741 0.685705
vt 0.545844 0.68788
vt 0.545277 0.686953
vt 0.575911 0.699814
vt 0.576002 0.701361
vt 0.575883 0.701368
vt 0.576002 0.701361
vt 0.576161 0.702841
vt 0.575863 0.702892
vt 0.575796 0.705538
vt 0.575941 0.704224
vt 0.575911 0.705548
vt 0.575825 0.704223
vt 0.575863 0.702892
vt 0.575941 0.704224
vt 0.499485 0.703138
vt 0.499116 0.701342
vt 0.499131 0.701339
vt 0.499131 0.701339
vt 0.498848 0.699533
vt 0.498776 0.69954
vt 0.499555 0.703116
vt 0.499007 0.701363
vt 0.499116 0.701342
vt 0.498848 0.695881
vt 0.498651 0.697707
vt 0.498712 0.695867
vt 0.498762 0.697707
vt 0.498848 0.699533
vt 0.498651 0.697707
vt 0.498776 0.695874
vt 0.498762 0.697707
vt 0.498848 0.695881
vt 0.498776 0.697707
vt 0.498848 0.699533
vt 0.498762 0.697707
vt 0.574125 0.737888
vt 0.57437 0.739473
vt 0.574087 0.739411
vt 0.574087 0.739411
vt 0.574335 0.740906
vt 0.574043 0.740883
vt 0.573996 0.743437
vt 0.574306 0.742243
vt 0.574274 0.743526
vt 0.574019 0.742167
vt 0.574335 0.740906
vt 0.574306 0.742243
vt 0.537297 0.691727
vt 0.537725 0.690039
vt 0.537877 0.690102
vt 0.537134 0.691678
vt 0.537573 0.689976
vt 0.537725 0.690039
vt 0.537725 0.690039
vt 0.538248 0.688346
vt 0.538465 0.688461
vt 0.537877 0.690102
vt 0.538465 0.688461
vt 0.538614 0.688541
vt 0.573837 0.737851
vt 0.57392 0.739359
vt 0.573809 0.739318
vt 0.573945 0.737841
vt 0.574087 0.739411
vt 0.57392 0.739359
vt 0.57392 0.739359
vt 0.574043 0.740883
vt 0.573891 0.740838
vt 0.573809 0.739318
vt 0.573891 0.740838
vt 0.573781 0.740784
vt 0.540223 0.685423
vt 0.539085 0.686782
vt 0.540072 0.685299
vt 0.540307 0.685492
vt 0.539167 0.686838
vt 0.540223 0.685423
vt 0.539253 0.686896
vt 0.538173 0.688306
vt 0.539167 0.686838
vt 0.539167 0.686838
vt 0.538098 0.688266
vt 0.539085 0.686782
vt 0.540404 0.685571
vt 0.539253 0.686896
vt 0.540307 0.685492
vt 0.540526 0.685671
vt 0.539366 0.68697
vt 0.540404 0.685571
vt 0.5395 0.687059
vt 0.538465 0.688461
vt 0.539366 0.68697
vt 0.539366 0.68697
vt 0.538248 0.688346
vt 0.539253 0.686896
vt 0.538268 0.692021
vt 0.538376 0.690308
vt 0.538835 0.690498
vt 0.538835 0.690498
vt 0.539112 0.688806
vt 0.539549 0.689039
vt 0.53779 0.691877
vt 0.538058 0.690176
vt 0.538376 0.690308
vt 0.537484 0.691784
vt 0.537877 0.690102
vt 0.538058 0.690176
vt 0.538058 0.690176
vt 0.538614 0.688541
vt 0.538787 0.688633
vt 0.538376 0.690308
vt 0.538787 0.688633
vt 0.539112 0.688806
vt 0.540677 0.685795
vt 0.5395 0.687059
vt 0.540526 0.685671
vt 0.540925 0.685998
vt 0.539662 0.687167
vt 0.540677 0.685795
vt 0.539949 0.687359
vt 0.538787 0.688633
vt 0.539662 0.687167
vt 0.539662 0.687167
vt 0.538614 0.688541
vt 0.5395 0.687059
vt 0.541311 0.686314
vt 0.539949 0.687359
vt 0.540925 0.685998
vt 0.540362 0.687634
vt 0.539112 0.688806
vt 0.539949 0.687359
vt 0.5388 0.692182
vt 0.538835 0.690498
vt 0.539336 0.690705
vt 0.539336 0.690705
vt 0.539549 0.689039
vt 0.540018 0.689289
vt 0.541741 0.686666
vt 0.540362 0.687634
vt 0.541311 0.686314
vt 0.540813 0.687935
vt 0.539549 0.689039
vt 0.540362 0.687634
vt 0.540129 0.692584
vt 0.540427 0.691155
vt 0.540623 0.691236
vt 0.540623 0.691236
vt 0.54104 0.689835
vt 0.541247 0.689945
vt 0.539931 0.692524
vt 0.540187 0.691056
vt 0.540427 0.691155
vt 0.542655 0.687415
vt 0.541579 0.688445
vt 0.542452 0.687248
vt 0.541795 0.68859
vt 0.54104 0.689835
vt 0.541579 0.688445
vt 0.542815 0.687546
vt 0.541795 0.68859
vt 0.542655 0.687415
vt 0.541972 0.688707
vt 0.54104 0.689835
vt 0.541795 0.68859
vt 0.540874 0.692809
vt 0.540934 0.691365
vt 0.541365 0.691542
vt 0.541365 0.691542
vt 0.541548 0.690106
vt 0.541937 0.690313
vt 0.540446 0.692679
vt 0.540623 0.691236
vt 0.540934 0.691365
vt 0.540934 0.691365
vt 0.541247 0.689945
vt 0.541548 0.690106
vt 0.543071 0.687756
vt 0.541972 0.688707
vt 0.542815 0.687546
vt 0.542252 0.688894
vt 0.541247 0.689945
vt 0.541972 0.688707
vt 0.54342 0.688041
vt 0.542252 0.688894
vt 0.543071 0.687756
vt 0.542633 0.689148
vt 0.541548 0.690106
vt 0.542252 0.688894
vt 0.541977 0.692714
vt 0.543783 0.691637
vt 0.541774 0.695793
vt 0.541365 0.691542
vt 0.542633 0.690016
vt 0.541522 0.692397
vt 0.541522 0.692397
vt 0.543043 0.690348
vt 0.541977 0.692714
vt 0.543873 0.688412
vt 0.542633 0.689148
vt 0.54342 0.688041
vt 0.542633 0.690016
vt 0.541937 0.690313
vt 0.542633 0.689148
vt 0.545844 0.68788
vt 0.543043 0.690348
vt 0.543873 0.688412
vt 0.575952 0.692763
vt 0.576062 0.694581
vt 0.575944 0.694584
vt 0.575944 0.694584
vt 0.576052 0.696371
vt 0.575935 0.696397
vt 0.575911 0.699814
vt 0.576041 0.69811
vt 0.576027 0.699778
vt 0.575923 0.698115
vt 0.576052 0.696371
vt 0.576041 0.69811
vt 0.502919 0.709577
vt 0.501891 0.708059
vt 0.501903 0.708051
vt 0.501903 0.708051
vt 0.500953 0.70649
vt 0.500888 0.706525
vt 0.502976 0.709531
vt 0.501799 0.708121
vt 0.501891 0.708059
vt 0.499555 0.703116
vt 0.500168 0.704839
vt 0.499451 0.703148
vt 0.499485 0.703138
vt 0.500168 0.704839
vt 0.499555 0.703116
vt 0.500186 0.704831
vt 0.500953 0.70649
vt 0.500168 0.704839
vt 0.574183 0.731136
vt 0.574446 0.732913
vt 0.574163 0.73289
vt 0.574163 0.73289
vt 0.574429 0.734645
vt 0.57414 0.734609
vt 0.574125 0.737888
vt 0.574417 0.736328
vt 0.574404 0.737943
vt 0.574134 0.736281
vt 0.574429 0.734645
vt 0.574417 0.736328
vt 0.536631 0.698559
vt 0.53638 0.696835
vt 0.536545 0.696835
vt 0.536462 0.698575
vt 0.536216 0.696835
vt 0.53638 0.696835
vt 0.53638 0.696835
vt 0.536216 0.69507
vt 0.53646 0.695094
vt 0.536545 0.696835
vt 0.53646 0.695094
vt 0.536628 0.69511
vt 0.573894 0.731128
vt 0.573995 0.73287
vt 0.573884 0.732859
vt 0.574002 0.731126
vt 0.574163 0.73289
vt 0.573995 0.73287
vt 0.573995 0.73287
vt 0.57414 0.734609
vt 0.573983 0.734583
vt 0.573884 0.732859
vt 0.573983 0.734583
vt 0.573875 0.734589
vt 0.573945 0.737841
vt 0.574134 0.736281
vt 0.574125 0.737888
vt 0.573837 0.737851
vt 0.573966 0.736243
vt 0.573945 0.737841
vt 0.573856 0.73622
vt 0.573983 0.734583
vt 0.573966 0.736243
vt 0.573966 0.736243
vt 0.57414 0.734609
vt 0.574134 0.736281
vt 0.537134 0.691678
vt 0.536557 0.693338
vt 0.536898 0.691607
vt 0.537297 0.691727
vt 0.536718 0.69337
vt 0.537134 0.691678
vt 0.53688 0.693402
vt 0.53646 0.695094
vt 0.536718 0.69337
vt 0.536718 0.69337
vt 0.536216 0.69507
vt 0.536557 0.693338
vt 0.53764 0.698458
vt 0.537085 0.696834
vt 0.537581 0.696834
vt 0.537581 0.696834
vt 0.53719 0.695165
vt 0.537682 0.695213
vt 0.537144 0.698507
vt 0.53674 0.696834
vt 0.537085 0.696834
vt 0.536825 0.698539
vt 0.536545 0.696835
vt 0.53674 0.696834
vt 0.53674 0.696834
vt 0.536628 0.69511
vt 0.536823 0.695129
vt 0.537085 0.696834
vt 0.536823 0.695129
vt 0.53719 0.695165
vt 0.537484 0.691784
vt 0.53688 0.693402
vt 0.537297 0.691727
vt 0.53779 0.691877
vt 0.537071 0.69344
vt 0.537484 0.691784
vt 0.537409 0.693507
vt 0.536823 0.695129
vt 0.537071 0.69344
vt 0.537071 0.69344
vt 0.536628 0.69511
vt 0.53688 0.693402
vt 0.538268 0.692021
vt 0.537409 0.693507
vt 0.53779 0.691877
vt 0.537896 0.693604
vt 0.53719 0.695165
vt 0.537409 0.693507
vt 0.538193 0.698403
vt 0.537581 0.696834
vt 0.538123 0.696833
vt 0.538123 0.696833
vt 0.537682 0.695213
vt 0.538211 0.695265
vt 0.5388 0.692182
vt 0.537896 0.693604
vt 0.538268 0.692021
vt 0.538428 0.693709
vt 0.537682 0.695213
vt 0.537896 0.693604
vt 0.539575 0.698266
vt 0.539304 0.696832
vt 0.539516 0.696832
vt 0.539516 0.696832
vt 0.539365 0.695377
vt 0.539597 0.6954
vt 0.539369 0.698286
vt 0.539043 0.696832
vt 0.539304 0.696832
vt 0.539931 0.692524
vt 0.539331 0.693887
vt 0.539679 0.692448
vt 0.539586 0.693938
vt 0.539365 0.695377
vt 0.539331 0.693887
vt 0.540129 0.692584
vt 0.539586 0.693938
vt 0.539931 0.692524
vt 0.539794 0.693979
vt 0.539365 0.695377
vt 0.539586 0.693938
vt 0.540363 0.698187
vt 0.539853 0.696831
vt 0.540315 0.696831
vt 0.540315 0.696831
vt 0.539938 0.695433
vt 0.540372 0.695475
vt 0.539904 0.698233
vt 0.539516 0.696832
vt 0.539853 0.696831
vt 0.539853 0.696831
vt 0.539597 0.6954
vt 0.539938 0.695433
vt 0.540446 0.692679
vt 0.539794 0.693979
vt 0.540129 0.692584
vt 0.540124 0.694045
vt 0.539597 0.6954
vt 0.539794 0.693979
vt 0.540874 0.692809
vt 0.540124 0.694045
vt 0.540446 0.692679
vt 0.540578 0.694134
vt 0.539938 0.695433
vt 0.540124 0.694045
vt 0.540904 0.697526
vt 0.541774 0.695793
vt 0.541552 0.698148
vt 0.540315 0.696831
vt 0.54101 0.695001
vt 0.540904 0.697526
vt 0.541522 0.692397
vt 0.540578 0.694134
vt 0.540874 0.692809
vt 0.541977 0.692714
vt 0.54101 0.695001
vt 0.541522 0.692397
vt 0.54101 0.695001
vt 0.540372 0.695475
vt 0.540578 0.694134
vt 0.575911 0.685429
vt 0.576041 0.687242
vt 0.575923 0.68724
vt 0.575923 0.68724
vt 0.576052 0.689068
vt 0.575935 0.68906
vt 0.575952 0.692763
vt 0.576062 0.690912
vt 0.576065 0.692755
vt 0.575944 0.690912
vt 0.576052 0.689068
vt 0.576062 0.690912
vt 0.508556 0.714213
vt 0.507026 0.713203
vt 0.507034 0.713191
vt 0.507034 0.713191
vt 0.505558 0.712113
vt 0.505511 0.71217
vt 0.50859 0.714149
vt 0.506964 0.713296
vt 0.507026 0.713203
vt 0.502976 0.709531
vt 0.504201 0.710888
vt 0.502892 0.7096
vt 0.502919 0.709577
vt 0.504201 0.710888
vt 0.502976 0.709531
vt 0.504215 0.710874
vt 0.505558 0.712113
vt 0.504201 0.710888
vt 0.574163 0.724113
vt 0.574447 0.725813
vt 0.574163 0.725836
vt 0.574163 0.725836
vt 0.574449 0.72758
vt 0.574159 0.727592
vt 0.574183 0.731136
vt 0.574456 0.729363
vt 0.574462 0.731147
vt 0.574173 0.729363
vt 0.574449 0.72758
vt 0.574456 0.729363
vt 0.538629 0.705124
vt 0.537738 0.703628
vt 0.53789 0.703565
vt 0.53848 0.705205
vt 0.537586 0.703691
vt 0.537738 0.703628
vt 0.537738 0.703628
vt 0.536911 0.70206
vt 0.537145 0.701989
vt 0.53789 0.703565
vt 0.537145 0.701989
vt 0.537308 0.70194
vt 0.573875 0.724136
vt 0.573995 0.725855
vt 0.573884 0.725867
vt 0.573983 0.724143
vt 0.574163 0.725836
vt 0.573995 0.725855
vt 0.573995 0.725855
vt 0.574159 0.727592
vt 0.574002 0.7276
vt 0.573884 0.725867
vt 0.574002 0.7276
vt 0.573894 0.727598
vt 0.574002 0.731126
vt 0.574173 0.729363
vt 0.574183 0.731136
vt 0.573894 0.731128
vt 0.574005 0.729363
vt 0.574002 0.731126
vt 0.573894 0.729363
vt 0.574002 0.7276
vt 0.574005 0.729363
vt 0.574005 0.729363
vt 0.574159 0.727592
vt 0.574173 0.729363
vt 0.536462 0.698575
vt 0.536563 0.70033
vt 0.536216 0.6986
vt 0.536631 0.698559
vt 0.536724 0.700298
vt 0.536462 0.698575
vt 0.536886 0.700266
vt 0.537145 0.701989
vt 0.536724 0.700298
vt 0.536724 0.700298
vt 0.536911 0.70206
vt 0.536563 0.70033
vt 0.539523 0.704645
vt 0.538389 0.703358
vt 0.538847 0.703167
vt 0.538847 0.703167
vt 0.537847 0.701775
vt 0.538321 0.701631
vt 0.539084 0.704881
vt 0.538071 0.70349
vt 0.538389 0.703358
vt 0.538801 0.705032
vt 0.53789 0.703565
vt 0.538071 0.70349
vt 0.538071 0.70349
vt 0.537308 0.70194
vt 0.537494 0.701883
vt 0.538389 0.703358
vt 0.537494 0.701883
vt 0.537847 0.701775
vt 0.536825 0.698539
vt 0.536886 0.700266
vt 0.536631 0.698559
vt 0.537144 0.698507
vt 0.537078 0.700227
vt 0.536825 0.698539
vt 0.537415 0.70016
vt 0.537494 0.701883
vt 0.537078 0.700227
vt 0.537078 0.700227
vt 0.537308 0.70194
vt 0.536886 0.700266
vt 0.53764 0.698458
vt 0.537415 0.70016
vt 0.537144 0.698507
vt 0.537902 0.700062
vt 0.537847 0.701775
vt 0.537415 0.70016
vt 0.540013 0.704383
vt 0.538847 0.703167
vt 0.539348 0.702959
vt 0.539348 0.702959
vt 0.538321 0.701631
vt 0.538829 0.701477
vt 0.538193 0.698403
vt 0.537902 0.700062
vt 0.53764 0.698458
vt 0.538434 0.699956
vt 0.538321 0.701631
vt 0.537902 0.700062
vt 0.541237 0.703727
vt 0.540438 0.702506
vt 0.540634 0.702425
vt 0.540634 0.702425
vt 0.539938 0.701139
vt 0.540161 0.701071
vt 0.541054 0.703825
vt 0.540198 0.702606
vt 0.540438 0.702506
vt 0.539369 0.698286
vt 0.539336 0.699776
vt 0.539107 0.698312
vt 0.539591 0.699725
vt 0.539938 0.701139
vt 0.539336 0.699776
vt 0.539575 0.698266
vt 0.539591 0.699725
vt 0.539369 0.698286
vt 0.539799 0.699683
vt 0.539938 0.701139
vt 0.539591 0.699725
vt 0.541923 0.70336
vt 0.541261 0.702165
vt 0.541518 0.701597
vt 0.541923 0.70336
vt 0.540945 0.702296
vt 0.541261 0.702165
vt 0.541261 0.702165
vt 0.540489 0.700971
vt 0.540906 0.700844
vt 0.541529 0.703571
vt 0.540634 0.702425
vt 0.540945 0.702296
vt 0.540945 0.702296
vt 0.540161 0.701071
vt 0.540489 0.700971
vt 0.539904 0.698233
vt 0.539799 0.699683
vt 0.539575 0.698266
vt 0.54013 0.699617
vt 0.540161 0.701071
vt 0.539799 0.699683
vt 0.540363 0.698187
vt 0.54013 0.699617
vt 0.539904 0.698233
vt 0.540586 0.699526
vt 0.540489 0.700971
vt 0.54013 0.699617
vt 0.543022 0.703212
vt 0.541518 0.701597
vt 0.541882 0.700949
vt 0.540363 0.698187
vt 0.541126 0.699396
vt 0.540586 0.699526
vt 0.541126 0.699396
vt 0.541882 0.700949
vt 0.541518 0.701597
vt 0.540586 0.699526
vt 0.541518 0.701597
vt 0.540906 0.700844
vt 0.540904 0.697526
vt 0.541552 0.698148
vt 0.541126 0.699396
vt 0.541552 0.698148
vt 0.542785 0.698547
vt 0.541882 0.700949
vt 0.575796 0.678908
vt 0.575944 0.680451
vt 0.575825 0.680453
vt 0.575825 0.680453
vt 0.575973 0.682045
vt 0.575855 0.682004
vt 0.575911 0.685429
vt 0.576002 0.683713
vt 0.57603 0.685451
vt 0.575883 0.683709
vt 0.575973 0.682045
vt 0.576002 0.683713
vt 0.515538 0.716338
vt 0.513738 0.715991
vt 0.513741 0.715977
vt 0.513741 0.715977
vt 0.511965 0.715547
vt 0.511943 0.715616
vt 0.515545 0.716266
vt 0.513716 0.7161
vt 0.513738 0.715991
vt 0.50859 0.714149
vt 0.510202 0.71503
vt 0.508526 0.71427
vt 0.510244 0.714928
vt 0.511965 0.715547
vt 0.510202 0.71503
vt 0.508556 0.714213
vt 0.510244 0.714928
vt 0.50859 0.714149
vt 0.51025 0.714914
vt 0.511965 0.715547
vt 0.510244 0.714928
vt 0.574067 0.717846
vt 0.57437 0.719252
vt 0.574087 0.719314
vt 0.574087 0.719314
vt 0.574391 0.720785
vt 0.574102 0.720844
vt 0.574163 0.724113
vt 0.574417 0.722399
vt 0.574443 0.724079
vt 0.574134 0.722445
vt 0.574391 0.720785
vt 0.574417 0.722399
vt 0.542988 0.710426
vt 0.541592 0.709384
vt 0.541709 0.709267
vt 0.542881 0.710557
vt 0.541476 0.709501
vt 0.541592 0.709384
vt 0.541592 0.709384
vt 0.540228 0.708253
vt 0.540418 0.708097
vt 0.541709 0.709267
vt 0.540418 0.708097
vt 0.540549 0.707989
vt 0.573782 0.717939
vt 0.57392 0.719366
vt 0.573809 0.719407
vt 0.573891 0.717885
vt 0.574087 0.719314
vt 0.57392 0.719366
vt 0.57392 0.719366
vt 0.574102 0.720844
vt 0.573945 0.720886
vt 0.573809 0.719407
vt 0.573945 0.720886
vt 0.573837 0.720876
vt 0.573983 0.724143
vt 0.574134 0.722445
vt 0.574163 0.724113
vt 0.573875 0.724136
vt 0.573966 0.722483
vt 0.573983 0.724143
vt 0.573856 0.722506
vt 0.573945 0.720886
vt 0.573966 0.722483
vt 0.573966 0.722483
vt 0.574102 0.720844
vt 0.574134 0.722445
vt 0.53848 0.705205
vt 0.539245 0.706787
vt 0.538262 0.705321
vt 0.538629 0.705124
vt 0.539382 0.706696
vt 0.53848 0.705205
vt 0.539519 0.706604
vt 0.540418 0.708097
vt 0.539382 0.706696
vt 0.539382 0.706696
vt 0.540228 0.708253
vt 0.539245 0.706787
vt 0.543631 0.709641
vt 0.542085 0.70889
vt 0.542447 0.708528
vt 0.542447 0.708528
vt 0.540982 0.707632
vt 0.541367 0.707317
vt 0.543315 0.710027
vt 0.541847 0.709129
vt 0.542085 0.70889
vt 0.543112 0.710275
vt 0.541709 0.709267
vt 0.541847 0.709129
vt 0.541847 0.709129
vt 0.540549 0.707989
vt 0.540699 0.707865
vt 0.542085 0.70889
vt 0.540699 0.707865
vt 0.540982 0.707632
vt 0.538801 0.705032
vt 0.539519 0.706604
vt 0.538629 0.705124
vt 0.539084 0.704881
vt 0.539681 0.706495
vt 0.538801 0.705032
vt 0.539967 0.706304
vt 0.540699 0.707865
vt 0.539681 0.706495
vt 0.539681 0.706495
vt 0.540549 0.707989
vt 0.539519 0.706604
vt 0.539523 0.704645
vt 0.539967 0.706304
vt 0.539084 0.704881
vt 0.54038 0.706027
vt 0.540982 0.707632
vt 0.539967 0.706304
vt 0.543983 0.709211
vt 0.542447 0.708528
vt 0.542824 0.70815
vt 0.542824 0.70815
vt 0.541367 0.707317
vt 0.541777 0.706979
vt 0.540013 0.704383
vt 0.54038 0.706027
vt 0.539523 0.704645
vt 0.54083 0.705726
vt 0.541367 0.707317
vt 0.54038 0.706027
vt 0.544863 0.708137
vt 0.543658 0.707315
vt 0.543808 0.707165
vt 0.543808 0.707165
vt 0.542672 0.706243
vt 0.542853 0.706095
vt 0.544732 0.708297
vt 0.543474 0.707499
vt 0.543658 0.707315
vt 0.541054 0.703825
vt 0.541595 0.705214
vt 0.540823 0.703949
vt 0.541811 0.705069
vt 0.542672 0.706243
vt 0.541595 0.705214
vt 0.541237 0.703727
vt 0.541811 0.705069
vt 0.541054 0.703825
vt 0.541987 0.704951
vt 0.542672 0.706243
vt 0.541811 0.705069
vt 0.545358 0.707533
vt 0.544045 0.706926
vt 0.544369 0.706602
vt 0.544369 0.706602
vt 0.543117 0.705877
vt 0.543457 0.705597
vt 0.545073 0.707881
vt 0.543808 0.707165
vt 0.544045 0.706926
vt 0.544045 0.706926
vt 0.542853 0.706095
vt 0.543117 0.705877
vt 0.541529 0.703571
vt 0.541987 0.704951
vt 0.541237 0.703727
vt 0.542267 0.704764
vt 0.542853 0.706095
vt 0.541987 0.704951
vt 0.541923 0.70336
vt 0.542267 0.704764
vt 0.541529 0.703571
vt 0.542654 0.704505
vt 0.543117 0.705877
vt 0.542267 0.704764
vt 0.54573 0.707079
vt 0.5442 0.705754
vt 0.544748 0.70549
vt 0.54573 0.707079
vt 0.544369 0.706602
vt 0.5442 0.705754
vt 0.541923 0.70336
vt 0.542638 0.703633
vt 0.542654 0.704505
vt 0.542638 0.703633
vt 0.544748 0.70549
vt 0.5442 0.705754
vt 0.542654 0.704505
vt 0.5442 0.705754
vt 0.543457 0.705597
vt 0.543022 0.703212
vt 0.545072 0.703883
vt 0.544748 0.70549
vt 0.579095 0.696391
vt 0.579431 0.698106
vt 0.579315 0.698111
vt 0.579431 0.698106
vt 0.579865 0.699774
vt 0.579559 0.699811
vt 0.580219 0.702912
vt 0.579991 0.701368
vt 0.580325 0.70292
vt 0.579881 0.701367
vt 0.579559 0.699811
vt 0.579991 0.701368
vt 0.522802 0.71563
vt 0.521006 0.715998
vt 0.521003 0.715984
vt 0.521003 0.715984
vt 0.519197 0.716266
vt 0.519204 0.716338
vt 0.522781 0.71556
vt 0.521028 0.716107
vt 0.521006 0.715998
vt 0.515545 0.716266
vt 0.517371 0.716463
vt 0.515532 0.716402
vt 0.517371 0.716353
vt 0.519197 0.716266
vt 0.517371 0.716463
vt 0.515538 0.716338
vt 0.517371 0.716353
vt 0.515545 0.716266
vt 0.517371 0.716338
vt 0.519197 0.716266
vt 0.517371 0.716353
vt 0.577195 0.746884
vt 0.576766 0.745181
vt 0.577004 0.745223
vt 0.577004 0.745223
vt 0.576562 0.743517
vt 0.576798 0.743576
vt 0.574067 0.717846
vt 0.574306 0.716483
vt 0.574348 0.717815
vt 0.574019 0.716558
vt 0.574261 0.715205
vt 0.574306 0.716483
vt 0.549045 0.713655
vt 0.547359 0.713221
vt 0.547419 0.713075
vt 0.548999 0.713807
vt 0.547311 0.713337
vt 0.547359 0.713221
vt 0.547359 0.713221
vt 0.545725 0.712588
vt 0.545784 0.712477
vt 0.547419 0.713075
vt 0.545784 0.712477
vt 0.545858 0.712338
vt 0.548963 0.713926
vt 0.547271 0.713433
vt 0.547311 0.713337
vt 0.548931 0.714031
vt 0.547229 0.713536
vt 0.547271 0.713433
vt 0.547271 0.713433
vt 0.545583 0.712854
vt 0.545673 0.712684
vt 0.547311 0.713337
vt 0.545673 0.712684
vt 0.545725 0.712588
vt 0.54267 0.710814
vt 0.5441 0.711867
vt 0.542616 0.71088
vt 0.542724 0.710748
vt 0.544153 0.711785
vt 0.54267 0.710814
vt 0.544211 0.711698
vt 0.545673 0.712684
vt 0.544153 0.711785
vt 0.544153 0.711785
vt 0.545583 0.712854
vt 0.5441 0.711867
vt 0.542881 0.710557
vt 0.544211 0.711698
vt 0.542724 0.710748
vt 0.542988 0.710426
vt 0.544287 0.711586
vt 0.542881 0.710557
vt 0.544376 0.711452
vt 0.545784 0.712477
vt 0.544287 0.711586
vt 0.544287 0.711586
vt 0.545725 0.712588
vt 0.544211 0.711698
vt 0.549338 0.712684
vt 0.547625 0.712576
vt 0.547815 0.712117
vt 0.547815 0.712117
vt 0.546123 0.71184
vt 0.546356 0.711404
vt 0.549194 0.713162
vt 0.547494 0.712895
vt 0.547625 0.712576
vt 0.549101 0.713469
vt 0.547419 0.713075
vt 0.547494 0.712895
vt 0.547494 0.712895
vt 0.545858 0.712338
vt 0.54595 0.712166
vt 0.547625 0.712576
vt 0.54595 0.712166
vt 0.546123 0.71184
vt 0.543112 0.710275
vt 0.544376 0.711452
vt 0.542988 0.710426
vt 0.543315 0.710027
vt 0.544485 0.71129
vt 0.543112 0.710275
vt 0.544676 0.711003
vt 0.54595 0.712166
vt 0.544485 0.71129
vt 0.544485 0.71129
vt 0.545858 0.712338
vt 0.544376 0.711452
vt 0.543631 0.709641
vt 0.544676 0.711003
vt 0.543315 0.710027
vt 0.544951 0.71059
vt 0.546123 0.71184
vt 0.544676 0.711003
vt 0.549499 0.712152
vt 0.547815 0.712117
vt 0.548022 0.711616
vt 0.548022 0.711616
vt 0.546356 0.711404
vt 0.546606 0.710935
vt 0.543983 0.709211
vt 0.544951 0.71059
vt 0.543631 0.709641
vt 0.545252 0.710139
vt 0.546356 0.711404
vt 0.544951 0.71059
vt 0.549901 0.710824
vt 0.548472 0.710525
vt 0.548553 0.710329
vt 0.548553 0.710329
vt 0.547152 0.709912
vt 0.547262 0.709706
vt 0.549841 0.711022
vt 0.548373 0.710766
vt 0.548472 0.710525
vt 0.544732 0.708297
vt 0.545762 0.709374
vt 0.544565 0.708501
vt 0.545907 0.709157
vt 0.547152 0.709912
vt 0.545762 0.709374
vt 0.544863 0.708137
vt 0.545907 0.709157
vt 0.544732 0.708297
vt 0.546024 0.70898
vt 0.547152 0.709912
vt 0.545907 0.709157
vt 0.550126 0.710078
vt 0.548682 0.710018
vt 0.54886 0.709588
vt 0.54886 0.709588
vt 0.547423 0.709404
vt 0.54763 0.709015
vt 0.549996 0.710507
vt 0.548553 0.710329
vt 0.548682 0.710018
vt 0.548682 0.710018
vt 0.547262 0.709706
vt 0.547423 0.709404
vt 0.545073 0.707881
vt 0.546024 0.70898
vt 0.544863 0.708137
vt 0.546211 0.7087
vt 0.547262 0.709706
vt 0.546024 0.70898
vt 0.545358 0.707533
vt 0.546211 0.7087
vt 0.545073 0.707881
vt 0.546465 0.70832
vt 0.547423 0.709404
vt 0.546211 0.7087
vt 0.550031 0.708976
vt 0.548333 0.707535
vt 0.55387 0.708469
vt 0.54886 0.709588
vt 0.547413 0.708218
vt 0.549714 0.70943
vt 0.549714 0.70943
vt 0.547413 0.708218
vt 0.550031 0.708976
vt 0.54573 0.707079
vt 0.546465 0.70832
vt 0.545358 0.707533
vt 0.547413 0.708218
vt 0.54763 0.709015
vt 0.546465 0.70832
vt 0.544748 0.70549
vt 0.547413 0.708218
vt 0.54573 0.707079
vt 0.57886 0.689057
vt 0.578966 0.690908
vt 0.578847 0.690908
vt 0.578847 0.690908
vt 0.578989 0.692752
vt 0.57885 0.692761
vt 0.579095 0.696391
vt 0.579084 0.694578
vt 0.579228 0.696369
vt 0.578965 0.694581
vt 0.578989 0.692752
vt 0.579084 0.694578
vt 0.529242 0.712195
vt 0.527724 0.713223
vt 0.527715 0.713211
vt 0.527715 0.713211
vt 0.526155 0.714163
vt 0.526189 0.714226
vt 0.529196 0.712139
vt 0.527785 0.713315
vt 0.527724 0.713223
vt 0.522781 0.71556
vt 0.524544 0.715044
vt 0.52282 0.715691
vt 0.524501 0.714942
vt 0.526155 0.714163
vt 0.524544 0.715044
vt 0.522802 0.71563
vt 0.524501 0.714942
vt 0.522781 0.71556
vt 0.524496 0.714928
vt 0.526155 0.714163
vt 0.524501 0.714942
vt 0.577395 0.753933
vt 0.577188 0.752153
vt 0.577426 0.752154
vt 0.577426 0.752154
vt 0.57717 0.75037
vt 0.577433 0.750374
vt 0.577195 0.746884
vt 0.577087 0.748602
vt 0.576945 0.746869
vt 0.577326 0.748622
vt 0.57717 0.75037
vt 0.577087 0.748602
vt 0.555876 0.714322
vt 0.554152 0.714565
vt 0.554152 0.714407
vt 0.555891 0.714479
vt 0.554152 0.71469
vt 0.554152 0.714565
vt 0.554152 0.714565
vt 0.5524 0.714606
vt 0.552412 0.714481
vt 0.554152 0.714407
vt 0.552412 0.714481
vt 0.552427 0.714324
vt 0.555904 0.714603
vt 0.554152 0.714795
vt 0.554152 0.71469
vt 0.555915 0.714712
vt 0.554152 0.714906
vt 0.554152 0.714795
vt 0.554152 0.714795
vt 0.552371 0.714906
vt 0.552389 0.714715
vt 0.554152 0.71469
vt 0.552389 0.714715
vt 0.5524 0.714606
vt 0.548931 0.714031
vt 0.550623 0.714562
vt 0.548874 0.714218
vt 0.548963 0.713926
vt 0.550644 0.714453
vt 0.548931 0.714031
vt 0.550664 0.71435
vt 0.552389 0.714715
vt 0.550644 0.714453
vt 0.550644 0.714453
vt 0.552371 0.714906
vt 0.550623 0.714562
vt 0.548999 0.713807
vt 0.550664 0.71435
vt 0.548963 0.713926
vt 0.549045 0.713655
vt 0.550689 0.714228
vt 0.548999 0.713807
vt 0.55072 0.714073
vt 0.552412 0.714481
vt 0.550689 0.714228
vt 0.550689 0.714228
vt 0.5524 0.714606
vt 0.550664 0.71435
vt 0.555775 0.713312
vt 0.554151 0.713875
vt 0.554151 0.713362
vt 0.554151 0.713362
vt 0.552482 0.713767
vt 0.55253 0.71327
vt 0.555825 0.713809
vt 0.554151 0.714212
vt 0.554151 0.713875
vt 0.555856 0.714127
vt 0.554152 0.714407
vt 0.554151 0.714212
vt 0.554151 0.714212
vt 0.552427 0.714324
vt 0.552446 0.71413
vt 0.554151 0.713875
vt 0.552446 0.71413
vt 0.552482 0.713767
vt 0.549101 0.713469
vt 0.55072 0.714073
vt 0.549045 0.713655
vt 0.549194 0.713162
vt 0.550757 0.713881
vt 0.549101 0.713469
vt 0.550823 0.71355
vt 0.552446 0.71413
vt 0.550757 0.713881
vt 0.550757 0.713881
vt 0.552427 0.714324
vt 0.55072 0.714073
vt 0.549338 0.712684
vt 0.550823 0.71355
vt 0.549194 0.713162
vt 0.550922 0.713047
vt 0.552482 0.713767
vt 0.550823 0.71355
vt 0.55572 0.712759
vt 0.554151 0.713362
vt 0.55415 0.712829
vt 0.55415 0.712829
vt 0.55253 0.71327
vt 0.552582 0.712741
vt 0.549499 0.712152
vt 0.550922 0.713047
vt 0.549338 0.712684
vt 0.551026 0.712524
vt 0.55253 0.71327
vt 0.550922 0.713047
vt 0.555583 0.711378
vt 0.554149 0.711649
vt 0.554149 0.711436
vt 0.554149 0.711436
vt 0.552694 0.711587
vt 0.552717 0.711355
vt 0.555603 0.711584
vt 0.554149 0.711909
vt 0.554149 0.711649
vt 0.549841 0.711022
vt 0.551205 0.711622
vt 0.549765 0.711273
vt 0.551255 0.711366
vt 0.552694 0.711587
vt 0.551205 0.711622
vt 0.549901 0.710824
vt 0.551255 0.711366
vt 0.549841 0.711022
vt 0.551296 0.711158
vt 0.552694 0.711587
vt 0.551255 0.711366
vt 0.555504 0.710589
vt 0.554148 0.7111
vt 0.554148 0.710638
vt 0.554148 0.710638
vt 0.55275 0.711015
vt 0.552792 0.710581
vt 0.55555 0.711048
vt 0.554149 0.711436
vt 0.554148 0.7111
vt 0.554148 0.7111
vt 0.552717 0.711355
vt 0.55275 0.711015
vt 0.549996 0.710507
vt 0.551296 0.711158
vt 0.549901 0.710824
vt 0.551362 0.710828
vt 0.552717 0.711355
vt 0.551296 0.711158
vt 0.550126 0.710078
vt 0.551362 0.710828
vt 0.549996 0.710507
vt 0.551973 0.71012
vt 0.552792 0.710581
vt 0.551428 0.710492
vt 0.551428 0.710492
vt 0.55275 0.711015
vt 0.551362 0.710828
vt 0.554844 0.710048
vt 0.552515 0.709633
vt 0.556172 0.708941
vt 0.554148 0.710638
vt 0.551973 0.71012
vt 0.554844 0.710048
vt 0.549714 0.70943
vt 0.551973 0.71012
vt 0.550126 0.710078
vt 0.550031 0.708976
vt 0.551973 0.71012
vt 0.549714 0.70943
vt 0.55387 0.708469
vt 0.552515 0.709633
vt 0.550031 0.708976
vt 0.543783 0.691637
vt 0.552384 0.685289
vt 0.542785 0.698547
vt 0.559312 0.686461
vt 0.56558 0.694909
vt 0.552384 0.685289
vt 0.55387 0.708469
vt 0.542785 0.698547
vt 0.56558 0.694909
vt 0.548333 0.707535
vt 0.545072 0.703883
vt 0.55387 0.708469
vt 0.542785 0.698547
vt 0.55387 0.708469
vt 0.545072 0.703883
vt 0.564849 0.702603
vt 0.562237 0.704896
vt 0.56558 0.694909
vt 0.56558 0.694909
vt 0.562237 0.704896
vt 0.55387 0.708469
vt 0.572167 0.688055
vt 0.572234 0.689763
vt 0.572183 0.68972
vt 0.572151 0.686389
vt 0.57222 0.688078
vt 0.572167 0.688055
vt 0.572201 0.686457
vt 0.572323 0.688101
vt 0.57222 0.688078
vt 0.57222 0.688078
vt 0.572334 0.689781
vt 0.572234 0.689763
vt 0.572151 0.686389
vt 0.572178 0.684915
vt 0.572201 0.686457
vt 0.572126 0.684889
vt 0.57215 0.683412
vt 0.572178 0.684915
vt 0.572178 0.684915
vt 0.57223 0.683456
vt 0.57228 0.684949
vt 0.572201 0.686457
vt 0.57228 0.684949
vt 0.572309 0.686488
vt 0.573632 0.688303
vt 0.573817 0.689957
vt 0.573646 0.689935
vt 0.573615 0.686735
vt 0.573804 0.688334
vt 0.573632 0.688303
vt 0.573786 0.686771
vt 0.573937 0.688354
vt 0.573804 0.688334
vt 0.573804 0.688334
vt 0.573952 0.689949
vt 0.573817 0.689957
vt 0.573615 0.686735
vt 0.573764 0.685293
vt 0.573786 0.686771
vt 0.573592 0.685248
vt 0.573738 0.683903
vt 0.573764 0.685293
vt 0.573764 0.685293
vt 0.573873 0.683884
vt 0.573897 0.685321
vt 0.573786 0.686771
vt 0.573897 0.685321
vt 0.573922 0.686758
vt 0.540642 0.721704
vt 0.539379 0.722858
vt 0.540383 0.721492
vt 0.539653 0.723041
vt 0.538505 0.724311
vt 0.539379 0.722858
vt 0.539379 0.722858
vt 0.538205 0.724151
vt 0.539162 0.722713
vt 0.540383 0.721492
vt 0.539162 0.722713
vt 0.540118 0.721275
vt 0.53809 0.725972
vt 0.538505 0.724311
vt 0.5388 0.724468
vt 0.537531 0.727538
vt 0.537786 0.725846
vt 0.53809 0.725972
vt 0.537211 0.727441
vt 0.537544 0.725747
vt 0.537786 0.725846
vt 0.537786 0.725846
vt 0.538205 0.724151
vt 0.538505 0.724311
vt 0.53809 0.725972
vt 0.538323 0.727777
vt 0.537531 0.727538
vt 0.5388 0.724468
vt 0.538661 0.726208
vt 0.53809 0.725972
vt 0.5388 0.724468
vt 0.540167 0.723383
vt 0.539481 0.724831
vt 0.539653 0.723041
vt 0.541093 0.722074
vt 0.540167 0.723383
vt 0.541875 0.724522
vt 0.539481 0.724831
vt 0.540167 0.723383
vt 0.542031 0.722842
vt 0.540167 0.723383
vt 0.541093 0.722074
vt 0.540558 0.726992
vt 0.539481 0.724831
vt 0.541218 0.725758
vt 0.538323 0.727777
vt 0.538661 0.726208
vt 0.540558 0.726992
vt 0.540558 0.726992
vt 0.540172 0.728336
vt 0.538323 0.727777
vt 0.54234 0.724833
vt 0.541218 0.725758
vt 0.541875 0.724522
vt 0.543112 0.723727
vt 0.541875 0.724522
vt 0.542776 0.723452
vt 0.5406 0.728466
vt 0.540558 0.726992
vt 0.541069 0.727203
vt 0.541069 0.727203
vt 0.541218 0.725758
vt 0.541652 0.725989
vt 0.5406 0.728466
vt 0.541534 0.727418
vt 0.540953 0.729224
vt 0.541069 0.727203
vt 0.542387 0.725796
vt 0.541534 0.727418
vt 0.54234 0.724833
vt 0.543831 0.723577
vt 0.542387 0.725796
vt 0.541742 0.728959
vt 0.540953 0.729224
vt 0.541534 0.727418
vt 0.542882 0.726429
vt 0.541534 0.727418
vt 0.542387 0.725796
vt 0.513816 0.71741
vt 0.512057 0.717783
vt 0.512046 0.717748
vt 0.515595 0.71716
vt 0.513823 0.717447
vt 0.513816 0.71741
vt 0.515598 0.717193
vt 0.51383 0.717471
vt 0.513823 0.717447
vt 0.513823 0.717447
vt 0.512067 0.717818
vt 0.512057 0.717783
vt 0.515595 0.71716
vt 0.517388 0.717111
vt 0.515598 0.717193
vt 0.517388 0.717073
vt 0.519176 0.717195
vt 0.517388 0.717111
vt 0.517388 0.717111
vt 0.519183 0.717124
vt 0.517387 0.717124
vt 0.515598 0.717193
vt 0.517387 0.717124
vt 0.515592 0.717124
vt 0.573541 0.682562
vt 0.573738 0.683903
vt 0.573566 0.683855
vt 0.573557 0.68133
vt 0.573709 0.682619
vt 0.573541 0.682562
vt 0.573683 0.681387
vt 0.573841 0.682664
vt 0.573709 0.682619
vt 0.573709 0.682619
vt 0.573873 0.683884
vt 0.573738 0.683903
vt 0.542468 0.71872
vt 0.543957 0.717814
vt 0.542515 0.718776
vt 0.543914 0.71775
vt 0.545395 0.716844
vt 0.543957 0.717814
vt 0.543957 0.717814
vt 0.545429 0.716908
vt 0.544021 0.717909
vt 0.542515 0.718776
vt 0.544021 0.717909
vt 0.542561 0.718833
vt 0.545749 0.717505
vt 0.544143 0.718091
vt 0.545592 0.717211
vt 0.544324 0.718361
vt 0.542778 0.719097
vt 0.544143 0.718091
vt 0.544143 0.718091
vt 0.542561 0.718833
vt 0.544021 0.717909
vt 0.545592 0.717211
vt 0.544021 0.717909
vt 0.545429 0.716908
vt 0.541758 0.720471
vt 0.542778 0.719097
vt 0.542989 0.719354
vt 0.540642 0.721704
vt 0.541525 0.720239
vt 0.541758 0.720471
vt 0.540383 0.721492
vt 0.54134 0.720054
vt 0.541525 0.720239
vt 0.541525 0.720239
vt 0.542561 0.718833
vt 0.542778 0.719097
vt 0.541758 0.720471
vt 0.541093 0.722074
vt 0.540642 0.721704
vt 0.542989 0.719354
vt 0.542195 0.720907
vt 0.541758 0.720471
vt 0.542989 0.719354
vt 0.544667 0.718874
vt 0.543479 0.71995
vt 0.544324 0.718361
vt 0.546024 0.718019
vt 0.544667 0.718874
vt 0.545809 0.72058
vt 0.543479 0.71995
vt 0.544667 0.718874
vt 0.546597 0.719088
vt 0.544667 0.718874
vt 0.546024 0.718019
vt 0.543648 0.722358
vt 0.543479 0.71995
vt 0.544729 0.72147
vt 0.542031 0.722842
vt 0.542195 0.720907
vt 0.543648 0.722358
vt 0.543648 0.722358
vt 0.542776 0.723452
vt 0.542031 0.722842
vt 0.54612 0.721044
vt 0.544729 0.72147
vt 0.545809 0.72058
vt 0.547261 0.720327
vt 0.545809 0.72058
vt 0.547052 0.719937
vt 0.543112 0.723727
vt 0.543648 0.722358
vt 0.54404 0.722749
vt 0.54404 0.722749
vt 0.544729 0.72147
vt 0.545045 0.721853
vt 0.54404 0.722749
vt 0.545764 0.721806
vt 0.543831 0.723577
vt 0.543831 0.723577
vt 0.546107 0.722142
vt 0.544115 0.724013
vt 0.54612 0.721044
vt 0.547508 0.720788
vt 0.545764 0.721806
vt 0.545764 0.721806
vt 0.547508 0.720788
vt 0.546107 0.722142
vt 0.546905 0.723287
vt 0.544115 0.724013
vt 0.546107 0.722142
vt 0.520958 0.717417
vt 0.519176 0.717195
vt 0.51918 0.717162
vt 0.522726 0.717762
vt 0.52095 0.717454
vt 0.520958 0.717417
vt 0.522716 0.717797
vt 0.520944 0.717478
vt 0.52095 0.717454
vt 0.52095 0.717454
vt 0.519183 0.717124
vt 0.519176 0.717195
vt 0.578834 0.681394
vt 0.578757 0.682919
vt 0.578784 0.681417
vt 0.57881 0.682892
vt 0.578735 0.684459
vt 0.578757 0.682919
vt 0.578757 0.682919
vt 0.578634 0.684489
vt 0.578655 0.682952
vt 0.578784 0.681417
vt 0.578655 0.682952
vt 0.578696 0.681467
vt 0.577393 0.680565
vt 0.57725 0.679389
vt 0.577376 0.679333
vt 0.577368 0.68186
vt 0.577224 0.680623
vt 0.577393 0.680565
vt 0.577196 0.681908
vt 0.577092 0.680669
vt 0.577224 0.680623
vt 0.577224 0.680623
vt 0.577123 0.679446
vt 0.57725 0.679389
vt 0.577368 0.68186
vt 0.577171 0.683297
vt 0.577196 0.681908
vt 0.577343 0.683252
vt 0.57715 0.684775
vt 0.577171 0.683297
vt 0.577171 0.683297
vt 0.577015 0.684761
vt 0.577038 0.683326
vt 0.577196 0.681908
vt 0.577038 0.683326
vt 0.577061 0.681891
vt 0.552074 0.715579
vt 0.550365 0.715503
vt 0.552041 0.715247
vt 0.55043 0.715825
vt 0.54872 0.715912
vt 0.550365 0.715503
vt 0.550365 0.715503
vt 0.54862 0.715586
vt 0.550314 0.715246
vt 0.552041 0.715247
vt 0.550314 0.715246
vt 0.552007 0.714906
vt 0.547251 0.716793
vt 0.54872 0.715912
vt 0.548817 0.716231
vt 0.545749 0.717505
vt 0.547125 0.716489
vt 0.547251 0.716793
vt 0.545592 0.717211
vt 0.547025 0.716247
vt 0.547125 0.716489
vt 0.547125 0.716489
vt 0.54862 0.715586
vt 0.54872 0.715912
vt 0.547251 0.716793
vt 0.546024 0.718019
vt 0.545749 0.717505
vt 0.548817 0.716231
vt 0.547488 0.717363
vt 0.547251 0.716793
vt 0.548817 0.716231
vt 0.550551 0.716431
vt 0.549042 0.71697
vt 0.55043 0.715825
vt 0.552132 0.71616
vt 0.550551 0.716431
vt 0.550953 0.718444
vt 0.549042 0.71697
vt 0.550551 0.716431
vt 0.552252 0.717367
vt 0.550551 0.716431
vt 0.552132 0.71616
vt 0.548276 0.719259
vt 0.549042 0.71697
vt 0.549615 0.718853
vt 0.546597 0.719088
vt 0.547488 0.717363
vt 0.548276 0.719259
vt 0.548276 0.719259
vt 0.547052 0.719937
vt 0.546597 0.719088
vt 0.551062 0.718987
vt 0.549615 0.718853
vt 0.550953 0.718444
vt 0.55239 0.718757
vt 0.550953 0.718444
vt 0.552347 0.718325
vt 0.547261 0.720327
vt 0.548276 0.719259
vt 0.54849 0.719774
vt 0.54849 0.719774
vt 0.549615 0.718853
vt 0.549759 0.719327
vt 0.54849 0.719774
vt 0.547508 0.720788
vt 0.547261 0.720327
vt 0.549759 0.719327
vt 0.549355 0.719973
vt 0.54849 0.719774
vt 0.551062 0.718987
vt 0.549355 0.719973
vt 0.549759 0.719327
vt 0.55239 0.718757
vt 0.551907 0.719389
vt 0.551062 0.718987
vt 0.578771 0.686057
vt 0.578735 0.684459
vt 0.578785 0.68439
vt 0.578756 0.687723
vt 0.578718 0.686081
vt 0.578771 0.686057
vt 0.578706 0.687765
vt 0.578615 0.686103
vt 0.578718 0.686081
vt 0.578718 0.686081
vt 0.578634 0.684489
vt 0.578735 0.684459
vt 0.578756 0.687723
vt 0.578698 0.689503
vt 0.578706 0.687765
vt 0.578751 0.689491
vt 0.578696 0.691274
vt 0.578698 0.689503
vt 0.578698 0.689503
vt 0.578595 0.69128
vt 0.578595 0.689515
vt 0.578706 0.687765
vt 0.578595 0.689515
vt 0.578598 0.687784
vt 0.577306 0.686306
vt 0.57715 0.684775
vt 0.577322 0.684739
vt 0.577294 0.687939
vt 0.577134 0.686337
vt 0.577306 0.686306
vt 0.577122 0.687961
vt 0.577001 0.686357
vt 0.577134 0.686337
vt 0.577134 0.686337
vt 0.577015 0.684761
vt 0.57715 0.684775
vt 0.577294 0.687939
vt 0.577115 0.689637
vt 0.577122 0.687961
vt 0.577286 0.68962
vt 0.577112 0.691343
vt 0.577115 0.689637
vt 0.577115 0.689637
vt 0.576977 0.69134
vt 0.576982 0.689647
vt 0.577122 0.687961
vt 0.576982 0.689647
vt 0.576987 0.687953
vt 0.558655 0.716221
vt 0.557105 0.715496
vt 0.558751 0.715901
vt 0.557041 0.715819
vt 0.555428 0.715245
vt 0.557105 0.715496
vt 0.557105 0.715496
vt 0.555461 0.714906
vt 0.557156 0.71524
vt 0.558751 0.715901
vt 0.557156 0.71524
vt 0.55885 0.715573
vt 0.553735 0.715497
vt 0.555428 0.715245
vt 0.555396 0.715577
vt 0.552074 0.715579
vt 0.553734 0.715168
vt 0.553735 0.715497
vt 0.552041 0.715247
vt 0.553734 0.714906
vt 0.553734 0.715168
vt 0.553734 0.715168
vt 0.555461 0.714906
vt 0.555428 0.715245
vt 0.553735 0.715497
vt 0.552132 0.71616
vt 0.552074 0.715579
vt 0.555396 0.715577
vt 0.553735 0.716114
vt 0.553735 0.715497
vt 0.555396 0.715577
vt 0.556921 0.716425
vt 0.555321 0.716345
vt 0.557041 0.715819
vt 0.558486 0.71678
vt 0.556921 0.716425
vt 0.556522 0.718439
vt 0.555321 0.716345
vt 0.556921 0.716425
vt 0.558135 0.71794
vt 0.556921 0.716425
vt 0.558486 0.71678
vt 0.553737 0.718167
vt 0.555321 0.716345
vt 0.55513 0.718304
vt 0.552252 0.717367
vt 0.553735 0.716114
vt 0.553737 0.718167
vt 0.553737 0.718167
vt 0.552347 0.718325
vt 0.552252 0.717367
vt 0.556416 0.718978
vt 0.55513 0.718304
vt 0.556522 0.718439
vt 0.557727 0.71929
vt 0.556522 0.718439
vt 0.557856 0.718862
vt 0.55239 0.718757
vt 0.553737 0.718167
vt 0.553738 0.718726
vt 0.553738 0.718726
vt 0.55513 0.718304
vt 0.555082 0.718793
vt 0.553738 0.718726
vt 0.551907 0.719389
vt 0.55239 0.718757
vt 0.555082 0.718793
vt 0.554457 0.719153
vt 0.553738 0.718726
vt 0.556416 0.718978
vt 0.554457 0.719153
vt 0.555082 0.718793
vt 0.557727 0.71929
vt 0.556968 0.719644
vt 0.556416 0.718978
vt 0.556968 0.719644
vt 0.55467 0.719632
vt 0.554457 0.719153
vt 0.55467 0.719632
vt 0.556968 0.719644
vt 0.557236 0.720432
vt 0.551311 0.720497
vt 0.55467 0.719632
vt 0.557236 0.720432
vt 0.578751 0.693063
vt 0.578696 0.691274
vt 0.578746 0.691259
vt 0.578756 0.694866
vt 0.578698 0.693063
vt 0.578751 0.693063
vt 0.578705 0.694852
vt 0.578595 0.693063
vt 0.578698 0.693063
vt 0.578698 0.693063
vt 0.578595 0.69128
vt 0.578696 0.691274
vt 0.578756 0.694866
vt 0.578718 0.696623
vt 0.578705 0.694852
vt 0.578771 0.696634
vt 0.578735 0.698361
vt 0.578718 0.696623
vt 0.578718 0.696623
vt 0.578634 0.698343
vt 0.578615 0.696612
vt 0.578705 0.694852
vt 0.578615 0.696612
vt 0.578598 0.694846
vt 0.577286 0.693067
vt 0.577112 0.691343
vt 0.577284 0.691335
vt 0.577294 0.694798
vt 0.577115 0.693067
vt 0.577286 0.693067
vt 0.577122 0.694792
vt 0.576982 0.693068
vt 0.577115 0.693067
vt 0.577115 0.693067
vt 0.576977 0.69134
vt 0.577112 0.691343
vt 0.577294 0.694798
vt 0.577134 0.696498
vt 0.577122 0.694792
vt 0.577306 0.696514
vt 0.57715 0.698174
vt 0.577134 0.696498
vt 0.577134 0.696498
vt 0.577015 0.698183
vt 0.577001 0.696489
vt 0.577122 0.694792
vt 0.577001 0.696489
vt 0.576987 0.694795
vt 0.564489 0.719332
vt 0.563334 0.71807
vt 0.5647 0.719074
vt 0.563152 0.718343
vt 0.561881 0.717196
vt 0.563334 0.71807
vt 0.563334 0.71807
vt 0.562042 0.716895
vt 0.563479 0.717852
vt 0.5647 0.719074
vt 0.563479 0.717852
vt 0.564917 0.718809
vt 0.56022 0.71678
vt 0.561881 0.717196
vt 0.561724 0.71749
vt 0.558655 0.716221
vt 0.560346 0.716476
vt 0.56022 0.71678
vt 0.558751 0.715901
vt 0.560446 0.716234
vt 0.560346 0.716476
vt 0.560346 0.716476
vt 0.562042 0.716895
vt 0.561881 0.717196
vt 0.56022 0.71678
vt 0.558486 0.71678
vt 0.558655 0.716221
vt 0.561724 0.71749
vt 0.559985 0.717351
vt 0.56022 0.71678
vt 0.561724 0.71749
vt 0.562809 0.718857
vt 0.561361 0.718171
vt 0.563152 0.718343
vt 0.564119 0.719784
vt 0.562809 0.718857
vt 0.56167 0.720565
vt 0.561361 0.718171
vt 0.562809 0.718857
vt 0.56335 0.720722
vt 0.562809 0.718857
vt 0.564119 0.719784
vt 0.559201 0.719248
vt 0.561361 0.718171
vt 0.560435 0.719908
vt 0.558135 0.71794
vt 0.559985 0.717351
vt 0.559201 0.719248
vt 0.559201 0.719248
vt 0.557856 0.718862
vt 0.558135 0.71794
vt 0.56136 0.72103
vt 0.560435 0.719908
vt 0.56167 0.720565
vt 0.562465 0.721802
vt 0.56167 0.720565
vt 0.56274 0.721467
vt 0.557727 0.71929
vt 0.559201 0.719248
vt 0.55899 0.719759
vt 0.55899 0.719759
vt 0.560435 0.719908
vt 0.560204 0.720342
vt 0.557727 0.71929
vt 0.558775 0.720224
vt 0.556968 0.719644
vt 0.55899 0.719759
vt 0.560397 0.721077
vt 0.558775 0.720224
vt 0.56136 0.72103
vt 0.562615 0.722521
vt 0.560397 0.721077
vt 0.557236 0.720432
vt 0.556968 0.719644
vt 0.558775 0.720224
vt 0.559764 0.721573
vt 0.558775 0.720224
vt 0.560397 0.721077
vt 0.57881 0.700068
vt 0.578735 0.698361
vt 0.578785 0.698403
vt 0.578834 0.701734
vt 0.578757 0.700051
vt 0.57881 0.700068
vt 0.578784 0.701717
vt 0.578655 0.700028
vt 0.578757 0.700051
vt 0.578757 0.700051
vt 0.578634 0.698343
vt 0.578735 0.698361
vt 0.577361 0.743332
vt 0.577046 0.742015
vt 0.577418 0.743305
vt 0.576986 0.742045
vt 0.576697 0.740675
vt 0.577046 0.742015
vt 0.577046 0.742015
vt 0.576757 0.74071
vt 0.577101 0.741997
vt 0.577418 0.743305
vt 0.577101 0.741997
vt 0.577474 0.743279
vt 0.577338 0.699832
vt 0.57715 0.698174
vt 0.577322 0.698195
vt 0.577313 0.701441
vt 0.57717 0.699803
vt 0.577338 0.699832
vt 0.577187 0.701407
vt 0.577038 0.699778
vt 0.57717 0.699803
vt 0.57717 0.699803
vt 0.577015 0.698183
vt 0.57715 0.698174
vt 0.578958 0.742896
vt 0.578738 0.741601
vt 0.579096 0.742844
vt 0.578596 0.741654
vt 0.578399 0.74031
vt 0.578738 0.741601
vt 0.578738 0.741601
vt 0.578515 0.740328
vt 0.578874 0.74156
vt 0.579096 0.742844
vt 0.578874 0.74156
vt 0.579234 0.742792
vt 0.568688 0.724439
vt 0.568105 0.722831
vt 0.568982 0.724281
vt 0.567831 0.723014
vt 0.567097 0.721468
vt 0.568105 0.722831
vt 0.568105 0.722831
vt 0.56736 0.721251
vt 0.568322 0.722685
vt 0.568982 0.724281
vt 0.568322 0.722685
vt 0.569284 0.72412
vt 0.565721 0.720448
vt 0.567097 0.721468
vt 0.566839 0.72168
vt 0.564489 0.719332
vt 0.565954 0.720215
vt 0.565721 0.720448
vt 0.5647 0.719074
vt 0.566139 0.72003
vt 0.565954 0.720215
vt 0.565954 0.720215
vt 0.56736 0.721251
vt 0.567097 0.721468
vt 0.565721 0.720448
vt 0.564119 0.719784
vt 0.564489 0.719332
vt 0.566839 0.72168
vt 0.565285 0.720885
vt 0.565721 0.720448
vt 0.566839 0.72168
vt 0.567318 0.723358
vt 0.566243 0.72217
vt 0.567831 0.723014
vt 0.568174 0.724715
vt 0.567318 0.723358
vt 0.565612 0.7245
vt 0.566243 0.72217
vt 0.567318 0.723358
vt 0.567105 0.725287
vt 0.567318 0.723358
vt 0.568174 0.724715
vt 0.563835 0.722338
vt 0.566243 0.72217
vt 0.564722 0.72342
vt 0.56335 0.720722
vt 0.565285 0.720885
vt 0.563835 0.722338
vt 0.563835 0.722338
vt 0.56274 0.721467
vt 0.56335 0.720722
vt 0.565149 0.72481
vt 0.564722 0.72342
vt 0.565612 0.7245
vt 0.565865 0.725952
vt 0.565612 0.7245
vt 0.566256 0.725742
vt 0.562465 0.721802
vt 0.563835 0.722338
vt 0.563444 0.72273
vt 0.563444 0.72273
vt 0.564722 0.72342
vt 0.564339 0.723735
vt 0.563444 0.72273
vt 0.564386 0.724454
vt 0.562615 0.722521
vt 0.562615 0.722521
vt 0.56405 0.724798
vt 0.56218 0.722805
vt 0.565149 0.72481
vt 0.565405 0.726198
vt 0.564386 0.724454
vt 0.564386 0.724454
vt 0.565405 0.726198
vt 0.56405 0.724798
vt 0.562901 0.725526
vt 0.56218 0.722805
vt 0.56405 0.724798
vt 0.576333 0.739249
vt 0.576697 0.740675
vt 0.576611 0.740759
vt 0.576055 0.737739
vt 0.576401 0.739219
vt 0.576333 0.739249
vt 0.57615 0.737674
vt 0.576512 0.739197
vt 0.576401 0.739219
vt 0.576401 0.739219
vt 0.576757 0.74071
vt 0.576697 0.740675
vt 0.576055 0.737739
vt 0.575954 0.736046
vt 0.57615 0.737674
vt 0.575883 0.736068
vt 0.57581 0.734357
vt 0.575954 0.736046
vt 0.575954 0.736046
vt 0.575926 0.734343
vt 0.576071 0.736028
vt 0.57615 0.737674
vt 0.576071 0.736028
vt 0.576273 0.737648
vt 0.577921 0.738951
vt 0.578399 0.74031
vt 0.578233 0.740411
vt 0.577677 0.737448
vt 0.578108 0.738907
vt 0.577921 0.738951
vt 0.577864 0.737418
vt 0.578249 0.738881
vt 0.578108 0.738907
vt 0.578108 0.738907
vt 0.578515 0.740328
vt 0.578399 0.74031
vt 0.577677 0.737448
vt 0.577675 0.735849
vt 0.577864 0.737418
vt 0.577486 0.735874
vt 0.577536 0.734221
vt 0.577675 0.735849
vt 0.577675 0.735849
vt 0.577653 0.734233
vt 0.577818 0.735834
vt 0.577864 0.737418
vt 0.577818 0.735834
vt 0.577983 0.737435
vt 0.570613 0.730764
vt 0.57069 0.729055
vt 0.570946 0.730731
vt 0.570367 0.72912
vt 0.57028 0.72741
vt 0.57069 0.729055
vt 0.57069 0.729055
vt 0.570606 0.727311
vt 0.570946 0.729004
vt 0.570946 0.730731
vt 0.570946 0.729004
vt 0.571286 0.730697
vt 0.5694 0.725942
vt 0.57028 0.72741
vt 0.569961 0.727507
vt 0.568688 0.724439
vt 0.569704 0.725816
vt 0.5694 0.725942
vt 0.568982 0.724281
vt 0.569945 0.725715
vt 0.569704 0.725816
vt 0.569704 0.725816
vt 0.570606 0.727311
vt 0.57028 0.72741
vt 0.5694 0.725942
vt 0.568174 0.724715
vt 0.568688 0.724439
vt 0.569961 0.727507
vt 0.568829 0.726179
vt 0.5694 0.725942
vt 0.569961 0.727507
vt 0.569762 0.729241
vt 0.569223 0.727732
vt 0.570367 0.72912
vt 0.56979 0.730846
vt 0.569762 0.729241
vt 0.567748 0.729643
vt 0.569223 0.727732
vt 0.569762 0.729241
vt 0.566934 0.726966
vt 0.569223 0.727732
vt 0.56734 0.728305
vt 0.567105 0.725287
vt 0.568829 0.726179
vt 0.566934 0.726966
vt 0.566934 0.726966
vt 0.566256 0.725742
vt 0.567105 0.725287
vt 0.567206 0.729752
vt 0.56734 0.728305
vt 0.567748 0.729643
vt 0.567436 0.73108
vt 0.567748 0.729643
vt 0.567868 0.731037
vt 0.565865 0.725952
vt 0.566934 0.726966
vt 0.566419 0.72718
vt 0.566419 0.72718
vt 0.56734 0.728305
vt 0.566865 0.72845
vt 0.566419 0.72718
vt 0.565405 0.726198
vt 0.565865 0.725952
vt 0.566865 0.72845
vt 0.566219 0.728045
vt 0.566419 0.72718
vt 0.567206 0.729752
vt 0.566219 0.728045
vt 0.566865 0.72845
vt 0.567436 0.73108
vt 0.566803 0.730597
vt 0.567206 0.729752
vt 0.575654 0.732624
vt 0.57581 0.734357
vt 0.575711 0.734396
vt 0.575597 0.730853
vt 0.575726 0.732615
vt 0.575654 0.732624
vt 0.575695 0.730842
vt 0.575844 0.732607
vt 0.575726 0.732615
vt 0.575726 0.732615
vt 0.575926 0.734343
vt 0.57581 0.734357
vt 0.575597 0.730853
vt 0.575726 0.729053
vt 0.575695 0.730842
vt 0.575654 0.729051
vt 0.57581 0.727266
vt 0.575726 0.729053
vt 0.575726 0.729053
vt 0.575926 0.727276
vt 0.575844 0.729057
vt 0.575695 0.730842
vt 0.575844 0.729057
vt 0.57582 0.73084
vt 0.577264 0.732551
vt 0.577536 0.734221
vt 0.577347 0.734236
vt 0.577236 0.730834
vt 0.577455 0.732542
vt 0.577264 0.732551
vt 0.577425 0.730833
vt 0.577598 0.732536
vt 0.577455 0.732542
vt 0.577455 0.732542
vt 0.577653 0.734233
vt 0.577536 0.734221
vt 0.577236 0.730834
vt 0.577455 0.729109
vt 0.577425 0.730833
vt 0.577264 0.729103
vt 0.577536 0.727386
vt 0.577455 0.729109
vt 0.577455 0.729109
vt 0.577653 0.727387
vt 0.577598 0.729113
vt 0.577425 0.730833
vt 0.577598 0.729113
vt 0.577543 0.730839
vt 0.569972 0.737345
vt 0.570696 0.735795
vt 0.570291 0.737442
vt 0.570373 0.735731
vt 0.570948 0.734119
vt 0.570696 0.735795
vt 0.570696 0.735795
vt 0.571286 0.734152
vt 0.570953 0.735846
vt 0.570291 0.737442
vt 0.570953 0.735846
vt 0.570619 0.737541
vt 0.570696 0.732425
vt 0.570948 0.734119
vt 0.570615 0.734086
vt 0.570613 0.730764
vt 0.571025 0.732425
vt 0.570696 0.732425
vt 0.570946 0.730731
vt 0.571287 0.732425
vt 0.571025 0.732425
vt 0.571025 0.732425
vt 0.571286 0.734152
vt 0.570948 0.734119
vt 0.570696 0.732425
vt 0.56979 0.730846
vt 0.570613 0.730764
vt 0.570615 0.734086
vt 0.570078 0.732426
vt 0.570696 0.732425
vt 0.570615 0.734086
vt 0.569768 0.735612
vt 0.569847 0.734011
vt 0.570373 0.735731
vt 0.569179 0.737105
vt 0.569768 0.735612
vt 0.567754 0.735213
vt 0.569847 0.734011
vt 0.569768 0.735612
vt 0.568025 0.732428
vt 0.569847 0.734011
vt 0.567888 0.73382
vt 0.56979 0.730846
vt 0.570078 0.732426
vt 0.568025 0.732428
vt 0.568025 0.732428
vt 0.567868 0.731037
vt 0.56979 0.730846
vt 0.567215 0.735106
vt 0.567888 0.73382
vt 0.567754 0.735213
vt 0.566902 0.736417
vt 0.567754 0.735213
vt 0.56733 0.736546
vt 0.567436 0.73108
vt 0.568025 0.732428
vt 0.567466 0.732428
vt 0.567466 0.732428
vt 0.567888 0.73382
vt 0.5674 0.733773
vt 0.567466 0.732428
vt 0.566803 0.730597
vt 0.567436 0.73108
vt 0.5674 0.733773
vt 0.567039 0.733147
vt 0.567466 0.732428
vt 0.567215 0.735106
vt 0.567039 0.733147
vt 0.5674 0.733773
vt 0.566902 0.736417
vt 0.566549 0.735659
vt 0.567215 0.735106
vt 0.566549 0.735659
vt 0.566561 0.73336
vt 0.567039 0.733147
vt 0.566561 0.73336
vt 0.566549 0.735659
vt 0.56576 0.735923
vt 0.565696 0.730001
vt 0.566561 0.73336
vt 0.56576 0.735923
vt 0.575883 0.725485
vt 0.57581 0.727266
vt 0.575711 0.727249
vt 0.576055 0.723722
vt 0.575954 0.725499
vt 0.575883 0.725485
vt 0.57615 0.723766
vt 0.576071 0.725514
vt 0.575954 0.725499
vt 0.575954 0.725499
vt 0.575926 0.727276
vt 0.57581 0.727266
vt 0.576055 0.723722
vt 0.576402 0.722089
vt 0.57615 0.723766
vt 0.576333 0.722063
vt 0.576702 0.720476
vt 0.576402 0.722089
vt 0.576402 0.722089
vt 0.576816 0.720509
vt 0.576518 0.722115
vt 0.57615 0.723766
vt 0.576518 0.722115
vt 0.576273 0.723789
vt 0.577486 0.725662
vt 0.577536 0.727386
vt 0.577347 0.727373
vt 0.577677 0.723985
vt 0.577675 0.725683
vt 0.577486 0.725662
vt 0.577864 0.724013
vt 0.577818 0.725698
vt 0.577675 0.725683
vt 0.577675 0.725683
vt 0.577653 0.727387
vt 0.577536 0.727386
vt 0.577677 0.723985
vt 0.578107 0.722396
vt 0.577864 0.724013
vt 0.57792 0.722359
vt 0.578396 0.720842
vt 0.578107 0.722396
vt 0.578107 0.722396
vt 0.578515 0.720832
vt 0.578249 0.72242
vt 0.577864 0.724013
vt 0.578249 0.72242
vt 0.577983 0.724009
vt 0.56686 0.743179
vt 0.568123 0.742025
vt 0.567119 0.743391
vt 0.567849 0.741842
vt 0.568997 0.740572
vt 0.568123 0.742025
vt 0.568123 0.742025
vt 0.569297 0.740732
vt 0.568341 0.74217
vt 0.567119 0.743391
vt 0.568341 0.74217
vt 0.567384 0.743608
vt 0.569412 0.738911
vt 0.568997 0.740572
vt 0.568702 0.740415
vt 0.569972 0.737345
vt 0.569716 0.739036
vt 0.569412 0.738911
vt 0.570291 0.737442
vt 0.569958 0.739136
vt 0.569716 0.739036
vt 0.569716 0.739036
vt 0.569297 0.740732
vt 0.568997 0.740572
vt 0.569412 0.738911
vt 0.569179 0.737105
vt 0.569972 0.737345
vt 0.568702 0.740415
vt 0.568842 0.738675
vt 0.569412 0.738911
vt 0.568702 0.740415
vt 0.567335 0.741499
vt 0.568021 0.740052
vt 0.567849 0.741842
vt 0.56622 0.742654
vt 0.567335 0.741499
vt 0.565627 0.740361
vt 0.568021 0.740052
vt 0.567335 0.741499
vt 0.566944 0.737891
vt 0.568021 0.740052
vt 0.566285 0.739125
vt 0.569179 0.737105
vt 0.568842 0.738675
vt 0.566944 0.737891
vt 0.566944 0.737891
vt 0.56733 0.736546
vt 0.569179 0.737105
vt 0.565162 0.74005
vt 0.566285 0.739125
vt 0.565627 0.740361
vt 0.56439 0.741156
vt 0.565627 0.740361
vt 0.564726 0.741431
vt 0.566902 0.736417
vt 0.566944 0.737891
vt 0.566433 0.73768
vt 0.566433 0.73768
vt 0.566285 0.739125
vt 0.565851 0.738894
vt 0.566902 0.736417
vt 0.565968 0.737465
vt 0.566549 0.735659
vt 0.566433 0.73768
vt 0.565115 0.739087
vt 0.565968 0.737465
vt 0.565162 0.74005
vt 0.563671 0.741306
vt 0.565115 0.739087
vt 0.56576 0.735923
vt 0.566549 0.735659
vt 0.565968 0.737465
vt 0.56462 0.738454
vt 0.565968 0.737465
vt 0.565115 0.739087
vt 0.576986 0.718918
vt 0.576702 0.720476
vt 0.576611 0.720405
vt 0.577361 0.717431
vt 0.577052 0.718952
vt 0.576986 0.718918
vt 0.577441 0.717518
vt 0.577162 0.718981
vt 0.577052 0.718952
vt 0.577052 0.718952
vt 0.576816 0.720509
vt 0.576702 0.720476
vt 0.577361 0.717431
vt 0.577875 0.716202
vt 0.577441 0.717518
vt 0.577818 0.716168
vt 0.578328 0.714936
vt 0.577875 0.716202
vt 0.577875 0.716202
vt 0.578383 0.714966
vt 0.577928 0.716223
vt 0.577441 0.717518
vt 0.577928 0.716223
vt 0.577512 0.717491
vt 0.578551 0.719316
vt 0.578396 0.720842
vt 0.578211 0.7208
vt 0.578958 0.717881
vt 0.578733 0.719367
vt 0.578551 0.719316
vt 0.579096 0.717932
vt 0.578874 0.719407
vt 0.578733 0.719367
vt 0.578733 0.719367
vt 0.578515 0.720832
vt 0.578396 0.720842
vt 0.580697 0.737453
vt 0.580845 0.735815
vt 0.580823 0.737419
vt 0.580677 0.735845
vt 0.58087 0.734186
vt 0.580845 0.735815
vt 0.580845 0.735815
vt 0.581005 0.734195
vt 0.580977 0.73579
vt 0.580823 0.737419
vt 0.580977 0.73579
vt 0.58095 0.737385
vt 0.561753 0.747378
vt 0.563362 0.746795
vt 0.561911 0.747673
vt 0.563178 0.746522
vt 0.564725 0.745787
vt 0.563362 0.746795
vt 0.563362 0.746795
vt 0.564941 0.74605
vt 0.563507 0.747012
vt 0.561911 0.747673
vt 0.563507 0.747012
vt 0.562073 0.747975
vt 0.565744 0.744412
vt 0.564725 0.745787
vt 0.564513 0.745529
vt 0.56686 0.743179
vt 0.565977 0.744644
vt 0.565744 0.744412
vt 0.567119 0.743391
vt 0.566163 0.744829
vt 0.565977 0.744644
vt 0.565977 0.744644
vt 0.564941 0.74605
vt 0.564725 0.745787
vt 0.565744 0.744412
vt 0.56622 0.742654
vt 0.56686 0.743179
vt 0.564513 0.745529
vt 0.565307 0.743975
vt 0.565744 0.744412
vt 0.564513 0.745529
vt 0.562835 0.746009
vt 0.564023 0.744933
vt 0.563178 0.746522
vt 0.561362 0.746649
vt 0.562835 0.746009
vt 0.561693 0.744303
vt 0.564023 0.744933
vt 0.562835 0.746009
vt 0.563854 0.742525
vt 0.564023 0.744933
vt 0.562773 0.743413
vt 0.56622 0.742654
vt 0.565307 0.743975
vt 0.563854 0.742525
vt 0.563854 0.742525
vt 0.564726 0.741431
vt 0.56622 0.742654
vt 0.561382 0.743839
vt 0.562773 0.743413
vt 0.561693 0.744303
vt 0.560241 0.744555
vt 0.561693 0.744303
vt 0.56045 0.744946
vt 0.56439 0.741156
vt 0.563854 0.742525
vt 0.563463 0.742134
vt 0.563463 0.742134
vt 0.562773 0.743413
vt 0.562458 0.74303
vt 0.563463 0.742134
vt 0.561738 0.743077
vt 0.563671 0.741306
vt 0.563671 0.741306
vt 0.561395 0.742741
vt 0.563387 0.74087
vt 0.561382 0.743839
vt 0.559994 0.744095
vt 0.561738 0.743077
vt 0.561738 0.743077
vt 0.559994 0.744095
vt 0.561395 0.742741
vt 0.560604 0.741595
vt 0.563387 0.74087
vt 0.561395 0.742741
vt 0.579253 0.732642
vt 0.579283 0.7344
vt 0.579234 0.734411
vt 0.579273 0.730873
vt 0.579306 0.732634
vt 0.579253 0.732642
vt 0.579324 0.730859
vt 0.579408 0.732622
vt 0.579306 0.732634
vt 0.579306 0.732634
vt 0.579363 0.73438
vt 0.579283 0.7344
vt 0.579273 0.730873
vt 0.579336 0.72907
vt 0.579324 0.730859
vt 0.579283 0.72907
vt 0.579344 0.727282
vt 0.579336 0.72907
vt 0.579336 0.72907
vt 0.579444 0.727288
vt 0.579439 0.729071
vt 0.579324 0.730859
vt 0.579439 0.729071
vt 0.579431 0.730854
vt 0.580719 0.732525
vt 0.58087 0.734186
vt 0.580698 0.734207
vt 0.580736 0.73081
vt 0.580891 0.73251
vt 0.580719 0.732525
vt 0.580907 0.730804
vt 0.581024 0.732501
vt 0.580891 0.73251
vt 0.580891 0.73251
vt 0.581005 0.734195
vt 0.58087 0.734186
vt 0.580736 0.73081
vt 0.580919 0.729079
vt 0.580907 0.730804
vt 0.580748 0.729078
vt 0.580927 0.727355
vt 0.580919 0.729079
vt 0.580919 0.729079
vt 0.581062 0.727353
vt 0.581052 0.72908
vt 0.580907 0.730804
vt 0.581052 0.72908
vt 0.581043 0.730807
vt 0.555428 0.749304
vt 0.557137 0.74938
vt 0.555461 0.749636
vt 0.557073 0.749058
vt 0.558782 0.748971
vt 0.557137 0.74938
vt 0.557137 0.74938
vt 0.558882 0.749296
vt 0.557188 0.749637
vt 0.555461 0.749636
vt 0.557188 0.749637
vt 0.555495 0.749977
vt 0.560251 0.74809
vt 0.558782 0.748971
vt 0.558685 0.748651
vt 0.561753 0.747378
vt 0.560377 0.748394
vt 0.560251 0.74809
vt 0.561911 0.747673
vt 0.560477 0.748636
vt 0.560377 0.748394
vt 0.560377 0.748394
vt 0.558882 0.749296
vt 0.558782 0.748971
vt 0.560251 0.74809
vt 0.561362 0.746649
vt 0.561753 0.747378
vt 0.558685 0.748651
vt 0.560014 0.74752
vt 0.560251 0.74809
vt 0.558685 0.748651
vt 0.556952 0.748452
vt 0.558461 0.747913
vt 0.557073 0.749058
vt 0.555371 0.748723
vt 0.556952 0.748452
vt 0.556549 0.746439
vt 0.558461 0.747913
vt 0.556952 0.748452
vt 0.55525 0.747516
vt 0.556952 0.748452
vt 0.555371 0.748723
vt 0.559226 0.745624
vt 0.558461 0.747913
vt 0.557887 0.74603
vt 0.561362 0.746649
vt 0.560014 0.74752
vt 0.559226 0.745624
vt 0.559226 0.745624
vt 0.56045 0.744946
vt 0.561362 0.746649
vt 0.556441 0.745896
vt 0.557887 0.74603
vt 0.556549 0.746439
vt 0.555112 0.746126
vt 0.556549 0.746439
vt 0.555155 0.746558
vt 0.560241 0.744555
vt 0.559226 0.745624
vt 0.559012 0.745109
vt 0.559012 0.745109
vt 0.557887 0.74603
vt 0.557743 0.745556
vt 0.559012 0.745109
vt 0.559994 0.744095
vt 0.560241 0.744555
vt 0.557743 0.745556
vt 0.558147 0.74491
vt 0.559012 0.745109
vt 0.556441 0.745896
vt 0.558147 0.74491
vt 0.557743 0.745556
vt 0.555112 0.746126
vt 0.555596 0.745494
vt 0.556441 0.745896
vt 0.579293 0.725499
vt 0.579344 0.727282
vt 0.579293 0.727267
vt 0.579293 0.723731
vt 0.579346 0.725511
vt 0.579293 0.725499
vt 0.579344 0.723773
vt 0.579449 0.725523
vt 0.579346 0.725511
vt 0.579346 0.725511
vt 0.579444 0.727288
vt 0.579344 0.727282
vt 0.579293 0.723731
vt 0.579336 0.722088
vt 0.579344 0.723773
vt 0.579283 0.722064
vt 0.579324 0.720467
vt 0.579336 0.722088
vt 0.579336 0.722088
vt 0.579424 0.720497
vt 0.579439 0.722111
vt 0.579344 0.723773
vt 0.579439 0.722111
vt 0.579451 0.723792
vt 0.580757 0.725632
vt 0.580927 0.727355
vt 0.580755 0.727347
vt 0.580755 0.72395
vt 0.580929 0.725649
vt 0.580757 0.725632
vt 0.580927 0.723973
vt 0.581062 0.725659
vt 0.580929 0.725649
vt 0.580929 0.725649
vt 0.581062 0.727353
vt 0.580927 0.727355
vt 0.580755 0.72395
vt 0.580919 0.722349
vt 0.580927 0.723973
vt 0.580748 0.722318
vt 0.580907 0.720787
vt 0.580919 0.722349
vt 0.580919 0.722349
vt 0.581043 0.720773
vt 0.581052 0.72237
vt 0.580927 0.723973
vt 0.581052 0.72237
vt 0.581062 0.723966
vt 0.548848 0.748662
vt 0.550397 0.749386
vt 0.548751 0.748981
vt 0.550461 0.749064
vt 0.552074 0.749638
vt 0.550397 0.749386
vt 0.550397 0.749386
vt 0.552041 0.749977
vt 0.550346 0.749643
vt 0.548751 0.748981
vt 0.550346 0.749643
vt 0.548652 0.749309
vt 0.553767 0.749386
vt 0.552074 0.749638
vt 0.552106 0.749306
vt 0.555428 0.749304
vt 0.553768 0.749715
vt 0.553767 0.749386
vt 0.555461 0.749636
vt 0.553768 0.749977
vt 0.553768 0.749715
vt 0.553768 0.749715
vt 0.552041 0.749977
vt 0.552074 0.749638
vt 0.553767 0.749386
vt 0.555371 0.748723
vt 0.555428 0.749304
vt 0.552106 0.749306
vt 0.553767 0.748769
vt 0.553767 0.749386
vt 0.552106 0.749306
vt 0.550581 0.748458
vt 0.552181 0.748538
vt 0.550461 0.749064
vt 0.549016 0.748103
vt 0.550581 0.748458
vt 0.55098 0.746444
vt 0.552181 0.748538
vt 0.550581 0.748458
vt 0.549367 0.746943
vt 0.550581 0.748458
vt 0.549016 0.748103
vt 0.553765 0.746716
vt 0.552181 0.748538
vt 0.552372 0.746579
vt 0.55525 0.747516
vt 0.553767 0.748769
vt 0.553765 0.746716
vt 0.553765 0.746716
vt 0.555155 0.746558
vt 0.55525 0.747516
vt 0.551086 0.745905
vt 0.552372 0.746579
vt 0.55098 0.746444
vt 0.549775 0.745593
vt 0.55098 0.746444
vt 0.549646 0.746021
vt 0.555112 0.746126
vt 0.553765 0.746716
vt 0.553764 0.746157
vt 0.553764 0.746157
vt 0.552372 0.746579
vt 0.55242 0.74609
vt 0.553764 0.746157
vt 0.555596 0.745494
vt 0.555112 0.746126
vt 0.55242 0.74609
vt 0.553046 0.74573
vt 0.553764 0.746157
vt 0.551086 0.745905
vt 0.553046 0.74573
vt 0.55242 0.74609
vt 0.549775 0.745593
vt 0.550534 0.745239
vt 0.551086 0.745905
vt 0.550534 0.745239
vt 0.552832 0.745251
vt 0.553046 0.74573
vt 0.552832 0.745251
vt 0.550534 0.745239
vt 0.550258 0.744452
vt 0.556195 0.744385
vt 0.552832 0.745251
vt 0.550258 0.744452
vt 0.579253 0.718899
vt 0.579324 0.720467
vt 0.579273 0.720398
vt 0.579234 0.717401
vt 0.579306 0.718926
vt 0.579253 0.718899
vt 0.579283 0.717425
vt 0.579408 0.71896
vt 0.579306 0.718926
vt 0.579306 0.718926
vt 0.579424 0.720497
vt 0.579324 0.720467
vt 0.501139 0.744014
vt 0.500494 0.742331
vt 0.501172 0.743997
vt 0.50046 0.742345
vt 0.499898 0.74064
vt 0.500494 0.742331
vt 0.500494 0.742331
vt 0.49983 0.740661
vt 0.500517 0.74232
vt 0.501172 0.743997
vt 0.500517 0.74232
vt 0.501204 0.743979
vt 0.580719 0.719264
vt 0.580907 0.720787
vt 0.580736 0.72075
vt 0.580698 0.717871
vt 0.580891 0.719309
vt 0.580719 0.719264
vt 0.58087 0.71792
vt 0.581024 0.719338
vt 0.580891 0.719309
vt 0.580891 0.719309
vt 0.581043 0.720773
vt 0.580907 0.720787
vt 0.580698 0.717871
vt 0.580845 0.716635
vt 0.58087 0.71792
vt 0.580677 0.716576
vt 0.580824 0.715401
vt 0.580845 0.716635
vt 0.580845 0.716635
vt 0.58095 0.715458
vt 0.580977 0.716681
vt 0.58087 0.71792
vt 0.580977 0.716681
vt 0.581005 0.717903
vt 0.543014 0.745551
vt 0.544168 0.746813
vt 0.542802 0.745809
vt 0.54435 0.746539
vt 0.545621 0.747687
vt 0.544168 0.746813
vt 0.544168 0.746813
vt 0.54546 0.747988
vt 0.544023 0.747031
vt 0.542802 0.745809
vt 0.544023 0.747031
vt 0.542585 0.746074
vt 0.547282 0.748103
vt 0.545621 0.747687
vt 0.545778 0.747393
vt 0.548848 0.748662
vt 0.547156 0.748407
vt 0.547282 0.748103
vt 0.548751 0.748981
vt 0.547056 0.748649
vt 0.547156 0.748407
vt 0.547156 0.748407
vt 0.54546 0.747988
vt 0.545621 0.747687
vt 0.547282 0.748103
vt 0.549016 0.748103
vt 0.548848 0.748662
vt 0.545778 0.747393
vt 0.547517 0.747532
vt 0.547282 0.748103
vt 0.545778 0.747393
vt 0.544693 0.746026
vt 0.546141 0.746712
vt 0.54435 0.746539
vt 0.543538 0.74491
vt 0.544693 0.746026
vt 0.545832 0.744318
vt 0.546141 0.746712
vt 0.544693 0.746026
vt 0.565247 0.690424
vt 0.56558 0.694909
vt 0.563072 0.688526
vt 0.548301 0.745634
vt 0.546141 0.746712
vt 0.547067 0.744975
vt 0.549367 0.746943
vt 0.547517 0.747532
vt 0.548301 0.745634
vt 0.548301 0.745634
vt 0.549646 0.746021
vt 0.549367 0.746943
vt 0.546142 0.743852
vt 0.547067 0.744975
vt 0.545832 0.744318
vt 0.545037 0.743081
vt 0.545832 0.744318
vt 0.544762 0.743416
vt 0.549775 0.745593
vt 0.548301 0.745634
vt 0.548512 0.745124
vt 0.548512 0.745124
vt 0.547067 0.744975
vt 0.547299 0.744541
vt 0.549775 0.745593
vt 0.548727 0.744659
vt 0.550534 0.745239
vt 0.548512 0.745124
vt 0.547105 0.743805
vt 0.548727 0.744659
vt 0.546142 0.743852
vt 0.544887 0.742361
vt 0.547105 0.743805
vt 0.550258 0.744452
vt 0.550534 0.745239
vt 0.548727 0.744659
vt 0.547738 0.74331
vt 0.548727 0.744659
vt 0.547105 0.743805
vt 0.499421 0.73891
vt 0.499898 0.74064
vt 0.499866 0.74065
vt 0.499063 0.737144
vt 0.499458 0.738903
vt 0.499421 0.73891
vt 0.499099 0.73714
vt 0.499483 0.738899
vt 0.499458 0.738903
vt 0.499458 0.738903
vt 0.49983 0.740661
vt 0.499898 0.74064
vt 0.572054 0.706729
vt 0.572138 0.705205
vt 0.572104 0.706706
vt 0.572085 0.705231
vt 0.572167 0.703664
vt 0.572138 0.705205
vt 0.572138 0.705205
vt 0.572268 0.703635
vt 0.57224 0.705172
vt 0.572104 0.706706
vt 0.57224 0.705172
vt 0.572192 0.706656
vt 0.573491 0.707565
vt 0.573628 0.708741
vt 0.573502 0.708797
vt 0.573521 0.70627
vt 0.57366 0.707507
vt 0.573491 0.707565
vt 0.573694 0.706222
vt 0.573792 0.707463
vt 0.57366 0.707507
vt 0.57366 0.707507
vt 0.573755 0.708685
vt 0.573628 0.708741
vt 0.573521 0.70627
vt 0.573725 0.704834
vt 0.573694 0.706222
vt 0.573553 0.704878
vt 0.573753 0.703356
vt 0.573725 0.704834
vt 0.573725 0.704834
vt 0.573888 0.703371
vt 0.573859 0.704806
vt 0.573694 0.706222
vt 0.573859 0.704806
vt 0.573828 0.70624
vt 0.538814 0.740444
vt 0.539398 0.742052
vt 0.53852 0.740601
vt 0.539671 0.741869
vt 0.540405 0.743415
vt 0.539398 0.742052
vt 0.539398 0.742052
vt 0.540142 0.743632
vt 0.53918 0.742197
vt 0.53852 0.740601
vt 0.53918 0.742197
vt 0.538218 0.740763
vt 0.541781 0.744435
vt 0.540405 0.743415
vt 0.540663 0.743203
vt 0.543014 0.745551
vt 0.541548 0.744668
vt 0.541781 0.744435
vt 0.542802 0.745809
vt 0.541364 0.744853
vt 0.541548 0.744668
vt 0.541548 0.744668
vt 0.540142 0.743632
vt 0.540405 0.743415
vt 0.541781 0.744435
vt 0.543538 0.74491
vt 0.543014 0.745551
vt 0.540663 0.743203
vt 0.542217 0.743998
vt 0.541781 0.744435
vt 0.540663 0.743203
vt 0.540184 0.741525
vt 0.541259 0.742713
vt 0.539671 0.741869
vt 0.539329 0.740168
vt 0.540184 0.741525
vt 0.54189 0.740383
vt 0.541259 0.742713
vt 0.540184 0.741525
vt 0.540398 0.739596
vt 0.540184 0.741525
vt 0.539329 0.740168
vt 0.543667 0.742545
vt 0.541259 0.742713
vt 0.54278 0.741463
vt 0.543538 0.74491
vt 0.542217 0.743998
vt 0.543667 0.742545
vt 0.543667 0.742545
vt 0.544762 0.743416
vt 0.543538 0.74491
vt 0.542353 0.740073
vt 0.54278 0.741463
vt 0.54189 0.740383
vt 0.541637 0.738931
vt 0.54189 0.740383
vt 0.541246 0.739141
vt 0.545037 0.743081
vt 0.543667 0.742545
vt 0.544058 0.742153
vt 0.544058 0.742153
vt 0.54278 0.741463
vt 0.543163 0.741148
vt 0.544058 0.742153
vt 0.543116 0.740429
vt 0.544887 0.742361
vt 0.544887 0.742361
vt 0.543452 0.740085
vt 0.545322 0.742077
vt 0.542353 0.740073
vt 0.542098 0.738685
vt 0.543116 0.740429
vt 0.543116 0.740429
vt 0.542098 0.738685
vt 0.543452 0.740085
vt 0.544602 0.739358
vt 0.545322 0.742077
vt 0.543452 0.740085
vt 0.572139 0.702066
vt 0.572167 0.703664
vt 0.572116 0.703733
vt 0.572162 0.7004
vt 0.572192 0.702043
vt 0.572139 0.702066
vt 0.572212 0.700358
vt 0.572295 0.702021
vt 0.572192 0.702043
vt 0.572192 0.702043
vt 0.572268 0.703635
vt 0.572167 0.703664
vt 0.572162 0.7004
vt 0.572228 0.69862
vt 0.572212 0.700358
vt 0.572175 0.698632
vt 0.572239 0.69685
vt 0.572228 0.69862
vt 0.572228 0.69862
vt 0.572339 0.696844
vt 0.572331 0.698609
vt 0.572212 0.700358
vt 0.572331 0.698609
vt 0.57232 0.70034
vt 0.573605 0.701824
vt 0.573753 0.703356
vt 0.573581 0.703391
vt 0.573625 0.700192
vt 0.573777 0.701794
vt 0.573605 0.701824
vt 0.573797 0.70017
vt 0.57391 0.701775
vt 0.573777 0.701794
vt 0.573777 0.701794
vt 0.573888 0.703371
vt 0.573753 0.703356
vt 0.573625 0.700192
vt 0.573812 0.698495
vt 0.573797 0.70017
vt 0.57364 0.69851
vt 0.573822 0.696788
vt 0.573812 0.698495
vt 0.573812 0.698495
vt 0.573958 0.696791
vt 0.573945 0.698485
vt 0.573797 0.70017
vt 0.573945 0.698485
vt 0.573932 0.700178
vt 0.536889 0.734119
vt 0.536812 0.735827
vt 0.536557 0.734151
vt 0.537135 0.735763
vt 0.537222 0.737473
vt 0.536812 0.735827
vt 0.536812 0.735827
vt 0.536896 0.737572
vt 0.536556 0.735879
vt 0.536557 0.734151
vt 0.536556 0.735879
vt 0.536216 0.734185
vt 0.538102 0.738941
vt 0.537222 0.737473
vt 0.537541 0.737376
vt 0.538814 0.740444
vt 0.537798 0.739067
vt 0.538102 0.738941
vt 0.53852 0.740601
vt 0.537557 0.739168
vt 0.537798 0.739067
vt 0.537798 0.739067
vt 0.536896 0.737572
vt 0.537222 0.737473
vt 0.538102 0.738941
vt 0.539329 0.740168
vt 0.538814 0.740444
vt 0.537541 0.737376
vt 0.538673 0.738704
vt 0.538102 0.738941
vt 0.537541 0.737376
vt 0.537741 0.735642
vt 0.538279 0.737151
vt 0.537135 0.735763
vt 0.53747 0.734061
vt 0.537741 0.735642
vt 0.539754 0.735239
vt 0.538279 0.737151
vt 0.537741 0.735642
vt 0.538676 0.733941
vt 0.537741 0.735642
vt 0.53747 0.734061
vt 0.540569 0.737917
vt 0.538279 0.737151
vt 0.540162 0.736578
vt 0.540398 0.739596
vt 0.538673 0.738704
vt 0.540569 0.737917
vt 0.540569 0.737917
vt 0.541246 0.739141
vt 0.540398 0.739596
vt 0.540296 0.735131
vt 0.540162 0.736578
vt 0.539754 0.735239
vt 0.540066 0.733802
vt 0.539754 0.735239
vt 0.539634 0.733845
vt 0.541637 0.738931
vt 0.540569 0.737917
vt 0.541084 0.737703
vt 0.541084 0.737703
vt 0.540162 0.736578
vt 0.540637 0.736433
vt 0.541084 0.737703
vt 0.542098 0.738685
vt 0.541637 0.738931
vt 0.540637 0.736433
vt 0.541283 0.736838
vt 0.541084 0.737703
vt 0.540296 0.735131
vt 0.541283 0.736838
vt 0.540637 0.736433
vt 0.540066 0.733802
vt 0.540699 0.734286
vt 0.540296 0.735131
vt 0.572192 0.695061
vt 0.572239 0.69685
vt 0.572188 0.696864
vt 0.572196 0.693258
vt 0.572245 0.695061
vt 0.572192 0.695061
vt 0.572246 0.693272
vt 0.572348 0.695061
vt 0.572245 0.695061
vt 0.572245 0.695061
vt 0.572339 0.696844
vt 0.572239 0.69685
vt 0.572196 0.693258
vt 0.572242 0.691501
vt 0.572246 0.693272
vt 0.57219 0.691489
vt 0.572234 0.689763
vt 0.572242 0.691501
vt 0.572242 0.691501
vt 0.572334 0.689781
vt 0.572345 0.691512
vt 0.572246 0.693272
vt 0.572345 0.691512
vt 0.572354 0.693278
vt 0.573657 0.695064
vt 0.573822 0.696788
vt 0.573651 0.696795
vt 0.573658 0.693332
vt 0.573828 0.695064
vt 0.573657 0.695064
vt 0.573829 0.69334
vt 0.573961 0.695064
vt 0.573828 0.695064
vt 0.573828 0.695064
vt 0.573958 0.696791
vt 0.573822 0.696788
vt 0.573658 0.693332
vt 0.573825 0.691633
vt 0.573829 0.69334
vt 0.573654 0.691617
vt 0.573817 0.689957
vt 0.573825 0.691633
vt 0.573825 0.691633
vt 0.573952 0.689949
vt 0.573959 0.691643
vt 0.573829 0.69334
vt 0.573959 0.691643
vt 0.573964 0.693337
vt 0.537531 0.727538
vt 0.536806 0.729088
vt 0.537211 0.727441
vt 0.537129 0.729151
vt 0.536555 0.730764
vt 0.536806 0.729088
vt 0.536806 0.729088
vt 0.536216 0.730731
vt 0.536549 0.729037
vt 0.537211 0.727441
vt 0.536549 0.729037
vt 0.536883 0.727342
vt 0.536806 0.732458
vt 0.536555 0.730764
vt 0.536887 0.730797
vt 0.536889 0.734119
vt 0.536477 0.732458
vt 0.536806 0.732458
vt 0.536557 0.734151
vt 0.536216 0.732458
vt 0.536477 0.732458
vt 0.536477 0.732458
vt 0.536216 0.730731
vt 0.536555 0.730764
vt 0.536806 0.732458
vt 0.53747 0.734061
vt 0.536889 0.734119
vt 0.536887 0.730797
vt 0.537424 0.732457
vt 0.536806 0.732458
vt 0.536887 0.730797
vt 0.537735 0.729271
vt 0.537655 0.730872
vt 0.537129 0.729151
vt 0.538323 0.727777
vt 0.537735 0.729271
vt 0.539748 0.72967
vt 0.537655 0.730872
vt 0.537735 0.729271
vt 0.539477 0.732455
vt 0.537655 0.730872
vt 0.539614 0.731063
vt 0.538676 0.733941
vt 0.537424 0.732457
vt 0.539477 0.732455
vt 0.539477 0.732455
vt 0.539634 0.733845
vt 0.538676 0.733941
vt 0.540287 0.729777
vt 0.539614 0.731063
vt 0.539748 0.72967
vt 0.5406 0.728466
vt 0.539748 0.72967
vt 0.540172 0.728336
vt 0.540066 0.733802
vt 0.539477 0.732455
vt 0.540036 0.732455
vt 0.540036 0.732455
vt 0.539614 0.731063
vt 0.540103 0.73111
vt 0.540036 0.732455
vt 0.540699 0.734286
vt 0.540066 0.733802
vt 0.540103 0.73111
vt 0.540463 0.731736
vt 0.540036 0.732455
vt 0.540287 0.729777
vt 0.540463 0.731736
vt 0.540103 0.73111
vt 0.5406 0.728466
vt 0.540953 0.729224
vt 0.540287 0.729777
vt 0.540953 0.729224
vt 0.540941 0.731523
vt 0.540463 0.731736
vt 0.540941 0.731523
vt 0.540953 0.729224
vt 0.541742 0.728959
vt 0.541807 0.734882
vt 0.540941 0.731523
vt 0.541742 0.728959
vt 0.560604 0.741595
vt 0.550493 0.742282
vt 0.564465 0.73552
vt 0.543048 0.72938
vt 0.564465 0.73552
vt 0.550493 0.742282
vt 0.544602 0.739358
vt 0.543048 0.72938
vt 0.550493 0.742282
vt 0.562901 0.725526
vt 0.564465 0.73552
vt 0.556809 0.722286
vt 0.546905 0.723287
vt 0.556809 0.722286
vt 0.543048 0.72938
vt 0.508478 0.718685
vt 0.50699 0.719792
vt 0.506936 0.719711
vt 0.50699 0.719792
vt 0.505554 0.720933
vt 0.505422 0.720772
vt 0.508478 0.718685
vt 0.510219 0.718048
vt 0.508555 0.718828
vt 0.51019 0.717976
vt 0.511914 0.71731
vt 0.510219 0.718048
vt 0.510219 0.718048
vt 0.511974 0.71751
vt 0.510257 0.71814
vt 0.508555 0.718828
vt 0.510257 0.71814
vt 0.50859 0.718906
vt 0.505554 0.720933
vt 0.50699 0.719792
vt 0.50859 0.718906
vt 0.515536 0.716551
vt 0.513737 0.717005
vt 0.513718 0.716909
vt 0.513737 0.717005
vt 0.511974 0.71751
vt 0.511914 0.71731
vt 0.515536 0.716551
vt 0.517388 0.716629
vt 0.515552 0.716713
vt 0.517388 0.716551
vt 0.519236 0.716596
vt 0.517388 0.716629
vt 0.517388 0.716629
vt 0.519215 0.716803
vt 0.517388 0.716729
vt 0.515552 0.716713
vt 0.517388 0.716729
vt 0.515555 0.716799
vt 0.511974 0.71751
vt 0.513737 0.717005
vt 0.515555 0.716799
vt 0.522872 0.717281
vt 0.521037 0.717012
vt 0.521056 0.716916
vt 0.521037 0.717012
vt 0.519215 0.716803
vt 0.519236 0.716596
vt 0.522872 0.717281
vt 0.524554 0.718062
vt 0.522825 0.717437
vt 0.524584 0.71799
vt 0.526274 0.718738
vt 0.524554 0.718062
vt 0.524554 0.718062
vt 0.526176 0.718922
vt 0.524516 0.718154
vt 0.522825 0.717437
vt 0.524516 0.718154
vt 0.522795 0.717517
vt 0.519215 0.716803
vt 0.521037 0.717012
vt 0.522795 0.717517
vt 0.529372 0.720763
vt 0.527779 0.719812
vt 0.527833 0.719731
vt 0.527779 0.719812
vt 0.526176 0.718922
vt 0.526274 0.718738
vt 0.529372 0.720763
vt 0.530626 0.722128
vt 0.529268 0.720888
vt 0.530681 0.722073
vt 0.531956 0.723411
vt 0.530626 0.722128
vt 0.530626 0.722128
vt 0.531795 0.723543
vt 0.530555 0.722198
vt 0.529268 0.720888
vt 0.530555 0.722198
vt 0.52921 0.720951
vt 0.526176 0.718922
vt 0.527779 0.719812
vt 0.52921 0.720951
vt 0.534043 0.726467
vt 0.532953 0.724968
vt 0.533017 0.724925
vt 0.5339 0.726543
vt 0.53287 0.725023
vt 0.532953 0.724968
vt 0.532953 0.724968
vt 0.531795 0.723543
vt 0.531956 0.723411
vt 0.534043 0.726467
vt 0.534662 0.728215
vt 0.5339 0.726543
vt 0.534752 0.728178
vt 0.535418 0.729902
vt 0.534662 0.728215
vt 0.5339 0.726543
vt 0.534662 0.728215
vt 0.533827 0.726588
vt 0.536177 0.733524
vt 0.535723 0.731726
vt 0.535819 0.731707
vt 0.535723 0.731726
vt 0.535219 0.729963
vt 0.535418 0.729902
vt 0.536177 0.733524
vt 0.536099 0.735376
vt 0.536015 0.73354
vt 0.536177 0.735377
vt 0.536132 0.737224
vt 0.536099 0.735376
vt 0.536099 0.735376
vt 0.535925 0.737204
vt 0.535999 0.735376
vt 0.536015 0.73354
vt 0.535999 0.735376
vt 0.53593 0.733543
vt 0.535219 0.729963
vt 0.535723 0.731726
vt 0.53593 0.733543
vt 0.535447 0.740861
vt 0.535716 0.739026
vt 0.535812 0.739045
vt 0.535716 0.739026
vt 0.535925 0.737204
vt 0.536132 0.737224
vt 0.535447 0.740861
vt 0.534667 0.742543
vt 0.535292 0.740814
vt 0.534738 0.742572
vt 0.53399 0.744263
vt 0.534667 0.742543
vt 0.534667 0.742543
vt 0.533806 0.744164
vt 0.534574 0.742504
vt 0.535292 0.740814
vt 0.534574 0.742504
vt 0.535212 0.740784
vt 0.535925 0.737204
vt 0.535716 0.739026
vt 0.535212 0.740784
vt 0.531965 0.74736
vt 0.532933 0.745779
vt 0.532997 0.745822
vt 0.53184 0.747257
vt 0.53285 0.745723
vt 0.532933 0.745779
vt 0.532933 0.745779
vt 0.533806 0.744164
vt 0.53399 0.744263
vt 0.531965 0.74736
vt 0.530587 0.748601
vt 0.53184 0.747257
vt 0.530656 0.74867
vt 0.529317 0.749945
vt 0.530587 0.748601
vt 0.53184 0.747257
vt 0.530587 0.748601
vt 0.531771 0.747207
vt 0.526262 0.752032
vt 0.52775 0.750925
vt 0.527804 0.751006
vt 0.52775 0.750925
vt 0.529186 0.749784
vt 0.529317 0.749945
vt 0.526262 0.752032
vt 0.524521 0.752669
vt 0.526185 0.751889
vt 0.52455 0.752741
vt 0.522826 0.753407
vt 0.524521 0.752669
vt 0.524521 0.752669
vt 0.522766 0.753207
vt 0.524482 0.752577
vt 0.526185 0.751889
vt 0.524482 0.752577
vt 0.52615 0.751811
vt 0.529186 0.749784
vt 0.52775 0.750925
vt 0.52615 0.751811
vt 0.519204 0.754165
vt 0.521003 0.753712
vt 0.521022 0.753808
vt 0.521003 0.753712
vt 0.522766 0.753207
vt 0.522826 0.753407
vt 0.519204 0.754165
vt 0.517352 0.754088
vt 0.519188 0.754004
vt 0.517352 0.754166
vt 0.515504 0.754121
vt 0.517352 0.754088
vt 0.517352 0.754088
vt 0.515525 0.753914
vt 0.517352 0.753988
vt 0.519188 0.754004
vt 0.517352 0.753988
vt 0.519185 0.753918
vt 0.522766 0.753207
vt 0.521003 0.753712
vt 0.519185 0.753918
vt 0.511867 0.753436
vt 0.513703 0.753705
vt 0.513683 0.753801
vt 0.513703 0.753705
vt 0.515525 0.753914
vt 0.515504 0.754121
vt 0.511867 0.753436
vt 0.510186 0.752655
vt 0.511915 0.75328
vt 0.510156 0.752727
vt 0.508466 0.751979
vt 0.510186 0.752655
vt 0.510186 0.752655
vt 0.508564 0.751795
vt 0.510224 0.752563
vt 0.511915 0.75328
vt 0.510224 0.752563
vt 0.511945 0.7532
vt 0.515525 0.753914
vt 0.513703 0.753705
vt 0.511945 0.7532
vt 0.505368 0.749954
vt 0.506961 0.750905
vt 0.506907 0.750986
vt 0.506961 0.750905
vt 0.508564 0.751795
vt 0.508466 0.751979
vt 0.505368 0.749954
vt 0.504113 0.748589
vt 0.505471 0.749829
vt 0.504058 0.748644
vt 0.502783 0.747306
vt 0.504113 0.748589
vt 0.504113 0.748589
vt 0.502945 0.747174
vt 0.504184 0.748519
vt 0.505471 0.749829
vt 0.504184 0.748519
vt 0.50553 0.749766
vt 0.508564 0.751795
vt 0.506961 0.750905
vt 0.50553 0.749766
vt 0.500696 0.74425
vt 0.501804 0.745738
vt 0.501723 0.745792
vt 0.501804 0.745738
vt 0.502945 0.747174
vt 0.502783 0.747306
vt 0.500696 0.74425
vt 0.500059 0.742509
vt 0.50084 0.744174
vt 0.499988 0.742539
vt 0.499321 0.740815
vt 0.500059 0.742509
vt 0.500059 0.742509
vt 0.499521 0.740754
vt 0.500152 0.742471
vt 0.50084 0.744174
vt 0.500152 0.742471
vt 0.500918 0.744138
vt 0.502945 0.747174
vt 0.501804 0.745738
vt 0.500918 0.744138
vt 0.498563 0.737193
vt 0.499017 0.738991
vt 0.498921 0.73901
vt 0.499017 0.738991
vt 0.499521 0.740754
vt 0.499321 0.740815
vt 0.498563 0.737193
vt 0.49864 0.73534
vt 0.498725 0.737177
vt 0.498563 0.73534
vt 0.498607 0.733492
vt 0.49864 0.73534
vt 0.49864 0.73534
vt 0.498815 0.733513
vt 0.498741 0.73534
vt 0.498725 0.737177
vt 0.498741 0.73534
vt 0.49881 0.737174
vt 0.499521 0.740754
vt 0.499017 0.738991
vt 0.49881 0.737174
vt 0.499292 0.729856
vt 0.499023 0.731691
vt 0.498928 0.731672
vt 0.499023 0.731691
vt 0.498815 0.733513
vt 0.498607 0.733492
vt 0.499292 0.729856
vt 0.500073 0.728174
vt 0.499448 0.729903
vt 0.500001 0.728145
vt 0.50075 0.726454
vt 0.500073 0.728174
vt 0.500073 0.728174
vt 0.500933 0.726553
vt 0.500166 0.728213
vt 0.499448 0.729903
vt 0.500166 0.728213
vt 0.499528 0.729933
vt 0.498815 0.733513
vt 0.499023 0.731691
vt 0.499528 0.729933
vt 0.502774 0.723357
vt 0.501823 0.724949
vt 0.501742 0.724895
vt 0.501823 0.724949
vt 0.500933 0.726553
vt 0.50075 0.726454
vt 0.502774 0.723357
vt 0.504139 0.722102
vt 0.5029 0.72346
vt 0.504084 0.722047
vt 0.505422 0.720772
vt 0.504139 0.722102
vt 0.504139 0.722102
vt 0.505554 0.720933
vt 0.50421 0.722173
vt 0.5029 0.72346
vt 0.50421 0.722173
vt 0.502962 0.723518
vt 0.500933 0.726553
vt 0.501823 0.724949
vt 0.502962 0.723518
vt 0.573161 0.683747
vt 0.57228 0.684949
vt 0.57223 0.683456
vt 0.573215 0.685159
vt 0.572309 0.686488
vt 0.57228 0.684949
vt 0.573566 0.683855
vt 0.573215 0.685159
vt 0.573161 0.683747
vt 0.573592 0.685248
vt 0.573258 0.686664
vt 0.573215 0.685159
vt 0.573646 0.689935
vt 0.573255 0.688241
vt 0.573632 0.688303
vt 0.573632 0.688303
vt 0.573258 0.686664
vt 0.573615 0.686735
vt 0.573241 0.689885
vt 0.572323 0.688101
vt 0.573255 0.688241
vt 0.573255 0.688241
vt 0.572309 0.686488
vt 0.573258 0.686664
vt 0.573024 0.679228
vt 0.572127 0.679911
vt 0.572082 0.678908
vt 0.573091 0.680227
vt 0.572172 0.68093
vt 0.572127 0.679911
vt 0.573479 0.679392
vt 0.573091 0.680227
vt 0.573024 0.679228
vt 0.573518 0.680361
vt 0.573148 0.681286
vt 0.573091 0.680227
vt 0.573566 0.683855
vt 0.573159 0.682457
vt 0.573541 0.682562
vt 0.573541 0.682562
vt 0.573148 0.681286
vt 0.573557 0.68133
vt 0.573161 0.683747
vt 0.5722 0.682179
vt 0.573159 0.682457
vt 0.573159 0.682457
vt 0.572172 0.68093
vt 0.573148 0.681286
vt 0.577727 0.684658
vt 0.578655 0.682952
vt 0.578634 0.684489
vt 0.57772 0.683163
vt 0.578696 0.681467
vt 0.578655 0.682952
vt 0.577322 0.684739
vt 0.57772 0.683163
vt 0.577727 0.684658
vt 0.577343 0.683252
vt 0.577726 0.681764
vt 0.57772 0.683163
vt 0.577376 0.679333
vt 0.577774 0.680451
vt 0.577393 0.680565
vt 0.577393 0.680565
vt 0.577726 0.681764
vt 0.577368 0.68186
vt 0.57783 0.679189
vt 0.578733 0.68018
vt 0.577774 0.680451
vt 0.577774 0.680451
vt 0.578696 0.681467
vt 0.577726 0.681764
vt 0.577688 0.691317
vt 0.578595 0.689515
vt 0.578595 0.69128
vt 0.577663 0.689589
vt 0.578598 0.687784
vt 0.578595 0.689515
vt 0.577284 0.691335
vt 0.577663 0.689589
vt 0.577688 0.691317
vt 0.577286 0.68962
vt 0.57765 0.687894
vt 0.577663 0.689589
vt 0.577322 0.684739
vt 0.577682 0.686245
vt 0.577306 0.686306
vt 0.577306 0.686306
vt 0.57765 0.687894
vt 0.577294 0.687939
vt 0.577727 0.684658
vt 0.578615 0.686103
vt 0.577682 0.686245
vt 0.577682 0.686245
vt 0.578598 0.687784
vt 0.57765 0.687894
vt 0.577727 0.698243
vt 0.578615 0.696612
vt 0.578634 0.698343
vt 0.577682 0.696543
vt 0.578598 0.694846
vt 0.578615 0.696612
vt 0.577322 0.698195
vt 0.577682 0.696543
vt 0.577727 0.698243
vt 0.577306 0.696514
vt 0.57765 0.694812
vt 0.577682 0.696543
vt 0.577284 0.691335
vt 0.577663 0.693066
vt 0.577286 0.693067
vt 0.577286 0.693067
vt 0.57765 0.694812
vt 0.577294 0.694798
vt 0.577688 0.691317
vt 0.578595 0.693063
vt 0.577663 0.693066
vt 0.577663 0.693066
vt 0.578598 0.694846
vt 0.57765 0.694812
vt 0.57783 0.704455
vt 0.578733 0.703186
vt 0.57877 0.704681
vt 0.577771 0.702978
vt 0.578696 0.70168
vt 0.578733 0.703186
vt 0.577376 0.704339
vt 0.577771 0.702978
vt 0.57783 0.704455
vt 0.577345 0.70289
vt 0.577722 0.701467
vt 0.577771 0.702978
vt 0.577322 0.698195
vt 0.57772 0.699888
vt 0.577338 0.699832
vt 0.577338 0.699832
vt 0.577722 0.701467
vt 0.577313 0.701441
vt 0.577727 0.698243
vt 0.578655 0.700028
vt 0.57772 0.699888
vt 0.57772 0.699888
vt 0.578696 0.70168
vt 0.577722 0.701467
vt 0.576906 0.734271
vt 0.576071 0.736028
vt 0.575926 0.734343
vt 0.577076 0.735921
vt 0.576273 0.737648
vt 0.576071 0.736028
vt 0.577347 0.734236
vt 0.577076 0.735921
vt 0.576906 0.734271
vt 0.577486 0.735874
vt 0.57729 0.737506
vt 0.577076 0.735921
vt 0.578233 0.740411
vt 0.57751 0.739028
vt 0.577921 0.738951
vt 0.577921 0.738951
vt 0.57729 0.737506
vt 0.577677 0.737448
vt 0.57775 0.740513
vt 0.576512 0.739197
vt 0.57751 0.739028
vt 0.57751 0.739028
vt 0.576273 0.737648
vt 0.57729 0.737506
vt 0.576907 0.727342
vt 0.575844 0.729057
vt 0.575926 0.727276
vt 0.576852 0.729089
vt 0.57582 0.73084
vt 0.575844 0.729057
vt 0.577347 0.727373
vt 0.576852 0.729089
vt 0.576907 0.727342
vt 0.577264 0.729103
vt 0.576846 0.730836
vt 0.576852 0.729089
vt 0.577347 0.734236
vt 0.576852 0.732569
vt 0.577264 0.732551
vt 0.577264 0.732551
vt 0.576846 0.730836
vt 0.577236 0.730834
vt 0.576906 0.734271
vt 0.575844 0.732607
vt 0.576852 0.732569
vt 0.576852 0.732569
vt 0.57582 0.73084
vt 0.576846 0.730836
vt 0.577779 0.720707
vt 0.576518 0.722115
vt 0.576816 0.720509
vt 0.577514 0.722286
vt 0.576273 0.723789
vt 0.576518 0.722115
vt 0.578211 0.7208
vt 0.577514 0.722286
vt 0.577779 0.720707
vt 0.57792 0.722359
vt 0.57729 0.723929
vt 0.577514 0.722286
vt 0.577347 0.727373
vt 0.577075 0.725617
vt 0.577486 0.725662
vt 0.577486 0.725662
vt 0.57729 0.723929
vt 0.577677 0.723985
vt 0.576907 0.727342
vt 0.576071 0.725514
vt 0.577075 0.725617
vt 0.577075 0.725617
vt 0.576273 0.723789
vt 0.57729 0.723929
vt 0.580293 0.734254
vt 0.579337 0.736043
vt 0.579363 0.73438
vt 0.580296 0.735904
vt 0.579313 0.737701
vt 0.579337 0.736043
vt 0.580698 0.734207
vt 0.580296 0.735904
vt 0.580293 0.734254
vt 0.580677 0.735845
vt 0.580292 0.737528
vt 0.580296 0.735904
vt 0.578211 0.7208
vt 0.578147 0.719214
vt 0.578551 0.719316
vt 0.578551 0.719316
vt 0.578533 0.717763
vt 0.578958 0.717881
vt 0.577779 0.720707
vt 0.577162 0.718981
vt 0.578147 0.719214
vt 0.578147 0.719214
vt 0.577512 0.717491
vt 0.578533 0.717763
vt 0.580351 0.727328
vt 0.579439 0.729071
vt 0.579444 0.727288
vt 0.580371 0.729076
vt 0.579431 0.730854
vt 0.579439 0.729071
vt 0.580755 0.727347
vt 0.580371 0.729076
vt 0.580351 0.727328
vt 0.580748 0.729078
vt 0.580379 0.730823
vt 0.580371 0.729076
vt 0.580698 0.734207
vt 0.580342 0.732554
vt 0.580719 0.732525
vt 0.580719 0.732525
vt 0.580379 0.730823
vt 0.580736 0.73081
vt 0.580293 0.734254
vt 0.579408 0.732622
vt 0.580342 0.732554
vt 0.580342 0.732554
vt 0.579431 0.730854
vt 0.580379 0.730823
vt 0.580331 0.720668
vt 0.579439 0.722111
vt 0.579424 0.720497
vt 0.580371 0.722255
vt 0.579451 0.723792
vt 0.579439 0.722111
vt 0.580736 0.72075
vt 0.580371 0.722255
vt 0.580331 0.720668
vt 0.580748 0.722318
vt 0.580398 0.723905
vt 0.580371 0.722255
vt 0.580755 0.727347
vt 0.580381 0.725599
vt 0.580757 0.725632
vt 0.580757 0.725632
vt 0.580398 0.723905
vt 0.580755 0.72395
vt 0.580351 0.727328
vt 0.579449 0.725523
vt 0.580381 0.725599
vt 0.580381 0.725599
vt 0.579451 0.723792
vt 0.580398 0.723905
vt 0.580243 0.715199
vt 0.579338 0.716188
vt 0.579304 0.714915
vt 0.580296 0.716461
vt 0.579371 0.717475
vt 0.579338 0.716188
vt 0.580697 0.715344
vt 0.580296 0.716461
vt 0.580243 0.715199
vt 0.580677 0.716576
vt 0.580341 0.717774
vt 0.580296 0.716461
vt 0.580736 0.72075
vt 0.580342 0.719174
vt 0.580719 0.719264
vt 0.580719 0.719264
vt 0.580341 0.717774
vt 0.580698 0.717871
vt 0.580331 0.720668
vt 0.579408 0.71896
vt 0.580342 0.719174
vt 0.580342 0.719174
vt 0.579371 0.717475
vt 0.580341 0.717774
vt 0.573176 0.70347
vt 0.57224 0.705172
vt 0.572268 0.703635
vt 0.573176 0.704965
vt 0.572192 0.706656
vt 0.57224 0.705172
vt 0.573581 0.703391
vt 0.573176 0.704965
vt 0.573176 0.70347
vt 0.573553 0.704878
vt 0.573164 0.706365
vt 0.573176 0.704965
vt 0.573502 0.708797
vt 0.573109 0.707677
vt 0.573491 0.707565
vt 0.573491 0.707565
vt 0.573164 0.706365
vt 0.573521 0.70627
vt 0.573047 0.708939
vt 0.572148 0.707943
vt 0.573109 0.707677
vt 0.573109 0.707677
vt 0.572192 0.706656
vt 0.573164 0.706365
vt 0.573246 0.696811
vt 0.572331 0.698609
vt 0.572339 0.696844
vt 0.573263 0.69854
vt 0.57232 0.70034
vt 0.572331 0.698609
vt 0.573651 0.696795
vt 0.573263 0.69854
vt 0.573246 0.696811
vt 0.57364 0.69851
vt 0.573268 0.700234
vt 0.573263 0.69854
vt 0.573581 0.703391
vt 0.573228 0.701884
vt 0.573605 0.701824
vt 0.573605 0.701824
vt 0.573268 0.700234
vt 0.573625 0.700192
vt 0.573176 0.70347
vt 0.572295 0.702021
vt 0.573228 0.701884
vt 0.573228 0.701884
vt 0.57232 0.70034
vt 0.573268 0.700234
vt 0.573241 0.689885
vt 0.572345 0.691512
vt 0.572334 0.689781
vt 0.573277 0.691585
vt 0.572354 0.693278
vt 0.572345 0.691512
vt 0.573646 0.689935
vt 0.573277 0.691585
vt 0.573241 0.689885
vt 0.573654 0.691617
vt 0.573301 0.693317
vt 0.573277 0.691585
vt 0.573651 0.696795
vt 0.57328 0.695063
vt 0.573657 0.695064
vt 0.573657 0.695064
vt 0.573301 0.693317
vt 0.573658 0.693332
vt 0.573246 0.696811
vt 0.572348 0.695061
vt 0.57328 0.695063
vt 0.57328 0.695063
vt 0.572354 0.693278
vt 0.573301 0.693317
vt 0.51204 0.717727
vt 0.510257 0.71814
vt 0.511974 0.71751
vt 0.510339 0.718339
vt 0.50859 0.718906
vt 0.510257 0.71814
vt 0.512061 0.717796
vt 0.510339 0.718339
vt 0.51204 0.717727
vt 0.512046 0.717748
vt 0.510367 0.718406
vt 0.512061 0.717796
vt 0.51038 0.718438
vt 0.508727 0.719152
vt 0.510367 0.718406
vt 0.510367 0.718406
vt 0.508727 0.719152
vt 0.510339 0.718339
vt 0.505712 0.721126
vt 0.507177 0.720072
vt 0.507213 0.720127
vt 0.507213 0.720127
vt 0.508727 0.719152
vt 0.508714 0.719128
vt 0.505698 0.721109
vt 0.50859 0.718906
vt 0.507177 0.720072
vt 0.507177 0.720072
vt 0.50859 0.718906
vt 0.508727 0.719152
vt 0.519193 0.717029
vt 0.517388 0.716729
vt 0.519215 0.716803
vt 0.517388 0.716944
vt 0.515555 0.716799
vt 0.517388 0.716729
vt 0.519185 0.71711
vt 0.517388 0.716944
vt 0.519193 0.717029
vt 0.51918 0.717162
vt 0.517388 0.717021
vt 0.519185 0.71711
vt 0.517388 0.717073
vt 0.515588 0.717084
vt 0.517388 0.717021
vt 0.517388 0.717021
vt 0.515588 0.717084
vt 0.517388 0.716944
vt 0.512046 0.717748
vt 0.513803 0.717336
vt 0.513816 0.71741
vt 0.513816 0.71741
vt 0.515588 0.717084
vt 0.515595 0.71716
vt 0.51204 0.717727
vt 0.515555 0.716799
vt 0.513803 0.717336
vt 0.513803 0.717336
vt 0.515555 0.716799
vt 0.515588 0.717084
vt 0.526068 0.719122
vt 0.524516 0.718154
vt 0.526176 0.718922
vt 0.524433 0.718352
vt 0.522795 0.717517
vt 0.524516 0.718154
vt 0.526034 0.719186
vt 0.524433 0.718352
vt 0.526068 0.719122
vt 0.526058 0.719142
vt 0.524405 0.71842
vt 0.526034 0.719186
vt 0.524392 0.718452
vt 0.522718 0.717787
vt 0.524405 0.71842
vt 0.524405 0.71842
vt 0.522718 0.717787
vt 0.524433 0.718352
vt 0.51918 0.717162
vt 0.520971 0.717343
vt 0.520958 0.717417
vt 0.520958 0.717417
vt 0.522718 0.717787
vt 0.522726 0.717762
vt 0.519193 0.717029
vt 0.522795 0.717517
vt 0.520971 0.717343
vt 0.520971 0.717343
vt 0.522795 0.717517
vt 0.522718 0.717787
vt 0.53162 0.723687
vt 0.530555 0.722198
vt 0.531795 0.723543
vt 0.530404 0.72235
vt 0.52921 0.720951
vt 0.530555 0.722198
vt 0.531564 0.723732
vt 0.530404 0.72235
vt 0.53162 0.723687
vt 0.531602 0.723701
vt 0.530352 0.722401
vt 0.531564 0.723732
vt 0.530328 0.722426
vt 0.529035 0.721172
vt 0.530352 0.722401
vt 0.530352 0.722401
vt 0.529035 0.721172
vt 0.530404 0.72235
vt 0.526058 0.719142
vt 0.527592 0.720092
vt 0.527555 0.720146
vt 0.527555 0.720146
vt 0.529035 0.721172
vt 0.529052 0.721151
vt 0.526068 0.719122
vt 0.52921 0.720951
vt 0.527592 0.720092
vt 0.527592 0.720092
vt 0.52921 0.720951
vt 0.529035 0.721172
vt 0.535001 0.730028
vt 0.533827 0.726588
vt 0.535219 0.729963
vt 0.534933 0.730049
vt 0.534351 0.728344
vt 0.535001 0.730028
vt 0.53498 0.730035
vt 0.534351 0.728344
vt 0.534933 0.730049
vt 0.53429 0.728369
vt 0.533576 0.726716
vt 0.534351 0.728344
vt 0.531602 0.723701
vt 0.53263 0.725183
vt 0.532601 0.725202
vt 0.531564 0.723732
vt 0.532691 0.725142
vt 0.53263 0.725183
vt 0.532601 0.725202
vt 0.533576 0.726716
vt 0.5336 0.726703
vt 0.53162 0.723687
vt 0.53287 0.725023
vt 0.532691 0.725142
vt 0.532691 0.725142
vt 0.533827 0.726588
vt 0.533576 0.726716
vt 0.535699 0.737181
vt 0.535999 0.735376
vt 0.535925 0.737204
vt 0.535785 0.735376
vt 0.53593 0.733543
vt 0.535999 0.735376
vt 0.535627 0.737174
vt 0.535785 0.735376
vt 0.535699 0.737181
vt 0.535677 0.737179
vt 0.535712 0.735376
vt 0.535627 0.737174
vt 0.535677 0.735376
vt 0.53565 0.733576
vt 0.535712 0.735376
vt 0.535712 0.735376
vt 0.53565 0.733576
vt 0.535785 0.735376
vt 0.53498 0.730035
vt 0.535393 0.731791
vt 0.535329 0.731804
vt 0.535329 0.731804
vt 0.53565 0.733576
vt 0.535677 0.733573
vt 0.535001 0.730028
vt 0.53593 0.733543
vt 0.535393 0.731791
vt 0.535393 0.731791
vt 0.53593 0.733543
vt 0.53565 0.733576
vt 0.533606 0.744057
vt 0.534574 0.742504
vt 0.533806 0.744164
vt 0.534376 0.742422
vt 0.535212 0.740784
vt 0.534574 0.742504
vt 0.533543 0.744023
vt 0.534376 0.742422
vt 0.533606 0.744057
vt 0.533587 0.744046
vt 0.534309 0.742394
vt 0.533543 0.744023
vt 0.534277 0.742381
vt 0.534941 0.740707
vt 0.534309 0.742394
vt 0.534309 0.742394
vt 0.534941 0.740707
vt 0.534376 0.742422
vt 0.535677 0.737179
vt 0.535386 0.73896
vt 0.535322 0.738947
vt 0.535322 0.738947
vt 0.534941 0.740707
vt 0.534967 0.740715
vt 0.535699 0.737181
vt 0.535212 0.740784
vt 0.535386 0.73896
vt 0.535386 0.73896
vt 0.535212 0.740784
vt 0.534941 0.740707
vt 0.529042 0.749608
vt 0.531771 0.747207
vt 0.529186 0.749784
vt 0.528996 0.749552
vt 0.530349 0.748362
vt 0.529042 0.749608
vt 0.529028 0.749591
vt 0.530349 0.748362
vt 0.528996 0.749552
vt 0.530303 0.748316
vt 0.531557 0.747024
vt 0.530349 0.748362
vt 0.533587 0.744046
vt 0.532611 0.745563
vt 0.532582 0.745544
vt 0.533543 0.744023
vt 0.532672 0.745604
vt 0.532611 0.745563
vt 0.532582 0.745544
vt 0.531557 0.747024
vt 0.531577 0.747041
vt 0.533606 0.744057
vt 0.53285 0.745723
vt 0.532672 0.745604
vt 0.532672 0.745604
vt 0.531771 0.747207
vt 0.531557 0.747024
vt 0.5227 0.75299
vt 0.524482 0.752577
vt 0.522766 0.753207
vt 0.524401 0.752378
vt 0.52615 0.751811
vt 0.524482 0.752577
vt 0.522679 0.752921
vt 0.524401 0.752378
vt 0.5227 0.75299
vt 0.522694 0.752969
vt 0.524373 0.752311
vt 0.522679 0.752921
vt 0.524359 0.752279
vt 0.526013 0.751565
vt 0.524373 0.752311
vt 0.524373 0.752311
vt 0.526013 0.751565
vt 0.524401 0.752378
vt 0.529028 0.749591
vt 0.527563 0.750645
vt 0.527526 0.75059
vt 0.527526 0.75059
vt 0.526013 0.751565
vt 0.526025 0.751589
vt 0.529042 0.749608
vt 0.52615 0.751811
vt 0.527563 0.750645
vt 0.527563 0.750645
vt 0.52615 0.751811
vt 0.526013 0.751565
vt 0.515547 0.753688
vt 0.517352 0.753988
vt 0.515525 0.753914
vt 0.517352 0.753773
vt 0.519185 0.753918
vt 0.517352 0.753988
vt 0.515554 0.753616
vt 0.517352 0.753773
vt 0.515547 0.753688
vt 0.515549 0.753666
vt 0.517352 0.7537
vt 0.515554 0.753616
vt 0.517352 0.753666
vt 0.519153 0.753639
vt 0.517352 0.7537
vt 0.517352 0.7537
vt 0.519153 0.753639
vt 0.517352 0.753773
vt 0.522694 0.752969
vt 0.520937 0.753382
vt 0.520925 0.753317
vt 0.520925 0.753317
vt 0.519153 0.753639
vt 0.519155 0.753666
vt 0.5227 0.75299
vt 0.519185 0.753918
vt 0.520937 0.753382
vt 0.520937 0.753382
vt 0.519185 0.753918
vt 0.519153 0.753639
vt 0.508672 0.751595
vt 0.510224 0.752563
vt 0.508564 0.751795
vt 0.510306 0.752365
vt 0.511945 0.7532
vt 0.510224 0.752563
vt 0.508705 0.751531
vt 0.510306 0.752365
vt 0.508672 0.751595
vt 0.508682 0.751575
vt 0.510334 0.752297
vt 0.508705 0.751531
vt 0.510348 0.752265
vt 0.512022 0.752929
vt 0.510334 0.752297
vt 0.510334 0.752297
vt 0.512022 0.752929
vt 0.510306 0.752365
vt 0.515549 0.753666
vt 0.513769 0.753375
vt 0.513781 0.753311
vt 0.513781 0.753311
vt 0.512022 0.752929
vt 0.512014 0.752955
vt 0.515547 0.753688
vt 0.511945 0.7532
vt 0.513769 0.753375
vt 0.513769 0.753375
vt 0.511945 0.7532
vt 0.512022 0.752929
vt 0.50312 0.74703
vt 0.504184 0.748519
vt 0.502945 0.747174
vt 0.504336 0.748367
vt 0.50553 0.749766
vt 0.504184 0.748519
vt 0.503176 0.746984
vt 0.504336 0.748367
vt 0.50312 0.74703
vt 0.503137 0.747016
vt 0.504388 0.748316
vt 0.503176 0.746984
vt 0.504412 0.748291
vt 0.505705 0.749545
vt 0.504388 0.748316
vt 0.504388 0.748316
vt 0.505705 0.749545
vt 0.504336 0.748367
vt 0.508682 0.751575
vt 0.507148 0.750625
vt 0.507185 0.750571
vt 0.507185 0.750571
vt 0.505705 0.749545
vt 0.505687 0.749566
vt 0.508672 0.751595
vt 0.50553 0.749766
vt 0.507148 0.750625
vt 0.507148 0.750625
vt 0.50553 0.749766
vt 0.505705 0.749545
vt 0.499739 0.740688
vt 0.500152 0.742471
vt 0.499521 0.740754
vt 0.50035 0.742389
vt 0.500918 0.744138
vt 0.500152 0.742471
vt 0.499816 0.740665
vt 0.50035 0.742389
vt 0.499739 0.740688
vt 0.499866 0.74065
vt 0.500419 0.742361
vt 0.499816 0.740665
vt 0.50046 0.742345
vt 0.501163 0.744001
vt 0.500419 0.742361
vt 0.500419 0.742361
vt 0.501163 0.744001
vt 0.50035 0.742389
vt 0.503137 0.747016
vt 0.502084 0.745551
vt 0.502138 0.745515
vt 0.502138 0.745515
vt 0.501163 0.744001
vt 0.501139 0.744014
vt 0.50312 0.74703
vt 0.500918 0.744138
vt 0.502084 0.745551
vt 0.502084 0.745551
vt 0.500918 0.744138
vt 0.501163 0.744001
vt 0.499041 0.733535
vt 0.498741 0.73534
vt 0.498815 0.733513
vt 0.498955 0.735341
vt 0.49881 0.737174
vt 0.498741 0.73534
vt 0.499112 0.733543
vt 0.498955 0.735341
vt 0.499041 0.733535
vt 0.499063 0.733538
vt 0.499028 0.735341
vt 0.499112 0.733543
vt 0.499063 0.735341
vt 0.49909 0.737141
vt 0.499028 0.735341
vt 0.499028 0.735341
vt 0.49909 0.737141
vt 0.498955 0.735341
vt 0.499866 0.74065
vt 0.499348 0.738925
vt 0.499421 0.73891
vt 0.499421 0.73891
vt 0.49909 0.737141
vt 0.499063 0.737144
vt 0.499739 0.740688
vt 0.49881 0.737174
vt 0.499348 0.738925
vt 0.499348 0.738925
vt 0.49881 0.737174
vt 0.49909 0.737141
vt 0.501134 0.72666
vt 0.500166 0.728213
vt 0.500933 0.726553
vt 0.500364 0.728295
vt 0.499528 0.729933
vt 0.500166 0.728213
vt 0.501197 0.726694
vt 0.500364 0.728295
vt 0.501134 0.72666
vt 0.501153 0.72667
vt 0.500431 0.728323
vt 0.501197 0.726694
vt 0.500463 0.728336
vt 0.499799 0.73001
vt 0.500431 0.728323
vt 0.500431 0.728323
vt 0.499799 0.73001
vt 0.500364 0.728295
vt 0.499063 0.733538
vt 0.499354 0.731757
vt 0.499418 0.73177
vt 0.499418 0.73177
vt 0.499799 0.73001
vt 0.499773 0.730002
vt 0.499041 0.733535
vt 0.499528 0.729933
vt 0.499354 0.731757
vt 0.499354 0.731757
vt 0.499528 0.729933
vt 0.499799 0.73001
vt 0.505698 0.721109
vt 0.50421 0.722173
vt 0.505554 0.720933
vt 0.504361 0.722325
vt 0.502962 0.723518
vt 0.50421 0.722173
vt 0.505744 0.721164
vt 0.504361 0.722325
vt 0.505698 0.721109
vt 0.505712 0.721126
vt 0.504413 0.722376
vt 0.505744 0.721164
vt 0.504437 0.722401
vt 0.503183 0.723693
vt 0.504413 0.722376
vt 0.504413 0.722376
vt 0.503183 0.723693
vt 0.504361 0.722325
vt 0.501153 0.72667
vt 0.502103 0.725137
vt 0.502158 0.725173
vt 0.502158 0.725173
vt 0.503183 0.723693
vt 0.503162 0.723676
vt 0.501134 0.72666
vt 0.502962 0.723518
vt 0.502103 0.725137
vt 0.502103 0.725137
vt 0.502962 0.723518
vt 0.503183 0.723693
vt 0.579847 0.681983
vt 0.579426 0.683703
vt 0.579652 0.681983
vt 0.579621 0.683705
vt 0.579226 0.685448
vt 0.579426 0.683703
vt 0.579938 0.682039
vt 0.579621 0.683705
vt 0.579847 0.681983
vt 0.579956 0.681999
vt 0.579684 0.683713
vt 0.579938 0.682039
vt 0.579726 0.683711
vt 0.579481 0.68545
vt 0.579684 0.683713
vt 0.579684 0.683713
vt 0.579422 0.685449
vt 0.579621 0.683705
vt 0.579258 0.689056
vt 0.579318 0.687241
vt 0.579377 0.68724
vt 0.579318 0.687241
vt 0.579422 0.685449
vt 0.579481 0.68545
vt 0.579377 0.68724
vt 0.579481 0.68545
vt 0.579495 0.685423
vt 0.579183 0.689065
vt 0.579083 0.687239
vt 0.579318 0.687241
vt 0.579083 0.687239
vt 0.579422 0.685449
vt 0.579318 0.687241
vt 0.576533 0.685451
vt 0.576755 0.683713
vt 0.576732 0.685451
vt 0.576551 0.683709
vt 0.576782 0.682045
vt 0.576755 0.683713
vt 0.576468 0.685452
vt 0.576551 0.683709
vt 0.576533 0.685451
vt 0.576419 0.685424
vt 0.57649 0.683711
vt 0.576468 0.685452
vt 0.576444 0.683714
vt 0.576529 0.681995
vt 0.57649 0.683711
vt 0.57649 0.683711
vt 0.576529 0.681995
vt 0.576551 0.683709
vt 0.579956 0.681999
vt 0.580248 0.680455
vt 0.580293 0.68046
vt 0.579938 0.682039
vt 0.580198 0.680441
vt 0.580248 0.680455
vt 0.580293 0.68046
vt 0.580568 0.678907
vt 0.580629 0.678921
vt 0.576846 0.678899
vt 0.576607 0.680444
vt 0.57664 0.678899
vt 0.576607 0.680444
vt 0.576782 0.682045
vt 0.576529 0.681995
vt 0.576491 0.692754
vt 0.576695 0.690912
vt 0.576689 0.692755
vt 0.576491 0.690911
vt 0.576705 0.689068
vt 0.576695 0.690912
vt 0.576427 0.692754
vt 0.576491 0.690911
vt 0.576491 0.692754
vt 0.576378 0.692763
vt 0.57643 0.690911
vt 0.576427 0.692754
vt 0.576384 0.690911
vt 0.576437 0.689068
vt 0.57643 0.690911
vt 0.57643 0.690911
vt 0.576498 0.689068
vt 0.576491 0.690911
vt 0.576419 0.685424
vt 0.576468 0.687243
vt 0.576404 0.687241
vt 0.576468 0.687243
vt 0.576498 0.689068
vt 0.576437 0.689068
vt 0.576404 0.687241
vt 0.576437 0.689068
vt 0.576389 0.689058
vt 0.576533 0.685451
vt 0.576713 0.687242
vt 0.576468 0.687243
vt 0.576713 0.687242
vt 0.576498 0.689068
vt 0.576468 0.687243
vt 0.576533 0.699777
vt 0.576715 0.69811
vt 0.576732 0.699778
vt 0.576512 0.698108
vt 0.576703 0.696371
vt 0.576715 0.69811
vt 0.576468 0.699775
vt 0.576512 0.698108
vt 0.576533 0.699777
vt 0.576419 0.69982
vt 0.57645 0.698105
vt 0.576468 0.699775
vt 0.576404 0.698108
vt 0.576437 0.696369
vt 0.57645 0.698105
vt 0.57645 0.698105
vt 0.576498 0.69637
vt 0.576512 0.698108
vt 0.576378 0.692763
vt 0.57643 0.694578
vt 0.576384 0.694579
vt 0.576427 0.692754
vt 0.576492 0.69458
vt 0.57643 0.694578
vt 0.57643 0.694578
vt 0.576498 0.69637
vt 0.576437 0.696369
vt 0.576384 0.694579
vt 0.576437 0.696369
vt 0.576389 0.696396
vt 0.576689 0.692755
vt 0.576492 0.69458
vt 0.576491 0.692754
vt 0.576697 0.694581
vt 0.576498 0.69637
vt 0.576492 0.69458
vt 0.576639 0.705547
vt 0.576813 0.704224
vt 0.576846 0.705548
vt 0.576609 0.704221
vt 0.576595 0.702841
vt 0.576813 0.704224
vt 0.57658 0.705533
vt 0.576609 0.704221
vt 0.576639 0.705547
vt 0.576535 0.70552
vt 0.576548 0.704213
vt 0.57658 0.705533
vt 0.576502 0.704209
vt 0.576517 0.702839
vt 0.576548 0.704213
vt 0.576548 0.704213
vt 0.576595 0.702841
vt 0.576609 0.704221
vt 0.576419 0.69982
vt 0.57649 0.701354
vt 0.576444 0.701359
vt 0.576468 0.699775
vt 0.576552 0.701359
vt 0.57649 0.701354
vt 0.57649 0.701354
vt 0.576595 0.702841
vt 0.576517 0.702839
vt 0.576444 0.701359
vt 0.576517 0.702839
vt 0.576469 0.702898
vt 0.576533 0.699777
vt 0.576755 0.701361
vt 0.576552 0.701359
vt 0.57149 0.720676
vt 0.571719 0.719092
vt 0.571689 0.720675
vt 0.571719 0.719092
vt 0.571552 0.717612
vt 0.571758 0.71761
vt 0.571425 0.720677
vt 0.571474 0.719097
vt 0.57149 0.720676
vt 0.571376 0.720632
vt 0.571474 0.719097
vt 0.571425 0.720677
vt 0.57141 0.719093
vt 0.571491 0.717614
vt 0.571474 0.719097
vt 0.571524 0.714933
vt 0.571529 0.71624
vt 0.571483 0.716243
vt 0.571569 0.714919
vt 0.571592 0.716232
vt 0.571529 0.71624
vt 0.571529 0.71624
vt 0.571552 0.717612
vt 0.571491 0.717614
vt 0.571483 0.716243
vt 0.571491 0.717614
vt 0.571443 0.717554
vt 0.571835 0.714907
vt 0.571592 0.716232
vt 0.571628 0.714906
vt 0.571592 0.716232
vt 0.571758 0.71761
vt 0.571552 0.717612
vt 0.571411 0.727698
vt 0.571623 0.725872
vt 0.57161 0.727698
vt 0.57142 0.725872
vt 0.571641 0.724082
vt 0.571623 0.725872
vt 0.571345 0.727698
vt 0.57142 0.725872
vt 0.571411 0.727698
vt 0.571297 0.727688
vt 0.571358 0.725874
vt 0.571345 0.727698
vt 0.571312 0.725872
vt 0.571392 0.724083
vt 0.571358 0.725874
vt 0.571358 0.725874
vt 0.571392 0.724083
vt 0.57142 0.725872
vt 0.571376 0.720632
vt 0.571398 0.722347
vt 0.571352 0.722344
vt 0.571425 0.720677
vt 0.571459 0.722344
vt 0.571398 0.722347
vt 0.571352 0.722344
vt 0.571392 0.724083
vt 0.571327 0.724056
vt 0.57149 0.720676
vt 0.571663 0.722344
vt 0.571459 0.722344
vt 0.571459 0.722344
vt 0.571641 0.724082
vt 0.571392 0.724083
vt 0.571411 0.735001
vt 0.571603 0.733212
vt 0.57161 0.735002
vt 0.571399 0.73321
vt 0.571603 0.731385
vt 0.571603 0.733212
vt 0.571345 0.735
vt 0.571399 0.73321
vt 0.571411 0.735001
vt 0.571297 0.735027
vt 0.571338 0.733209
vt 0.571345 0.735
vt 0.571292 0.73321
vt 0.571335 0.731384
vt 0.571338 0.733209
vt 0.571338 0.733209
vt 0.571396 0.731385
vt 0.571399 0.73321
vt 0.571297 0.727688
vt 0.571356 0.729541
vt 0.571292 0.729541
vt 0.571356 0.729541
vt 0.571396 0.731385
vt 0.571335 0.731384
vt 0.571292 0.729541
vt 0.571335 0.731384
vt 0.571286 0.731393
vt 0.571411 0.727698
vt 0.571601 0.729542
vt 0.571356 0.729541
vt 0.571601 0.729542
vt 0.571396 0.731385
vt 0.571356 0.729541
vt 0.571488 0.741474
vt 0.571663 0.739993
vt 0.571687 0.741476
vt 0.57146 0.73999
vt 0.571643 0.738409
vt 0.571663 0.739993
vt 0.571425 0.741471
vt 0.57146 0.73999
vt 0.571488 0.741474
vt 0.571376 0.741532
vt 0.571398 0.739986
vt 0.571425 0.741471
vt 0.571352 0.73999
vt 0.571375 0.738405
vt 0.571398 0.739986
vt 0.571398 0.739986
vt 0.571436 0.738407
vt 0.57146 0.73999
vt 0.571297 0.735027
vt 0.571376 0.736736
vt 0.571312 0.736738
vt 0.571376 0.736736
vt 0.571436 0.738407
vt 0.571375 0.738405
vt 0.571312 0.736738
vt 0.571375 0.738405
vt 0.571327 0.738449
vt 0.571411 0.735001
vt 0.571621 0.73674
vt 0.571376 0.736736
vt 0.571621 0.73674
vt 0.571436 0.738407
vt 0.571376 0.736736
vt 0.571628 0.746242
vt 0.571795 0.745197
vt 0.571835 0.746243
vt 0.57159 0.745194
vt 0.57157 0.74408
vt 0.571795 0.745197
vt 0.571569 0.746227
vt 0.57159 0.745194
vt 0.571628 0.746242
vt 0.571524 0.746211
vt 0.571529 0.745185
vt 0.571569 0.746227
vt 0.571483 0.74518
vt 0.571491 0.744077
vt 0.571529 0.745185
vt 0.571529 0.745185
vt 0.57157 0.74408
vt 0.57159 0.745194
vt 0.571376 0.741532
vt 0.571456 0.742835
vt 0.57141 0.742841
vt 0.571425 0.741471
vt 0.571519 0.742841
vt 0.571456 0.742835
vt 0.571456 0.742835
vt 0.57157 0.74408
vt 0.571491 0.744077
vt 0.57141 0.742841
vt 0.571491 0.744077
vt 0.571443 0.744149
vt 0.571687 0.741476
vt 0.571519 0.742841
vt 0.571488 0.741474
vt 0.576226 0.699777
vt 0.576002 0.701361
vt 0.576027 0.699778
vt 0.576205 0.701359
vt 0.576161 0.702841
vt 0.576002 0.701361
vt 0.57629 0.699775
vt 0.576205 0.701359
vt 0.576226 0.699777
vt 0.576338 0.69982
vt 0.576267 0.701354
vt 0.57629 0.699775
vt 0.576313 0.701359
vt 0.57624 0.702839
vt 0.576267 0.701354
vt 0.576267 0.701354
vt 0.576161 0.702841
vt 0.576205 0.701359
vt 0.576222 0.70552
vt 0.57621 0.704213
vt 0.576255 0.704209
vt 0.576177 0.705533
vt 0.576146 0.704221
vt 0.57621 0.704213
vt 0.57621 0.704213
vt 0.576161 0.702841
vt 0.57624 0.702839
vt 0.576255 0.704209
vt 0.57624 0.702839
vt 0.576288 0.702898
vt 0.575911 0.705548
vt 0.576146 0.704221
vt 0.576118 0.705547
vt 0.576265 0.692754
vt 0.576062 0.694581
vt 0.576065 0.692755
vt 0.576266 0.69458
vt 0.576052 0.696371
vt 0.576062 0.694581
vt 0.57633 0.692754
vt 0.576266 0.69458
vt 0.576265 0.692754
vt 0.576378 0.692763
vt 0.576327 0.694578
vt 0.57633 0.692754
vt 0.576373 0.694579
vt 0.57632 0.696369
vt 0.576327 0.694578
vt 0.576327 0.694578
vt 0.576259 0.69637
vt 0.576266 0.69458
vt 0.576338 0.69982
vt 0.576307 0.698105
vt 0.576353 0.698108
vt 0.57629 0.699775
vt 0.576245 0.698108
vt 0.576307 0.698105
vt 0.576307 0.698105
vt 0.576259 0.69637
vt 0.57632 0.696369
vt 0.576353 0.698108
vt 0.57632 0.696369
vt 0.576368 0.696396
vt 0.576027 0.699778
vt 0.576245 0.698108
vt 0.576226 0.699777
vt 0.576041 0.69811
vt 0.576259 0.69637
vt 0.576245 0.698108
vt 0.57603 0.685451
vt 0.576245 0.687242
vt 0.576041 0.687242
vt 0.576041 0.687242
vt 0.576259 0.689068
vt 0.576052 0.689068
vt 0.576338 0.685424
vt 0.576307 0.687243
vt 0.576269 0.685452
vt 0.576353 0.687241
vt 0.57632 0.689068
vt 0.576307 0.687243
vt 0.576307 0.687243
vt 0.576259 0.689068
vt 0.576245 0.687242
vt 0.576378 0.692763
vt 0.576327 0.690911
vt 0.576373 0.690911
vt 0.57633 0.692754
vt 0.576266 0.690911
vt 0.576327 0.690911
vt 0.576327 0.690911
vt 0.576259 0.689068
vt 0.57632 0.689068
vt 0.576373 0.690911
vt 0.57632 0.689068
vt 0.576368 0.689058
vt 0.576265 0.692754
vt 0.576062 0.690912
vt 0.576266 0.690911
vt 0.576266 0.690911
vt 0.576052 0.689068
vt 0.576259 0.689068
vt 0.576118 0.678899
vt 0.575944 0.680451
vt 0.575911 0.678899
vt 0.576148 0.680452
vt 0.575973 0.682045
vt 0.575944 0.680451
vt 0.576177 0.67891
vt 0.576148 0.680452
vt 0.576118 0.678899
vt 0.576222 0.67892
vt 0.57621 0.680458
vt 0.576177 0.67891
vt 0.576255 0.680462
vt 0.57624 0.682047
vt 0.57621 0.680458
vt 0.57621 0.680458
vt 0.576179 0.682046
vt 0.576148 0.680452
vt 0.576338 0.685424
vt 0.576267 0.683717
vt 0.576313 0.683714
vt 0.576269 0.685452
vt 0.576205 0.683714
vt 0.576267 0.683717
vt 0.576267 0.683717
vt 0.576179 0.682046
vt 0.57624 0.682047
vt 0.576313 0.683714
vt 0.57624 0.682047
vt 0.576288 0.682003
vt 0.57603 0.685451
vt 0.576205 0.683714
vt 0.576269 0.685452
vt 0.576002 0.683713
vt 0.576179 0.682046
vt 0.576205 0.683714
vt 0.579418 0.696368
vt 0.579431 0.698106
vt 0.579228 0.696369
vt 0.579624 0.698105
vt 0.579865 0.699774
vt 0.579431 0.698106
vt 0.579481 0.696367
vt 0.579624 0.698105
vt 0.579418 0.696368
vt 0.579494 0.696395
vt 0.579685 0.698102
vt 0.579481 0.696367
vt 0.579726 0.698105
vt 0.579941 0.699772
vt 0.579685 0.698102
vt 0.579685 0.698102
vt 0.579865 0.699774
vt 0.579624 0.698105
vt 0.580628 0.702898
vt 0.580249 0.701361
vt 0.580293 0.701357
vt 0.580581 0.702909
vt 0.580186 0.701367
vt 0.580249 0.701361
vt 0.580249 0.701361
vt 0.579865 0.699774
vt 0.579941 0.699772
vt 0.580293 0.701357
vt 0.579941 0.699772
vt 0.579958 0.699816
vt 0.580325 0.70292
vt 0.580186 0.701367
vt 0.58052 0.70292
vt 0.579183 0.689065
vt 0.578966 0.690908
vt 0.578994 0.689065
vt 0.578966 0.690908
vt 0.579186 0.692752
vt 0.578989 0.692752
vt 0.579246 0.689065
vt 0.5792 0.690908
vt 0.579183 0.689065
vt 0.579258 0.689056
vt 0.5792 0.690908
vt 0.579246 0.689065
vt 0.579259 0.690908
vt 0.579247 0.692752
vt 0.5792 0.690908
vt 0.579494 0.696395
vt 0.579318 0.694577
vt 0.579377 0.694578
vt 0.579318 0.694577
vt 0.579186 0.692752
vt 0.579247 0.692752
vt 0.579377 0.694578
vt 0.579247 0.692752
vt 0.57926 0.692761
vt 0.579418 0.696368
vt 0.579084 0.694578
vt 0.579318 0.694577
vt 0.579084 0.694578
vt 0.579186 0.692752
vt 0.579318 0.694577
vt 0.574187 0.68152
vt 0.57413 0.6802
vt 0.574199 0.680222
vt 0.574199 0.680222
vt 0.57417 0.678904
vt 0.574236 0.67893
vt 0.576305 0.753967
vt 0.576133 0.755779
vt 0.576248 0.75398
vt 0.576214 0.755768
vt 0.576013 0.757575
vt 0.576133 0.755779
vt 0.574107 0.687976
vt 0.574017 0.686238
vt 0.574126 0.686264
vt 0.574126 0.686264
vt 0.574041 0.684562
vt 0.574151 0.68462
vt 0.574187 0.68152
vt 0.574065 0.683021
vt 0.574091 0.681506
vt 0.574173 0.683051
vt 0.574041 0.684562
vt 0.574065 0.683021
vt 0.574087 0.695172
vt 0.573977 0.693356
vt 0.574086 0.693356
vt 0.574086 0.693356
vt 0.573982 0.691527
vt 0.574092 0.691539
vt 0.574107 0.687976
vt 0.573987 0.689727
vt 0.573995 0.687934
vt 0.574096 0.68974
vt 0.573982 0.691527
vt 0.573987 0.689727
vt 0.574146 0.702092
vt 0.574017 0.700474
vt 0.574126 0.700448
vt 0.574126 0.700448
vt 0.574002 0.69877
vt 0.574112 0.698735
vt 0.574087 0.695172
vt 0.573987 0.696984
vt 0.573975 0.695186
vt 0.574096 0.696971
vt 0.574002 0.69877
vt 0.573987 0.696984
vt 0.57426 0.707777
vt 0.57413 0.70651
vt 0.574238 0.706471
vt 0.574238 0.706471
vt 0.574098 0.705189
vt 0.574208 0.705111
vt 0.574146 0.702092
vt 0.574066 0.703689
vt 0.574034 0.702159
vt 0.574174 0.703651
vt 0.574098 0.705189
vt 0.574066 0.703689
vt 0.5736 0.74014
vt 0.573681 0.741736
vt 0.573572 0.741699
vt 0.573572 0.741699
vt 0.573648 0.743236
vt 0.573538 0.743159
vt 0.573486 0.745824
vt 0.573616 0.744558
vt 0.573582 0.745858
vt 0.573508 0.744519
vt 0.573648 0.743236
vt 0.573616 0.744558
vt 0.573659 0.73322
vt 0.573759 0.735032
vt 0.57365 0.735019
vt 0.57365 0.735019
vt 0.573744 0.736818
vt 0.573634 0.736783
vt 0.5736 0.74014
vt 0.573729 0.738521
vt 0.573711 0.740207
vt 0.57362 0.738495
vt 0.573744 0.736818
vt 0.573729 0.738521
vt 0.573639 0.726023
vt 0.573759 0.727775
vt 0.57365 0.727788
vt 0.57365 0.727788
vt 0.573764 0.729575
vt 0.573654 0.729587
vt 0.573659 0.73322
vt 0.573769 0.731404
vt 0.573771 0.733234
vt 0.57366 0.731404
vt 0.573764 0.729575
vt 0.573769 0.731404
vt 0.573543 0.719645
vt 0.573681 0.721069
vt 0.573572 0.721107
vt 0.573572 0.721107
vt 0.573705 0.72261
vt 0.573595 0.722668
vt 0.573639 0.726023
vt 0.573729 0.724286
vt 0.573751 0.725982
vt 0.57362 0.724311
vt 0.573705 0.72261
vt 0.573729 0.724286
vt 0.5734 0.714949
vt 0.573536 0.715934
vt 0.573429 0.71598
vt 0.573429 0.71598
vt 0.573575 0.716983
vt 0.573466 0.717078
vt 0.573543 0.719645
vt 0.573615 0.718251
vt 0.573654 0.719555
vt 0.573507 0.718299
vt 0.573575 0.716983
vt 0.573615 0.718251
vt 0.575415 0.7381
vt 0.575496 0.739696
vt 0.575387 0.739659
vt 0.575387 0.739659
vt 0.575463 0.741196
vt 0.575353 0.741118
vt 0.575301 0.743784
vt 0.575431 0.742518
vt 0.575398 0.743818
vt 0.575324 0.742479
vt 0.575463 0.741196
vt 0.575431 0.742518
vt 0.575474 0.73118
vt 0.575574 0.732992
vt 0.575465 0.732978
vt 0.575465 0.732978
vt 0.575559 0.734778
vt 0.575449 0.734742
vt 0.575415 0.7381
vt 0.575544 0.736481
vt 0.575527 0.738166
vt 0.575435 0.736455
vt 0.575559 0.734778
vt 0.575544 0.736481
vt 0.575454 0.723983
vt 0.575574 0.725734
vt 0.575465 0.725748
vt 0.575465 0.725748
vt 0.57558 0.727535
vt 0.575469 0.727547
vt 0.575474 0.73118
vt 0.575584 0.729363
vt 0.575586 0.731194
vt 0.575475 0.729363
vt 0.57558 0.727535
vt 0.575584 0.729363
vt 0.575359 0.717605
vt 0.575496 0.719029
vt 0.575387 0.719067
vt 0.575387 0.719067
vt 0.57552 0.72057
vt 0.57541 0.720628
vt 0.575454 0.723983
vt 0.575544 0.722245
vt 0.575566 0.723942
vt 0.575435 0.722271
vt 0.57552 0.72057
vt 0.575544 0.722245
vt 0.5761 0.746769
vt 0.575828 0.745029
vt 0.575911 0.74505
vt 0.575911 0.74505
vt 0.575609 0.743335
vt 0.575686 0.743356
vt 0.575359 0.717605
vt 0.575431 0.716208
vt 0.57547 0.717515
vt 0.575324 0.716247
vt 0.575392 0.714912
vt 0.575431 0.716208
vt 0.576305 0.753967
vt 0.576263 0.75215
vt 0.576342 0.75215
vt 0.576342 0.75215
vt 0.576261 0.750321
vt 0.576322 0.750334
vt 0.5761 0.746769
vt 0.576159 0.748521
vt 0.576042 0.746728
vt 0.576239 0.748534
vt 0.576261 0.750321
vt 0.576159 0.748521
vt 0.53296 0.70815
vt 0.531883 0.709643
vt 0.531778 0.709557
vt 0.533934 0.706589
vt 0.532993 0.708172
vt 0.53296 0.70815
vt 0.533934 0.706589
vt 0.533033 0.708199
vt 0.532993 0.708172
vt 0.532993 0.708172
vt 0.532 0.709739
vt 0.531883 0.709643
vt 0.529283 0.712245
vt 0.530689 0.71105
vt 0.529377 0.712361
vt 0.530627 0.710988
vt 0.531883 0.709643
vt 0.530655 0.711016
vt 0.530655 0.711016
vt 0.532 0.709739
vt 0.530689 0.71105
vt 0.535764 0.701398
vt 0.53534 0.703189
vt 0.535211 0.70315
vt 0.536066 0.699583
vt 0.535803 0.701406
vt 0.535764 0.701398
vt 0.536066 0.699583
vt 0.53585 0.701415
vt 0.535803 0.701406
vt 0.535803 0.701406
vt 0.535485 0.703233
vt 0.53534 0.703189
vt 0.533934 0.706589
vt 0.534776 0.704946
vt 0.534066 0.706659
vt 0.534694 0.704913
vt 0.53534 0.703189
vt 0.534731 0.704928
vt 0.534731 0.704928
vt 0.535485 0.703233
vt 0.534776 0.704946
vt 0.535771 0.694087
vt 0.536065 0.695904
vt 0.53593 0.695917
vt 0.535356 0.692294
vt 0.53581 0.694079
vt 0.535771 0.694087
vt 0.535356 0.692294
vt 0.535857 0.69407
vt 0.53581 0.694079
vt 0.53581 0.694079
vt 0.536216 0.695889
vt 0.536065 0.695904
vt 0.536066 0.699583
vt 0.536216 0.697743
vt 0.536216 0.699597
vt 0.536128 0.697743
vt 0.536065 0.695904
vt 0.536167 0.697743
vt 0.536167 0.697743
vt 0.536216 0.695889
vt 0.536216 0.697743
vt 0.53298 0.687329
vt 0.533947 0.688895
vt 0.533827 0.688959
vt 0.53191 0.685832
vt 0.533013 0.687307
vt 0.53298 0.687329
vt 0.53191 0.685832
vt 0.533053 0.68728
vt 0.533013 0.687307
vt 0.533013 0.687307
vt 0.53408 0.688824
vt 0.533947 0.688895
vt 0.535356 0.692294
vt 0.53479 0.690537
vt 0.535499 0.69225
vt 0.534708 0.690571
vt 0.533947 0.688895
vt 0.534745 0.690556
vt 0.534745 0.690556
vt 0.53408 0.688824
vt 0.53479 0.690537
vt 0.527815 0.682154
vt 0.529306 0.683232
vt 0.529221 0.683336
vt 0.526253 0.68118
vt 0.527837 0.682121
vt 0.527815 0.682154
vt 0.526253 0.68118
vt 0.527864 0.682081
vt 0.527837 0.682121
vt 0.527837 0.682121
vt 0.529403 0.683114
vt 0.529306 0.683232
vt 0.53191 0.685832
vt 0.530714 0.684426
vt 0.532025 0.685737
vt 0.530652 0.684488
vt 0.529306 0.683232
vt 0.53068 0.68446
vt 0.53068 0.68446
vt 0.529403 0.683114
vt 0.530714 0.684426
vt 0.521062 0.67935
vt 0.522853 0.679774
vt 0.522814 0.679903
vt 0.519247 0.679048
vt 0.52107 0.679311
vt 0.521062 0.67935
vt 0.519247 0.679048
vt 0.52108 0.679264
vt 0.52107 0.679311
vt 0.52107 0.679311
vt 0.522897 0.679629
vt 0.522853 0.679774
vt 0.526253 0.68118
vt 0.524611 0.680339
vt 0.526324 0.681048
vt 0.524577 0.68042
vt 0.522853 0.679774
vt 0.524592 0.680383
vt 0.524592 0.680383
vt 0.522897 0.679629
vt 0.524611 0.680339
vt 0.513751 0.679343
vt 0.515568 0.679049
vt 0.515581 0.679184
vt 0.511958 0.679759
vt 0.513743 0.679304
vt 0.513751 0.679343
vt 0.511958 0.679759
vt 0.513734 0.679257
vt 0.513743 0.679304
vt 0.513743 0.679304
vt 0.515553 0.678899
vt 0.515568 0.679049
vt 0.519247 0.679048
vt 0.517407 0.678899
vt 0.519262 0.678899
vt 0.517407 0.678987
vt 0.515568 0.679049
vt 0.517407 0.678947
vt 0.517407 0.678947
vt 0.515553 0.678899
vt 0.517407 0.678899
vt 0.505514 0.683227
vt 0.506982 0.682117
vt 0.507052 0.682223
vt 0.507052 0.682223
vt 0.508561 0.68117
vt 0.508624 0.681288
vt 0.505487 0.683193
vt 0.506945 0.682062
vt 0.506982 0.682117
vt 0.506982 0.682117
vt 0.508488 0.681034
vt 0.508561 0.68117
vt 0.511958 0.679759
vt 0.510202 0.680325
vt 0.511914 0.679615
vt 0.510235 0.680406
vt 0.508561 0.68117
vt 0.51022 0.680369
vt 0.51022 0.680369
vt 0.508488 0.681034
vt 0.510202 0.680325
vt 0.501819 0.6873
vt 0.502896 0.685807
vt 0.503 0.685893
vt 0.500845 0.688861
vt 0.501786 0.687278
vt 0.501819 0.6873
vt 0.500845 0.688861
vt 0.501746 0.687251
vt 0.501786 0.687278
vt 0.501786 0.687278
vt 0.502779 0.685711
vt 0.502896 0.685807
vt 0.505487 0.683193
vt 0.50409 0.6844
vt 0.505401 0.683089
vt 0.505514 0.683227
vt 0.504124 0.684434
vt 0.505487 0.683193
vt 0.504152 0.684462
vt 0.502896 0.685807
vt 0.504124 0.684434
vt 0.504124 0.684434
vt 0.502779 0.685711
vt 0.50409 0.6844
vt 0.499014 0.694052
vt 0.499439 0.692261
vt 0.499568 0.6923
vt 0.498712 0.695867
vt 0.498975 0.694044
vt 0.499014 0.694052
vt 0.498712 0.695867
vt 0.498928 0.694035
vt 0.498975 0.694044
vt 0.498975 0.694044
vt 0.499293 0.692217
vt 0.499439 0.692261
vt 0.500845 0.688861
vt 0.500003 0.690504
vt 0.500712 0.688791
vt 0.500084 0.690537
vt 0.499439 0.692261
vt 0.500047 0.690522
vt 0.500047 0.690522
vt 0.499293 0.692217
vt 0.500003 0.690504
vt 0.499007 0.701363
vt 0.498714 0.699546
vt 0.498848 0.699533
vt 0.499451 0.703148
vt 0.498968 0.701371
vt 0.499007 0.701363
vt 0.499409 0.703161
vt 0.498921 0.70138
vt 0.498968 0.701371
vt 0.498968 0.701371
vt 0.498563 0.699561
vt 0.498714 0.699546
vt 0.498712 0.695867
vt 0.498563 0.697707
vt 0.498563 0.695853
vt 0.498651 0.697707
vt 0.498714 0.699546
vt 0.498611 0.697707
vt 0.498611 0.697707
vt 0.498563 0.699561
vt 0.498563 0.697707
vt 0.501799 0.708121
vt 0.500834 0.706553
vt 0.500953 0.70649
vt 0.502892 0.7096
vt 0.501766 0.708143
vt 0.501799 0.708121
vt 0.502858 0.709628
vt 0.501726 0.70817
vt 0.501766 0.708143
vt 0.501766 0.708143
vt 0.500699 0.706626
vt 0.500834 0.706553
vt 0.499409 0.703161
vt 0.499989 0.704913
vt 0.499279 0.7032
vt 0.499451 0.703148
vt 0.50005 0.704887
vt 0.499409 0.703161
vt 0.50005 0.704887
vt 0.500699 0.706626
vt 0.499989 0.704913
vt 0.500168 0.704839
vt 0.500834 0.706553
vt 0.50005 0.704887
vt 0.506964 0.713296
vt 0.505473 0.712217
vt 0.505558 0.712113
vt 0.508526 0.71427
vt 0.506942 0.713329
vt 0.506964 0.713296
vt 0.508526 0.71427
vt 0.506915 0.713369
vt 0.506942 0.713329
vt 0.506942 0.713329
vt 0.505375 0.712336
vt 0.505473 0.712217
vt 0.502858 0.709628
vt 0.504064 0.711024
vt 0.502753 0.709713
vt 0.502892 0.7096
vt 0.504111 0.710978
vt 0.502858 0.709628
vt 0.504111 0.710978
vt 0.505375 0.712336
vt 0.504064 0.711024
vt 0.504201 0.710888
vt 0.505473 0.712217
vt 0.504111 0.710978
vt 0.513716 0.7161
vt 0.511925 0.715676
vt 0.511965 0.715547
vt 0.515532 0.716402
vt 0.513708 0.716139
vt 0.513716 0.7161
vt 0.515532 0.716402
vt 0.513699 0.716186
vt 0.513708 0.716139
vt 0.513708 0.716139
vt 0.511881 0.715821
vt 0.511925 0.715676
vt 0.508526 0.71427
vt 0.510168 0.715111
vt 0.508455 0.714402
vt 0.510202 0.71503
vt 0.511925 0.715676
vt 0.510186 0.715067
vt 0.510186 0.715067
vt 0.511881 0.715821
vt 0.510168 0.715111
vt 0.521028 0.716107
vt 0.519211 0.7164
vt 0.519197 0.716266
vt 0.52282 0.715691
vt 0.521035 0.716146
vt 0.521028 0.716107
vt 0.52282 0.715691
vt 0.521045 0.716193
vt 0.521035 0.716146
vt 0.521035 0.716146
vt 0.519225 0.716551
vt 0.519211 0.7164
vt 0.515532 0.716402
vt 0.517371 0.716551
vt 0.515517 0.716551
vt 0.517371 0.716463
vt 0.519211 0.7164
vt 0.517371 0.716503
vt 0.517371 0.716503
vt 0.519225 0.716551
vt 0.517371 0.716551
vt 0.527785 0.713315
vt 0.526219 0.714282
vt 0.526155 0.714163
vt 0.529283 0.712245
vt 0.527807 0.713348
vt 0.527785 0.713315
vt 0.529283 0.712245
vt 0.527834 0.713388
vt 0.527807 0.713348
vt 0.527807 0.713348
vt 0.52629 0.714416
vt 0.526219 0.714282
vt 0.52282 0.715691
vt 0.524577 0.715125
vt 0.522864 0.715835
vt 0.524544 0.715044
vt 0.526219 0.714282
vt 0.524559 0.715081
vt 0.524559 0.715081
vt 0.52629 0.714416
vt 0.524577 0.715125
vt 0.576487 0.760788
vt 0.575853 0.759252
vt 0.576715 0.759123
vt 0.576715 0.759123
vt 0.57608 0.757553
vt 0.576916 0.757435
vt 0.577146 0.753937
vt 0.576214 0.755768
vt 0.576305 0.753967
vt 0.57706 0.755703
vt 0.57608 0.757553
vt 0.576214 0.755768
vt 0.575119 0.688072
vt 0.574126 0.686264
vt 0.575144 0.686391
vt 0.575144 0.686391
vt 0.574151 0.68462
vt 0.575171 0.684778
vt 0.575216 0.681732
vt 0.574173 0.683051
vt 0.574187 0.68152
vt 0.575191 0.683235
vt 0.574151 0.68462
vt 0.574173 0.683051
vt 0.575099 0.69514
vt 0.574086 0.693356
vt 0.575105 0.693356
vt 0.575105 0.693356
vt 0.574092 0.691539
vt 0.575112 0.691572
vt 0.575119 0.688072
vt 0.574096 0.68974
vt 0.574107 0.687976
vt 0.575115 0.689805
vt 0.574092 0.691539
vt 0.574096 0.68974
vt 0.575157 0.701936
vt 0.574126 0.700448
vt 0.575144 0.70032
vt 0.575144 0.70032
vt 0.574112 0.698735
vt 0.575132 0.698638
vt 0.575099 0.69514
vt 0.574096 0.696971
vt 0.574087 0.695172
vt 0.575115 0.696906
vt 0.574112 0.698735
vt 0.574096 0.696971
vt 0.575287 0.707518
vt 0.574238 0.706471
vt 0.575255 0.706235
vt 0.575255 0.706235
vt 0.574208 0.705111
vt 0.575226 0.704899
vt 0.575157 0.701936
vt 0.574174 0.703651
vt 0.574146 0.702092
vt 0.575191 0.703466
vt 0.574208 0.705111
vt 0.574174 0.703651
vt 0.572589 0.739984
vt 0.573572 0.741699
vt 0.572555 0.741514
vt 0.572555 0.741514
vt 0.573538 0.743159
vt 0.57252 0.742947
vt 0.572459 0.745566
vt 0.573508 0.744519
vt 0.573486 0.745824
vt 0.572491 0.744283
vt 0.573538 0.743159
vt 0.573508 0.744519
vt 0.572647 0.733188
vt 0.57365 0.735019
vt 0.572631 0.734954
vt 0.572631 0.734954
vt 0.573634 0.736783
vt 0.572614 0.736686
vt 0.572589 0.739984
vt 0.57362 0.738495
vt 0.5736 0.74014
vt 0.572602 0.738368
vt 0.573634 0.736783
vt 0.57362 0.738495
vt 0.572627 0.726119
vt 0.57365 0.727788
vt 0.572631 0.727853
vt 0.572631 0.727853
vt 0.573654 0.729587
vt 0.572634 0.72962
vt 0.572647 0.733188
vt 0.57366 0.731404
vt 0.573659 0.73322
vt 0.572641 0.731404
vt 0.573654 0.729587
vt 0.57366 0.731404
vt 0.572533 0.719855
vt 0.573572 0.721107
vt 0.572555 0.721292
vt 0.572555 0.721292
vt 0.573595 0.722668
vt 0.572576 0.722825
vt 0.572627 0.726119
vt 0.57362 0.724311
vt 0.573639 0.726023
vt 0.572602 0.724439
vt 0.573595 0.722668
vt 0.57362 0.724311
vt 0.572375 0.715243
vt 0.573429 0.71598
vt 0.572413 0.716257
vt 0.572413 0.716257
vt 0.573466 0.717078
vt 0.572449 0.717336
vt 0.572533 0.719855
vt 0.573507 0.718299
vt 0.573543 0.719645
vt 0.572491 0.718534
vt 0.573466 0.717078
vt 0.573507 0.718299
vt 0.574404 0.737943
vt 0.575387 0.739659
vt 0.57437 0.739473
vt 0.57437 0.739473
vt 0.575353 0.741118
vt 0.574335 0.740906
vt 0.574274 0.743526
vt 0.575324 0.742479
vt 0.575301 0.743784
vt 0.574306 0.742243
vt 0.575353 0.741118
vt 0.575324 0.742479
vt 0.574462 0.731147
vt 0.575465 0.732978
vt 0.574446 0.732913
vt 0.574446 0.732913
vt 0.575449 0.734742
vt 0.574429 0.734645
vt 0.574404 0.737943
vt 0.575435 0.736455
vt 0.575415 0.7381
vt 0.574417 0.736328
vt 0.575449 0.734742
vt 0.575435 0.736455
vt 0.574443 0.724079
vt 0.575465 0.725748
vt 0.574447 0.725813
vt 0.574447 0.725813
vt 0.575469 0.727547
vt 0.574449 0.72758
vt 0.574462 0.731147
vt 0.575475 0.729363
vt 0.575474 0.73118
vt 0.574456 0.729363
vt 0.575469 0.727547
vt 0.575475 0.729363
vt 0.574348 0.717815
vt 0.575387 0.719067
vt 0.57437 0.719252
vt 0.57437 0.719252
vt 0.57541 0.720628
vt 0.574391 0.720785
vt 0.574443 0.724079
vt 0.575435 0.722271
vt 0.575454 0.723983
vt 0.574417 0.722399
vt 0.57541 0.720628
vt 0.575435 0.722271
vt 0.576945 0.746869
vt 0.575911 0.74505
vt 0.576766 0.745181
vt 0.576766 0.745181
vt 0.575686 0.743356
vt 0.576562 0.743517
vt 0.574348 0.717815
vt 0.575324 0.716247
vt 0.575359 0.717605
vt 0.574306 0.716483
vt 0.575296 0.714945
vt 0.575324 0.716247
vt 0.577146 0.753937
vt 0.576342 0.75215
vt 0.577188 0.752153
vt 0.577188 0.752153
vt 0.576322 0.750334
vt 0.57717 0.75037
vt 0.576945 0.746869
vt 0.576239 0.748534
vt 0.5761 0.746769
vt 0.577087 0.748602
vt 0.576322 0.750334
vt 0.576239 0.748534
vt 0.561266 0.710129
vt 0.560276 0.711604
vt 0.559923 0.710755
vt 0.559923 0.710755
vt 0.558794 0.712123
vt 0.55853 0.711259
vt 0.555629 0.711845
vt 0.557273 0.712518
vt 0.55572 0.712759
vt 0.557093 0.711616
vt 0.558794 0.712123
vt 0.557273 0.712518
vt 0.565818 0.706387
vt 0.565467 0.708129
vt 0.564816 0.707479
vt 0.564816 0.707479
vt 0.564296 0.709175
vt 0.563722 0.708477
vt 0.561266 0.710129
vt 0.563043 0.710122
vt 0.5617 0.710939
vt 0.562531 0.709358
vt 0.564296 0.709175
vt 0.563043 0.710122
vt 0.56859 0.701188
vt 0.568933 0.702931
vt 0.568083 0.702579
vt 0.568083 0.702579
vt 0.568252 0.704346
vt 0.567454 0.703921
vt 0.565818 0.706387
vt 0.567456 0.705701
vt 0.566528 0.706969
vt 0.566691 0.70519
vt 0.568252 0.704346
vt 0.567456 0.705701
vt 0.569162 0.695323
vt 0.570146 0.696802
vt 0.569226 0.696803
vt 0.569226 0.696803
vt 0.570058 0.698371
vt 0.569159 0.698283
vt 0.56859 0.701188
vt 0.569841 0.699926
vt 0.569469 0.701453
vt 0.568939 0.699748
vt 0.570058 0.698371
vt 0.569841 0.699926
vt 0.567447 0.689686
vt 0.568921 0.690676
vt 0.568072 0.691029
vt 0.568072 0.691029
vt 0.56944 0.692159
vt 0.568576 0.692422
vt 0.569162 0.695323
vt 0.569835 0.693679
vt 0.570076 0.695232
vt 0.568933 0.693859
vt 0.56944 0.692159
vt 0.569835 0.693679
vt 0.563704 0.685135
vt 0.565446 0.685485
vt 0.564795 0.686136
vt 0.564795 0.686136
vt 0.566492 0.686656
vt 0.565794 0.68723
vt 0.567447 0.689686
vt 0.567439 0.68791
vt 0.568256 0.689252
vt 0.566675 0.688421
vt 0.566492 0.686656
vt 0.567439 0.68791
vt 0.558505 0.682362
vt 0.560248 0.682019
vt 0.559896 0.682869
vt 0.559896 0.682869
vt 0.561663 0.682701
vt 0.561238 0.683498
vt 0.563704 0.685135
vt 0.563018 0.683496
vt 0.564286 0.684424
vt 0.562507 0.684262
vt 0.561663 0.682701
vt 0.563018 0.683496
vt 0.55264 0.68179
vt 0.554119 0.680806
vt 0.55412 0.681726
vt 0.55412 0.681726
vt 0.555688 0.680894
vt 0.5556 0.681794
vt 0.558505 0.682362
vt 0.557244 0.681111
vt 0.55877 0.681483
vt 0.557065 0.682014
vt 0.555688 0.680894
vt 0.557244 0.681111
vt 0.547003 0.683506
vt 0.547993 0.682031
vt 0.548346 0.682881
vt 0.548346 0.682881
vt 0.549476 0.681512
vt 0.549739 0.682377
vt 0.55264 0.68179
vt 0.550996 0.681117
vt 0.552549 0.680876
vt 0.551176 0.682019
vt 0.549476 0.681512
vt 0.550996 0.681117
vt 0.542452 0.687248
vt 0.542802 0.685507
vt 0.543453 0.686157
vt 0.543453 0.686157
vt 0.543973 0.68446
vt 0.544547 0.685158
vt 0.547003 0.683506
vt 0.545227 0.683513
vt 0.546569 0.682696
vt 0.545739 0.684278
vt 0.543973 0.68446
vt 0.545227 0.683513
vt 0.539679 0.692448
vt 0.539336 0.690705
vt 0.540187 0.691056
vt 0.540187 0.691056
vt 0.540018 0.689289
vt 0.540815 0.689714
vt 0.542452 0.687248
vt 0.540813 0.687935
vt 0.541741 0.686666
vt 0.541579 0.688445
vt 0.540018 0.689289
vt 0.540813 0.687935
vt 0.539107 0.698312
vt 0.538123 0.696833
vt 0.539043 0.696832
vt 0.539043 0.696832
vt 0.538211 0.695265
vt 0.539111 0.695352
vt 0.539679 0.692448
vt 0.538428 0.693709
vt 0.5388 0.692182
vt 0.539331 0.693887
vt 0.538211 0.695265
vt 0.538428 0.693709
vt 0.540823 0.703949
vt 0.539348 0.702959
vt 0.540198 0.702606
vt 0.540198 0.702606
vt 0.538829 0.701477
vt 0.539694 0.701213
vt 0.539107 0.698312
vt 0.538434 0.699956
vt 0.538193 0.698403
vt 0.539336 0.699776
vt 0.538829 0.701477
vt 0.538434 0.699956
vt 0.544565 0.708501
vt 0.542824 0.70815
vt 0.543474 0.707499
vt 0.543474 0.707499
vt 0.541777 0.706979
vt 0.542475 0.706405
vt 0.540823 0.703949
vt 0.54083 0.705726
vt 0.540013 0.704383
vt 0.541595 0.705214
vt 0.541777 0.706979
vt 0.54083 0.705726
vt 0.549765 0.711273
vt 0.548022 0.711616
vt 0.548373 0.710766
vt 0.548373 0.710766
vt 0.546606 0.710935
vt 0.547032 0.710137
vt 0.544565 0.708501
vt 0.545252 0.710139
vt 0.543983 0.709211
vt 0.545762 0.709374
vt 0.546606 0.710935
vt 0.545252 0.710139
vt 0.555629 0.711845
vt 0.55415 0.712829
vt 0.554149 0.711909
vt 0.554149 0.711909
vt 0.552582 0.712741
vt 0.552669 0.711842
vt 0.549765 0.711273
vt 0.551026 0.712524
vt 0.549499 0.712152
vt 0.551205 0.711622
vt 0.552582 0.712741
vt 0.551026 0.712524
vt 0.559923 0.710755
vt 0.55853 0.711259
vt 0.558456 0.711014
vt 0.564816 0.707479
vt 0.563722 0.708477
vt 0.56356 0.70828
vt 0.568083 0.702579
vt 0.567454 0.703921
vt 0.567229 0.703801
vt 0.569226 0.696803
vt 0.569159 0.698283
vt 0.568904 0.698258
vt 0.568072 0.691029
vt 0.568576 0.692422
vt 0.568331 0.692496
vt 0.564795 0.686136
vt 0.565794 0.68723
vt 0.565597 0.687392
vt 0.559896 0.682869
vt 0.561238 0.683498
vt 0.561118 0.683723
vt 0.55412 0.681726
vt 0.5556 0.681794
vt 0.555575 0.682048
vt 0.548346 0.682881
vt 0.549739 0.682377
vt 0.549813 0.682621
vt 0.543453 0.686157
vt 0.544547 0.685158
vt 0.544709 0.685355
vt 0.540187 0.691056
vt 0.540815 0.689714
vt 0.54104 0.689835
vt 0.539043 0.696832
vt 0.539111 0.695352
vt 0.539365 0.695377
vt 0.540198 0.702606
vt 0.539694 0.701213
vt 0.539938 0.701139
vt 0.543474 0.707499
vt 0.542475 0.706405
vt 0.542672 0.706243
vt 0.548373 0.710766
vt 0.547032 0.710137
vt 0.547152 0.709912
vt 0.554149 0.711909
vt 0.552669 0.711842
vt 0.552694 0.711587
vt 0.579547 0.681989
vt 0.579652 0.681983
vt 0.579426 0.683703
vt 0.579314 0.683704
vt 0.579426 0.683703
vt 0.579226 0.685448
vt 0.57886 0.689057
vt 0.578965 0.687237
vt 0.579083 0.687239
vt 0.578965 0.687237
vt 0.579085 0.685423
vt 0.579226 0.685448
vt 0.533877 0.706558
vt 0.533813 0.706524
vt 0.532868 0.708089
vt 0.532856 0.70808
vt 0.532868 0.708089
vt 0.531778 0.709557
vt 0.533813 0.706524
vt 0.533934 0.706589
vt 0.53296 0.70815
vt 0.532868 0.708089
vt 0.53296 0.70815
vt 0.531778 0.709557
vt 0.529196 0.712139
vt 0.530548 0.710909
vt 0.530627 0.710988
vt 0.529242 0.712195
vt 0.530538 0.710899
vt 0.530548 0.710909
vt 0.530538 0.710899
vt 0.531834 0.709603
vt 0.531778 0.709557
vt 0.576715 0.760735
vt 0.576487 0.760788
vt 0.576715 0.759123
vt 0.576952 0.759083
vt 0.576715 0.759123
vt 0.576916 0.757435
vt 0.577395 0.753933
vt 0.577299 0.755685
vt 0.57706 0.755703
vt 0.577299 0.755685
vt 0.57718 0.757425
vt 0.576916 0.757435
vt 0.562442 0.712323
vt 0.562522 0.712472
vt 0.560944 0.71321
vt 0.562522 0.712472
vt 0.562638 0.712691
vt 0.560997 0.713335
vt 0.560944 0.71321
vt 0.560997 0.713335
vt 0.559339 0.713915
vt 0.560882 0.713062
vt 0.560944 0.71321
vt 0.559303 0.713796
vt 0.562638 0.712691
vt 0.562679 0.712766
vt 0.561036 0.713431
vt 0.562679 0.712766
vt 0.562719 0.712841
vt 0.561073 0.713522
vt 0.561036 0.713431
vt 0.561073 0.713522
vt 0.559427 0.714204
vt 0.560997 0.713335
vt 0.561036 0.713431
vt 0.559371 0.71402
vt 0.555915 0.714712
vt 0.557659 0.714446
vt 0.55768 0.714555
vt 0.555904 0.714603
vt 0.557638 0.714344
vt 0.557659 0.714446
vt 0.557638 0.714344
vt 0.559339 0.713915
vt 0.559371 0.71402
vt 0.557659 0.714446
vt 0.559371 0.71402
vt 0.559427 0.714204
vt 0.555891 0.714479
vt 0.557614 0.714221
vt 0.557638 0.714344
vt 0.555876 0.714322
vt 0.557583 0.714066
vt 0.557614 0.714221
vt 0.557583 0.714066
vt 0.559257 0.713645
vt 0.559303 0.713796
vt 0.557614 0.714221
vt 0.559303 0.713796
vt 0.559339 0.713915
vt 0.561962 0.711429
vt 0.562198 0.711869
vt 0.560677 0.71257
vt 0.560481 0.712097
vt 0.560677 0.71257
vt 0.559094 0.713109
vt 0.562198 0.711869
vt 0.562349 0.712151
vt 0.560807 0.712882
vt 0.562349 0.712151
vt 0.562442 0.712323
vt 0.560882 0.713062
vt 0.560807 0.712882
vt 0.560882 0.713062
vt 0.559257 0.713645
vt 0.560677 0.71257
vt 0.560807 0.712882
vt 0.5592 0.713458
vt 0.555856 0.714127
vt 0.557544 0.713875
vt 0.557583 0.714066
vt 0.555825 0.713809
vt 0.557478 0.713544
vt 0.557544 0.713875
vt 0.557478 0.713544
vt 0.559094 0.713109
vt 0.5592 0.713458
vt 0.557544 0.713875
vt 0.5592 0.713458
vt 0.559257 0.713645
vt 0.555775 0.713312
vt 0.557378 0.713041
vt 0.557478 0.713544
vt 0.557378 0.713041
vt 0.558948 0.712632
vt 0.559094 0.713109
vt 0.5617 0.710939
vt 0.561962 0.711429
vt 0.560481 0.712097
vt 0.560276 0.711604
vt 0.560481 0.712097
vt 0.558948 0.712632
vt 0.55572 0.712759
vt 0.557273 0.712518
vt 0.557378 0.713041
vt 0.557273 0.712518
vt 0.558794 0.712123
vt 0.558948 0.712632
vt 0.561044 0.709715
vt 0.561142 0.709898
vt 0.559823 0.710514
vt 0.559742 0.710318
vt 0.559823 0.710514
vt 0.558456 0.711014
vt 0.561142 0.709898
vt 0.561266 0.710129
vt 0.559923 0.710755
vt 0.559823 0.710514
vt 0.559923 0.710755
vt 0.558456 0.711014
vt 0.555603 0.711584
vt 0.557042 0.711361
vt 0.557093 0.711616
vt 0.555583 0.711378
vt 0.557 0.711153
vt 0.557042 0.711361
vt 0.557 0.711153
vt 0.558388 0.710791
vt 0.558456 0.711014
vt 0.560677 0.709029
vt 0.560888 0.709423
vt 0.559613 0.710007
vt 0.559482 0.709691
vt 0.559613 0.710007
vt 0.558288 0.710464
vt 0.558914 0.709434
vt 0.559482 0.709691
vt 0.558161 0.710046
vt 0.560888 0.709423
vt 0.561044 0.709715
vt 0.559742 0.710318
vt 0.559613 0.710007
vt 0.559742 0.710318
vt 0.558388 0.710791
vt 0.55555 0.711048
vt 0.556934 0.710823
vt 0.557 0.711153
vt 0.556934 0.710823
vt 0.558288 0.710464
vt 0.558388 0.710791
vt 0.555504 0.710589
vt 0.556843 0.710367
vt 0.556934 0.710823
vt 0.556843 0.710367
vt 0.558161 0.710046
vt 0.558288 0.710464
vt 0.556172 0.708941
vt 0.560544 0.707941
vt 0.558262 0.709067
vt 0.560544 0.707941
vt 0.56095 0.708315
vt 0.558914 0.709434
vt 0.56095 0.708315
vt 0.560677 0.709029
vt 0.558914 0.709434
vt 0.555504 0.710589
vt 0.554844 0.710048
vt 0.556713 0.709827
vt 0.556843 0.710367
vt 0.556713 0.709827
vt 0.558914 0.709434
vt 0.556713 0.709827
vt 0.556172 0.708941
vt 0.558262 0.709067
vt 0.576846 0.685429
vt 0.576732 0.685451
vt 0.576755 0.683713
vt 0.576874 0.683709
vt 0.576755 0.683713
vt 0.576782 0.682045
vt 0.576961 0.678908
vt 0.576932 0.680453
vt 0.576816 0.680451
vt 0.576932 0.680453
vt 0.576902 0.682004
vt 0.576782 0.682045
vt 0.536002 0.699576
vt 0.53593 0.699569
vt 0.535655 0.701376
vt 0.535641 0.701373
vt 0.535655 0.701376
vt 0.535211 0.70315
vt 0.53593 0.699569
vt 0.536066 0.699583
vt 0.535764 0.701398
vt 0.535655 0.701376
vt 0.535764 0.701398
vt 0.535211 0.70315
vt 0.533813 0.706524
vt 0.534592 0.70487
vt 0.534694 0.704913
vt 0.533877 0.706558
vt 0.534579 0.704864
vt 0.534592 0.70487
vt 0.534579 0.704864
vt 0.53528 0.703171
vt 0.535211 0.70315
vt 0.575398 0.688106
vt 0.575119 0.688072
vt 0.575144 0.686391
vt 0.575427 0.686438
vt 0.575144 0.686391
vt 0.575171 0.684778
vt 0.575494 0.681805
vt 0.575475 0.683302
vt 0.575191 0.683235
vt 0.575475 0.683302
vt 0.575459 0.684837
vt 0.575171 0.684778
vt 0.567743 0.707964
vt 0.567874 0.708072
vt 0.566701 0.70936
vt 0.567874 0.708072
vt 0.568065 0.708228
vt 0.566818 0.709476
vt 0.566701 0.70936
vt 0.566818 0.709476
vt 0.56557 0.710724
vt 0.566585 0.709243
vt 0.566701 0.70936
vt 0.565414 0.710535
vt 0.575686 0.688128
vt 0.575578 0.688135
vt 0.575595 0.686476
vt 0.575578 0.688135
vt 0.575398 0.688106
vt 0.575427 0.686438
vt 0.575595 0.686476
vt 0.575427 0.686438
vt 0.575459 0.684837
vt 0.575706 0.686498
vt 0.575595 0.686476
vt 0.575616 0.684878
vt 0.57567 0.681877
vt 0.575642 0.683359
vt 0.575475 0.683302
vt 0.57578 0.681931
vt 0.575752 0.6834
vt 0.575642 0.683359
vt 0.575752 0.6834
vt 0.575725 0.684868
vt 0.575616 0.684878
vt 0.575642 0.683359
vt 0.575616 0.684878
vt 0.575459 0.684837
vt 0.562522 0.712472
vt 0.564013 0.711571
vt 0.564104 0.711707
vt 0.562442 0.712323
vt 0.563921 0.711434
vt 0.564013 0.711571
vt 0.563921 0.711434
vt 0.565306 0.710404
vt 0.565414 0.710535
vt 0.564013 0.711571
vt 0.565414 0.710535
vt 0.56557 0.710724
vt 0.566958 0.707321
vt 0.567344 0.707637
vt 0.566208 0.708867
vt 0.565845 0.708505
vt 0.566208 0.708867
vt 0.564951 0.709972
vt 0.567344 0.707637
vt 0.567592 0.70784
vt 0.566446 0.709106
vt 0.567592 0.70784
vt 0.567743 0.707964
vt 0.566585 0.709243
vt 0.566446 0.709106
vt 0.566585 0.709243
vt 0.565306 0.710404
vt 0.566208 0.708867
vt 0.566446 0.709106
vt 0.565182 0.710253
vt 0.562349 0.712151
vt 0.563812 0.711272
vt 0.563921 0.711434
vt 0.562198 0.711869
vt 0.563625 0.710991
vt 0.563812 0.711272
vt 0.563625 0.710991
vt 0.564951 0.709972
vt 0.565182 0.710253
vt 0.563812 0.711272
vt 0.565182 0.710253
vt 0.565306 0.710404
vt 0.561962 0.711429
vt 0.563339 0.710565
vt 0.563625 0.710991
vt 0.563339 0.710565
vt 0.564634 0.709586
vt 0.564951 0.709972
vt 0.566528 0.706969
vt 0.566958 0.707321
vt 0.565845 0.708505
vt 0.565467 0.708129
vt 0.565845 0.708505
vt 0.564634 0.709586
vt 0.5617 0.710939
vt 0.563043 0.710122
vt 0.563339 0.710565
vt 0.563043 0.710122
vt 0.564296 0.709175
vt 0.564634 0.709586
vt 0.565454 0.706089
vt 0.565614 0.70622
vt 0.564632 0.707295
vt 0.564482 0.707145
vt 0.564632 0.707295
vt 0.56356 0.70828
vt 0.565614 0.70622
vt 0.565818 0.706387
vt 0.564816 0.707479
vt 0.564632 0.707295
vt 0.564816 0.707479
vt 0.56356 0.70828
vt 0.561142 0.709898
vt 0.562386 0.709141
vt 0.562531 0.709358
vt 0.561044 0.709715
vt 0.562268 0.708965
vt 0.562386 0.709141
vt 0.562268 0.708965
vt 0.563412 0.7081
vt 0.56356 0.70828
vt 0.56485 0.705594
vt 0.565198 0.705879
vt 0.564243 0.706907
vt 0.56392 0.706584
vt 0.564243 0.706907
vt 0.563194 0.707835
vt 0.565198 0.705879
vt 0.565454 0.706089
vt 0.564482 0.707145
vt 0.564243 0.706907
vt 0.564482 0.707145
vt 0.563412 0.7081
vt 0.560888 0.709423
vt 0.562081 0.708685
vt 0.562268 0.708965
vt 0.562081 0.708685
vt 0.563194 0.707835
vt 0.563412 0.7081
vt 0.560677 0.709029
vt 0.561822 0.708299
vt 0.562081 0.708685
vt 0.561822 0.708299
vt 0.562914 0.707495
vt 0.563194 0.707835
vt 0.564396 0.705223
vt 0.56485 0.705594
vt 0.56392 0.706584
vt 0.563071 0.706752
vt 0.56392 0.706584
vt 0.562914 0.707495
vt 0.56095 0.708315
vt 0.560544 0.707941
vt 0.562804 0.706235
vt 0.561822 0.708299
vt 0.56095 0.708315
vt 0.563071 0.706752
vt 0.576805 0.692763
vt 0.576689 0.692755
vt 0.576695 0.690912
vt 0.576814 0.690912
vt 0.576695 0.690912
vt 0.576705 0.689068
vt 0.576846 0.685429
vt 0.576834 0.68724
vt 0.576713 0.687242
vt 0.576834 0.68724
vt 0.576822 0.68906
vt 0.576705 0.689068
vt 0.535294 0.692312
vt 0.535225 0.692333
vt 0.535662 0.694108
vt 0.535648 0.694111
vt 0.535662 0.694108
vt 0.53593 0.695917
vt 0.535225 0.692333
vt 0.535356 0.692294
vt 0.535771 0.694087
vt 0.535662 0.694108
vt 0.535771 0.694087
vt 0.53593 0.695917
vt 0.53593 0.699569
vt 0.536017 0.697743
vt 0.536128 0.697743
vt 0.536002 0.699576
vt 0.536002 0.697743
vt 0.536017 0.697743
vt 0.536002 0.697743
vt 0.536002 0.69591
vt 0.53593 0.695917
vt 0.575379 0.695128
vt 0.575099 0.69514
vt 0.575105 0.693356
vt 0.575389 0.693356
vt 0.575105 0.693356
vt 0.575112 0.691572
vt 0.575398 0.688106
vt 0.575398 0.689829
vt 0.575115 0.689805
vt 0.575398 0.689829
vt 0.575402 0.691584
vt 0.575112 0.691572
vt 0.570973 0.701908
vt 0.571135 0.701957
vt 0.570544 0.703596
vt 0.571135 0.701957
vt 0.571372 0.702028
vt 0.570696 0.703659
vt 0.570544 0.703596
vt 0.570696 0.703659
vt 0.570021 0.705289
vt 0.570392 0.703533
vt 0.570544 0.703596
vt 0.569805 0.705174
vt 0.575667 0.695121
vt 0.575559 0.695118
vt 0.575557 0.693356
vt 0.575559 0.695118
vt 0.575379 0.695128
vt 0.575389 0.693356
vt 0.575557 0.693356
vt 0.575389 0.693356
vt 0.575402 0.691584
vt 0.575667 0.693356
vt 0.575557 0.693356
vt 0.575559 0.691593
vt 0.575578 0.688135
vt 0.575566 0.689848
vt 0.575398 0.689829
vt 0.575686 0.688128
vt 0.575677 0.68986
vt 0.575566 0.689848
vt 0.575677 0.68986
vt 0.575667 0.691591
vt 0.575559 0.691593
vt 0.575566 0.689848
vt 0.575559 0.691593
vt 0.575402 0.691584
vt 0.567874 0.708072
vt 0.568907 0.706668
vt 0.569043 0.706759
vt 0.567743 0.707964
vt 0.568769 0.706576
vt 0.568907 0.706668
vt 0.568769 0.706576
vt 0.569655 0.705094
vt 0.569805 0.705174
vt 0.568907 0.706668
vt 0.569805 0.705174
vt 0.570021 0.705289
vt 0.570001 0.701614
vt 0.570479 0.701759
vt 0.5699 0.70333
vt 0.569426 0.703134
vt 0.5699 0.70333
vt 0.569161 0.704831
vt 0.570479 0.701759
vt 0.570786 0.701851
vt 0.570212 0.703459
vt 0.570786 0.701851
vt 0.570973 0.701908
vt 0.570392 0.703533
vt 0.570212 0.703459
vt 0.570392 0.703533
vt 0.569655 0.705094
vt 0.5699 0.70333
vt 0.570212 0.703459
vt 0.569483 0.705002
vt 0.567592 0.70784
vt 0.568607 0.706468
vt 0.568769 0.706576
vt 0.567344 0.707637
vt 0.568326 0.706281
vt 0.568607 0.706468
vt 0.568326 0.706281
vt 0.569161 0.704831
vt 0.569483 0.705002
vt 0.568607 0.706468
vt 0.569483 0.705002
vt 0.569655 0.705094
vt 0.566958 0.707321
vt 0.5679 0.705996
vt 0.568326 0.706281
vt 0.5679 0.705996
vt 0.568721 0.704596
vt 0.569161 0.704831
vt 0.569469 0.701453
vt 0.570001 0.701614
vt 0.569426 0.703134
vt 0.568933 0.702931
vt 0.569426 0.703134
vt 0.568721 0.704596
vt 0.566528 0.706969
vt 0.567456 0.705701
vt 0.5679 0.705996
vt 0.567456 0.705701
vt 0.568252 0.704346
vt 0.568721 0.704596
vt 0.568141 0.701052
vt 0.568339 0.701112
vt 0.567842 0.70248
vt 0.567646 0.702399
vt 0.567842 0.70248
vt 0.567229 0.703801
vt 0.568339 0.701112
vt 0.56859 0.701188
vt 0.568083 0.702579
vt 0.567842 0.70248
vt 0.568083 0.702579
vt 0.567229 0.703801
vt 0.565614 0.70622
vt 0.566474 0.705046
vt 0.566691 0.70519
vt 0.565454 0.706089
vt 0.566298 0.704928
vt 0.566474 0.705046
vt 0.566298 0.704928
vt 0.567023 0.703691
vt 0.567229 0.703801
vt 0.567395 0.700826
vt 0.567824 0.700956
vt 0.567335 0.70227
vt 0.566905 0.702093
vt 0.567335 0.70227
vt 0.566721 0.70353
vt 0.567824 0.700956
vt 0.568141 0.701052
vt 0.567646 0.702399
vt 0.567335 0.70227
vt 0.567646 0.702399
vt 0.567023 0.703691
vt 0.565198 0.705879
vt 0.566017 0.704741
vt 0.566298 0.704928
vt 0.566017 0.704741
vt 0.566721 0.70353
vt 0.567023 0.703691
vt 0.56485 0.705594
vt 0.565637 0.704487
vt 0.566017 0.704741
vt 0.565637 0.704487
vt 0.566332 0.703322
vt 0.566721 0.70353
vt 0.566293 0.700921
vt 0.565535 0.703539
vt 0.564849 0.702603
vt 0.567395 0.700826
vt 0.566905 0.702093
vt 0.566748 0.701239
vt 0.566905 0.702093
vt 0.566332 0.703322
vt 0.565535 0.703539
vt 0.564396 0.705223
vt 0.565535 0.703539
vt 0.565637 0.704487
vt 0.562804 0.706235
vt 0.564849 0.702603
vt 0.565535 0.703539
vt 0.576846 0.699814
vt 0.576732 0.699778
vt 0.576715 0.69811
vt 0.576834 0.698115
vt 0.576715 0.69811
vt 0.576703 0.696371
vt 0.576805 0.692763
vt 0.576815 0.694584
vt 0.576697 0.694581
vt 0.576697 0.694581
vt 0.576815 0.694584
vt 0.57682 0.696396
vt 0.53186 0.685873
vt 0.531804 0.685918
vt 0.532887 0.687391
vt 0.532875 0.687399
vt 0.532887 0.687391
vt 0.533827 0.688959
vt 0.531804 0.685918
vt 0.53191 0.685832
vt 0.53298 0.687329
vt 0.532887 0.687391
vt 0.53298 0.687329
vt 0.533827 0.688959
vt 0.535225 0.692333
vt 0.534606 0.690613
vt 0.534708 0.690571
vt 0.535294 0.692312
vt 0.534592 0.690619
vt 0.534606 0.690613
vt 0.534592 0.690619
vt 0.533891 0.688925
vt 0.533827 0.688959
vt 0.575437 0.70188
vt 0.575157 0.701936
vt 0.575144 0.70032
vt 0.575428 0.700274
vt 0.575144 0.70032
vt 0.575132 0.698638
vt 0.575379 0.695128
vt 0.575398 0.696882
vt 0.575115 0.696906
vt 0.575398 0.696882
vt 0.575421 0.698601
vt 0.575132 0.698638
vt 0.571639 0.695077
vt 0.571808 0.69506
vt 0.571889 0.696801
vt 0.571808 0.69506
vt 0.572054 0.695035
vt 0.572054 0.6968
vt 0.571889 0.696801
vt 0.572054 0.6968
vt 0.572054 0.698565
vt 0.571724 0.696801
vt 0.571889 0.696801
vt 0.57181 0.698541
vt 0.575725 0.701844
vt 0.575616 0.701833
vt 0.575595 0.700236
vt 0.575616 0.701833
vt 0.575437 0.70188
vt 0.575428 0.700274
vt 0.575595 0.700236
vt 0.575428 0.700274
vt 0.575421 0.698601
vt 0.575706 0.700213
vt 0.575595 0.700236
vt 0.575578 0.698576
vt 0.575559 0.695118
vt 0.575566 0.696863
vt 0.575398 0.696882
vt 0.575667 0.695121
vt 0.575677 0.696851
vt 0.575566 0.696863
vt 0.575677 0.696851
vt 0.575687 0.698582
vt 0.575578 0.698576
vt 0.575566 0.696863
vt 0.575578 0.698576
vt 0.575421 0.698601
vt 0.571135 0.701957
vt 0.571552 0.700265
vt 0.571713 0.700297
vt 0.570973 0.701908
vt 0.57139 0.700233
vt 0.571552 0.700265
vt 0.57139 0.700233
vt 0.571641 0.698525
vt 0.57181 0.698541
vt 0.571552 0.700265
vt 0.57181 0.698541
vt 0.572054 0.698565
vt 0.570629 0.695177
vt 0.571126 0.695128
vt 0.571192 0.696801
vt 0.570679 0.696802
vt 0.571192 0.696801
vt 0.571084 0.698471
vt 0.571126 0.695128
vt 0.571445 0.695096
vt 0.571529 0.696801
vt 0.571445 0.695096
vt 0.571639 0.695077
vt 0.571724 0.696801
vt 0.571529 0.696801
vt 0.571724 0.696801
vt 0.571641 0.698525
vt 0.571192 0.696801
vt 0.571529 0.696801
vt 0.571447 0.698506
vt 0.570786 0.701851
vt 0.571198 0.700195
vt 0.57139 0.700233
vt 0.570479 0.701759
vt 0.570867 0.700129
vt 0.571198 0.700195
vt 0.570867 0.700129
vt 0.571084 0.698471
vt 0.571447 0.698506
vt 0.571198 0.700195
vt 0.571447 0.698506
vt 0.571641 0.698525
vt 0.570001 0.701614
vt 0.570364 0.70003
vt 0.570867 0.700129
vt 0.570364 0.70003
vt 0.570587 0.698422
vt 0.571084 0.698471
vt 0.570076 0.695232
vt 0.570629 0.695177
vt 0.570679 0.696802
vt 0.570146 0.696802
vt 0.570679 0.696802
vt 0.570587 0.698422
vt 0.569469 0.701453
vt 0.569841 0.699926
vt 0.570364 0.70003
vt 0.569841 0.699926
vt 0.570058 0.698371
vt 0.570587 0.698422
vt 0.568695 0.69537
vt 0.568901 0.695349
vt 0.568966 0.696803
vt 0.568754 0.696804
vt 0.568966 0.696803
vt 0.568904 0.698258
vt 0.568901 0.695349
vt 0.569162 0.695323
vt 0.569226 0.696803
vt 0.568966 0.696803
vt 0.569226 0.696803
vt 0.568904 0.698258
vt 0.568339 0.701112
vt 0.568683 0.699697
vt 0.568939 0.699748
vt 0.568141 0.701052
vt 0.568475 0.699656
vt 0.568683 0.699697
vt 0.568475 0.699656
vt 0.568672 0.698235
vt 0.568904 0.698258
vt 0.567906 0.695448
vt 0.568365 0.695402
vt 0.568417 0.696804
vt 0.567955 0.696804
vt 0.568417 0.696804
vt 0.568331 0.698202
vt 0.568365 0.695402
vt 0.568695 0.69537
vt 0.568754 0.696804
vt 0.568417 0.696804
vt 0.568754 0.696804
vt 0.568672 0.698235
vt 0.567824 0.700956
vt 0.568145 0.699591
vt 0.568475 0.699656
vt 0.568145 0.699591
vt 0.568331 0.698202
vt 0.568672 0.698235
vt 0.567395 0.700826
vt 0.567692 0.699501
vt 0.568145 0.699591
vt 0.567692 0.699501
vt 0.567898 0.69816
vt 0.568331 0.698202
vt 0.567365 0.696109
vt 0.56726 0.698635
vt 0.566495 0.697842
vt 0.567906 0.695448
vt 0.567955 0.696804
vt 0.567365 0.696109
vt 0.567955 0.696804
vt 0.567898 0.69816
vt 0.56726 0.698635
vt 0.566748 0.701239
vt 0.56726 0.698635
vt 0.567692 0.699501
vt 0.566293 0.700921
vt 0.566495 0.697842
vt 0.56726 0.698635
vt 0.576961 0.705538
vt 0.576846 0.705548
vt 0.576813 0.704224
vt 0.576932 0.704223
vt 0.576813 0.704224
vt 0.576893 0.702892
vt 0.576755 0.701361
vt 0.576893 0.702892
vt 0.576595 0.702841
vt 0.576846 0.699814
vt 0.576874 0.701368
vt 0.576755 0.701361
vt 0.526222 0.681237
vt 0.526188 0.681301
vt 0.527753 0.682247
vt 0.527745 0.682259
vt 0.527753 0.682247
vt 0.529221 0.683336
vt 0.526188 0.681301
vt 0.526253 0.68118
vt 0.527815 0.682154
vt 0.527753 0.682247
vt 0.527815 0.682154
vt 0.529221 0.683336
vt 0.531804 0.685918
vt 0.530574 0.684566
vt 0.530652 0.684488
vt 0.53186 0.685873
vt 0.530563 0.684576
vt 0.530574 0.684566
vt 0.530563 0.684576
vt 0.529267 0.68328
vt 0.529221 0.683336
vt 0.575565 0.707429
vt 0.575287 0.707518
vt 0.575255 0.706235
vt 0.575542 0.706159
vt 0.575255 0.706235
vt 0.575226 0.704899
vt 0.575437 0.70188
vt 0.575475 0.703404
vt 0.575191 0.703466
vt 0.575475 0.703404
vt 0.575518 0.704875
vt 0.575226 0.704899
vt 0.56964 0.688511
vt 0.569779 0.688436
vt 0.570528 0.690009
vt 0.569779 0.688436
vt 0.56989 0.688377
vt 0.570653 0.689958
vt 0.570528 0.690009
vt 0.570653 0.689958
vt 0.571358 0.691575
vt 0.570379 0.690071
vt 0.570528 0.690009
vt 0.571124 0.691646
vt 0.56989 0.688377
vt 0.569986 0.688325
vt 0.570749 0.689918
vt 0.569986 0.688325
vt 0.570158 0.688233
vt 0.57084 0.689879
vt 0.570749 0.689918
vt 0.57084 0.689879
vt 0.571521 0.691525
vt 0.570653 0.689958
vt 0.570749 0.689918
vt 0.57144 0.69155
vt 0.575616 0.701833
vt 0.575642 0.703351
vt 0.575475 0.703404
vt 0.575725 0.701844
vt 0.575752 0.70331
vt 0.575642 0.703351
vt 0.575752 0.70331
vt 0.57578 0.704777
vt 0.57567 0.704831
vt 0.575642 0.703351
vt 0.57567 0.704831
vt 0.575518 0.704875
vt 0.571808 0.69506
vt 0.571545 0.693337
vt 0.571706 0.693305
vt 0.571639 0.695077
vt 0.571383 0.69337
vt 0.571545 0.693337
vt 0.571383 0.69337
vt 0.570962 0.691696
vt 0.571124 0.691646
vt 0.571545 0.693337
vt 0.571124 0.691646
vt 0.571358 0.691575
vt 0.568746 0.68899
vt 0.569186 0.688754
vt 0.569887 0.690275
vt 0.569414 0.690472
vt 0.569887 0.690275
vt 0.570427 0.691859
vt 0.569186 0.688754
vt 0.569468 0.688603
vt 0.570199 0.690146
vt 0.569468 0.688603
vt 0.56964 0.688511
vt 0.570379 0.690071
vt 0.570199 0.690146
vt 0.570379 0.690071
vt 0.570962 0.691696
vt 0.569887 0.690275
vt 0.570199 0.690146
vt 0.570775 0.691752
vt 0.571445 0.695096
vt 0.571192 0.693408
vt 0.571383 0.69337
vt 0.571126 0.695128
vt 0.570861 0.693474
vt 0.571192 0.693408
vt 0.570861 0.693474
vt 0.570427 0.691859
vt 0.570775 0.691752
vt 0.571192 0.693408
vt 0.570775 0.691752
vt 0.570962 0.691696
vt 0.570629 0.695177
vt 0.570358 0.693575
vt 0.570861 0.693474
vt 0.570358 0.693575
vt 0.569949 0.692004
vt 0.570427 0.691859
vt 0.568256 0.689252
vt 0.568746 0.68899
vt 0.569414 0.690472
vt 0.568921 0.690676
vt 0.569414 0.690472
vt 0.569949 0.692004
vt 0.570076 0.695232
vt 0.569835 0.693679
vt 0.570358 0.693575
vt 0.569835 0.693679
vt 0.56944 0.692159
vt 0.569949 0.692004
vt 0.567032 0.689908
vt 0.567215 0.68981
vt 0.567831 0.691129
vt 0.567635 0.69121
vt 0.567831 0.691129
vt 0.568331 0.692496
vt 0.567215 0.68981
vt 0.567447 0.689686
vt 0.568072 0.691029
vt 0.567831 0.691129
vt 0.568072 0.691029
vt 0.568331 0.692496
vt 0.568901 0.695349
vt 0.568678 0.69391
vt 0.568933 0.693859
vt 0.568695 0.69537
vt 0.56847 0.693952
vt 0.568678 0.69391
vt 0.56847 0.693952
vt 0.568108 0.692564
vt 0.568331 0.692496
vt 0.566346 0.690276
vt 0.56674 0.690064
vt 0.567324 0.691339
vt 0.567008 0.691471
vt 0.567324 0.691339
vt 0.567781 0.692664
vt 0.566751 0.692039
vt 0.567008 0.691471
vt 0.567363 0.692791
vt 0.56674 0.690064
vt 0.567032 0.689908
vt 0.567635 0.69121
vt 0.567324 0.691339
vt 0.567635 0.69121
vt 0.568108 0.692564
vt 0.568365 0.695402
vt 0.56814 0.694018
vt 0.56847 0.693952
vt 0.56814 0.694018
vt 0.567781 0.692664
vt 0.568108 0.692564
vt 0.567906 0.695448
vt 0.567684 0.694109
vt 0.56814 0.694018
vt 0.567684 0.694109
vt 0.567363 0.692791
vt 0.567781 0.692664
vt 0.563072 0.688526
vt 0.559312 0.686461
vt 0.560604 0.685726
vt 0.565247 0.690424
vt 0.565632 0.690002
vt 0.566751 0.692039
vt 0.565632 0.690002
vt 0.566346 0.690276
vt 0.566751 0.692039
vt 0.567906 0.695448
vt 0.567365 0.696109
vt 0.567144 0.694239
vt 0.567684 0.694109
vt 0.567144 0.694239
vt 0.566751 0.692039
vt 0.567144 0.694239
vt 0.566717 0.695488
vt 0.566387 0.692686
vt 0.571803 0.72064
vt 0.571689 0.720675
vt 0.571719 0.719092
vt 0.57184 0.719086
vt 0.571719 0.719092
vt 0.571758 0.71761
vt 0.57195 0.714917
vt 0.571913 0.716232
vt 0.571797 0.71623
vt 0.571913 0.716232
vt 0.571876 0.717555
vt 0.571758 0.71761
vt 0.51924 0.679112
vt 0.519233 0.679184
vt 0.521041 0.679459
vt 0.521038 0.679473
vt 0.521041 0.679459
vt 0.522814 0.679903
vt 0.519233 0.679184
vt 0.519247 0.679048
vt 0.521062 0.67935
vt 0.521041 0.679459
vt 0.521062 0.67935
vt 0.522814 0.679903
vt 0.526188 0.681301
vt 0.524534 0.680522
vt 0.524577 0.68042
vt 0.526222 0.681237
vt 0.524529 0.680536
vt 0.524534 0.680522
vt 0.524529 0.680536
vt 0.522835 0.679834
vt 0.522814 0.679903
vt 0.572309 0.739928
vt 0.572589 0.739984
vt 0.572555 0.741514
vt 0.572271 0.741452
vt 0.572555 0.741514
vt 0.57252 0.742947
vt 0.572181 0.745477
vt 0.572204 0.744207
vt 0.572491 0.744283
vt 0.572204 0.744207
vt 0.572227 0.742923
vt 0.57252 0.742947
vt 0.565281 0.683209
vt 0.565389 0.683078
vt 0.566677 0.684251
vt 0.565389 0.683078
vt 0.565545 0.682887
vt 0.566793 0.684135
vt 0.566677 0.684251
vt 0.566793 0.684135
vt 0.568041 0.685383
vt 0.566561 0.684368
vt 0.566677 0.684251
vt 0.567851 0.685539
vt 0.572021 0.739892
vt 0.57213 0.739881
vt 0.572104 0.741399
vt 0.57213 0.739881
vt 0.572309 0.739928
vt 0.572271 0.741452
vt 0.572104 0.741399
vt 0.572271 0.741452
vt 0.572227 0.742923
vt 0.571994 0.741358
vt 0.572104 0.741399
vt 0.572076 0.742879
vt 0.569986 0.688325
vt 0.569082 0.686808
vt 0.569165 0.686754
vt 0.56989 0.688377
vt 0.568996 0.686865
vt 0.569082 0.686808
vt 0.568996 0.686865
vt 0.568041 0.685383
vt 0.568107 0.685329
vt 0.569082 0.686808
vt 0.568107 0.685329
vt 0.568173 0.685275
vt 0.569779 0.688436
vt 0.568884 0.686942
vt 0.568996 0.686865
vt 0.56964 0.688511
vt 0.568751 0.687031
vt 0.568884 0.686942
vt 0.568751 0.687031
vt 0.567721 0.685646
vt 0.567851 0.685539
vt 0.568884 0.686942
vt 0.567851 0.685539
vt 0.568041 0.685383
vt 0.564638 0.683994
vt 0.564954 0.683608
vt 0.566184 0.684745
vt 0.565822 0.685108
vt 0.566184 0.684745
vt 0.567289 0.686001
vt 0.564954 0.683608
vt 0.565157 0.68336
vt 0.566423 0.684506
vt 0.565157 0.68336
vt 0.565281 0.683209
vt 0.566561 0.684368
vt 0.566423 0.684506
vt 0.566561 0.684368
vt 0.567721 0.685646
vt 0.566184 0.684745
vt 0.566423 0.684506
vt 0.56757 0.68577
vt 0.569468 0.688603
vt 0.568589 0.68714
vt 0.568751 0.687031
vt 0.569186 0.688754
vt 0.568308 0.687328
vt 0.568589 0.68714
vt 0.568308 0.687328
vt 0.567289 0.686001
vt 0.56757 0.68577
vt 0.568589 0.68714
vt 0.56757 0.68577
vt 0.567721 0.685646
vt 0.568746 0.68899
vt 0.567882 0.687613
vt 0.568308 0.687328
vt 0.567882 0.687613
vt 0.566903 0.686319
vt 0.567289 0.686001
vt 0.564286 0.684424
vt 0.564638 0.683994
vt 0.565822 0.685108
vt 0.565446 0.685485
vt 0.565822 0.685108
vt 0.566903 0.686319
vt 0.568256 0.689252
vt 0.567439 0.68791
vt 0.567882 0.687613
vt 0.567439 0.68791
vt 0.566492 0.686656
vt 0.566903 0.686319
vt 0.563406 0.685498
vt 0.563538 0.685338
vt 0.564612 0.68632
vt 0.564462 0.686471
vt 0.564612 0.68632
vt 0.565597 0.687392
vt 0.563538 0.685338
vt 0.563704 0.685135
vt 0.564795 0.686136
vt 0.564612 0.68632
vt 0.564795 0.686136
vt 0.565597 0.687392
vt 0.567215 0.68981
vt 0.566458 0.688566
vt 0.566675 0.688421
vt 0.567032 0.689908
vt 0.566282 0.688684
vt 0.566458 0.688566
vt 0.566282 0.688684
vt 0.565417 0.687541
vt 0.565597 0.687392
vt 0.562911 0.686103
vt 0.563196 0.685754
vt 0.564224 0.686709
vt 0.563901 0.687033
vt 0.564224 0.686709
vt 0.565152 0.687758
vt 0.563196 0.685754
vt 0.563406 0.685498
vt 0.564462 0.686471
vt 0.564224 0.686709
vt 0.564462 0.686471
vt 0.565417 0.687541
vt 0.56674 0.690064
vt 0.566002 0.688872
vt 0.566282 0.688684
vt 0.566002 0.688872
vt 0.565152 0.687758
vt 0.565417 0.687541
vt 0.566346 0.690276
vt 0.565616 0.689131
vt 0.566002 0.688872
vt 0.565616 0.689131
vt 0.564812 0.688038
vt 0.565152 0.687758
vt 0.563072 0.688526
vt 0.56254 0.686556
vt 0.563999 0.68796
vt 0.56254 0.686556
vt 0.562911 0.686103
vt 0.563901 0.687033
vt 0.563999 0.68796
vt 0.563901 0.687033
vt 0.564812 0.688038
vt 0.565632 0.690002
vt 0.565247 0.690424
vt 0.563999 0.68796
vt 0.565616 0.689131
vt 0.565632 0.690002
vt 0.563999 0.68796
vt 0.571723 0.727691
vt 0.57161 0.727698
vt 0.571623 0.725872
vt 0.571742 0.72587
vt 0.571623 0.725872
vt 0.571641 0.724082
vt 0.571803 0.72064
vt 0.571782 0.722339
vt 0.571663 0.722344
vt 0.571782 0.722339
vt 0.57176 0.724057
vt 0.571641 0.724082
vt 0.511977 0.67982
vt 0.511998 0.67989
vt 0.513772 0.679452
vt 0.513775 0.679466
vt 0.513772 0.679452
vt 0.515581 0.679184
vt 0.511998 0.67989
vt 0.511958 0.679759
vt 0.513751 0.679343
vt 0.513772 0.679452
vt 0.513751 0.679343
vt 0.515581 0.679184
vt 0.519233 0.679184
vt 0.517407 0.679097
vt 0.517407 0.678987
vt 0.51924 0.679112
vt 0.517407 0.679112
vt 0.517407 0.679097
vt 0.517407 0.679112
vt 0.515574 0.679112
vt 0.515581 0.679184
vt 0.572367 0.733176
vt 0.572647 0.733188
vt 0.572631 0.734954
vt 0.572348 0.73493
vt 0.572631 0.734954
vt 0.572614 0.736686
vt 0.572309 0.739928
vt 0.572318 0.738321
vt 0.572602 0.738368
vt 0.572318 0.738321
vt 0.572325 0.736649
vt 0.572614 0.736686
vt 0.559225 0.67998
vt 0.559274 0.679817
vt 0.560913 0.680408
vt 0.559274 0.679817
vt 0.559345 0.679581
vt 0.560976 0.680256
vt 0.560913 0.680408
vt 0.560976 0.680256
vt 0.562606 0.680931
vt 0.56085 0.68056
vt 0.560913 0.680408
vt 0.562491 0.681148
vt 0.572079 0.733168
vt 0.572187 0.733166
vt 0.57218 0.734911
vt 0.572187 0.733166
vt 0.572367 0.733176
vt 0.572348 0.73493
vt 0.57218 0.734911
vt 0.572348 0.73493
vt 0.572325 0.736649
vt 0.572069 0.734899
vt 0.57218 0.734911
vt 0.572168 0.736623
vt 0.57213 0.739881
vt 0.572151 0.738283
vt 0.572318 0.738321
vt 0.572021 0.739892
vt 0.57204 0.738261
vt 0.572151 0.738283
vt 0.57204 0.738261
vt 0.572059 0.73663
vt 0.572168 0.736623
vt 0.572151 0.738283
vt 0.572168 0.736623
vt 0.572325 0.736649
vt 0.565389 0.683078
vt 0.563985 0.682046
vt 0.564076 0.681909
vt 0.565281 0.683209
vt 0.563893 0.682183
vt 0.563985 0.682046
vt 0.563893 0.682183
vt 0.562411 0.681297
vt 0.562491 0.681148
vt 0.563985 0.682046
vt 0.562491 0.681148
vt 0.562606 0.680931
vt 0.558931 0.680951
vt 0.559076 0.680473
vt 0.560647 0.681053
vt 0.560451 0.681527
vt 0.560647 0.681053
vt 0.562148 0.681791
vt 0.559076 0.680473
vt 0.559168 0.680167
vt 0.560776 0.680741
vt 0.559168 0.680167
vt 0.559225 0.67998
vt 0.56085 0.68056
vt 0.560776 0.680741
vt 0.56085 0.68056
vt 0.562411 0.681297
vt 0.560647 0.681053
vt 0.560776 0.680741
vt 0.56232 0.68147
vt 0.565157 0.68336
vt 0.563785 0.682345
vt 0.563893 0.682183
vt 0.564954 0.683608
vt 0.563598 0.682626
vt 0.563785 0.682345
vt 0.563598 0.682626
vt 0.562148 0.681791
vt 0.56232 0.68147
vt 0.563785 0.682345
vt 0.56232 0.68147
vt 0.562411 0.681297
vt 0.564638 0.683994
vt 0.563313 0.683053
vt 0.563598 0.682626
vt 0.563313 0.683053
vt 0.561913 0.682232
vt 0.562148 0.681791
vt 0.55877 0.681483
vt 0.558931 0.680951
vt 0.560451 0.681527
vt 0.560248 0.682019
vt 0.560451 0.681527
vt 0.561913 0.682232
vt 0.564286 0.684424
vt 0.563018 0.683496
vt 0.563313 0.683053
vt 0.563018 0.683496
vt 0.561663 0.682701
vt 0.561913 0.682232
vt 0.558369 0.682812
vt 0.558429 0.682613
vt 0.559797 0.68311
vt 0.559716 0.683306
vt 0.559797 0.68311
vt 0.561118 0.683723
vt 0.558429 0.682613
vt 0.558505 0.682362
vt 0.559896 0.682869
vt 0.559797 0.68311
vt 0.559896 0.682869
vt 0.561118 0.683723
vt 0.563538 0.685338
vt 0.562363 0.684478
vt 0.562507 0.684262
vt 0.563406 0.685498
vt 0.562245 0.684655
vt 0.562363 0.684478
vt 0.562245 0.684655
vt 0.561008 0.683929
vt 0.561118 0.683723
vt 0.558143 0.683557
vt 0.558273 0.683129
vt 0.559587 0.683617
vt 0.55941 0.684048
vt 0.559587 0.683617
vt 0.560847 0.684231
vt 0.558273 0.683129
vt 0.558369 0.682812
vt 0.559716 0.683306
vt 0.559587 0.683617
vt 0.559716 0.683306
vt 0.561008 0.683929
vt 0.563196 0.685754
vt 0.562058 0.684935
vt 0.562245 0.684655
vt 0.562058 0.684935
vt 0.560847 0.684231
vt 0.561008 0.683929
vt 0.562911 0.686103
vt 0.561804 0.685316
vt 0.562058 0.684935
vt 0.561804 0.685316
vt 0.560639 0.68462
vt 0.560847 0.684231
vt 0.558238 0.684659
vt 0.560604 0.685726
vt 0.559312 0.686461
vt 0.558143 0.683557
vt 0.55941 0.684048
vt 0.558555 0.684205
vt 0.55941 0.684048
vt 0.560639 0.68462
vt 0.560936 0.685316
vt 0.558555 0.684205
vt 0.560936 0.685316
vt 0.560604 0.685726
vt 0.56254 0.686556
vt 0.560936 0.685316
vt 0.561804 0.685316
vt 0.56254 0.686556
vt 0.560604 0.685726
vt 0.560936 0.685316
vt 0.571723 0.735025
vt 0.57161 0.735002
vt 0.571603 0.733212
vt 0.571721 0.733214
vt 0.571603 0.733212
vt 0.571603 0.731385
vt 0.571723 0.727691
vt 0.571721 0.729542
vt 0.571601 0.729542
vt 0.571721 0.729542
vt 0.57172 0.731394
vt 0.571603 0.731385
vt 0.505537 0.683255
vt 0.505583 0.683311
vt 0.507052 0.682223
vt 0.507063 0.682239
vt 0.507052 0.682223
vt 0.508624 0.681288
vt 0.505583 0.683311
vt 0.505514 0.683227
vt 0.507052 0.682223
vt 0.511998 0.67989
vt 0.510277 0.680508
vt 0.510235 0.680406
vt 0.511977 0.67982
vt 0.510283 0.680522
vt 0.510277 0.680508
vt 0.510283 0.680522
vt 0.508589 0.681223
vt 0.508624 0.681288
vt 0.572348 0.726154
vt 0.572627 0.726119
vt 0.572631 0.727853
vt 0.572347 0.727876
vt 0.572631 0.727853
vt 0.572634 0.72962
vt 0.572367 0.733176
vt 0.572357 0.731404
vt 0.572641 0.731404
vt 0.572357 0.731404
vt 0.572344 0.729632
vt 0.572634 0.72962
vt 0.552394 0.679314
vt 0.552377 0.679144
vt 0.554118 0.679063
vt 0.552377 0.679144
vt 0.552352 0.678899
vt 0.554117 0.678899
vt 0.554118 0.679063
vt 0.554117 0.678899
vt 0.555882 0.678899
vt 0.554118 0.679228
vt 0.554118 0.679063
vt 0.555858 0.679142
vt 0.572059 0.726176
vt 0.572168 0.726183
vt 0.57218 0.727896
vt 0.572168 0.726183
vt 0.572348 0.726154
vt 0.572347 0.727876
vt 0.57218 0.727896
vt 0.572347 0.727876
vt 0.572344 0.729632
vt 0.572069 0.727907
vt 0.57218 0.727896
vt 0.572187 0.729641
vt 0.572187 0.733166
vt 0.572189 0.731404
vt 0.572357 0.731404
vt 0.572079 0.733168
vt 0.572079 0.731404
vt 0.572189 0.731404
vt 0.572079 0.731404
vt 0.572079 0.729639
vt 0.572187 0.729641
vt 0.572189 0.731404
vt 0.572187 0.729641
vt 0.572344 0.729632
vt 0.559274 0.679817
vt 0.557582 0.679401
vt 0.557614 0.67924
vt 0.559225 0.67998
vt 0.55755 0.679563
vt 0.557582 0.679401
vt 0.55755 0.679563
vt 0.555842 0.679311
vt 0.555858 0.679142
vt 0.557582 0.679401
vt 0.555858 0.679142
vt 0.555882 0.678899
vt 0.552494 0.680323
vt 0.552445 0.679827
vt 0.554118 0.67976
vt 0.554119 0.680273
vt 0.554118 0.67976
vt 0.555788 0.679868
vt 0.552445 0.679827
vt 0.552413 0.679508
vt 0.554118 0.679423
vt 0.552413 0.679508
vt 0.552394 0.679314
vt 0.554118 0.679228
vt 0.554118 0.679423
vt 0.554118 0.679228
vt 0.555842 0.679311
vt 0.554118 0.67976
vt 0.554118 0.679423
vt 0.555823 0.679506
vt 0.559168 0.680167
vt 0.557512 0.679754
vt 0.55755 0.679563
vt 0.559076 0.680473
vt 0.557446 0.680085
vt 0.557512 0.679754
vt 0.557446 0.680085
vt 0.555788 0.679868
vt 0.555823 0.679506
vt 0.557512 0.679754
vt 0.555823 0.679506
vt 0.555842 0.679311
vt 0.558931 0.680951
vt 0.557347 0.680588
vt 0.557446 0.680085
vt 0.557347 0.680588
vt 0.555739 0.680365
vt 0.555788 0.679868
vt 0.552549 0.680876
vt 0.552494 0.680323
vt 0.554119 0.680273
vt 0.554119 0.680806
vt 0.554119 0.680273
vt 0.555739 0.680365
vt 0.55877 0.681483
vt 0.557244 0.681111
vt 0.557347 0.680588
vt 0.557244 0.681111
vt 0.555688 0.680894
vt 0.555739 0.680365
vt 0.552687 0.682257
vt 0.552666 0.682051
vt 0.55412 0.681987
vt 0.554121 0.682199
vt 0.55412 0.681987
vt 0.555575 0.682048
vt 0.552666 0.682051
vt 0.55264 0.68179
vt 0.55412 0.681726
vt 0.55412 0.681987
vt 0.55412 0.681726
vt 0.555575 0.682048
vt 0.558429 0.682613
vt 0.557014 0.682269
vt 0.557065 0.682014
vt 0.558369 0.682812
vt 0.556973 0.682477
vt 0.557014 0.682269
vt 0.556973 0.682477
vt 0.555552 0.68228
vt 0.555575 0.682048
vt 0.552765 0.683046
vt 0.552719 0.682587
vt 0.554121 0.682535
vt 0.554121 0.682998
vt 0.554121 0.682535
vt 0.555519 0.682621
vt 0.552719 0.682587
vt 0.552687 0.682257
vt 0.554121 0.682199
vt 0.554121 0.682535
vt 0.554121 0.682199
vt 0.555552 0.68228
vt 0.558273 0.683129
vt 0.556908 0.682807
vt 0.556973 0.682477
vt 0.556908 0.682807
vt 0.555519 0.682621
vt 0.555552 0.68228
vt 0.558143 0.683557
vt 0.556818 0.683261
vt 0.556908 0.682807
vt 0.556818 0.683261
vt 0.555477 0.683055
vt 0.555519 0.682621
vt 0.553426 0.683587
vt 0.555952 0.683693
vt 0.555159 0.684458
vt 0.552765 0.683046
vt 0.554121 0.682998
vt 0.553426 0.683587
vt 0.554121 0.682998
vt 0.555477 0.683055
vt 0.555952 0.683693
vt 0.558555 0.684205
vt 0.555952 0.683693
vt 0.556818 0.683261
vt 0.558238 0.684659
vt 0.555159 0.684458
vt 0.555952 0.683693
vt 0.571803 0.741524
vt 0.571687 0.741476
vt 0.571663 0.739993
vt 0.571782 0.74
vt 0.571663 0.739993
vt 0.571643 0.738409
vt 0.571723 0.735025
vt 0.571742 0.736745
vt 0.571621 0.73674
vt 0.571742 0.736745
vt 0.57176 0.73845
vt 0.571643 0.738409
vt 0.500901 0.688892
vt 0.500965 0.688926
vt 0.501911 0.687361
vt 0.501923 0.68737
vt 0.501911 0.687361
vt 0.503 0.685893
vt 0.500965 0.688926
vt 0.500845 0.688861
vt 0.501819 0.6873
vt 0.501911 0.687361
vt 0.501819 0.6873
vt 0.503 0.685893
vt 0.505583 0.683311
vt 0.50423 0.684541
vt 0.504152 0.684462
vt 0.505537 0.683255
vt 0.504241 0.684551
vt 0.50423 0.684541
vt 0.504241 0.684551
vt 0.502944 0.685847
vt 0.503 0.685893
vt 0.572251 0.719887
vt 0.572533 0.719855
vt 0.572555 0.721292
vt 0.572271 0.721354
vt 0.572555 0.721292
vt 0.572576 0.722825
vt 0.572348 0.726154
vt 0.572319 0.724485
vt 0.572602 0.724439
vt 0.572319 0.724485
vt 0.572287 0.722884
vt 0.572576 0.722825
vt 0.545828 0.681312
vt 0.545748 0.681163
vt 0.547324 0.680421
vt 0.545748 0.681163
vt 0.545631 0.680945
vt 0.547261 0.680269
vt 0.547324 0.680421
vt 0.547261 0.680269
vt 0.548892 0.679594
vt 0.547388 0.680573
vt 0.547324 0.680421
vt 0.548963 0.679828
vt 0.571966 0.719979
vt 0.572076 0.719925
vt 0.572104 0.721407
vt 0.572076 0.719925
vt 0.572251 0.719887
vt 0.572271 0.721354
vt 0.572104 0.721407
vt 0.572271 0.721354
vt 0.572287 0.722884
vt 0.571994 0.721448
vt 0.572104 0.721407
vt 0.57213 0.722926
vt 0.572168 0.726183
vt 0.572151 0.724523
vt 0.572319 0.724485
vt 0.572059 0.726176
vt 0.57204 0.724546
vt 0.572151 0.724523
vt 0.57204 0.724546
vt 0.572021 0.722916
vt 0.57213 0.722926
vt 0.572151 0.724523
vt 0.57213 0.722926
vt 0.572287 0.722884
vt 0.552377 0.679144
vt 0.550654 0.679407
vt 0.550622 0.679246
vt 0.552394 0.679314
vt 0.550687 0.679569
vt 0.550654 0.679407
vt 0.550687 0.679569
vt 0.549013 0.679991
vt 0.548963 0.679828
vt 0.550654 0.679407
vt 0.548963 0.679828
vt 0.548892 0.679594
vt 0.546307 0.682206
vt 0.546071 0.681767
vt 0.547592 0.681065
vt 0.547789 0.681539
vt 0.547592 0.681065
vt 0.549176 0.680526
vt 0.546071 0.681767
vt 0.54592 0.681484
vt 0.547463 0.680754
vt 0.54592 0.681484
vt 0.545828 0.681312
vt 0.547388 0.680573
vt 0.547463 0.680754
vt 0.547388 0.680573
vt 0.549013 0.679991
vt 0.547592 0.681065
vt 0.547463 0.680754
vt 0.549069 0.680177
vt 0.552413 0.679508
vt 0.550725 0.67976
vt 0.550687 0.679569
vt 0.552445 0.679827
vt 0.550791 0.680091
vt 0.550725 0.67976
vt 0.550791 0.680091
vt 0.549176 0.680526
vt 0.549069 0.680177
vt 0.550725 0.67976
vt 0.549069 0.680177
vt 0.549013 0.679991
vt 0.552494 0.680323
vt 0.550892 0.680594
vt 0.550791 0.680091
vt 0.550892 0.680594
vt 0.549321 0.681004
vt 0.549176 0.680526
vt 0.546569 0.682696
vt 0.546307 0.682206
vt 0.547789 0.681539
vt 0.547993 0.682031
vt 0.547789 0.681539
vt 0.549321 0.681004
vt 0.552549 0.680876
vt 0.550996 0.681117
vt 0.550892 0.680594
vt 0.550996 0.681117
vt 0.549476 0.681512
vt 0.549321 0.681004
vt 0.547225 0.68392
vt 0.547127 0.683737
vt 0.548446 0.683121
vt 0.548527 0.683317
vt 0.548446 0.683121
vt 0.549813 0.682621
vt 0.547127 0.683737
vt 0.547003 0.683506
vt 0.548346 0.682881
vt 0.548446 0.683121
vt 0.548346 0.682881
vt 0.549813 0.682621
vt 0.552666 0.682051
vt 0.551227 0.682274
vt 0.551176 0.682019
vt 0.552687 0.682257
vt 0.551269 0.682482
vt 0.551227 0.682274
vt 0.551269 0.682482
vt 0.549881 0.682844
vt 0.549813 0.682621
vt 0.547593 0.684606
vt 0.547381 0.684212
vt 0.548656 0.683628
vt 0.548788 0.683944
vt 0.548656 0.683628
vt 0.549981 0.683172
vt 0.549356 0.684201
vt 0.548788 0.683944
vt 0.550108 0.683589
vt 0.547381 0.684212
vt 0.547225 0.68392
vt 0.548527 0.683317
vt 0.548656 0.683628
vt 0.548527 0.683317
vt 0.549881 0.682844
vt 0.552719 0.682587
vt 0.551335 0.682813
vt 0.551269 0.682482
vt 0.551335 0.682813
vt 0.549981 0.683172
vt 0.549881 0.682844
vt 0.552765 0.683046
vt 0.551426 0.683269
vt 0.551335 0.682813
vt 0.551426 0.683269
vt 0.550108 0.683589
vt 0.549981 0.683172
vt 0.545844 0.68788
vt 0.543783 0.691637
vt 0.543043 0.690348
vt 0.547741 0.685705
vt 0.54732 0.685321
vt 0.549356 0.684201
vt 0.54732 0.685321
vt 0.547593 0.684606
vt 0.549356 0.684201
vt 0.552765 0.683046
vt 0.553426 0.683587
vt 0.551556 0.683809
vt 0.551426 0.683269
vt 0.551556 0.683809
vt 0.549356 0.684201
vt 0.551556 0.683809
vt 0.552805 0.684235
vt 0.550003 0.684565
vt 0.57195 0.746232
vt 0.571835 0.746243
vt 0.571795 0.745197
vt 0.571913 0.745197
vt 0.571795 0.745197
vt 0.571868 0.744142
vt 0.571723 0.742843
vt 0.571868 0.744142
vt 0.57157 0.74408
vt 0.571803 0.741524
vt 0.57184 0.742852
vt 0.571723 0.742843
vt 0.498776 0.695874
vt 0.498848 0.695881
vt 0.499123 0.694074
vt 0.499137 0.694077
vt 0.499123 0.694074
vt 0.499568 0.6923
vt 0.498848 0.695881
vt 0.498712 0.695867
vt 0.499014 0.694052
vt 0.499123 0.694074
vt 0.499014 0.694052
vt 0.499568 0.6923
vt 0.500965 0.688926
vt 0.500186 0.69058
vt 0.500084 0.690537
vt 0.500901 0.688892
vt 0.5002 0.690586
vt 0.500186 0.69058
vt 0.5002 0.690586
vt 0.499498 0.692279
vt 0.499568 0.6923
vt 0.572098 0.715345
vt 0.572375 0.715243
vt 0.572413 0.716257
vt 0.572127 0.716346
vt 0.572413 0.716257
vt 0.572449 0.717336
vt 0.572251 0.719887
vt 0.572204 0.718603
vt 0.572491 0.718534
vt 0.572204 0.718603
vt 0.572157 0.717365
vt 0.572449 0.717336
vt 0.540526 0.685671
vt 0.540404 0.685571
vt 0.541573 0.68428
vt 0.540404 0.685571
vt 0.540307 0.685492
vt 0.541485 0.684192
vt 0.541573 0.68428
vt 0.541485 0.684192
vt 0.542783 0.683013
vt 0.541685 0.684392
vt 0.541573 0.68428
vt 0.542863 0.68311
vt 0.540307 0.685492
vt 0.540223 0.685423
vt 0.54141 0.684118
vt 0.540223 0.685423
vt 0.540072 0.685299
vt 0.541332 0.68404
vt 0.54141 0.684118
vt 0.541332 0.68404
vt 0.542592 0.68278
vt 0.541485 0.684192
vt 0.54141 0.684118
vt 0.542714 0.682928
vt 0.545591 0.68087
vt 0.544127 0.681868
vt 0.544071 0.681787
vt 0.545631 0.680945
vt 0.544185 0.681954
vt 0.544127 0.681868
vt 0.544185 0.681954
vt 0.542783 0.683013
vt 0.542714 0.682928
vt 0.544127 0.681868
vt 0.542714 0.682928
vt 0.542592 0.68278
vt 0.545748 0.681163
vt 0.544259 0.682068
vt 0.544185 0.681954
vt 0.545828 0.681312
vt 0.544349 0.682202
vt 0.544259 0.682068
vt 0.544349 0.682202
vt 0.542963 0.683232
vt 0.542863 0.68311
vt 0.544259 0.682068
vt 0.542863 0.68311
vt 0.542783 0.683013
vt 0.541311 0.686314
vt 0.540925 0.685998
vt 0.542062 0.684768
vt 0.542425 0.68513
vt 0.542062 0.684768
vt 0.543319 0.683664
vt 0.540925 0.685998
vt 0.540677 0.685795
vt 0.541823 0.68453
vt 0.540677 0.685795
vt 0.540526 0.685671
vt 0.541685 0.684392
vt 0.541823 0.68453
vt 0.541685 0.684392
vt 0.542963 0.683232
vt 0.542062 0.684768
vt 0.541823 0.68453
vt 0.543087 0.683382
vt 0.54592 0.681484
vt 0.544457 0.682364
vt 0.544349 0.682202
vt 0.546071 0.681767
vt 0.544645 0.682644
vt 0.544457 0.682364
vt 0.544645 0.682644
vt 0.543319 0.683664
vt 0.543087 0.683382
vt 0.544457 0.682364
vt 0.543087 0.683382
vt 0.542963 0.683232
vt 0.546307 0.682206
vt 0.54493 0.68307
vt 0.544645 0.682644
vt 0.54493 0.68307
vt 0.543636 0.684049
vt 0.543319 0.683664
vt 0.541741 0.686666
vt 0.541311 0.686314
vt 0.542425 0.68513
vt 0.542802 0.685507
vt 0.542425 0.68513
vt 0.543636 0.684049
vt 0.546569 0.682696
vt 0.545227 0.683513
vt 0.54493 0.68307
vt 0.545227 0.683513
vt 0.543973 0.68446
vt 0.543636 0.684049
vt 0.542815 0.687546
vt 0.542655 0.687415
vt 0.543638 0.686341
vt 0.543788 0.68649
vt 0.543638 0.686341
vt 0.544709 0.685355
vt 0.542655 0.687415
vt 0.542452 0.687248
vt 0.543453 0.686157
vt 0.543638 0.686341
vt 0.543453 0.686157
vt 0.544709 0.685355
vt 0.547127 0.683737
vt 0.545883 0.684494
vt 0.545739 0.684278
vt 0.547225 0.68392
vt 0.546001 0.68467
vt 0.545883 0.684494
vt 0.546001 0.68467
vt 0.544858 0.685536
vt 0.544709 0.685355
vt 0.54342 0.688041
vt 0.543071 0.687756
vt 0.544026 0.686728
vt 0.54435 0.687052
vt 0.544026 0.686728
vt 0.545075 0.6858
vt 0.543071 0.687756
vt 0.542815 0.687546
vt 0.543788 0.68649
vt 0.544026 0.686728
vt 0.543788 0.68649
vt 0.544858 0.685536
vt 0.547381 0.684212
vt 0.546189 0.68495
vt 0.546001 0.68467
vt 0.546189 0.68495
vt 0.545075 0.6858
vt 0.544858 0.685536
vt 0.547593 0.684606
vt 0.546448 0.685337
vt 0.546189 0.68495
vt 0.546448 0.685337
vt 0.545355 0.68614
vt 0.545075 0.6858
vt 0.545844 0.68788
vt 0.543873 0.688412
vt 0.545277 0.686953
vt 0.543873 0.688412
vt 0.54342 0.688041
vt 0.54435 0.687052
vt 0.545277 0.686953
vt 0.54435 0.687052
vt 0.545355 0.68614
vt 0.54732 0.685321
vt 0.547741 0.685705
vt 0.545277 0.686953
vt 0.546448 0.685337
vt 0.54732 0.685321
vt 0.545277 0.686953
vt 0.575911 0.699814
vt 0.576027 0.699778
vt 0.576002 0.701361
vt 0.575883 0.701368
vt 0.576002 0.701361
vt 0.575863 0.702892
vt 0.575941 0.704224
vt 0.575863 0.702892
vt 0.576161 0.702841
vt 0.575796 0.705538
vt 0.575825 0.704223
vt 0.575941 0.704224
vt 0.499485 0.703138
vt 0.499555 0.703116
vt 0.499116 0.701342
vt 0.499131 0.701339
vt 0.499116 0.701342
vt 0.498848 0.699533
vt 0.499555 0.703116
vt 0.499451 0.703148
vt 0.499007 0.701363
vt 0.499116 0.701342
vt 0.499007 0.701363
vt 0.498848 0.699533
vt 0.498848 0.695881
vt 0.498762 0.697707
vt 0.498651 0.697707
vt 0.498776 0.695874
vt 0.498776 0.697707
vt 0.498762 0.697707
vt 0.498776 0.697707
vt 0.498776 0.69954
vt 0.498848 0.699533
vt 0.574125 0.737888
vt 0.574404 0.737943
vt 0.57437 0.739473
vt 0.574087 0.739411
vt 0.57437 0.739473
vt 0.574335 0.740906
vt 0.573996 0.743437
vt 0.574019 0.742167
vt 0.574306 0.742243
vt 0.574019 0.742167
vt 0.574043 0.740883
vt 0.574335 0.740906
vt 0.537297 0.691727
vt 0.537134 0.691678
vt 0.537725 0.690039
vt 0.537134 0.691678
vt 0.536898 0.691607
vt 0.537573 0.689976
vt 0.537725 0.690039
vt 0.537573 0.689976
vt 0.538248 0.688346
vt 0.537877 0.690102
vt 0.537725 0.690039
vt 0.538465 0.688461
vt 0.573837 0.737851
vt 0.573945 0.737841
vt 0.57392 0.739359
vt 0.573945 0.737841
vt 0.574125 0.737888
vt 0.574087 0.739411
vt 0.57392 0.739359
vt 0.574087 0.739411
vt 0.574043 0.740883
vt 0.573809 0.739318
vt 0.57392 0.739359
vt 0.573891 0.740838
vt 0.540223 0.685423
vt 0.539167 0.686838
vt 0.539085 0.686782
vt 0.540307 0.685492
vt 0.539253 0.686896
vt 0.539167 0.686838
vt 0.539253 0.686896
vt 0.538248 0.688346
vt 0.538173 0.688306
vt 0.539167 0.686838
vt 0.538173 0.688306
vt 0.538098 0.688266
vt 0.540404 0.685571
vt 0.539366 0.68697
vt 0.539253 0.686896
vt 0.540526 0.685671
vt 0.5395 0.687059
vt 0.539366 0.68697
vt 0.5395 0.687059
vt 0.538614 0.688541
vt 0.538465 0.688461
vt 0.539366 0.68697
vt 0.538465 0.688461
vt 0.538248 0.688346
vt 0.538268 0.692021
vt 0.53779 0.691877
vt 0.538376 0.690308
vt 0.538835 0.690498
vt 0.538376 0.690308
vt 0.539112 0.688806
vt 0.53779 0.691877
vt 0.537484 0.691784
vt 0.538058 0.690176
vt 0.537484 0.691784
vt 0.537297 0.691727
vt 0.537877 0.690102
vt 0.538058 0.690176
vt 0.537877 0.690102
vt 0.538614 0.688541
vt 0.538376 0.690308
vt 0.538058 0.690176
vt 0.538787 0.688633
vt 0.540677 0.685795
vt 0.539662 0.687167
vt 0.5395 0.687059
vt 0.540925 0.685998
vt 0.539949 0.687359
vt 0.539662 0.687167
vt 0.539949 0.687359
vt 0.539112 0.688806
vt 0.538787 0.688633
vt 0.539662 0.687167
vt 0.538787 0.688633
vt 0.538614 0.688541
vt 0.541311 0.686314
vt 0.540362 0.687634
vt 0.539949 0.687359
vt 0.540362 0.687634
vt 0.539549 0.689039
vt 0.539112 0.688806
vt 0.5388 0.692182
vt 0.538268 0.692021
vt 0.538835 0.690498
vt 0.539336 0.690705
vt 0.538835 0.690498
vt 0.539549 0.689039
vt 0.541741 0.686666
vt 0.540813 0.687935
vt 0.540362 0.687634
vt 0.540813 0.687935
vt 0.540018 0.689289
vt 0.539549 0.689039
vt 0.540129 0.692584
vt 0.539931 0.692524
vt 0.540427 0.691155
vt 0.540623 0.691236
vt 0.540427 0.691155
vt 0.54104 0.689835
vt 0.539931 0.692524
vt 0.539679 0.692448
vt 0.540187 0.691056
vt 0.540427 0.691155
vt 0.540187 0.691056
vt 0.54104 0.689835
vt 0.542655 0.687415
vt 0.541795 0.68859
vt 0.541579 0.688445
vt 0.542815 0.687546
vt 0.541972 0.688707
vt 0.541795 0.68859
vt 0.541972 0.688707
vt 0.541247 0.689945
vt 0.54104 0.689835
vt 0.540874 0.692809
vt 0.540446 0.692679
vt 0.540934 0.691365
vt 0.541365 0.691542
vt 0.540934 0.691365
vt 0.541548 0.690106
vt 0.540446 0.692679
vt 0.540129 0.692584
vt 0.540623 0.691236
vt 0.540934 0.691365
vt 0.540623 0.691236
vt 0.541247 0.689945
vt 0.543071 0.687756
vt 0.542252 0.688894
vt 0.541972 0.688707
vt 0.542252 0.688894
vt 0.541548 0.690106
vt 0.541247 0.689945
vt 0.54342 0.688041
vt 0.542633 0.689148
vt 0.542252 0.688894
vt 0.542633 0.689148
vt 0.541937 0.690313
vt 0.541548 0.690106
vt 0.541977 0.692714
vt 0.543043 0.690348
vt 0.543783 0.691637
vt 0.540874 0.692809
vt 0.541365 0.691542
vt 0.541522 0.692397
vt 0.541365 0.691542
vt 0.541937 0.690313
vt 0.542633 0.690016
vt 0.541522 0.692397
vt 0.542633 0.690016
vt 0.543043 0.690348
vt 0.543873 0.688412
vt 0.542633 0.690016
vt 0.542633 0.689148
vt 0.543873 0.688412
vt 0.543043 0.690348
vt 0.542633 0.690016
vt 0.575952 0.692763
vt 0.576065 0.692755
vt 0.576062 0.694581
vt 0.575944 0.694584
vt 0.576062 0.694581
vt 0.576052 0.696371
vt 0.575911 0.699814
vt 0.575923 0.698115
vt 0.576041 0.69811
vt 0.575923 0.698115
vt 0.575935 0.696397
vt 0.576052 0.696371
vt 0.502919 0.709577
vt 0.502976 0.709531
vt 0.501891 0.708059
vt 0.501903 0.708051
vt 0.501891 0.708059
vt 0.500953 0.70649
vt 0.502976 0.709531
vt 0.502892 0.7096
vt 0.501799 0.708121
vt 0.501891 0.708059
vt 0.501799 0.708121
vt 0.500953 0.70649
vt 0.499485 0.703138
vt 0.500186 0.704831
vt 0.500168 0.704839
vt 0.500186 0.704831
vt 0.500888 0.706525
vt 0.500953 0.70649
vt 0.574183 0.731136
vt 0.574462 0.731147
vt 0.574446 0.732913
vt 0.574163 0.73289
vt 0.574446 0.732913
vt 0.574429 0.734645
vt 0.574125 0.737888
vt 0.574134 0.736281
vt 0.574417 0.736328
vt 0.574134 0.736281
vt 0.57414 0.734609
vt 0.574429 0.734645
vt 0.536631 0.698559
vt 0.536462 0.698575
vt 0.53638 0.696835
vt 0.536462 0.698575
vt 0.536216 0.6986
vt 0.536216 0.696835
vt 0.53638 0.696835
vt 0.536216 0.696835
vt 0.536216 0.69507
vt 0.536545 0.696835
vt 0.53638 0.696835
vt 0.53646 0.695094
vt 0.573894 0.731128
vt 0.574002 0.731126
vt 0.573995 0.73287
vt 0.574002 0.731126
vt 0.574183 0.731136
vt 0.574163 0.73289
vt 0.573995 0.73287
vt 0.574163 0.73289
vt 0.57414 0.734609
vt 0.573884 0.732859
vt 0.573995 0.73287
vt 0.573983 0.734583
vt 0.573945 0.737841
vt 0.573966 0.736243
vt 0.574134 0.736281
vt 0.573837 0.737851
vt 0.573856 0.73622
vt 0.573966 0.736243
vt 0.573856 0.73622
vt 0.573875 0.734589
vt 0.573983 0.734583
vt 0.573966 0.736243
vt 0.573983 0.734583
vt 0.57414 0.734609
vt 0.537134 0.691678
vt 0.536718 0.69337
vt 0.536557 0.693338
vt 0.537297 0.691727
vt 0.53688 0.693402
vt 0.536718 0.69337
vt 0.53688 0.693402
vt 0.536628 0.69511
vt 0.53646 0.695094
vt 0.536718 0.69337
vt 0.53646 0.695094
vt 0.536216 0.69507
vt 0.53764 0.698458
vt 0.537144 0.698507
vt 0.537085 0.696834
vt 0.537581 0.696834
vt 0.537085 0.696834
vt 0.53719 0.695165
vt 0.537144 0.698507
vt 0.536825 0.698539
vt 0.53674 0.696834
vt 0.536825 0.698539
vt 0.536631 0.698559
vt 0.536545 0.696835
vt 0.53674 0.696834
vt 0.536545 0.696835
vt 0.536628 0.69511
vt 0.537085 0.696834
vt 0.53674 0.696834
vt 0.536823 0.695129
vt 0.537484 0.691784
vt 0.537071 0.69344
vt 0.53688 0.693402
vt 0.53779 0.691877
vt 0.537409 0.693507
vt 0.537071 0.69344
vt 0.537409 0.693507
vt 0.53719 0.695165
vt 0.536823 0.695129
vt 0.537071 0.69344
vt 0.536823 0.695129
vt 0.536628 0.69511
vt 0.538268 0.692021
vt 0.537896 0.693604
vt 0.537409 0.693507
vt 0.537896 0.693604
vt 0.537682 0.695213
vt 0.53719 0.695165
vt 0.538193 0.698403
vt 0.53764 0.698458
vt 0.537581 0.696834
vt 0.538123 0.696833
vt 0.537581 0.696834
vt 0.537682 0.695213
vt 0.5388 0.692182
vt 0.538428 0.693709
vt 0.537896 0.693604
vt 0.538428 0.693709
vt 0.538211 0.695265
vt 0.537682 0.695213
vt 0.539575 0.698266
vt 0.539369 0.698286
vt 0.539304 0.696832
vt 0.539516 0.696832
vt 0.539304 0.696832
vt 0.539365 0.695377
vt 0.539369 0.698286
vt 0.539107 0.698312
vt 0.539043 0.696832
vt 0.539304 0.696832
vt 0.539043 0.696832
vt 0.539365 0.695377
vt 0.539931 0.692524
vt 0.539586 0.693938
vt 0.539331 0.693887
vt 0.540129 0.692584
vt 0.539794 0.693979
vt 0.539586 0.693938
vt 0.539794 0.693979
vt 0.539597 0.6954
vt 0.539365 0.695377
vt 0.540363 0.698187
vt 0.539904 0.698233
vt 0.539853 0.696831
vt 0.540315 0.696831
vt 0.539853 0.696831
vt 0.539938 0.695433
vt 0.539904 0.698233
vt 0.539575 0.698266
vt 0.539516 0.696832
vt 0.539853 0.696831
vt 0.539516 0.696832
vt 0.539597 0.6954
vt 0.540446 0.692679
vt 0.540124 0.694045
vt 0.539794 0.693979
vt 0.540124 0.694045
vt 0.539938 0.695433
vt 0.539597 0.6954
vt 0.540874 0.692809
vt 0.540578 0.694134
vt 0.540124 0.694045
vt 0.540578 0.694134
vt 0.540372 0.695475
vt 0.539938 0.695433
vt 0.540904 0.697526
vt 0.54101 0.695001
vt 0.541774 0.695793
vt 0.540363 0.698187
vt 0.540315 0.696831
vt 0.540904 0.697526
vt 0.540315 0.696831
vt 0.540372 0.695475
vt 0.54101 0.695001
vt 0.541522 0.692397
vt 0.54101 0.695001
vt 0.540578 0.694134
vt 0.541977 0.692714
vt 0.541774 0.695793
vt 0.54101 0.695001
vt 0.575911 0.685429
vt 0.57603 0.685451
vt 0.576041 0.687242
vt 0.575923 0.68724
vt 0.576041 0.687242
vt 0.576052 0.689068
vt 0.575952 0.692763
vt 0.575944 0.690912
vt 0.576062 0.690912
vt 0.575944 0.690912
vt 0.575935 0.68906
vt 0.576052 0.689068
vt 0.508556 0.714213
vt 0.50859 0.714149
vt 0.507026 0.713203
vt 0.507034 0.713191
vt 0.507026 0.713203
vt 0.505558 0.712113
vt 0.50859 0.714149
vt 0.508526 0.71427
vt 0.506964 0.713296
vt 0.507026 0.713203
vt 0.506964 0.713296
vt 0.505558 0.712113
vt 0.502919 0.709577
vt 0.504215 0.710874
vt 0.504201 0.710888
vt 0.504215 0.710874
vt 0.505511 0.71217
vt 0.505558 0.712113
vt 0.574163 0.724113
vt 0.574443 0.724079
vt 0.574447 0.725813
vt 0.574163 0.725836
vt 0.574447 0.725813
vt 0.574449 0.72758
vt 0.574183 0.731136
vt 0.574173 0.729363
vt 0.574456 0.729363
vt 0.574173 0.729363
vt 0.574159 0.727592
vt 0.574449 0.72758
vt 0.538629 0.705124
vt 0.53848 0.705205
vt 0.537738 0.703628
vt 0.53848 0.705205
vt 0.538262 0.705321
vt 0.537586 0.703691
vt 0.537738 0.703628
vt 0.537586 0.703691
vt 0.536911 0.70206
vt 0.53789 0.703565
vt 0.537738 0.703628
vt 0.537145 0.701989
vt 0.573875 0.724136
vt 0.573983 0.724143
vt 0.573995 0.725855
vt 0.573983 0.724143
vt 0.574163 0.724113
vt 0.574163 0.725836
vt 0.573995 0.725855
vt 0.574163 0.725836
vt 0.574159 0.727592
vt 0.573884 0.725867
vt 0.573995 0.725855
vt 0.574002 0.7276
vt 0.574002 0.731126
vt 0.574005 0.729363
vt 0.574173 0.729363
vt 0.573894 0.731128
vt 0.573894 0.729363
vt 0.574005 0.729363
vt 0.573894 0.729363
vt 0.573894 0.727598
vt 0.574002 0.7276
vt 0.574005 0.729363
vt 0.574002 0.7276
vt 0.574159 0.727592
vt 0.536462 0.698575
vt 0.536724 0.700298
vt 0.536563 0.70033
vt 0.536631 0.698559
vt 0.536886 0.700266
vt 0.536724 0.700298
vt 0.536886 0.700266
vt 0.537308 0.70194
vt 0.537145 0.701989
vt 0.536724 0.700298
vt 0.537145 0.701989
vt 0.536911 0.70206
vt 0.539523 0.704645
vt 0.539084 0.704881
vt 0.538389 0.703358
vt 0.538847 0.703167
vt 0.538389 0.703358
vt 0.537847 0.701775
vt 0.539084 0.704881
vt 0.538801 0.705032
vt 0.538071 0.70349
vt 0.538801 0.705032
vt 0.538629 0.705124
vt 0.53789 0.703565
vt 0.538071 0.70349
vt 0.53789 0.703565
vt 0.537308 0.70194
vt 0.538389 0.703358
vt 0.538071 0.70349
vt 0.537494 0.701883
vt 0.536825 0.698539
vt 0.537078 0.700227
vt 0.536886 0.700266
vt 0.537144 0.698507
vt 0.537415 0.70016
vt 0.537078 0.700227
vt 0.537415 0.70016
vt 0.537847 0.701775
vt 0.537494 0.701883
vt 0.537078 0.700227
vt 0.537494 0.701883
vt 0.537308 0.70194
vt 0.53764 0.698458
vt 0.537902 0.700062
vt 0.537415 0.70016
vt 0.537902 0.700062
vt 0.538321 0.701631
vt 0.537847 0.701775
vt 0.540013 0.704383
vt 0.539523 0.704645
vt 0.538847 0.703167
vt 0.539348 0.702959
vt 0.538847 0.703167
vt 0.538321 0.701631
vt 0.538193 0.698403
vt 0.538434 0.699956
vt 0.537902 0.700062
vt 0.538434 0.699956
vt 0.538829 0.701477
vt 0.538321 0.701631
vt 0.541237 0.703727
vt 0.541054 0.703825
vt 0.540438 0.702506
vt 0.540634 0.702425
vt 0.540438 0.702506
vt 0.539938 0.701139
vt 0.541054 0.703825
vt 0.540823 0.703949
vt 0.540198 0.702606
vt 0.540438 0.702506
vt 0.540198 0.702606
vt 0.539938 0.701139
vt 0.539369 0.698286
vt 0.539591 0.699725
vt 0.539336 0.699776
vt 0.539575 0.698266
vt 0.539799 0.699683
vt 0.539591 0.699725
vt 0.539799 0.699683
vt 0.540161 0.701071
vt 0.539938 0.701139
vt 0.541923 0.70336
vt 0.541529 0.703571
vt 0.540945 0.702296
vt 0.541261 0.702165
vt 0.540945 0.702296
vt 0.540489 0.700971
vt 0.541518 0.701597
vt 0.541261 0.702165
vt 0.540906 0.700844
vt 0.541529 0.703571
vt 0.541237 0.703727
vt 0.540634 0.702425
vt 0.540945 0.702296
vt 0.540634 0.702425
vt 0.540161 0.701071
vt 0.539904 0.698233
vt 0.54013 0.699617
vt 0.539799 0.699683
vt 0.54013 0.699617
vt 0.540489 0.700971
vt 0.540161 0.701071
vt 0.540363 0.698187
vt 0.540586 0.699526
vt 0.54013 0.699617
vt 0.540586 0.699526
vt 0.540906 0.700844
vt 0.540489 0.700971
vt 0.543022 0.703212
vt 0.542638 0.703633
vt 0.541518 0.701597
vt 0.542638 0.703633
vt 0.541923 0.70336
vt 0.541518 0.701597
vt 0.540363 0.698187
vt 0.540904 0.697526
vt 0.541126 0.699396
vt 0.540586 0.699526
vt 0.541126 0.699396
vt 0.541518 0.701597
vt 0.541126 0.699396
vt 0.541552 0.698148
vt 0.541882 0.700949
vt 0.575796 0.678908
vt 0.575911 0.678899
vt 0.575944 0.680451
vt 0.575825 0.680453
vt 0.575944 0.680451
vt 0.575973 0.682045
vt 0.575911 0.685429
vt 0.575883 0.683709
vt 0.576002 0.683713
vt 0.575883 0.683709
vt 0.575855 0.682004
vt 0.575973 0.682045
vt 0.515538 0.716338
vt 0.515545 0.716266
vt 0.513738 0.715991
vt 0.513741 0.715977
vt 0.513738 0.715991
vt 0.511965 0.715547
vt 0.515545 0.716266
vt 0.515532 0.716402
vt 0.513716 0.7161
vt 0.513738 0.715991
vt 0.513716 0.7161
vt 0.511965 0.715547
vt 0.50859 0.714149
vt 0.510244 0.714928
vt 0.510202 0.71503
vt 0.508556 0.714213
vt 0.51025 0.714914
vt 0.510244 0.714928
vt 0.51025 0.714914
vt 0.511943 0.715616
vt 0.511965 0.715547
vt 0.574067 0.717846
vt 0.574348 0.717815
vt 0.57437 0.719252
vt 0.574087 0.719314
vt 0.57437 0.719252
vt 0.574391 0.720785
vt 0.574163 0.724113
vt 0.574134 0.722445
vt 0.574417 0.722399
vt 0.574134 0.722445
vt 0.574102 0.720844
vt 0.574391 0.720785
vt 0.542988 0.710426
vt 0.542881 0.710557
vt 0.541592 0.709384
vt 0.542881 0.710557
vt 0.542724 0.710748
vt 0.541476 0.709501
vt 0.541592 0.709384
vt 0.541476 0.709501
vt 0.540228 0.708253
vt 0.541709 0.709267
vt 0.541592 0.709384
vt 0.540418 0.708097
vt 0.573782 0.717939
vt 0.573891 0.717885
vt 0.57392 0.719366
vt 0.573891 0.717885
vt 0.574067 0.717846
vt 0.574087 0.719314
vt 0.57392 0.719366
vt 0.574087 0.719314
vt 0.574102 0.720844
vt 0.573809 0.719407
vt 0.57392 0.719366
vt 0.573945 0.720886
vt 0.573983 0.724143
vt 0.573966 0.722483
vt 0.574134 0.722445
vt 0.573875 0.724136
vt 0.573856 0.722506
vt 0.573966 0.722483
vt 0.573856 0.722506
vt 0.573837 0.720876
vt 0.573945 0.720886
vt 0.573966 0.722483
vt 0.573945 0.720886
vt 0.574102 0.720844
vt 0.53848 0.705205
vt 0.539382 0.706696
vt 0.539245 0.706787
vt 0.538629 0.705124
vt 0.539519 0.706604
vt 0.539382 0.706696
vt 0.539519 0.706604
vt 0.540549 0.707989
vt 0.540418 0.708097
vt 0.539382 0.706696
vt 0.540418 0.708097
vt 0.540228 0.708253
vt 0.543631 0.709641
vt 0.543315 0.710027
vt 0.542085 0.70889
vt 0.542447 0.708528
vt 0.542085 0.70889
vt 0.540982 0.707632
vt 0.543315 0.710027
vt 0.543112 0.710275
vt 0.541847 0.709129
vt 0.543112 0.710275
vt 0.542988 0.710426
vt 0.541709 0.709267
vt 0.541847 0.709129
vt 0.541709 0.709267
vt 0.540549 0.707989
vt 0.542085 0.70889
vt 0.541847 0.709129
vt 0.540699 0.707865
vt 0.538801 0.705032
vt 0.539681 0.706495
vt 0.539519 0.706604
vt 0.539084 0.704881
vt 0.539967 0.706304
vt 0.539681 0.706495
vt 0.539967 0.706304
vt 0.540982 0.707632
vt 0.540699 0.707865
vt 0.539681 0.706495
vt 0.540699 0.707865
vt 0.540549 0.707989
vt 0.539523 0.704645
vt 0.54038 0.706027
vt 0.539967 0.706304
vt 0.54038 0.706027
vt 0.541367 0.707317
vt 0.540982 0.707632
vt 0.543983 0.709211
vt 0.543631 0.709641
vt 0.542447 0.708528
vt 0.542824 0.70815
vt 0.542447 0.708528
vt 0.541367 0.707317
vt 0.540013 0.704383
vt 0.54083 0.705726
vt 0.54038 0.706027
vt 0.54083 0.705726
vt 0.541777 0.706979
vt 0.541367 0.707317
vt 0.544863 0.708137
vt 0.544732 0.708297
vt 0.543658 0.707315
vt 0.543808 0.707165
vt 0.543658 0.707315
vt 0.542672 0.706243
vt 0.544732 0.708297
vt 0.544565 0.708501
vt 0.543474 0.707499
vt 0.543658 0.707315
vt 0.543474 0.707499
vt 0.542672 0.706243
vt 0.541054 0.703825
vt 0.541811 0.705069
vt 0.541595 0.705214
vt 0.541237 0.703727
vt 0.541987 0.704951
vt 0.541811 0.705069
vt 0.541987 0.704951
vt 0.542853 0.706095
vt 0.542672 0.706243
vt 0.545358 0.707533
vt 0.545073 0.707881
vt 0.544045 0.706926
vt 0.544369 0.706602
vt 0.544045 0.706926
vt 0.543117 0.705877
vt 0.545073 0.707881
vt 0.544863 0.708137
vt 0.543808 0.707165
vt 0.544045 0.706926
vt 0.543808 0.707165
vt 0.542853 0.706095
vt 0.541529 0.703571
vt 0.542267 0.704764
vt 0.541987 0.704951
vt 0.542267 0.704764
vt 0.543117 0.705877
vt 0.542853 0.706095
vt 0.541923 0.70336
vt 0.542654 0.704505
vt 0.542267 0.704764
vt 0.542654 0.704505
vt 0.543457 0.705597
vt 0.543117 0.705877
vt 0.54573 0.707079
vt 0.545358 0.707533
vt 0.544369 0.706602
vt 0.5442 0.705754
vt 0.544369 0.706602
vt 0.543457 0.705597
vt 0.542638 0.703633
vt 0.543022 0.703212
vt 0.544748 0.70549
vt 0.542654 0.704505
vt 0.542638 0.703633
vt 0.5442 0.705754
vt 0.579095 0.696391
vt 0.579228 0.696369
vt 0.579431 0.698106
vt 0.579315 0.698111
vt 0.579431 0.698106
vt 0.579559 0.699811
vt 0.579991 0.701368
vt 0.579559 0.699811
vt 0.579865 0.699774
vt 0.580219 0.702912
vt 0.579881 0.701367
vt 0.579991 0.701368
vt 0.522802 0.71563
vt 0.522781 0.71556
vt 0.521006 0.715998
vt 0.521003 0.715984
vt 0.521006 0.715998
vt 0.519197 0.716266
vt 0.522781 0.71556
vt 0.52282 0.715691
vt 0.521028 0.716107
vt 0.521006 0.715998
vt 0.521028 0.716107
vt 0.519197 0.716266
vt 0.515545 0.716266
vt 0.517371 0.716353
vt 0.517371 0.716463
vt 0.515538 0.716338
vt 0.517371 0.716338
vt 0.517371 0.716353
vt 0.517371 0.716338
vt 0.519204 0.716338
vt 0.519197 0.716266
vt 0.577195 0.746884
vt 0.576945 0.746869
vt 0.576766 0.745181
vt 0.577004 0.745223
vt 0.576766 0.745181
vt 0.576562 0.743517
vt 0.574067 0.717846
vt 0.574019 0.716558
vt 0.574306 0.716483
vt 0.574019 0.716558
vt 0.573972 0.715299
vt 0.574261 0.715205
vt 0.549045 0.713655
vt 0.548999 0.713807
vt 0.547359 0.713221
vt 0.548999 0.713807
vt 0.548963 0.713926
vt 0.547311 0.713337
vt 0.547359 0.713221
vt 0.547311 0.713337
vt 0.545725 0.712588
vt 0.547419 0.713075
vt 0.547359 0.713221
vt 0.545784 0.712477
vt 0.548963 0.713926
vt 0.548931 0.714031
vt 0.547271 0.713433
vt 0.548931 0.714031
vt 0.548874 0.714218
vt 0.547229 0.713536
vt 0.547271 0.713433
vt 0.547229 0.713536
vt 0.545583 0.712854
vt 0.547311 0.713337
vt 0.547271 0.713433
vt 0.545673 0.712684
vt 0.54267 0.710814
vt 0.544153 0.711785
vt 0.5441 0.711867
vt 0.542724 0.710748
vt 0.544211 0.711698
vt 0.544153 0.711785
vt 0.544211 0.711698
vt 0.545725 0.712588
vt 0.545673 0.712684
vt 0.544153 0.711785
vt 0.545673 0.712684
vt 0.545583 0.712854
vt 0.542881 0.710557
vt 0.544287 0.711586
vt 0.544211 0.711698
vt 0.542988 0.710426
vt 0.544376 0.711452
vt 0.544287 0.711586
vt 0.544376 0.711452
vt 0.545858 0.712338
vt 0.545784 0.712477
vt 0.544287 0.711586
vt 0.545784 0.712477
vt 0.545725 0.712588
vt 0.549338 0.712684
vt 0.549194 0.713162
vt 0.547625 0.712576
vt 0.547815 0.712117
vt 0.547625 0.712576
vt 0.546123 0.71184
vt 0.549194 0.713162
vt 0.549101 0.713469
vt 0.547494 0.712895
vt 0.549101 0.713469
vt 0.549045 0.713655
vt 0.547419 0.713075
vt 0.547494 0.712895
vt 0.547419 0.713075
vt 0.545858 0.712338
vt 0.547625 0.712576
vt 0.547494 0.712895
vt 0.54595 0.712166
vt 0.543112 0.710275
vt 0.544485 0.71129
vt 0.544376 0.711452
vt 0.543315 0.710027
vt 0.544676 0.711003
vt 0.544485 0.71129
vt 0.544676 0.711003
vt 0.546123 0.71184
vt 0.54595 0.712166
vt 0.544485 0.71129
vt 0.54595 0.712166
vt 0.545858 0.712338
vt 0.543631 0.709641
vt 0.544951 0.71059
vt 0.544676 0.711003
vt 0.544951 0.71059
vt 0.546356 0.711404
vt 0.546123 0.71184
vt 0.549499 0.712152
vt 0.549338 0.712684
vt 0.547815 0.712117
vt 0.548022 0.711616
vt 0.547815 0.712117
vt 0.546356 0.711404
vt 0.543983 0.709211
vt 0.545252 0.710139
vt 0.544951 0.71059
vt 0.545252 0.710139
vt 0.546606 0.710935
vt 0.546356 0.711404
vt 0.549901 0.710824
vt 0.549841 0.711022
vt 0.548472 0.710525
vt 0.548553 0.710329
vt 0.548472 0.710525
vt 0.547152 0.709912
vt 0.549841 0.711022
vt 0.549765 0.711273
vt 0.548373 0.710766
vt 0.548472 0.710525
vt 0.548373 0.710766
vt 0.547152 0.709912
vt 0.544732 0.708297
vt 0.545907 0.709157
vt 0.545762 0.709374
vt 0.544863 0.708137
vt 0.546024 0.70898
vt 0.545907 0.709157
vt 0.546024 0.70898
vt 0.547262 0.709706
vt 0.547152 0.709912
vt 0.550126 0.710078
vt 0.549996 0.710507
vt 0.548682 0.710018
vt 0.54886 0.709588
vt 0.548682 0.710018
vt 0.547423 0.709404
vt 0.549996 0.710507
vt 0.549901 0.710824
vt 0.548553 0.710329
vt 0.548682 0.710018
vt 0.548553 0.710329
vt 0.547262 0.709706
vt 0.545073 0.707881
vt 0.546211 0.7087
vt 0.546024 0.70898
vt 0.546211 0.7087
vt 0.547423 0.709404
vt 0.547262 0.709706
vt 0.545358 0.707533
vt 0.546465 0.70832
vt 0.546211 0.7087
vt 0.546465 0.70832
vt 0.54763 0.709015
vt 0.547423 0.709404
vt 0.550031 0.708976
vt 0.547413 0.708218
vt 0.548333 0.707535
vt 0.550126 0.710078
vt 0.54886 0.709588
vt 0.549714 0.70943
vt 0.54886 0.709588
vt 0.54763 0.709015
vt 0.547413 0.708218
vt 0.54573 0.707079
vt 0.547413 0.708218
vt 0.546465 0.70832
vt 0.544748 0.70549
vt 0.548333 0.707535
vt 0.547413 0.708218
vt 0.57886 0.689057
vt 0.578994 0.689065
vt 0.578966 0.690908
vt 0.578847 0.690908
vt 0.578966 0.690908
vt 0.578989 0.692752
vt 0.579095 0.696391
vt 0.578965 0.694581
vt 0.579084 0.694578
vt 0.578965 0.694581
vt 0.57885 0.692761
vt 0.578989 0.692752
vt 0.529242 0.712195
vt 0.529196 0.712139
vt 0.527724 0.713223
vt 0.527715 0.713211
vt 0.527724 0.713223
vt 0.526155 0.714163
vt 0.529196 0.712139
vt 0.529283 0.712245
vt 0.527785 0.713315
vt 0.527724 0.713223
vt 0.527785 0.713315
vt 0.526155 0.714163
vt 0.522781 0.71556
vt 0.524501 0.714942
vt 0.524544 0.715044
vt 0.522802 0.71563
vt 0.524496 0.714928
vt 0.524501 0.714942
vt 0.524496 0.714928
vt 0.526189 0.714226
vt 0.526155 0.714163
vt 0.577395 0.753933
vt 0.577146 0.753937
vt 0.577188 0.752153
vt 0.577426 0.752154
vt 0.577188 0.752153
vt 0.57717 0.75037
vt 0.577195 0.746884
vt 0.577326 0.748622
vt 0.577087 0.748602
vt 0.577326 0.748622
vt 0.577433 0.750374
vt 0.57717 0.75037
vt 0.555876 0.714322
vt 0.555891 0.714479
vt 0.554152 0.714565
vt 0.555891 0.714479
vt 0.555904 0.714603
vt 0.554152 0.71469
vt 0.554152 0.714565
vt 0.554152 0.71469
vt 0.5524 0.714606
vt 0.554152 0.714407
vt 0.554152 0.714565
vt 0.552412 0.714481
vt 0.555904 0.714603
vt 0.555915 0.714712
vt 0.554152 0.714795
vt 0.555915 0.714712
vt 0.555934 0.714906
vt 0.554152 0.714906
vt 0.554152 0.714795
vt 0.554152 0.714906
vt 0.552371 0.714906
vt 0.554152 0.71469
vt 0.554152 0.714795
vt 0.552389 0.714715
vt 0.548931 0.714031
vt 0.550644 0.714453
vt 0.550623 0.714562
vt 0.548963 0.713926
vt 0.550664 0.71435
vt 0.550644 0.714453
vt 0.550664 0.71435
vt 0.5524 0.714606
vt 0.552389 0.714715
vt 0.550644 0.714453
vt 0.552389 0.714715
vt 0.552371 0.714906
vt 0.548999 0.713807
vt 0.550689 0.714228
vt 0.550664 0.71435
vt 0.549045 0.713655
vt 0.55072 0.714073
vt 0.550689 0.714228
vt 0.55072 0.714073
vt 0.552427 0.714324
vt 0.552412 0.714481
vt 0.550689 0.714228
vt 0.552412 0.714481
vt 0.5524 0.714606
vt 0.555775 0.713312
vt 0.555825 0.713809
vt 0.554151 0.713875
vt 0.554151 0.713362
vt 0.554151 0.713875
vt 0.552482 0.713767
vt 0.555825 0.713809
vt 0.555856 0.714127
vt 0.554151 0.714212
vt 0.555856 0.714127
vt 0.555876 0.714322
vt 0.554152 0.714407
vt 0.554151 0.714212
vt 0.554152 0.714407
vt 0.552427 0.714324
vt 0.554151 0.713875
vt 0.554151 0.714212
vt 0.552446 0.71413
vt 0.549101 0.713469
vt 0.550757 0.713881
vt 0.55072 0.714073
vt 0.549194 0.713162
vt 0.550823 0.71355
vt 0.550757 0.713881
vt 0.550823 0.71355
vt 0.552482 0.713767
vt 0.552446 0.71413
vt 0.550757 0.713881
vt 0.552446 0.71413
vt 0.552427 0.714324
vt 0.549338 0.712684
vt 0.550922 0.713047
vt 0.550823 0.71355
vt 0.550922 0.713047
vt 0.55253 0.71327
vt 0.552482 0.713767
vt 0.55572 0.712759
vt 0.555775 0.713312
vt 0.554151 0.713362
vt 0.55415 0.712829
vt 0.554151 0.713362
vt 0.55253 0.71327
vt 0.549499 0.712152
vt 0.551026 0.712524
vt 0.550922 0.713047
vt 0.551026 0.712524
vt 0.552582 0.712741
vt 0.55253 0.71327
vt 0.555583 0.711378
vt 0.555603 0.711584
vt 0.554149 0.711649
vt 0.554149 0.711436
vt 0.554149 0.711649
vt 0.552694 0.711587
vt 0.555603 0.711584
vt 0.555629 0.711845
vt 0.554149 0.711909
vt 0.554149 0.711649
vt 0.554149 0.711909
vt 0.552694 0.711587
vt 0.549841 0.711022
vt 0.551255 0.711366
vt 0.551205 0.711622
vt 0.549901 0.710824
vt 0.551296 0.711158
vt 0.551255 0.711366
vt 0.551296 0.711158
vt 0.552717 0.711355
vt 0.552694 0.711587
vt 0.555504 0.710589
vt 0.55555 0.711048
vt 0.554148 0.7111
vt 0.554148 0.710638
vt 0.554148 0.7111
vt 0.55275 0.711015
vt 0.55555 0.711048
vt 0.555583 0.711378
vt 0.554149 0.711436
vt 0.554148 0.7111
vt 0.554149 0.711436
vt 0.552717 0.711355
vt 0.549996 0.710507
vt 0.551362 0.710828
vt 0.551296 0.711158
vt 0.551362 0.710828
vt 0.55275 0.711015
vt 0.552717 0.711355
vt 0.550126 0.710078
vt 0.551428 0.710492
vt 0.551362 0.710828
vt 0.550126 0.710078
vt 0.551973 0.71012
vt 0.551428 0.710492
vt 0.551428 0.710492
vt 0.552792 0.710581
vt 0.55275 0.711015
vt 0.556172 0.708941
vt 0.552515 0.709633
vt 0.55387 0.708469
vt 0.555504 0.710589
vt 0.554148 0.710638
vt 0.554844 0.710048
vt 0.554148 0.710638
vt 0.552792 0.710581
vt 0.551973 0.71012
vt 0.554844 0.710048
vt 0.551973 0.71012
vt 0.552515 0.709633
vt 0.550031 0.708976
vt 0.552515 0.709633
vt 0.551973 0.71012
vt 0.552805 0.684235
vt 0.555159 0.684458
vt 0.552384 0.685289
vt 0.545844 0.68788
vt 0.552384 0.685289
vt 0.543783 0.691637
vt 0.552384 0.685289
vt 0.56558 0.694909
vt 0.542785 0.698547
vt 0.541774 0.695793
vt 0.543783 0.691637
vt 0.542785 0.698547
vt 0.541552 0.698148
vt 0.541774 0.695793
vt 0.542785 0.698547
vt 0.555159 0.684458
vt 0.559312 0.686461
vt 0.552384 0.685289
vt 0.563072 0.688526
vt 0.56558 0.694909
vt 0.559312 0.686461
vt 0.566717 0.695488
vt 0.566495 0.697842
vt 0.56558 0.694909
vt 0.566495 0.697842
vt 0.564849 0.702603
vt 0.56558 0.694909
vt 0.556172 0.708941
vt 0.55387 0.708469
vt 0.562237 0.704896
vt 0.572167 0.688055
vt 0.57222 0.688078
vt 0.572234 0.689763
vt 0.572151 0.686389
vt 0.572201 0.686457
vt 0.57222 0.688078
vt 0.572201 0.686457
vt 0.572309 0.686488
vt 0.572323 0.688101
vt 0.57222 0.688078
vt 0.572323 0.688101
vt 0.572334 0.689781
vt 0.572151 0.686389
vt 0.572126 0.684889
vt 0.572178 0.684915
vt 0.572126 0.684889
vt 0.572101 0.683389
vt 0.57215 0.683412
vt 0.572178 0.684915
vt 0.57215 0.683412
vt 0.57223 0.683456
vt 0.572201 0.686457
vt 0.572178 0.684915
vt 0.57228 0.684949
vt 0.573632 0.688303
vt 0.573804 0.688334
vt 0.573817 0.689957
vt 0.573615 0.686735
vt 0.573786 0.686771
vt 0.573804 0.688334
vt 0.573786 0.686771
vt 0.573922 0.686758
vt 0.573937 0.688354
vt 0.573804 0.688334
vt 0.573937 0.688354
vt 0.573952 0.689949
vt 0.573615 0.686735
vt 0.573592 0.685248
vt 0.573764 0.685293
vt 0.573592 0.685248
vt 0.573566 0.683855
vt 0.573738 0.683903
vt 0.573764 0.685293
vt 0.573738 0.683903
vt 0.573873 0.683884
vt 0.573786 0.686771
vt 0.573764 0.685293
vt 0.573897 0.685321
vt 0.540642 0.721704
vt 0.539653 0.723041
vt 0.539379 0.722858
vt 0.539653 0.723041
vt 0.5388 0.724468
vt 0.538505 0.724311
vt 0.539379 0.722858
vt 0.538505 0.724311
vt 0.538205 0.724151
vt 0.540383 0.721492
vt 0.539379 0.722858
vt 0.539162 0.722713
vt 0.53809 0.725972
vt 0.537786 0.725846
vt 0.538505 0.724311
vt 0.537531 0.727538
vt 0.537211 0.727441
vt 0.537786 0.725846
vt 0.537211 0.727441
vt 0.536883 0.727342
vt 0.537544 0.725747
vt 0.537786 0.725846
vt 0.537544 0.725747
vt 0.538205 0.724151
vt 0.53809 0.725972
vt 0.538661 0.726208
vt 0.538323 0.727777
vt 0.5388 0.724468
vt 0.539481 0.724831
vt 0.538661 0.726208
vt 0.5388 0.724468
vt 0.539653 0.723041
vt 0.540167 0.723383
vt 0.539653 0.723041
vt 0.540642 0.721704
vt 0.541093 0.722074
vt 0.541875 0.724522
vt 0.541218 0.725758
vt 0.539481 0.724831
vt 0.542031 0.722842
vt 0.541875 0.724522
vt 0.540167 0.723383
vt 0.540558 0.726992
vt 0.538661 0.726208
vt 0.539481 0.724831
vt 0.541875 0.724522
vt 0.542031 0.722842
vt 0.542776 0.723452
vt 0.54234 0.724833
vt 0.541652 0.725989
vt 0.541218 0.725758
vt 0.543112 0.723727
vt 0.54234 0.724833
vt 0.541875 0.724522
vt 0.5406 0.728466
vt 0.540172 0.728336
vt 0.540558 0.726992
vt 0.541069 0.727203
vt 0.540558 0.726992
vt 0.541218 0.725758
vt 0.5406 0.728466
vt 0.541069 0.727203
vt 0.541534 0.727418
vt 0.541069 0.727203
vt 0.541652 0.725989
vt 0.542387 0.725796
vt 0.541652 0.725989
vt 0.54234 0.724833
vt 0.542387 0.725796
vt 0.54234 0.724833
vt 0.543112 0.723727
vt 0.543831 0.723577
vt 0.542387 0.725796
vt 0.543831 0.723577
vt 0.544115 0.724013
vt 0.544115 0.724013
vt 0.542882 0.726429
vt 0.542387 0.725796
vt 0.542882 0.726429
vt 0.541742 0.728959
vt 0.541534 0.727418
vt 0.513816 0.71741
vt 0.513823 0.717447
vt 0.512057 0.717783
vt 0.515595 0.71716
vt 0.515598 0.717193
vt 0.513823 0.717447
vt 0.515598 0.717193
vt 0.515592 0.717124
vt 0.51383 0.717471
vt 0.513823 0.717447
vt 0.51383 0.717471
vt 0.512067 0.717818
vt 0.515595 0.71716
vt 0.517388 0.717073
vt 0.517388 0.717111
vt 0.517388 0.717073
vt 0.51918 0.717162
vt 0.519176 0.717195
vt 0.517388 0.717111
vt 0.519176 0.717195
vt 0.519183 0.717124
vt 0.515598 0.717193
vt 0.517388 0.717111
vt 0.517387 0.717124
vt 0.573541 0.682562
vt 0.573709 0.682619
vt 0.573738 0.683903
vt 0.573557 0.68133
vt 0.573683 0.681387
vt 0.573709 0.682619
vt 0.573683 0.681387
vt 0.57381 0.681444
vt 0.573841 0.682664
vt 0.573709 0.682619
vt 0.573841 0.682664
vt 0.573873 0.683884
vt 0.542468 0.71872
vt 0.543914 0.71775
vt 0.543957 0.717814
vt 0.543914 0.71775
vt 0.54536 0.716779
vt 0.545395 0.716844
vt 0.543957 0.717814
vt 0.545395 0.716844
vt 0.545429 0.716908
vt 0.542515 0.718776
vt 0.543957 0.717814
vt 0.544021 0.717909
vt 0.545749 0.717505
vt 0.544324 0.718361
vt 0.544143 0.718091
vt 0.544324 0.718361
vt 0.542989 0.719354
vt 0.542778 0.719097
vt 0.544143 0.718091
vt 0.542778 0.719097
vt 0.542561 0.718833
vt 0.545592 0.717211
vt 0.544143 0.718091
vt 0.544021 0.717909
vt 0.541758 0.720471
vt 0.541525 0.720239
vt 0.542778 0.719097
vt 0.540642 0.721704
vt 0.540383 0.721492
vt 0.541525 0.720239
vt 0.540383 0.721492
vt 0.540118 0.721275
vt 0.54134 0.720054
vt 0.541525 0.720239
vt 0.54134 0.720054
vt 0.542561 0.718833
vt 0.541758 0.720471
vt 0.542195 0.720907
vt 0.541093 0.722074
vt 0.542989 0.719354
vt 0.543479 0.71995
vt 0.542195 0.720907
vt 0.542989 0.719354
vt 0.544324 0.718361
vt 0.544667 0.718874
vt 0.544324 0.718361
vt 0.545749 0.717505
vt 0.546024 0.718019
vt 0.545809 0.72058
vt 0.544729 0.72147
vt 0.543479 0.71995
vt 0.546597 0.719088
vt 0.545809 0.72058
vt 0.544667 0.718874
vt 0.542031 0.722842
vt 0.541093 0.722074
vt 0.542195 0.720907
vt 0.543648 0.722358
vt 0.542195 0.720907
vt 0.543479 0.71995
vt 0.545809 0.72058
vt 0.546597 0.719088
vt 0.547052 0.719937
vt 0.54612 0.721044
vt 0.545045 0.721853
vt 0.544729 0.72147
vt 0.547261 0.720327
vt 0.54612 0.721044
vt 0.545809 0.72058
vt 0.543112 0.723727
vt 0.542776 0.723452
vt 0.543648 0.722358
vt 0.54404 0.722749
vt 0.543648 0.722358
vt 0.544729 0.72147
vt 0.543112 0.723727
vt 0.54404 0.722749
vt 0.543831 0.723577
vt 0.54404 0.722749
vt 0.545045 0.721853
vt 0.545764 0.721806
vt 0.543831 0.723577
vt 0.545764 0.721806
vt 0.546107 0.722142
vt 0.545045 0.721853
vt 0.54612 0.721044
vt 0.545764 0.721806
vt 0.54612 0.721044
vt 0.547261 0.720327
vt 0.547508 0.720788
vt 0.546905 0.723287
vt 0.542882 0.726429
vt 0.544115 0.724013
vt 0.520958 0.717417
vt 0.52095 0.717454
vt 0.519176 0.717195
vt 0.522726 0.717762
vt 0.522716 0.717797
vt 0.52095 0.717454
vt 0.522716 0.717797
vt 0.522705 0.717832
vt 0.520944 0.717478
vt 0.52095 0.717454
vt 0.520944 0.717478
vt 0.519183 0.717124
vt 0.578834 0.681394
vt 0.57881 0.682892
vt 0.578757 0.682919
vt 0.57881 0.682892
vt 0.578785 0.68439
vt 0.578735 0.684459
vt 0.578757 0.682919
vt 0.578735 0.684459
vt 0.578634 0.684489
vt 0.578784 0.681417
vt 0.578757 0.682919
vt 0.578655 0.682952
vt 0.577393 0.680565
vt 0.577224 0.680623
vt 0.57725 0.679389
vt 0.577368 0.68186
vt 0.577196 0.681908
vt 0.577224 0.680623
vt 0.577196 0.681908
vt 0.577061 0.681891
vt 0.577092 0.680669
vt 0.577224 0.680623
vt 0.577092 0.680669
vt 0.577123 0.679446
vt 0.577368 0.68186
vt 0.577343 0.683252
vt 0.577171 0.683297
vt 0.577343 0.683252
vt 0.577322 0.684739
vt 0.57715 0.684775
vt 0.577171 0.683297
vt 0.57715 0.684775
vt 0.577015 0.684761
vt 0.577196 0.681908
vt 0.577171 0.683297
vt 0.577038 0.683326
vt 0.552074 0.715579
vt 0.55043 0.715825
vt 0.550365 0.715503
vt 0.55043 0.715825
vt 0.548817 0.716231
vt 0.54872 0.715912
vt 0.550365 0.715503
vt 0.54872 0.715912
vt 0.54862 0.715586
vt 0.552041 0.715247
vt 0.550365 0.715503
vt 0.550314 0.715246
vt 0.547251 0.716793
vt 0.547125 0.716489
vt 0.54872 0.715912
vt 0.545749 0.717505
vt 0.545592 0.717211
vt 0.547125 0.716489
vt 0.545592 0.717211
vt 0.545429 0.716908
vt 0.547025 0.716247
vt 0.547125 0.716489
vt 0.547025 0.716247
vt 0.54862 0.715586
vt 0.547251 0.716793
vt 0.547488 0.717363
vt 0.546024 0.718019
vt 0.548817 0.716231
vt 0.549042 0.71697
vt 0.547488 0.717363
vt 0.548817 0.716231
vt 0.55043 0.715825
vt 0.550551 0.716431
vt 0.55043 0.715825
vt 0.552074 0.715579
vt 0.552132 0.71616
vt 0.550953 0.718444
vt 0.549615 0.718853
vt 0.549042 0.71697
vt 0.552252 0.717367
vt 0.550953 0.718444
vt 0.550551 0.716431
vt 0.546597 0.719088
vt 0.546024 0.718019
vt 0.547488 0.717363
vt 0.548276 0.719259
vt 0.547488 0.717363
vt 0.549042 0.71697
vt 0.550953 0.718444
vt 0.552252 0.717367
vt 0.552347 0.718325
vt 0.551062 0.718987
vt 0.549759 0.719327
vt 0.549615 0.718853
vt 0.55239 0.718757
vt 0.551062 0.718987
vt 0.550953 0.718444
vt 0.547261 0.720327
vt 0.547052 0.719937
vt 0.548276 0.719259
vt 0.54849 0.719774
vt 0.548276 0.719259
vt 0.549615 0.718853
vt 0.54849 0.719774
vt 0.549355 0.719973
vt 0.547508 0.720788
vt 0.551062 0.718987
vt 0.551907 0.719389
vt 0.549355 0.719973
vt 0.551311 0.720497
vt 0.549355 0.719973
vt 0.551907 0.719389
vt 0.546905 0.723287
vt 0.546107 0.722142
vt 0.551311 0.720497
vt 0.578771 0.686057
vt 0.578718 0.686081
vt 0.578735 0.684459
vt 0.578756 0.687723
vt 0.578706 0.687765
vt 0.578718 0.686081
vt 0.578706 0.687765
vt 0.578598 0.687784
vt 0.578615 0.686103
vt 0.578718 0.686081
vt 0.578615 0.686103
vt 0.578634 0.684489
vt 0.578756 0.687723
vt 0.578751 0.689491
vt 0.578698 0.689503
vt 0.578751 0.689491
vt 0.578746 0.691259
vt 0.578696 0.691274
vt 0.578698 0.689503
vt 0.578696 0.691274
vt 0.578595 0.69128
vt 0.578706 0.687765
vt 0.578698 0.689503
vt 0.578595 0.689515
vt 0.577306 0.686306
vt 0.577134 0.686337
vt 0.57715 0.684775
vt 0.577294 0.687939
vt 0.577122 0.687961
vt 0.577134 0.686337
vt 0.577122 0.687961
vt 0.576987 0.687953
vt 0.577001 0.686357
vt 0.577134 0.686337
vt 0.577001 0.686357
vt 0.577015 0.684761
vt 0.577294 0.687939
vt 0.577286 0.68962
vt 0.577115 0.689637
vt 0.577286 0.68962
vt 0.577284 0.691335
vt 0.577112 0.691343
vt 0.577115 0.689637
vt 0.577112 0.691343
vt 0.576977 0.69134
vt 0.577122 0.687961
vt 0.577115 0.689637
vt 0.576982 0.689647
vt 0.558655 0.716221
vt 0.557041 0.715819
vt 0.557105 0.715496
vt 0.557041 0.715819
vt 0.555396 0.715577
vt 0.555428 0.715245
vt 0.557105 0.715496
vt 0.555428 0.715245
vt 0.555461 0.714906
vt 0.558751 0.715901
vt 0.557105 0.715496
vt 0.557156 0.71524
vt 0.553735 0.715497
vt 0.553734 0.715168
vt 0.555428 0.715245
vt 0.552074 0.715579
vt 0.552041 0.715247
vt 0.553734 0.715168
vt 0.552041 0.715247
vt 0.552007 0.714906
vt 0.553734 0.714906
vt 0.553734 0.715168
vt 0.553734 0.714906
vt 0.555461 0.714906
vt 0.553735 0.715497
vt 0.553735 0.716114
vt 0.552132 0.71616
vt 0.555396 0.715577
vt 0.555321 0.716345
vt 0.553735 0.716114
vt 0.555396 0.715577
vt 0.557041 0.715819
vt 0.556921 0.716425
vt 0.557041 0.715819
vt 0.558655 0.716221
vt 0.558486 0.71678
vt 0.556522 0.718439
vt 0.55513 0.718304
vt 0.555321 0.716345
vt 0.558135 0.71794
vt 0.556522 0.718439
vt 0.556921 0.716425
vt 0.552252 0.717367
vt 0.552132 0.71616
vt 0.553735 0.716114
vt 0.553737 0.718167
vt 0.553735 0.716114
vt 0.555321 0.716345
vt 0.556522 0.718439
vt 0.558135 0.71794
vt 0.557856 0.718862
vt 0.556416 0.718978
vt 0.555082 0.718793
vt 0.55513 0.718304
vt 0.557727 0.71929
vt 0.556416 0.718978
vt 0.556522 0.718439
vt 0.55239 0.718757
vt 0.552347 0.718325
vt 0.553737 0.718167
vt 0.553738 0.718726
vt 0.553737 0.718167
vt 0.55513 0.718304
vt 0.553738 0.718726
vt 0.554457 0.719153
vt 0.551907 0.719389
vt 0.554457 0.719153
vt 0.55467 0.719632
vt 0.551907 0.719389
vt 0.556416 0.718978
vt 0.556968 0.719644
vt 0.554457 0.719153
vt 0.551311 0.720497
vt 0.551907 0.719389
vt 0.55467 0.719632
vt 0.578751 0.693063
vt 0.578698 0.693063
vt 0.578696 0.691274
vt 0.578756 0.694866
vt 0.578705 0.694852
vt 0.578698 0.693063
vt 0.578705 0.694852
vt 0.578598 0.694846
vt 0.578595 0.693063
vt 0.578698 0.693063
vt 0.578595 0.693063
vt 0.578595 0.69128
vt 0.578756 0.694866
vt 0.578771 0.696634
vt 0.578718 0.696623
vt 0.578771 0.696634
vt 0.578785 0.698403
vt 0.578735 0.698361
vt 0.578718 0.696623
vt 0.578735 0.698361
vt 0.578634 0.698343
vt 0.578705 0.694852
vt 0.578718 0.696623
vt 0.578615 0.696612
vt 0.577286 0.693067
vt 0.577115 0.693067
vt 0.577112 0.691343
vt 0.577294 0.694798
vt 0.577122 0.694792
vt 0.577115 0.693067
vt 0.577122 0.694792
vt 0.576987 0.694795
vt 0.576982 0.693068
vt 0.577115 0.693067
vt 0.576982 0.693068
vt 0.576977 0.69134
vt 0.577294 0.694798
vt 0.577306 0.696514
vt 0.577134 0.696498
vt 0.577306 0.696514
vt 0.577322 0.698195
vt 0.57715 0.698174
vt 0.577134 0.696498
vt 0.57715 0.698174
vt 0.577015 0.698183
vt 0.577122 0.694792
vt 0.577134 0.696498
vt 0.577001 0.696489
vt 0.564489 0.719332
vt 0.563152 0.718343
vt 0.563334 0.71807
vt 0.563152 0.718343
vt 0.561724 0.71749
vt 0.561881 0.717196
vt 0.563334 0.71807
vt 0.561881 0.717196
vt 0.562042 0.716895
vt 0.5647 0.719074
vt 0.563334 0.71807
vt 0.563479 0.717852
vt 0.56022 0.71678
vt 0.560346 0.716476
vt 0.561881 0.717196
vt 0.558655 0.716221
vt 0.558751 0.715901
vt 0.560346 0.716476
vt 0.558751 0.715901
vt 0.55885 0.715573
vt 0.560446 0.716234
vt 0.560346 0.716476
vt 0.560446 0.716234
vt 0.562042 0.716895
vt 0.56022 0.71678
vt 0.559985 0.717351
vt 0.558486 0.71678
vt 0.561724 0.71749
vt 0.561361 0.718171
vt 0.559985 0.717351
vt 0.561724 0.71749
vt 0.563152 0.718343
vt 0.562809 0.718857
vt 0.563152 0.718343
vt 0.564489 0.719332
vt 0.564119 0.719784
vt 0.56167 0.720565
vt 0.560435 0.719908
vt 0.561361 0.718171
vt 0.56335 0.720722
vt 0.56167 0.720565
vt 0.562809 0.718857
vt 0.558135 0.71794
vt 0.558486 0.71678
vt 0.559985 0.717351
vt 0.559201 0.719248
vt 0.559985 0.717351
vt 0.561361 0.718171
vt 0.56167 0.720565
vt 0.56335 0.720722
vt 0.56274 0.721467
vt 0.56136 0.72103
vt 0.560204 0.720342
vt 0.560435 0.719908
vt 0.562465 0.721802
vt 0.56136 0.72103
vt 0.56167 0.720565
vt 0.557727 0.71929
vt 0.557856 0.718862
vt 0.559201 0.719248
vt 0.55899 0.719759
vt 0.559201 0.719248
vt 0.560435 0.719908
vt 0.557727 0.71929
vt 0.55899 0.719759
vt 0.558775 0.720224
vt 0.55899 0.719759
vt 0.560204 0.720342
vt 0.560397 0.721077
vt 0.560204 0.720342
vt 0.56136 0.72103
vt 0.560397 0.721077
vt 0.56136 0.72103
vt 0.562465 0.721802
vt 0.562615 0.722521
vt 0.560397 0.721077
vt 0.562615 0.722521
vt 0.56218 0.722805
vt 0.56218 0.722805
vt 0.559764 0.721573
vt 0.560397 0.721077
vt 0.559764 0.721573
vt 0.557236 0.720432
vt 0.558775 0.720224
vt 0.57881 0.700068
vt 0.578757 0.700051
vt 0.578735 0.698361
vt 0.578834 0.701734
vt 0.578784 0.701717
vt 0.578757 0.700051
vt 0.578784 0.701717
vt 0.578696 0.70168
vt 0.578655 0.700028
vt 0.578757 0.700051
vt 0.578655 0.700028
vt 0.578634 0.698343
vt 0.577361 0.743332
vt 0.576986 0.742045
vt 0.577046 0.742015
vt 0.576986 0.742045
vt 0.576611 0.740759
vt 0.576697 0.740675
vt 0.577046 0.742015
vt 0.576697 0.740675
vt 0.576757 0.74071
vt 0.577418 0.743305
vt 0.577046 0.742015
vt 0.577101 0.741997
vt 0.577338 0.699832
vt 0.57717 0.699803
vt 0.57715 0.698174
vt 0.577313 0.701441
vt 0.577187 0.701407
vt 0.57717 0.699803
vt 0.577187 0.701407
vt 0.577061 0.701373
vt 0.577038 0.699778
vt 0.57717 0.699803
vt 0.577038 0.699778
vt 0.577015 0.698183
vt 0.578958 0.742896
vt 0.578596 0.741654
vt 0.578738 0.741601
vt 0.578596 0.741654
vt 0.578233 0.740411
vt 0.578399 0.74031
vt 0.578738 0.741601
vt 0.578399 0.74031
vt 0.578515 0.740328
vt 0.579096 0.742844
vt 0.578738 0.741601
vt 0.578874 0.74156
vt 0.568688 0.724439
vt 0.567831 0.723014
vt 0.568105 0.722831
vt 0.567831 0.723014
vt 0.566839 0.72168
vt 0.567097 0.721468
vt 0.568105 0.722831
vt 0.567097 0.721468
vt 0.56736 0.721251
vt 0.568982 0.724281
vt 0.568105 0.722831
vt 0.568322 0.722685
vt 0.565721 0.720448
vt 0.565954 0.720215
vt 0.567097 0.721468
vt 0.564489 0.719332
vt 0.5647 0.719074
vt 0.565954 0.720215
vt 0.5647 0.719074
vt 0.564917 0.718809
vt 0.566139 0.72003
vt 0.565954 0.720215
vt 0.566139 0.72003
vt 0.56736 0.721251
vt 0.565721 0.720448
vt 0.565285 0.720885
vt 0.564119 0.719784
vt 0.566839 0.72168
vt 0.566243 0.72217
vt 0.565285 0.720885
vt 0.566839 0.72168
vt 0.567831 0.723014
vt 0.567318 0.723358
vt 0.567831 0.723014
vt 0.568688 0.724439
vt 0.568174 0.724715
vt 0.565612 0.7245
vt 0.564722 0.72342
vt 0.566243 0.72217
vt 0.567105 0.725287
vt 0.565612 0.7245
vt 0.567318 0.723358
vt 0.56335 0.720722
vt 0.564119 0.719784
vt 0.565285 0.720885
vt 0.563835 0.722338
vt 0.565285 0.720885
vt 0.566243 0.72217
vt 0.565612 0.7245
vt 0.567105 0.725287
vt 0.566256 0.725742
vt 0.565149 0.72481
vt 0.564339 0.723735
vt 0.564722 0.72342
vt 0.565865 0.725952
vt 0.565149 0.72481
vt 0.565612 0.7245
vt 0.562465 0.721802
vt 0.56274 0.721467
vt 0.563835 0.722338
vt 0.563444 0.72273
vt 0.563835 0.722338
vt 0.564722 0.72342
vt 0.562465 0.721802
vt 0.563444 0.72273
vt 0.562615 0.722521
vt 0.563444 0.72273
vt 0.564339 0.723735
vt 0.564386 0.724454
vt 0.562615 0.722521
vt 0.564386 0.724454
vt 0.56405 0.724798
vt 0.564339 0.723735
vt 0.565149 0.72481
vt 0.564386 0.724454
vt 0.565149 0.72481
vt 0.565865 0.725952
vt 0.565405 0.726198
vt 0.562901 0.725526
vt 0.559764 0.721573
vt 0.56218 0.722805
vt 0.576333 0.739249
vt 0.576401 0.739219
vt 0.576697 0.740675
vt 0.576055 0.737739
vt 0.57615 0.737674
vt 0.576401 0.739219
vt 0.57615 0.737674
vt 0.576273 0.737648
vt 0.576512 0.739197
vt 0.576401 0.739219
vt 0.576512 0.739197
vt 0.576757 0.74071
vt 0.576055 0.737739
vt 0.575883 0.736068
vt 0.575954 0.736046
vt 0.575883 0.736068
vt 0.575711 0.734396
vt 0.57581 0.734357
vt 0.575954 0.736046
vt 0.57581 0.734357
vt 0.575926 0.734343
vt 0.57615 0.737674
vt 0.575954 0.736046
vt 0.576071 0.736028
vt 0.577921 0.738951
vt 0.578108 0.738907
vt 0.578399 0.74031
vt 0.577677 0.737448
vt 0.577864 0.737418
vt 0.578108 0.738907
vt 0.577864 0.737418
vt 0.577983 0.737435
vt 0.578249 0.738881
vt 0.578108 0.738907
vt 0.578249 0.738881
vt 0.578515 0.740328
vt 0.577677 0.737448
vt 0.577486 0.735874
vt 0.577675 0.735849
vt 0.577486 0.735874
vt 0.577347 0.734236
vt 0.577536 0.734221
vt 0.577675 0.735849
vt 0.577536 0.734221
vt 0.577653 0.734233
vt 0.577864 0.737418
vt 0.577675 0.735849
vt 0.577818 0.735834
vt 0.570613 0.730764
vt 0.570367 0.72912
vt 0.57069 0.729055
vt 0.570367 0.72912
vt 0.569961 0.727507
vt 0.57028 0.72741
vt 0.57069 0.729055
vt 0.57028 0.72741
vt 0.570606 0.727311
vt 0.570946 0.730731
vt 0.57069 0.729055
vt 0.570946 0.729004
vt 0.5694 0.725942
vt 0.569704 0.725816
vt 0.57028 0.72741
vt 0.568688 0.724439
vt 0.568982 0.724281
vt 0.569704 0.725816
vt 0.568982 0.724281
vt 0.569284 0.72412
vt 0.569945 0.725715
vt 0.569704 0.725816
vt 0.569945 0.725715
vt 0.570606 0.727311
vt 0.5694 0.725942
vt 0.568829 0.726179
vt 0.568174 0.724715
vt 0.569961 0.727507
vt 0.569223 0.727732
vt 0.568829 0.726179
vt 0.569961 0.727507
vt 0.570367 0.72912
vt 0.569762 0.729241
vt 0.570367 0.72912
vt 0.570613 0.730764
vt 0.56979 0.730846
vt 0.567748 0.729643
vt 0.56734 0.728305
vt 0.569223 0.727732
vt 0.56979 0.730846
vt 0.567748 0.729643
vt 0.569762 0.729241
vt 0.567105 0.725287
vt 0.568174 0.724715
vt 0.568829 0.726179
vt 0.566934 0.726966
vt 0.568829 0.726179
vt 0.569223 0.727732
vt 0.567748 0.729643
vt 0.56979 0.730846
vt 0.567868 0.731037
vt 0.567206 0.729752
vt 0.566865 0.72845
vt 0.56734 0.728305
vt 0.567436 0.73108
vt 0.567206 0.729752
vt 0.567748 0.729643
vt 0.565865 0.725952
vt 0.566256 0.725742
vt 0.566934 0.726966
vt 0.566419 0.72718
vt 0.566934 0.726966
vt 0.56734 0.728305
vt 0.566419 0.72718
vt 0.566219 0.728045
vt 0.565405 0.726198
vt 0.567206 0.729752
vt 0.566803 0.730597
vt 0.566219 0.728045
vt 0.565696 0.730001
vt 0.566219 0.728045
vt 0.566803 0.730597
vt 0.562901 0.725526
vt 0.56405 0.724798
vt 0.565696 0.730001
vt 0.575654 0.732624
vt 0.575726 0.732615
vt 0.57581 0.734357
vt 0.575597 0.730853
vt 0.575695 0.730842
vt 0.575726 0.732615
vt 0.575695 0.730842
vt 0.57582 0.73084
vt 0.575844 0.732607
vt 0.575726 0.732615
vt 0.575844 0.732607
vt 0.575926 0.734343
vt 0.575597 0.730853
vt 0.575654 0.729051
vt 0.575726 0.729053
vt 0.575654 0.729051
vt 0.575711 0.727249
vt 0.57581 0.727266
vt 0.575726 0.729053
vt 0.57581 0.727266
vt 0.575926 0.727276
vt 0.575695 0.730842
vt 0.575726 0.729053
vt 0.575844 0.729057
vt 0.577264 0.732551
vt 0.577455 0.732542
vt 0.577536 0.734221
vt 0.577236 0.730834
vt 0.577425 0.730833
vt 0.577455 0.732542
vt 0.577425 0.730833
vt 0.577543 0.730839
vt 0.577598 0.732536
vt 0.577455 0.732542
vt 0.577598 0.732536
vt 0.577653 0.734233
vt 0.577236 0.730834
vt 0.577264 0.729103
vt 0.577455 0.729109
vt 0.577264 0.729103
vt 0.577347 0.727373
vt 0.577536 0.727386
vt 0.577455 0.729109
vt 0.577536 0.727386
vt 0.577653 0.727387
vt 0.577425 0.730833
vt 0.577455 0.729109
vt 0.577598 0.729113
vt 0.569972 0.737345
vt 0.570373 0.735731
vt 0.570696 0.735795
vt 0.570373 0.735731
vt 0.570615 0.734086
vt 0.570948 0.734119
vt 0.570696 0.735795
vt 0.570948 0.734119
vt 0.571286 0.734152
vt 0.570291 0.737442
vt 0.570696 0.735795
vt 0.570953 0.735846
vt 0.570696 0.732425
vt 0.571025 0.732425
vt 0.570948 0.734119
vt 0.570613 0.730764
vt 0.570946 0.730731
vt 0.571025 0.732425
vt 0.570946 0.730731
vt 0.571286 0.730697
vt 0.571287 0.732425
vt 0.571025 0.732425
vt 0.571287 0.732425
vt 0.571286 0.734152
vt 0.570696 0.732425
vt 0.570078 0.732426
vt 0.56979 0.730846
vt 0.570615 0.734086
vt 0.569847 0.734011
vt 0.570078 0.732426
vt 0.570615 0.734086
vt 0.570373 0.735731
vt 0.569768 0.735612
vt 0.570373 0.735731
vt 0.569972 0.737345
vt 0.569179 0.737105
vt 0.567754 0.735213
vt 0.567888 0.73382
vt 0.569847 0.734011
vt 0.569179 0.737105
vt 0.567754 0.735213
vt 0.569768 0.735612
vt 0.568025 0.732428
vt 0.570078 0.732426
vt 0.569847 0.734011
vt 0.567754 0.735213
vt 0.569179 0.737105
vt 0.56733 0.736546
vt 0.567215 0.735106
vt 0.5674 0.733773
vt 0.567888 0.73382
vt 0.566902 0.736417
vt 0.567215 0.735106
vt 0.567754 0.735213
vt 0.567436 0.73108
vt 0.567868 0.731037
vt 0.568025 0.732428
vt 0.567466 0.732428
vt 0.568025 0.732428
vt 0.567888 0.73382
vt 0.567466 0.732428
vt 0.567039 0.733147
vt 0.566803 0.730597
vt 0.567039 0.733147
vt 0.566561 0.73336
vt 0.566803 0.730597
vt 0.567215 0.735106
vt 0.566549 0.735659
vt 0.567039 0.733147
vt 0.565696 0.730001
vt 0.566803 0.730597
vt 0.566561 0.73336
vt 0.575883 0.725485
vt 0.575954 0.725499
vt 0.57581 0.727266
vt 0.576055 0.723722
vt 0.57615 0.723766
vt 0.575954 0.725499
vt 0.57615 0.723766
vt 0.576273 0.723789
vt 0.576071 0.725514
vt 0.575954 0.725499
vt 0.576071 0.725514
vt 0.575926 0.727276
vt 0.576055 0.723722
vt 0.576333 0.722063
vt 0.576402 0.722089
vt 0.576333 0.722063
vt 0.576611 0.720405
vt 0.576702 0.720476
vt 0.576402 0.722089
vt 0.576702 0.720476
vt 0.576816 0.720509
vt 0.57615 0.723766
vt 0.576402 0.722089
vt 0.576518 0.722115
vt 0.577486 0.725662
vt 0.577675 0.725683
vt 0.577536 0.727386
vt 0.577677 0.723985
vt 0.577864 0.724013
vt 0.577675 0.725683
vt 0.577864 0.724013
vt 0.577983 0.724009
vt 0.577818 0.725698
vt 0.577675 0.725683
vt 0.577818 0.725698
vt 0.577653 0.727387
vt 0.577677 0.723985
vt 0.57792 0.722359
vt 0.578107 0.722396
vt 0.57792 0.722359
vt 0.578211 0.7208
vt 0.578396 0.720842
vt 0.578107 0.722396
vt 0.578396 0.720842
vt 0.578515 0.720832
vt 0.577864 0.724013
vt 0.578107 0.722396
vt 0.578249 0.72242
vt 0.56686 0.743179
vt 0.567849 0.741842
vt 0.568123 0.742025
vt 0.567849 0.741842
vt 0.568702 0.740415
vt 0.568997 0.740572
vt 0.568123 0.742025
vt 0.568997 0.740572
vt 0.569297 0.740732
vt 0.567119 0.743391
vt 0.568123 0.742025
vt 0.568341 0.74217
vt 0.569412 0.738911
vt 0.569716 0.739036
vt 0.568997 0.740572
vt 0.569972 0.737345
vt 0.570291 0.737442
vt 0.569716 0.739036
vt 0.570291 0.737442
vt 0.570619 0.737541
vt 0.569958 0.739136
vt 0.569716 0.739036
vt 0.569958 0.739136
vt 0.569297 0.740732
vt 0.569412 0.738911
vt 0.568842 0.738675
vt 0.569179 0.737105
vt 0.568702 0.740415
vt 0.568021 0.740052
vt 0.568842 0.738675
vt 0.568702 0.740415
vt 0.567849 0.741842
vt 0.567335 0.741499
vt 0.567849 0.741842
vt 0.56686 0.743179
vt 0.56622 0.742654
vt 0.565627 0.740361
vt 0.566285 0.739125
vt 0.568021 0.740052
vt 0.56622 0.742654
vt 0.565627 0.740361
vt 0.567335 0.741499
vt 0.566944 0.737891
vt 0.568842 0.738675
vt 0.568021 0.740052
vt 0.565627 0.740361
vt 0.56622 0.742654
vt 0.564726 0.741431
vt 0.565162 0.74005
vt 0.565851 0.738894
vt 0.566285 0.739125
vt 0.56439 0.741156
vt 0.565162 0.74005
vt 0.565627 0.740361
vt 0.566902 0.736417
vt 0.56733 0.736546
vt 0.566944 0.737891
vt 0.566433 0.73768
vt 0.566944 0.737891
vt 0.566285 0.739125
vt 0.566902 0.736417
vt 0.566433 0.73768
vt 0.565968 0.737465
vt 0.566433 0.73768
vt 0.565851 0.738894
vt 0.565115 0.739087
vt 0.565851 0.738894
vt 0.565162 0.74005
vt 0.565115 0.739087
vt 0.565162 0.74005
vt 0.56439 0.741156
vt 0.563671 0.741306
vt 0.565115 0.739087
vt 0.563671 0.741306
vt 0.563387 0.74087
vt 0.563387 0.74087
vt 0.56462 0.738454
vt 0.565115 0.739087
vt 0.56462 0.738454
vt 0.56576 0.735923
vt 0.565968 0.737465
vt 0.576986 0.718918
vt 0.577052 0.718952
vt 0.576702 0.720476
vt 0.577361 0.717431
vt 0.577441 0.717518
vt 0.577052 0.718952
vt 0.577441 0.717518
vt 0.577512 0.717491
vt 0.577162 0.718981
vt 0.577052 0.718952
vt 0.577162 0.718981
vt 0.576816 0.720509
vt 0.577361 0.717431
vt 0.577818 0.716168
vt 0.577875 0.716202
vt 0.577818 0.716168
vt 0.578274 0.714906
vt 0.578328 0.714936
vt 0.577875 0.716202
vt 0.578328 0.714936
vt 0.578383 0.714966
vt 0.577441 0.717518
vt 0.577875 0.716202
vt 0.577928 0.716223
vt 0.578551 0.719316
vt 0.578733 0.719367
vt 0.578396 0.720842
vt 0.578958 0.717881
vt 0.579096 0.717932
vt 0.578733 0.719367
vt 0.579096 0.717932
vt 0.579234 0.717983
vt 0.578874 0.719407
vt 0.578733 0.719367
vt 0.578874 0.719407
vt 0.578515 0.720832
vt 0.580697 0.737453
vt 0.580677 0.735845
vt 0.580845 0.735815
vt 0.580677 0.735845
vt 0.580698 0.734207
vt 0.58087 0.734186
vt 0.580845 0.735815
vt 0.58087 0.734186
vt 0.581005 0.734195
vt 0.580823 0.737419
vt 0.580845 0.735815
vt 0.580977 0.73579
vt 0.561753 0.747378
vt 0.563178 0.746522
vt 0.563362 0.746795
vt 0.563178 0.746522
vt 0.564513 0.745529
vt 0.564725 0.745787
vt 0.563362 0.746795
vt 0.564725 0.745787
vt 0.564941 0.74605
vt 0.561911 0.747673
vt 0.563362 0.746795
vt 0.563507 0.747012
vt 0.565744 0.744412
vt 0.565977 0.744644
vt 0.564725 0.745787
vt 0.56686 0.743179
vt 0.567119 0.743391
vt 0.565977 0.744644
vt 0.567119 0.743391
vt 0.567384 0.743608
vt 0.566163 0.744829
vt 0.565977 0.744644
vt 0.566163 0.744829
vt 0.564941 0.74605
vt 0.565744 0.744412
vt 0.565307 0.743975
vt 0.56622 0.742654
vt 0.564513 0.745529
vt 0.564023 0.744933
vt 0.565307 0.743975
vt 0.564513 0.745529
vt 0.563178 0.746522
vt 0.562835 0.746009
vt 0.563178 0.746522
vt 0.561753 0.747378
vt 0.561362 0.746649
vt 0.561693 0.744303
vt 0.562773 0.743413
vt 0.564023 0.744933
vt 0.561362 0.746649
vt 0.561693 0.744303
vt 0.562835 0.746009
vt 0.563854 0.742525
vt 0.565307 0.743975
vt 0.564023 0.744933
vt 0.561693 0.744303
vt 0.561362 0.746649
vt 0.56045 0.744946
vt 0.561382 0.743839
vt 0.562458 0.74303
vt 0.562773 0.743413
vt 0.560241 0.744555
vt 0.561382 0.743839
vt 0.561693 0.744303
vt 0.56439 0.741156
vt 0.564726 0.741431
vt 0.563854 0.742525
vt 0.563463 0.742134
vt 0.563854 0.742525
vt 0.562773 0.743413
vt 0.56439 0.741156
vt 0.563463 0.742134
vt 0.563671 0.741306
vt 0.563463 0.742134
vt 0.562458 0.74303
vt 0.561738 0.743077
vt 0.563671 0.741306
vt 0.561738 0.743077
vt 0.561395 0.742741
vt 0.562458 0.74303
vt 0.561382 0.743839
vt 0.561738 0.743077
vt 0.561382 0.743839
vt 0.560241 0.744555
vt 0.559994 0.744095
vt 0.560604 0.741595
vt 0.56462 0.738454
vt 0.563387 0.74087
vt 0.579253 0.732642
vt 0.579306 0.732634
vt 0.579283 0.7344
vt 0.579273 0.730873
vt 0.579324 0.730859
vt 0.579306 0.732634
vt 0.579324 0.730859
vt 0.579431 0.730854
vt 0.579408 0.732622
vt 0.579306 0.732634
vt 0.579408 0.732622
vt 0.579363 0.73438
vt 0.579273 0.730873
vt 0.579283 0.72907
vt 0.579336 0.72907
vt 0.579283 0.72907
vt 0.579293 0.727267
vt 0.579344 0.727282
vt 0.579336 0.72907
vt 0.579344 0.727282
vt 0.579444 0.727288
vt 0.579324 0.730859
vt 0.579336 0.72907
vt 0.579439 0.729071
vt 0.580719 0.732525
vt 0.580891 0.73251
vt 0.58087 0.734186
vt 0.580736 0.73081
vt 0.580907 0.730804
vt 0.580891 0.73251
vt 0.580907 0.730804
vt 0.581043 0.730807
vt 0.581024 0.732501
vt 0.580891 0.73251
vt 0.581024 0.732501
vt 0.581005 0.734195
vt 0.580736 0.73081
vt 0.580748 0.729078
vt 0.580919 0.729079
vt 0.580748 0.729078
vt 0.580755 0.727347
vt 0.580927 0.727355
vt 0.580919 0.729079
vt 0.580927 0.727355
vt 0.581062 0.727353
vt 0.580907 0.730804
vt 0.580919 0.729079
vt 0.581052 0.72908
vt 0.555428 0.749304
vt 0.557073 0.749058
vt 0.557137 0.74938
vt 0.557073 0.749058
vt 0.558685 0.748651
vt 0.558782 0.748971
vt 0.557137 0.74938
vt 0.558782 0.748971
vt 0.558882 0.749296
vt 0.555461 0.749636
vt 0.557137 0.74938
vt 0.557188 0.749637
vt 0.560251 0.74809
vt 0.560377 0.748394
vt 0.558782 0.748971
vt 0.561753 0.747378
vt 0.561911 0.747673
vt 0.560377 0.748394
vt 0.561911 0.747673
vt 0.562073 0.747975
vt 0.560477 0.748636
vt 0.560377 0.748394
vt 0.560477 0.748636
vt 0.558882 0.749296
vt 0.560251 0.74809
vt 0.560014 0.74752
vt 0.561362 0.746649
vt 0.558685 0.748651
vt 0.558461 0.747913
vt 0.560014 0.74752
vt 0.558685 0.748651
vt 0.557073 0.749058
vt 0.556952 0.748452
vt 0.557073 0.749058
vt 0.555428 0.749304
vt 0.555371 0.748723
vt 0.556549 0.746439
vt 0.557887 0.74603
vt 0.558461 0.747913
vt 0.55525 0.747516
vt 0.556549 0.746439
vt 0.556952 0.748452
vt 0.559226 0.745624
vt 0.560014 0.74752
vt 0.558461 0.747913
vt 0.556549 0.746439
vt 0.55525 0.747516
vt 0.555155 0.746558
vt 0.556441 0.745896
vt 0.557743 0.745556
vt 0.557887 0.74603
vt 0.555112 0.746126
vt 0.556441 0.745896
vt 0.556549 0.746439
vt 0.560241 0.744555
vt 0.56045 0.744946
vt 0.559226 0.745624
vt 0.559012 0.745109
vt 0.559226 0.745624
vt 0.557887 0.74603
vt 0.559012 0.745109
vt 0.558147 0.74491
vt 0.559994 0.744095
vt 0.556441 0.745896
vt 0.555596 0.745494
vt 0.558147 0.74491
vt 0.556195 0.744385
vt 0.558147 0.74491
vt 0.555596 0.745494
vt 0.560604 0.741595
vt 0.561395 0.742741
vt 0.556195 0.744385
vt 0.579293 0.725499
vt 0.579346 0.725511
vt 0.579344 0.727282
vt 0.579293 0.723731
vt 0.579344 0.723773
vt 0.579346 0.725511
vt 0.579344 0.723773
vt 0.579451 0.723792
vt 0.579449 0.725523
vt 0.579346 0.725511
vt 0.579449 0.725523
vt 0.579444 0.727288
vt 0.579293 0.723731
vt 0.579283 0.722064
vt 0.579336 0.722088
vt 0.579283 0.722064
vt 0.579273 0.720398
vt 0.579324 0.720467
vt 0.579336 0.722088
vt 0.579324 0.720467
vt 0.579424 0.720497
vt 0.579344 0.723773
vt 0.579336 0.722088
vt 0.579439 0.722111
vt 0.580757 0.725632
vt 0.580929 0.725649
vt 0.580927 0.727355
vt 0.580755 0.72395
vt 0.580927 0.723973
vt 0.580929 0.725649
vt 0.580927 0.723973
vt 0.581062 0.723966
vt 0.581062 0.725659
vt 0.580929 0.725649
vt 0.581062 0.725659
vt 0.581062 0.727353
vt 0.580755 0.72395
vt 0.580748 0.722318
vt 0.580919 0.722349
vt 0.580748 0.722318
vt 0.580736 0.72075
vt 0.580907 0.720787
vt 0.580919 0.722349
vt 0.580907 0.720787
vt 0.581043 0.720773
vt 0.580927 0.723973
vt 0.580919 0.722349
vt 0.581052 0.72237
vt 0.548848 0.748662
vt 0.550461 0.749064
vt 0.550397 0.749386
vt 0.550461 0.749064
vt 0.552106 0.749306
vt 0.552074 0.749638
vt 0.550397 0.749386
vt 0.552074 0.749638
vt 0.552041 0.749977
vt 0.548751 0.748981
vt 0.550397 0.749386
vt 0.550346 0.749643
vt 0.553767 0.749386
vt 0.553768 0.749715
vt 0.552074 0.749638
vt 0.555428 0.749304
vt 0.555461 0.749636
vt 0.553768 0.749715
vt 0.555461 0.749636
vt 0.555495 0.749977
vt 0.553768 0.749977
vt 0.553768 0.749715
vt 0.553768 0.749977
vt 0.552041 0.749977
vt 0.553767 0.749386
vt 0.553767 0.748769
vt 0.555371 0.748723
vt 0.552106 0.749306
vt 0.552181 0.748538
vt 0.553767 0.748769
vt 0.552106 0.749306
vt 0.550461 0.749064
vt 0.550581 0.748458
vt 0.550461 0.749064
vt 0.548848 0.748662
vt 0.549016 0.748103
vt 0.55098 0.746444
vt 0.552372 0.746579
vt 0.552181 0.748538
vt 0.549367 0.746943
vt 0.55098 0.746444
vt 0.550581 0.748458
vt 0.55525 0.747516
vt 0.555371 0.748723
vt 0.553767 0.748769
vt 0.553765 0.746716
vt 0.553767 0.748769
vt 0.552181 0.748538
vt 0.55098 0.746444
vt 0.549367 0.746943
vt 0.549646 0.746021
vt 0.551086 0.745905
vt 0.55242 0.74609
vt 0.552372 0.746579
vt 0.549775 0.745593
vt 0.551086 0.745905
vt 0.55098 0.746444
vt 0.555112 0.746126
vt 0.555155 0.746558
vt 0.553765 0.746716
vt 0.553764 0.746157
vt 0.553765 0.746716
vt 0.552372 0.746579
vt 0.553764 0.746157
vt 0.553046 0.74573
vt 0.555596 0.745494
vt 0.553046 0.74573
vt 0.552832 0.745251
vt 0.555596 0.745494
vt 0.551086 0.745905
vt 0.550534 0.745239
vt 0.553046 0.74573
vt 0.556195 0.744385
vt 0.555596 0.745494
vt 0.552832 0.745251
vt 0.579253 0.718899
vt 0.579306 0.718926
vt 0.579324 0.720467
vt 0.579234 0.717401
vt 0.579283 0.717425
vt 0.579306 0.718926
vt 0.579283 0.717425
vt 0.579371 0.717475
vt 0.579408 0.71896
vt 0.579306 0.718926
vt 0.579408 0.71896
vt 0.579424 0.720497
vt 0.501139 0.744014
vt 0.50046 0.742345
vt 0.500494 0.742331
vt 0.50046 0.742345
vt 0.499866 0.74065
vt 0.499898 0.74064
vt 0.500494 0.742331
vt 0.499898 0.74064
vt 0.49983 0.740661
vt 0.501172 0.743997
vt 0.500494 0.742331
vt 0.500517 0.74232
vt 0.580719 0.719264
vt 0.580891 0.719309
vt 0.580907 0.720787
vt 0.580698 0.717871
vt 0.58087 0.71792
vt 0.580891 0.719309
vt 0.58087 0.71792
vt 0.581005 0.717903
vt 0.581024 0.719338
vt 0.580891 0.719309
vt 0.581024 0.719338
vt 0.581043 0.720773
vt 0.580698 0.717871
vt 0.580677 0.716576
vt 0.580845 0.716635
vt 0.580677 0.716576
vt 0.580697 0.715344
vt 0.580824 0.715401
vt 0.580845 0.716635
vt 0.580824 0.715401
vt 0.58095 0.715458
vt 0.58087 0.71792
vt 0.580845 0.716635
vt 0.580977 0.716681
vt 0.543014 0.745551
vt 0.54435 0.746539
vt 0.544168 0.746813
vt 0.54435 0.746539
vt 0.545778 0.747393
vt 0.545621 0.747687
vt 0.544168 0.746813
vt 0.545621 0.747687
vt 0.54546 0.747988
vt 0.542802 0.745809
vt 0.544168 0.746813
vt 0.544023 0.747031
vt 0.547282 0.748103
vt 0.547156 0.748407
vt 0.545621 0.747687
vt 0.548848 0.748662
vt 0.548751 0.748981
vt 0.547156 0.748407
vt 0.548751 0.748981
vt 0.548652 0.749309
vt 0.547056 0.748649
vt 0.547156 0.748407
vt 0.547056 0.748649
vt 0.54546 0.747988
vt 0.547282 0.748103
vt 0.547517 0.747532
vt 0.549016 0.748103
vt 0.545778 0.747393
vt 0.546141 0.746712
vt 0.547517 0.747532
vt 0.545778 0.747393
vt 0.54435 0.746539
vt 0.544693 0.746026
vt 0.54435 0.746539
vt 0.543014 0.745551
vt 0.543538 0.74491
vt 0.545832 0.744318
vt 0.547067 0.744975
vt 0.546141 0.746712
vt 0.543538 0.74491
vt 0.545832 0.744318
vt 0.544693 0.746026
vt 0.549367 0.746943
vt 0.549016 0.748103
vt 0.547517 0.747532
vt 0.548301 0.745634
vt 0.547517 0.747532
vt 0.546141 0.746712
vt 0.545832 0.744318
vt 0.543538 0.74491
vt 0.544762 0.743416
vt 0.546142 0.743852
vt 0.547299 0.744541
vt 0.547067 0.744975
vt 0.545037 0.743081
vt 0.546142 0.743852
vt 0.545832 0.744318
vt 0.549775 0.745593
vt 0.549646 0.746021
vt 0.548301 0.745634
vt 0.548512 0.745124
vt 0.548301 0.745634
vt 0.547067 0.744975
vt 0.549775 0.745593
vt 0.548512 0.745124
vt 0.548727 0.744659
vt 0.548512 0.745124
vt 0.547299 0.744541
vt 0.547105 0.743805
vt 0.547299 0.744541
vt 0.546142 0.743852
vt 0.547105 0.743805
vt 0.546142 0.743852
vt 0.545037 0.743081
vt 0.544887 0.742361
vt 0.547105 0.743805
vt 0.544887 0.742361
vt 0.545322 0.742077
vt 0.545322 0.742077
vt 0.547738 0.74331
vt 0.547105 0.743805
vt 0.547738 0.74331
vt 0.550258 0.744452
vt 0.548727 0.744659
vt 0.499421 0.73891
vt 0.499458 0.738903
vt 0.499898 0.74064
vt 0.499063 0.737144
vt 0.499099 0.73714
vt 0.499458 0.738903
vt 0.499099 0.73714
vt 0.499136 0.737137
vt 0.499483 0.738899
vt 0.499458 0.738903
vt 0.499483 0.738899
vt 0.49983 0.740661
vt 0.572054 0.706729
vt 0.572085 0.705231
vt 0.572138 0.705205
vt 0.572085 0.705231
vt 0.572116 0.703733
vt 0.572167 0.703664
vt 0.572138 0.705205
vt 0.572167 0.703664
vt 0.572268 0.703635
vt 0.572104 0.706706
vt 0.572138 0.705205
vt 0.57224 0.705172
vt 0.573491 0.707565
vt 0.57366 0.707507
vt 0.573628 0.708741
vt 0.573521 0.70627
vt 0.573694 0.706222
vt 0.57366 0.707507
vt 0.573694 0.706222
vt 0.573828 0.70624
vt 0.573792 0.707463
vt 0.57366 0.707507
vt 0.573792 0.707463
vt 0.573755 0.708685
vt 0.573521 0.70627
vt 0.573553 0.704878
vt 0.573725 0.704834
vt 0.573553 0.704878
vt 0.573581 0.703391
vt 0.573753 0.703356
vt 0.573725 0.704834
vt 0.573753 0.703356
vt 0.573888 0.703371
vt 0.573694 0.706222
vt 0.573725 0.704834
vt 0.573859 0.704806
vt 0.538814 0.740444
vt 0.539671 0.741869
vt 0.539398 0.742052
vt 0.539671 0.741869
vt 0.540663 0.743203
vt 0.540405 0.743415
vt 0.539398 0.742052
vt 0.540405 0.743415
vt 0.540142 0.743632
vt 0.53852 0.740601
vt 0.539398 0.742052
vt 0.53918 0.742197
vt 0.541781 0.744435
vt 0.541548 0.744668
vt 0.540405 0.743415
vt 0.543014 0.745551
vt 0.542802 0.745809
vt 0.541548 0.744668
vt 0.542802 0.745809
vt 0.542585 0.746074
vt 0.541364 0.744853
vt 0.541548 0.744668
vt 0.541364 0.744853
vt 0.540142 0.743632
vt 0.541781 0.744435
vt 0.542217 0.743998
vt 0.543538 0.74491
vt 0.540663 0.743203
vt 0.541259 0.742713
vt 0.542217 0.743998
vt 0.540663 0.743203
vt 0.539671 0.741869
vt 0.540184 0.741525
vt 0.539671 0.741869
vt 0.538814 0.740444
vt 0.539329 0.740168
vt 0.54189 0.740383
vt 0.54278 0.741463
vt 0.541259 0.742713
vt 0.540398 0.739596
vt 0.54189 0.740383
vt 0.540184 0.741525
vt 0.543667 0.742545
vt 0.542217 0.743998
vt 0.541259 0.742713
vt 0.54189 0.740383
vt 0.540398 0.739596
vt 0.541246 0.739141
vt 0.542353 0.740073
vt 0.543163 0.741148
vt 0.54278 0.741463
vt 0.541637 0.738931
vt 0.542353 0.740073
vt 0.54189 0.740383
vt 0.545037 0.743081
vt 0.544762 0.743416
vt 0.543667 0.742545
vt 0.544058 0.742153
vt 0.543667 0.742545
vt 0.54278 0.741463
vt 0.545037 0.743081
vt 0.544058 0.742153
vt 0.544887 0.742361
vt 0.544058 0.742153
vt 0.543163 0.741148
vt 0.543116 0.740429
vt 0.544887 0.742361
vt 0.543116 0.740429
vt 0.543452 0.740085
vt 0.543163 0.741148
vt 0.542353 0.740073
vt 0.543116 0.740429
vt 0.542353 0.740073
vt 0.541637 0.738931
vt 0.542098 0.738685
vt 0.544602 0.739358
vt 0.547738 0.74331
vt 0.545322 0.742077
vt 0.572139 0.702066
vt 0.572192 0.702043
vt 0.572167 0.703664
vt 0.572162 0.7004
vt 0.572212 0.700358
vt 0.572192 0.702043
vt 0.572212 0.700358
vt 0.57232 0.70034
vt 0.572295 0.702021
vt 0.572192 0.702043
vt 0.572295 0.702021
vt 0.572268 0.703635
vt 0.572162 0.7004
vt 0.572175 0.698632
vt 0.572228 0.69862
vt 0.572175 0.698632
vt 0.572188 0.696864
vt 0.572239 0.69685
vt 0.572228 0.69862
vt 0.572239 0.69685
vt 0.572339 0.696844
vt 0.572212 0.700358
vt 0.572228 0.69862
vt 0.572331 0.698609
vt 0.573605 0.701824
vt 0.573777 0.701794
vt 0.573753 0.703356
vt 0.573625 0.700192
vt 0.573797 0.70017
vt 0.573777 0.701794
vt 0.573797 0.70017
vt 0.573932 0.700178
vt 0.57391 0.701775
vt 0.573777 0.701794
vt 0.57391 0.701775
vt 0.573888 0.703371
vt 0.573625 0.700192
vt 0.57364 0.69851
vt 0.573812 0.698495
vt 0.57364 0.69851
vt 0.573651 0.696795
vt 0.573822 0.696788
vt 0.573812 0.698495
vt 0.573822 0.696788
vt 0.573958 0.696791
vt 0.573797 0.70017
vt 0.573812 0.698495
vt 0.573945 0.698485
vt 0.536889 0.734119
vt 0.537135 0.735763
vt 0.536812 0.735827
vt 0.537135 0.735763
vt 0.537541 0.737376
vt 0.537222 0.737473
vt 0.536812 0.735827
vt 0.537222 0.737473
vt 0.536896 0.737572
vt 0.536557 0.734151
vt 0.536812 0.735827
vt 0.536556 0.735879
vt 0.538102 0.738941
vt 0.537798 0.739067
vt 0.537222 0.737473
vt 0.538814 0.740444
vt 0.53852 0.740601
vt 0.537798 0.739067
vt 0.53852 0.740601
vt 0.538218 0.740763
vt 0.537557 0.739168
vt 0.537798 0.739067
vt 0.537557 0.739168
vt 0.536896 0.737572
vt 0.538102 0.738941
vt 0.538673 0.738704
vt 0.539329 0.740168
vt 0.537541 0.737376
vt 0.538279 0.737151
vt 0.538673 0.738704
vt 0.537541 0.737376
vt 0.537135 0.735763
vt 0.537741 0.735642
vt 0.537135 0.735763
vt 0.536889 0.734119
vt 0.53747 0.734061
vt 0.539754 0.735239
vt 0.540162 0.736578
vt 0.538279 0.737151
vt 0.538676 0.733941
vt 0.539754 0.735239
vt 0.537741 0.735642
vt 0.540398 0.739596
vt 0.539329 0.740168
vt 0.538673 0.738704
vt 0.540569 0.737917
vt 0.538673 0.738704
vt 0.538279 0.737151
vt 0.539754 0.735239
vt 0.538676 0.733941
vt 0.539634 0.733845
vt 0.540296 0.735131
vt 0.540637 0.736433
vt 0.540162 0.736578
vt 0.540066 0.733802
vt 0.540296 0.735131
vt 0.539754 0.735239
vt 0.541637 0.738931
vt 0.541246 0.739141
vt 0.540569 0.737917
vt 0.541084 0.737703
vt 0.540569 0.737917
vt 0.540162 0.736578
vt 0.541084 0.737703
vt 0.541283 0.736838
vt 0.542098 0.738685
vt 0.540296 0.735131
vt 0.540699 0.734286
vt 0.541283 0.736838
vt 0.541807 0.734882
vt 0.541283 0.736838
vt 0.540699 0.734286
vt 0.544602 0.739358
vt 0.543452 0.740085
vt 0.541807 0.734882
vt 0.572192 0.695061
vt 0.572245 0.695061
vt 0.572239 0.69685
vt 0.572196 0.693258
vt 0.572246 0.693272
vt 0.572245 0.695061
vt 0.572246 0.693272
vt 0.572354 0.693278
vt 0.572348 0.695061
vt 0.572245 0.695061
vt 0.572348 0.695061
vt 0.572339 0.696844
vt 0.572196 0.693258
vt 0.57219 0.691489
vt 0.572242 0.691501
vt 0.57219 0.691489
vt 0.572183 0.68972
vt 0.572234 0.689763
vt 0.572242 0.691501
vt 0.572234 0.689763
vt 0.572334 0.689781
vt 0.572246 0.693272
vt 0.572242 0.691501
vt 0.572345 0.691512
vt 0.573657 0.695064
vt 0.573828 0.695064
vt 0.573822 0.696788
vt 0.573658 0.693332
vt 0.573829 0.69334
vt 0.573828 0.695064
vt 0.573829 0.69334
vt 0.573964 0.693337
vt 0.573961 0.695064
vt 0.573828 0.695064
vt 0.573961 0.695064
vt 0.573958 0.696791
vt 0.573658 0.693332
vt 0.573654 0.691617
vt 0.573825 0.691633
vt 0.573654 0.691617
vt 0.573646 0.689935
vt 0.573817 0.689957
vt 0.573825 0.691633
vt 0.573817 0.689957
vt 0.573952 0.689949
vt 0.573829 0.69334
vt 0.573825 0.691633
vt 0.573959 0.691643
vt 0.537531 0.727538
vt 0.537129 0.729151
vt 0.536806 0.729088
vt 0.537129 0.729151
vt 0.536887 0.730797
vt 0.536555 0.730764
vt 0.536806 0.729088
vt 0.536555 0.730764
vt 0.536216 0.730731
vt 0.537211 0.727441
vt 0.536806 0.729088
vt 0.536549 0.729037
vt 0.536806 0.732458
vt 0.536477 0.732458
vt 0.536555 0.730764
vt 0.536889 0.734119
vt 0.536557 0.734151
vt 0.536477 0.732458
vt 0.536557 0.734151
vt 0.536216 0.734185
vt 0.536216 0.732458
vt 0.536477 0.732458
vt 0.536216 0.732458
vt 0.536216 0.730731
vt 0.536806 0.732458
vt 0.537424 0.732457
vt 0.53747 0.734061
vt 0.536887 0.730797
vt 0.537655 0.730872
vt 0.537424 0.732457
vt 0.536887 0.730797
vt 0.537129 0.729151
vt 0.537735 0.729271
vt 0.537129 0.729151
vt 0.537531 0.727538
vt 0.538323 0.727777
vt 0.539748 0.72967
vt 0.539614 0.731063
vt 0.537655 0.730872
vt 0.538323 0.727777
vt 0.539748 0.72967
vt 0.537735 0.729271
vt 0.538676 0.733941
vt 0.53747 0.734061
vt 0.537424 0.732457
vt 0.539477 0.732455
vt 0.537424 0.732457
vt 0.537655 0.730872
vt 0.539748 0.72967
vt 0.538323 0.727777
vt 0.540172 0.728336
vt 0.540287 0.729777
vt 0.540103 0.73111
vt 0.539614 0.731063
vt 0.5406 0.728466
vt 0.540287 0.729777
vt 0.539748 0.72967
vt 0.540066 0.733802
vt 0.539634 0.733845
vt 0.539477 0.732455
vt 0.540036 0.732455
vt 0.539477 0.732455
vt 0.539614 0.731063
vt 0.540036 0.732455
vt 0.540463 0.731736
vt 0.540699 0.734286
vt 0.540463 0.731736
vt 0.540941 0.731523
vt 0.540699 0.734286
vt 0.540287 0.729777
vt 0.540953 0.729224
vt 0.540463 0.731736
vt 0.541807 0.734882
vt 0.540699 0.734286
vt 0.540941 0.731523
vt 0.56576 0.735923
vt 0.56462 0.738454
vt 0.564465 0.73552
vt 0.564465 0.73552
vt 0.565696 0.730001
vt 0.56576 0.735923
vt 0.56462 0.738454
vt 0.560604 0.741595
vt 0.564465 0.73552
vt 0.556195 0.744385
vt 0.550493 0.742282
vt 0.560604 0.741595
vt 0.550258 0.744452
vt 0.547738 0.74331
vt 0.550493 0.742282
vt 0.550493 0.742282
vt 0.556195 0.744385
vt 0.550258 0.744452
vt 0.565696 0.730001
vt 0.564465 0.73552
vt 0.562901 0.725526
vt 0.547738 0.74331
vt 0.544602 0.739358
vt 0.550493 0.742282
vt 0.559764 0.721573
vt 0.562901 0.725526
vt 0.556809 0.722286
vt 0.541807 0.734882
vt 0.543048 0.72938
vt 0.544602 0.739358
vt 0.556809 0.722286
vt 0.551311 0.720497
vt 0.557236 0.720432
vt 0.557236 0.720432
vt 0.559764 0.721573
vt 0.556809 0.722286
vt 0.551311 0.720497
vt 0.556809 0.722286
vt 0.546905 0.723287
vt 0.556809 0.722286
vt 0.564465 0.73552
vt 0.543048 0.72938
vt 0.542882 0.726429
vt 0.546905 0.723287
vt 0.543048 0.72938
vt 0.543048 0.72938
vt 0.541807 0.734882
vt 0.541742 0.728959
vt 0.541742 0.728959
vt 0.542882 0.726429
vt 0.543048 0.72938
vt 0.506936 0.719711
vt 0.50699 0.719792
vt 0.505422 0.720772
vt 0.508478 0.718685
vt 0.508555 0.718828
vt 0.50699 0.719792
vt 0.508555 0.718828
vt 0.50859 0.718906
vt 0.50699 0.719792
vt 0.508478 0.718685
vt 0.51019 0.717976
vt 0.510219 0.718048
vt 0.510219 0.718048
vt 0.511914 0.71731
vt 0.511974 0.71751
vt 0.508555 0.718828
vt 0.510219 0.718048
vt 0.510257 0.71814
vt 0.513718 0.716909
vt 0.513737 0.717005
vt 0.511914 0.71731
vt 0.515536 0.716551
vt 0.515552 0.716713
vt 0.513737 0.717005
vt 0.515552 0.716713
vt 0.515555 0.716799
vt 0.513737 0.717005
vt 0.515536 0.716551
vt 0.517388 0.716551
vt 0.517388 0.716629
vt 0.517388 0.716629
vt 0.519236 0.716596
vt 0.519215 0.716803
vt 0.515552 0.716713
vt 0.517388 0.716629
vt 0.517388 0.716729
vt 0.521056 0.716916
vt 0.521037 0.717012
vt 0.519236 0.716596
vt 0.522872 0.717281
vt 0.522825 0.717437
vt 0.521037 0.717012
vt 0.522825 0.717437
vt 0.522795 0.717517
vt 0.521037 0.717012
vt 0.522872 0.717281
vt 0.524584 0.71799
vt 0.524554 0.718062
vt 0.524554 0.718062
vt 0.526274 0.718738
vt 0.526176 0.718922
vt 0.522825 0.717437
vt 0.524554 0.718062
vt 0.524516 0.718154
vt 0.527833 0.719731
vt 0.527779 0.719812
vt 0.526274 0.718738
vt 0.529372 0.720763
vt 0.529268 0.720888
vt 0.527779 0.719812
vt 0.529268 0.720888
vt 0.52921 0.720951
vt 0.527779 0.719812
vt 0.529372 0.720763
vt 0.530681 0.722073
vt 0.530626 0.722128
vt 0.530626 0.722128
vt 0.531956 0.723411
vt 0.531795 0.723543
vt 0.529268 0.720888
vt 0.530626 0.722128
vt 0.530555 0.722198
vt 0.533017 0.724925
vt 0.532953 0.724968
vt 0.531956 0.723411
vt 0.534043 0.726467
vt 0.5339 0.726543
vt 0.532953 0.724968
vt 0.5339 0.726543
vt 0.533827 0.726588
vt 0.53287 0.725023
vt 0.532953 0.724968
vt 0.53287 0.725023
vt 0.531795 0.723543
vt 0.534043 0.726467
vt 0.534752 0.728178
vt 0.534662 0.728215
vt 0.534662 0.728215
vt 0.535418 0.729902
vt 0.535219 0.729963
vt 0.535219 0.729963
vt 0.533827 0.726588
vt 0.534662 0.728215
vt 0.535819 0.731707
vt 0.535723 0.731726
vt 0.535418 0.729902
vt 0.536177 0.733524
vt 0.536015 0.73354
vt 0.535723 0.731726
vt 0.536015 0.73354
vt 0.53593 0.733543
vt 0.535723 0.731726
vt 0.536177 0.733524
vt 0.536177 0.735377
vt 0.536099 0.735376
vt 0.536099 0.735376
vt 0.536132 0.737224
vt 0.535925 0.737204
vt 0.536015 0.73354
vt 0.536099 0.735376
vt 0.535999 0.735376
vt 0.535812 0.739045
vt 0.535716 0.739026
vt 0.536132 0.737224
vt 0.535447 0.740861
vt 0.535292 0.740814
vt 0.535716 0.739026
vt 0.535292 0.740814
vt 0.535212 0.740784
vt 0.535716 0.739026
vt 0.535447 0.740861
vt 0.534738 0.742572
vt 0.534667 0.742543
vt 0.534667 0.742543
vt 0.53399 0.744263
vt 0.533806 0.744164
vt 0.535292 0.740814
vt 0.534667 0.742543
vt 0.534574 0.742504
vt 0.532997 0.745822
vt 0.532933 0.745779
vt 0.53399 0.744263
vt 0.531965 0.74736
vt 0.53184 0.747257
vt 0.532933 0.745779
vt 0.53184 0.747257
vt 0.531771 0.747207
vt 0.53285 0.745723
vt 0.532933 0.745779
vt 0.53285 0.745723
vt 0.533806 0.744164
vt 0.531965 0.74736
vt 0.530656 0.74867
vt 0.530587 0.748601
vt 0.530587 0.748601
vt 0.529317 0.749945
vt 0.529186 0.749784
vt 0.529186 0.749784
vt 0.531771 0.747207
vt 0.530587 0.748601
vt 0.527804 0.751006
vt 0.52775 0.750925
vt 0.529317 0.749945
vt 0.526262 0.752032
vt 0.526185 0.751889
vt 0.52775 0.750925
vt 0.526185 0.751889
vt 0.52615 0.751811
vt 0.52775 0.750925
vt 0.526262 0.752032
vt 0.52455 0.752741
vt 0.524521 0.752669
vt 0.524521 0.752669
vt 0.522826 0.753407
vt 0.522766 0.753207
vt 0.526185 0.751889
vt 0.524521 0.752669
vt 0.524482 0.752577
vt 0.521022 0.753808
vt 0.521003 0.753712
vt 0.522826 0.753407
vt 0.519204 0.754165
vt 0.519188 0.754004
vt 0.521003 0.753712
vt 0.519188 0.754004
vt 0.519185 0.753918
vt 0.521003 0.753712
vt 0.519204 0.754165
vt 0.517352 0.754166
vt 0.517352 0.754088
vt 0.517352 0.754088
vt 0.515504 0.754121
vt 0.515525 0.753914
vt 0.519188 0.754004
vt 0.517352 0.754088
vt 0.517352 0.753988
vt 0.513683 0.753801
vt 0.513703 0.753705
vt 0.515504 0.754121
vt 0.511867 0.753436
vt 0.511915 0.75328
vt 0.513703 0.753705
vt 0.511915 0.75328
vt 0.511945 0.7532
vt 0.513703 0.753705
vt 0.511867 0.753436
vt 0.510156 0.752727
vt 0.510186 0.752655
vt 0.510186 0.752655
vt 0.508466 0.751979
vt 0.508564 0.751795
vt 0.511915 0.75328
vt 0.510186 0.752655
vt 0.510224 0.752563
vt 0.506907 0.750986
vt 0.506961 0.750905
vt 0.508466 0.751979
vt 0.505368 0.749954
vt 0.505471 0.749829
vt 0.506961 0.750905
vt 0.505471 0.749829
vt 0.50553 0.749766
vt 0.506961 0.750905
vt 0.505368 0.749954
vt 0.504058 0.748644
vt 0.504113 0.748589
vt 0.504113 0.748589
vt 0.502783 0.747306
vt 0.502945 0.747174
vt 0.505471 0.749829
vt 0.504113 0.748589
vt 0.504184 0.748519
vt 0.501723 0.745792
vt 0.501804 0.745738
vt 0.502783 0.747306
vt 0.500696 0.74425
vt 0.50084 0.744174
vt 0.501804 0.745738
vt 0.50084 0.744174
vt 0.500918 0.744138
vt 0.501804 0.745738
vt 0.500696 0.74425
vt 0.499988 0.742539
vt 0.500059 0.742509
vt 0.500059 0.742509
vt 0.499321 0.740815
vt 0.499521 0.740754
vt 0.50084 0.744174
vt 0.500059 0.742509
vt 0.500152 0.742471
vt 0.498921 0.73901
vt 0.499017 0.738991
vt 0.499321 0.740815
vt 0.498563 0.737193
vt 0.498725 0.737177
vt 0.499017 0.738991
vt 0.498725 0.737177
vt 0.49881 0.737174
vt 0.499017 0.738991
vt 0.498563 0.737193
vt 0.498563 0.73534
vt 0.49864 0.73534
vt 0.49864 0.73534
vt 0.498607 0.733492
vt 0.498815 0.733513
vt 0.498725 0.737177
vt 0.49864 0.73534
vt 0.498741 0.73534
vt 0.498928 0.731672
vt 0.499023 0.731691
vt 0.498607 0.733492
vt 0.499292 0.729856
vt 0.499448 0.729903
vt 0.499023 0.731691
vt 0.499448 0.729903
vt 0.499528 0.729933
vt 0.499023 0.731691
vt 0.499292 0.729856
vt 0.500001 0.728145
vt 0.500073 0.728174
vt 0.500073 0.728174
vt 0.50075 0.726454
vt 0.500933 0.726553
vt 0.499448 0.729903
vt 0.500073 0.728174
vt 0.500166 0.728213
vt 0.501742 0.724895
vt 0.501823 0.724949
vt 0.50075 0.726454
vt 0.502774 0.723357
vt 0.5029 0.72346
vt 0.501823 0.724949
vt 0.5029 0.72346
vt 0.502962 0.723518
vt 0.501823 0.724949
vt 0.502774 0.723357
vt 0.504084 0.722047
vt 0.504139 0.722102
vt 0.504139 0.722102
vt 0.505422 0.720772
vt 0.505554 0.720933
vt 0.5029 0.72346
vt 0.504139 0.722102
vt 0.50421 0.722173
vt 0.573161 0.683747
vt 0.573215 0.685159
vt 0.57228 0.684949
vt 0.573215 0.685159
vt 0.573258 0.686664
vt 0.572309 0.686488
vt 0.573566 0.683855
vt 0.573592 0.685248
vt 0.573215 0.685159
vt 0.573592 0.685248
vt 0.573615 0.686735
vt 0.573258 0.686664
vt 0.573646 0.689935
vt 0.573241 0.689885
vt 0.573255 0.688241
vt 0.573632 0.688303
vt 0.573255 0.688241
vt 0.573258 0.686664
vt 0.573241 0.689885
vt 0.572334 0.689781
vt 0.572323 0.688101
vt 0.573255 0.688241
vt 0.572323 0.688101
vt 0.572309 0.686488
vt 0.573024 0.679228
vt 0.573091 0.680227
vt 0.572127 0.679911
vt 0.573091 0.680227
vt 0.573148 0.681286
vt 0.572172 0.68093
vt 0.573479 0.679392
vt 0.573518 0.680361
vt 0.573091 0.680227
vt 0.573518 0.680361
vt 0.573557 0.68133
vt 0.573148 0.681286
vt 0.573566 0.683855
vt 0.573161 0.683747
vt 0.573159 0.682457
vt 0.573541 0.682562
vt 0.573159 0.682457
vt 0.573148 0.681286
vt 0.573161 0.683747
vt 0.57223 0.683456
vt 0.5722 0.682179
vt 0.573159 0.682457
vt 0.5722 0.682179
vt 0.572172 0.68093
vt 0.577727 0.684658
vt 0.57772 0.683163
vt 0.578655 0.682952
vt 0.57772 0.683163
vt 0.577726 0.681764
vt 0.578696 0.681467
vt 0.577322 0.684739
vt 0.577343 0.683252
vt 0.57772 0.683163
vt 0.577343 0.683252
vt 0.577368 0.68186
vt 0.577726 0.681764
vt 0.577376 0.679333
vt 0.57783 0.679189
vt 0.577774 0.680451
vt 0.577393 0.680565
vt 0.577774 0.680451
vt 0.577726 0.681764
vt 0.57783 0.679189
vt 0.57877 0.678907
vt 0.578733 0.68018
vt 0.577774 0.680451
vt 0.578733 0.68018
vt 0.578696 0.681467
vt 0.577688 0.691317
vt 0.577663 0.689589
vt 0.578595 0.689515
vt 0.577663 0.689589
vt 0.57765 0.687894
vt 0.578598 0.687784
vt 0.577284 0.691335
vt 0.577286 0.68962
vt 0.577663 0.689589
vt 0.577286 0.68962
vt 0.577294 0.687939
vt 0.57765 0.687894
vt 0.577322 0.684739
vt 0.577727 0.684658
vt 0.577682 0.686245
vt 0.577306 0.686306
vt 0.577682 0.686245
vt 0.57765 0.687894
vt 0.577727 0.684658
vt 0.578634 0.684489
vt 0.578615 0.686103
vt 0.577682 0.686245
vt 0.578615 0.686103
vt 0.578598 0.687784
vt 0.577727 0.698243
vt 0.577682 0.696543
vt 0.578615 0.696612
vt 0.577682 0.696543
vt 0.57765 0.694812
vt 0.578598 0.694846
vt 0.577322 0.698195
vt 0.577306 0.696514
vt 0.577682 0.696543
vt 0.577306 0.696514
vt 0.577294 0.694798
vt 0.57765 0.694812
vt 0.577284 0.691335
vt 0.577688 0.691317
vt 0.577663 0.693066
vt 0.577286 0.693067
vt 0.577663 0.693066
vt 0.57765 0.694812
vt 0.577688 0.691317
vt 0.578595 0.69128
vt 0.578595 0.693063
vt 0.577663 0.693066
vt 0.578595 0.693063
vt 0.578598 0.694846
vt 0.57783 0.704455
vt 0.577771 0.702978
vt 0.578733 0.703186
vt 0.577771 0.702978
vt 0.577722 0.701467
vt 0.578696 0.70168
vt 0.577376 0.704339
vt 0.577345 0.70289
vt 0.577771 0.702978
vt 0.577345 0.70289
vt 0.577313 0.701441
vt 0.577722 0.701467
vt 0.577322 0.698195
vt 0.577727 0.698243
vt 0.57772 0.699888
vt 0.577338 0.699832
vt 0.57772 0.699888
vt 0.577722 0.701467
vt 0.577727 0.698243
vt 0.578634 0.698343
vt 0.578655 0.700028
vt 0.57772 0.699888
vt 0.578655 0.700028
vt 0.578696 0.70168
vt 0.576906 0.734271
vt 0.577076 0.735921
vt 0.576071 0.736028
vt 0.577076 0.735921
vt 0.57729 0.737506
vt 0.576273 0.737648
vt 0.577347 0.734236
vt 0.577486 0.735874
vt 0.577076 0.735921
vt 0.577486 0.735874
vt 0.577677 0.737448
vt 0.57729 0.737506
vt 0.578233 0.740411
vt 0.57775 0.740513
vt 0.57751 0.739028
vt 0.577921 0.738951
vt 0.57751 0.739028
vt 0.57729 0.737506
vt 0.57775 0.740513
vt 0.576757 0.74071
vt 0.576512 0.739197
vt 0.57751 0.739028
vt 0.576512 0.739197
vt 0.576273 0.737648
vt 0.576907 0.727342
vt 0.576852 0.729089
vt 0.575844 0.729057
vt 0.576852 0.729089
vt 0.576846 0.730836
vt 0.57582 0.73084
vt 0.577347 0.727373
vt 0.577264 0.729103
vt 0.576852 0.729089
vt 0.577264 0.729103
vt 0.577236 0.730834
vt 0.576846 0.730836
vt 0.577347 0.734236
vt 0.576906 0.734271
vt 0.576852 0.732569
vt 0.577264 0.732551
vt 0.576852 0.732569
vt 0.576846 0.730836
vt 0.576906 0.734271
vt 0.575926 0.734343
vt 0.575844 0.732607
vt 0.576852 0.732569
vt 0.575844 0.732607
vt 0.57582 0.73084
vt 0.577779 0.720707
vt 0.577514 0.722286
vt 0.576518 0.722115
vt 0.577514 0.722286
vt 0.57729 0.723929
vt 0.576273 0.723789
vt 0.578211 0.7208
vt 0.57792 0.722359
vt 0.577514 0.722286
vt 0.57792 0.722359
vt 0.577677 0.723985
vt 0.57729 0.723929
vt 0.577347 0.727373
vt 0.576907 0.727342
vt 0.577075 0.725617
vt 0.577486 0.725662
vt 0.577075 0.725617
vt 0.57729 0.723929
vt 0.576907 0.727342
vt 0.575926 0.727276
vt 0.576071 0.725514
vt 0.577075 0.725617
vt 0.576071 0.725514
vt 0.576273 0.723789
vt 0.580293 0.734254
vt 0.580296 0.735904
vt 0.579337 0.736043
vt 0.580296 0.735904
vt 0.580292 0.737528
vt 0.579313 0.737701
vt 0.580698 0.734207
vt 0.580677 0.735845
vt 0.580296 0.735904
vt 0.580677 0.735845
vt 0.580697 0.737453
vt 0.580292 0.737528
vt 0.578211 0.7208
vt 0.577779 0.720707
vt 0.578147 0.719214
vt 0.578551 0.719316
vt 0.578147 0.719214
vt 0.578533 0.717763
vt 0.577779 0.720707
vt 0.576816 0.720509
vt 0.577162 0.718981
vt 0.578147 0.719214
vt 0.577162 0.718981
vt 0.577512 0.717491
vt 0.580351 0.727328
vt 0.580371 0.729076
vt 0.579439 0.729071
vt 0.580371 0.729076
vt 0.580379 0.730823
vt 0.579431 0.730854
vt 0.580755 0.727347
vt 0.580748 0.729078
vt 0.580371 0.729076
vt 0.580748 0.729078
vt 0.580736 0.73081
vt 0.580379 0.730823
vt 0.580698 0.734207
vt 0.580293 0.734254
vt 0.580342 0.732554
vt 0.580719 0.732525
vt 0.580342 0.732554
vt 0.580379 0.730823
vt 0.580293 0.734254
vt 0.579363 0.73438
vt 0.579408 0.732622
vt 0.580342 0.732554
vt 0.579408 0.732622
vt 0.579431 0.730854
vt 0.580331 0.720668
vt 0.580371 0.722255
vt 0.579439 0.722111
vt 0.580371 0.722255
vt 0.580398 0.723905
vt 0.579451 0.723792
vt 0.580736 0.72075
vt 0.580748 0.722318
vt 0.580371 0.722255
vt 0.580748 0.722318
vt 0.580755 0.72395
vt 0.580398 0.723905
vt 0.580755 0.727347
vt 0.580351 0.727328
vt 0.580381 0.725599
vt 0.580757 0.725632
vt 0.580381 0.725599
vt 0.580398 0.723905
vt 0.580351 0.727328
vt 0.579444 0.727288
vt 0.579449 0.725523
vt 0.580381 0.725599
vt 0.579449 0.725523
vt 0.579451 0.723792
vt 0.580243 0.715199
vt 0.580296 0.716461
vt 0.579338 0.716188
vt 0.580296 0.716461
vt 0.580341 0.717774
vt 0.579371 0.717475
vt 0.580697 0.715344
vt 0.580677 0.716576
vt 0.580296 0.716461
vt 0.580677 0.716576
vt 0.580698 0.717871
vt 0.580341 0.717774
vt 0.580736 0.72075
vt 0.580331 0.720668
vt 0.580342 0.719174
vt 0.580719 0.719264
vt 0.580342 0.719174
vt 0.580341 0.717774
vt 0.580331 0.720668
vt 0.579424 0.720497
vt 0.579408 0.71896
vt 0.580342 0.719174
vt 0.579408 0.71896
vt 0.579371 0.717475
vt 0.573176 0.70347
vt 0.573176 0.704965
vt 0.57224 0.705172
vt 0.573176 0.704965
vt 0.573164 0.706365
vt 0.572192 0.706656
vt 0.573581 0.703391
vt 0.573553 0.704878
vt 0.573176 0.704965
vt 0.573553 0.704878
vt 0.573521 0.70627
vt 0.573164 0.706365
vt 0.573502 0.708797
vt 0.573047 0.708939
vt 0.573109 0.707677
vt 0.573491 0.707565
vt 0.573109 0.707677
vt 0.573164 0.706365
vt 0.573047 0.708939
vt 0.572106 0.709216
vt 0.572148 0.707943
vt 0.573109 0.707677
vt 0.572148 0.707943
vt 0.572192 0.706656
vt 0.573246 0.696811
vt 0.573263 0.69854
vt 0.572331 0.698609
vt 0.573263 0.69854
vt 0.573268 0.700234
vt 0.57232 0.70034
vt 0.573651 0.696795
vt 0.57364 0.69851
vt 0.573263 0.69854
vt 0.57364 0.69851
vt 0.573625 0.700192
vt 0.573268 0.700234
vt 0.573581 0.703391
vt 0.573176 0.70347
vt 0.573228 0.701884
vt 0.573605 0.701824
vt 0.573228 0.701884
vt 0.573268 0.700234
vt 0.573176 0.70347
vt 0.572268 0.703635
vt 0.572295 0.702021
vt 0.573228 0.701884
vt 0.572295 0.702021
vt 0.57232 0.70034
vt 0.573241 0.689885
vt 0.573277 0.691585
vt 0.572345 0.691512
vt 0.573277 0.691585
vt 0.573301 0.693317
vt 0.572354 0.693278
vt 0.573646 0.689935
vt 0.573654 0.691617
vt 0.573277 0.691585
vt 0.573654 0.691617
vt 0.573658 0.693332
vt 0.573301 0.693317
vt 0.573651 0.696795
vt 0.573246 0.696811
vt 0.57328 0.695063
vt 0.573657 0.695064
vt 0.57328 0.695063
vt 0.573301 0.693317
vt 0.573246 0.696811
vt 0.572339 0.696844
vt 0.572348 0.695061
vt 0.57328 0.695063
vt 0.572348 0.695061
vt 0.572354 0.693278
vt 0.51204 0.717727
vt 0.510339 0.718339
vt 0.510257 0.71814
vt 0.510339 0.718339
vt 0.508727 0.719152
vt 0.50859 0.718906
vt 0.512061 0.717796
vt 0.510367 0.718406
vt 0.510339 0.718339
vt 0.512046 0.717748
vt 0.51038 0.718438
vt 0.510367 0.718406
vt 0.51038 0.718438
vt 0.508714 0.719128
vt 0.508727 0.719152
vt 0.505712 0.721126
vt 0.505744 0.721164
vt 0.507177 0.720072
vt 0.505744 0.721164
vt 0.505698 0.721109
vt 0.507177 0.720072
vt 0.507213 0.720127
vt 0.507177 0.720072
vt 0.508727 0.719152
vt 0.505698 0.721109
vt 0.505554 0.720933
vt 0.50859 0.718906
vt 0.519193 0.717029
vt 0.517388 0.716944
vt 0.517388 0.716729
vt 0.517388 0.716944
vt 0.515588 0.717084
vt 0.515555 0.716799
vt 0.519185 0.71711
vt 0.517388 0.717021
vt 0.517388 0.716944
vt 0.51918 0.717162
vt 0.517388 0.717073
vt 0.517388 0.717021
vt 0.517388 0.717073
vt 0.515595 0.71716
vt 0.515588 0.717084
vt 0.512046 0.717748
vt 0.512061 0.717796
vt 0.513803 0.717336
vt 0.512061 0.717796
vt 0.51204 0.717727
vt 0.513803 0.717336
vt 0.513816 0.71741
vt 0.513803 0.717336
vt 0.515588 0.717084
vt 0.51204 0.717727
vt 0.511974 0.71751
vt 0.515555 0.716799
vt 0.526068 0.719122
vt 0.524433 0.718352
vt 0.524516 0.718154
vt 0.524433 0.718352
vt 0.522718 0.717787
vt 0.522795 0.717517
vt 0.526034 0.719186
vt 0.524405 0.71842
vt 0.524433 0.718352
vt 0.526058 0.719142
vt 0.524392 0.718452
vt 0.524405 0.71842
vt 0.524392 0.718452
vt 0.522726 0.717762
vt 0.522718 0.717787
vt 0.51918 0.717162
vt 0.519185 0.71711
vt 0.520971 0.717343
vt 0.519185 0.71711
vt 0.519193 0.717029
vt 0.520971 0.717343
vt 0.520958 0.717417
vt 0.520971 0.717343
vt 0.522718 0.717787
vt 0.519193 0.717029
vt 0.519215 0.716803
vt 0.522795 0.717517
vt 0.53162 0.723687
vt 0.530404 0.72235
vt 0.530555 0.722198
vt 0.530404 0.72235
vt 0.529035 0.721172
vt 0.52921 0.720951
vt 0.531564 0.723732
vt 0.530352 0.722401
vt 0.530404 0.72235
vt 0.531602 0.723701
vt 0.530328 0.722426
vt 0.530352 0.722401
vt 0.530328 0.722426
vt 0.529052 0.721151
vt 0.529035 0.721172
vt 0.526058 0.719142
vt 0.526034 0.719186
vt 0.527592 0.720092
vt 0.526034 0.719186
vt 0.526068 0.719122
vt 0.527592 0.720092
vt 0.527555 0.720146
vt 0.527592 0.720092
vt 0.529035 0.721172
vt 0.526068 0.719122
vt 0.526176 0.718922
vt 0.52921 0.720951
vt 0.535001 0.730028
vt 0.534351 0.728344
vt 0.533827 0.726588
vt 0.534351 0.728344
vt 0.533576 0.726716
vt 0.533827 0.726588
vt 0.53498 0.730035
vt 0.53429 0.728369
vt 0.534351 0.728344
vt 0.53429 0.728369
vt 0.5336 0.726703
vt 0.533576 0.726716
vt 0.531602 0.723701
vt 0.531564 0.723732
vt 0.53263 0.725183
vt 0.531564 0.723732
vt 0.53162 0.723687
vt 0.532691 0.725142
vt 0.53263 0.725183
vt 0.532691 0.725142
vt 0.533576 0.726716
vt 0.532601 0.725202
vt 0.53263 0.725183
vt 0.533576 0.726716
vt 0.53162 0.723687
vt 0.531795 0.723543
vt 0.53287 0.725023
vt 0.532691 0.725142
vt 0.53287 0.725023
vt 0.533827 0.726588
vt 0.535699 0.737181
vt 0.535785 0.735376
vt 0.535999 0.735376
vt 0.535785 0.735376
vt 0.53565 0.733576
vt 0.53593 0.733543
vt 0.535627 0.737174
vt 0.535712 0.735376
vt 0.535785 0.735376
vt 0.535677 0.737179
vt 0.535677 0.735376
vt 0.535712 0.735376
vt 0.535677 0.735376
vt 0.535677 0.733573
vt 0.53565 0.733576
vt 0.53498 0.730035
vt 0.534933 0.730049
vt 0.535393 0.731791
vt 0.534933 0.730049
vt 0.535001 0.730028
vt 0.535393 0.731791
vt 0.535329 0.731804
vt 0.535393 0.731791
vt 0.53565 0.733576
vt 0.535001 0.730028
vt 0.535219 0.729963
vt 0.53593 0.733543
vt 0.533606 0.744057
vt 0.534376 0.742422
vt 0.534574 0.742504
vt 0.534376 0.742422
vt 0.534941 0.740707
vt 0.535212 0.740784
vt 0.533543 0.744023
vt 0.534309 0.742394
vt 0.534376 0.742422
vt 0.533587 0.744046
vt 0.534277 0.742381
vt 0.534309 0.742394
vt 0.534277 0.742381
vt 0.534967 0.740715
vt 0.534941 0.740707
vt 0.535677 0.737179
vt 0.535627 0.737174
vt 0.535386 0.73896
vt 0.535627 0.737174
vt 0.535699 0.737181
vt 0.535386 0.73896
vt 0.535322 0.738947
vt 0.535386 0.73896
vt 0.534941 0.740707
vt 0.535699 0.737181
vt 0.535925 0.737204
vt 0.535212 0.740784
vt 0.529042 0.749608
vt 0.530349 0.748362
vt 0.531771 0.747207
vt 0.530349 0.748362
vt 0.531557 0.747024
vt 0.531771 0.747207
vt 0.529028 0.749591
vt 0.530303 0.748316
vt 0.530349 0.748362
vt 0.530303 0.748316
vt 0.531577 0.747041
vt 0.531557 0.747024
vt 0.533587 0.744046
vt 0.533543 0.744023
vt 0.532611 0.745563
vt 0.533543 0.744023
vt 0.533606 0.744057
vt 0.532672 0.745604
vt 0.532611 0.745563
vt 0.532672 0.745604
vt 0.531557 0.747024
vt 0.532582 0.745544
vt 0.532611 0.745563
vt 0.531557 0.747024
vt 0.533606 0.744057
vt 0.533806 0.744164
vt 0.53285 0.745723
vt 0.532672 0.745604
vt 0.53285 0.745723
vt 0.531771 0.747207
vt 0.5227 0.75299
vt 0.524401 0.752378
vt 0.524482 0.752577
vt 0.524401 0.752378
vt 0.526013 0.751565
vt 0.52615 0.751811
vt 0.522679 0.752921
vt 0.524373 0.752311
vt 0.524401 0.752378
vt 0.522694 0.752969
vt 0.524359 0.752279
vt 0.524373 0.752311
vt 0.524359 0.752279
vt 0.526025 0.751589
vt 0.526013 0.751565
vt 0.529028 0.749591
vt 0.528996 0.749552
vt 0.527563 0.750645
vt 0.528996 0.749552
vt 0.529042 0.749608
vt 0.527563 0.750645
vt 0.527526 0.75059
vt 0.527563 0.750645
vt 0.526013 0.751565
vt 0.529042 0.749608
vt 0.529186 0.749784
vt 0.52615 0.751811
vt 0.515547 0.753688
vt 0.517352 0.753773
vt 0.517352 0.753988
vt 0.517352 0.753773
vt 0.519153 0.753639
vt 0.519185 0.753918
vt 0.515554 0.753616
vt 0.517352 0.7537
vt 0.517352 0.753773
vt 0.515549 0.753666
vt 0.517352 0.753666
vt 0.517352 0.7537
vt 0.517352 0.753666
vt 0.519155 0.753666
vt 0.519153 0.753639
vt 0.522694 0.752969
vt 0.522679 0.752921
vt 0.520937 0.753382
vt 0.522679 0.752921
vt 0.5227 0.75299
vt 0.520937 0.753382
vt 0.520925 0.753317
vt 0.520937 0.753382
vt 0.519153 0.753639
vt 0.5227 0.75299
vt 0.522766 0.753207
vt 0.519185 0.753918
vt 0.508672 0.751595
vt 0.510306 0.752365
vt 0.510224 0.752563
vt 0.510306 0.752365
vt 0.512022 0.752929
vt 0.511945 0.7532
vt 0.508705 0.751531
vt 0.510334 0.752297
vt 0.510306 0.752365
vt 0.508682 0.751575
vt 0.510348 0.752265
vt 0.510334 0.752297
vt 0.510348 0.752265
vt 0.512014 0.752955
vt 0.512022 0.752929
vt 0.515549 0.753666
vt 0.515554 0.753616
vt 0.513769 0.753375
vt 0.515554 0.753616
vt 0.515547 0.753688
vt 0.513769 0.753375
vt 0.513781 0.753311
vt 0.513769 0.753375
vt 0.512022 0.752929
vt 0.515547 0.753688
vt 0.515525 0.753914
vt 0.511945 0.7532
vt 0.50312 0.74703
vt 0.504336 0.748367
vt 0.504184 0.748519
vt 0.504336 0.748367
vt 0.505705 0.749545
vt 0.50553 0.749766
vt 0.503176 0.746984
vt 0.504388 0.748316
vt 0.504336 0.748367
vt 0.503137 0.747016
vt 0.504412 0.748291
vt 0.504388 0.748316
vt 0.504412 0.748291
vt 0.505687 0.749566
vt 0.505705 0.749545
vt 0.508682 0.751575
vt 0.508705 0.751531
vt 0.507148 0.750625
vt 0.508705 0.751531
vt 0.508672 0.751595
vt 0.507148 0.750625
vt 0.507185 0.750571
vt 0.507148 0.750625
vt 0.505705 0.749545
vt 0.508672 0.751595
vt 0.508564 0.751795
vt 0.50553 0.749766
vt 0.499739 0.740688
vt 0.50035 0.742389
vt 0.500152 0.742471
vt 0.50035 0.742389
vt 0.501163 0.744001
vt 0.500918 0.744138
vt 0.499816 0.740665
vt 0.500419 0.742361
vt 0.50035 0.742389
vt 0.499866 0.74065
vt 0.50046 0.742345
vt 0.500419 0.742361
vt 0.50046 0.742345
vt 0.501139 0.744014
vt 0.501163 0.744001
vt 0.503137 0.747016
vt 0.503176 0.746984
vt 0.502084 0.745551
vt 0.503176 0.746984
vt 0.50312 0.74703
vt 0.502084 0.745551
vt 0.502138 0.745515
vt 0.502084 0.745551
vt 0.501163 0.744001
vt 0.50312 0.74703
vt 0.502945 0.747174
vt 0.500918 0.744138
vt 0.499041 0.733535
vt 0.498955 0.735341
vt 0.498741 0.73534
vt 0.498955 0.735341
vt 0.49909 0.737141
vt 0.49881 0.737174
vt 0.499112 0.733543
vt 0.499028 0.735341
vt 0.498955 0.735341
vt 0.499063 0.733538
vt 0.499063 0.735341
vt 0.499028 0.735341
vt 0.499063 0.735341
vt 0.499063 0.737144
vt 0.49909 0.737141
vt 0.499866 0.74065
vt 0.499816 0.740665
vt 0.499348 0.738925
vt 0.499816 0.740665
vt 0.499739 0.740688
vt 0.499348 0.738925
vt 0.499421 0.73891
vt 0.499348 0.738925
vt 0.49909 0.737141
vt 0.499739 0.740688
vt 0.499521 0.740754
vt 0.49881 0.737174
vt 0.501134 0.72666
vt 0.500364 0.728295
vt 0.500166 0.728213
vt 0.500364 0.728295
vt 0.499799 0.73001
vt 0.499528 0.729933
vt 0.501197 0.726694
vt 0.500431 0.728323
vt 0.500364 0.728295
vt 0.501153 0.72667
vt 0.500463 0.728336
vt 0.500431 0.728323
vt 0.500463 0.728336
vt 0.499773 0.730002
vt 0.499799 0.73001
vt 0.499063 0.733538
vt 0.499112 0.733543
vt 0.499354 0.731757
vt 0.499112 0.733543
vt 0.499041 0.733535
vt 0.499354 0.731757
vt 0.499418 0.73177
vt 0.499354 0.731757
vt 0.499799 0.73001
vt 0.499041 0.733535
vt 0.498815 0.733513
vt 0.499528 0.729933
vt 0.505698 0.721109
vt 0.504361 0.722325
vt 0.50421 0.722173
vt 0.504361 0.722325
vt 0.503183 0.723693
vt 0.502962 0.723518
vt 0.505744 0.721164
vt 0.504413 0.722376
vt 0.504361 0.722325
vt 0.505712 0.721126
vt 0.504437 0.722401
vt 0.504413 0.722376
vt 0.504437 0.722401
vt 0.503162 0.723676
vt 0.503183 0.723693
vt 0.501153 0.72667
vt 0.501197 0.726694
vt 0.502103 0.725137
vt 0.501197 0.726694
vt 0.501134 0.72666
vt 0.502103 0.725137
vt 0.502158 0.725173
vt 0.502103 0.725137
vt 0.503183 0.723693
vt 0.501134 0.72666
vt 0.500933 0.726553
vt 0.502962 0.723518
vt 0.579847 0.681983
vt 0.579621 0.683705
vt 0.579426 0.683703
vt 0.579621 0.683705
vt 0.579422 0.685449
vt 0.579226 0.685448
vt 0.579938 0.682039
vt 0.579684 0.683713
vt 0.579621 0.683705
vt 0.579956 0.681999
vt 0.579726 0.683711
vt 0.579684 0.683713
vt 0.579726 0.683711
vt 0.579495 0.685423
vt 0.579481 0.68545
vt 0.579684 0.683713
vt 0.579481 0.68545
vt 0.579422 0.685449
vt 0.579258 0.689056
vt 0.579246 0.689065
vt 0.579318 0.687241
vt 0.579246 0.689065
vt 0.579183 0.689065
vt 0.579318 0.687241
vt 0.579377 0.68724
vt 0.579318 0.687241
vt 0.579481 0.68545
vt 0.579183 0.689065
vt 0.578994 0.689065
vt 0.579083 0.687239
vt 0.579083 0.687239
vt 0.579226 0.685448
vt 0.579422 0.685449
vt 0.576533 0.685451
vt 0.576551 0.683709
vt 0.576755 0.683713
vt 0.576551 0.683709
vt 0.576529 0.681995
vt 0.576782 0.682045
vt 0.576468 0.685452
vt 0.57649 0.683711
vt 0.576551 0.683709
vt 0.576419 0.685424
vt 0.576444 0.683714
vt 0.57649 0.683711
vt 0.576444 0.683714
vt 0.576469 0.682003
vt 0.576529 0.681995
vt 0.579956 0.681999
vt 0.579938 0.682039
vt 0.580248 0.680455
vt 0.579938 0.682039
vt 0.579847 0.681983
vt 0.580198 0.680441
vt 0.580248 0.680455
vt 0.580198 0.680441
vt 0.580568 0.678907
vt 0.580293 0.68046
vt 0.580248 0.680455
vt 0.580568 0.678907
vt 0.576846 0.678899
vt 0.576816 0.680451
vt 0.576607 0.680444
vt 0.576607 0.680444
vt 0.576816 0.680451
vt 0.576782 0.682045
vt 0.576491 0.692754
vt 0.576491 0.690911
vt 0.576695 0.690912
vt 0.576491 0.690911
vt 0.576498 0.689068
vt 0.576705 0.689068
vt 0.576427 0.692754
vt 0.57643 0.690911
vt 0.576491 0.690911
vt 0.576378 0.692763
vt 0.576384 0.690911
vt 0.57643 0.690911
vt 0.576384 0.690911
vt 0.576389 0.689058
vt 0.576437 0.689068
vt 0.57643 0.690911
vt 0.576437 0.689068
vt 0.576498 0.689068
vt 0.576419 0.685424
vt 0.576468 0.685452
vt 0.576468 0.687243
vt 0.576468 0.685452
vt 0.576533 0.685451
vt 0.576468 0.687243
vt 0.576404 0.687241
vt 0.576468 0.687243
vt 0.576437 0.689068
vt 0.576533 0.685451
vt 0.576732 0.685451
vt 0.576713 0.687242
vt 0.576713 0.687242
vt 0.576705 0.689068
vt 0.576498 0.689068
vt 0.576533 0.699777
vt 0.576512 0.698108
vt 0.576715 0.69811
vt 0.576512 0.698108
vt 0.576498 0.69637
vt 0.576703 0.696371
vt 0.576468 0.699775
vt 0.57645 0.698105
vt 0.576512 0.698108
vt 0.576419 0.69982
vt 0.576404 0.698108
vt 0.57645 0.698105
vt 0.576404 0.698108
vt 0.576389 0.696396
vt 0.576437 0.696369
vt 0.57645 0.698105
vt 0.576437 0.696369
vt 0.576498 0.69637
vt 0.576378 0.692763
vt 0.576427 0.692754
vt 0.57643 0.694578
vt 0.576427 0.692754
vt 0.576491 0.692754
vt 0.576492 0.69458
vt 0.57643 0.694578
vt 0.576492 0.69458
vt 0.576498 0.69637
vt 0.576384 0.694579
vt 0.57643 0.694578
vt 0.576437 0.696369
vt 0.576689 0.692755
vt 0.576697 0.694581
vt 0.576492 0.69458
vt 0.576697 0.694581
vt 0.576703 0.696371
vt 0.576498 0.69637
vt 0.576639 0.705547
vt 0.576609 0.704221
vt 0.576813 0.704224
vt 0.57658 0.705533
vt 0.576548 0.704213
vt 0.576609 0.704221
vt 0.576535 0.70552
vt 0.576502 0.704209
vt 0.576548 0.704213
vt 0.576502 0.704209
vt 0.576469 0.702898
vt 0.576517 0.702839
vt 0.576548 0.704213
vt 0.576517 0.702839
vt 0.576595 0.702841
vt 0.576419 0.69982
vt 0.576468 0.699775
vt 0.57649 0.701354
vt 0.576468 0.699775
vt 0.576533 0.699777
vt 0.576552 0.701359
vt 0.57649 0.701354
vt 0.576552 0.701359
vt 0.576595 0.702841
vt 0.576444 0.701359
vt 0.57649 0.701354
vt 0.576517 0.702839
vt 0.576533 0.699777
vt 0.576732 0.699778
vt 0.576755 0.701361
vt 0.576552 0.701359
vt 0.576755 0.701361
vt 0.576595 0.702841
vt 0.57149 0.720676
vt 0.571474 0.719097
vt 0.571719 0.719092
vt 0.571719 0.719092
vt 0.571474 0.719097
vt 0.571552 0.717612
vt 0.571376 0.720632
vt 0.57141 0.719093
vt 0.571474 0.719097
vt 0.57141 0.719093
vt 0.571443 0.717554
vt 0.571491 0.717614
vt 0.571474 0.719097
vt 0.571491 0.717614
vt 0.571552 0.717612
vt 0.571524 0.714933
vt 0.571569 0.714919
vt 0.571529 0.71624
vt 0.571569 0.714919
vt 0.571628 0.714906
vt 0.571592 0.716232
vt 0.571529 0.71624
vt 0.571592 0.716232
vt 0.571552 0.717612
vt 0.571483 0.716243
vt 0.571529 0.71624
vt 0.571491 0.717614
vt 0.571835 0.714907
vt 0.571797 0.71623
vt 0.571592 0.716232
vt 0.571592 0.716232
vt 0.571797 0.71623
vt 0.571758 0.71761
vt 0.571411 0.727698
vt 0.57142 0.725872
vt 0.571623 0.725872
vt 0.57142 0.725872
vt 0.571392 0.724083
vt 0.571641 0.724082
vt 0.571345 0.727698
vt 0.571358 0.725874
vt 0.57142 0.725872
vt 0.571297 0.727688
vt 0.571312 0.725872
vt 0.571358 0.725874
vt 0.571312 0.725872
vt 0.571327 0.724056
vt 0.571392 0.724083
vt 0.571376 0.720632
vt 0.571425 0.720677
vt 0.571398 0.722347
vt 0.571425 0.720677
vt 0.57149 0.720676
vt 0.571459 0.722344
vt 0.571398 0.722347
vt 0.571459 0.722344
vt 0.571392 0.724083
vt 0.571352 0.722344
vt 0.571398 0.722347
vt 0.571392 0.724083
vt 0.57149 0.720676
vt 0.571689 0.720675
vt 0.571663 0.722344
vt 0.571459 0.722344
vt 0.571663 0.722344
vt 0.571641 0.724082
vt 0.571411 0.735001
vt 0.571399 0.73321
vt 0.571603 0.733212
vt 0.571399 0.73321
vt 0.571396 0.731385
vt 0.571603 0.731385
vt 0.571345 0.735
vt 0.571338 0.733209
vt 0.571399 0.73321
vt 0.571297 0.735027
vt 0.571292 0.73321
vt 0.571338 0.733209
vt 0.571292 0.73321
vt 0.571286 0.731393
vt 0.571335 0.731384
vt 0.571338 0.733209
vt 0.571335 0.731384
vt 0.571396 0.731385
vt 0.571297 0.727688
vt 0.571345 0.727698
vt 0.571356 0.729541
vt 0.571345 0.727698
vt 0.571411 0.727698
vt 0.571356 0.729541
vt 0.571292 0.729541
vt 0.571356 0.729541
vt 0.571335 0.731384
vt 0.571411 0.727698
vt 0.57161 0.727698
vt 0.571601 0.729542
vt 0.571601 0.729542
vt 0.571603 0.731385
vt 0.571396 0.731385
vt 0.571488 0.741474
vt 0.57146 0.73999
vt 0.571663 0.739993
vt 0.57146 0.73999
vt 0.571436 0.738407
vt 0.571643 0.738409
vt 0.571425 0.741471
vt 0.571398 0.739986
vt 0.57146 0.73999
vt 0.571376 0.741532
vt 0.571352 0.73999
vt 0.571398 0.739986
vt 0.571352 0.73999
vt 0.571327 0.738449
vt 0.571375 0.738405
vt 0.571398 0.739986
vt 0.571375 0.738405
vt 0.571436 0.738407
vt 0.571297 0.735027
vt 0.571345 0.735
vt 0.571376 0.736736
vt 0.571345 0.735
vt 0.571411 0.735001
vt 0.571376 0.736736
vt 0.571312 0.736738
vt 0.571376 0.736736
vt 0.571375 0.738405
vt 0.571411 0.735001
vt 0.57161 0.735002
vt 0.571621 0.73674
vt 0.571621 0.73674
vt 0.571643 0.738409
vt 0.571436 0.738407
vt 0.571628 0.746242
vt 0.57159 0.745194
vt 0.571795 0.745197
vt 0.571569 0.746227
vt 0.571529 0.745185
vt 0.57159 0.745194
vt 0.571524 0.746211
vt 0.571483 0.74518
vt 0.571529 0.745185
vt 0.571483 0.74518
vt 0.571443 0.744149
vt 0.571491 0.744077
vt 0.571529 0.745185
vt 0.571491 0.744077
vt 0.57157 0.74408
vt 0.571376 0.741532
vt 0.571425 0.741471
vt 0.571456 0.742835
vt 0.571425 0.741471
vt 0.571488 0.741474
vt 0.571519 0.742841
vt 0.571456 0.742835
vt 0.571519 0.742841
vt 0.57157 0.74408
vt 0.57141 0.742841
vt 0.571456 0.742835
vt 0.571491 0.744077
vt 0.571687 0.741476
vt 0.571723 0.742843
vt 0.571519 0.742841
vt 0.571519 0.742841
vt 0.571723 0.742843
vt 0.57157 0.74408
vt 0.576226 0.699777
vt 0.576205 0.701359
vt 0.576002 0.701361
vt 0.57629 0.699775
vt 0.576267 0.701354
vt 0.576205 0.701359
vt 0.576338 0.69982
vt 0.576313 0.701359
vt 0.576267 0.701354
vt 0.576313 0.701359
vt 0.576288 0.702898
vt 0.57624 0.702839
vt 0.576267 0.701354
vt 0.57624 0.702839
vt 0.576161 0.702841
vt 0.576222 0.70552
vt 0.576177 0.705533
vt 0.57621 0.704213
vt 0.576177 0.705533
vt 0.576118 0.705547
vt 0.576146 0.704221
vt 0.57621 0.704213
vt 0.576146 0.704221
vt 0.576161 0.702841
vt 0.576255 0.704209
vt 0.57621 0.704213
vt 0.57624 0.702839
vt 0.575911 0.705548
vt 0.575941 0.704224
vt 0.576146 0.704221
vt 0.576146 0.704221
vt 0.575941 0.704224
vt 0.576161 0.702841
vt 0.576265 0.692754
vt 0.576266 0.69458
vt 0.576062 0.694581
vt 0.576266 0.69458
vt 0.576259 0.69637
vt 0.576052 0.696371
vt 0.57633 0.692754
vt 0.576327 0.694578
vt 0.576266 0.69458
vt 0.576378 0.692763
vt 0.576373 0.694579
vt 0.576327 0.694578
vt 0.576373 0.694579
vt 0.576368 0.696396
vt 0.57632 0.696369
vt 0.576327 0.694578
vt 0.57632 0.696369
vt 0.576259 0.69637
vt 0.576338 0.69982
vt 0.57629 0.699775
vt 0.576307 0.698105
vt 0.57629 0.699775
vt 0.576226 0.699777
vt 0.576245 0.698108
vt 0.576307 0.698105
vt 0.576245 0.698108
vt 0.576259 0.69637
vt 0.576353 0.698108
vt 0.576307 0.698105
vt 0.57632 0.696369
vt 0.576027 0.699778
vt 0.576041 0.69811
vt 0.576245 0.698108
vt 0.576041 0.69811
vt 0.576052 0.696371
vt 0.576259 0.69637
vt 0.57603 0.685451
vt 0.576269 0.685452
vt 0.576245 0.687242
vt 0.576041 0.687242
vt 0.576245 0.687242
vt 0.576259 0.689068
vt 0.576269 0.685452
vt 0.576307 0.687243
vt 0.576245 0.687242
vt 0.576338 0.685424
vt 0.576353 0.687241
vt 0.576307 0.687243
vt 0.576353 0.687241
vt 0.576368 0.689058
vt 0.57632 0.689068
vt 0.576307 0.687243
vt 0.57632 0.689068
vt 0.576259 0.689068
vt 0.576378 0.692763
vt 0.57633 0.692754
vt 0.576327 0.690911
vt 0.57633 0.692754
vt 0.576265 0.692754
vt 0.576266 0.690911
vt 0.576327 0.690911
vt 0.576266 0.690911
vt 0.576259 0.689068
vt 0.576373 0.690911
vt 0.576327 0.690911
vt 0.57632 0.689068
vt 0.576265 0.692754
vt 0.576065 0.692755
vt 0.576062 0.690912
vt 0.576266 0.690911
vt 0.576062 0.690912
vt 0.576052 0.689068
vt 0.576118 0.678899
vt 0.576148 0.680452
vt 0.575944 0.680451
vt 0.576148 0.680452
vt 0.576179 0.682046
vt 0.575973 0.682045
vt 0.576177 0.67891
vt 0.57621 0.680458
vt 0.576148 0.680452
vt 0.576222 0.67892
vt 0.576255 0.680462
vt 0.57621 0.680458
vt 0.576255 0.680462
vt 0.576288 0.682003
vt 0.57624 0.682047
vt 0.57621 0.680458
vt 0.57624 0.682047
vt 0.576179 0.682046
vt 0.576338 0.685424
vt 0.576269 0.685452
vt 0.576267 0.683717
vt 0.576267 0.683717
vt 0.576205 0.683714
vt 0.576179 0.682046
vt 0.576313 0.683714
vt 0.576267 0.683717
vt 0.57624 0.682047
vt 0.57603 0.685451
vt 0.576002 0.683713
vt 0.576205 0.683714
vt 0.576002 0.683713
vt 0.575973 0.682045
vt 0.576179 0.682046
vt 0.579418 0.696368
vt 0.579624 0.698105
vt 0.579431 0.698106
vt 0.579481 0.696367
vt 0.579685 0.698102
vt 0.579624 0.698105
vt 0.579494 0.696395
vt 0.579726 0.698105
vt 0.579685 0.698102
vt 0.579726 0.698105
vt 0.579958 0.699816
vt 0.579941 0.699772
vt 0.579685 0.698102
vt 0.579941 0.699772
vt 0.579865 0.699774
vt 0.580628 0.702898
vt 0.580581 0.702909
vt 0.580249 0.701361
vt 0.580581 0.702909
vt 0.58052 0.70292
vt 0.580186 0.701367
vt 0.580249 0.701361
vt 0.580186 0.701367
vt 0.579865 0.699774
vt 0.580293 0.701357
vt 0.580249 0.701361
vt 0.579941 0.699772
vt 0.580325 0.70292
vt 0.579991 0.701368
vt 0.580186 0.701367
vt 0.580186 0.701367
vt 0.579991 0.701368
vt 0.579865 0.699774
vt 0.579183 0.689065
vt 0.5792 0.690908
vt 0.578966 0.690908
vt 0.578966 0.690908
vt 0.5792 0.690908
vt 0.579186 0.692752
vt 0.579258 0.689056
vt 0.579259 0.690908
vt 0.5792 0.690908
vt 0.579259 0.690908
vt 0.57926 0.692761
vt 0.579247 0.692752
vt 0.5792 0.690908
vt 0.579247 0.692752
vt 0.579186 0.692752
vt 0.579494 0.696395
vt 0.579481 0.696367
vt 0.579318 0.694577
vt 0.579481 0.696367
vt 0.579418 0.696368
vt 0.579318 0.694577
vt 0.579377 0.694578
vt 0.579318 0.694577
vt 0.579247 0.692752
vt 0.579418 0.696368
vt 0.579228 0.696369
vt 0.579084 0.694578
vt 0.579084 0.694578
vt 0.578989 0.692752
vt 0.579186 0.692752
vt 0.574187 0.68152
vt 0.574091 0.681506
vt 0.57413 0.6802
vt 0.574199 0.680222
vt 0.57413 0.6802
vt 0.57417 0.678904
vt 0.576305 0.753967
vt 0.576214 0.755768
vt 0.576133 0.755779
vt 0.576214 0.755768
vt 0.57608 0.757553
vt 0.576013 0.757575
vt 0.574107 0.687976
vt 0.573995 0.687934
vt 0.574017 0.686238
vt 0.574126 0.686264
vt 0.574017 0.686238
vt 0.574041 0.684562
vt 0.574187 0.68152
vt 0.574173 0.683051
vt 0.574065 0.683021
vt 0.574173 0.683051
vt 0.574151 0.68462
vt 0.574041 0.684562
vt 0.574087 0.695172
vt 0.573975 0.695186
vt 0.573977 0.693356
vt 0.574086 0.693356
vt 0.573977 0.693356
vt 0.573982 0.691527
vt 0.574107 0.687976
vt 0.574096 0.68974
vt 0.573987 0.689727
vt 0.574096 0.68974
vt 0.574092 0.691539
vt 0.573982 0.691527
vt 0.574146 0.702092
vt 0.574034 0.702159
vt 0.574017 0.700474
vt 0.574126 0.700448
vt 0.574017 0.700474
vt 0.574002 0.69877
vt 0.574087 0.695172
vt 0.574096 0.696971
vt 0.573987 0.696984
vt 0.574096 0.696971
vt 0.574112 0.698735
vt 0.574002 0.69877
vt 0.57426 0.707777
vt 0.574164 0.70781
vt 0.57413 0.70651
vt 0.574238 0.706471
vt 0.57413 0.70651
vt 0.574098 0.705189
vt 0.574146 0.702092
vt 0.574174 0.703651
vt 0.574066 0.703689
vt 0.574174 0.703651
vt 0.574208 0.705111
vt 0.574098 0.705189
vt 0.5736 0.74014
vt 0.573711 0.740207
vt 0.573681 0.741736
vt 0.573572 0.741699
vt 0.573681 0.741736
vt 0.573648 0.743236
vt 0.573486 0.745824
vt 0.573508 0.744519
vt 0.573616 0.744558
vt 0.573508 0.744519
vt 0.573538 0.743159
vt 0.573648 0.743236
vt 0.573659 0.73322
vt 0.573771 0.733234
vt 0.573759 0.735032
vt 0.57365 0.735019
vt 0.573759 0.735032
vt 0.573744 0.736818
vt 0.5736 0.74014
vt 0.57362 0.738495
vt 0.573729 0.738521
vt 0.57362 0.738495
vt 0.573634 0.736783
vt 0.573744 0.736818
vt 0.573639 0.726023
vt 0.573751 0.725982
vt 0.573759 0.727775
vt 0.57365 0.727788
vt 0.573759 0.727775
vt 0.573764 0.729575
vt 0.573659 0.73322
vt 0.57366 0.731404
vt 0.573769 0.731404
vt 0.57366 0.731404
vt 0.573654 0.729587
vt 0.573764 0.729575
vt 0.573543 0.719645
vt 0.573654 0.719555
vt 0.573681 0.721069
vt 0.573572 0.721107
vt 0.573681 0.721069
vt 0.573705 0.72261
vt 0.573639 0.726023
vt 0.57362 0.724311
vt 0.573729 0.724286
vt 0.57362 0.724311
vt 0.573595 0.722668
vt 0.573705 0.72261
vt 0.5734 0.714949
vt 0.573497 0.71491
vt 0.573536 0.715934
vt 0.573429 0.71598
vt 0.573536 0.715934
vt 0.573575 0.716983
vt 0.573543 0.719645
vt 0.573507 0.718299
vt 0.573615 0.718251
vt 0.573507 0.718299
vt 0.573466 0.717078
vt 0.573575 0.716983
vt 0.575415 0.7381
vt 0.575527 0.738166
vt 0.575496 0.739696
vt 0.575387 0.739659
vt 0.575496 0.739696
vt 0.575463 0.741196
vt 0.575301 0.743784
vt 0.575324 0.742479
vt 0.575431 0.742518
vt 0.575324 0.742479
vt 0.575353 0.741118
vt 0.575463 0.741196
vt 0.575474 0.73118
vt 0.575586 0.731194
vt 0.575574 0.732992
vt 0.575465 0.732978
vt 0.575574 0.732992
vt 0.575559 0.734778
vt 0.575415 0.7381
vt 0.575435 0.736455
vt 0.575544 0.736481
vt 0.575435 0.736455
vt 0.575449 0.734742
vt 0.575559 0.734778
vt 0.575454 0.723983
vt 0.575566 0.723942
vt 0.575574 0.725734
vt 0.575465 0.725748
vt 0.575574 0.725734
vt 0.57558 0.727535
vt 0.575474 0.73118
vt 0.575475 0.729363
vt 0.575584 0.729363
vt 0.575475 0.729363
vt 0.575469 0.727547
vt 0.57558 0.727535
vt 0.575359 0.717605
vt 0.57547 0.717515
vt 0.575496 0.719029
vt 0.575387 0.719067
vt 0.575496 0.719029
vt 0.57552 0.72057
vt 0.575454 0.723983
vt 0.575435 0.722271
vt 0.575544 0.722245
vt 0.575435 0.722271
vt 0.57541 0.720628
vt 0.57552 0.72057
vt 0.5761 0.746769
vt 0.576042 0.746728
vt 0.575828 0.745029
vt 0.575911 0.74505
vt 0.575828 0.745029
vt 0.575609 0.743335
vt 0.575359 0.717605
vt 0.575324 0.716247
vt 0.575431 0.716208
vt 0.575324 0.716247
vt 0.575296 0.714945
vt 0.575392 0.714912
vt 0.576305 0.753967
vt 0.576248 0.75398
vt 0.576263 0.75215
vt 0.576342 0.75215
vt 0.576263 0.75215
vt 0.576261 0.750321
vt 0.5761 0.746769
vt 0.576239 0.748534
vt 0.576159 0.748521
vt 0.576239 0.748534
vt 0.576322 0.750334
vt 0.576261 0.750321
vt 0.533934 0.706589
vt 0.534066 0.706659
vt 0.533033 0.708199
vt 0.532993 0.708172
vt 0.533033 0.708199
vt 0.532 0.709739
vt 0.53296 0.70815
vt 0.532993 0.708172
vt 0.531883 0.709643
vt 0.529283 0.712245
vt 0.530655 0.711016
vt 0.530689 0.71105
vt 0.529283 0.712245
vt 0.530627 0.710988
vt 0.530655 0.711016
vt 0.530655 0.711016
vt 0.531883 0.709643
vt 0.532 0.709739
vt 0.530627 0.710988
vt 0.531778 0.709557
vt 0.531883 0.709643
vt 0.536066 0.699583
vt 0.536216 0.699597
vt 0.53585 0.701415
vt 0.535803 0.701406
vt 0.53585 0.701415
vt 0.535485 0.703233
vt 0.535764 0.701398
vt 0.535803 0.701406
vt 0.53534 0.703189
vt 0.533934 0.706589
vt 0.534731 0.704928
vt 0.534776 0.704946
vt 0.533934 0.706589
vt 0.534694 0.704913
vt 0.534731 0.704928
vt 0.534731 0.704928
vt 0.53534 0.703189
vt 0.535485 0.703233
vt 0.534694 0.704913
vt 0.535211 0.70315
vt 0.53534 0.703189
vt 0.535356 0.692294
vt 0.535499 0.69225
vt 0.535857 0.69407
vt 0.53581 0.694079
vt 0.535857 0.69407
vt 0.536216 0.695889
vt 0.535771 0.694087
vt 0.53581 0.694079
vt 0.536065 0.695904
vt 0.536066 0.699583
vt 0.536167 0.697743
vt 0.536216 0.697743
vt 0.536066 0.699583
vt 0.536128 0.697743
vt 0.536167 0.697743
vt 0.536167 0.697743
vt 0.536065 0.695904
vt 0.536216 0.695889
vt 0.536128 0.697743
vt 0.53593 0.695917
vt 0.536065 0.695904
vt 0.53191 0.685832
vt 0.532025 0.685737
vt 0.533053 0.68728
vt 0.533013 0.687307
vt 0.533053 0.68728
vt 0.53408 0.688824
vt 0.53298 0.687329
vt 0.533013 0.687307
vt 0.533947 0.688895
vt 0.535356 0.692294
vt 0.534745 0.690556
vt 0.53479 0.690537
vt 0.535356 0.692294
vt 0.534708 0.690571
vt 0.534745 0.690556
vt 0.534745 0.690556
vt 0.533947 0.688895
vt 0.53408 0.688824
vt 0.534708 0.690571
vt 0.533827 0.688959
vt 0.533947 0.688895
vt 0.526253 0.68118
vt 0.526324 0.681048
vt 0.527864 0.682081
vt 0.527837 0.682121
vt 0.527864 0.682081
vt 0.529403 0.683114
vt 0.527815 0.682154
vt 0.527837 0.682121
vt 0.529306 0.683232
vt 0.53191 0.685832
vt 0.53068 0.68446
vt 0.530714 0.684426
vt 0.53191 0.685832
vt 0.530652 0.684488
vt 0.53068 0.68446
vt 0.53068 0.68446
vt 0.529306 0.683232
vt 0.529403 0.683114
vt 0.530652 0.684488
vt 0.529221 0.683336
vt 0.529306 0.683232
vt 0.519247 0.679048
vt 0.519262 0.678899
vt 0.52108 0.679264
vt 0.52107 0.679311
vt 0.52108 0.679264
vt 0.522897 0.679629
vt 0.521062 0.67935
vt 0.52107 0.679311
vt 0.522853 0.679774
vt 0.526253 0.68118
vt 0.524592 0.680383
vt 0.524611 0.680339
vt 0.526253 0.68118
vt 0.524577 0.68042
vt 0.524592 0.680383
vt 0.524592 0.680383
vt 0.522853 0.679774
vt 0.522897 0.679629
vt 0.524577 0.68042
vt 0.522814 0.679903
vt 0.522853 0.679774
vt 0.511958 0.679759
vt 0.511914 0.679615
vt 0.513734 0.679257
vt 0.513743 0.679304
vt 0.513734 0.679257
vt 0.515553 0.678899
vt 0.513751 0.679343
vt 0.513743 0.679304
vt 0.515568 0.679049
vt 0.519247 0.679048
vt 0.517407 0.678947
vt 0.517407 0.678899
vt 0.519247 0.679048
vt 0.517407 0.678987
vt 0.517407 0.678947
vt 0.517407 0.678947
vt 0.515568 0.679049
vt 0.515553 0.678899
vt 0.517407 0.678987
vt 0.515581 0.679184
vt 0.515568 0.679049
vt 0.507052 0.682223
vt 0.506982 0.682117
vt 0.508561 0.68117
vt 0.505514 0.683227
vt 0.505487 0.683193
vt 0.506982 0.682117
vt 0.505487 0.683193
vt 0.505401 0.683089
vt 0.506945 0.682062
vt 0.506982 0.682117
vt 0.506945 0.682062
vt 0.508488 0.681034
vt 0.511958 0.679759
vt 0.51022 0.680369
vt 0.510202 0.680325
vt 0.511958 0.679759
vt 0.510235 0.680406
vt 0.51022 0.680369
vt 0.51022 0.680369
vt 0.508561 0.68117
vt 0.508488 0.681034
vt 0.510235 0.680406
vt 0.508624 0.681288
vt 0.508561 0.68117
vt 0.500845 0.688861
vt 0.500712 0.688791
vt 0.501746 0.687251
vt 0.501786 0.687278
vt 0.501746 0.687251
vt 0.502779 0.685711
vt 0.501819 0.6873
vt 0.501786 0.687278
vt 0.502896 0.685807
vt 0.505487 0.683193
vt 0.504124 0.684434
vt 0.50409 0.6844
vt 0.505514 0.683227
vt 0.504152 0.684462
vt 0.504124 0.684434
vt 0.504124 0.684434
vt 0.502896 0.685807
vt 0.502779 0.685711
vt 0.504152 0.684462
vt 0.503 0.685893
vt 0.502896 0.685807
vt 0.498712 0.695867
vt 0.498563 0.695853
vt 0.498928 0.694035
vt 0.498975 0.694044
vt 0.498928 0.694035
vt 0.499293 0.692217
vt 0.499014 0.694052
vt 0.498975 0.694044
vt 0.499439 0.692261
vt 0.500845 0.688861
vt 0.500047 0.690522
vt 0.500003 0.690504
vt 0.500845 0.688861
vt 0.500084 0.690537
vt 0.500047 0.690522
vt 0.500047 0.690522
vt 0.499439 0.692261
vt 0.499293 0.692217
vt 0.500084 0.690537
vt 0.499568 0.6923
vt 0.499439 0.692261
vt 0.499451 0.703148
vt 0.499409 0.703161
vt 0.498968 0.701371
vt 0.499409 0.703161
vt 0.499279 0.7032
vt 0.498921 0.70138
vt 0.498968 0.701371
vt 0.498921 0.70138
vt 0.498563 0.699561
vt 0.499007 0.701363
vt 0.498968 0.701371
vt 0.498714 0.699546
vt 0.498712 0.695867
vt 0.498611 0.697707
vt 0.498563 0.697707
vt 0.498712 0.695867
vt 0.498651 0.697707
vt 0.498611 0.697707
vt 0.498611 0.697707
vt 0.498714 0.699546
vt 0.498563 0.699561
vt 0.498651 0.697707
vt 0.498848 0.699533
vt 0.498714 0.699546
vt 0.502892 0.7096
vt 0.502858 0.709628
vt 0.501766 0.708143
vt 0.502858 0.709628
vt 0.502753 0.709713
vt 0.501726 0.70817
vt 0.501766 0.708143
vt 0.501726 0.70817
vt 0.500699 0.706626
vt 0.501799 0.708121
vt 0.501766 0.708143
vt 0.500834 0.706553
vt 0.499409 0.703161
vt 0.50005 0.704887
vt 0.499989 0.704913
vt 0.50005 0.704887
vt 0.500834 0.706553
vt 0.500699 0.706626
vt 0.499451 0.703148
vt 0.500168 0.704839
vt 0.50005 0.704887
vt 0.500168 0.704839
vt 0.500953 0.70649
vt 0.500834 0.706553
vt 0.508526 0.71427
vt 0.508455 0.714402
vt 0.506915 0.713369
vt 0.506942 0.713329
vt 0.506915 0.713369
vt 0.505375 0.712336
vt 0.506964 0.713296
vt 0.506942 0.713329
vt 0.505473 0.712217
vt 0.502858 0.709628
vt 0.504111 0.710978
vt 0.504064 0.711024
vt 0.504111 0.710978
vt 0.505473 0.712217
vt 0.505375 0.712336
vt 0.502892 0.7096
vt 0.504201 0.710888
vt 0.504111 0.710978
vt 0.504201 0.710888
vt 0.505558 0.712113
vt 0.505473 0.712217
vt 0.515532 0.716402
vt 0.515517 0.716551
vt 0.513699 0.716186
vt 0.513708 0.716139
vt 0.513699 0.716186
vt 0.511881 0.715821
vt 0.513716 0.7161
vt 0.513708 0.716139
vt 0.511925 0.715676
vt 0.508526 0.71427
vt 0.510186 0.715067
vt 0.510168 0.715111
vt 0.508526 0.71427
vt 0.510202 0.71503
vt 0.510186 0.715067
vt 0.510186 0.715067
vt 0.511925 0.715676
vt 0.511881 0.715821
vt 0.510202 0.71503
vt 0.511965 0.715547
vt 0.511925 0.715676
vt 0.52282 0.715691
vt 0.522864 0.715835
vt 0.521045 0.716193
vt 0.521035 0.716146
vt 0.521045 0.716193
vt 0.519225 0.716551
vt 0.521028 0.716107
vt 0.521035 0.716146
vt 0.519211 0.7164
vt 0.515532 0.716402
vt 0.517371 0.716503
vt 0.517371 0.716551
vt 0.515532 0.716402
vt 0.517371 0.716463
vt 0.517371 0.716503
vt 0.517371 0.716503
vt 0.519211 0.7164
vt 0.519225 0.716551
vt 0.517371 0.716463
vt 0.519197 0.716266
vt 0.519211 0.7164
vt 0.529283 0.712245
vt 0.529377 0.712361
vt 0.527834 0.713388
vt 0.527807 0.713348
vt 0.527834 0.713388
vt 0.52629 0.714416
vt 0.527785 0.713315
vt 0.527807 0.713348
vt 0.526219 0.714282
vt 0.52282 0.715691
vt 0.524559 0.715081
vt 0.524577 0.715125
vt 0.52282 0.715691
vt 0.524544 0.715044
vt 0.524559 0.715081
vt 0.524559 0.715081
vt 0.526219 0.714282
vt 0.52629 0.714416
vt 0.524544 0.715044
vt 0.526155 0.714163
vt 0.526219 0.714282
vt 0.576487 0.760788
vt 0.575617 0.760942
vt 0.575853 0.759252
vt 0.576715 0.759123
vt 0.575853 0.759252
vt 0.57608 0.757553
vt 0.577146 0.753937
vt 0.57706 0.755703
vt 0.576214 0.755768
vt 0.57706 0.755703
vt 0.576916 0.757435
vt 0.57608 0.757553
vt 0.575119 0.688072
vt 0.574107 0.687976
vt 0.574126 0.686264
vt 0.575144 0.686391
vt 0.574126 0.686264
vt 0.574151 0.68462
vt 0.575216 0.681732
vt 0.575191 0.683235
vt 0.574173 0.683051
vt 0.575191 0.683235
vt 0.575171 0.684778
vt 0.574151 0.68462
vt 0.575099 0.69514
vt 0.574087 0.695172
vt 0.574086 0.693356
vt 0.575105 0.693356
vt 0.574086 0.693356
vt 0.574092 0.691539
vt 0.575119 0.688072
vt 0.575115 0.689805
vt 0.574096 0.68974
vt 0.575115 0.689805
vt 0.575112 0.691572
vt 0.574092 0.691539
vt 0.575157 0.701936
vt 0.574146 0.702092
vt 0.574126 0.700448
vt 0.575144 0.70032
vt 0.574126 0.700448
vt 0.574112 0.698735
vt 0.575099 0.69514
vt 0.575115 0.696906
vt 0.574096 0.696971
vt 0.575115 0.696906
vt 0.575132 0.698638
vt 0.574112 0.698735
vt 0.575287 0.707518
vt 0.57426 0.707777
vt 0.574238 0.706471
vt 0.575255 0.706235
vt 0.574238 0.706471
vt 0.574208 0.705111
vt 0.575157 0.701936
vt 0.575191 0.703466
vt 0.574174 0.703651
vt 0.575191 0.703466
vt 0.575226 0.704899
vt 0.574208 0.705111
vt 0.572589 0.739984
vt 0.5736 0.74014
vt 0.573572 0.741699
vt 0.572555 0.741514
vt 0.573572 0.741699
vt 0.573538 0.743159
vt 0.572459 0.745566
vt 0.572491 0.744283
vt 0.573508 0.744519
vt 0.572491 0.744283
vt 0.57252 0.742947
vt 0.573538 0.743159
vt 0.572647 0.733188
vt 0.573659 0.73322
vt 0.57365 0.735019
vt 0.572631 0.734954
vt 0.57365 0.735019
vt 0.573634 0.736783
vt 0.572589 0.739984
vt 0.572602 0.738368
vt 0.57362 0.738495
vt 0.572602 0.738368
vt 0.572614 0.736686
vt 0.573634 0.736783
vt 0.572627 0.726119
vt 0.573639 0.726023
vt 0.57365 0.727788
vt 0.572631 0.727853
vt 0.57365 0.727788
vt 0.573654 0.729587
vt 0.572647 0.733188
vt 0.572641 0.731404
vt 0.57366 0.731404
vt 0.572641 0.731404
vt 0.572634 0.72962
vt 0.573654 0.729587
vt 0.572533 0.719855
vt 0.573543 0.719645
vt 0.573572 0.721107
vt 0.572555 0.721292
vt 0.573572 0.721107
vt 0.573595 0.722668
vt 0.572627 0.726119
vt 0.572602 0.724439
vt 0.57362 0.724311
vt 0.572602 0.724439
vt 0.572576 0.722825
vt 0.573595 0.722668
vt 0.572375 0.715243
vt 0.5734 0.714949
vt 0.573429 0.71598
vt 0.572413 0.716257
vt 0.573429 0.71598
vt 0.573466 0.717078
vt 0.572533 0.719855
vt 0.572491 0.718534
vt 0.573507 0.718299
vt 0.572491 0.718534
vt 0.572449 0.717336
vt 0.573466 0.717078
vt 0.574404 0.737943
vt 0.575415 0.7381
vt 0.575387 0.739659
vt 0.57437 0.739473
vt 0.575387 0.739659
vt 0.575353 0.741118
vt 0.574274 0.743526
vt 0.574306 0.742243
vt 0.575324 0.742479
vt 0.574306 0.742243
vt 0.574335 0.740906
vt 0.575353 0.741118
vt 0.574462 0.731147
vt 0.575474 0.73118
vt 0.575465 0.732978
vt 0.574446 0.732913
vt 0.575465 0.732978
vt 0.575449 0.734742
vt 0.574404 0.737943
vt 0.574417 0.736328
vt 0.575435 0.736455
vt 0.574417 0.736328
vt 0.574429 0.734645
vt 0.575449 0.734742
vt 0.574443 0.724079
vt 0.575454 0.723983
vt 0.575465 0.725748
vt 0.574447 0.725813
vt 0.575465 0.725748
vt 0.575469 0.727547
vt 0.574462 0.731147
vt 0.574456 0.729363
vt 0.575475 0.729363
vt 0.574456 0.729363
vt 0.574449 0.72758
vt 0.575469 0.727547
vt 0.574348 0.717815
vt 0.575359 0.717605
vt 0.575387 0.719067
vt 0.57437 0.719252
vt 0.575387 0.719067
vt 0.57541 0.720628
vt 0.574443 0.724079
vt 0.574417 0.722399
vt 0.575435 0.722271
vt 0.574417 0.722399
vt 0.574391 0.720785
vt 0.57541 0.720628
vt 0.576945 0.746869
vt 0.5761 0.746769
vt 0.575911 0.74505
vt 0.576766 0.745181
vt 0.575911 0.74505
vt 0.575686 0.743356
vt 0.574348 0.717815
vt 0.574306 0.716483
vt 0.575324 0.716247
vt 0.574306 0.716483
vt 0.574261 0.715205
vt 0.575296 0.714945
vt 0.577146 0.753937
vt 0.576305 0.753967
vt 0.576342 0.75215
vt 0.577188 0.752153
vt 0.576342 0.75215
vt 0.576322 0.750334
vt 0.576945 0.746869
vt 0.577087 0.748602
vt 0.576239 0.748534
vt 0.577087 0.748602
vt 0.57717 0.75037
vt 0.576322 0.750334
vt 0.561266 0.710129
vt 0.5617 0.710939
vt 0.560276 0.711604
vt 0.559923 0.710755
vt 0.560276 0.711604
vt 0.558794 0.712123
vt 0.555629 0.711845
vt 0.557093 0.711616
vt 0.557273 0.712518
vt 0.557093 0.711616
vt 0.55853 0.711259
vt 0.558794 0.712123
vt 0.565818 0.706387
vt 0.566528 0.706969
vt 0.565467 0.708129
vt 0.564816 0.707479
vt 0.565467 0.708129
vt 0.564296 0.709175
vt 0.561266 0.710129
vt 0.562531 0.709358
vt 0.563043 0.710122
vt 0.562531 0.709358
vt 0.563722 0.708477
vt 0.564296 0.709175
vt 0.56859 0.701188
vt 0.569469 0.701453
vt 0.568933 0.702931
vt 0.568083 0.702579
vt 0.568933 0.702931
vt 0.568252 0.704346
vt 0.565818 0.706387
vt 0.566691 0.70519
vt 0.567456 0.705701
vt 0.566691 0.70519
vt 0.567454 0.703921
vt 0.568252 0.704346
vt 0.569162 0.695323
vt 0.570076 0.695232
vt 0.570146 0.696802
vt 0.569226 0.696803
vt 0.570146 0.696802
vt 0.570058 0.698371
vt 0.56859 0.701188
vt 0.568939 0.699748
vt 0.569841 0.699926
vt 0.568939 0.699748
vt 0.569159 0.698283
vt 0.570058 0.698371
vt 0.567447 0.689686
vt 0.568256 0.689252
vt 0.568921 0.690676
vt 0.568072 0.691029
vt 0.568921 0.690676
vt 0.56944 0.692159
vt 0.569162 0.695323
vt 0.568933 0.693859
vt 0.569835 0.693679
vt 0.568933 0.693859
vt 0.568576 0.692422
vt 0.56944 0.692159
vt 0.563704 0.685135
vt 0.564286 0.684424
vt 0.565446 0.685485
vt 0.564795 0.686136
vt 0.565446 0.685485
vt 0.566492 0.686656
vt 0.567447 0.689686
vt 0.566675 0.688421
vt 0.567439 0.68791
vt 0.566675 0.688421
vt 0.565794 0.68723
vt 0.566492 0.686656
vt 0.558505 0.682362
vt 0.55877 0.681483
vt 0.560248 0.682019
vt 0.559896 0.682869
vt 0.560248 0.682019
vt 0.561663 0.682701
vt 0.563704 0.685135
vt 0.562507 0.684262
vt 0.563018 0.683496
vt 0.562507 0.684262
vt 0.561238 0.683498
vt 0.561663 0.682701
vt 0.55264 0.68179
vt 0.552549 0.680876
vt 0.554119 0.680806
vt 0.55412 0.681726
vt 0.554119 0.680806
vt 0.555688 0.680894
vt 0.558505 0.682362
vt 0.557065 0.682014
vt 0.557244 0.681111
vt 0.557065 0.682014
vt 0.5556 0.681794
vt 0.555688 0.680894
vt 0.547003 0.683506
vt 0.546569 0.682696
vt 0.547993 0.682031
vt 0.548346 0.682881
vt 0.547993 0.682031
vt 0.549476 0.681512
vt 0.55264 0.68179
vt 0.551176 0.682019
vt 0.550996 0.681117
vt 0.551176 0.682019
vt 0.549739 0.682377
vt 0.549476 0.681512
vt 0.542452 0.687248
vt 0.541741 0.686666
vt 0.542802 0.685507
vt 0.543453 0.686157
vt 0.542802 0.685507
vt 0.543973 0.68446
vt 0.547003 0.683506
vt 0.545739 0.684278
vt 0.545227 0.683513
vt 0.545739 0.684278
vt 0.544547 0.685158
vt 0.543973 0.68446
vt 0.539679 0.692448
vt 0.5388 0.692182
vt 0.539336 0.690705
vt 0.540187 0.691056
vt 0.539336 0.690705
vt 0.540018 0.689289
vt 0.542452 0.687248
vt 0.541579 0.688445
vt 0.540813 0.687935
vt 0.541579 0.688445
vt 0.540815 0.689714
vt 0.540018 0.689289
vt 0.539107 0.698312
vt 0.538193 0.698403
vt 0.538123 0.696833
vt 0.539043 0.696832
vt 0.538123 0.696833
vt 0.538211 0.695265
vt 0.539679 0.692448
vt 0.539331 0.693887
vt 0.538428 0.693709
vt 0.539331 0.693887
vt 0.539111 0.695352
vt 0.538211 0.695265
vt 0.540823 0.703949
vt 0.540013 0.704383
vt 0.539348 0.702959
vt 0.540198 0.702606
vt 0.539348 0.702959
vt 0.538829 0.701477
vt 0.539107 0.698312
vt 0.539336 0.699776
vt 0.538434 0.699956
vt 0.539336 0.699776
vt 0.539694 0.701213
vt 0.538829 0.701477
vt 0.544565 0.708501
vt 0.543983 0.709211
vt 0.542824 0.70815
vt 0.543474 0.707499
vt 0.542824 0.70815
vt 0.541777 0.706979
vt 0.540823 0.703949
vt 0.541595 0.705214
vt 0.54083 0.705726
vt 0.541595 0.705214
vt 0.542475 0.706405
vt 0.541777 0.706979
vt 0.549765 0.711273
vt 0.549499 0.712152
vt 0.548022 0.711616
vt 0.548373 0.710766
vt 0.548022 0.711616
vt 0.546606 0.710935
vt 0.544565 0.708501
vt 0.545762 0.709374
vt 0.545252 0.710139
vt 0.545762 0.709374
vt 0.547032 0.710137
vt 0.546606 0.710935
vt 0.555629 0.711845
vt 0.55572 0.712759
vt 0.55415 0.712829
vt 0.554149 0.711909
vt 0.55415 0.712829
vt 0.552582 0.712741
vt 0.549765 0.711273
vt 0.551205 0.711622
vt 0.551026 0.712524
vt 0.551205 0.711622
vt 0.552669 0.711842
vt 0.552582 0.712741
vt 0.557093 0.711616
vt 0.558456 0.711014
vt 0.55853 0.711259
vt 0.562531 0.709358
vt 0.56356 0.70828
vt 0.563722 0.708477
vt 0.566691 0.70519
vt 0.567229 0.703801
vt 0.567454 0.703921
vt 0.568939 0.699748
vt 0.568904 0.698258
vt 0.569159 0.698283
vt 0.568933 0.693859
vt 0.568331 0.692496
vt 0.568576 0.692422
vt 0.566675 0.688421
vt 0.565597 0.687392
vt 0.565794 0.68723
vt 0.562507 0.684262
vt 0.561118 0.683723
vt 0.561238 0.683498
vt 0.557065 0.682014
vt 0.555575 0.682048
vt 0.5556 0.681794
vt 0.551176 0.682019
vt 0.549813 0.682621
vt 0.549739 0.682377
vt 0.545739 0.684278
vt 0.544709 0.685355
vt 0.544547 0.685158
vt 0.541579 0.688445
vt 0.54104 0.689835
vt 0.540815 0.689714
vt 0.539331 0.693887
vt 0.539365 0.695377
vt 0.539111 0.695352
vt 0.539336 0.699776
vt 0.539938 0.701139
vt 0.539694 0.701213
vt 0.541595 0.705214
vt 0.542672 0.706243
vt 0.542475 0.706405
vt 0.545762 0.709374
vt 0.547152 0.709912
vt 0.547032 0.710137
vt 0.551205 0.711622
vt 0.552694 0.711587
vt 0.552669 0.711842
vt 0.564849 0.702603
vt 0.562804 0.706235
vt 0.562237 0.704896
vt 0.547741 0.685705
vt 0.552384 0.685289
vt 0.545844 0.68788
vt 0.541882 0.700949
vt 0.545072 0.703883
vt 0.543022 0.703212
vt 0.560544 0.707941
vt 0.562237 0.704896
vt 0.562804 0.706235
vt 0.544748 0.70549
vt 0.545072 0.703883
vt 0.548333 0.707535
vt 0.547508 0.720788
vt 0.551311 0.720497
vt 0.546107 0.722142
vt 0.565405 0.726198
vt 0.565696 0.730001
vt 0.56405 0.724798
vt 0.559994 0.744095
vt 0.556195 0.744385
vt 0.561395 0.742741
vt 0.542098 0.738685
vt 0.541807 0.734882
vt 0.543452 0.740085
vt 0.565247 0.690424
vt 0.566387 0.692686
vt 0.56558 0.694909
vt 0.547741 0.685705
vt 0.550003 0.684565
vt 0.552384 0.685289
vt 0.541882 0.700949
vt 0.542785 0.698547
vt 0.545072 0.703883
vt 0.560544 0.707941
vt 0.556172 0.708941
vt 0.562237 0.704896
vt 0.547508 0.720788
vt 0.549355 0.719973
vt 0.551311 0.720497
vt 0.565405 0.726198
vt 0.566219 0.728045
vt 0.565696 0.730001
vt 0.559994 0.744095
vt 0.558147 0.74491
vt 0.556195 0.744385
vt 0.542098 0.738685
vt 0.541283 0.736838
vt 0.541807 0.734882
f 5/1 673/2 675/3
f 675/4 613/5 674/6
f 677/7 676/8 155/9
f 678/10 613/11 676/12
f 2252/13 680/14 681/15
f 681/16 626/17 303/18
f 679/19 2298/20 680/21
f 682/22 2301/23 2300/24
f 683/25 626/26 2301/27
f 1/28 683/29 682/30
f 684/31 626/32 683/33
f 6/34 685/35 687/36
f 687/37 284/38 686/39
f 689/40 688/41 625/42
f 690/43 284/44 688/45
f 7/46 2382/47 694/48
f 691/49 692/50 2382/51
f 2382/52 186/53 693/54
f 694/55 693/56 308/57
f 306/58 2383/59 692/60
f 695/61 687/62 2383/63
f 2383/64 686/65 696/66
f 692/67 696/68 186/69
f 697/70 690/71 689/72
f 307/73 2384/74 697/75
f 698/76 696/77 2384/78
f 2384/79 686/80 690/81
f 699/82 698/83 307/84
f 2/85 2385/86 699/87
f 700/88 693/89 2385/90
f 2385/91 186/92 698/93
f 710/94 702/95 703/96
f 703/97 187/98 310/99
f 701/100 2386/101 702/102
f 704/103 694/104 2386/105
f 2386/106 308/107 705/108
f 702/109 705/110 187/111
f 706/112 700/113 2/114
f 309/115 2387/116 706/117
f 707/118 705/119 2387/120
f 2387/121 308/122 700/123
f 3/124 707/125 309/126
f 708/127 187/128 707/129
f 644/130 703/131 709/132
f 709/133 310/134 188/135
f 311/136 708/137 3/138
f 711/139 310/140 708/141
f 8/142 714/143 716/144
f 716/145 657/146 715/147
f 312/148 712/149 714/150
f 717/151 713/152 2366/153
f 718/154 657/155 713/156
f 719/157 718/158 717/159
f 720/160 657/161 718/162
f 9/163 2388/164 723/165
f 9/166 721/167 2388/168
f 2388/169 724/170 722/171
f 313/172 716/173 721/174
f 721/175 715/176 724/177
f 725/178 720/179 719/180
f 726/181 715/182 720/183
f 727/184 726/185 725/186
f 728/187 724/188 726/189
f 729/190 723/191 730/192
f 727/193 733/194 728/195
f 733/196 730/197 723/198
f 728/199 723/200 722/201
f 732/202 1460/203 733/204
f 11/205 734/206 736/207
f 736/208 614/209 735/210
f 5/211 737/212 300/213
f 738/214 614/215 737/216
f 2255/217 740/218 741/219
f 741/220 627/221 316/222
f 739/223 2302/224 740/225
f 679/226 2304/227 158/228
f 742/229 627/230 2304/231
f 2252/232 742/233 679/234
f 743/235 627/236 742/237
f 12/238 744/239 746/240
f 746/241 285/242 745/243
f 6/244 747/245 304/246
f 748/247 285/248 747/249
f 13/250 2389/251 752/252
f 749/253 750/254 2389/255
f 2389/256 189/257 751/258
f 752/259 751/260 319/261
f 318/262 2390/263 750/264
f 753/265 746/266 2390/267
f 2390/268 745/269 754/270
f 750/271 754/272 189/273
f 695/274 748/275 6/276
f 306/277 2391/278 695/279
f 755/280 754/281 2391/282
f 2391/283 745/284 748/285
f 691/286 755/287 306/288
f 7/289 2392/290 691/291
f 756/292 751/293 2392/294
f 2392/295 189/296 755/297
f 765/298 758/299 759/300
f 759/301 190/302 320/303
f 757/304 2393/305 758/306
f 760/307 752/308 2393/309
f 2393/310 319/311 761/312
f 758/313 761/314 190/315
f 704/316 756/317 7/318
f 701/319 2394/320 704/321
f 762/322 761/323 2394/324
f 2394/325 319/326 756/327
f 710/328 762/329 701/330
f 763/331 190/332 762/333
f 643/334 759/335 764/336
f 764/337 320/338 191/339
f 644/340 763/341 710/342
f 766/343 320/344 763/345
f 14/346 769/347 771/348
f 771/349 658/350 770/351
f 321/352 767/353 769/354
f 312/355 768/356 173/357
f 772/358 658/359 768/360
f 8/361 772/362 312/363
f 773/364 658/365 772/366
f 15/367 774/368 776/369
f 776/370 777/371 775/372
f 322/373 771/374 774/375
f 774/376 770/377 777/378
f 313/379 773/380 8/381
f 778/382 770/383 773/384
f 9/385 778/386 313/387
f 779/388 777/389 778/390
f 323/391 781/392 780/393
f 323/394 776/395 781/396
f 9/397 731/398 779/399
f 731/400 780/401 781/402
f 779/403 781/404 775/405
f 17/406 782/407 784/408
f 784/409 615/410 783/411
f 11/412 785/413 314/414
f 786/415 615/416 785/417
f 2258/418 788/419 789/420
f 789/421 628/422 327/423
f 787/424 2305/425 788/426
f 739/427 2307/428 157/429
f 790/430 628/431 2307/432
f 2255/433 790/434 739/435
f 791/436 628/437 790/438
f 18/439 792/440 794/441
f 794/442 286/443 793/444
f 12/445 795/446 317/447
f 796/448 286/449 795/450
f 19/451 2395/452 800/453
f 797/454 798/455 2395/456
f 2395/457 192/458 799/459
f 800/460 799/461 330/462
f 329/463 2396/464 798/465
f 801/466 794/467 2396/468
f 2396/469 793/470 802/471
f 798/472 802/473 192/474
f 753/475 796/476 12/477
f 318/478 2397/479 753/480
f 803/481 802/482 2397/483
f 2397/484 793/485 796/486
f 749/487 803/488 318/489
f 13/490 2398/491 749/492
f 804/493 799/494 2398/495
f 2398/496 192/497 803/498
f 813/499 806/500 807/501
f 807/502 193/503 331/504
f 805/505 2399/506 806/507
f 808/508 800/509 2399/510
f 2399/511 330/512 809/513
f 806/514 809/515 193/516
f 760/517 804/518 13/519
f 757/520 2400/521 760/522
f 810/523 809/524 2400/525
f 2400/526 330/527 804/528
f 765/529 810/530 757/531
f 811/532 193/533 810/534
f 642/535 807/536 812/537
f 812/538 331/539 194/540
f 643/541 811/542 765/543
f 814/544 331/545 811/546
f 20/547 817/548 819/549
f 819/550 659/551 818/552
f 332/553 815/554 817/555
f 321/556 816/557 172/558
f 820/559 659/560 816/561
f 14/562 820/563 321/564
f 821/565 659/566 820/567
f 21/568 822/569 824/570
f 824/571 825/572 823/573
f 333/574 819/575 822/576
f 822/577 818/578 825/579
f 322/580 821/581 14/582
f 826/583 818/584 821/585
f 15/586 826/587 322/588
f 827/589 825/590 826/591
f 828/592 829/593 878/594
f 824/595 831/596 830/597
f 830/598 831/599 828/600
f 323/601 827/602 15/603
f 831/604 823/605 827/606
f 780/607 831/608 323/609
f 23/610 832/611 834/612
f 834/613 616/614 833/615
f 17/616 835/617 325/618
f 835/619 833/620 616/621
f 2261/622 838/623 839/624
f 839/625 629/626 336/627
f 837/628 2308/629 838/630
f 787/631 2310/632 156/633
f 840/634 629/635 2310/636
f 2258/637 840/638 787/639
f 841/640 629/641 840/642
f 24/643 842/644 844/645
f 844/646 287/647 843/648
f 18/649 845/650 328/651
f 846/652 287/653 845/654
f 25/655 2401/656 850/657
f 847/658 848/659 2401/660
f 2401/661 195/662 849/663
f 850/664 849/665 339/666
f 338/667 2402/668 848/669
f 851/670 844/671 2402/672
f 2402/673 843/674 852/675
f 848/676 852/677 195/678
f 801/679 846/680 18/681
f 329/682 2403/683 801/684
f 853/685 852/686 2403/687
f 2403/688 843/689 846/690
f 797/691 853/692 329/693
f 19/694 2404/695 797/696
f 854/697 849/698 2404/699
f 2404/700 195/701 853/702
f 863/703 856/704 857/705
f 857/706 196/707 340/708
f 855/709 2405/710 856/711
f 858/712 850/713 2405/714
f 2405/715 339/716 859/717
f 856/718 859/719 196/720
f 808/721 854/722 19/723
f 805/724 2406/725 808/726
f 860/727 859/728 2406/729
f 2406/730 339/731 854/732
f 813/733 860/734 805/735
f 861/736 196/737 860/738
f 656/739 857/740 862/741
f 862/742 340/743 197/744
f 642/745 861/746 813/747
f 864/748 340/749 861/750
f 26/751 867/752 869/753
f 869/754 660/755 868/756
f 341/757 865/758 867/759
f 332/760 866/761 171/762
f 870/763 660/764 866/765
f 20/766 870/767 332/768
f 871/769 660/770 870/771
f 27/772 872/773 874/774
f 874/775 875/776 873/777
f 342/778 869/779 872/780
f 872/781 868/782 875/783
f 333/784 871/785 20/786
f 876/787 868/788 871/789
f 21/790 876/791 333/792
f 877/793 875/794 876/795
f 343/796 878/797 28/798
f 874/799 879/800 343/801
f 830/802 877/803 21/804
f 828/805 879/806 830/807
f 879/808 873/809 877/810
f 30/811 880/812 881/813
f 880/814 257/815 198/816
f 23/817 882/818 334/819
f 883/820 198/821 882/822
f 2264/823 885/824 886/825
f 886/826 630/827 346/828
f 884/829 2311/830 885/831
f 837/832 2313/833 170/834
f 887/835 630/836 2313/837
f 2261/838 887/839 837/840
f 888/841 630/842 887/843
f 31/844 889/845 891/846
f 891/847 288/848 890/849
f 24/850 892/851 337/852
f 893/853 288/854 892/855
f 32/856 2407/857 897/858
f 894/859 895/860 2407/861
f 2407/862 199/863 896/864
f 897/865 896/866 349/867
f 348/868 2408/869 895/870
f 898/871 891/872 2408/873
f 2408/874 890/875 899/876
f 895/877 899/878 199/879
f 851/880 893/881 24/882
f 338/883 2409/884 851/885
f 900/886 899/887 2409/888
f 2409/889 890/890 893/891
f 847/892 900/893 338/894
f 25/895 2410/896 847/897
f 901/898 896/899 2410/900
f 2410/901 199/902 900/903
f 910/904 903/905 904/906
f 904/907 200/908 350/909
f 902/910 2411/911 903/912
f 905/913 897/914 2411/915
f 2411/916 349/917 906/918
f 903/919 906/920 200/921
f 858/922 901/923 25/924
f 855/925 2412/926 858/927
f 907/928 906/929 2412/930
f 2412/931 349/932 901/933
f 863/934 907/935 855/936
f 908/937 200/938 907/939
f 655/940 904/941 909/942
f 909/943 350/944 201/945
f 656/946 908/947 863/948
f 911/949 350/950 908/951
f 33/952 914/953 916/954
f 916/955 661/956 915/957
f 351/958 912/959 914/960
f 341/961 913/962 185/963
f 917/964 661/965 913/966
f 26/967 917/968 341/969
f 918/970 661/971 917/972
f 34/973 2413/974 921/975
f 34/976 919/977 2413/978
f 2413/979 922/980 920/981
f 352/982 916/983 919/984
f 919/985 915/986 922/987
f 342/988 918/989 26/990
f 923/991 915/992 918/993
f 27/994 923/995 342/996
f 924/997 922/998 923/999
f 925/1000 921/1001 926/1002
f 27/1003 928/1004 924/1005
f 928/1006 926/1007 921/1008
f 924/1009 921/1010 920/1011
f 343/1012 28/1013 928/1014
f 28/1015 1459/1016 926/1017
f 37/1018 929/1019 931/1020
f 931/1021 617/1022 930/1023
f 30/1024 932/1025 344/1026
f 933/1027 617/1028 932/1029
f 2267/1030 935/1031 936/1032
f 936/1033 631/1034 355/1035
f 934/1036 2314/1037 935/1038
f 884/1039 2316/1040 169/1041
f 937/1042 631/1043 2316/1044
f 2264/1045 937/1046 884/1047
f 938/1048 631/1049 937/1050
f 38/1051 939/1052 941/1053
f 941/1054 289/1055 940/1056
f 31/1057 942/1058 347/1059
f 943/1060 289/1061 942/1062
f 39/1063 2414/1064 947/1065
f 944/1066 945/1067 2414/1068
f 2414/1069 202/1070 946/1071
f 947/1072 946/1073 358/1074
f 357/1075 2415/1076 945/1077
f 948/1078 941/1079 2415/1080
f 2415/1081 940/1082 949/1083
f 945/1084 949/1085 202/1086
f 898/1087 943/1088 31/1089
f 348/1090 2416/1091 898/1092
f 950/1093 949/1094 2416/1095
f 2416/1096 940/1097 943/1098
f 894/1099 950/1100 348/1101
f 32/1102 2417/1103 894/1104
f 951/1105 946/1106 2417/1107
f 2417/1108 202/1109 950/1110
f 960/1111 953/1112 954/1113
f 954/1114 203/1115 359/1116
f 952/1117 2418/1118 953/1119
f 955/1120 947/1121 2418/1122
f 2418/1123 358/1124 956/1125
f 953/1126 956/1127 203/1128
f 905/1129 951/1130 32/1131
f 902/1132 2419/1133 905/1134
f 957/1135 956/1136 2419/1137
f 2419/1138 358/1139 951/1140
f 910/1141 957/1142 902/1143
f 958/1144 203/1145 957/1146
f 654/1147 954/1148 959/1149
f 959/1150 359/1151 204/1152
f 655/1153 958/1154 910/1155
f 961/1156 359/1157 958/1158
f 40/1159 964/1160 966/1161
f 966/1162 662/1163 965/1164
f 360/1165 962/1166 964/1167
f 351/1168 963/1169 184/1170
f 967/1171 662/1172 963/1173
f 33/1174 967/1175 351/1176
f 968/1177 662/1178 967/1179
f 41/1180 969/1181 971/1182
f 971/1183 972/1184 970/1185
f 361/1186 966/1187 969/1188
f 969/1189 965/1190 972/1191
f 352/1192 968/1193 33/1194
f 973/1195 965/1196 968/1197
f 34/1198 973/1199 352/1200
f 974/1201 972/1202 973/1203
f 362/1204 971/1205 975/1206
f 34/1207 927/1208 974/1209
f 974/1210 975/1211 970/1212
f 925/1213 35/1214 975/1215
f 43/1216 976/1217 978/1218
f 978/1219 618/1220 977/1221
f 37/1222 979/1223 353/1224
f 980/1225 618/1226 979/1227
f 2270/1228 982/1229 983/1230
f 983/1231 632/1232 365/1233
f 981/1234 2317/1235 982/1236
f 934/1237 2319/1238 168/1239
f 984/1240 632/1241 2319/1242
f 2267/1243 984/1244 934/1245
f 985/1246 632/1247 984/1248
f 44/1249 986/1250 988/1251
f 988/1252 290/1253 987/1254
f 38/1255 989/1256 356/1257
f 990/1258 290/1259 989/1260
f 45/1261 2420/1262 994/1263
f 991/1264 992/1265 2420/1266
f 2420/1267 205/1268 993/1269
f 994/1270 993/1271 368/1272
f 367/1273 2421/1274 992/1275
f 995/1276 988/1277 2421/1278
f 2421/1279 987/1280 996/1281
f 992/1282 996/1283 205/1284
f 948/1285 990/1286 38/1287
f 357/1288 2422/1289 948/1290
f 997/1291 996/1292 2422/1293
f 2422/1294 987/1295 990/1296
f 944/1297 997/1298 357/1299
f 39/1300 2423/1301 944/1302
f 998/1303 993/1304 2423/1305
f 2423/1306 205/1307 997/1308
f 1007/1309 1000/1310 1001/1311
f 1001/1312 206/1313 369/1314
f 999/1315 2424/1316 1000/1317
f 1002/1318 994/1319 2424/1320
f 2424/1321 368/1322 1003/1323
f 1000/1324 1003/1325 206/1326
f 955/1327 998/1328 39/1329
f 952/1330 2425/1331 955/1332
f 1004/1333 1003/1334 2425/1335
f 2425/1336 368/1337 998/1338
f 960/1339 1004/1340 952/1341
f 1005/1342 206/1343 1004/1344
f 653/1345 1001/1346 1006/1347
f 1006/1348 369/1349 207/1350
f 654/1351 1005/1352 960/1353
f 1008/1354 369/1355 1005/1356
f 46/1357 1011/1358 1013/1359
f 1013/1360 663/1361 1012/1362
f 370/1363 1009/1364 1011/1365
f 360/1366 1010/1367 183/1368
f 1014/1369 663/1370 1010/1371
f 40/1372 1014/1373 360/1374
f 1015/1375 663/1376 1014/1377
f 47/1378 1016/1379 1018/1380
f 1018/1381 1019/1382 1017/1383
f 371/1384 1013/1385 1016/1386
f 1016/1387 1012/1388 1019/1389
f 361/1390 1015/1391 40/1392
f 1020/1393 1012/1394 1015/1395
f 41/1396 1020/1397 361/1398
f 1021/1399 1019/1400 1020/1401
f 1022/1402 1458/1403 1072/1404
f 1018/1405 1024/1406 1023/1407
f 1023/1408 1025/1409 1022/1410
f 362/1411 1021/1412 41/1413
f 1024/1414 1017/1415 1021/1416
f 35/1417 1025/1418 362/1419
f 49/1420 1026/1421 1028/1422
f 1028/1423 619/1424 1027/1425
f 43/1426 1029/1427 363/1428
f 1030/1429 619/1430 1029/1431
f 2273/1432 1032/1433 1033/1434
f 1033/1435 633/1436 374/1437
f 981/1438 2323/1439 167/1440
f 1034/1441 633/1442 2323/1443
f 2270/1444 1034/1445 981/1446
f 1035/1447 633/1448 1034/1449
f 50/1450 1036/1451 1038/1452
f 1038/1453 291/1454 1037/1455
f 44/1456 1039/1457 366/1458
f 1040/1459 291/1460 1039/1461
f 51/1462 2426/1463 1044/1464
f 1041/1465 1042/1466 2426/1467
f 2426/1468 208/1469 1043/1470
f 1044/1471 1043/1472 377/1473
f 376/1474 2427/1475 1042/1476
f 1045/1477 1038/1478 2427/1479
f 2427/1480 1037/1481 1046/1482
f 1042/1483 1046/1484 208/1485
f 995/1486 1040/1487 44/1488
f 367/1489 2428/1490 995/1491
f 1047/1492 1046/1493 2428/1494
f 2428/1495 1037/1496 1040/1497
f 991/1498 1047/1499 367/1500
f 45/1501 2429/1502 991/1503
f 1048/1504 1043/1505 2429/1506
f 2429/1507 208/1508 1047/1509
f 1057/1510 1050/1511 1051/1512
f 1051/1513 209/1514 378/1515
f 1049/1516 2430/1517 1050/1518
f 1052/1519 1044/1520 2430/1521
f 2430/1522 377/1523 1053/1524
f 1050/1525 1053/1526 209/1527
f 1002/1528 1048/1529 45/1530
f 999/1531 2431/1532 1002/1533
f 1054/1534 1053/1535 2431/1536
f 2431/1537 377/1538 1048/1539
f 1007/1540 1054/1541 999/1542
f 1055/1543 209/1544 1054/1545
f 652/1546 1051/1547 1056/1548
f 1056/1549 378/1550 210/1551
f 653/1552 1055/1553 1007/1554
f 1058/1555 378/1556 1055/1557
f 52/1558 1061/1559 1063/1560
f 1063/1561 664/1562 1062/1563
f 379/1564 1059/1565 1061/1566
f 370/1567 1060/1568 182/1569
f 1064/1570 664/1571 1060/1572
f 46/1573 1064/1574 370/1575
f 1065/1576 664/1577 1064/1578
f 53/1579 1066/1580 1068/1581
f 1068/1582 1069/1583 1067/1584
f 380/1585 1063/1586 1066/1587
f 1066/1588 1062/1589 1069/1590
f 371/1591 1065/1592 46/1593
f 1070/1594 1062/1595 1065/1596
f 47/1597 1070/1598 371/1599
f 1071/1600 1069/1601 1070/1602
f 381/1603 1072/1604 54/1605
f 1068/1606 1073/1607 381/1608
f 1023/1609 1071/1610 47/1611
f 1022/1612 1073/1613 1023/1614
f 1073/1615 1067/1616 1071/1617
f 56/1618 1074/1619 1076/1620
f 1076/1621 620/1622 1075/1623
f 49/1624 1077/1625 372/1626
f 1078/1627 620/1628 1077/1629
f 2276/1630 1080/1631 1081/1632
f 1081/1633 634/1634 384/1635
f 1079/1636 2324/1637 1080/1638
f 1031/1639 2326/1640 166/1641
f 1082/1642 634/1643 2326/1644
f 2273/1645 1082/1646 1031/1647
f 1083/1648 634/1649 1082/1650
f 57/1651 1084/1652 1086/1653
f 1086/1654 292/1655 1085/1656
f 50/1657 1087/1658 375/1659
f 1088/1660 292/1661 1087/1662
f 58/1663 2432/1664 1092/1665
f 1089/1666 1090/1667 2432/1668
f 2432/1669 211/1670 1091/1671
f 1092/1672 1091/1673 387/1674
f 386/1675 2433/1676 1090/1677
f 1093/1678 1086/1679 2433/1680
f 2433/1681 1085/1682 1094/1683
f 1090/1684 1094/1685 211/1686
f 1045/1687 1088/1688 50/1689
f 376/1690 2434/1691 1045/1692
f 1095/1693 1094/1694 2434/1695
f 2434/1696 1085/1697 1088/1698
f 1041/1699 1095/1700 376/1701
f 51/1702 2435/1703 1041/1704
f 1096/1705 1091/1706 2435/1707
f 2435/1708 211/1709 1095/1710
f 1105/1711 1098/1712 1099/1713
f 1099/1714 212/1715 388/1716
f 1097/1717 2436/1718 1098/1719
f 1100/1720 1092/1721 2436/1722
f 2436/1723 387/1724 1101/1725
f 1098/1726 1101/1727 212/1728
f 1052/1729 1096/1730 51/1731
f 1049/1732 2437/1733 1052/1734
f 1102/1735 1101/1736 2437/1737
f 2437/1738 387/1739 1096/1740
f 1057/1741 1102/1742 1049/1743
f 1103/1744 212/1745 1102/1746
f 651/1747 1099/1748 1104/1749
f 1104/1750 388/1751 213/1752
f 652/1753 1103/1754 1057/1755
f 1106/1756 388/1757 1103/1758
f 59/1759 1109/1760 1111/1761
f 1111/1762 665/1763 1110/1764
f 389/1765 1107/1766 1109/1767
f 379/1768 1108/1769 181/1770
f 1112/1771 665/1772 1108/1773
f 52/1774 1112/1775 379/1776
f 1113/1777 665/1778 1112/1779
f 60/1780 2438/1781 1116/1782
f 60/1783 1114/1784 2438/1785
f 2438/1786 1117/1787 1115/1788
f 390/1789 1111/1790 1114/1791
f 1114/1792 1110/1793 1117/1794
f 380/1795 1113/1796 52/1797
f 1118/1798 1110/1799 1113/1800
f 53/1801 1118/1802 380/1803
f 1119/1804 1117/1805 1118/1806
f 1120/1807 1116/1808 1121/1809
f 53/1810 1123/1811 1119/1812
f 1123/1813 1121/1814 1116/1815
f 1119/1816 1116/1817 1115/1818
f 381/1819 54/1820 1123/1821
f 54/1822 1455/1823 1121/1824
f 63/1825 1124/1826 1125/1827
f 1124/1828 261/1829 214/1830
f 56/1831 1126/1832 382/1833
f 1127/1834 214/1835 1126/1836
f 2279/1837 1129/1838 1130/1839
f 1130/1840 635/1841 393/1842
f 1128/1843 2327/1844 1129/1845
f 1079/1846 2329/1847 165/1848
f 1131/1849 635/1850 2329/1851
f 2276/1852 1131/1853 1079/1854
f 1132/1855 635/1856 1131/1857
f 64/1858 1133/1859 1135/1860
f 1135/1861 293/1862 1134/1863
f 57/1864 1136/1865 385/1866
f 1137/1867 293/1868 1136/1869
f 65/1870 2439/1871 1141/1872
f 1138/1873 1139/1874 2439/1875
f 2439/1876 215/1877 1140/1878
f 1141/1879 1140/1880 396/1881
f 395/1882 2440/1883 1139/1884
f 1142/1885 1135/1886 2440/1887
f 2440/1888 1134/1889 1143/1890
f 1139/1891 1143/1892 215/1893
f 1093/1894 1137/1895 57/1896
f 386/1897 2441/1898 1093/1899
f 1144/1900 1143/1901 2441/1902
f 2441/1903 1134/1904 1137/1905
f 1089/1906 1144/1907 386/1908
f 58/1909 2442/1910 1089/1911
f 1145/1912 1140/1913 2442/1914
f 2442/1915 215/1916 1144/1917
f 1154/1918 1147/1919 1148/1920
f 1148/1921 216/1922 397/1923
f 1146/1924 2443/1925 1147/1926
f 1149/1927 1141/1928 2443/1929
f 2443/1930 396/1931 1150/1932
f 1147/1933 1150/1934 216/1935
f 1100/1936 1145/1937 58/1938
f 1097/1939 2444/1940 1100/1941
f 1151/1942 1150/1943 2444/1944
f 2444/1945 396/1946 1145/1947
f 1105/1948 1151/1949 1097/1950
f 1152/1951 216/1952 1151/1953
f 650/1954 1148/1955 1153/1956
f 1153/1957 397/1958 217/1959
f 651/1960 1152/1961 1105/1962
f 1155/1963 397/1964 1152/1965
f 66/1966 1158/1967 1160/1968
f 1160/1969 666/1970 1159/1971
f 398/1972 1156/1973 1158/1974
f 389/1975 1157/1976 180/1977
f 1161/1978 666/1979 1157/1980
f 59/1981 1161/1982 389/1983
f 1162/1984 666/1985 1161/1986
f 67/1987 1163/1988 1165/1989
f 1165/1990 1166/1991 1164/1992
f 399/1993 1160/1994 1163/1995
f 1163/1996 1159/1997 1166/1998
f 390/1999 1162/2000 59/2001
f 1167/2002 1159/2003 1162/2004
f 60/2005 1167/2006 390/2007
f 1168/2008 1166/2009 1167/2010
f 400/2011 1165/2012 1169/2013
f 60/2014 1122/2015 1168/2016
f 1168/2017 1169/2018 1164/2019
f 1120/2020 61/2021 1169/2022
f 69/2023 1170/2024 1171/2025
f 1170/2026 262/2027 218/2028
f 63/2029 1172/2030 391/2031
f 1173/2032 218/2033 1172/2034
f 2282/2035 1175/2036 1176/2037
f 1176/2038 636/2039 403/2040
f 1174/2041 2330/2042 1175/2043
f 1128/2044 2333/2045 164/2046
f 1177/2047 636/2048 2333/2049
f 2279/2050 1177/2051 1128/2052
f 1178/2053 636/2054 1177/2055
f 70/2056 1179/2057 1181/2058
f 1181/2059 294/2060 1180/2061
f 64/2062 1182/2063 394/2064
f 1183/2065 294/2066 1182/2067
f 71/2068 2445/2069 1187/2070
f 1184/2071 1185/2072 2445/2073
f 2445/2074 219/2075 1186/2076
f 1187/2077 1186/2078 406/2079
f 405/2080 2446/2081 1185/2082
f 1188/2083 1181/2084 2446/2085
f 2446/2086 1180/2087 1189/2088
f 1185/2089 1189/2090 219/2091
f 1142/2092 1183/2093 64/2094
f 395/2095 2447/2096 1142/2097
f 1190/2098 1189/2099 2447/2100
f 2447/2101 1180/2102 1183/2103
f 1138/2104 1190/2105 395/2106
f 65/2107 2448/2108 1138/2109
f 1191/2110 1186/2111 2448/2112
f 2448/2113 219/2114 1190/2115
f 1200/2116 1193/2117 1194/2118
f 1194/2119 220/2120 407/2121
f 1192/2122 2449/2123 1193/2124
f 1195/2125 1187/2126 2449/2127
f 2449/2128 406/2129 1196/2130
f 1193/2131 1196/2132 220/2133
f 1149/2134 1191/2135 65/2136
f 1146/2137 2450/2138 1149/2139
f 1197/2140 1196/2141 2450/2142
f 2450/2143 406/2144 1191/2145
f 1154/2146 1197/2147 1146/2148
f 1198/2149 220/2150 1197/2151
f 649/2152 1194/2153 1199/2154
f 1199/2155 407/2156 221/2157
f 650/2158 1198/2159 1154/2160
f 1201/2161 407/2162 1198/2163
f 72/2164 1204/2165 1206/2166
f 1206/2167 667/2168 1205/2169
f 408/2170 1202/2171 1204/2172
f 398/2173 1203/2174 179/2175
f 1207/2176 667/2177 1203/2178
f 66/2179 1207/2180 398/2181
f 1208/2182 667/2183 1207/2184
f 73/2185 1209/2186 1211/2187
f 1211/2188 1212/2189 1210/2190
f 409/2191 1206/2192 1209/2193
f 1209/2194 1205/2195 1212/2196
f 399/2197 1208/2198 66/2199
f 1213/2200 1205/2201 1208/2202
f 67/2203 1213/2204 399/2205
f 1214/2206 1212/2207 1213/2208
f 1215/2209 1456/2210 1265/2211
f 1211/2212 1217/2213 1216/2214
f 1216/2215 1218/2216 1215/2217
f 400/2218 1214/2219 67/2220
f 1217/2221 1210/2222 1214/2223
f 61/2224 1218/2225 400/2226
f 75/2227 1219/2228 1221/2229
f 1221/2230 621/2231 1220/2232
f 69/2233 1222/2234 401/2235
f 1223/2236 621/2237 1222/2238
f 2285/2239 1225/2240 1226/2241
f 1226/2242 637/2243 412/2244
f 1224/2245 2334/2246 1225/2247
f 1174/2248 1227/2249 163/2250
f 2282/2251 1227/2252 1174/2253
f 1228/2254 637/2255 1227/2256
f 76/2257 1229/2258 1231/2259
f 1231/2260 295/2261 1230/2262
f 70/2263 1232/2264 404/2265
f 1233/2266 295/2267 1232/2268
f 77/2269 2451/2270 1237/2271
f 1234/2272 1235/2273 2451/2274
f 2451/2275 222/2276 1236/2277
f 1237/2278 1236/2279 415/2280
f 414/2281 2452/2282 1235/2283
f 1238/2284 1231/2285 2452/2286
f 2452/2287 1230/2288 1239/2289
f 1235/2290 1239/2291 222/2292
f 1188/2293 1233/2294 70/2295
f 405/2296 2453/2297 1188/2298
f 1240/2299 1239/2300 2453/2301
f 2453/2302 1230/2303 1233/2304
f 1184/2305 1240/2306 405/2307
f 71/2308 2454/2309 1184/2310
f 1241/2311 1236/2312 2454/2313
f 2454/2314 222/2315 1240/2316
f 1250/2317 1243/2318 1244/2319
f 1244/2320 223/2321 416/2322
f 1242/2323 2455/2324 1243/2325
f 1245/2326 1237/2327 2455/2328
f 2455/2329 415/2330 1246/2331
f 1243/2332 1246/2333 223/2334
f 1195/2335 1241/2336 71/2337
f 1192/2338 2456/2339 1195/2340
f 1247/2341 1246/2342 2456/2343
f 2456/2344 415/2345 1241/2346
f 1200/2347 1247/2348 1192/2349
f 1248/2350 223/2351 1247/2352
f 648/2353 1244/2354 1249/2355
f 1249/2356 416/2357 224/2358
f 649/2359 1248/2360 1200/2361
f 1251/2362 416/2363 1248/2364
f 78/2365 1254/2366 1256/2367
f 1256/2368 668/2369 1255/2370
f 417/2371 1252/2372 1254/2373
f 408/2374 1253/2375 178/2376
f 1257/2377 668/2378 1253/2379
f 72/2380 1257/2381 408/2382
f 1258/2383 668/2384 1257/2385
f 79/2386 1259/2387 1261/2388
f 1261/2389 1262/2390 1260/2391
f 418/2392 1256/2393 1259/2394
f 1259/2395 1255/2396 1262/2397
f 409/2398 1258/2399 72/2400
f 1263/2401 1255/2402 1258/2403
f 73/2404 1263/2405 409/2406
f 1264/2407 1262/2408 1263/2409
f 419/2410 1265/2411 80/2412
f 1261/2413 1266/2414 419/2415
f 1216/2416 1264/2417 73/2418
f 1215/2419 1266/2420 1216/2421
f 1266/2422 1260/2423 1264/2424
f 82/2425 1267/2426 1269/2427
f 1269/2428 622/2429 1268/2430
f 75/2431 1270/2432 410/2433
f 1271/2434 622/2435 1270/2436
f 2288/2437 1273/2438 1274/2439
f 1274/2440 638/2441 422/2442
f 1272/2443 2338/2444 1273/2445
f 1224/2446 1275/2447 162/2448
f 2285/2449 1275/2450 1224/2451
f 1276/2452 638/2453 1275/2454
f 83/2455 1277/2456 1279/2457
f 1279/2458 296/2459 1278/2460
f 76/2461 1280/2462 413/2463
f 1281/2464 296/2465 1280/2466
f 84/2467 2457/2468 1285/2469
f 1282/2470 1283/2471 2457/2472
f 2457/2473 225/2474 1284/2475
f 1285/2476 1284/2477 425/2478
f 424/2479 2458/2480 1283/2481
f 1286/2482 1279/2483 2458/2484
f 2458/2485 1278/2486 1287/2487
f 1283/2488 1287/2489 225/2490
f 1238/2491 1281/2492 76/2493
f 414/2494 2459/2495 1238/2496
f 1288/2497 1287/2498 2459/2499
f 2459/2500 1278/2501 1281/2502
f 1234/2503 1288/2504 414/2505
f 77/2506 2460/2507 1234/2508
f 1289/2509 1284/2510 2460/2511
f 2460/2512 225/2513 1288/2514
f 1298/2515 1291/2516 1292/2517
f 1292/2518 226/2519 426/2520
f 1290/2521 2461/2522 1291/2523
f 1293/2524 1285/2525 2461/2526
f 2461/2527 425/2528 1294/2529
f 1291/2530 1294/2531 226/2532
f 1245/2533 1289/2534 77/2535
f 1242/2536 2462/2537 1245/2538
f 1295/2539 1294/2540 2462/2541
f 2462/2542 425/2543 1289/2544
f 1250/2545 1295/2546 1242/2547
f 1296/2548 226/2549 1295/2550
f 647/2551 1292/2552 1297/2553
f 1297/2554 426/2555 227/2556
f 648/2557 1296/2558 1250/2559
f 1299/2560 426/2561 1296/2562
f 85/2563 1302/2564 1304/2565
f 1304/2566 669/2567 1303/2568
f 427/2569 1300/2570 1302/2571
f 417/2572 1301/2573 177/2574
f 1305/2575 669/2576 1301/2577
f 78/2578 1305/2579 417/2580
f 1306/2581 669/2582 1305/2583
f 86/2584 2463/2585 1309/2586
f 86/2587 1307/2588 2463/2589
f 2463/2590 1310/2591 1308/2592
f 428/2593 1304/2594 1307/2595
f 1307/2596 1303/2597 1310/2598
f 418/2599 1306/2600 78/2601
f 1311/2602 1303/2603 1306/2604
f 79/2605 1311/2606 418/2607
f 1312/2608 1310/2609 1311/2610
f 1313/2611 1309/2612 1314/2613
f 79/2614 1316/2615 1312/2616
f 1316/2617 1314/2618 1309/2619
f 1312/2620 1309/2621 1308/2622
f 419/2623 80/2624 1316/2625
f 80/2626 1457/2627 1314/2628
f 88/2629 1317/2630 1319/2631
f 1319/2632 623/2633 1318/2634
f 82/2635 1320/2636 420/2637
f 1321/2638 623/2639 1320/2640
f 2291/2641 1323/2642 1324/2643
f 1324/2644 639/2645 431/2646
f 1322/2647 2341/2648 1323/2649
f 1272/2650 2343/2651 161/2652
f 1325/2653 639/2654 2343/2655
f 2288/2656 1325/2657 1272/2658
f 1326/2659 639/2660 1325/2661
f 89/2662 1327/2663 1329/2664
f 1329/2665 297/2666 1328/2667
f 83/2668 1330/2669 423/2670
f 1331/2671 297/2672 1330/2673
f 90/2674 2464/2675 1335/2676
f 1332/2677 1333/2678 2464/2679
f 2464/2680 228/2681 1334/2682
f 1335/2683 1334/2684 434/2685
f 433/2686 2465/2687 1333/2688
f 1336/2689 1329/2690 2465/2691
f 2465/2692 1328/2693 1337/2694
f 1333/2695 1337/2696 228/2697
f 1286/2698 1331/2699 83/2700
f 424/2701 2466/2702 1286/2703
f 1338/2704 1337/2705 2466/2706
f 2466/2707 1328/2708 1331/2709
f 1282/2710 1338/2711 424/2712
f 84/2713 2467/2714 1282/2715
f 1339/2716 1334/2717 2467/2718
f 2467/2719 228/2720 1338/2721
f 1348/2722 1341/2723 1342/2724
f 1342/2725 229/2726 435/2727
f 1340/2728 2468/2729 1341/2730
f 1343/2731 1335/2732 2468/2733
f 2468/2734 434/2735 1344/2736
f 1341/2737 1344/2738 229/2739
f 1293/2740 1339/2741 84/2742
f 1290/2743 2469/2744 1293/2745
f 1345/2746 1344/2747 2469/2748
f 2469/2749 434/2750 1339/2751
f 1298/2752 1345/2753 1290/2754
f 1346/2755 229/2756 1345/2757
f 646/2758 1342/2759 1347/2760
f 1347/2761 435/2762 230/2763
f 647/2764 1346/2765 1298/2766
f 1349/2767 435/2768 1346/2769
f 91/2770 1352/2771 1354/2772
f 1354/2773 670/2774 1353/2775
f 436/2776 1350/2777 1352/2778
f 427/2779 1351/2780 176/2781
f 1355/2782 670/2783 1351/2784
f 85/2785 1355/2786 427/2787
f 1356/2788 670/2789 1355/2790
f 92/2791 1357/2792 1359/2793
f 1359/2794 1360/2795 1358/2796
f 437/2797 1354/2798 1357/2799
f 1357/2800 1353/2801 1360/2802
f 428/2803 1356/2804 85/2805
f 1361/2806 1353/2807 1356/2808
f 86/2809 1361/2810 428/2811
f 1362/2812 1360/2813 1361/2814
f 438/2815 1364/2816 1363/2817
f 438/2818 1359/2819 1364/2820
f 86/2821 1315/2822 1362/2823
f 1315/2824 1363/2825 1364/2826
f 1362/2827 1364/2828 1358/2829
f 1313/2830 452/2831 1363/2832
f 94/2833 1365/2834 1366/2835
f 1365/2836 266/2837 231/2838
f 88/2839 1367/2840 429/2841
f 1368/2842 231/2843 1367/2844
f 2294/2845 1370/2846 1371/2847
f 1371/2848 640/2849 441/2850
f 1369/2851 2344/2852 1370/2853
f 1322/2854 2346/2855 160/2856
f 1372/2857 640/2858 2346/2859
f 2291/2860 1372/2861 1322/2862
f 1373/2863 640/2864 1372/2865
f 95/2866 1374/2867 1376/2868
f 1376/2869 298/2870 1375/2871
f 89/2872 1377/2873 432/2874
f 1378/2875 298/2876 1377/2877
f 96/2878 2470/2879 1382/2880
f 1379/2881 1380/2882 2470/2883
f 2470/2884 232/2885 1381/2886
f 1382/2887 1381/2888 444/2889
f 443/2890 2471/2891 1380/2892
f 1383/2893 1376/2894 2471/2895
f 2471/2896 1375/2897 1384/2898
f 1380/2899 1384/2900 232/2901
f 1336/2902 1378/2903 89/2904
f 433/2905 2472/2906 1336/2907
f 1385/2908 1384/2909 2472/2910
f 2472/2911 1375/2912 1378/2913
f 1332/2914 1385/2915 433/2916
f 90/2917 2473/2918 1332/2919
f 1386/2920 1381/2921 2473/2922
f 2473/2923 232/2924 1385/2925
f 1395/2926 1388/2927 1389/2928
f 1389/2929 233/2930 445/2931
f 1387/2932 2474/2933 1388/2934
f 1390/2935 1382/2936 2474/2937
f 2474/2938 444/2939 1391/2940
f 1388/2941 1391/2942 233/2943
f 1343/2944 1386/2945 90/2946
f 1340/2947 2475/2948 1343/2949
f 1392/2950 1391/2951 2475/2952
f 2475/2953 444/2954 1386/2955
f 1348/2956 1392/2957 1340/2958
f 1393/2959 233/2960 1392/2961
f 645/2962 1389/2963 1394/2964
f 1394/2965 445/2966 234/2967
f 646/2968 1393/2969 1348/2970
f 1396/2971 445/2972 1393/2973
f 97/2974 1399/2975 1401/2976
f 1401/2977 671/2978 1400/2979
f 446/2980 1397/2981 1399/2982
f 436/2983 1398/2984 175/2985
f 1402/2986 671/2987 1398/2988
f 91/2989 1402/2990 436/2991
f 1403/2992 671/2993 1402/2994
f 98/2995 1404/2996 1406/2997
f 1406/2998 1407/2999 1405/3000
f 447/3001 1401/3002 1404/3003
f 1404/3004 1400/3005 1407/3006
f 437/3007 1403/3008 91/3009
f 1408/3010 1400/3011 1403/3012
f 92/3013 1408/3014 437/3015
f 1409/3016 1407/3017 1408/3018
f 1410/3019 1411/3020 99/3021
f 1406/3022 1413/3023 1412/3024
f 1412/3025 1413/3026 1410/3027
f 438/3028 1409/3029 92/3030
f 1413/3031 1405/3032 1409/3033
f 1363/3034 1413/3035 438/3036
f 677/3037 1414/3038 1416/3039
f 1416/3040 624/3041 1415/3042
f 94/3043 1417/3044 439/3045
f 1418/3046 624/3047 1417/3048
f 1/3049 1419/3050 1420/3051
f 1420/3052 641/3053 449/3054
f 682/3055 2347/3056 1419/3057
f 1369/3058 2349/3059 159/3060
f 1421/3061 641/3062 2349/3063
f 2294/3064 1421/3065 1369/3066
f 1422/3067 641/3068 1421/3069
f 689/3070 1423/3071 1425/3072
f 1425/3073 299/3074 1424/3075
f 95/3076 1426/3077 442/3078
f 1427/3079 299/3080 1426/3081
f 2/3082 2476/3083 1430/3084
f 699/3085 1428/3086 2476/3087
f 2476/3088 235/3089 1429/3090
f 1430/3091 1429/3092 450/3093
f 307/3094 2477/3095 1428/3096
f 697/3097 1425/3098 2477/3099
f 2477/3100 1424/3101 1431/3102
f 1428/3103 1431/3104 235/3105
f 1383/3106 1427/3107 95/3108
f 443/3109 2478/3110 1383/3111
f 1432/3112 1431/3113 2478/3114
f 2478/3115 1424/3116 1427/3117
f 1379/3118 1432/3119 443/3120
f 96/3121 2479/3122 1379/3123
f 1433/3124 1429/3125 2479/3126
f 2479/3127 235/3128 1432/3129
f 3/3130 1434/3131 1435/3132
f 1435/3133 236/3134 451/3135
f 309/3136 2480/3137 1434/3138
f 706/3139 1430/3140 2480/3141
f 2480/3142 450/3143 1436/3144
f 1434/3145 1436/3146 236/3147
f 1390/3148 1433/3149 96/3150
f 1387/3151 2481/3152 1390/3153
f 1437/3154 1436/3155 2481/3156
f 2481/3157 450/3158 1433/3159
f 1395/3160 1437/3161 1387/3162
f 1438/3163 236/3164 1437/3165
f 311/3166 1435/3167 1439/3168
f 1439/3169 451/3170 237/3171
f 645/3172 1438/3173 1395/3174
f 1440/3175 451/3176 1438/3177
f 719/3178 1443/3179 1445/3180
f 1445/3181 672/3182 1444/3183
f 717/3184 1441/3185 1443/3186
f 446/3187 1442/3188 174/3189
f 1446/3190 672/3191 1442/3192
f 97/3193 1446/3194 446/3195
f 1447/3196 672/3197 1446/3198
f 727/3199 1448/3200 1450/3201
f 1450/3202 1451/3203 1449/3204
f 725/3205 1445/3206 1448/3207
f 1448/3208 1444/3209 1451/3210
f 447/3211 1447/3212 97/3213
f 1452/3214 1444/3215 1447/3216
f 98/3217 1452/3218 447/3219
f 1453/3220 1449/3221 2482/3222
f 2482/3223 1451/3224 1452/3225
f 732/3226 1454/3227 1460/3228
f 1450/3229 1453/3230 732/3231
f 1412/3232 1453/3233 98/3234
f 1410/3235 1453/3236 1412/3237
f 99/3238 1454/3239 1410/3240
f 1456/3241 1455/3242 1457/3243
f 1458/3244 1459/3245 1455/3246
f 99/3247 1457/3248 1459/3249
f 1411/3250 452/3251 99/3252
f 1457/3253 99/3254 452/3255
f 829/3256 324/3257 1459/3258
f 1459/3259 324/3260 99/3261
f 1461/3262 1464/3263 100/3264
f 453/3265 2483/3266 1461/3267
f 1462/3268 1463/3269 2483/3270
f 2483/3271 153/3272 1464/3273
f 453/3274 2484/3275 1462/3276
f 1465/3277 1466/3278 2484/3279
f 2484/3280 454/3281 1467/3282
f 1462/3283 1467/3284 583/3285
f 1468/3286 1471/3287 101/3288
f 455/3289 2485/3290 1468/3291
f 1469/3292 1470/3293 2485/3294
f 2485/3295 458/3296 1471/3297
f 455/3298 2486/3299 1469/3300
f 1472/3301 1473/3302 2486/3303
f 2486/3304 456/3305 1474/3306
f 1469/3307 1474/3308 238/3309
f 107/3310 2487/3311 1477/3312
f 1475/3313 1476/3314 2487/3315
f 2487/3316 238/3317 1474/3318
f 1477/3319 1474/3320 456/3321
f 1478/3322 1476/3323 457/3324
f 102/3325 2488/3326 1478/3327
f 1479/3328 1470/3329 2488/3330
f 2488/3331 238/3332 1476/3333
f 1478/3334 103/3335 102/3336
f 457/3337 1481/3338 1478/3339
f 457/3340 1483/3341 1480/3342
f 1475/3343 1482/3344 1483/3345
f 1484/3346 1480/3347 1483/3348
f 1485/3349 1483/3350 1482/3351
f 1486/3352 1480/3353 459/3354
f 103/3355 1481/3356 1486/3357
f 1486/3358 461/3359 103/3360
f 1488/3361 459/3362 1484/3363
f 1489/3364 1484/3365 1487/3366
f 104/3367 1486/3368 1490/3369
f 1490/3370 459/3371 460/3372
f 104/3373 1491/3374 462/3375
f 1490/3376 1493/3377 1491/3378
f 1488/3379 1492/3380 1493/3381
f 1495/3382 462/3383 1491/3384
f 1494/3385 1491/3386 1493/3387
f 1496/3388 1466/3389 105/3390
f 463/3391 2489/3392 1496/3393
f 1497/3394 1498/3395 2489/3396
f 2489/3397 454/3398 1466/3399
f 463/3400 2490/3401 1497/3402
f 1499/3403 1500/3404 2490/3405
f 2490/3406 464/3407 1501/3408
f 1497/3409 1501/3410 584/3411
f 1502/3412 1473/3413 106/3414
f 465/3415 2491/3416 1502/3417
f 1503/3418 1504/3419 2491/3420
f 2491/3421 456/3422 1473/3423
f 465/3424 2492/3425 1503/3426
f 1505/3427 1506/3428 2492/3429
f 2492/3430 466/3431 1507/3432
f 1503/3433 1507/3434 239/3435
f 110/3436 2493/3437 1510/3438
f 1508/3439 1509/3440 2493/3441
f 2493/3442 239/3443 1507/3444
f 1510/3445 1507/3446 466/3447
f 1511/3448 1509/3449 467/3450
f 107/3451 2494/3452 1511/3453
f 1477/3454 1504/3455 2494/3456
f 2494/3457 239/3458 1509/3459
f 1511/3460 1482/3461 107/3462
f 467/3463 1513/3464 1511/3465
f 467/3466 1515/3467 1512/3468
f 1508/3469 1514/3470 1515/3471
f 1516/3472 1512/3473 1515/3474
f 1517/3475 1515/3476 1514/3477
f 1518/3478 1512/3479 468/3480
f 1485/3481 1513/3482 1518/3483
f 1518/3484 1487/3485 1485/3486
f 1520/3487 468/3488 1516/3489
f 1521/3490 1516/3491 1519/3492
f 1489/3493 1518/3494 1522/3495
f 1522/3496 468/3497 469/3498
f 1522/3499 1523/3500 1492/3501
f 1492/3502 1526/3503 1524/3504
f 1520/3505 1525/3506 1523/3507
f 1523/3508 1525/3509 1526/3510
f 1946/3511 1524/3512 1526/3513
f 1527/3514 1500/3515 108/3516
f 470/3517 2495/3518 1527/3519
f 1528/3520 1529/3521 2495/3522
f 2495/3523 464/3524 1500/3525
f 470/3526 2496/3527 1528/3528
f 1530/3529 1531/3530 2496/3531
f 2496/3532 471/3533 1532/3534
f 1528/3535 1532/3536 585/3537
f 1533/3538 1506/3539 109/3540
f 472/3541 2497/3542 1533/3543
f 1534/3544 1535/3545 2497/3546
f 2497/3547 466/3548 1506/3549
f 472/3550 2498/3551 1534/3552
f 1536/3553 1537/3554 2498/3555
f 2498/3556 473/3557 1538/3558
f 1534/3559 1538/3560 240/3561
f 113/3562 2499/3563 1541/3564
f 1539/3565 1540/3566 2499/3567
f 2499/3568 240/3569 1538/3570
f 1541/3571 1538/3572 473/3573
f 1542/3574 1540/3575 474/3576
f 110/3577 2500/3578 1542/3579
f 1510/3580 1535/3581 2500/3582
f 2500/3583 240/3584 1540/3585
f 1542/3586 1514/3587 110/3588
f 474/3589 1544/3590 1542/3591
f 474/3592 1546/3593 1543/3594
f 1539/3595 1545/3596 1546/3597
f 1547/3598 1543/3599 1546/3600
f 1548/3601 1546/3602 1545/3603
f 1549/3604 1543/3605 475/3606
f 1517/3607 1544/3608 1549/3609
f 1549/3610 1519/3611 1517/3612
f 1551/3613 475/3614 1547/3615
f 1552/3616 1547/3617 1550/3618
f 1521/3619 1549/3620 1553/3621
f 1553/3622 475/3623 476/3624
f 1553/3625 1525/3626 1521/3627
f 476/3628 1554/3629 1553/3630
f 1551/3631 1554/3632 476/3633
f 1552/3634 1555/3635 1551/3636
f 1557/3637 1531/3638 111/3639
f 477/3640 2501/3641 1557/3642
f 1558/3643 1559/3644 2501/3645
f 2501/3646 471/3647 1531/3648
f 477/3649 2502/3650 1558/3651
f 1560/3652 1561/3653 2502/3654
f 2502/3655 478/3656 1562/3657
f 1558/3658 1562/3659 586/3660
f 1563/3661 1537/3662 112/3663
f 479/3664 2503/3665 1563/3666
f 1564/3667 1565/3668 2503/3669
f 2503/3670 473/3671 1537/3672
f 479/3673 2504/3674 1564/3675
f 1566/3676 1567/3677 2504/3678
f 2504/3679 480/3680 1568/3681
f 1564/3682 1568/3683 241/3684
f 116/3685 2505/3686 1571/3687
f 1569/3688 1570/3689 2505/3690
f 2505/3691 241/3692 1568/3693
f 1571/3694 1568/3695 480/3696
f 1572/3697 1570/3698 481/3699
f 113/3700 2506/3701 1572/3702
f 1541/3703 1565/3704 2506/3705
f 2506/3706 241/3707 1570/3708
f 1572/3709 1545/3710 113/3711
f 481/3712 1574/3713 1572/3714
f 481/3715 1576/3716 1573/3717
f 1569/3718 1575/3719 1576/3720
f 1577/3721 1573/3722 1576/3723
f 1578/3724 1576/3725 1575/3726
f 1579/3727 1573/3728 482/3729
f 1548/3730 1574/3731 1579/3732
f 1579/3733 1550/3734 1548/3735
f 1581/3736 482/3737 1577/3738
f 1582/3739 1577/3740 1580/3741
f 1552/3742 1579/3743 1583/3744
f 1583/3745 482/3746 483/3747
f 1583/3748 1555/3749 1552/3750
f 483/3751 1584/3752 1583/3753
f 1581/3754 1584/3755 483/3756
f 1582/3757 1585/3758 1581/3759
f 1585/3760 1586/3761 1584/3762
f 1586/3763 1585/3764 1587/3765
f 1556/3766 1586/3767 1587/3768
f 1588/3769 1561/3770 114/3771
f 484/3772 2507/3773 1588/3774
f 1589/3775 1590/3776 2507/3777
f 2507/3778 478/3779 1561/3780
f 484/3781 2508/3782 1589/3783
f 1591/3784 1592/3785 2508/3786
f 2508/3787 485/3788 1593/3789
f 1589/3790 1593/3791 587/3792
f 1594/3793 1567/3794 115/3795
f 486/3796 2509/3797 1594/3798
f 1595/3799 1596/3800 2509/3801
f 2509/3802 480/3803 1567/3804
f 486/3805 2510/3806 1595/3807
f 1597/3808 1598/3809 2510/3810
f 2510/3811 487/3812 1599/3813
f 1595/3814 1599/3815 242/3816
f 119/3817 2511/3818 1602/3819
f 1600/3820 1601/3821 2511/3822
f 2511/3823 242/3824 1599/3825
f 1602/3826 1599/3827 487/3828
f 1603/3829 1601/3830 488/3831
f 116/3832 2512/3833 1603/3834
f 1571/3835 1596/3836 2512/3837
f 2512/3838 242/3839 1601/3840
f 1603/3841 1575/3842 116/3843
f 488/3844 1605/3845 1603/3846
f 488/3847 1607/3848 1604/3849
f 1600/3850 1606/3851 1607/3852
f 1608/3853 1604/3854 1607/3855
f 1609/3856 1607/3857 1606/3858
f 1610/3859 1604/3860 489/3861
f 1578/3862 1605/3863 1610/3864
f 1610/3865 1580/3866 1578/3867
f 1612/3868 489/3869 1608/3870
f 1613/3871 1608/3872 1611/3873
f 1582/3874 1610/3875 1614/3876
f 1614/3877 489/3878 490/3879
f 1582/3880 1615/3881 1585/3882
f 1614/3883 1617/3884 1615/3885
f 1612/3886 1616/3887 1617/3888
f 1587/3889 1585/3890 1615/3891
f 1618/3892 1615/3893 1617/3894
f 1619/3895 1592/3896 117/3897
f 491/3898 2513/3899 1619/3900
f 1620/3901 1621/3902 2513/3903
f 2513/3904 485/3905 1592/3906
f 491/3907 2514/3908 1620/3909
f 1622/3910 1623/3911 2514/3912
f 2514/3913 492/3914 1624/3915
f 1620/3916 1624/3917 588/3918
f 1625/3919 1598/3920 118/3921
f 493/3922 2515/3923 1625/3924
f 1626/3925 1627/3926 2515/3927
f 2515/3928 487/3929 1598/3930
f 493/3931 2516/3932 1626/3933
f 1628/3934 1629/3935 2516/3936
f 2516/3937 494/3938 1630/3939
f 1626/3940 1630/3941 243/3942
f 122/3943 2517/3944 1633/3945
f 1631/3946 1632/3947 2517/3948
f 2517/3949 243/3950 1630/3951
f 1633/3952 1630/3953 494/3954
f 1634/3955 1632/3956 495/3957
f 119/3958 2518/3959 1634/3960
f 1602/3961 1627/3962 2518/3963
f 2518/3964 243/3965 1632/3966
f 1634/3967 1606/3968 119/3969
f 495/3970 1636/3971 1634/3972
f 495/3973 1638/3974 1635/3975
f 1631/3976 1637/3977 1638/3978
f 1639/3979 1635/3980 1638/3981
f 1640/3982 1638/3983 1637/3984
f 1641/3985 1635/3986 496/3987
f 1609/3988 1636/3989 1641/3990
f 1641/3991 1611/3992 1609/3993
f 1643/3994 496/3995 1639/3996
f 1644/3997 1639/3998 1642/3999
f 1613/4000 1641/4001 1645/4002
f 1645/4003 496/4004 497/4005
f 1645/4006 1646/4007 1616/4008
f 1616/4009 1649/4010 1647/4011
f 1643/4012 1648/4013 1646/4014
f 1646/4015 1648/4016 1649/4017
f 1944/4018 1647/4019 1649/4020
f 1650/4021 1623/4022 120/4023
f 498/4024 2519/4025 1650/4026
f 1651/4027 1652/4028 2519/4029
f 2519/4030 492/4031 1623/4032
f 498/4033 2520/4034 1651/4035
f 1653/4036 1654/4037 2520/4038
f 2520/4039 499/4040 1655/4041
f 1651/4042 1655/4043 589/4044
f 1656/4045 1629/4046 121/4047
f 500/4048 2521/4049 1656/4050
f 1657/4051 1658/4052 2521/4053
f 2521/4054 494/4055 1629/4056
f 500/4057 2522/4058 1657/4059
f 1659/4060 1660/4061 2522/4062
f 2522/4063 501/4064 1661/4065
f 1657/4066 1661/4067 244/4068
f 125/4069 2523/4070 1664/4071
f 1662/4072 1663/4073 2523/4074
f 2523/4075 244/4076 1661/4077
f 1664/4078 1661/4079 501/4080
f 1665/4081 1663/4082 502/4083
f 122/4084 2524/4085 1665/4086
f 1633/4087 1658/4088 2524/4089
f 2524/4090 244/4091 1663/4092
f 1665/4093 1637/4094 122/4095
f 502/4096 1667/4097 1665/4098
f 502/4099 1669/4100 1666/4101
f 1662/4102 1668/4103 1669/4104
f 1670/4105 1666/4106 1669/4107
f 1671/4108 1666/4109 503/4110
f 1640/4111 1667/4112 1671/4113
f 1671/4114 1642/4115 1640/4116
f 1673/4117 503/4118 1670/4119
f 1674/4120 1670/4121 1672/4122
f 1644/4123 1671/4124 1675/4125
f 1675/4126 503/4127 504/4128
f 1675/4129 1648/4130 1644/4131
f 504/4132 1676/4133 1675/4134
f 1673/4135 1676/4136 504/4137
f 1674/4138 1677/4139 1673/4140
f 1679/4141 1654/4142 123/4143
f 505/4144 2525/4145 1679/4146
f 1680/4147 1681/4148 2525/4149
f 2525/4150 499/4151 1654/4152
f 505/4153 2526/4154 1680/4155
f 1682/4156 1683/4157 2526/4158
f 2526/4159 506/4160 1684/4161
f 1680/4162 1684/4163 590/4164
f 1685/4165 1660/4166 124/4167
f 507/4168 2527/4169 1685/4170
f 1686/4171 1687/4172 2527/4173
f 2527/4174 501/4175 1660/4176
f 507/4177 2528/4178 1686/4179
f 1688/4180 1689/4181 2528/4182
f 2528/4183 508/4184 1690/4185
f 1686/4186 1690/4187 245/4188
f 128/4189 2529/4190 1693/4191
f 1691/4192 1692/4193 2529/4194
f 2529/4195 245/4196 1690/4197
f 1693/4198 1690/4199 508/4200
f 1694/4201 1692/4202 509/4203
f 125/4204 2530/4205 1694/4206
f 1664/4207 1687/4208 2530/4209
f 2530/4210 245/4211 1692/4212
f 1694/4213 1668/4214 125/4215
f 509/4216 1696/4217 1694/4218
f 509/4219 1698/4220 1695/4221
f 1691/4222 1697/4223 1698/4224
f 1699/4225 1695/4226 1698/4227
f 1700/4228 1695/4229 510/4230
f 1668/4231 1696/4232 1700/4233
f 1700/4234 1672/4235 1668/4236
f 1702/4237 510/4238 1699/4239
f 1703/4240 1699/4241 1701/4242
f 1674/4243 1700/4244 1704/4245
f 1704/4246 510/4247 511/4248
f 1704/4249 1677/4250 1674/4251
f 511/4252 1705/4253 1704/4254
f 1702/4255 1705/4256 511/4257
f 1703/4258 1706/4259 1702/4260
f 1706/4261 1707/4262 1705/4263
f 1707/4264 1706/4265 1708/4266
f 1678/4267 1707/4268 1708/4269
f 1709/4270 1683/4271 126/4272
f 512/4273 2531/4274 1709/4275
f 1710/4276 1711/4277 2531/4278
f 2531/4279 506/4280 1683/4281
f 512/4282 2532/4283 1710/4284
f 1712/4285 1713/4286 2532/4287
f 2532/4288 513/4289 1714/4290
f 1710/4291 1714/4292 591/4293
f 1715/4294 1689/4295 127/4296
f 514/4297 2533/4298 1715/4299
f 1716/4300 1717/4301 2533/4302
f 2533/4303 508/4304 1689/4305
f 514/4306 2534/4307 1716/4308
f 1718/4309 1719/4310 2534/4311
f 2534/4312 515/4313 1720/4314
f 1716/4315 1720/4316 246/4317
f 131/4318 2535/4319 1723/4320
f 1721/4321 1722/4322 2535/4323
f 2535/4324 246/4325 1720/4326
f 1723/4327 1720/4328 515/4329
f 1724/4330 1722/4331 516/4332
f 128/4333 2536/4334 1724/4335
f 1693/4336 1717/4337 2536/4338
f 2536/4339 246/4340 1722/4341
f 1724/4342 1697/4343 128/4344
f 516/4345 1726/4346 1724/4347
f 516/4348 1728/4349 1725/4350
f 1721/4351 1727/4352 1728/4353
f 1729/4354 1725/4355 1728/4356
f 1730/4357 1725/4358 517/4359
f 1697/4360 1726/4361 1730/4362
f 1730/4363 1701/4364 1697/4365
f 1732/4366 517/4367 1729/4368
f 1733/4369 1729/4370 1731/4371
f 1703/4372 1730/4373 1734/4374
f 1734/4375 517/4376 518/4377
f 1703/4378 1735/4379 1706/4380
f 1734/4381 1737/4382 1735/4383
f 1732/4384 1736/4385 1737/4386
f 1708/4387 1706/4388 1735/4389
f 1738/4390 1735/4391 1737/4392
f 1739/4393 1713/4394 129/4395
f 519/4396 2537/4397 1739/4398
f 1740/4399 1741/4400 2537/4401
f 2537/4402 513/4403 1713/4404
f 519/4405 2538/4406 1740/4407
f 1742/4408 1743/4409 2538/4410
f 2538/4411 520/4412 1744/4413
f 1740/4414 1744/4415 592/4416
f 1745/4417 1719/4418 130/4419
f 521/4420 2539/4421 1745/4422
f 1746/4423 1747/4424 2539/4425
f 2539/4426 515/4427 1719/4428
f 521/4429 2540/4430 1746/4431
f 1748/4432 1749/4433 2540/4434
f 2540/4435 522/4436 1750/4437
f 1746/4438 1750/4439 247/4440
f 134/4441 2541/4442 1753/4443
f 1751/4444 1752/4445 2541/4446
f 2541/4447 247/4448 1750/4449
f 1753/4450 1750/4451 522/4452
f 1754/4453 1752/4454 523/4455
f 131/4456 2542/4457 1754/4458
f 1723/4459 1747/4460 2542/4461
f 2542/4462 247/4463 1752/4464
f 1754/4465 1727/4466 131/4467
f 523/4468 1756/4469 1754/4470
f 523/4471 1758/4472 1755/4473
f 1751/4474 1757/4475 1758/4476
f 1759/4477 1755/4478 1758/4479
f 1760/4480 1755/4481 524/4482
f 1727/4483 1756/4484 1760/4485
f 1760/4486 1731/4487 1727/4488
f 1762/4489 524/4490 1759/4491
f 1763/4492 1759/4493 1761/4494
f 1733/4495 1760/4496 1764/4497
f 1764/4498 524/4499 525/4500
f 1764/4501 1765/4502 1736/4503
f 1736/4504 1768/4505 1766/4506
f 1762/4507 1767/4508 1765/4509
f 1765/4510 1767/4511 1768/4512
f 135/4513 1766/4514 1768/4515
f 1769/4516 1743/4517 132/4518
f 526/4519 2543/4520 1769/4521
f 1770/4522 1771/4523 2543/4524
f 2543/4525 520/4526 1743/4527
f 526/4528 2544/4529 1770/4530
f 1772/4531 1773/4532 2544/4533
f 2544/4534 527/4535 1774/4536
f 1770/4537 1774/4538 593/4539
f 1775/4540 1749/4541 133/4542
f 528/4543 2545/4544 1775/4545
f 1776/4546 1777/4547 2545/4548
f 2545/4549 522/4550 1749/4551
f 528/4552 2546/4553 1776/4554
f 1778/4555 1779/4556 2546/4557
f 2546/4558 529/4559 1780/4560
f 1776/4561 1780/4562 248/4563
f 138/4564 2547/4565 1783/4566
f 1781/4567 1782/4568 2547/4569
f 2547/4570 248/4571 1780/4572
f 1783/4573 1780/4574 529/4575
f 1784/4576 1782/4577 530/4578
f 134/4579 2548/4580 1784/4581
f 1753/4582 1777/4583 2548/4584
f 2548/4585 248/4586 1782/4587
f 1784/4588 1757/4589 134/4590
f 530/4591 1786/4592 1784/4593
f 530/4594 1788/4595 1785/4596
f 1781/4597 1787/4598 1788/4599
f 1789/4600 1785/4601 1788/4602
f 1790/4603 1788/4604 1787/4605
f 1791/4606 1785/4607 531/4608
f 1757/4609 1786/4610 1791/4611
f 1791/4612 1761/4613 1757/4614
f 1793/4615 531/4616 1789/4617
f 1794/4618 1789/4619 1792/4620
f 1763/4621 1791/4622 1795/4623
f 1795/4624 531/4625 532/4626
f 1795/4627 1767/4628 1763/4629
f 532/4630 1796/4631 1795/4632
f 1793/4633 1796/4634 532/4635
f 1794/4636 1797/4637 1793/4638
f 1799/4639 1773/4640 136/4641
f 533/4642 2549/4643 1799/4644
f 1800/4645 1801/4646 2549/4647
f 2549/4648 527/4649 1773/4650
f 533/4651 2550/4652 1800/4653
f 1802/4654 1803/4655 2550/4656
f 2550/4657 534/4658 1804/4659
f 1800/4660 1804/4661 594/4662
f 1805/4663 1779/4664 137/4665
f 535/4666 2551/4667 1805/4668
f 1806/4669 1807/4670 2551/4671
f 2551/4672 529/4673 1779/4674
f 535/4675 2552/4676 1806/4677
f 1808/4678 1809/4679 2552/4680
f 2552/4681 536/4682 1810/4683
f 1806/4684 1810/4685 249/4686
f 141/4687 2553/4688 1813/4689
f 1811/4690 1812/4691 2553/4692
f 2553/4693 249/4694 1810/4695
f 1813/4696 1810/4697 536/4698
f 1814/4699 1812/4700 537/4701
f 138/4702 2554/4703 1814/4704
f 1783/4705 1807/4706 2554/4707
f 2554/4708 249/4709 1812/4710
f 1814/4711 1787/4712 138/4713
f 537/4714 1816/4715 1814/4716
f 537/4717 1818/4718 1815/4719
f 1811/4720 1817/4721 1818/4722
f 1819/4723 1815/4724 1818/4725
f 1820/4726 1818/4727 1817/4728
f 1821/4729 1815/4730 538/4731
f 1790/4732 1816/4733 1821/4734
f 1821/4735 1792/4736 1790/4737
f 1823/4738 538/4739 1819/4740
f 1824/4741 1819/4742 1822/4743
f 1794/4744 1821/4745 1825/4746
f 1825/4747 538/4748 539/4749
f 1825/4750 1797/4751 1794/4752
f 539/4753 1826/4754 1825/4755
f 1823/4756 1826/4757 539/4758
f 1824/4759 1827/4760 1823/4761
f 1827/4762 1828/4763 1826/4764
f 1828/4765 1827/4766 1829/4767
f 1798/4768 1828/4769 1829/4770
f 1830/4771 1803/4772 139/4773
f 540/4774 2555/4775 1830/4776
f 1831/4777 1832/4778 2555/4779
f 2555/4780 534/4781 1803/4782
f 540/4783 2556/4784 1831/4785
f 1833/4786 1834/4787 2556/4788
f 2556/4789 541/4790 1835/4791
f 1831/4792 1835/4793 595/4794
f 1836/4795 1809/4796 140/4797
f 542/4798 2557/4799 1836/4800
f 1837/4801 1838/4802 2557/4803
f 2557/4804 536/4805 1809/4806
f 542/4807 2558/4808 1837/4809
f 1839/4810 1840/4811 2558/4812
f 2558/4813 543/4814 1841/4815
f 1837/4816 1841/4817 250/4818
f 144/4819 2559/4820 1844/4821
f 1842/4822 1843/4823 2559/4824
f 2559/4825 250/4826 1841/4827
f 1844/4828 1841/4829 543/4830
f 1845/4831 1843/4832 544/4833
f 141/4834 2560/4835 1845/4836
f 1813/4837 1838/4838 2560/4839
f 2560/4840 250/4841 1843/4842
f 1845/4843 1817/4844 141/4845
f 544/4846 1847/4847 1845/4848
f 544/4849 1849/4850 1846/4851
f 1842/4852 1848/4853 1849/4854
f 1850/4855 1846/4856 1849/4857
f 925/4858 1459/4859 35/4860
f 1851/4861 1846/4862 545/4863
f 1820/4864 1847/4865 1851/4866
f 1851/4867 1822/4868 1820/4869
f 1853/4870 545/4871 1850/4872
f 1854/4873 1850/4874 1852/4875
f 1824/4876 1851/4877 1855/4878
f 1855/4879 545/4880 546/4881
f 1824/4882 1856/4883 1827/4884
f 1855/4885 1858/4886 1856/4887
f 1853/4888 1857/4889 1858/4890
f 1829/4891 1827/4892 1856/4893
f 1859/4894 1856/4895 1858/4896
f 1860/4897 1834/4898 142/4899
f 547/4900 2561/4901 1860/4902
f 1861/4903 1862/4904 2561/4905
f 2561/4906 541/4907 1834/4908
f 547/4909 2562/4910 1861/4911
f 1863/4912 1864/4913 2562/4914
f 2562/4915 548/4916 1865/4917
f 1861/4918 1865/4919 596/4920
f 1866/4921 1840/4922 143/4923
f 549/4924 2563/4925 1866/4926
f 1867/4927 1868/4928 2563/4929
f 2563/4930 543/4931 1840/4932
f 549/4933 2564/4934 1867/4935
f 1869/4936 1870/4937 2564/4938
f 2564/4939 550/4940 1871/4941
f 1867/4942 1871/4943 251/4944
f 147/4945 2565/4946 1874/4947
f 1872/4948 1873/4949 2565/4950
f 2565/4951 251/4952 1871/4953
f 1874/4954 1871/4955 550/4956
f 1875/4957 1873/4958 551/4959
f 144/4960 2566/4961 1875/4962
f 1844/4963 1868/4964 2566/4965
f 2566/4966 251/4967 1873/4968
f 1875/4969 1848/4970 144/4971
f 551/4972 1877/4973 1875/4974
f 551/4975 1879/4976 1876/4977
f 1872/4978 1878/4979 1879/4980
f 1880/4981 1876/4982 1879/4983
f 1881/4984 1879/4985 1878/4986
f 1882/4987 1876/4988 552/4989
f 1848/4990 1877/4991 1882/4992
f 1882/4993 1852/4994 1848/4995
f 1884/4996 552/4997 1880/4998
f 1885/4999 1880/5000 1883/5001
f 1854/5002 1882/5003 1886/5004
f 1886/5005 552/5006 553/5007
f 1886/5008 1887/5009 1857/5010
f 1857/5011 1890/5012 1888/5013
f 1884/5014 1889/5015 1887/5016
f 1887/5017 1889/5018 1890/5019
f 148/5020 1888/5021 1890/5022
f 1891/5023 1864/5024 145/5025
f 554/5026 2567/5027 1891/5028
f 1892/5029 1893/5030 2567/5031
f 2567/5032 548/5033 1864/5034
f 554/5035 2568/5036 1892/5037
f 1894/5038 1895/5039 2568/5040
f 2568/5041 555/5042 1896/5043
f 1892/5044 1896/5045 597/5046
f 1897/5047 1870/5048 146/5049
f 556/5050 2569/5051 1897/5052
f 1898/5053 1899/5054 2569/5055
f 2569/5056 550/5057 1870/5058
f 556/5059 2570/5060 1898/5061
f 1900/5062 1901/5063 2570/5064
f 2570/5065 557/5066 1902/5067
f 1898/5068 1902/5069 252/5070
f 151/5071 2571/5072 1905/5073
f 1903/5074 1904/5075 2571/5076
f 2571/5077 252/5078 1902/5079
f 1905/5080 1902/5081 557/5082
f 1906/5083 1904/5084 558/5085
f 147/5086 2572/5087 1906/5088
f 1874/5089 1899/5090 2572/5091
f 2572/5092 252/5093 1904/5094
f 1906/5095 1878/5096 147/5097
f 558/5098 1908/5099 1906/5100
f 558/5101 1910/5102 1907/5103
f 1903/5104 1909/5105 1910/5106
f 1911/5107 1907/5108 1910/5109
f 1912/5110 1910/5111 1909/5112
f 1913/5113 1907/5114 559/5115
f 1881/5116 1908/5117 1913/5118
f 1913/5119 1883/5120 1881/5121
f 1915/5122 559/5123 1911/5124
f 1916/5125 1911/5126 1914/5127
f 1885/5128 1913/5129 1917/5130
f 1917/5131 559/5132 560/5133
f 1917/5134 1889/5135 1885/5136
f 560/5137 1918/5138 1917/5139
f 1915/5140 1918/5141 560/5142
f 1916/5143 1919/5144 1915/5145
f 1921/5146 1895/5147 149/5148
f 561/5149 2573/5150 1921/5151
f 1922/5152 1923/5153 2573/5154
f 2573/5155 555/5156 1895/5157
f 561/5158 2574/5159 1922/5160
f 1924/5161 1464/5162 2574/5163
f 2574/5164 153/5165 1925/5166
f 1922/5167 1925/5168 598/5169
f 1926/5170 1901/5171 150/5172
f 562/5173 2575/5174 1926/5175
f 1927/5176 1928/5177 2575/5178
f 2575/5179 557/5180 1901/5181
f 562/5182 2576/5183 1927/5184
f 1929/5185 1471/5186 2576/5187
f 2576/5188 458/5189 1930/5190
f 1927/5191 1930/5192 253/5193
f 102/5194 2577/5195 1479/5196
f 1931/5197 1932/5198 2577/5199
f 2577/5200 253/5201 1930/5202
f 1479/5203 1930/5204 458/5205
f 1933/5206 1932/5207 563/5208
f 151/5209 2578/5210 1933/5211
f 1905/5212 1928/5213 2578/5214
f 2578/5215 253/5216 1932/5217
f 1933/5218 1909/5219 151/5220
f 563/5221 1935/5222 1933/5223
f 563/5224 1936/5225 1934/5226
f 1931/5227 103/5228 1936/5229
f 1937/5230 1934/5231 1936/5232
f 1938/5233 1934/5234 564/5235
f 1912/5236 1935/5237 1938/5238
f 1938/5239 1914/5240 1912/5241
f 1939/5242 564/5243 1937/5244
f 104/5245 1937/5246 461/5247
f 1916/5248 1938/5249 1940/5250
f 1940/5251 564/5252 565/5253
f 1940/5254 1919/5255 1916/5256
f 565/5257 1941/5258 1940/5259
f 1939/5260 1941/5261 565/5262
f 104/5263 462/5264 1939/5265
f 462/5266 1942/5267 1941/5268
f 1942/5269 462/5270 1495/5271
f 1920/5272 1942/5273 1495/5274
f 135/5275 1945/5276 1943/5277
f 152/5278 1943/5279 1945/5280
f 148/5281 152/5282 1945/5283
f 1944/5284 1943/5285 566/5286
f 1946/5287 566/5288 152/5289
f 301/5290 1949/5291 1947/5292
f 1949/5293 154/5294 1950/5295
f 301/5296 2579/5297 1948/5298
f 1951/5299 4/5300 2579/5301
f 2579/5302 567/5303 1952/5304
f 1948/5305 1952/5306 599/5307
f 154/5308 1949/5309 599/5310
f 315/5311 1955/5312 1953/5313
f 1955/5314 567/5315 4/5316
f 315/5317 2580/5318 1954/5319
f 1956/5320 10/5321 2580/5322
f 2580/5323 569/5324 1957/5325
f 1954/5326 1957/5327 600/5328
f 567/5329 1955/5330 600/5331
f 326/5332 1960/5333 1958/5334
f 1960/5335 569/5336 10/5337
f 326/5338 2581/5339 1959/5340
f 1961/5341 16/5342 2581/5343
f 2581/5344 570/5345 1962/5346
f 1959/5347 1962/5348 601/5349
f 569/5350 1960/5351 601/5352
f 335/5353 1965/5354 1963/5355
f 1965/5356 570/5357 16/5358
f 335/5359 2582/5360 1964/5361
f 1966/5362 22/5363 2582/5364
f 2582/5365 571/5366 1967/5367
f 1964/5368 1967/5369 602/5370
f 570/5371 1965/5372 602/5373
f 345/5374 2583/5375 1968/5376
f 1969/5377 1970/5378 2583/5379
f 2583/5380 571/5381 22/5382
f 345/5383 1972/5384 1969/5385
f 1971/5386 29/5387 1972/5388
f 1969/5389 1972/5390 1973/5391
f 354/5392 1976/5393 1974/5394
f 1976/5395 572/5396 29/5397
f 354/5398 2584/5399 1975/5400
f 1977/5401 36/5402 2584/5403
f 2584/5404 573/5405 1978/5406
f 1975/5407 1978/5408 603/5409
f 572/5410 1976/5411 603/5412
f 364/5413 1981/5414 1979/5415
f 1981/5416 573/5417 36/5418
f 364/5419 2585/5420 1980/5421
f 1982/5422 42/5423 2585/5424
f 2585/5425 574/5426 1983/5427
f 1980/5428 1983/5429 604/5430
f 573/5431 1981/5432 604/5433
f 373/5434 2586/5435 1984/5436
f 1985/5437 1986/5438 2586/5439
f 2586/5440 574/5441 42/5442
f 373/5443 1988/5444 1985/5445
f 1987/5446 48/5447 1988/5448
f 1985/5449 1988/5450 1989/5451
f 383/5452 1992/5453 1990/5454
f 1992/5455 575/5456 48/5457
f 383/5458 2587/5459 1991/5460
f 1993/5461 55/5462 2587/5463
f 2587/5464 576/5465 1994/5466
f 1991/5467 1994/5468 605/5469
f 575/5470 1992/5471 605/5472
f 392/5473 1997/5474 1995/5475
f 1997/5476 576/5477 55/5478
f 392/5479 2588/5480 1996/5481
f 1998/5482 62/5483 2588/5484
f 2588/5485 577/5486 1999/5487
f 1996/5488 1999/5489 606/5490
f 576/5491 1997/5492 606/5493
f 402/5494 2002/5495 2000/5496
f 2002/5497 577/5498 62/5499
f 402/5500 2589/5501 2001/5502
f 2003/5503 68/5504 2589/5505
f 2589/5506 578/5507 2004/5508
f 2001/5509 2004/5510 607/5511
f 577/5512 2002/5513 607/5514
f 411/5515 2007/5516 2005/5517
f 2007/5518 578/5519 68/5520
f 411/5521 2590/5522 2006/5523
f 2008/5524 74/5525 2590/5526
f 2590/5527 579/5528 2009/5529
f 2006/5530 2009/5531 608/5532
f 578/5533 2007/5534 608/5535
f 421/5536 2012/5537 2010/5538
f 2012/5539 579/5540 74/5541
f 421/5542 2591/5543 2011/5544
f 2013/5545 81/5546 2591/5547
f 2591/5548 580/5549 2014/5550
f 2011/5551 2014/5552 609/5553
f 579/5554 2012/5555 609/5556
f 430/5557 2017/5558 2015/5559
f 2017/5560 580/5561 81/5562
f 430/5563 2592/5564 2016/5565
f 2018/5566 87/5567 2592/5568
f 2592/5569 581/5570 2019/5571
f 2016/5572 2019/5573 610/5574
f 580/5575 2017/5576 610/5577
f 440/5578 2022/5579 2020/5580
f 2022/5581 581/5582 87/5583
f 440/5584 2593/5585 2021/5586
f 2023/5587 93/5588 2593/5589
f 2593/5590 582/5591 2024/5592
f 2021/5593 2024/5594 611/5595
f 581/5596 2022/5597 611/5598
f 448/5599 2027/5600 2025/5601
f 2027/5602 582/5603 93/5604
f 448/5605 2594/5606 2026/5607
f 2028/5608 1950/5609 2594/5610
f 2594/5611 154/5612 2029/5613
f 2026/5614 2029/5615 612/5616
f 582/5617 2027/5618 612/5619
f 2030/5620 1467/5621 454/5622
f 2031/5623 583/5624 1467/5625
f 106/5626 2031/5627 2030/5628
f 1472/5629 2032/5630 2031/5631
f 101/5632 2034/5633 1468/5634
f 1468/5635 2032/5636 455/5637
f 2033/5638 1463/5639 2034/5640
f 2034/5641 583/5642 2032/5643
f 2035/5644 1501/5645 464/5646
f 2036/5647 584/5648 1501/5649
f 109/5650 2036/5651 2035/5652
f 1505/5653 2037/5654 2036/5655
f 106/5656 2038/5657 1502/5658
f 1502/5659 2037/5660 465/5661
f 2030/5662 1498/5663 2038/5664
f 2038/5665 584/5666 2037/5667
f 2039/5668 1532/5669 471/5670
f 2040/5671 585/5672 1532/5673
f 112/5674 2040/5675 2039/5676
f 1536/5677 2041/5678 2040/5679
f 109/5680 2042/5681 1533/5682
f 1533/5683 2041/5684 472/5685
f 2035/5686 1529/5687 2042/5688
f 2042/5689 585/5690 2041/5691
f 2043/5692 1562/5693 478/5694
f 2044/5695 586/5696 1562/5697
f 115/5698 2044/5699 2043/5700
f 1566/5701 2045/5702 2044/5703
f 112/5704 2046/5705 1563/5706
f 1563/5707 2045/5708 479/5709
f 2039/5710 1559/5711 2046/5712
f 2046/5713 586/5714 2045/5715
f 2047/5716 1593/5717 485/5718
f 2048/5719 587/5720 1593/5721
f 118/5722 2048/5723 2047/5724
f 1597/5725 2049/5726 2048/5727
f 115/5728 2050/5729 1594/5730
f 1594/5731 2049/5732 486/5733
f 2043/5734 1590/5735 2050/5736
f 2050/5737 587/5738 2049/5739
f 2051/5740 1624/5741 492/5742
f 2052/5743 588/5744 1624/5745
f 121/5746 2052/5747 2051/5748
f 1628/5749 2053/5750 2052/5751
f 118/5752 2054/5753 1625/5754
f 1625/5755 2053/5756 493/5757
f 2047/5758 1621/5759 2054/5760
f 2054/5761 588/5762 2053/5763
f 2055/5764 1655/5765 499/5766
f 2056/5767 589/5768 1655/5769
f 124/5770 2056/5771 2055/5772
f 1659/5773 2057/5774 2056/5775
f 121/5776 2058/5777 1656/5778
f 1656/5779 2057/5780 500/5781
f 2051/5782 1652/5783 2058/5784
f 2058/5785 589/5786 2057/5787
f 2059/5788 1684/5789 506/5790
f 2060/5791 590/5792 1684/5793
f 127/5794 2060/5795 2059/5796
f 1688/5797 2061/5798 2060/5799
f 124/5800 2062/5801 1685/5802
f 1685/5803 2061/5804 507/5805
f 2055/5806 1681/5807 2062/5808
f 2062/5809 590/5810 2061/5811
f 2063/5812 1714/5813 513/5814
f 2064/5815 591/5816 1714/5817
f 130/5818 2064/5819 2063/5820
f 1718/5821 2065/5822 2064/5823
f 127/5824 2066/5825 1715/5826
f 1715/5827 2065/5828 514/5829
f 2059/5830 1711/5831 2066/5832
f 2066/5833 591/5834 2065/5835
f 2067/5836 1744/5837 520/5838
f 2068/5839 592/5840 1744/5841
f 133/5842 2068/5843 2067/5844
f 1748/5845 2069/5846 2068/5847
f 130/5848 2070/5849 1745/5850
f 1745/5851 2069/5852 521/5853
f 2063/5854 1741/5855 2070/5856
f 2070/5857 592/5858 2069/5859
f 2071/5860 1774/5861 527/5862
f 2072/5863 593/5864 1774/5865
f 137/5866 2072/5867 2071/5868
f 1778/5869 2073/5870 2072/5871
f 133/5872 2074/5873 1775/5874
f 1775/5875 2073/5876 528/5877
f 2067/5878 1771/5879 2074/5880
f 2074/5881 593/5882 2073/5883
f 2075/5884 1804/5885 534/5886
f 2076/5887 594/5888 1804/5889
f 140/5890 2076/5891 2075/5892
f 1808/5893 2077/5894 2076/5895
f 137/5896 2078/5897 1805/5898
f 1805/5899 2077/5900 535/5901
f 2071/5902 1801/5903 2078/5904
f 2078/5905 594/5906 2077/5907
f 2079/5908 1835/5909 541/5910
f 2080/5911 595/5912 1835/5913
f 143/5914 2080/5915 2079/5916
f 1839/5917 2081/5918 2080/5919
f 140/5920 2082/5921 1836/5922
f 1836/5923 2081/5924 542/5925
f 2075/5926 1832/5927 2082/5928
f 2082/5929 595/5930 2081/5931
f 2083/5932 1865/5933 548/5934
f 2084/5935 596/5936 1865/5937
f 146/5938 2084/5939 2083/5940
f 1869/5941 2085/5942 2084/5943
f 143/5944 2086/5945 1866/5946
f 1866/5947 2085/5948 549/5949
f 2079/5950 1862/5951 2086/5952
f 2086/5953 596/5954 2085/5955
f 2087/5956 1896/5957 555/5958
f 2088/5959 597/5960 1896/5961
f 150/5962 2088/5963 2087/5964
f 1900/5965 2089/5966 2088/5967
f 146/5968 2090/5969 1897/5970
f 1897/5971 2089/5972 556/5973
f 2083/5974 1893/5975 2090/5976
f 2090/5977 597/5978 2089/5979
f 2033/5980 1925/5981 153/5982
f 2091/5983 598/5984 1925/5985
f 101/5986 2091/5987 2033/5988
f 1929/5989 2092/5990 2091/5991
f 150/5992 2093/5993 1926/5994
f 1926/5995 2092/5996 562/5997
f 2087/5998 1923/5999 2093/6000
f 2093/6001 598/6002 2092/6003
f 2094/6004 1952/6005 567/6006
f 2095/6007 599/6008 1952/6009
f 2096/6010 2095/6011 2094/6012
f 105/6013 2595/6014 2096/6015
f 1465/6016 2097/6017 2595/6018
f 2595/6019 2097/6020 2095/6021
f 100/6022 2099/6023 1461/6024
f 1461/6025 2097/6026 453/6027
f 568/6028 599/6029 2099/6030
f 2099/6031 599/6032 2097/6033
f 2100/6034 1957/6035 569/6036
f 2101/6037 600/6038 1957/6039
f 2102/6040 2101/6041 2100/6042
f 108/6043 2596/6044 2102/6045
f 1499/6046 2103/6047 2596/6048
f 2596/6049 2103/6050 2101/6051
f 105/6052 2104/6053 1496/6054
f 1496/6055 2103/6056 463/6057
f 2094/6058 600/6059 2104/6060
f 2104/6061 600/6062 2103/6063
f 2105/6064 1962/6065 570/6066
f 2106/6067 601/6068 1962/6069
f 2107/6070 2106/6071 2105/6072
f 111/6073 2597/6074 2107/6075
f 1530/6076 2108/6077 2597/6078
f 2597/6079 2108/6080 2106/6081
f 108/6082 2109/6083 1527/6084
f 1527/6085 2108/6086 470/6087
f 2100/6088 601/6089 2109/6090
f 2109/6091 601/6092 2108/6093
f 2110/6094 1967/6095 571/6096
f 2111/6097 602/6098 1967/6099
f 2112/6100 2111/6101 2110/6102
f 114/6103 2598/6104 2112/6105
f 1560/6106 2113/6107 2598/6108
f 2598/6109 2113/6110 2111/6111
f 111/6112 2114/6113 1557/6114
f 1557/6115 2113/6116 477/6117
f 2105/6118 602/6119 2114/6120
f 2114/6121 602/6122 2113/6123
f 2115/6124 1973/6125 572/6126
f 2117/6127 2116/6128 2115/6129
f 117/6130 2116/6131 2117/6132
f 1591/6133 2118/6134 2116/6135
f 114/6136 2599/6137 1588/6138
f 2112/6139 2119/6140 2599/6141
f 1588/6142 2118/6143 484/6144
f 2110/6145 1970/6146 2119/6147
f 2119/6148 1973/6149 2118/6150
f 2120/6151 1978/6152 573/6153
f 2121/6154 603/6155 1978/6156
f 2122/6157 2121/6158 2120/6159
f 120/6160 2600/6161 2122/6162
f 1622/6163 2123/6164 2600/6165
f 2600/6166 2123/6167 2121/6168
f 117/6169 2124/6170 1619/6171
f 1619/6172 2123/6173 491/6174
f 2115/6175 603/6176 2124/6177
f 2124/6178 603/6179 2123/6180
f 2125/6181 1983/6182 574/6183
f 2126/6184 604/6185 1983/6186
f 2127/6187 2126/6188 2125/6189
f 123/6190 2601/6191 2127/6192
f 1653/6193 2128/6194 2601/6195
f 2601/6196 2128/6197 2126/6198
f 120/6199 2129/6200 1650/6201
f 1650/6202 2128/6203 498/6204
f 2120/6205 604/6206 2129/6207
f 2129/6208 604/6209 2128/6210
f 2130/6211 1989/6212 575/6213
f 2132/6214 2131/6215 2130/6216
f 126/6217 2131/6218 2132/6219
f 1682/6220 2133/6221 2131/6222
f 123/6223 2602/6224 1679/6225
f 2127/6226 2134/6227 2602/6228
f 1679/6229 2133/6230 505/6231
f 2125/6232 1986/6233 2134/6234
f 2134/6235 1989/6236 2133/6237
f 2135/6238 1994/6239 576/6240
f 2136/6241 605/6242 1994/6243
f 2137/6244 2136/6245 2135/6246
f 129/6247 2603/6248 2137/6249
f 1712/6250 2138/6251 2603/6252
f 2603/6253 2138/6254 2136/6255
f 126/6256 2139/6257 1709/6258
f 1709/6259 2138/6260 512/6261
f 2130/6262 605/6263 2139/6264
f 2139/6265 605/6266 2138/6267
f 2140/6268 1999/6269 577/6270
f 2141/6271 606/6272 1999/6273
f 2142/6274 2141/6275 2140/6276
f 132/6277 2604/6278 2142/6279
f 1742/6280 2143/6281 2604/6282
f 2604/6283 2143/6284 2141/6285
f 129/6286 2144/6287 1739/6288
f 1739/6289 2143/6290 519/6291
f 2135/6292 606/6293 2144/6294
f 2144/6295 606/6296 2143/6297
f 2145/6298 2004/6299 578/6300
f 2146/6301 607/6302 2004/6303
f 2147/6304 2146/6305 2145/6306
f 136/6307 2605/6308 2147/6309
f 1772/6310 2148/6311 2605/6312
f 2605/6313 2148/6314 2146/6315
f 132/6316 2149/6317 1769/6318
f 1769/6319 2148/6320 526/6321
f 2140/6322 607/6323 2149/6324
f 2149/6325 607/6326 2148/6327
f 2150/6328 2009/6329 579/6330
f 2151/6331 608/6332 2009/6333
f 2152/6334 2151/6335 2150/6336
f 139/6337 2606/6338 2152/6339
f 1802/6340 2153/6341 2606/6342
f 2606/6343 2153/6344 2151/6345
f 136/6346 2154/6347 1799/6348
f 1799/6349 2153/6350 533/6351
f 2145/6352 608/6353 2154/6354
f 2154/6355 608/6356 2153/6357
f 2155/6358 2014/6359 580/6360
f 2156/6361 609/6362 2014/6363
f 2157/6364 2156/6365 2155/6366
f 142/6367 2607/6368 2157/6369
f 1833/6370 2158/6371 2607/6372
f 2607/6373 2158/6374 2156/6375
f 139/6376 2159/6377 1830/6378
f 1830/6379 2158/6380 540/6381
f 2150/6382 609/6383 2159/6384
f 2159/6385 609/6386 2158/6387
f 2160/6388 2019/6389 581/6390
f 2161/6391 610/6392 2019/6393
f 2162/6394 2161/6395 2160/6396
f 145/6397 2608/6398 2162/6399
f 1863/6400 2163/6401 2608/6402
f 2608/6403 2163/6404 2161/6405
f 142/6406 2164/6407 1860/6408
f 1860/6409 2163/6410 547/6411
f 2155/6412 610/6413 2164/6414
f 2164/6415 610/6416 2163/6417
f 2165/6418 2024/6419 582/6420
f 2166/6421 611/6422 2024/6423
f 2167/6424 2166/6425 2165/6426
f 149/6427 2609/6428 2167/6429
f 1894/6430 2168/6431 2609/6432
f 2609/6433 2168/6434 2166/6435
f 145/6436 2169/6437 1891/6438
f 1891/6439 2168/6440 554/6441
f 2160/6442 611/6443 2169/6444
f 2169/6445 611/6446 2168/6447
f 568/6448 2029/6449 154/6450
f 2170/6451 612/6452 2029/6453
f 2098/6454 2170/6455 568/6456
f 100/6457 2610/6458 2098/6459
f 1924/6460 2171/6461 2610/6462
f 2610/6463 2171/6464 2170/6465
f 149/6466 2172/6467 1921/6468
f 1921/6469 2171/6470 561/6471
f 2165/6472 612/6473 2172/6474
f 2172/6475 612/6476 2171/6477
f 2173/6478 673/6479 300/6480
f 2174/6481 613/6482 673/6483
f 2175/6484 2174/6485 2173/6486
f 4/6487 2611/6488 2175/6489
f 1951/6490 2176/6491 2611/6492
f 2611/6493 254/6494 2174/6495
f 1950/6496 2178/6497 1947/6498
f 2178/6499 254/6500 2176/6501
f 1947/6502 2176/6503 301/6504
f 302/6505 676/6506 2178/6507
f 676/6508 254/6509 2178/6510
f 2179/6511 734/6512 314/6513
f 2180/6514 614/6515 734/6516
f 2181/6517 2180/6518 2179/6519
f 10/6520 2612/6521 2181/6522
f 1956/6523 2182/6524 2612/6525
f 2612/6526 2182/6527 2180/6528
f 4/6529 2613/6530 1953/6531
f 2175/6532 2183/6533 2613/6534
f 1953/6535 2182/6536 315/6537
f 300/6538 2183/6539 2173/6540
f 2183/6541 614/6542 2182/6543
f 2184/6544 782/6545 325/6546
f 2185/6547 615/6548 782/6549
f 2186/6550 2185/6551 2184/6552
f 16/6553 2614/6554 2186/6555
f 1961/6556 2187/6557 2614/6558
f 2614/6559 255/6560 2185/6561
f 10/6562 2188/6563 1958/6564
f 2188/6565 255/6566 2187/6567
f 1958/6568 2187/6569 326/6570
f 2179/6571 785/6572 2188/6573
f 785/6574 255/6575 2188/6576
f 2189/6577 832/6578 334/6579
f 2190/6580 616/6581 832/6582
f 2191/6583 2190/6584 2189/6585
f 22/6586 2615/6587 2191/6588
f 1966/6589 2192/6590 2615/6591
f 2615/6592 256/6593 2190/6594
f 16/6595 2616/6596 1963/6597
f 2186/6598 2193/6599 2616/6600
f 2616/6601 256/6602 2192/6603
f 1963/6604 2192/6605 335/6606
f 325/6607 2193/6608 2184/6609
f 835/6610 256/6611 2193/6612
f 2194/6613 880/6614 344/6615
f 2195/6616 257/6617 880/6618
f 2196/6619 2195/6620 2194/6621
f 29/6622 2617/6623 2196/6624
f 1971/6625 2197/6626 2617/6627
f 2617/6628 257/6629 2195/6630
f 22/6631 2618/6632 1968/6633
f 2191/6634 2198/6635 2618/6636
f 2618/6637 257/6638 2197/6639
f 1968/6640 2197/6641 345/6642
f 2189/6643 882/6644 2198/6645
f 2199/6646 929/6647 353/6648
f 929/6649 258/6650 617/6651
f 2201/6652 2200/6653 2199/6654
f 36/6655 2200/6656 2201/6657
f 1977/6658 2202/6659 2200/6660
f 29/6661 2619/6662 1974/6663
f 2196/6664 2203/6665 2619/6666
f 2619/6667 258/6668 2202/6669
f 1974/6670 2202/6671 354/6672
f 344/6673 2203/6674 2194/6675
f 2203/6676 617/6677 258/6678
f 2204/6679 976/6680 363/6681
f 2205/6682 618/6683 976/6684
f 2206/6685 2205/6686 2204/6687
f 42/6688 2620/6689 2206/6690
f 1982/6691 2207/6692 2620/6693
f 2620/6694 2207/6695 2205/6696
f 36/6697 2621/6698 1979/6699
f 2201/6700 2208/6701 2621/6702
f 1979/6703 2207/6704 364/6705
f 2199/6706 979/6707 2208/6708
f 2208/6709 618/6710 2207/6711
f 2209/6712 1026/6713 372/6714
f 2210/6715 619/6716 1026/6717
f 2211/6718 2210/6719 2209/6720
f 48/6721 2622/6722 2211/6723
f 1987/6724 2212/6725 2622/6726
f 2622/6727 259/6728 2210/6729
f 42/6730 2213/6731 1984/6732
f 2213/6733 259/6734 2212/6735
f 1984/6736 2212/6737 373/6738
f 2204/6739 1029/6740 2213/6741
f 1029/6742 259/6743 2213/6744
f 2214/6745 1074/6746 382/6747
f 2215/6748 620/6749 1074/6750
f 2216/6751 2215/6752 2214/6753
f 55/6754 2623/6755 2216/6756
f 1993/6757 2217/6758 2623/6759
f 2623/6760 260/6761 2215/6762
f 48/6763 2218/6764 1990/6765
f 2218/6766 260/6767 2217/6768
f 1990/6769 2217/6770 383/6771
f 2209/6772 1077/6773 2218/6774
f 1077/6775 260/6776 2218/6777
f 2219/6778 1124/6779 391/6780
f 2220/6781 261/6782 1124/6783
f 2221/6784 2220/6785 2219/6786
f 62/6787 2624/6788 2221/6789
f 1998/6790 2222/6791 2624/6792
f 2624/6793 261/6794 2220/6795
f 55/6796 2625/6797 1995/6798
f 2216/6799 2223/6800 2625/6801
f 2625/6802 261/6803 2222/6804
f 1995/6805 2222/6806 392/6807
f 382/6808 2223/6809 2214/6810
f 2224/6811 1170/6812 401/6813
f 2225/6814 262/6815 1170/6816
f 2226/6817 2225/6818 2224/6819
f 68/6820 2626/6821 2226/6822
f 2003/6823 2227/6824 2626/6825
f 2626/6826 262/6827 2225/6828
f 62/6829 2627/6830 2000/6831
f 2221/6832 2228/6833 2627/6834
f 2627/6835 262/6836 2227/6837
f 2000/6838 2227/6839 402/6840
f 391/6841 2228/6842 2219/6843
f 2229/6844 1219/6845 410/6846
f 2230/6847 621/6848 1219/6849
f 2231/6850 2230/6851 2229/6852
f 74/6853 2628/6854 2231/6855
f 2008/6856 2232/6857 2628/6858
f 2628/6859 263/6860 2230/6861
f 68/6862 2629/6863 2005/6864
f 2226/6865 2233/6866 2629/6867
f 2629/6868 263/6869 2232/6870
f 2005/6871 2232/6872 411/6873
f 401/6874 2233/6875 2224/6876
f 1222/6877 263/6878 2233/6879
f 420/6880 2235/6881 1267/6882
f 1267/6883 264/6884 622/6885
f 81/6886 2630/6887 2234/6888
f 2013/6889 2236/6890 2630/6891
f 2630/6892 264/6893 2235/6894
f 74/6895 2631/6896 2010/6897
f 2231/6898 2237/6899 2631/6900
f 2631/6901 264/6902 2236/6903
f 2010/6904 2236/6905 421/6906
f 2229/6907 1270/6908 2237/6909
f 2237/6910 622/6911 264/6912
f 2238/6913 1317/6914 429/6915
f 2239/6916 623/6917 1317/6918
f 2240/6919 2239/6920 2238/6921
f 87/6922 2632/6923 2240/6924
f 2018/6925 2241/6926 2632/6927
f 2632/6928 265/6929 2239/6930
f 81/6931 2633/6932 2015/6933
f 2234/6934 2242/6935 2633/6936
f 2633/6937 265/6938 2241/6939
f 2015/6940 2241/6941 430/6942
f 420/6943 2242/6944 2234/6945
f 1320/6946 265/6947 2242/6948
f 2243/6949 1365/6950 439/6951
f 2244/6952 266/6953 1365/6954
f 2245/6955 2244/6956 2243/6957
f 93/6958 2634/6959 2245/6960
f 2023/6961 2246/6962 2634/6963
f 2634/6964 266/6965 2244/6966
f 87/6967 2635/6968 2020/6969
f 2240/6970 2247/6971 2635/6972
f 2635/6973 266/6974 2246/6975
f 2020/6976 2246/6977 440/6978
f 429/6979 2247/6980 2238/6981
f 302/6982 1414/6983 155/6984
f 1414/6985 267/6986 624/6987
f 2177/6988 2248/6989 302/6990
f 1950/6991 2248/6992 2177/6993
f 2028/6994 2249/6995 2248/6996
f 93/6997 2250/6998 2025/6999
f 2250/7000 267/7001 2249/7002
f 2025/7003 2249/7004 448/7005
f 2243/7006 1417/7007 2250/7008
f 1417/7009 267/7010 2250/7011
f 2350/7012 681/7013 2251/7014
f 2251/7015 303/7016 268/7017
f 305/7018 684/7019 1/7020
f 2253/7021 303/7022 684/7023
f 2351/7024 741/7025 2254/7026
f 2254/7027 316/7028 269/7029
f 2350/7030 743/7031 2252/7032
f 2256/7033 316/7034 743/7035
f 2352/7036 789/7037 2257/7038
f 2257/7039 327/7040 270/7041
f 2351/7042 791/7043 2255/7044
f 2259/7045 327/7046 791/7047
f 2353/7048 839/7049 2260/7050
f 2260/7051 336/7052 271/7053
f 2352/7054 841/7055 2258/7056
f 2262/7057 336/7058 841/7059
f 2354/7060 886/7061 2263/7062
f 2263/7063 346/7064 272/7065
f 2353/7066 888/7067 2261/7068
f 2265/7069 346/7070 888/7071
f 2355/7072 936/7073 2266/7074
f 2266/7075 355/7076 273/7077
f 2354/7078 938/7079 2264/7080
f 2268/7081 355/7082 938/7083
f 2356/7084 983/7085 2269/7086
f 2269/7087 365/7088 274/7089
f 2355/7090 985/7091 2267/7092
f 2271/7093 365/7094 985/7095
f 2357/7096 1033/7097 2272/7098
f 2272/7099 374/7100 275/7101
f 2356/7102 1035/7103 2270/7104
f 2274/7105 374/7106 1035/7107
f 2358/7108 1081/7109 2275/7110
f 2275/7111 384/7112 276/7113
f 2357/7114 1083/7115 2273/7116
f 2277/7117 384/7118 1083/7119
f 2359/7120 1130/7121 2278/7122
f 2278/7123 393/7124 277/7125
f 2358/7126 1132/7127 2276/7128
f 2280/7129 393/7130 1132/7131
f 2360/7132 1176/7133 2281/7134
f 2281/7135 403/7136 278/7137
f 2359/7138 1178/7139 2279/7140
f 2283/7141 403/7142 1178/7143
f 2361/7144 1226/7145 2284/7146
f 2284/7147 412/7148 279/7149
f 2360/7150 1228/7151 2282/7152
f 2286/7153 412/7154 1228/7155
f 2362/7156 1274/7157 2287/7158
f 2287/7159 422/7160 280/7161
f 2361/7162 1276/7163 2285/7164
f 2289/7165 422/7166 1276/7167
f 2363/7168 1324/7169 2290/7170
f 2290/7171 431/7172 281/7173
f 2362/7174 1326/7175 2288/7176
f 2292/7177 431/7178 1326/7179
f 2364/7180 1371/7181 2293/7182
f 2293/7183 441/7184 282/7185
f 2363/7186 1373/7187 2291/7188
f 2295/7189 441/7190 1373/7191
f 305/7192 1420/7193 2296/7194
f 2296/7195 449/7196 283/7197
f 2364/7198 1422/7199 2294/7200
f 2297/7201 449/7202 1422/7203
f 2298/7204 2299/7205 626/7206
f 158/7207 2636/7208 2298/7209
f 158/7210 675/7211 2636/7212
f 2636/7213 674/7214 2299/7215
f 2300/7216 678/7217 677/7218
f 2301/7219 2299/7220 2637/7221
f 2637/7222 674/7223 678/7224
f 2302/7225 2303/7226 627/7227
f 157/7228 2638/7229 2302/7230
f 157/7231 736/7232 2638/7233
f 2638/7234 735/7235 2303/7236
f 158/7237 738/7238 5/7239
f 2304/7240 2303/7241 2639/7242
f 2639/7243 735/7244 738/7245
f 2305/7246 2306/7247 628/7248
f 156/7249 2640/7250 2305/7251
f 156/7252 784/7253 2640/7254
f 2640/7255 783/7256 2306/7257
f 157/7258 786/7259 11/7260
f 2307/7261 2306/7262 2641/7263
f 2641/7264 783/7265 786/7266
f 2308/7267 2309/7268 629/7269
f 170/7270 2642/7271 2308/7272
f 170/7273 834/7274 2642/7275
f 2642/7276 833/7277 2309/7278
f 156/7279 836/7280 17/7281
f 2310/7282 2309/7283 2643/7284
f 2643/7285 833/7286 836/7287
f 2311/7288 2312/7289 630/7290
f 169/7291 2644/7292 2311/7293
f 169/7294 881/7295 2644/7296
f 2644/7297 198/7298 2312/7299
f 170/7300 883/7301 23/7302
f 2313/7303 2312/7304 2645/7305
f 2645/7306 198/7307 883/7308
f 2314/7309 2315/7310 631/7311
f 168/7312 2646/7313 2314/7314
f 168/7315 931/7316 2646/7317
f 2646/7318 930/7319 2315/7320
f 169/7321 933/7322 30/7323
f 2316/7324 2315/7325 2647/7326
f 2647/7327 930/7328 933/7329
f 2317/7330 2318/7331 632/7332
f 167/7333 2648/7334 2317/7335
f 167/7336 978/7337 2648/7338
f 2648/7339 977/7340 2318/7341
f 168/7342 980/7343 37/7344
f 2319/7345 2318/7346 2649/7347
f 2649/7348 977/7349 980/7350
f 166/7351 2320/7352 1032/7353
f 1032/7354 2322/7355 633/7356
f 2321/7357 1028/7358 2320/7359
f 2320/7360 1027/7361 2322/7362
f 167/7363 1030/7364 43/7365
f 2323/7366 2322/7367 2650/7368
f 2650/7369 1027/7370 1030/7371
f 2324/7372 2325/7373 634/7374
f 165/7375 2651/7376 2324/7377
f 165/7378 1076/7379 2651/7380
f 2651/7381 1075/7382 2325/7383
f 2321/7384 1078/7385 49/7386
f 166/7387 2652/7388 2321/7389
f 2326/7390 2325/7391 2652/7392
f 2652/7393 1075/7394 1078/7395
f 2327/7396 2328/7397 635/7398
f 164/7399 2653/7400 2327/7401
f 164/7402 1125/7403 2653/7404
f 2653/7405 214/7406 2328/7407
f 165/7408 1127/7409 56/7410
f 2329/7411 2328/7412 2654/7413
f 2654/7414 214/7415 1127/7416
f 2330/7417 2332/7418 636/7419
f 163/7420 2655/7421 2330/7422
f 2331/7423 1171/7424 2655/7425
f 2655/7426 218/7427 2332/7428
f 164/7429 1173/7430 63/7431
f 2333/7432 2332/7433 2656/7434
f 2656/7435 218/7436 1173/7437
f 2334/7438 2336/7439 637/7440
f 162/7441 2657/7442 2334/7443
f 2335/7444 1221/7445 2657/7446
f 2657/7447 1220/7448 2336/7449
f 2331/7450 1223/7451 69/7452
f 163/7453 2337/7454 2331/7455
f 2337/7456 1220/7457 1223/7458
f 1227/7459 2336/7460 2337/7461
f 2338/7462 2339/7463 638/7464
f 161/7465 2658/7466 2338/7467
f 161/7468 1269/7469 2658/7470
f 2658/7471 1268/7472 2339/7473
f 2335/7474 1271/7475 75/7476
f 162/7477 2340/7478 2335/7479
f 2340/7480 1268/7481 1271/7482
f 1275/7483 2339/7484 2340/7485
f 2341/7486 2342/7487 639/7488
f 160/7489 2659/7490 2341/7491
f 160/7492 1319/7493 2659/7494
f 2659/7495 1318/7496 2342/7497
f 161/7498 1321/7499 82/7500
f 2343/7501 2342/7502 2660/7503
f 2660/7504 1318/7505 1321/7506
f 2344/7507 2345/7508 640/7509
f 159/7510 2661/7511 2344/7512
f 159/7513 1366/7514 2661/7515
f 2661/7516 231/7517 2345/7518
f 160/7519 1368/7520 88/7521
f 2346/7522 2345/7523 2662/7524
f 2662/7525 231/7526 1368/7527
f 2347/7528 2348/7529 641/7530
f 2300/7531 2663/7532 2347/7533
f 2300/7534 1416/7535 2663/7536
f 2663/7537 1415/7538 2348/7539
f 159/7540 1418/7541 94/7542
f 2349/7543 2348/7544 2664/7545
f 2664/7546 1415/7547 1418/7548
f 304/7549 2251/7550 685/7551
f 685/7552 268/7553 284/7554
f 625/7555 2253/7556 305/7557
f 688/7558 268/7559 2253/7560
f 317/7561 2254/7562 744/7563
f 744/7564 269/7565 285/7566
f 304/7567 2256/7568 2350/7569
f 747/7570 269/7571 2256/7572
f 328/7573 2257/7574 792/7575
f 792/7576 270/7577 286/7578
f 317/7579 2259/7580 2351/7581
f 795/7582 270/7583 2259/7584
f 337/7585 2260/7586 842/7587
f 842/7588 271/7589 287/7590
f 328/7591 2262/7592 2352/7593
f 845/7594 271/7595 2262/7596
f 347/7597 2263/7598 889/7599
f 889/7600 272/7601 288/7602
f 337/7603 2265/7604 2353/7605
f 892/7606 272/7607 2265/7608
f 356/7609 2266/7610 939/7611
f 939/7612 273/7613 289/7614
f 347/7615 2268/7616 2354/7617
f 942/7618 273/7619 2268/7620
f 366/7621 2269/7622 986/7623
f 986/7624 274/7625 290/7626
f 356/7627 2271/7628 2355/7629
f 989/7630 274/7631 2271/7632
f 375/7633 2272/7634 1036/7635
f 1036/7636 275/7637 291/7638
f 366/7639 2274/7640 2356/7641
f 1039/7642 275/7643 2274/7644
f 385/7645 2275/7646 1084/7647
f 1084/7648 276/7649 292/7650
f 375/7651 2277/7652 2357/7653
f 1087/7654 276/7655 2277/7656
f 394/7657 2278/7658 1133/7659
f 1133/7660 277/7661 293/7662
f 385/7663 2280/7664 2358/7665
f 1136/7666 277/7667 2280/7668
f 404/7669 2281/7670 1179/7671
f 1179/7672 278/7673 294/7674
f 394/7675 2283/7676 2359/7677
f 1182/7678 278/7679 2283/7680
f 413/7681 2284/7682 1229/7683
f 1229/7684 279/7685 295/7686
f 404/7687 2286/7688 2360/7689
f 1232/7690 279/7691 2286/7692
f 423/7693 2287/7694 1277/7695
f 1277/7696 280/7697 296/7698
f 413/7699 2289/7700 2361/7701
f 1280/7702 280/7703 2289/7704
f 432/7705 2290/7706 1327/7707
f 1327/7708 281/7709 297/7710
f 423/7711 2292/7712 2362/7713
f 1330/7714 281/7715 2292/7716
f 442/7717 2293/7718 1374/7719
f 1374/7720 282/7721 298/7722
f 432/7723 2295/7724 2363/7725
f 1377/7726 282/7727 2295/7728
f 625/7729 2296/7730 1423/7731
f 1423/7732 283/7733 299/7734
f 442/7735 2297/7736 2364/7737
f 1426/7738 283/7739 2297/7740
f 173/7741 709/7742 712/7743
f 712/7744 188/7745 2365/7746
f 2366/7747 711/7748 311/7749
f 713/7750 188/7751 711/7752
f 172/7753 764/7754 767/7755
f 767/7756 191/7757 2367/7758
f 173/7759 766/7760 644/7761
f 768/7762 191/7763 766/7764
f 171/7765 812/7766 815/7767
f 815/7768 194/7769 2368/7770
f 172/7771 814/7772 643/7773
f 816/7774 194/7775 814/7776
f 185/7777 862/7778 865/7779
f 865/7780 197/7781 2369/7782
f 171/7783 864/7784 642/7785
f 866/7786 197/7787 864/7788
f 184/7789 909/7790 912/7791
f 912/7792 201/7793 2370/7794
f 185/7795 911/7796 656/7797
f 913/7798 201/7799 911/7800
f 183/7801 959/7802 962/7803
f 962/7804 204/7805 2371/7806
f 184/7807 961/7808 655/7809
f 963/7810 204/7811 961/7812
f 182/7813 1006/7814 1009/7815
f 1009/7816 207/7817 2372/7818
f 183/7819 1008/7820 654/7821
f 1010/7822 207/7823 1008/7824
f 181/7825 1056/7826 1059/7827
f 1059/7828 210/7829 2373/7830
f 182/7831 1058/7832 653/7833
f 1060/7834 210/7835 1058/7836
f 180/7837 1104/7838 1107/7839
f 1107/7840 213/7841 2374/7842
f 181/7843 1106/7844 652/7845
f 1108/7846 213/7847 1106/7848
f 179/7849 1153/7850 1156/7851
f 1156/7852 217/7853 2375/7854
f 180/7855 1155/7856 651/7857
f 1157/7858 217/7859 1155/7860
f 178/7861 1199/7862 1202/7863
f 1202/7864 221/7865 2376/7866
f 179/7867 1201/7868 650/7869
f 1203/7870 221/7871 1201/7872
f 177/7873 1249/7874 1252/7875
f 1252/7876 224/7877 2377/7878
f 178/7879 1251/7880 649/7881
f 1253/7882 224/7883 1251/7884
f 176/7885 1297/7886 1300/7887
f 1300/7888 227/7889 2378/7890
f 177/7891 1299/7892 648/7893
f 1301/7894 227/7895 1299/7896
f 175/7897 1347/7898 1350/7899
f 1350/7900 230/7901 2379/7902
f 176/7903 1349/7904 647/7905
f 1351/7906 230/7907 1349/7908
f 174/7909 1394/7910 1397/7911
f 1397/7912 234/7913 2380/7914
f 175/7915 1396/7916 646/7917
f 1398/7918 234/7919 1396/7920
f 2366/7921 1439/7922 1441/7923
f 1441/7924 237/7925 2381/7926
f 174/7927 1440/7928 645/7929
f 1442/7930 237/7931 1440/7932
f 712/7933 2365/7934 657/7935
f 767/7936 2367/7937 658/7938
f 815/7939 2368/7940 659/7941
f 865/7942 2369/7943 660/7944
f 912/7945 2370/7946 661/7947
f 962/7948 2371/7949 662/7950
f 1009/7951 2372/7952 663/7953
f 1059/7954 2373/7955 664/7956
f 1107/7957 2374/7958 665/7959
f 1156/7960 2375/7961 666/7962
f 1202/7963 2376/7964 667/7965
f 1252/7966 2377/7967 668/7968
f 1300/7969 2378/7970 669/7971
f 1350/7972 2379/7973 670/7974
f 1397/7975 2380/7976 671/7977
f 1441/7978 2381/7979 672/7980
f 5/7981 300/7982 673/7983
f 675/7984 673/7985 613/7986
f 677/7987 678/7988 676/7989
f 678/7990 674/7991 613/7992
f 2252/7993 679/7994 680/7995
f 681/7996 680/7997 626/7998
f 679/7999 158/8000 2298/8001
f 680/8002 2298/8003 626/8004
f 682/8005 683/8006 2301/8007
f 1/8008 684/8009 683/8010
f 684/8011 303/8012 626/8013
f 6/8014 304/8015 685/8016
f 687/8017 685/8018 284/8019
f 689/8020 690/8021 688/8022
f 690/8023 686/8024 284/8025
f 7/8026 691/8027 2382/8028
f 691/8029 306/8030 692/8031
f 2382/8032 692/8033 186/8034
f 694/8035 2382/8036 693/8037
f 306/8038 695/8039 2383/8040
f 695/8041 6/8042 687/8043
f 2383/8044 687/8045 686/8046
f 692/8047 2383/8048 696/8049
f 697/8050 2384/8051 690/8052
f 307/8053 698/8054 2384/8055
f 698/8056 186/8057 696/8058
f 2384/8059 696/8060 686/8061
f 699/8062 2385/8063 698/8064
f 2/8065 700/8066 2385/8067
f 700/8068 308/8069 693/8070
f 2385/8071 693/8072 186/8073
f 710/8074 701/8075 702/8076
f 703/8077 702/8078 187/8079
f 701/8080 704/8081 2386/8082
f 704/8083 7/8084 694/8085
f 2386/8086 694/8087 308/8088
f 702/8089 2386/8090 705/8091
f 706/8092 2387/8093 700/8094
f 309/8095 707/8096 2387/8097
f 707/8098 187/8099 705/8100
f 2387/8101 705/8102 308/8103
f 3/8104 708/8105 707/8106
f 708/8107 310/8108 187/8109
f 644/8110 710/8111 703/8112
f 709/8113 703/8114 310/8115
f 311/8116 711/8117 708/8118
f 711/8119 188/8120 310/8121
f 8/8122 312/8123 714/8124
f 716/8125 714/8126 657/8127
f 312/8128 173/8129 712/8130
f 714/8131 712/8132 657/8133
f 717/8134 718/8135 713/8136
f 719/8137 720/8138 718/8139
f 720/8140 715/8141 657/8142
f 9/8143 313/8144 721/8145
f 2388/8146 721/8147 724/8148
f 723/8149 2388/8150 722/8151
f 313/8152 8/8153 716/8154
f 721/8155 716/8156 715/8157
f 725/8158 726/8159 720/8160
f 726/8161 724/8162 715/8163
f 727/8164 728/8165 726/8166
f 728/8167 722/8168 724/8169
f 1460/8170 729/8171 730/8172
f 729/8173 731/8174 723/8175
f 731/8176 9/8177 723/8178
f 727/8179 732/8180 733/8181
f 728/8182 733/8183 723/8184
f 733/8185 1460/8186 730/8187
f 11/8188 314/8189 734/8190
f 736/8191 734/8192 614/8193
f 5/8194 738/8195 737/8196
f 738/8197 735/8198 614/8199
f 2255/8200 739/8201 740/8202
f 741/8203 740/8204 627/8205
f 739/8206 157/8207 2302/8208
f 740/8209 2302/8210 627/8211
f 679/8212 742/8213 2304/8214
f 2252/8215 743/8216 742/8217
f 743/8218 316/8219 627/8220
f 12/8221 317/8222 744/8223
f 746/8224 744/8225 285/8226
f 6/8227 748/8228 747/8229
f 748/8230 745/8231 285/8232
f 13/8233 749/8234 2389/8235
f 749/8236 318/8237 750/8238
f 2389/8239 750/8240 189/8241
f 752/8242 2389/8243 751/8244
f 318/8245 753/8246 2390/8247
f 753/8248 12/8249 746/8250
f 2390/8251 746/8252 745/8253
f 750/8254 2390/8255 754/8256
f 695/8257 2391/8258 748/8259
f 306/8260 755/8261 2391/8262
f 755/8263 189/8264 754/8265
f 2391/8266 754/8267 745/8268
f 691/8269 2392/8270 755/8271
f 7/8272 756/8273 2392/8274
f 756/8275 319/8276 751/8277
f 2392/8278 751/8279 189/8280
f 765/8281 757/8282 758/8283
f 759/8284 758/8285 190/8286
f 757/8287 760/8288 2393/8289
f 760/8290 13/8291 752/8292
f 2393/8293 752/8294 319/8295
f 758/8296 2393/8297 761/8298
f 704/8299 2394/8300 756/8301
f 701/8302 762/8303 2394/8304
f 762/8305 190/8306 761/8307
f 2394/8308 761/8309 319/8310
f 710/8311 763/8312 762/8313
f 763/8314 320/8315 190/8316
f 643/8317 765/8318 759/8319
f 764/8320 759/8321 320/8322
f 644/8323 766/8324 763/8325
f 766/8326 191/8327 320/8328
f 14/8329 321/8330 769/8331
f 771/8332 769/8333 658/8334
f 321/8335 172/8336 767/8337
f 769/8338 767/8339 658/8340
f 312/8341 772/8342 768/8343
f 8/8344 773/8345 772/8346
f 773/8347 770/8348 658/8349
f 15/8350 322/8351 774/8352
f 776/8353 774/8354 777/8355
f 322/8356 14/8357 771/8358
f 774/8359 771/8360 770/8361
f 313/8362 778/8363 773/8364
f 778/8365 777/8366 770/8367
f 9/8368 779/8369 778/8370
f 779/8371 775/8372 777/8373
f 323/8374 15/8375 776/8376
f 781/8377 776/8378 775/8379
f 731/8380 729/8381 780/8382
f 779/8383 731/8384 781/8385
f 17/8386 325/8387 782/8388
f 784/8389 782/8390 615/8391
f 11/8392 786/8393 785/8394
f 786/8395 783/8396 615/8397
f 2258/8398 787/8399 788/8400
f 789/8401 788/8402 628/8403
f 787/8404 156/8405 2305/8406
f 788/8407 2305/8408 628/8409
f 739/8410 790/8411 2307/8412
f 2255/8413 791/8414 790/8415
f 791/8416 327/8417 628/8418
f 18/8419 328/8420 792/8421
f 794/8422 792/8423 286/8424
f 12/8425 796/8426 795/8427
f 796/8428 793/8429 286/8430
f 19/8431 797/8432 2395/8433
f 797/8434 329/8435 798/8436
f 2395/8437 798/8438 192/8439
f 800/8440 2395/8441 799/8442
f 329/8443 801/8444 2396/8445
f 801/8446 18/8447 794/8448
f 2396/8449 794/8450 793/8451
f 798/8452 2396/8453 802/8454
f 753/8455 2397/8456 796/8457
f 318/8458 803/8459 2397/8460
f 803/8461 192/8462 802/8463
f 2397/8464 802/8465 793/8466
f 749/8467 2398/8468 803/8469
f 13/8470 804/8471 2398/8472
f 804/8473 330/8474 799/8475
f 2398/8476 799/8477 192/8478
f 813/8479 805/8480 806/8481
f 807/8482 806/8483 193/8484
f 805/8485 808/8486 2399/8487
f 808/8488 19/8489 800/8490
f 2399/8491 800/8492 330/8493
f 806/8494 2399/8495 809/8496
f 760/8497 2400/8498 804/8499
f 757/8500 810/8501 2400/8502
f 810/8503 193/8504 809/8505
f 2400/8506 809/8507 330/8508
f 765/8509 811/8510 810/8511
f 811/8512 331/8513 193/8514
f 642/8515 813/8516 807/8517
f 812/8518 807/8519 331/8520
f 643/8521 814/8522 811/8523
f 814/8524 194/8525 331/8526
f 20/8527 332/8528 817/8529
f 819/8530 817/8531 659/8532
f 332/8533 171/8534 815/8535
f 817/8536 815/8537 659/8538
f 321/8539 820/8540 816/8541
f 14/8542 821/8543 820/8544
f 821/8545 818/8546 659/8547
f 21/8548 333/8549 822/8550
f 824/8551 822/8552 825/8553
f 333/8554 20/8555 819/8556
f 822/8557 819/8558 818/8559
f 322/8560 826/8561 821/8562
f 826/8563 825/8564 818/8565
f 15/8566 827/8567 826/8568
f 827/8569 823/8570 825/8571
f 828/8572 831/8573 829/8574
f 21/8575 824/8576 830/8577
f 824/8578 823/8579 831/8580
f 323/8581 831/8582 827/8583
f 780/8584 829/8585 831/8586
f 23/8587 334/8588 832/8589
f 834/8590 832/8591 616/8592
f 17/8593 836/8594 835/8595
f 835/8596 836/8597 833/8598
f 2261/8599 837/8600 838/8601
f 839/8602 838/8603 629/8604
f 837/8605 170/8606 2308/8607
f 838/8608 2308/8609 629/8610
f 787/8611 840/8612 2310/8613
f 2258/8614 841/8615 840/8616
f 841/8617 336/8618 629/8619
f 24/8620 337/8621 842/8622
f 844/8623 842/8624 287/8625
f 18/8626 846/8627 845/8628
f 846/8629 843/8630 287/8631
f 25/8632 847/8633 2401/8634
f 847/8635 338/8636 848/8637
f 2401/8638 848/8639 195/8640
f 850/8641 2401/8642 849/8643
f 338/8644 851/8645 2402/8646
f 851/8647 24/8648 844/8649
f 2402/8650 844/8651 843/8652
f 848/8653 2402/8654 852/8655
f 801/8656 2403/8657 846/8658
f 329/8659 853/8660 2403/8661
f 853/8662 195/8663 852/8664
f 2403/8665 852/8666 843/8667
f 797/8668 2404/8669 853/8670
f 19/8671 854/8672 2404/8673
f 854/8674 339/8675 849/8676
f 2404/8677 849/8678 195/8679
f 863/8680 855/8681 856/8682
f 857/8683 856/8684 196/8685
f 855/8686 858/8687 2405/8688
f 858/8689 25/8690 850/8691
f 2405/8692 850/8693 339/8694
f 856/8695 2405/8696 859/8697
f 808/8698 2406/8699 854/8700
f 805/8701 860/8702 2406/8703
f 860/8704 196/8705 859/8706
f 2406/8707 859/8708 339/8709
f 813/8710 861/8711 860/8712
f 861/8713 340/8714 196/8715
f 656/8716 863/8717 857/8718
f 862/8719 857/8720 340/8721
f 642/8722 864/8723 861/8724
f 864/8725 197/8726 340/8727
f 26/8728 341/8729 867/8730
f 869/8731 867/8732 660/8733
f 341/8734 185/8735 865/8736
f 867/8737 865/8738 660/8739
f 332/8740 870/8741 866/8742
f 20/8743 871/8744 870/8745
f 871/8746 868/8747 660/8748
f 27/8749 342/8750 872/8751
f 874/8752 872/8753 875/8754
f 342/8755 26/8756 869/8757
f 872/8758 869/8759 868/8760
f 333/8761 876/8762 871/8763
f 876/8764 875/8765 868/8766
f 21/8767 877/8768 876/8769
f 877/8770 873/8771 875/8772
f 343/8773 879/8774 878/8775
f 27/8776 874/8777 343/8778
f 874/8779 873/8780 879/8781
f 830/8782 879/8783 877/8784
f 828/8785 878/8786 879/8787
f 30/8788 344/8789 880/8790
f 881/8791 880/8792 198/8793
f 882/8794 198/8795 257/8796
f 23/8797 883/8798 882/8799
f 2264/8800 884/8801 885/8802
f 886/8803 885/8804 630/8805
f 884/8806 169/8807 2311/8808
f 885/8809 2311/8810 630/8811
f 837/8812 887/8813 2313/8814
f 2261/8815 888/8816 887/8817
f 888/8818 346/8819 630/8820
f 31/8821 347/8822 889/8823
f 891/8824 889/8825 288/8826
f 24/8827 893/8828 892/8829
f 893/8830 890/8831 288/8832
f 32/8833 894/8834 2407/8835
f 894/8836 348/8837 895/8838
f 2407/8839 895/8840 199/8841
f 897/8842 2407/8843 896/8844
f 348/8845 898/8846 2408/8847
f 898/8848 31/8849 891/8850
f 2408/8851 891/8852 890/8853
f 895/8854 2408/8855 899/8856
f 851/8857 2409/8858 893/8859
f 338/8860 900/8861 2409/8862
f 900/8863 199/8864 899/8865
f 2409/8866 899/8867 890/8868
f 847/8869 2410/8870 900/8871
f 25/8872 901/8873 2410/8874
f 901/8875 349/8876 896/8877
f 2410/8878 896/8879 199/8880
f 910/8881 902/8882 903/8883
f 904/8884 903/8885 200/8886
f 902/8887 905/8888 2411/8889
f 905/8890 32/8891 897/8892
f 2411/8893 897/8894 349/8895
f 903/8896 2411/8897 906/8898
f 858/8899 2412/8900 901/8901
f 855/8902 907/8903 2412/8904
f 907/8905 200/8906 906/8907
f 2412/8908 906/8909 349/8910
f 863/8911 908/8912 907/8913
f 908/8914 350/8915 200/8916
f 655/8917 910/8918 904/8919
f 909/8920 904/8921 350/8922
f 656/8923 911/8924 908/8925
f 911/8926 201/8927 350/8928
f 33/8929 351/8930 914/8931
f 916/8932 914/8933 661/8934
f 351/8935 184/8936 912/8937
f 914/8938 912/8939 661/8940
f 341/8941 917/8942 913/8943
f 26/8944 918/8945 917/8946
f 918/8947 915/8948 661/8949
f 34/8950 352/8951 919/8952
f 2413/8953 919/8954 922/8955
f 921/8956 2413/8957 920/8958
f 352/8959 33/8960 916/8961
f 919/8962 916/8963 915/8964
f 342/8965 923/8966 918/8967
f 923/8968 922/8969 915/8970
f 27/8971 924/8972 923/8973
f 924/8974 920/8975 922/8976
f 35/8977 1458/8978 1025/8979
f 925/8980 927/8981 921/8982
f 927/8983 34/8984 921/8985
f 27/8986 343/8987 928/8988
f 924/8989 928/8990 921/8991
f 928/8992 28/8993 926/8994
f 37/8995 353/8996 929/8997
f 931/8998 929/8999 617/9000
f 30/9001 933/9002 932/9003
f 933/9004 930/9005 617/9006
f 2267/9007 934/9008 935/9009
f 936/9010 935/9011 631/9012
f 934/9013 168/9014 2314/9015
f 935/9016 2314/9017 631/9018
f 884/9019 937/9020 2316/9021
f 2264/9022 938/9023 937/9024
f 938/9025 355/9026 631/9027
f 38/9028 356/9029 939/9030
f 941/9031 939/9032 289/9033
f 31/9034 943/9035 942/9036
f 943/9037 940/9038 289/9039
f 39/9040 944/9041 2414/9042
f 944/9043 357/9044 945/9045
f 2414/9046 945/9047 202/9048
f 947/9049 2414/9050 946/9051
f 357/9052 948/9053 2415/9054
f 948/9055 38/9056 941/9057
f 2415/9058 941/9059 940/9060
f 945/9061 2415/9062 949/9063
f 898/9064 2416/9065 943/9066
f 348/9067 950/9068 2416/9069
f 950/9070 202/9071 949/9072
f 2416/9073 949/9074 940/9075
f 894/9076 2417/9077 950/9078
f 32/9079 951/9080 2417/9081
f 951/9082 358/9083 946/9084
f 2417/9085 946/9086 202/9087
f 960/9088 952/9089 953/9090
f 954/9091 953/9092 203/9093
f 952/9094 955/9095 2418/9096
f 955/9097 39/9098 947/9099
f 2418/9100 947/9101 358/9102
f 953/9103 2418/9104 956/9105
f 905/9106 2419/9107 951/9108
f 902/9109 957/9110 2419/9111
f 957/9112 203/9113 956/9114
f 2419/9115 956/9116 358/9117
f 910/9118 958/9119 957/9120
f 958/9121 359/9122 203/9123
f 654/9124 960/9125 954/9126
f 959/9127 954/9128 359/9129
f 655/9130 961/9131 958/9132
f 961/9133 204/9134 359/9135
f 40/9136 360/9137 964/9138
f 966/9139 964/9140 662/9141
f 360/9142 183/9143 962/9144
f 964/9145 962/9146 662/9147
f 351/9148 967/9149 963/9150
f 33/9151 968/9152 967/9153
f 968/9154 965/9155 662/9156
f 41/9157 361/9158 969/9159
f 971/9160 969/9161 972/9162
f 361/9163 40/9164 966/9165
f 969/9166 966/9167 965/9168
f 352/9169 973/9170 968/9171
f 973/9172 972/9173 965/9174
f 34/9175 974/9176 973/9177
f 974/9178 970/9179 972/9180
f 35/9181 362/9182 975/9183
f 362/9184 41/9185 971/9186
f 975/9187 971/9188 970/9189
f 927/9190 925/9191 975/9192
f 974/9193 927/9194 975/9195
f 43/9196 363/9197 976/9198
f 978/9199 976/9200 618/9201
f 37/9202 980/9203 979/9204
f 980/9205 977/9206 618/9207
f 2270/9208 981/9209 982/9210
f 983/9211 982/9212 632/9213
f 981/9214 167/9215 2317/9216
f 982/9217 2317/9218 632/9219
f 934/9220 984/9221 2319/9222
f 2267/9223 985/9224 984/9225
f 985/9226 365/9227 632/9228
f 44/9229 366/9230 986/9231
f 988/9232 986/9233 290/9234
f 38/9235 990/9236 989/9237
f 990/9238 987/9239 290/9240
f 45/9241 991/9242 2420/9243
f 991/9244 367/9245 992/9246
f 2420/9247 992/9248 205/9249
f 994/9250 2420/9251 993/9252
f 367/9253 995/9254 2421/9255
f 995/9256 44/9257 988/9258
f 2421/9259 988/9260 987/9261
f 992/9262 2421/9263 996/9264
f 948/9265 2422/9266 990/9267
f 357/9268 997/9269 2422/9270
f 997/9271 205/9272 996/9273
f 2422/9274 996/9275 987/9276
f 944/9277 2423/9278 997/9279
f 39/9280 998/9281 2423/9282
f 998/9283 368/9284 993/9285
f 2423/9286 993/9287 205/9288
f 1007/9289 999/9290 1000/9291
f 1001/9292 1000/9293 206/9294
f 999/9295 1002/9296 2424/9297
f 1002/9298 45/9299 994/9300
f 2424/9301 994/9302 368/9303
f 1000/9304 2424/9305 1003/9306
f 955/9307 2425/9308 998/9309
f 952/9310 1004/9311 2425/9312
f 1004/9313 206/9314 1003/9315
f 2425/9316 1003/9317 368/9318
f 960/9319 1005/9320 1004/9321
f 1005/9322 369/9323 206/9324
f 653/9325 1007/9326 1001/9327
f 1006/9328 1001/9329 369/9330
f 654/9331 1008/9332 1005/9333
f 1008/9334 207/9335 369/9336
f 46/9337 370/9338 1011/9339
f 1013/9340 1011/9341 663/9342
f 370/9343 182/9344 1009/9345
f 1011/9346 1009/9347 663/9348
f 360/9349 1014/9350 1010/9351
f 40/9352 1015/9353 1014/9354
f 1015/9355 1012/9356 663/9357
f 47/9358 371/9359 1016/9360
f 1018/9361 1016/9362 1019/9363
f 371/9364 46/9365 1013/9366
f 1016/9367 1013/9368 1012/9369
f 361/9370 1020/9371 1015/9372
f 1020/9373 1019/9374 1012/9375
f 41/9376 1021/9377 1020/9378
f 1021/9379 1017/9380 1019/9381
f 1022/9382 1025/9383 1458/9384
f 47/9385 1018/9386 1023/9387
f 1018/9388 1017/9389 1024/9390
f 1023/9391 1024/9392 1025/9393
f 362/9394 1024/9395 1021/9396
f 362/9397 1025/9398 1024/9399
f 49/9400 372/9401 1026/9402
f 1028/9403 1026/9404 619/9405
f 43/9406 1030/9407 1029/9408
f 1030/9409 1027/9410 619/9411
f 2273/9412 1031/9413 1032/9414
f 1033/9415 1032/9416 633/9417
f 1031/9418 166/9419 1032/9420
f 981/9421 1034/9422 2323/9423
f 2270/9424 1035/9425 1034/9426
f 1035/9427 374/9428 633/9429
f 50/9430 375/9431 1036/9432
f 1038/9433 1036/9434 291/9435
f 44/9436 1040/9437 1039/9438
f 1040/9439 1037/9440 291/9441
f 51/9442 1041/9443 2426/9444
f 1041/9445 376/9446 1042/9447
f 2426/9448 1042/9449 208/9450
f 1044/9451 2426/9452 1043/9453
f 376/9454 1045/9455 2427/9456
f 1045/9457 50/9458 1038/9459
f 2427/9460 1038/9461 1037/9462
f 1042/9463 2427/9464 1046/9465
f 995/9466 2428/9467 1040/9468
f 367/9469 1047/9470 2428/9471
f 1047/9472 208/9473 1046/9474
f 2428/9475 1046/9476 1037/9477
f 991/9478 2429/9479 1047/9480
f 45/9481 1048/9482 2429/9483
f 1048/9484 377/9485 1043/9486
f 2429/9487 1043/9488 208/9489
f 1057/9490 1049/9491 1050/9492
f 1051/9493 1050/9494 209/9495
f 1049/9496 1052/9497 2430/9498
f 1052/9499 51/9500 1044/9501
f 2430/9502 1044/9503 377/9504
f 1050/9505 2430/9506 1053/9507
f 1002/9508 2431/9509 1048/9510
f 999/9511 1054/9512 2431/9513
f 1054/9514 209/9515 1053/9516
f 2431/9517 1053/9518 377/9519
f 1007/9520 1055/9521 1054/9522
f 1055/9523 378/9524 209/9525
f 652/9526 1057/9527 1051/9528
f 1056/9529 1051/9530 378/9531
f 653/9532 1058/9533 1055/9534
f 1058/9535 210/9536 378/9537
f 52/9538 379/9539 1061/9540
f 1063/9541 1061/9542 664/9543
f 379/9544 181/9545 1059/9546
f 1061/9547 1059/9548 664/9549
f 370/9550 1064/9551 1060/9552
f 46/9553 1065/9554 1064/9555
f 1065/9556 1062/9557 664/9558
f 53/9559 380/9560 1066/9561
f 1068/9562 1066/9563 1069/9564
f 380/9565 52/9566 1063/9567
f 1066/9568 1063/9569 1062/9570
f 371/9571 1070/9572 1065/9573
f 1070/9574 1069/9575 1062/9576
f 47/9577 1071/9578 1070/9579
f 1071/9580 1067/9581 1069/9582
f 381/9583 1073/9584 1072/9585
f 53/9586 1068/9587 381/9588
f 1068/9589 1067/9590 1073/9591
f 1023/9592 1073/9593 1071/9594
f 1022/9595 1072/9596 1073/9597
f 56/9598 382/9599 1074/9600
f 1076/9601 1074/9602 620/9603
f 49/9604 1078/9605 1077/9606
f 1078/9607 1075/9608 620/9609
f 2276/9610 1079/9611 1080/9612
f 1081/9613 1080/9614 634/9615
f 1079/9616 165/9617 2324/9618
f 1080/9619 2324/9620 634/9621
f 1031/9622 1082/9623 2326/9624
f 2273/9625 1083/9626 1082/9627
f 1083/9628 384/9629 634/9630
f 57/9631 385/9632 1084/9633
f 1086/9634 1084/9635 292/9636
f 50/9637 1088/9638 1087/9639
f 1088/9640 1085/9641 292/9642
f 58/9643 1089/9644 2432/9645
f 1089/9646 386/9647 1090/9648
f 2432/9649 1090/9650 211/9651
f 1092/9652 2432/9653 1091/9654
f 386/9655 1093/9656 2433/9657
f 1093/9658 57/9659 1086/9660
f 2433/9661 1086/9662 1085/9663
f 1090/9664 2433/9665 1094/9666
f 1045/9667 2434/9668 1088/9669
f 376/9670 1095/9671 2434/9672
f 1095/9673 211/9674 1094/9675
f 2434/9676 1094/9677 1085/9678
f 1041/9679 2435/9680 1095/9681
f 51/9682 1096/9683 2435/9684
f 1096/9685 387/9686 1091/9687
f 2435/9688 1091/9689 211/9690
f 1105/9691 1097/9692 1098/9693
f 1099/9694 1098/9695 212/9696
f 1097/9697 1100/9698 2436/9699
f 1100/9700 58/9701 1092/9702
f 2436/9703 1092/9704 387/9705
f 1098/9706 2436/9707 1101/9708
f 1052/9709 2437/9710 1096/9711
f 1049/9712 1102/9713 2437/9714
f 1102/9715 212/9716 1101/9717
f 2437/9718 1101/9719 387/9720
f 1057/9721 1103/9722 1102/9723
f 1103/9724 388/9725 212/9726
f 651/9727 1105/9728 1099/9729
f 1104/9730 1099/9731 388/9732
f 652/9733 1106/9734 1103/9735
f 1106/9736 213/9737 388/9738
f 59/9739 389/9740 1109/9741
f 1111/9742 1109/9743 665/9744
f 389/9745 180/9746 1107/9747
f 1109/9748 1107/9749 665/9750
f 379/9751 1112/9752 1108/9753
f 52/9754 1113/9755 1112/9756
f 1113/9757 1110/9758 665/9759
f 60/9760 390/9761 1114/9762
f 2438/9763 1114/9764 1117/9765
f 1116/9766 2438/9767 1115/9768
f 390/9769 59/9770 1111/9771
f 1114/9772 1111/9773 1110/9774
f 380/9775 1118/9776 1113/9777
f 1118/9778 1117/9779 1110/9780
f 53/9781 1119/9782 1118/9783
f 1119/9784 1115/9785 1117/9786
f 61/9787 1456/9788 1218/9789
f 1120/9790 1122/9791 1116/9792
f 1122/9793 60/9794 1116/9795
f 53/9796 381/9797 1123/9798
f 1119/9799 1123/9800 1116/9801
f 1123/9802 54/9803 1121/9804
f 63/9805 391/9806 1124/9807
f 1125/9808 1124/9809 214/9810
f 1126/9811 214/9812 261/9813
f 56/9814 1127/9815 1126/9816
f 2279/9817 1128/9818 1129/9819
f 1130/9820 1129/9821 635/9822
f 1128/9823 164/9824 2327/9825
f 1129/9826 2327/9827 635/9828
f 1079/9829 1131/9830 2329/9831
f 2276/9832 1132/9833 1131/9834
f 1132/9835 393/9836 635/9837
f 64/9838 394/9839 1133/9840
f 1135/9841 1133/9842 293/9843
f 57/9844 1137/9845 1136/9846
f 1137/9847 1134/9848 293/9849
f 65/9850 1138/9851 2439/9852
f 1138/9853 395/9854 1139/9855
f 2439/9856 1139/9857 215/9858
f 1141/9859 2439/9860 1140/9861
f 395/9862 1142/9863 2440/9864
f 1142/9865 64/9866 1135/9867
f 2440/9868 1135/9869 1134/9870
f 1139/9871 2440/9872 1143/9873
f 1093/9874 2441/9875 1137/9876
f 386/9877 1144/9878 2441/9879
f 1144/9880 215/9881 1143/9882
f 2441/9883 1143/9884 1134/9885
f 1089/9886 2442/9887 1144/9888
f 58/9889 1145/9890 2442/9891
f 1145/9892 396/9893 1140/9894
f 2442/9895 1140/9896 215/9897
f 1154/9898 1146/9899 1147/9900
f 1148/9901 1147/9902 216/9903
f 1146/9904 1149/9905 2443/9906
f 1149/9907 65/9908 1141/9909
f 2443/9910 1141/9911 396/9912
f 1147/9913 2443/9914 1150/9915
f 1100/9916 2444/9917 1145/9918
f 1097/9919 1151/9920 2444/9921
f 1151/9922 216/9923 1150/9924
f 2444/9925 1150/9926 396/9927
f 1105/9928 1152/9929 1151/9930
f 1152/9931 397/9932 216/9933
f 650/9934 1154/9935 1148/9936
f 1153/9937 1148/9938 397/9939
f 651/9940 1155/9941 1152/9942
f 1155/9943 217/9944 397/9945
f 66/9946 398/9947 1158/9948
f 1160/9949 1158/9950 666/9951
f 398/9952 179/9953 1156/9954
f 1158/9955 1156/9956 666/9957
f 389/9958 1161/9959 1157/9960
f 59/9961 1162/9962 1161/9963
f 1162/9964 1159/9965 666/9966
f 67/9967 399/9968 1163/9969
f 1165/9970 1163/9971 1166/9972
f 399/9973 66/9974 1160/9975
f 1163/9976 1160/9977 1159/9978
f 390/9979 1167/9980 1162/9981
f 1167/9982 1166/9983 1159/9984
f 60/9985 1168/9986 1167/9987
f 1168/9988 1164/9989 1166/9990
f 61/9991 400/9992 1169/9993
f 400/9994 67/9995 1165/9996
f 1169/9997 1165/9998 1164/9999
f 1122/10000 1120/10001 1169/10002
f 1168/10003 1122/10004 1169/10005
f 69/10006 401/10007 1170/10008
f 1171/10009 1170/10010 218/10011
f 1172/10012 218/10013 262/10014
f 63/10015 1173/10016 1172/10017
f 2282/10018 1174/10019 1175/10020
f 1176/10021 1175/10022 636/10023
f 1174/10024 163/10025 2330/10026
f 1175/10027 2330/10028 636/10029
f 1128/10030 1177/10031 2333/10032
f 2279/10033 1178/10034 1177/10035
f 1178/10036 403/10037 636/10038
f 70/10039 404/10040 1179/10041
f 1181/10042 1179/10043 294/10044
f 64/10045 1183/10046 1182/10047
f 1183/10048 1180/10049 294/10050
f 71/10051 1184/10052 2445/10053
f 1184/10054 405/10055 1185/10056
f 2445/10057 1185/10058 219/10059
f 1187/10060 2445/10061 1186/10062
f 405/10063 1188/10064 2446/10065
f 1188/10066 70/10067 1181/10068
f 2446/10069 1181/10070 1180/10071
f 1185/10072 2446/10073 1189/10074
f 1142/10075 2447/10076 1183/10077
f 395/10078 1190/10079 2447/10080
f 1190/10081 219/10082 1189/10083
f 2447/10084 1189/10085 1180/10086
f 1138/10087 2448/10088 1190/10089
f 65/10090 1191/10091 2448/10092
f 1191/10093 406/10094 1186/10095
f 2448/10096 1186/10097 219/10098
f 1200/10099 1192/10100 1193/10101
f 1194/10102 1193/10103 220/10104
f 1192/10105 1195/10106 2449/10107
f 1195/10108 71/10109 1187/10110
f 2449/10111 1187/10112 406/10113
f 1193/10114 2449/10115 1196/10116
f 1149/10117 2450/10118 1191/10119
f 1146/10120 1197/10121 2450/10122
f 1197/10123 220/10124 1196/10125
f 2450/10126 1196/10127 406/10128
f 1154/10129 1198/10130 1197/10131
f 1198/10132 407/10133 220/10134
f 649/10135 1200/10136 1194/10137
f 1199/10138 1194/10139 407/10140
f 650/10141 1201/10142 1198/10143
f 1201/10144 221/10145 407/10146
f 72/10147 408/10148 1204/10149
f 1206/10150 1204/10151 667/10152
f 408/10153 178/10154 1202/10155
f 1204/10156 1202/10157 667/10158
f 398/10159 1207/10160 1203/10161
f 66/10162 1208/10163 1207/10164
f 1208/10165 1205/10166 667/10167
f 73/10168 409/10169 1209/10170
f 1211/10171 1209/10172 1212/10173
f 409/10174 72/10175 1206/10176
f 1209/10177 1206/10178 1205/10179
f 399/10180 1213/10181 1208/10182
f 1213/10183 1212/10184 1205/10185
f 67/10186 1214/10187 1213/10188
f 1214/10189 1210/10190 1212/10191
f 1215/10192 1218/10193 1456/10194
f 73/10195 1211/10196 1216/10197
f 1211/10198 1210/10199 1217/10200
f 1216/10201 1217/10202 1218/10203
f 400/10204 1217/10205 1214/10206
f 400/10207 1218/10208 1217/10209
f 75/10210 410/10211 1219/10212
f 1221/10213 1219/10214 621/10215
f 69/10216 1223/10217 1222/10218
f 1223/10219 1220/10220 621/10221
f 2285/10222 1224/10223 1225/10224
f 1226/10225 1225/10226 637/10227
f 1224/10228 162/10229 2334/10230
f 1225/10231 2334/10232 637/10233
f 2282/10234 1228/10235 1227/10236
f 1228/10237 412/10238 637/10239
f 76/10240 413/10241 1229/10242
f 1231/10243 1229/10244 295/10245
f 70/10246 1233/10247 1232/10248
f 1233/10249 1230/10250 295/10251
f 77/10252 1234/10253 2451/10254
f 1234/10255 414/10256 1235/10257
f 2451/10258 1235/10259 222/10260
f 1237/10261 2451/10262 1236/10263
f 414/10264 1238/10265 2452/10266
f 1238/10267 76/10268 1231/10269
f 2452/10270 1231/10271 1230/10272
f 1235/10273 2452/10274 1239/10275
f 1188/10276 2453/10277 1233/10278
f 405/10279 1240/10280 2453/10281
f 1240/10282 222/10283 1239/10284
f 2453/10285 1239/10286 1230/10287
f 1184/10288 2454/10289 1240/10290
f 71/10291 1241/10292 2454/10293
f 1241/10294 415/10295 1236/10296
f 2454/10297 1236/10298 222/10299
f 1250/10300 1242/10301 1243/10302
f 1244/10303 1243/10304 223/10305
f 1242/10306 1245/10307 2455/10308
f 1245/10309 77/10310 1237/10311
f 2455/10312 1237/10313 415/10314
f 1243/10315 2455/10316 1246/10317
f 1195/10318 2456/10319 1241/10320
f 1192/10321 1247/10322 2456/10323
f 1247/10324 223/10325 1246/10326
f 2456/10327 1246/10328 415/10329
f 1200/10330 1248/10331 1247/10332
f 1248/10333 416/10334 223/10335
f 648/10336 1250/10337 1244/10338
f 1249/10339 1244/10340 416/10341
f 649/10342 1251/10343 1248/10344
f 1251/10345 224/10346 416/10347
f 78/10348 417/10349 1254/10350
f 1256/10351 1254/10352 668/10353
f 417/10354 177/10355 1252/10356
f 1254/10357 1252/10358 668/10359
f 408/10360 1257/10361 1253/10362
f 72/10363 1258/10364 1257/10365
f 1258/10366 1255/10367 668/10368
f 79/10369 418/10370 1259/10371
f 1261/10372 1259/10373 1262/10374
f 418/10375 78/10376 1256/10377
f 1259/10378 1256/10379 1255/10380
f 409/10381 1263/10382 1258/10383
f 1263/10384 1262/10385 1255/10386
f 73/10387 1264/10388 1263/10389
f 1264/10390 1260/10391 1262/10392
f 419/10393 1266/10394 1265/10395
f 79/10396 1261/10397 419/10398
f 1261/10399 1260/10400 1266/10401
f 1216/10402 1266/10403 1264/10404
f 1215/10405 1265/10406 1266/10407
f 82/10408 420/10409 1267/10410
f 1269/10411 1267/10412 622/10413
f 75/10414 1271/10415 1270/10416
f 1271/10417 1268/10418 622/10419
f 2288/10420 1272/10421 1273/10422
f 1274/10423 1273/10424 638/10425
f 1272/10426 161/10427 2338/10428
f 1273/10429 2338/10430 638/10431
f 2285/10432 1276/10433 1275/10434
f 1276/10435 422/10436 638/10437
f 83/10438 423/10439 1277/10440
f 1279/10441 1277/10442 296/10443
f 76/10444 1281/10445 1280/10446
f 1281/10447 1278/10448 296/10449
f 84/10450 1282/10451 2457/10452
f 1282/10453 424/10454 1283/10455
f 2457/10456 1283/10457 225/10458
f 1285/10459 2457/10460 1284/10461
f 424/10462 1286/10463 2458/10464
f 1286/10465 83/10466 1279/10467
f 2458/10468 1279/10469 1278/10470
f 1283/10471 2458/10472 1287/10473
f 1238/10474 2459/10475 1281/10476
f 414/10477 1288/10478 2459/10479
f 1288/10480 225/10481 1287/10482
f 2459/10483 1287/10484 1278/10485
f 1234/10486 2460/10487 1288/10488
f 77/10489 1289/10490 2460/10491
f 1289/10492 425/10493 1284/10494
f 2460/10495 1284/10496 225/10497
f 1298/10498 1290/10499 1291/10500
f 1292/10501 1291/10502 226/10503
f 1290/10504 1293/10505 2461/10506
f 1293/10507 84/10508 1285/10509
f 2461/10510 1285/10511 425/10512
f 1291/10513 2461/10514 1294/10515
f 1245/10516 2462/10517 1289/10518
f 1242/10519 1295/10520 2462/10521
f 1295/10522 226/10523 1294/10524
f 2462/10525 1294/10526 425/10527
f 1250/10528 1296/10529 1295/10530
f 1296/10531 426/10532 226/10533
f 647/10534 1298/10535 1292/10536
f 1297/10537 1292/10538 426/10539
f 648/10540 1299/10541 1296/10542
f 1299/10543 227/10544 426/10545
f 85/10546 427/10547 1302/10548
f 1304/10549 1302/10550 669/10551
f 427/10552 176/10553 1300/10554
f 1302/10555 1300/10556 669/10557
f 417/10558 1305/10559 1301/10560
f 78/10561 1306/10562 1305/10563
f 1306/10564 1303/10565 669/10566
f 86/10567 428/10568 1307/10569
f 2463/10570 1307/10571 1310/10572
f 1309/10573 2463/10574 1308/10575
f 428/10576 85/10577 1304/10578
f 1307/10579 1304/10580 1303/10581
f 418/10582 1311/10583 1306/10584
f 1311/10585 1310/10586 1303/10587
f 79/10588 1312/10589 1311/10590
f 1312/10591 1308/10592 1310/10593
f 1313/10594 1315/10595 1309/10596
f 1315/10597 86/10598 1309/10599
f 79/10600 419/10601 1316/10602
f 1312/10603 1316/10604 1309/10605
f 1316/10606 80/10607 1314/10608
f 88/10609 429/10610 1317/10611
f 1319/10612 1317/10613 623/10614
f 82/10615 1321/10616 1320/10617
f 1321/10618 1318/10619 623/10620
f 2291/10621 1322/10622 1323/10623
f 1324/10624 1323/10625 639/10626
f 1322/10627 160/10628 2341/10629
f 1323/10630 2341/10631 639/10632
f 1272/10633 1325/10634 2343/10635
f 2288/10636 1326/10637 1325/10638
f 1326/10639 431/10640 639/10641
f 89/10642 432/10643 1327/10644
f 1329/10645 1327/10646 297/10647
f 83/10648 1331/10649 1330/10650
f 1331/10651 1328/10652 297/10653
f 90/10654 1332/10655 2464/10656
f 1332/10657 433/10658 1333/10659
f 2464/10660 1333/10661 228/10662
f 1335/10663 2464/10664 1334/10665
f 433/10666 1336/10667 2465/10668
f 1336/10669 89/10670 1329/10671
f 2465/10672 1329/10673 1328/10674
f 1333/10675 2465/10676 1337/10677
f 1286/10678 2466/10679 1331/10680
f 424/10681 1338/10682 2466/10683
f 1338/10684 228/10685 1337/10686
f 2466/10687 1337/10688 1328/10689
f 1282/10690 2467/10691 1338/10692
f 84/10693 1339/10694 2467/10695
f 1339/10696 434/10697 1334/10698
f 2467/10699 1334/10700 228/10701
f 1348/10702 1340/10703 1341/10704
f 1342/10705 1341/10706 229/10707
f 1340/10708 1343/10709 2468/10710
f 1343/10711 90/10712 1335/10713
f 2468/10714 1335/10715 434/10716
f 1341/10717 2468/10718 1344/10719
f 1293/10720 2469/10721 1339/10722
f 1290/10723 1345/10724 2469/10725
f 1345/10726 229/10727 1344/10728
f 2469/10729 1344/10730 434/10731
f 1298/10732 1346/10733 1345/10734
f 1346/10735 435/10736 229/10737
f 646/10738 1348/10739 1342/10740
f 1347/10741 1342/10742 435/10743
f 647/10744 1349/10745 1346/10746
f 1349/10747 230/10748 435/10749
f 91/10750 436/10751 1352/10752
f 1354/10753 1352/10754 670/10755
f 436/10756 175/10757 1350/10758
f 1352/10759 1350/10760 670/10761
f 427/10762 1355/10763 1351/10764
f 85/10765 1356/10766 1355/10767
f 1356/10768 1353/10769 670/10770
f 92/10771 437/10772 1357/10773
f 1359/10774 1357/10775 1360/10776
f 437/10777 91/10778 1354/10779
f 1357/10780 1354/10781 1353/10782
f 428/10783 1361/10784 1356/10785
f 1361/10786 1360/10787 1353/10788
f 86/10789 1362/10790 1361/10791
f 1362/10792 1358/10793 1360/10794
f 438/10795 92/10796 1359/10797
f 1364/10798 1359/10799 1358/10800
f 1315/10801 1313/10802 1363/10803
f 1362/10804 1315/10805 1364/10806
f 94/10807 439/10808 1365/10809
f 1366/10810 1365/10811 231/10812
f 1367/10813 231/10814 266/10815
f 88/10816 1368/10817 1367/10818
f 2294/10819 1369/10820 1370/10821
f 1371/10822 1370/10823 640/10824
f 1369/10825 159/10826 2344/10827
f 1370/10828 2344/10829 640/10830
f 1322/10831 1372/10832 2346/10833
f 2291/10834 1373/10835 1372/10836
f 1373/10837 441/10838 640/10839
f 95/10840 442/10841 1374/10842
f 1376/10843 1374/10844 298/10845
f 89/10846 1378/10847 1377/10848
f 1378/10849 1375/10850 298/10851
f 96/10852 1379/10853 2470/10854
f 1379/10855 443/10856 1380/10857
f 2470/10858 1380/10859 232/10860
f 1382/10861 2470/10862 1381/10863
f 443/10864 1383/10865 2471/10866
f 1383/10867 95/10868 1376/10869
f 2471/10870 1376/10871 1375/10872
f 1380/10873 2471/10874 1384/10875
f 1336/10876 2472/10877 1378/10878
f 433/10879 1385/10880 2472/10881
f 1385/10882 232/10883 1384/10884
f 2472/10885 1384/10886 1375/10887
f 1332/10888 2473/10889 1385/10890
f 90/10891 1386/10892 2473/10893
f 1386/10894 444/10895 1381/10896
f 2473/10897 1381/10898 232/10899
f 1395/10900 1387/10901 1388/10902
f 1389/10903 1388/10904 233/10905
f 1387/10906 1390/10907 2474/10908
f 1390/10909 96/10910 1382/10911
f 2474/10912 1382/10913 444/10914
f 1388/10915 2474/10916 1391/10917
f 1343/10918 2475/10919 1386/10920
f 1340/10921 1392/10922 2475/10923
f 1392/10924 233/10925 1391/10926
f 2475/10927 1391/10928 444/10929
f 1348/10930 1393/10931 1392/10932
f 1393/10933 445/10934 233/10935
f 645/10936 1395/10937 1389/10938
f 1394/10939 1389/10940 445/10941
f 646/10942 1396/10943 1393/10944
f 1396/10945 234/10946 445/10947
f 97/10948 446/10949 1399/10950
f 1401/10951 1399/10952 671/10953
f 446/10954 174/10955 1397/10956
f 1399/10957 1397/10958 671/10959
f 436/10960 1402/10961 1398/10962
f 91/10963 1403/10964 1402/10965
f 1403/10966 1400/10967 671/10968
f 98/10969 447/10970 1404/10971
f 1406/10972 1404/10973 1407/10974
f 447/10975 97/10976 1401/10977
f 1404/10978 1401/10979 1400/10980
f 437/10981 1408/10982 1403/10983
f 1408/10984 1407/10985 1400/10986
f 92/10987 1409/10988 1408/10989
f 1409/10990 1405/10991 1407/10992
f 1410/10993 1413/10994 1411/10995
f 98/10996 1406/10997 1412/10998
f 1406/10999 1405/11000 1413/11001
f 438/11002 1413/11003 1409/11004
f 1363/11005 1411/11006 1413/11007
f 677/11008 155/11009 1414/11010
f 1416/11011 1414/11012 624/11013
f 94/11014 1418/11015 1417/11016
f 1418/11017 1415/11018 624/11019
f 1/11020 682/11021 1419/11022
f 1420/11023 1419/11024 641/11025
f 682/11026 2300/11027 2347/11028
f 1419/11029 2347/11030 641/11031
f 1369/11032 1421/11033 2349/11034
f 2294/11035 1422/11036 1421/11037
f 1422/11038 449/11039 641/11040
f 689/11041 625/11042 1423/11043
f 1425/11044 1423/11045 299/11046
f 95/11047 1427/11048 1426/11049
f 1427/11050 1424/11051 299/11052
f 2/11053 699/11054 2476/11055
f 699/11056 307/11057 1428/11058
f 2476/11059 1428/11060 235/11061
f 1430/11062 2476/11063 1429/11064
f 307/11065 697/11066 2477/11067
f 697/11068 689/11069 1425/11070
f 2477/11071 1425/11072 1424/11073
f 1428/11074 2477/11075 1431/11076
f 1383/11077 2478/11078 1427/11079
f 443/11080 1432/11081 2478/11082
f 1432/11083 235/11084 1431/11085
f 2478/11086 1431/11087 1424/11088
f 1379/11089 2479/11090 1432/11091
f 96/11092 1433/11093 2479/11094
f 1433/11095 450/11096 1429/11097
f 2479/11098 1429/11099 235/11100
f 3/11101 309/11102 1434/11103
f 1435/11104 1434/11105 236/11106
f 309/11107 706/11108 2480/11109
f 706/11110 2/11111 1430/11112
f 2480/11113 1430/11114 450/11115
f 1434/11116 2480/11117 1436/11118
f 1390/11119 2481/11120 1433/11121
f 1387/11122 1437/11123 2481/11124
f 1437/11125 236/11126 1436/11127
f 2481/11128 1436/11129 450/11130
f 1395/11131 1438/11132 1437/11133
f 1438/11134 451/11135 236/11136
f 311/11137 3/11138 1435/11139
f 1439/11140 1435/11141 451/11142
f 645/11143 1440/11144 1438/11145
f 1440/11146 237/11147 451/11148
f 719/11149 717/11150 1443/11151
f 1445/11152 1443/11153 672/11154
f 717/11155 2366/11156 1441/11157
f 1443/11158 1441/11159 672/11160
f 446/11161 1446/11162 1442/11163
f 97/11164 1447/11165 1446/11166
f 1447/11167 1444/11168 672/11169
f 727/11170 725/11171 1448/11172
f 1450/11173 1448/11174 1451/11175
f 725/11176 719/11177 1445/11178
f 1448/11179 1445/11180 1444/11181
f 447/11182 1452/11183 1447/11184
f 1452/11185 1451/11186 1444/11187
f 98/11188 2482/11189 1452/11190
f 98/11191 1453/11192 2482/11193
f 2482/11194 1449/11195 1451/11196
f 1460/11197 1454/11198 99/11199
f 727/11200 1450/11201 732/11202
f 1450/11203 1449/11204 1453/11205
f 732/11206 1453/11207 1454/11208
f 1410/11209 1454/11210 1453/11211
f 54/11212 1072/11213 1455/11214
f 61/11215 1455/11216 1456/11217
f 1455/11218 1459/11219 1457/11220
f 1265/11221 1456/11222 1457/11223
f 80/11224 1265/11225 1457/11226
f 1072/11227 1458/11228 1455/11229
f 35/11230 1459/11231 1458/11232
f 28/11233 878/11234 1459/11235
f 878/11236 829/11237 1459/11238
f 1460/11239 99/11240 324/11241
f 1461/11242 2483/11243 1464/11244
f 453/11245 1462/11246 2483/11247
f 1462/11248 583/11249 1463/11250
f 2483/11251 1463/11252 153/11253
f 453/11254 1465/11255 2484/11256
f 1465/11257 105/11258 1466/11259
f 2484/11260 1466/11261 454/11262
f 1462/11263 2484/11264 1467/11265
f 1468/11266 2485/11267 1471/11268
f 455/11269 1469/11270 2485/11271
f 1469/11272 238/11273 1470/11274
f 2485/11275 1470/11276 458/11277
f 455/11278 1472/11279 2486/11280
f 1472/11281 106/11282 1473/11283
f 2486/11284 1473/11285 456/11286
f 1469/11287 2486/11288 1474/11289
f 107/11290 1475/11291 2487/11292
f 1475/11293 457/11294 1476/11295
f 2487/11296 1476/11297 238/11298
f 1477/11299 2487/11300 1474/11301
f 1478/11302 2488/11303 1476/11304
f 102/11305 1479/11306 2488/11307
f 1479/11308 458/11309 1470/11310
f 2488/11311 1470/11312 238/11313
f 1478/11314 1481/11315 103/11316
f 457/11317 1480/11318 1481/11319
f 457/11320 1475/11321 1483/11322
f 1475/11323 107/11324 1482/11325
f 1484/11326 459/11327 1480/11328
f 1485/11329 1484/11330 1483/11331
f 1486/11332 1481/11333 1480/11334
f 1484/11335 1485/11336 1487/11337
f 1488/11338 460/11339 459/11340
f 1489/11341 1488/11342 1484/11343
f 104/11344 461/11345 1486/11346
f 1490/11347 1486/11348 459/11349
f 104/11350 1490/11351 1491/11352
f 1490/11353 460/11354 1493/11355
f 460/11356 1488/11357 1493/11358
f 1488/11359 1489/11360 1492/11361
f 1493/11362 1492/11363 1524/11364
f 1524/11365 1494/11366 1493/11367
f 1494/11368 1495/11369 1491/11370
f 1496/11371 2489/11372 1466/11373
f 463/11374 1497/11375 2489/11376
f 1497/11377 584/11378 1498/11379
f 2489/11380 1498/11381 454/11382
f 463/11383 1499/11384 2490/11385
f 1499/11386 108/11387 1500/11388
f 2490/11389 1500/11390 464/11391
f 1497/11392 2490/11393 1501/11394
f 1502/11395 2491/11396 1473/11397
f 465/11398 1503/11399 2491/11400
f 1503/11401 239/11402 1504/11403
f 2491/11404 1504/11405 456/11406
f 465/11407 1505/11408 2492/11409
f 1505/11410 109/11411 1506/11412
f 2492/11413 1506/11414 466/11415
f 1503/11416 2492/11417 1507/11418
f 110/11419 1508/11420 2493/11421
f 1508/11422 467/11423 1509/11424
f 2493/11425 1509/11426 239/11427
f 1510/11428 2493/11429 1507/11430
f 1511/11431 2494/11432 1509/11433
f 107/11434 1477/11435 2494/11436
f 1477/11437 456/11438 1504/11439
f 2494/11440 1504/11441 239/11442
f 1511/11443 1513/11444 1482/11445
f 467/11446 1512/11447 1513/11448
f 467/11449 1508/11450 1515/11451
f 1508/11452 110/11453 1514/11454
f 1516/11455 468/11456 1512/11457
f 1517/11458 1516/11459 1515/11460
f 1485/11461 1482/11462 1513/11463
f 1518/11464 1513/11465 1512/11466
f 1516/11467 1517/11468 1519/11469
f 1520/11470 469/11471 468/11472
f 1521/11473 1520/11474 1516/11475
f 1489/11476 1487/11477 1518/11478
f 1522/11479 1518/11480 468/11481
f 1489/11482 1522/11483 1492/11484
f 1522/11485 469/11486 1523/11487
f 1492/11488 1523/11489 1526/11490
f 469/11491 1520/11492 1523/11493
f 1520/11494 1521/11495 1525/11496
f 1946/11497 1494/11498 1524/11499
f 1527/11500 2495/11501 1500/11502
f 470/11503 1528/11504 2495/11505
f 1528/11506 585/11507 1529/11508
f 2495/11509 1529/11510 464/11511
f 470/11512 1530/11513 2496/11514
f 1530/11515 111/11516 1531/11517
f 2496/11518 1531/11519 471/11520
f 1528/11521 2496/11522 1532/11523
f 1533/11524 2497/11525 1506/11526
f 472/11527 1534/11528 2497/11529
f 1534/11530 240/11531 1535/11532
f 2497/11533 1535/11534 466/11535
f 472/11536 1536/11537 2498/11538
f 1536/11539 112/11540 1537/11541
f 2498/11542 1537/11543 473/11544
f 1534/11545 2498/11546 1538/11547
f 113/11548 1539/11549 2499/11550
f 1539/11551 474/11552 1540/11553
f 2499/11554 1540/11555 240/11556
f 1541/11557 2499/11558 1538/11559
f 1542/11560 2500/11561 1540/11562
f 110/11563 1510/11564 2500/11565
f 1510/11566 466/11567 1535/11568
f 2500/11569 1535/11570 240/11571
f 1542/11572 1544/11573 1514/11574
f 474/11575 1543/11576 1544/11577
f 474/11578 1539/11579 1546/11580
f 1539/11581 113/11582 1545/11583
f 1547/11584 475/11585 1543/11586
f 1548/11587 1547/11588 1546/11589
f 1517/11590 1514/11591 1544/11592
f 1549/11593 1544/11594 1543/11595
f 1547/11596 1548/11597 1550/11598
f 1551/11599 476/11600 475/11601
f 1552/11602 1551/11603 1547/11604
f 1521/11605 1519/11606 1549/11607
f 1553/11608 1549/11609 475/11610
f 1553/11611 1554/11612 1525/11613
f 1551/11614 1555/11615 1554/11616
f 1556/11617 1554/11618 1555/11619
f 1946/11620 1526/11621 1556/11622
f 1557/11623 2501/11624 1531/11625
f 477/11626 1558/11627 2501/11628
f 1558/11629 586/11630 1559/11631
f 2501/11632 1559/11633 471/11634
f 477/11635 1560/11636 2502/11637
f 1560/11638 114/11639 1561/11640
f 2502/11641 1561/11642 478/11643
f 1558/11644 2502/11645 1562/11646
f 1563/11647 2503/11648 1537/11649
f 479/11650 1564/11651 2503/11652
f 1564/11653 241/11654 1565/11655
f 2503/11656 1565/11657 473/11658
f 479/11659 1566/11660 2504/11661
f 1566/11662 115/11663 1567/11664
f 2504/11665 1567/11666 480/11667
f 1564/11668 2504/11669 1568/11670
f 116/11671 1569/11672 2505/11673
f 1569/11674 481/11675 1570/11676
f 2505/11677 1570/11678 241/11679
f 1571/11680 2505/11681 1568/11682
f 1572/11683 2506/11684 1570/11685
f 113/11686 1541/11687 2506/11688
f 1541/11689 473/11690 1565/11691
f 2506/11692 1565/11693 241/11694
f 1572/11695 1574/11696 1545/11697
f 481/11698 1573/11699 1574/11700
f 481/11701 1569/11702 1576/11703
f 1569/11704 116/11705 1575/11706
f 1577/11707 482/11708 1573/11709
f 1578/11710 1577/11711 1576/11712
f 1548/11713 1545/11714 1574/11715
f 1579/11716 1574/11717 1573/11718
f 1577/11719 1578/11720 1580/11721
f 1581/11722 483/11723 482/11724
f 1582/11725 1581/11726 1577/11727
f 1552/11728 1550/11729 1579/11730
f 1583/11731 1579/11732 482/11733
f 1583/11734 1584/11735 1555/11736
f 1584/11737 1586/11738 1555/11739
f 1581/11740 1585/11741 1584/11742
f 1556/11743 1555/11744 1586/11745
f 1588/11746 2507/11747 1561/11748
f 484/11749 1589/11750 2507/11751
f 1589/11752 587/11753 1590/11754
f 2507/11755 1590/11756 478/11757
f 484/11758 1591/11759 2508/11760
f 1591/11761 117/11762 1592/11763
f 2508/11764 1592/11765 485/11766
f 1589/11767 2508/11768 1593/11769
f 1594/11770 2509/11771 1567/11772
f 486/11773 1595/11774 2509/11775
f 1595/11776 242/11777 1596/11778
f 2509/11779 1596/11780 480/11781
f 486/11782 1597/11783 2510/11784
f 1597/11785 118/11786 1598/11787
f 2510/11788 1598/11789 487/11790
f 1595/11791 2510/11792 1599/11793
f 119/11794 1600/11795 2511/11796
f 1600/11797 488/11798 1601/11799
f 2511/11800 1601/11801 242/11802
f 1602/11803 2511/11804 1599/11805
f 1603/11806 2512/11807 1601/11808
f 116/11809 1571/11810 2512/11811
f 1571/11812 480/11813 1596/11814
f 2512/11815 1596/11816 242/11817
f 1603/11818 1605/11819 1575/11820
f 488/11821 1604/11822 1605/11823
f 488/11824 1600/11825 1607/11826
f 1600/11827 119/11828 1606/11829
f 1608/11830 489/11831 1604/11832
f 1609/11833 1608/11834 1607/11835
f 1578/11836 1575/11837 1605/11838
f 1610/11839 1605/11840 1604/11841
f 1608/11842 1609/11843 1611/11844
f 1612/11845 490/11846 489/11847
f 1613/11848 1612/11849 1608/11850
f 1582/11851 1580/11852 1610/11853
f 1614/11854 1610/11855 489/11856
f 1582/11857 1614/11858 1615/11859
f 1614/11860 490/11861 1617/11862
f 490/11863 1612/11864 1617/11865
f 1612/11866 1613/11867 1616/11868
f 1617/11869 1616/11870 1647/11871
f 1647/11872 1618/11873 1617/11874
f 1618/11875 1587/11876 1615/11877
f 1619/11878 2513/11879 1592/11880
f 491/11881 1620/11882 2513/11883
f 1620/11884 588/11885 1621/11886
f 2513/11887 1621/11888 485/11889
f 491/11890 1622/11891 2514/11892
f 1622/11893 120/11894 1623/11895
f 2514/11896 1623/11897 492/11898
f 1620/11899 2514/11900 1624/11901
f 1625/11902 2515/11903 1598/11904
f 493/11905 1626/11906 2515/11907
f 1626/11908 243/11909 1627/11910
f 2515/11911 1627/11912 487/11913
f 493/11914 1628/11915 2516/11916
f 1628/11917 121/11918 1629/11919
f 2516/11920 1629/11921 494/11922
f 1626/11923 2516/11924 1630/11925
f 122/11926 1631/11927 2517/11928
f 1631/11929 495/11930 1632/11931
f 2517/11932 1632/11933 243/11934
f 1633/11935 2517/11936 1630/11937
f 1634/11938 2518/11939 1632/11940
f 119/11941 1602/11942 2518/11943
f 1602/11944 487/11945 1627/11946
f 2518/11947 1627/11948 243/11949
f 1634/11950 1636/11951 1606/11952
f 495/11953 1635/11954 1636/11955
f 495/11956 1631/11957 1638/11958
f 1631/11959 122/11960 1637/11961
f 1639/11962 496/11963 1635/11964
f 1640/11965 1639/11966 1638/11967
f 1609/11968 1606/11969 1636/11970
f 1641/11971 1636/11972 1635/11973
f 1639/11974 1640/11975 1642/11976
f 1643/11977 497/11978 496/11979
f 1644/11980 1643/11981 1639/11982
f 1613/11983 1611/11984 1641/11985
f 1645/11986 1641/11987 496/11988
f 1613/11989 1645/11990 1616/11991
f 1645/11992 497/11993 1646/11994
f 1616/11995 1646/11996 1649/11997
f 497/11998 1643/11999 1646/12000
f 1643/12001 1644/12002 1648/12003
f 1944/12004 1618/12005 1647/12006
f 1650/12007 2519/12008 1623/12009
f 498/12010 1651/12011 2519/12012
f 1651/12013 589/12014 1652/12015
f 2519/12016 1652/12017 492/12018
f 498/12019 1653/12020 2520/12021
f 1653/12022 123/12023 1654/12024
f 2520/12025 1654/12026 499/12027
f 1651/12028 2520/12029 1655/12030
f 1656/12031 2521/12032 1629/12033
f 500/12034 1657/12035 2521/12036
f 1657/12037 244/12038 1658/12039
f 2521/12040 1658/12041 494/12042
f 500/12043 1659/12044 2522/12045
f 1659/12046 124/12047 1660/12048
f 2522/12049 1660/12050 501/12051
f 1657/12052 2522/12053 1661/12054
f 125/12055 1662/12056 2523/12057
f 1662/12058 502/12059 1663/12060
f 2523/12061 1663/12062 244/12063
f 1664/12064 2523/12065 1661/12066
f 1665/12067 2524/12068 1663/12069
f 122/12070 1633/12071 2524/12072
f 1633/12073 494/12074 1658/12075
f 2524/12076 1658/12077 244/12078
f 1665/12079 1667/12080 1637/12081
f 502/12082 1666/12083 1667/12084
f 502/12085 1662/12086 1669/12087
f 1662/12088 125/12089 1668/12090
f 1670/12091 503/12092 1666/12093
f 1668/12094 1670/12095 1669/12096
f 1640/12097 1637/12098 1667/12099
f 1671/12100 1667/12101 1666/12102
f 1670/12103 1668/12104 1672/12105
f 1673/12106 504/12107 503/12108
f 1674/12109 1673/12110 1670/12111
f 1644/12112 1642/12113 1671/12114
f 1675/12115 1671/12116 503/12117
f 1675/12118 1676/12119 1648/12120
f 1673/12121 1677/12122 1676/12123
f 1678/12124 1676/12125 1677/12126
f 1944/12127 1649/12128 1678/12129
f 1679/12130 2525/12131 1654/12132
f 505/12133 1680/12134 2525/12135
f 1680/12136 590/12137 1681/12138
f 2525/12139 1681/12140 499/12141
f 505/12142 1682/12143 2526/12144
f 1682/12145 126/12146 1683/12147
f 2526/12148 1683/12149 506/12150
f 1680/12151 2526/12152 1684/12153
f 1685/12154 2527/12155 1660/12156
f 507/12157 1686/12158 2527/12159
f 1686/12160 245/12161 1687/12162
f 2527/12163 1687/12164 501/12165
f 507/12166 1688/12167 2528/12168
f 1688/12169 127/12170 1689/12171
f 2528/12172 1689/12173 508/12174
f 1686/12175 2528/12176 1690/12177
f 128/12178 1691/12179 2529/12180
f 1691/12181 509/12182 1692/12183
f 2529/12184 1692/12185 245/12186
f 1693/12187 2529/12188 1690/12189
f 1694/12190 2530/12191 1692/12192
f 125/12193 1664/12194 2530/12195
f 1664/12196 501/12197 1687/12198
f 2530/12199 1687/12200 245/12201
f 1694/12202 1696/12203 1668/12204
f 509/12205 1695/12206 1696/12207
f 509/12208 1691/12209 1698/12210
f 1691/12211 128/12212 1697/12213
f 1699/12214 510/12215 1695/12216
f 1697/12217 1699/12218 1698/12219
f 1700/12220 1696/12221 1695/12222
f 1699/12223 1697/12224 1701/12225
f 1702/12226 511/12227 510/12228
f 1703/12229 1702/12230 1699/12231
f 1674/12232 1672/12233 1700/12234
f 1704/12235 1700/12236 510/12237
f 1704/12238 1705/12239 1677/12240
f 1705/12241 1707/12242 1677/12243
f 1702/12244 1706/12245 1705/12246
f 1678/12247 1677/12248 1707/12249
f 1709/12250 2531/12251 1683/12252
f 512/12253 1710/12254 2531/12255
f 1710/12256 591/12257 1711/12258
f 2531/12259 1711/12260 506/12261
f 512/12262 1712/12263 2532/12264
f 1712/12265 129/12266 1713/12267
f 2532/12268 1713/12269 513/12270
f 1710/12271 2532/12272 1714/12273
f 1715/12274 2533/12275 1689/12276
f 514/12277 1716/12278 2533/12279
f 1716/12280 246/12281 1717/12282
f 2533/12283 1717/12284 508/12285
f 514/12286 1718/12287 2534/12288
f 1718/12289 130/12290 1719/12291
f 2534/12292 1719/12293 515/12294
f 1716/12295 2534/12296 1720/12297
f 131/12298 1721/12299 2535/12300
f 1721/12301 516/12302 1722/12303
f 2535/12304 1722/12305 246/12306
f 1723/12307 2535/12308 1720/12309
f 1724/12310 2536/12311 1722/12312
f 128/12313 1693/12314 2536/12315
f 1693/12316 508/12317 1717/12318
f 2536/12319 1717/12320 246/12321
f 1724/12322 1726/12323 1697/12324
f 516/12325 1725/12326 1726/12327
f 516/12328 1721/12329 1728/12330
f 1721/12331 131/12332 1727/12333
f 1729/12334 517/12335 1725/12336
f 1727/12337 1729/12338 1728/12339
f 1730/12340 1726/12341 1725/12342
f 1729/12343 1727/12344 1731/12345
f 1732/12346 518/12347 517/12348
f 1733/12349 1732/12350 1729/12351
f 1703/12352 1701/12353 1730/12354
f 1734/12355 1730/12356 517/12357
f 1703/12358 1734/12359 1735/12360
f 1734/12361 518/12362 1737/12363
f 518/12364 1732/12365 1737/12366
f 1732/12367 1733/12368 1736/12369
f 1737/12370 1736/12371 1766/12372
f 1766/12373 1738/12374 1737/12375
f 1738/12376 1708/12377 1735/12378
f 1739/12379 2537/12380 1713/12381
f 519/12382 1740/12383 2537/12384
f 1740/12385 592/12386 1741/12387
f 2537/12388 1741/12389 513/12390
f 519/12391 1742/12392 2538/12393
f 1742/12394 132/12395 1743/12396
f 2538/12397 1743/12398 520/12399
f 1740/12400 2538/12401 1744/12402
f 1745/12403 2539/12404 1719/12405
f 521/12406 1746/12407 2539/12408
f 1746/12409 247/12410 1747/12411
f 2539/12412 1747/12413 515/12414
f 521/12415 1748/12416 2540/12417
f 1748/12418 133/12419 1749/12420
f 2540/12421 1749/12422 522/12423
f 1746/12424 2540/12425 1750/12426
f 134/12427 1751/12428 2541/12429
f 1751/12430 523/12431 1752/12432
f 2541/12433 1752/12434 247/12435
f 1753/12436 2541/12437 1750/12438
f 1754/12439 2542/12440 1752/12441
f 131/12442 1723/12443 2542/12444
f 1723/12445 515/12446 1747/12447
f 2542/12448 1747/12449 247/12450
f 1754/12451 1756/12452 1727/12453
f 523/12454 1755/12455 1756/12456
f 523/12457 1751/12458 1758/12459
f 1751/12460 134/12461 1757/12462
f 1759/12463 524/12464 1755/12465
f 1757/12466 1759/12467 1758/12468
f 1760/12469 1756/12470 1755/12471
f 1759/12472 1757/12473 1761/12474
f 1762/12475 525/12476 524/12477
f 1763/12478 1762/12479 1759/12480
f 1733/12481 1731/12482 1760/12483
f 1764/12484 1760/12485 524/12486
f 1733/12487 1764/12488 1736/12489
f 1764/12490 525/12491 1765/12492
f 1736/12493 1765/12494 1768/12495
f 525/12496 1762/12497 1765/12498
f 1762/12499 1763/12500 1767/12501
f 135/12502 1738/12503 1766/12504
f 1769/12505 2543/12506 1743/12507
f 526/12508 1770/12509 2543/12510
f 1770/12511 593/12512 1771/12513
f 2543/12514 1771/12515 520/12516
f 526/12517 1772/12518 2544/12519
f 1772/12520 136/12521 1773/12522
f 2544/12523 1773/12524 527/12525
f 1770/12526 2544/12527 1774/12528
f 1775/12529 2545/12530 1749/12531
f 528/12532 1776/12533 2545/12534
f 1776/12535 248/12536 1777/12537
f 2545/12538 1777/12539 522/12540
f 528/12541 1778/12542 2546/12543
f 1778/12544 137/12545 1779/12546
f 2546/12547 1779/12548 529/12549
f 1776/12550 2546/12551 1780/12552
f 138/12553 1781/12554 2547/12555
f 1781/12556 530/12557 1782/12558
f 2547/12559 1782/12560 248/12561
f 1783/12562 2547/12563 1780/12564
f 1784/12565 2548/12566 1782/12567
f 134/12568 1753/12569 2548/12570
f 1753/12571 522/12572 1777/12573
f 2548/12574 1777/12575 248/12576
f 1784/12577 1786/12578 1757/12579
f 530/12580 1785/12581 1786/12582
f 530/12583 1781/12584 1788/12585
f 1781/12586 138/12587 1787/12588
f 1789/12589 531/12590 1785/12591
f 1790/12592 1789/12593 1788/12594
f 1791/12595 1786/12596 1785/12597
f 1789/12598 1790/12599 1792/12600
f 1793/12601 532/12602 531/12603
f 1794/12604 1793/12605 1789/12606
f 1763/12607 1761/12608 1791/12609
f 1795/12610 1791/12611 531/12612
f 1795/12613 1796/12614 1767/12615
f 1793/12616 1797/12617 1796/12618
f 1798/12619 1796/12620 1797/12621
f 135/12622 1768/12623 1798/12624
f 1799/12625 2549/12626 1773/12627
f 533/12628 1800/12629 2549/12630
f 1800/12631 594/12632 1801/12633
f 2549/12634 1801/12635 527/12636
f 533/12637 1802/12638 2550/12639
f 1802/12640 139/12641 1803/12642
f 2550/12643 1803/12644 534/12645
f 1800/12646 2550/12647 1804/12648
f 1805/12649 2551/12650 1779/12651
f 535/12652 1806/12653 2551/12654
f 1806/12655 249/12656 1807/12657
f 2551/12658 1807/12659 529/12660
f 535/12661 1808/12662 2552/12663
f 1808/12664 140/12665 1809/12666
f 2552/12667 1809/12668 536/12669
f 1806/12670 2552/12671 1810/12672
f 141/12673 1811/12674 2553/12675
f 1811/12676 537/12677 1812/12678
f 2553/12679 1812/12680 249/12681
f 1813/12682 2553/12683 1810/12684
f 1814/12685 2554/12686 1812/12687
f 138/12688 1783/12689 2554/12690
f 1783/12691 529/12692 1807/12693
f 2554/12694 1807/12695 249/12696
f 1814/12697 1816/12698 1787/12699
f 537/12700 1815/12701 1816/12702
f 537/12703 1811/12704 1818/12705
f 1811/12706 141/12707 1817/12708
f 1819/12709 538/12710 1815/12711
f 1820/12712 1819/12713 1818/12714
f 1790/12715 1787/12716 1816/12717
f 1821/12718 1816/12719 1815/12720
f 1819/12721 1820/12722 1822/12723
f 1823/12724 539/12725 538/12726
f 1824/12727 1823/12728 1819/12729
f 1794/12730 1792/12731 1821/12732
f 1825/12733 1821/12734 538/12735
f 1825/12736 1826/12737 1797/12738
f 1826/12739 1828/12740 1797/12741
f 1823/12742 1827/12743 1826/12744
f 1798/12745 1797/12746 1828/12747
f 1830/12748 2555/12749 1803/12750
f 540/12751 1831/12752 2555/12753
f 1831/12754 595/12755 1832/12756
f 2555/12757 1832/12758 534/12759
f 540/12760 1833/12761 2556/12762
f 1833/12763 142/12764 1834/12765
f 2556/12766 1834/12767 541/12768
f 1831/12769 2556/12770 1835/12771
f 1836/12772 2557/12773 1809/12774
f 542/12775 1837/12776 2557/12777
f 1837/12778 250/12779 1838/12780
f 2557/12781 1838/12782 536/12783
f 542/12784 1839/12785 2558/12786
f 1839/12787 143/12788 1840/12789
f 2558/12790 1840/12791 543/12792
f 1837/12793 2558/12794 1841/12795
f 144/12796 1842/12797 2559/12798
f 1842/12799 544/12800 1843/12801
f 2559/12802 1843/12803 250/12804
f 1844/12805 2559/12806 1841/12807
f 1845/12808 2560/12809 1843/12810
f 141/12811 1813/12812 2560/12813
f 1813/12814 536/12815 1838/12816
f 2560/12817 1838/12818 250/12819
f 1845/12820 1847/12821 1817/12822
f 544/12823 1846/12824 1847/12825
f 544/12826 1842/12827 1849/12828
f 1842/12829 144/12830 1848/12831
f 1850/12832 545/12833 1846/12834
f 1848/12835 1850/12836 1849/12837
f 1820/12838 1817/12839 1847/12840
f 1851/12841 1847/12842 1846/12843
f 1850/12844 1848/12845 1852/12846
f 1853/12847 546/12848 545/12849
f 1854/12850 1853/12851 1850/12852
f 1824/12853 1822/12854 1851/12855
f 1855/12856 1851/12857 545/12858
f 1824/12859 1855/12860 1856/12861
f 1855/12862 546/12863 1858/12864
f 546/12865 1853/12866 1858/12867
f 1853/12868 1854/12869 1857/12870
f 1858/12871 1857/12872 1888/12873
f 1888/12874 1859/12875 1858/12876
f 1859/12877 1829/12878 1856/12879
f 1860/12880 2561/12881 1834/12882
f 547/12883 1861/12884 2561/12885
f 1861/12886 596/12887 1862/12888
f 2561/12889 1862/12890 541/12891
f 547/12892 1863/12893 2562/12894
f 1863/12895 145/12896 1864/12897
f 2562/12898 1864/12899 548/12900
f 1861/12901 2562/12902 1865/12903
f 1866/12904 2563/12905 1840/12906
f 549/12907 1867/12908 2563/12909
f 1867/12910 251/12911 1868/12912
f 2563/12913 1868/12914 543/12915
f 549/12916 1869/12917 2564/12918
f 1869/12919 146/12920 1870/12921
f 2564/12922 1870/12923 550/12924
f 1867/12925 2564/12926 1871/12927
f 147/12928 1872/12929 2565/12930
f 1872/12931 551/12932 1873/12933
f 2565/12934 1873/12935 251/12936
f 1874/12937 2565/12938 1871/12939
f 1875/12940 2566/12941 1873/12942
f 144/12943 1844/12944 2566/12945
f 1844/12946 543/12947 1868/12948
f 2566/12949 1868/12950 251/12951
f 1875/12952 1877/12953 1848/12954
f 551/12955 1876/12956 1877/12957
f 551/12958 1872/12959 1879/12960
f 1872/12961 147/12962 1878/12963
f 1880/12964 552/12965 1876/12966
f 1881/12967 1880/12968 1879/12969
f 1882/12970 1877/12971 1876/12972
f 1880/12973 1881/12974 1883/12975
f 1884/12976 553/12977 552/12978
f 1885/12979 1884/12980 1880/12981
f 1854/12982 1852/12983 1882/12984
f 1886/12985 1882/12986 552/12987
f 1854/12988 1886/12989 1857/12990
f 1886/12991 553/12992 1887/12993
f 1857/12994 1887/12995 1890/12996
f 553/12997 1884/12998 1887/12999
f 1884/13000 1885/13001 1889/13002
f 148/13003 1859/13004 1888/13005
f 1891/13006 2567/13007 1864/13008
f 554/13009 1892/13010 2567/13011
f 1892/13012 597/13013 1893/13014
f 2567/13015 1893/13016 548/13017
f 554/13018 1894/13019 2568/13020
f 1894/13021 149/13022 1895/13023
f 2568/13024 1895/13025 555/13026
f 1892/13027 2568/13028 1896/13029
f 1897/13030 2569/13031 1870/13032
f 556/13033 1898/13034 2569/13035
f 1898/13036 252/13037 1899/13038
f 2569/13039 1899/13040 550/13041
f 556/13042 1900/13043 2570/13044
f 1900/13045 150/13046 1901/13047
f 2570/13048 1901/13049 557/13050
f 1898/13051 2570/13052 1902/13053
f 151/13054 1903/13055 2571/13056
f 1903/13057 558/13058 1904/13059
f 2571/13060 1904/13061 252/13062
f 1905/13063 2571/13064 1902/13065
f 1906/13066 2572/13067 1904/13068
f 147/13069 1874/13070 2572/13071
f 1874/13072 550/13073 1899/13074
f 2572/13075 1899/13076 252/13077
f 1906/13078 1908/13079 1878/13080
f 558/13081 1907/13082 1908/13083
f 558/13084 1903/13085 1910/13086
f 1903/13087 151/13088 1909/13089
f 1911/13090 559/13091 1907/13092
f 1912/13093 1911/13094 1910/13095
f 1881/13096 1878/13097 1908/13098
f 1913/13099 1908/13100 1907/13101
f 1911/13102 1912/13103 1914/13104
f 1915/13105 560/13106 559/13107
f 1916/13108 1915/13109 1911/13110
f 1885/13111 1883/13112 1913/13113
f 1917/13114 1913/13115 559/13116
f 1917/13117 1918/13118 1889/13119
f 1915/13120 1919/13121 1918/13122
f 1920/13123 1918/13124 1919/13125
f 148/13126 1890/13127 1920/13128
f 1921/13129 2573/13130 1895/13131
f 561/13132 1922/13133 2573/13134
f 1922/13135 598/13136 1923/13137
f 2573/13138 1923/13139 555/13140
f 561/13141 1924/13142 2574/13143
f 1924/13144 100/13145 1464/13146
f 2574/13147 1464/13148 153/13149
f 1922/13150 2574/13151 1925/13152
f 1926/13153 2575/13154 1901/13155
f 562/13156 1927/13157 2575/13158
f 1927/13159 253/13160 1928/13161
f 2575/13162 1928/13163 557/13164
f 562/13165 1929/13166 2576/13167
f 1929/13168 101/13169 1471/13170
f 2576/13171 1471/13172 458/13173
f 1927/13174 2576/13175 1930/13176
f 102/13177 1931/13178 2577/13179
f 1931/13180 563/13181 1932/13182
f 2577/13183 1932/13184 253/13185
f 1479/13186 2577/13187 1930/13188
f 1933/13189 2578/13190 1932/13191
f 151/13192 1905/13193 2578/13194
f 1905/13195 557/13196 1928/13197
f 2578/13198 1928/13199 253/13200
f 1933/13201 1935/13202 1909/13203
f 563/13204 1934/13205 1935/13206
f 563/13207 1931/13208 1936/13209
f 1931/13210 102/13211 103/13212
f 1937/13213 564/13214 1934/13215
f 103/13216 1937/13217 1936/13218
f 1912/13219 1909/13220 1935/13221
f 1938/13222 1935/13223 1934/13224
f 1937/13225 103/13226 461/13227
f 1939/13228 565/13229 564/13230
f 104/13231 1939/13232 1937/13233
f 1916/13234 1914/13235 1938/13236
f 1940/13237 1938/13238 564/13239
f 1940/13240 1941/13241 1919/13242
f 1941/13243 1942/13244 1919/13245
f 1939/13246 462/13247 1941/13248
f 1920/13249 1919/13250 1942/13251
f 1708/13252 1738/13253 1943/13254
f 1943/13255 1678/13256 1708/13257
f 1738/13258 135/13259 1943/13260
f 1798/13261 1945/13262 135/13263
f 1829/13264 1859/13265 1945/13266
f 1945/13267 1798/13268 1829/13269
f 1678/13270 1943/13271 1944/13272
f 1859/13273 148/13274 1945/13275
f 1618/13276 1944/13277 566/13278
f 1920/13279 152/13280 148/13281
f 566/13282 1556/13283 1587/13284
f 1587/13285 1618/13286 566/13287
f 1556/13288 566/13289 1946/13290
f 566/13291 1943/13292 152/13293
f 1494/13294 1946/13295 152/13296
f 152/13297 1920/13298 1495/13299
f 1495/13300 1494/13301 152/13302
f 1947/13303 1949/13304 1950/13305
f 301/13306 1948/13307 1949/13308
f 1948/13309 599/13310 1949/13311
f 301/13312 1951/13313 2579/13314
f 2579/13315 4/13316 567/13317
f 1948/13318 2579/13319 1952/13320
f 1953/13321 1955/13322 4/13323
f 315/13324 1954/13325 1955/13326
f 1954/13327 600/13328 1955/13329
f 315/13330 1956/13331 2580/13332
f 2580/13333 10/13334 569/13335
f 1954/13336 2580/13337 1957/13338
f 1958/13339 1960/13340 10/13341
f 326/13342 1959/13343 1960/13344
f 1959/13345 601/13346 1960/13347
f 326/13348 1961/13349 2581/13350
f 2581/13351 16/13352 570/13353
f 1959/13354 2581/13355 1962/13356
f 1963/13357 1965/13358 16/13359
f 335/13360 1964/13361 1965/13362
f 1964/13363 602/13364 1965/13365
f 335/13366 1966/13367 2582/13368
f 2582/13369 22/13370 571/13371
f 1964/13372 2582/13373 1967/13374
f 1968/13375 2583/13376 22/13377
f 345/13378 1969/13379 2583/13380
f 1969/13381 1973/13382 1970/13383
f 2583/13384 1970/13385 571/13386
f 345/13387 1971/13388 1972/13389
f 1972/13390 29/13391 572/13392
f 572/13393 1973/13394 1972/13395
f 1974/13396 1976/13397 29/13398
f 354/13399 1975/13400 1976/13401
f 1975/13402 603/13403 1976/13404
f 354/13405 1977/13406 2584/13407
f 2584/13408 36/13409 573/13410
f 1975/13411 2584/13412 1978/13413
f 1979/13414 1981/13415 36/13416
f 364/13417 1980/13418 1981/13419
f 1980/13420 604/13421 1981/13422
f 364/13423 1982/13424 2585/13425
f 2585/13426 42/13427 574/13428
f 1980/13429 2585/13430 1983/13431
f 1984/13432 2586/13433 42/13434
f 373/13435 1985/13436 2586/13437
f 1985/13438 1989/13439 1986/13440
f 2586/13441 1986/13442 574/13443
f 373/13444 1987/13445 1988/13446
f 1988/13447 48/13448 575/13449
f 575/13450 1989/13451 1988/13452
f 1990/13453 1992/13454 48/13455
f 383/13456 1991/13457 1992/13458
f 1991/13459 605/13460 1992/13461
f 383/13462 1993/13463 2587/13464
f 2587/13465 55/13466 576/13467
f 1991/13468 2587/13469 1994/13470
f 1995/13471 1997/13472 55/13473
f 392/13474 1996/13475 1997/13476
f 1996/13477 606/13478 1997/13479
f 392/13480 1998/13481 2588/13482
f 2588/13483 62/13484 577/13485
f 1996/13486 2588/13487 1999/13488
f 2000/13489 2002/13490 62/13491
f 402/13492 2001/13493 2002/13494
f 2001/13495 607/13496 2002/13497
f 402/13498 2003/13499 2589/13500
f 2589/13501 68/13502 578/13503
f 2001/13504 2589/13505 2004/13506
f 2005/13507 2007/13508 68/13509
f 411/13510 2006/13511 2007/13512
f 2006/13513 608/13514 2007/13515
f 411/13516 2008/13517 2590/13518
f 2590/13519 74/13520 579/13521
f 2006/13522 2590/13523 2009/13524
f 2010/13525 2012/13526 74/13527
f 421/13528 2011/13529 2012/13530
f 2011/13531 609/13532 2012/13533
f 421/13534 2013/13535 2591/13536
f 2591/13537 81/13538 580/13539
f 2011/13540 2591/13541 2014/13542
f 2015/13543 2017/13544 81/13545
f 430/13546 2016/13547 2017/13548
f 2016/13549 610/13550 2017/13551
f 430/13552 2018/13553 2592/13554
f 2592/13555 87/13556 581/13557
f 2016/13558 2592/13559 2019/13560
f 2020/13561 2022/13562 87/13563
f 440/13564 2021/13565 2022/13566
f 2021/13567 611/13568 2022/13569
f 440/13570 2023/13571 2593/13572
f 2593/13573 93/13574 582/13575
f 2021/13576 2593/13577 2024/13578
f 2025/13579 2027/13580 93/13581
f 448/13582 2026/13583 2027/13584
f 2026/13585 612/13586 2027/13587
f 448/13588 2028/13589 2594/13590
f 2594/13591 1950/13592 154/13593
f 2026/13594 2594/13595 2029/13596
f 2030/13597 2031/13598 1467/13599
f 2031/13600 2032/13601 583/13602
f 106/13603 1472/13604 2031/13605
f 1472/13606 455/13607 2032/13608
f 101/13609 2033/13610 2034/13611
f 1468/13612 2034/13613 2032/13614
f 2033/13615 153/13616 1463/13617
f 2034/13618 1463/13619 583/13620
f 2035/13621 2036/13622 1501/13623
f 2036/13624 2037/13625 584/13626
f 109/13627 1505/13628 2036/13629
f 1505/13630 465/13631 2037/13632
f 106/13633 2030/13634 2038/13635
f 1502/13636 2038/13637 2037/13638
f 2030/13639 454/13640 1498/13641
f 2038/13642 1498/13643 584/13644
f 2039/13645 2040/13646 1532/13647
f 2040/13648 2041/13649 585/13650
f 112/13651 1536/13652 2040/13653
f 1536/13654 472/13655 2041/13656
f 109/13657 2035/13658 2042/13659
f 1533/13660 2042/13661 2041/13662
f 2035/13663 464/13664 1529/13665
f 2042/13666 1529/13667 585/13668
f 2043/13669 2044/13670 1562/13671
f 2044/13672 2045/13673 586/13674
f 115/13675 1566/13676 2044/13677
f 1566/13678 479/13679 2045/13680
f 112/13681 2039/13682 2046/13683
f 1563/13684 2046/13685 2045/13686
f 2039/13687 471/13688 1559/13689
f 2046/13690 1559/13691 586/13692
f 2047/13693 2048/13694 1593/13695
f 2048/13696 2049/13697 587/13698
f 118/13699 1597/13700 2048/13701
f 1597/13702 486/13703 2049/13704
f 115/13705 2043/13706 2050/13707
f 1594/13708 2050/13709 2049/13710
f 2043/13711 478/13712 1590/13713
f 2050/13714 1590/13715 587/13716
f 2051/13717 2052/13718 1624/13719
f 2052/13720 2053/13721 588/13722
f 121/13723 1628/13724 2052/13725
f 1628/13726 493/13727 2053/13728
f 118/13729 2047/13730 2054/13731
f 1625/13732 2054/13733 2053/13734
f 2047/13735 485/13736 1621/13737
f 2054/13738 1621/13739 588/13740
f 2055/13741 2056/13742 1655/13743
f 2056/13744 2057/13745 589/13746
f 124/13747 1659/13748 2056/13749
f 1659/13750 500/13751 2057/13752
f 121/13753 2051/13754 2058/13755
f 1656/13756 2058/13757 2057/13758
f 2051/13759 492/13760 1652/13761
f 2058/13762 1652/13763 589/13764
f 2059/13765 2060/13766 1684/13767
f 2060/13768 2061/13769 590/13770
f 127/13771 1688/13772 2060/13773
f 1688/13774 507/13775 2061/13776
f 124/13777 2055/13778 2062/13779
f 1685/13780 2062/13781 2061/13782
f 2055/13783 499/13784 1681/13785
f 2062/13786 1681/13787 590/13788
f 2063/13789 2064/13790 1714/13791
f 2064/13792 2065/13793 591/13794
f 130/13795 1718/13796 2064/13797
f 1718/13798 514/13799 2065/13800
f 127/13801 2059/13802 2066/13803
f 1715/13804 2066/13805 2065/13806
f 2059/13807 506/13808 1711/13809
f 2066/13810 1711/13811 591/13812
f 2067/13813 2068/13814 1744/13815
f 2068/13816 2069/13817 592/13818
f 133/13819 1748/13820 2068/13821
f 1748/13822 521/13823 2069/13824
f 130/13825 2063/13826 2070/13827
f 1745/13828 2070/13829 2069/13830
f 2063/13831 513/13832 1741/13833
f 2070/13834 1741/13835 592/13836
f 2071/13837 2072/13838 1774/13839
f 2072/13840 2073/13841 593/13842
f 137/13843 1778/13844 2072/13845
f 1778/13846 528/13847 2073/13848
f 133/13849 2067/13850 2074/13851
f 1775/13852 2074/13853 2073/13854
f 2067/13855 520/13856 1771/13857
f 2074/13858 1771/13859 593/13860
f 2075/13861 2076/13862 1804/13863
f 2076/13864 2077/13865 594/13866
f 140/13867 1808/13868 2076/13869
f 1808/13870 535/13871 2077/13872
f 137/13873 2071/13874 2078/13875
f 1805/13876 2078/13877 2077/13878
f 2071/13879 527/13880 1801/13881
f 2078/13882 1801/13883 594/13884
f 2079/13885 2080/13886 1835/13887
f 2080/13888 2081/13889 595/13890
f 143/13891 1839/13892 2080/13893
f 1839/13894 542/13895 2081/13896
f 140/13897 2075/13898 2082/13899
f 1836/13900 2082/13901 2081/13902
f 2075/13903 534/13904 1832/13905
f 2082/13906 1832/13907 595/13908
f 2083/13909 2084/13910 1865/13911
f 2084/13912 2085/13913 596/13914
f 146/13915 1869/13916 2084/13917
f 1869/13918 549/13919 2085/13920
f 143/13921 2079/13922 2086/13923
f 1866/13924 2086/13925 2085/13926
f 2079/13927 541/13928 1862/13929
f 2086/13930 1862/13931 596/13932
f 2087/13933 2088/13934 1896/13935
f 2088/13936 2089/13937 597/13938
f 150/13939 1900/13940 2088/13941
f 1900/13942 556/13943 2089/13944
f 146/13945 2083/13946 2090/13947
f 1897/13948 2090/13949 2089/13950
f 2083/13951 548/13952 1893/13953
f 2090/13954 1893/13955 597/13956
f 2033/13957 2091/13958 1925/13959
f 2091/13960 2092/13961 598/13962
f 101/13963 1929/13964 2091/13965
f 1929/13966 562/13967 2092/13968
f 150/13969 2087/13970 2093/13971
f 1926/13972 2093/13973 2092/13974
f 2087/13975 555/13976 1923/13977
f 2093/13978 1923/13979 598/13980
f 2094/13981 2095/13982 1952/13983
f 2095/13984 2097/13985 599/13986
f 2096/13987 2595/13988 2095/13989
f 105/13990 1465/13991 2595/13992
f 1465/13993 453/13994 2097/13995
f 100/13996 2098/13997 2099/13998
f 2098/13999 568/14000 2099/14001
f 1461/14002 2099/14003 2097/14004
f 568/14005 154/14006 599/14007
f 2100/14008 2101/14009 1957/14010
f 2101/14011 2103/14012 600/14013
f 2102/14014 2596/14015 2101/14016
f 108/14017 1499/14018 2596/14019
f 1499/14020 463/14021 2103/14022
f 105/14023 2096/14024 2104/14025
f 2096/14026 2094/14027 2104/14028
f 1496/14029 2104/14030 2103/14031
f 2094/14032 567/14033 600/14034
f 2105/14035 2106/14036 1962/14037
f 2106/14038 2108/14039 601/14040
f 2107/14041 2597/14042 2106/14043
f 111/14044 1530/14045 2597/14046
f 1530/14047 470/14048 2108/14049
f 108/14050 2102/14051 2109/14052
f 2102/14053 2100/14054 2109/14055
f 1527/14056 2109/14057 2108/14058
f 2100/14059 569/14060 601/14061
f 2110/14062 2111/14063 1967/14064
f 2111/14065 2113/14066 602/14067
f 2112/14068 2598/14069 2111/14070
f 114/14071 1560/14072 2598/14073
f 1560/14074 477/14075 2113/14076
f 111/14077 2107/14078 2114/14079
f 2107/14080 2105/14081 2114/14082
f 1557/14083 2114/14084 2113/14085
f 2105/14086 570/14087 602/14088
f 2115/14089 2116/14090 1973/14091
f 2116/14092 2118/14093 1973/14094
f 117/14095 1591/14096 2116/14097
f 1591/14098 484/14099 2118/14100
f 114/14101 2112/14102 2599/14103
f 2112/14104 2110/14105 2119/14106
f 2599/14107 2119/14108 2118/14109
f 1588/14110 2599/14111 2118/14112
f 2110/14113 571/14114 1970/14115
f 2119/14116 1970/14117 1973/14118
f 2120/14119 2121/14120 1978/14121
f 2121/14122 2123/14123 603/14124
f 2122/14125 2600/14126 2121/14127
f 120/14128 1622/14129 2600/14130
f 1622/14131 491/14132 2123/14133
f 117/14134 2117/14135 2124/14136
f 2117/14137 2115/14138 2124/14139
f 1619/14140 2124/14141 2123/14142
f 2115/14143 572/14144 603/14145
f 2125/14146 2126/14147 1983/14148
f 2126/14149 2128/14150 604/14151
f 2127/14152 2601/14153 2126/14154
f 123/14155 1653/14156 2601/14157
f 1653/14158 498/14159 2128/14160
f 120/14161 2122/14162 2129/14163
f 2122/14164 2120/14165 2129/14166
f 1650/14167 2129/14168 2128/14169
f 2120/14170 573/14171 604/14172
f 2130/14173 2131/14174 1989/14175
f 2131/14176 2133/14177 1989/14178
f 126/14179 1682/14180 2131/14181
f 1682/14182 505/14183 2133/14184
f 123/14185 2127/14186 2602/14187
f 2127/14188 2125/14189 2134/14190
f 2602/14191 2134/14192 2133/14193
f 1679/14194 2602/14195 2133/14196
f 2125/14197 574/14198 1986/14199
f 2134/14200 1986/14201 1989/14202
f 2135/14203 2136/14204 1994/14205
f 2136/14206 2138/14207 605/14208
f 2137/14209 2603/14210 2136/14211
f 129/14212 1712/14213 2603/14214
f 1712/14215 512/14216 2138/14217
f 126/14218 2132/14219 2139/14220
f 2132/14221 2130/14222 2139/14223
f 1709/14224 2139/14225 2138/14226
f 2130/14227 575/14228 605/14229
f 2140/14230 2141/14231 1999/14232
f 2141/14233 2143/14234 606/14235
f 2142/14236 2604/14237 2141/14238
f 132/14239 1742/14240 2604/14241
f 1742/14242 519/14243 2143/14244
f 129/14245 2137/14246 2144/14247
f 2137/14248 2135/14249 2144/14250
f 1739/14251 2144/14252 2143/14253
f 2135/14254 576/14255 606/14256
f 2145/14257 2146/14258 2004/14259
f 2146/14260 2148/14261 607/14262
f 2147/14263 2605/14264 2146/14265
f 136/14266 1772/14267 2605/14268
f 1772/14269 526/14270 2148/14271
f 132/14272 2142/14273 2149/14274
f 2142/14275 2140/14276 2149/14277
f 1769/14278 2149/14279 2148/14280
f 2140/14281 577/14282 607/14283
f 2150/14284 2151/14285 2009/14286
f 2151/14287 2153/14288 608/14289
f 2152/14290 2606/14291 2151/14292
f 139/14293 1802/14294 2606/14295
f 1802/14296 533/14297 2153/14298
f 136/14299 2147/14300 2154/14301
f 2147/14302 2145/14303 2154/14304
f 1799/14305 2154/14306 2153/14307
f 2145/14308 578/14309 608/14310
f 2155/14311 2156/14312 2014/14313
f 2156/14314 2158/14315 609/14316
f 2157/14317 2607/14318 2156/14319
f 142/14320 1833/14321 2607/14322
f 1833/14323 540/14324 2158/14325
f 139/14326 2152/14327 2159/14328
f 2152/14329 2150/14330 2159/14331
f 1830/14332 2159/14333 2158/14334
f 2150/14335 579/14336 609/14337
f 2160/14338 2161/14339 2019/14340
f 2161/14341 2163/14342 610/14343
f 2162/14344 2608/14345 2161/14346
f 145/14347 1863/14348 2608/14349
f 1863/14350 547/14351 2163/14352
f 142/14353 2157/14354 2164/14355
f 2157/14356 2155/14357 2164/14358
f 1860/14359 2164/14360 2163/14361
f 2155/14362 580/14363 610/14364
f 2165/14365 2166/14366 2024/14367
f 2166/14368 2168/14369 611/14370
f 2167/14371 2609/14372 2166/14373
f 149/14374 1894/14375 2609/14376
f 1894/14377 554/14378 2168/14379
f 145/14380 2162/14381 2169/14382
f 2162/14383 2160/14384 2169/14385
f 1891/14386 2169/14387 2168/14388
f 2160/14389 581/14390 611/14391
f 568/14392 2170/14393 2029/14394
f 2170/14395 2171/14396 612/14397
f 2098/14398 2610/14399 2170/14400
f 100/14401 1924/14402 2610/14403
f 1924/14404 561/14405 2171/14406
f 149/14407 2167/14408 2172/14409
f 2167/14410 2165/14411 2172/14412
f 1921/14413 2172/14414 2171/14415
f 2165/14416 582/14417 612/14418
f 2173/14419 2174/14420 673/14421
f 2174/14422 254/14423 613/14424
f 2175/14425 2611/14426 2174/14427
f 4/14428 1951/14429 2611/14430
f 1951/14431 301/14432 2176/14433
f 2611/14434 2176/14435 254/14436
f 1950/14437 2177/14438 2178/14439
f 2177/14440 302/14441 2178/14442
f 1947/14443 2178/14444 2176/14445
f 302/14446 155/14447 676/14448
f 676/14449 613/14450 254/14451
f 2179/14452 2180/14453 734/14454
f 2180/14455 2182/14456 614/14457
f 2181/14458 2612/14459 2180/14460
f 10/14461 1956/14462 2612/14463
f 1956/14464 315/14465 2182/14466
f 4/14467 2175/14468 2613/14469
f 2175/14470 2173/14471 2183/14472
f 2613/14473 2183/14474 2182/14475
f 1953/14476 2613/14477 2182/14478
f 300/14479 737/14480 2183/14481
f 2183/14482 737/14483 614/14484
f 2184/14485 2185/14486 782/14487
f 2185/14488 255/14489 615/14490
f 2186/14491 2614/14492 2185/14493
f 16/14494 1961/14495 2614/14496
f 1961/14497 326/14498 2187/14499
f 2614/14500 2187/14501 255/14502
f 10/14503 2181/14504 2188/14505
f 2181/14506 2179/14507 2188/14508
f 1958/14509 2188/14510 2187/14511
f 2179/14512 314/14513 785/14514
f 785/14515 615/14516 255/14517
f 2189/14518 2190/14519 832/14520
f 2190/14521 256/14522 616/14523
f 2191/14524 2615/14525 2190/14526
f 22/14527 1966/14528 2615/14529
f 1966/14530 335/14531 2192/14532
f 2615/14533 2192/14534 256/14535
f 16/14536 2186/14537 2616/14538
f 2186/14539 2184/14540 2193/14541
f 2616/14542 2193/14543 256/14544
f 1963/14545 2616/14546 2192/14547
f 325/14548 835/14549 2193/14550
f 835/14551 616/14552 256/14553
f 2194/14554 2195/14555 880/14556
f 2196/14557 2617/14558 2195/14559
f 29/14560 1971/14561 2617/14562
f 1971/14563 345/14564 2197/14565
f 2617/14566 2197/14567 257/14568
f 22/14569 2191/14570 2618/14571
f 2191/14572 2189/14573 2198/14574
f 2618/14575 2198/14576 257/14577
f 1968/14578 2618/14579 2197/14580
f 2189/14581 334/14582 882/14583
f 2198/14584 882/14585 257/14586
f 2199/14587 2200/14588 929/14589
f 929/14590 2200/14591 258/14592
f 36/14593 1977/14594 2200/14595
f 1977/14596 354/14597 2202/14598
f 2200/14599 2202/14600 258/14601
f 29/14602 2196/14603 2619/14604
f 2196/14605 2194/14606 2203/14607
f 2619/14608 2203/14609 258/14610
f 1974/14611 2619/14612 2202/14613
f 344/14614 932/14615 2203/14616
f 2203/14617 932/14618 617/14619
f 2204/14620 2205/14621 976/14622
f 2205/14623 2207/14624 618/14625
f 2206/14626 2620/14627 2205/14628
f 42/14629 1982/14630 2620/14631
f 1982/14632 364/14633 2207/14634
f 36/14635 2201/14636 2621/14637
f 2201/14638 2199/14639 2208/14640
f 2621/14641 2208/14642 2207/14643
f 1979/14644 2621/14645 2207/14646
f 2199/14647 353/14648 979/14649
f 2208/14650 979/14651 618/14652
f 2209/14653 2210/14654 1026/14655
f 2210/14656 259/14657 619/14658
f 2211/14659 2622/14660 2210/14661
f 48/14662 1987/14663 2622/14664
f 1987/14665 373/14666 2212/14667
f 2622/14668 2212/14669 259/14670
f 42/14671 2206/14672 2213/14673
f 2206/14674 2204/14675 2213/14676
f 1984/14677 2213/14678 2212/14679
f 2204/14680 363/14681 1029/14682
f 1029/14683 619/14684 259/14685
f 2214/14686 2215/14687 1074/14688
f 2215/14689 260/14690 620/14691
f 2216/14692 2623/14693 2215/14694
f 55/14695 1993/14696 2623/14697
f 1993/14698 383/14699 2217/14700
f 2623/14701 2217/14702 260/14703
f 48/14704 2211/14705 2218/14706
f 2211/14707 2209/14708 2218/14709
f 1990/14710 2218/14711 2217/14712
f 2209/14713 372/14714 1077/14715
f 1077/14716 620/14717 260/14718
f 2219/14719 2220/14720 1124/14721
f 2221/14722 2624/14723 2220/14724
f 62/14725 1998/14726 2624/14727
f 1998/14728 392/14729 2222/14730
f 2624/14731 2222/14732 261/14733
f 55/14734 2216/14735 2625/14736
f 2216/14737 2214/14738 2223/14739
f 2625/14740 2223/14741 261/14742
f 1995/14743 2625/14744 2222/14745
f 382/14746 1126/14747 2223/14748
f 2223/14749 1126/14750 261/14751
f 2224/14752 2225/14753 1170/14754
f 2226/14755 2626/14756 2225/14757
f 68/14758 2003/14759 2626/14760
f 2003/14761 402/14762 2227/14763
f 2626/14764 2227/14765 262/14766
f 62/14767 2221/14768 2627/14769
f 2221/14770 2219/14771 2228/14772
f 2627/14773 2228/14774 262/14775
f 2000/14776 2627/14777 2227/14778
f 391/14779 1172/14780 2228/14781
f 2228/14782 1172/14783 262/14784
f 2229/14785 2230/14786 1219/14787
f 2230/14788 263/14789 621/14790
f 2231/14791 2628/14792 2230/14793
f 74/14794 2008/14795 2628/14796
f 2008/14797 411/14798 2232/14799
f 2628/14800 2232/14801 263/14802
f 68/14803 2226/14804 2629/14805
f 2226/14806 2224/14807 2233/14808
f 2629/14809 2233/14810 263/14811
f 2005/14812 2629/14813 2232/14814
f 401/14815 1222/14816 2233/14817
f 1222/14818 621/14819 263/14820
f 420/14821 2234/14822 2235/14823
f 1267/14824 2235/14825 264/14826
f 2234/14827 2630/14828 2235/14829
f 81/14830 2013/14831 2630/14832
f 2013/14833 421/14834 2236/14835
f 2630/14836 2236/14837 264/14838
f 74/14839 2231/14840 2631/14841
f 2231/14842 2229/14843 2237/14844
f 2631/14845 2237/14846 264/14847
f 2010/14848 2631/14849 2236/14850
f 2229/14851 410/14852 1270/14853
f 2237/14854 1270/14855 622/14856
f 2238/14857 2239/14858 1317/14859
f 2239/14860 265/14861 623/14862
f 2240/14863 2632/14864 2239/14865
f 87/14866 2018/14867 2632/14868
f 2018/14869 430/14870 2241/14871
f 2632/14872 2241/14873 265/14874
f 81/14875 2234/14876 2633/14877
f 2633/14878 2242/14879 265/14880
f 2015/14881 2633/14882 2241/14883
f 420/14884 1320/14885 2242/14886
f 1320/14887 623/14888 265/14889
f 2243/14890 2244/14891 1365/14892
f 2245/14893 2634/14894 2244/14895
f 93/14896 2023/14897 2634/14898
f 2023/14899 440/14900 2246/14901
f 2634/14902 2246/14903 266/14904
f 87/14905 2240/14906 2635/14907
f 2240/14908 2238/14909 2247/14910
f 2635/14911 2247/14912 266/14913
f 2020/14914 2635/14915 2246/14916
f 429/14917 1367/14918 2247/14919
f 2247/14920 1367/14921 266/14922
f 302/14923 2248/14924 1414/14925
f 1414/14926 2248/14927 267/14928
f 1950/14929 2028/14930 2248/14931
f 2028/14932 448/14933 2249/14934
f 2248/14935 2249/14936 267/14937
f 93/14938 2245/14939 2250/14940
f 2245/14941 2243/14942 2250/14943
f 2025/14944 2250/14945 2249/14946
f 2243/14947 439/14948 1417/14949
f 1417/14950 624/14951 267/14952
f 2350/14953 2252/14954 681/14955
f 2251/14956 681/14957 303/14958
f 305/14959 2253/14960 684/14961
f 2253/14962 268/14963 303/14964
f 2351/14965 2255/14966 741/14967
f 2254/14968 741/14969 316/14970
f 2350/14971 2256/14972 743/14973
f 2256/14974 269/14975 316/14976
f 2352/14977 2258/14978 789/14979
f 2257/14980 789/14981 327/14982
f 2351/14983 2259/14984 791/14985
f 2259/14986 270/14987 327/14988
f 2353/14989 2261/14990 839/14991
f 2260/14992 839/14993 336/14994
f 2352/14995 2262/14996 841/14997
f 2262/14998 271/14999 336/15000
f 2354/15001 2264/15002 886/15003
f 2263/15004 886/15005 346/15006
f 2353/15007 2265/15008 888/15009
f 2265/15010 272/15011 346/15012
f 2355/15013 2267/15014 936/15015
f 2266/15016 936/15017 355/15018
f 2354/15019 2268/15020 938/15021
f 2268/15022 273/15023 355/15024
f 2356/15025 2270/15026 983/15027
f 2269/15028 983/15029 365/15030
f 2355/15031 2271/15032 985/15033
f 2271/15034 274/15035 365/15036
f 2357/15037 2273/15038 1033/15039
f 2272/15040 1033/15041 374/15042
f 2356/15043 2274/15044 1035/15045
f 2274/15046 275/15047 374/15048
f 2358/15049 2276/15050 1081/15051
f 2275/15052 1081/15053 384/15054
f 2357/15055 2277/15056 1083/15057
f 2277/15058 276/15059 384/15060
f 2359/15061 2279/15062 1130/15063
f 2278/15064 1130/15065 393/15066
f 2358/15067 2280/15068 1132/15069
f 2280/15070 277/15071 393/15072
f 2360/15073 2282/15074 1176/15075
f 2281/15076 1176/15077 403/15078
f 2359/15079 2283/15080 1178/15081
f 2283/15082 278/15083 403/15084
f 2361/15085 2285/15086 1226/15087
f 2284/15088 1226/15089 412/15090
f 2360/15091 2286/15092 1228/15093
f 2286/15094 279/15095 412/15096
f 2362/15097 2288/15098 1274/15099
f 2287/15100 1274/15101 422/15102
f 2361/15103 2289/15104 1276/15105
f 2289/15106 280/15107 422/15108
f 2363/15109 2291/15110 1324/15111
f 2290/15112 1324/15113 431/15114
f 2362/15115 2292/15116 1326/15117
f 2292/15118 281/15119 431/15120
f 2364/15121 2294/15122 1371/15123
f 2293/15124 1371/15125 441/15126
f 2363/15127 2295/15128 1373/15129
f 2295/15130 282/15131 441/15132
f 305/15133 1/15134 1420/15135
f 2296/15136 1420/15137 449/15138
f 2364/15139 2297/15140 1422/15141
f 2297/15142 283/15143 449/15144
f 158/15145 5/15146 675/15147
f 2636/15148 675/15149 674/15150
f 2298/15151 2636/15152 2299/15153
f 2300/15154 2637/15155 678/15156
f 2300/15157 2301/15158 2637/15159
f 2637/15160 2299/15161 674/15162
f 2301/15163 626/15164 2299/15165
f 157/15166 11/15167 736/15168
f 2638/15169 736/15170 735/15171
f 2302/15172 2638/15173 2303/15174
f 158/15175 2639/15176 738/15177
f 158/15178 2304/15179 2639/15180
f 2639/15181 2303/15182 735/15183
f 2304/15184 627/15185 2303/15186
f 156/15187 17/15188 784/15189
f 2640/15190 784/15191 783/15192
f 2305/15193 2640/15194 2306/15195
f 157/15196 2641/15197 786/15198
f 157/15199 2307/15200 2641/15201
f 2641/15202 2306/15203 783/15204
f 2307/15205 628/15206 2306/15207
f 170/15208 23/15209 834/15210
f 2642/15211 834/15212 833/15213
f 2308/15214 2642/15215 2309/15216
f 156/15217 2643/15218 836/15219
f 156/15220 2310/15221 2643/15222
f 2643/15223 2309/15224 833/15225
f 2310/15226 629/15227 2309/15228
f 169/15229 30/15230 881/15231
f 2644/15232 881/15233 198/15234
f 2311/15235 2644/15236 2312/15237
f 170/15238 2645/15239 883/15240
f 170/15241 2313/15242 2645/15243
f 2645/15244 2312/15245 198/15246
f 2313/15247 630/15248 2312/15249
f 168/15250 37/15251 931/15252
f 2646/15253 931/15254 930/15255
f 2314/15256 2646/15257 2315/15258
f 169/15259 2647/15260 933/15261
f 169/15262 2316/15263 2647/15264
f 2647/15265 2315/15266 930/15267
f 2316/15268 631/15269 2315/15270
f 167/15271 43/15272 978/15273
f 2648/15274 978/15275 977/15276
f 2317/15277 2648/15278 2318/15279
f 168/15280 2649/15281 980/15282
f 168/15283 2319/15284 2649/15285
f 2649/15286 2318/15287 977/15288
f 2319/15289 632/15290 2318/15291
f 1032/15292 2320/15293 2322/15294
f 166/15295 2321/15296 2320/15297
f 2321/15298 49/15299 1028/15300
f 2320/15301 1028/15302 1027/15303
f 167/15304 2650/15305 1030/15306
f 167/15307 2323/15308 2650/15309
f 2650/15310 2322/15311 1027/15312
f 2323/15313 633/15314 2322/15315
f 165/15316 56/15317 1076/15318
f 2651/15319 1076/15320 1075/15321
f 2324/15322 2651/15323 2325/15324
f 2321/15325 2652/15326 1078/15327
f 166/15328 2326/15329 2652/15330
f 2652/15331 2325/15332 1075/15333
f 2326/15334 634/15335 2325/15336
f 164/15337 63/15338 1125/15339
f 2653/15340 1125/15341 214/15342
f 2327/15343 2653/15344 2328/15345
f 165/15346 2654/15347 1127/15348
f 165/15349 2329/15350 2654/15351
f 2654/15352 2328/15353 214/15354
f 2329/15355 635/15356 2328/15357
f 163/15358 2331/15359 2655/15360
f 2331/15361 69/15362 1171/15363
f 2655/15364 1171/15365 218/15366
f 2330/15367 2655/15368 2332/15369
f 164/15370 2656/15371 1173/15372
f 164/15373 2333/15374 2656/15375
f 2656/15376 2332/15377 218/15378
f 2333/15379 636/15380 2332/15381
f 162/15382 2335/15383 2657/15384
f 2335/15385 75/15386 1221/15387
f 2657/15388 1221/15389 1220/15390
f 2334/15391 2657/15392 2336/15393
f 2331/15394 2337/15395 1223/15396
f 2337/15397 2336/15398 1220/15399
f 163/15400 1227/15401 2337/15402
f 1227/15403 637/15404 2336/15405
f 161/15406 82/15407 1269/15408
f 2658/15409 1269/15410 1268/15411
f 2338/15412 2658/15413 2339/15414
f 2335/15415 2340/15416 1271/15417
f 2340/15418 2339/15419 1268/15420
f 162/15421 1275/15422 2340/15423
f 1275/15424 638/15425 2339/15426
f 160/15427 88/15428 1319/15429
f 2659/15430 1319/15431 1318/15432
f 2341/15433 2659/15434 2342/15435
f 161/15436 2660/15437 1321/15438
f 161/15439 2343/15440 2660/15441
f 2660/15442 2342/15443 1318/15444
f 2343/15445 639/15446 2342/15447
f 159/15448 94/15449 1366/15450
f 2661/15451 1366/15452 231/15453
f 2344/15454 2661/15455 2345/15456
f 160/15457 2662/15458 1368/15459
f 160/15460 2346/15461 2662/15462
f 2662/15463 2345/15464 231/15465
f 2346/15466 640/15467 2345/15468
f 2300/15469 677/15470 1416/15471
f 2663/15472 1416/15473 1415/15474
f 2347/15475 2663/15476 2348/15477
f 159/15478 2664/15479 1418/15480
f 159/15481 2349/15482 2664/15483
f 2664/15484 2348/15485 1415/15486
f 2349/15487 641/15488 2348/15489
f 304/15490 2350/15491 2251/15492
f 685/15493 2251/15494 268/15495
f 625/15496 688/15497 2253/15498
f 688/15499 284/15500 268/15501
f 317/15502 2351/15503 2254/15504
f 744/15505 2254/15506 269/15507
f 304/15508 747/15509 2256/15510
f 747/15511 285/15512 269/15513
f 328/15514 2352/15515 2257/15516
f 792/15517 2257/15518 270/15519
f 317/15520 795/15521 2259/15522
f 795/15523 286/15524 270/15525
f 337/15526 2353/15527 2260/15528
f 842/15529 2260/15530 271/15531
f 328/15532 845/15533 2262/15534
f 845/15535 287/15536 271/15537
f 347/15538 2354/15539 2263/15540
f 889/15541 2263/15542 272/15543
f 337/15544 892/15545 2265/15546
f 892/15547 288/15548 272/15549
f 356/15550 2355/15551 2266/15552
f 939/15553 2266/15554 273/15555
f 347/15556 942/15557 2268/15558
f 942/15559 289/15560 273/15561
f 366/15562 2356/15563 2269/15564
f 986/15565 2269/15566 274/15567
f 356/15568 989/15569 2271/15570
f 989/15571 290/15572 274/15573
f 375/15574 2357/15575 2272/15576
f 1036/15577 2272/15578 275/15579
f 366/15580 1039/15581 2274/15582
f 1039/15583 291/15584 275/15585
f 385/15586 2358/15587 2275/15588
f 1084/15589 2275/15590 276/15591
f 375/15592 1087/15593 2277/15594
f 1087/15595 292/15596 276/15597
f 394/15598 2359/15599 2278/15600
f 1133/15601 2278/15602 277/15603
f 385/15604 1136/15605 2280/15606
f 1136/15607 293/15608 277/15609
f 404/15610 2360/15611 2281/15612
f 1179/15613 2281/15614 278/15615
f 394/15616 1182/15617 2283/15618
f 1182/15619 294/15620 278/15621
f 413/15622 2361/15623 2284/15624
f 1229/15625 2284/15626 279/15627
f 404/15628 1232/15629 2286/15630
f 1232/15631 295/15632 279/15633
f 423/15634 2362/15635 2287/15636
f 1277/15637 2287/15638 280/15639
f 413/15640 1280/15641 2289/15642
f 1280/15643 296/15644 280/15645
f 432/15646 2363/15647 2290/15648
f 1327/15649 2290/15650 281/15651
f 423/15652 1330/15653 2292/15654
f 1330/15655 297/15656 281/15657
f 442/15658 2364/15659 2293/15660
f 1374/15661 2293/15662 282/15663
f 432/15664 1377/15665 2295/15666
f 1377/15667 298/15668 282/15669
f 625/15670 305/15671 2296/15672
f 1423/15673 2296/15674 283/15675
f 442/15676 1426/15677 2297/15678
f 1426/15679 299/15680 283/15681
f 173/15682 644/15683 709/15684
f 712/15685 709/15686 188/15687
f 2366/15688 713/15689 711/15690
f 713/15691 2365/15692 188/15693
f 172/15694 643/15695 764/15696
f 767/15697 764/15698 191/15699
f 173/15700 768/15701 766/15702
f 768/15703 2367/15704 191/15705
f 171/15706 642/15707 812/15708
f 815/15709 812/15710 194/15711
f 172/15712 816/15713 814/15714
f 816/15715 2368/15716 194/15717
f 185/15718 656/15719 862/15720
f 865/15721 862/15722 197/15723
f 171/15724 866/15725 864/15726
f 866/15727 2369/15728 197/15729
f 184/15730 655/15731 909/15732
f 912/15733 909/15734 201/15735
f 185/15736 913/15737 911/15738
f 913/15739 2370/15740 201/15741
f 183/15742 654/15743 959/15744
f 962/15745 959/15746 204/15747
f 184/15748 963/15749 961/15750
f 963/15751 2371/15752 204/15753
f 182/15754 653/15755 1006/15756
f 1009/15757 1006/15758 207/15759
f 183/15760 1010/15761 1008/15762
f 1010/15763 2372/15764 207/15765
f 181/15766 652/15767 1056/15768
f 1059/15769 1056/15770 210/15771
f 182/15772 1060/15773 1058/15774
f 1060/15775 2373/15776 210/15777
f 180/15778 651/15779 1104/15780
f 1107/15781 1104/15782 213/15783
f 181/15784 1108/15785 1106/15786
f 1108/15787 2374/15788 213/15789
f 179/15790 650/15791 1153/15792
f 1156/15793 1153/15794 217/15795
f 180/15796 1157/15797 1155/15798
f 1157/15799 2375/15800 217/15801
f 178/15802 649/15803 1199/15804
f 1202/15805 1199/15806 221/15807
f 179/15808 1203/15809 1201/15810
f 1203/15811 2376/15812 221/15813
f 177/15814 648/15815 1249/15816
f 1252/15817 1249/15818 224/15819
f 178/15820 1253/15821 1251/15822
f 1253/15823 2377/15824 224/15825
f 176/15826 647/15827 1297/15828
f 1300/15829 1297/15830 227/15831
f 177/15832 1301/15833 1299/15834
f 1301/15835 2378/15836 227/15837
f 175/15838 646/15839 1347/15840
f 1350/15841 1347/15842 230/15843
f 176/15844 1351/15845 1349/15846
f 1351/15847 2379/15848 230/15849
f 174/15850 645/15851 1394/15852
f 1397/15853 1394/15854 234/15855
f 175/15856 1398/15857 1396/15858
f 1398/15859 2380/15860 234/15861
f 2366/15862 311/15863 1439/15864
f 1441/15865 1439/15866 237/15867
f 174/15868 1442/15869 1440/15870
f 1442/15871 2381/15872 237/15873
f 713/15874 657/15875 2365/15876
f 768/15877 658/15878 2367/15879
f 816/15880 659/15881 2368/15882
f 866/15883 660/15884 2369/15885
f 913/15886 661/15887 2370/15888
f 963/15889 662/15890 2371/15891
f 1010/15892 663/15893 2372/15894
f 1060/15895 664/15896 2373/15897
f 1108/15898 665/15899 2374/15900
f 1157/15901 666/15902 2375/15903
f 1203/15904 667/15905 2376/15906
f 1253/15907 668/15908 2377/15909
f 1301/15910 669/15911 2378/15912
f 1351/15913 670/15914 2379/15915
f 1398/15916 671/15917 2380/15918
f 1442/15919 672/15920 2381/15921
f 829/15922 780/15923 324/15924
f 1120/15925 1455/15926 61/15927
f 1314/15928 452/15929 1313/15930
f 729/15931 324/15932 780/15933
f 1363/15934 452/15935 1411/15936
f 1525/15937 1556/15938 1526/15939
f 1648/15940 1678/15941 1649/15942
f 1767/15943 1798/15944 1768/15945
f 1889/15946 1920/15947 1890/15948
f 925/15949 926/15950 1459/15951
f 1120/15952 1121/15953 1455/15954
f 1314/15955 1457/15956 452/15957
f 729/15958 1460/15959 324/15960
f 1525/15961 1554/15962 1556/15963
f 1648/15964 1676/15965 1678/15966
f 1767/15967 1796/15968 1798/15969
f 1889/15970 1918/15971 1920/15972
