o Blender002_Lid001
v -0.026975 0.0513355 0.192049
v -0.05118 0.0385645 0.192049
v -0.059063 0.0267025 0.192049
v -0.042703 -0.0018675 0.185815
v -0.030081 -0.0125125 0.185851
v -0.052493 -0.0119855 0.192042
v -0.05935 0.0042765 0.192033
v -0.059752 0.0090915 0.192048
v -0.009496 -0.0111415 0.185826
v -0.007055 -0.0096225 0.18582
v -0.00308 -0.0062395 0.185834
v 0.000697 -0.0011035 0.185851
v -0.020578 -0.0140755 0.185831
v -0.005257 -0.0082955 0.185839
v -0.012753 -0.0125935 0.185827
v -0.04476 0.0192375 0.185818
v -0.059753 0.0148855 0.192039
v -0.05874 0.0204565 0.192039
v -0.043908 0.0422995 0.19204
v -0.037252 0.0461555 0.192042
v -0.023398 0.0495225 0.192043
v -0.051771 0.0346645 0.192042
v 0.01411 -0.0094705 0.192048
v 0.008311 -0.0171065 0.192048
v 0.000671 -0.0235525 0.192048
v -0.003146 -0.0232755 0.192032
v 0.012131 0.0304585 0.192042
v 0.01738 0.0128905 0.192039
v 0.015242 -0.0038995 0.192049
v 0.002958 0.0046075 0.185856
v 0.003594 0.0104275 0.185752
v 0.003674 0.0129225 0.185856
v 0.002334 0.0191645 0.185839
v 0.000885 0.0221365 0.185745
v -0.000169 0.0239995 0.185737
v -0.001881 0.0267285 0.18586
v -0.013268 0.0345175 0.185815
v 0.016726 0.0184215 0.192042
v -0.019135 0.0495415 0.192041
v -0.012847 0.0486735 0.192042
v -0.000358 0.0434945 0.192041
v 0.004383 0.0398705 0.192041
v 0.012271 -0.0081825 0.192032
v 0.014674 -0.0035415 0.192044
v 0.016259 0.0013865 0.192042
v 0.017302 0.0072455 0.192042
v 0.014798 0.0250325 0.192041
v 0.008557 0.0356095 0.192043
v -0.006618 0.0467305 0.192041
v 0.009722 -0.0122605 0.192029
v -0.026614 -0.0274745 0.192044
v -0.021204 -0.0277995 0.19204
v -0.007589 -0.0253105 0.192037
v 0.005999 -0.0163975 0.192048
v -0.016854 -0.0275555 0.192041
v 0.001002 -0.0207485 0.19203
v -0.012259 -0.0267495 0.192042
v -0.048167 -0.0169515 0.192039
v -0.038734 -0.0236475 0.192041
v -0.033635 -0.0257895 0.192039
v -0.059924 -0.0027505 0.192047
v -0.062053 0.0117015 0.192049
v -0.04351 -0.0207825 0.192039
v -0.055817 -0.0065665 0.192042
v -0.057921 -0.0007455 0.192081
v -0.057358 0.0248035 0.192044
v -0.055078 0.0297555 0.192043
v -0.029774 0.0486745 0.19204
v -0.027417 -0.0133305 0.185841
v -0.02401 -0.0139835 0.185855
v -0.020646 -0.0139335 0.185561
v -0.01687 -0.0137105 0.185832
v -0.017587 -0.0136535 0.18555
v -0.015425 -0.0132345 0.185617
v -0.013518 -0.0126925 0.185567
v -0.010917 -0.0116745 0.185529
v -0.008122 -0.0101815 0.185617
v -0.005349 -0.0081815 0.185614
v -0.003126 -0.0060555 0.185532
v -0.001056 -0.0039055 0.18587
v -0.001199 -0.0037455 0.185614
v -0.024233 -0.0137655 0.185614
v 0.000556 -0.0009815 0.185624
v 0.00206 0.0018175 0.185855
v 0.001817 0.0017395 0.185608
v 0.002665 0.0042725 0.185602
v 0.003506 0.0073975 0.18585
v 0.003106 0.0061795 0.185607
v 0.003463 0.0085785 0.185622
v 0.003504 0.0126005 0.185612
v 0.003287 0.0157065 0.185856
v 0.003167 0.0152805 0.1856
v 0.002739 0.0171925 0.185606
v -0.00147 0.0258505 0.185611
v -0.006398 0.0307765 0.185619
v -0.008968 0.0324375 0.185595
v -0.010991 0.0334755 0.185615
v -0.013165 0.0343315 0.185541
v -0.018267 0.0356715 0.185823
v -0.00485 0.0297255 0.185819
v -0.007907 0.0319555 0.185816
v -0.010365 0.0334055 0.185855
v -0.015589 0.0350605 0.185727
v -0.019453 0.0356295 0.185612
v -0.017225 0.0353545 0.185543
v -0.003538 0.0282765 0.185592
v -0.021314 0.0358295 0.185825
v -0.02369 0.0357135 0.185816
v -0.022114 0.0356745 0.185534
v -0.024978 0.0354175 0.185592
v -0.027829 0.0348185 0.185625
v -0.029227 0.0343775 0.185551
v -0.030427 0.0341035 0.185821
v -0.03202 0.0332395 0.185544
v -0.035937 0.0308825 0.185542
v -0.037522 0.0298225 0.185828
v -0.03784 0.0293285 0.185608
v -0.039666 0.0277175 0.185817
v -0.039387 0.0278185 0.185558
v -0.040952 0.0261935 0.185822
v -0.042392 0.0241415 0.185817
v -0.042871 0.0230585 0.185545
v -0.04385 0.0216015 0.185855
v -0.043659 0.0215455 0.185613
v -0.044561 0.0193795 0.185552
v -0.045721 0.0161015 0.185851
v -0.045374 0.0167265 0.185616
v -0.045857 0.0140845 0.185553
v -0.026818 0.0352665 0.185855
v -0.033633 0.0325475 0.185815
v -0.04603 0.0137915 0.185817
v -0.035223 0.0314615 0.185762
v -0.046185 0.0116705 0.185819
v -0.04616 0.0093895 0.185815
v -0.045919 0.0081825 0.185543
v -0.04583 0.0062685 0.18585
v -0.045627 0.0062405 0.18561
v -0.045079 0.0039245 0.185621
v -0.045147 0.0034965 0.185853
v -0.044621 0.0025455 0.185552
v -0.044118 0.0007475 0.185854
v -0.043872 0.0006885 0.185607
v -0.042758 -0.0015005 0.185547
v -0.040595 -0.0048965 0.185815
v -0.040752 -0.0044805 0.185536
v -0.037948 -0.0076705 0.18582
v -0.035102 -0.0099575 0.185852
v -0.036546 -0.0086665 0.185577
v -0.034482 -0.0101165 0.185601
v -0.032414 -0.0114305 0.185817
v -0.032412 -0.0112715 0.185544
v -0.03018 -0.0122785 0.18562
v -0.038687 -0.0067635 0.185546
v -0.046059 0.0112295 0.185546
v -0.045788 0.0120095 0.178867
v 0.001084 0.0210485 0.178854
v -0.041861 -0.0022265 0.178833
v -0.027428 -0.0131515 0.185591
v 0.001959 0.0196905 0.185611
v -0.041351 0.0254355 0.185543
v -0.03782 -0.0075685 0.179239
v -0.035965 -0.0090605 0.179205
v -0.034124 -0.0102845 0.179114
v -0.028752 -0.0127505 0.179234
v -0.020625 -0.0139075 0.179214
v -0.013433 -0.0126395 0.179187
v -0.004199 -0.0071185 0.179213
v -0.002706 -0.0055525 0.179179
v -0.001206 -0.0037145 0.179222
v 0.000349 -0.0012895 0.179201
v 0.001919 0.0197035 0.179199
v 0.000619 0.0225725 0.179213
v -0.013189 0.0343235 0.179197
v -0.01905 0.0355745 0.179175
v -0.024225 0.0355075 0.179236
v -0.038933 0.0282105 0.179073
v -0.045294 0.0155965 0.178831
v -0.044699 0.0182365 0.178895
v -0.0437 0.0209115 0.178901
v -0.042378 0.0233735 0.178856
v -0.0426 0.0234975 0.17921
v -0.04119 0.0255705 0.179078
v -0.040307 0.0261795 0.178836
v -0.040156 0.0269205 0.1792
v -0.03748 0.0293345 0.178879
v -0.034844 0.0311885 0.178833
v -0.03498 0.0314995 0.1791
v -0.032189 0.0328865 0.178895
v -0.029941 0.0338215 0.178855
v -0.027685 0.0348325 0.179188
v -0.026403 0.0349575 0.178914
v -0.024214 0.0351525 0.178834
v -0.022026 0.0354835 0.178904
v -0.02182 0.0356595 0.179186
v -0.017284 0.0352575 0.178985
v -0.016923 0.0349655 0.178829
v -0.01354 0.0342135 0.178892
v -0.011234 0.0335275 0.179071
v -0.00955 0.0323435 0.178834
v -0.008998 0.0324045 0.17909
v -0.007051 0.0312035 0.179205
v -0.006226 0.0303065 0.178872
v -0.002168 0.0266995 0.179135
v -0.003582 0.0278975 0.178856
v -0.000512 0.0243995 0.179072
v -0.000795 0.0242405 0.178835
v 0.002387 0.0175895 0.178879
v 0.002783 0.0169505 0.179199
v 0.003125 0.0151935 0.179072
v 0.003154 0.0131855 0.178845
v 0.003472 0.0126875 0.179204
v 0.003389 0.0093025 0.178986
v 0.00318 0.0093135 0.178847
v 0.003503 0.0093025 0.179201
v 0.002654 0.0054315 0.178848
v 0.003023 0.0058395 0.179204
v 0.00192 0.0027065 0.178894
v 0.002209 0.0028685 0.179194
v 0.001335 0.0006855 0.179202
v 0.000846 0.0002325 0.178854
v -0.001267 -0.0036385 0.178987
v -0.001617 -0.0037235 0.178834
v -0.00428 -0.0069305 0.178908
v -0.006689 -0.0088675 0.178862
v -0.009087 -0.0104705 0.178894
v -0.010679 -0.0115495 0.179209
v -0.011692 -0.0116845 0.178835
v -0.015181 -0.0131215 0.179074
v -0.014796 -0.0126815 0.178835
v -0.018126 -0.0134585 0.178856
v -0.017715 -0.0136635 0.179214
v -0.021409 -0.0136885 0.178881
v -0.024363 -0.0135895 0.178956
v -0.023951 -0.0137715 0.179189
v -0.025157 -0.0132415 0.178838
v -0.026799 -0.0132745 0.179194
v -0.028086 -0.0127055 0.178872
v -0.030799 -0.0119965 0.17922
v -0.031153 -0.0115475 0.178855
v -0.032605 -0.0111345 0.179119
v -0.038846 -0.0065565 0.179078
v -0.036062 -0.0086065 0.178834
v -0.039748 -0.0051625 0.178849
v -0.041148 -0.0037605 0.178986
v -0.042046 -0.0026085 0.179185
v -0.043303 5.35e-05 0.178882
v -0.043536 6.5e-06 0.17919
v -0.044523 0.0027145 0.178957
v -0.044568 0.0035835 0.178838
v -0.045725 0.0074015 0.179004
v -0.045506 0.0074735 0.178846
v -0.045888 0.0137055 0.179211
v -0.045364 0.0166535 0.179193
v -0.044484 0.0195465 0.179204
v -0.043565 0.0216735 0.179202
v -0.037125 0.0299265 0.1792
v -0.033189 0.0326125 0.179229
v -0.030851 0.0337405 0.179195
v -0.015811 0.0350735 0.179192
v -0.004616 0.0292695 0.179203
v -0.006256 -0.0088525 0.179188
v -0.007998 -0.0100765 0.179229
v -0.04077 -0.0044205 0.179214
v -0.044617 0.0026395 0.179178
v -0.045367 0.0050475 0.179246
v -0.045927 0.0084375 0.179205
v -0.046047 0.0109035 0.179197
v 0.028893 0.0665075 0.18676
v 0.024456 0.0549375 0.189736
v 0.028707 0.0500475 0.189735
v 0.032446 0.0447355 0.189735
v 0.036266 0.0377925 0.189738
v 0.0421 0.0060905 0.189725
v 0.036892 -0.0147895 0.189736
v 0.031387 -0.0246315 0.189738
v 0.026666 -0.0307995 0.18973
v 0.021965 -0.0356185 0.189736
v 0.014424 -0.0417205 0.189736
v -0.017451 -0.0525585 0.189735
v -0.041139 -0.0494935 0.189733
v -0.052695 -0.0444125 0.189727
v -0.060453 -0.0390435 0.189737
v 0.004691 0.0811875 0.18676
v -0.021738 0.0858905 0.186754
v -0.009209 0.0848385 0.18676
v 0.018203 0.0746085 0.186759
v -0.050637 0.0798255 0.18676
v -0.063883 0.0725295 0.18676
v -0.072793 0.0651665 0.186759
v 0.046137 0.0436775 0.18676
v 0.038123 0.0566295 0.186758
v 0.0531 0.0200215 0.186759
v 0.050577 0.0322035 0.18675
v -0.079405 0.0580795 0.186759
v -0.084924 0.0502405 0.186759
v -0.090197 0.0402665 0.18676
v -0.093716 0.0296895 0.186763
v -0.095692 0.0194495 0.186759
v -0.093751 -0.0080835 0.186759
v -0.09119 -0.0162455 0.186755
v -0.084992 -0.0285515 0.18676
v -0.075609 -0.0407335 0.186758
v 0.051993 -0.0045265 0.18676
v 0.049997 -0.0121185 0.186755
v 0.053506 0.0057925 0.186759
v 0.035621 -0.0377865 0.186759
v 0.047625 -0.0184235 0.186759
v 0.042474 -0.0285695 0.18676
v -0.066911 -0.0484355 0.186759
v -0.052996 -0.0570515 0.186755
v -0.029826 -0.0635565 0.186759
v 0.011547 -0.0565105 0.186759
v 0.028893 -0.0447445 0.18676
v 0.021321 -0.0506875 0.186759
v -0.016099 -0.0638655 0.18676
v -0.002285 -0.0616145 0.18676
v -0.076097 0.0042865 0.19073
v -0.067537 0.0055065 0.191576
v -0.073458 -0.0145355 0.190407
v -0.073168 -0.0055225 0.190823
v -0.067223 -0.0243545 0.190424
v -0.063093 -0.0149125 0.191347
v -0.059051 -0.0330145 0.190424
v -0.056428 -0.0232485 0.191363
v -0.046566 -0.0409865 0.190463
v -0.048531 -0.0299915 0.191352
v -0.039726 -0.0347845 0.191346
v -0.034225 -0.0429475 0.190714
v -0.026529 -0.0352415 0.191582
v -0.025236 -0.0443835 0.190714
v -0.015196 -0.0443715 0.190694
v -0.015848 -0.0354735 0.191569
v 0.004163 -0.0413235 0.190407
v -0.00485 -0.0410355 0.190823
v 0.013983 -0.0350885 0.190424
v 0.005087 -0.0302725 0.191377
v 0.01716 -0.0281225 0.190785
v 0.024455 -0.0211835 0.190666
v 0.015607 -0.0173215 0.191606
v 0.028446 -0.0119855 0.190791
v 0.022788 -0.0039595 0.191583
v 0.03645 0.0053805 0.190422
v 0.032177 -0.0035295 0.190719
v 0.028006 0.0067155 0.19132
v 0.036205 0.0175285 0.190432
v 0.027665 0.0148305 0.191351
v 0.018484 0.0211195 0.192044
v 0.030951 0.0362985 0.190407
v 0.030662 0.0272845 0.190823
v 0.024716 0.0461175 0.190424
v 0.021566 0.0348575 0.191358
v 0.01775 0.0492945 0.190785
v 0.010812 0.0565885 0.190666
v 0.012276 0.0429885 0.191594
v 0.001613 0.0605805 0.190791
v -0.000908 0.0525525 0.191606
v -0.006844 0.0643135 0.190719
v -0.014661 0.0569075 0.19158
v -0.016321 0.0663985 0.190681
v -0.02731 0.0661335 0.190694
v -0.026651 0.0572035 0.191572
v -0.04667 0.0630865 0.190407
v -0.037657 0.0627975 0.190823
v -0.037301 0.0544555 0.191582
v -0.05649 0.0568505 0.190424
v -0.047649 0.0520855 0.191369
v -0.059666 0.0498845 0.190785
v -0.06898 0.0439205 0.190409
v -0.055691 0.0419985 0.191588
v -0.062315 0.0382425 0.191332
v -0.070952 0.0337475 0.190791
v -0.065328 0.0258105 0.191577
v -0.079074 0.0150645 0.190428
v -0.074684 0.0252915 0.190719
v -0.070445 0.0151545 0.191326
v 0.041761 0.0185525 0.189738
v -0.054154 0.0652685 0.189735
v -0.081627 0.0307685 0.189733
v -0.084138 0.0198745 0.189734
v -0.072911 -0.0260735 0.189735
v -0.041042 0.0466665 0.192049
v -0.011006 0.0505585 0.192048
v 0.013432 0.0325075 0.192049
v 0.019483 0.0105055 0.192048
v 0.018293 0.0009815 0.192048
v -0.007981 -0.0278735 0.192046
v -0.02065 -0.0299175 0.192048
v -0.046427 -0.0212015 0.192048
v 0.042188 0.0128555 0.189738
v -0.080501 -0.0120175 0.189735
v -0.077157 -0.0192055 0.189735
v -0.066669 -0.0335305 0.189735
v -0.029356 -0.0521515 0.189735
v 0.040734 -0.0031385 0.189735
v 0.004473 -0.0471785 0.189738
v -0.005624 -0.0507205 0.189735
v -0.083655 -0.0016235 0.189715
v 0.040042 0.0276625 0.189735
v 0.019746 0.0593505 0.189735
v 0.014588 0.0632835 0.189734
v 0.009051 0.0666695 0.189734
v -0.008381 0.0731135 0.189735
v -0.019514 0.0743945 0.189735
v -0.031003 0.0736815 0.189735
v -0.042753 0.0706985 0.189734
v -0.064522 0.0574535 0.189735
v -0.076546 0.0423235 0.189727
v -0.084718 0.0095005 0.189748
v 0.001877 0.0700365 0.189735
v -0.071178 0.0500815 0.189737
v -0.053816 -0.0136405 0.192048
v -0.034516 -0.0278695 0.192049
v 0.003442 0.0434555 0.192049
v 0.041426 0.0108785 0.174844
v 0.041465 0.0065415 0.174782
v 0.040599 0.0005845 0.17484
v 0.03919 -0.0049795 0.175139
v 0.039347 -0.0052235 0.174841
v 0.037156 -0.0113615 0.175042
v 0.035775 -0.0146435 0.175142
v 0.032131 -0.0216205 0.175122
v 0.033917 -0.0185085 0.175039
v 0.031128 -0.0235385 0.174842
v 0.028234 -0.0274985 0.17492
v 0.028731 -0.0272495 0.174783
v 0.02622 -0.0297575 0.175143
v 0.023592 -0.0326545 0.175044
v 0.023397 -0.0333915 0.174784
v 0.020609 -0.0357835 0.17484
v 0.017703 -0.0380025 0.175041
v 0.013157 -0.0415055 0.174843
v 0.007443 -0.0450085 0.174796
v 0.001071 -0.0474965 0.175042
v 0.001735 -0.0476505 0.174783
v -0.005152 -0.0497195 0.174841
v -0.010945 -0.0510685 0.174804
v -0.014698 -0.0512915 0.175027
v -0.01664 -0.0518025 0.174784
v -0.019783 -0.0517125 0.174931
v -0.030192 -0.0509565 0.175124
v -0.028595 -0.0513905 0.174841
v -0.033001 -0.0506855 0.174843
v -0.037355 -0.0497185 0.174841
v -0.046778 -0.0461465 0.175142
v -0.052422 -0.0432685 0.175137
v -0.050643 -0.0442885 0.175039
v -0.049841 -0.0450695 0.174793
v -0.055334 -0.0414995 0.175054
v -0.059629 -0.0387105 0.17484
v -0.063116 -0.0357835 0.17484
v -0.068425 -0.0301195 0.175143
v -0.066706 -0.0323195 0.174841
v -0.070845 -0.0274935 0.174841
v -0.073641 -0.0235265 0.174843
v -0.076169 -0.0193895 0.17484
v -0.078211 -0.0153095 0.174839
v -0.079631 -0.0114435 0.175043
v -0.080464 -0.0102145 0.174784
v -0.081856 -0.0052145 0.174841
v -0.082824 -0.0008515 0.174843
v -0.082963 -0.0018575 0.174771
v -0.083873 0.0052725 0.174784
v -0.083847 0.0094115 0.174931
v -0.08369 0.0135655 0.175045
v -0.083425 0.0173745 0.175035
v -0.083687 0.0181485 0.174783
v -0.08282 0.0226365 0.174843
v -0.081817 0.0263085 0.175129
v -0.081855 0.0269805 0.174841
v -0.080033 0.0321205 0.175142
v -0.080065 0.0326335 0.174841
v -0.078594 0.0370915 0.174771
v -0.077634 0.0378505 0.175142
v -0.078204 0.0370845 0.17484
v -0.076169 0.0411495 0.174841
v -0.073701 0.0453145 0.174795
v -0.070842 0.0492605 0.174841
v -0.067635 0.0536225 0.174771
v -0.066703 0.0540845 0.174841
v -0.063112 0.0575485 0.17484
v -0.060086 0.0598515 0.175049
v -0.058932 0.0612295 0.174784
v -0.055664 0.0632685 0.174843
v -0.049969 0.0667675 0.174792
v -0.043101 0.0698345 0.174783
v -0.038245 0.0710095 0.175124
v -0.037349 0.0714835 0.174841
v -0.032993 0.0724505 0.174843
v -0.034584 0.0724525 0.174771
v -0.028441 0.0729565 0.175139
v -0.028593 0.0731525 0.174841
v -0.022725 0.0735685 0.174841
v -0.013574 0.0729045 0.175127
v -0.014 0.0730835 0.174919
v -0.015657 0.0735025 0.174784
v -0.005154 0.0714825 0.174841
v 0.000835 0.0693485 0.175139
v 0.000502 0.0696915 0.174841
v 0.008246 0.0659785 0.175049
v 0.007601 0.0667055 0.174792
v 0.013159 0.0632665 0.174843
v 0.017661 0.0598075 0.175033
v 0.017185 0.0606335 0.174783
v 0.020613 0.0575425 0.17484
v 0.025376 0.0524745 0.175126
v 0.0242 0.0540815 0.174841
v 0.028338 0.0492575 0.17484
v 0.033107 0.0425295 0.174784
v 0.036273 0.0352935 0.175149
v 0.035701 0.0370765 0.17484
v 0.037584 0.0327215 0.1748
v 0.039349 0.0269805 0.17484
v 0.040513 0.0204165 0.175129
v 0.0406 0.0211725 0.174841
v 0.04135 0.0153235 0.174799
v 0.040432 0.0007715 0.175111
v 0.020925 -0.0352145 0.175143
v 0.01594 -0.0393235 0.175131
v 0.012971 -0.0413995 0.175128
v 0.008184 -0.0442715 0.17503
v -0.001401 -0.0483645 0.175127
v -0.005926 -0.0497095 0.175126
v -0.009756 -0.0505485 0.175049
v -0.012976 -0.0510485 0.175135
v -0.02026 -0.0516065 0.175143
v -0.034255 -0.0502405 0.175132
v -0.059043 -0.0389015 0.175125
v -0.063995 -0.0347215 0.175143
v -0.03368 0.0721315 0.175127
v -0.022583 0.0733725 0.175127
v -0.00951 0.0722605 0.175053
v 0.01596 0.0610725 0.17513
v 0.028599 0.0485815 0.175123
v 0.033899 0.0403185 0.17503
v 0.037928 0.0309305 0.17513
v 0.039337 0.0262085 0.175127
v 0.041085 0.0151855 0.17515
v -0.000719 0.0705245 0.174771
v -0.00992 0.0726945 0.174782
v -0.024831 0.0738345 0.174771
v -0.077256 -0.0181785 0.174771
v -0.070119 -0.0289555 0.174771
v 0.041216 0.0123805 0.157398
v 0.041294 0.0064605 0.157701
v 0.041124 0.0070285 0.157401
v 0.040536 0.0005995 0.157638
v 0.039349 -0.0052185 0.157701
v 0.03756 -0.0108685 0.157701
v 0.035704 -0.0153095 0.157702
v 0.03366 -0.0193935 0.157702
v 0.031096 -0.0232535 0.157493
v 0.033924 -0.0196245 0.157764
v 0.027208 -0.0291095 0.157748
v 0.027693 -0.0280065 0.157508
v 0.024843 -0.0312965 0.157398
v 0.021941 -0.0346505 0.15774
v 0.021803 -0.0344105 0.157388
v 0.017661 -0.0380445 0.157508
v 0.012132 -0.0419575 0.157424
v 0.013157 -0.0415055 0.157699
v 0.004943 -0.0458455 0.157417
v 0.001101 -0.0475035 0.157516
v 0.001148 -0.0478525 0.157759
v -0.005154 -0.0497205 0.157701
v -0.00951 -0.0506865 0.157698
v -0.013914 -0.0513905 0.157701
v -0.016465 -0.0514315 0.157412
v -0.019783 -0.0517125 0.15761
v -0.022247 -0.0516065 0.157399
v -0.026868 -0.0516905 0.157749
v -0.027809 -0.0512915 0.157515
v -0.03275 -0.0505485 0.157493
v -0.037354 -0.0497205 0.157701
v -0.041054 -0.0488135 0.157758
v -0.043577 -0.0474965 0.157499
v -0.047452 -0.0460715 0.157702
v -0.051524 -0.0440335 0.157701
v -0.053657 -0.0425645 0.157421
v -0.055664 -0.0415055 0.157699
v -0.058953 -0.0389705 0.157419
v -0.059626 -0.0387135 0.157702
v -0.064486 -0.0347475 0.157757
v -0.069896 -0.0289065 0.157751
v -0.070741 -0.0274985 0.157622
v -0.073646 -0.0235205 0.157699
v -0.076028 -0.0199665 0.157759
v -0.076424 -0.0185075 0.157503
v -0.078282 -0.0146435 0.157399
v -0.078206 -0.0153185 0.157702
v -0.079663 -0.0113615 0.1575
v -0.080504 -0.0089485 0.157408
v -0.081489 -0.0057835 0.157495
v -0.082016 -0.0052505 0.157758
v -0.082822 -0.0008625 0.157698
v -0.083003 0.0012485 0.157412
v -0.083525 0.0035365 0.157701
v -0.08394 0.0094095 0.157701
v -0.083738 0.0098205 0.157395
v -0.083676 0.0138795 0.157499
v -0.083318 0.0198945 0.157686
v -0.082303 0.0242575 0.157419
v -0.081855 0.0269835 0.157701
v -0.080754 0.0300055 0.157404
v -0.080065 0.0326335 0.157701
v -0.079213 0.0342155 0.157409
v -0.078202 0.0370925 0.157702
v -0.077259 0.0386255 0.157413
v -0.07617 0.0411505 0.157702
v -0.073373 0.0453595 0.157488
v -0.073511 0.0457865 0.157759
v -0.070776 0.0489955 0.157403
v -0.070846 0.0492565 0.157701
v -0.067882 0.0524745 0.157416
v -0.067814 0.0531425 0.157758
v -0.066043 0.0544735 0.157496
v -0.059633 0.0603685 0.157622
v -0.059384 0.0603905 0.157401
v -0.055672 0.0630435 0.157491
v -0.050643 0.0660515 0.157503
v -0.046778 0.0679095 0.157399
v -0.047453 0.0678335 0.157702
v -0.042894 0.0695025 0.15739
v -0.037353 0.0714825 0.157701
v -0.035348 0.0717505 0.157413
v -0.032997 0.0724495 0.157698
v -0.030886 0.0726305 0.157412
v -0.028592 0.0731535 0.157701
v -0.022723 0.0734755 0.15761
v -0.0227 0.0733515 0.15739
v -0.017411 0.0732595 0.157398
v -0.017386 0.0735335 0.157749
v -0.013915 0.0731535 0.157701
v -0.011719 0.0726475 0.157413
v -0.009509 0.0724495 0.157698
v -0.005154 0.0714825 0.157701
v -0.005926 0.0714715 0.157415
v 0.00123 0.0695855 0.157758
v 0.004946 0.0678345 0.157702
v 0.00822 0.0660135 0.157511
v 0.010722 0.0650505 0.157757
v 0.012882 0.0632305 0.157493
v 0.017123 0.0604725 0.157701
v 0.02034 0.0575105 0.157416
v 0.022339 0.0556705 0.157496
v 0.025412 0.0527445 0.157702
v 0.028338 0.0492575 0.157701
v 0.028529 0.0486715 0.157416
v 0.031128 0.0449615 0.157488
v 0.032896 0.0420505 0.157405
v 0.033917 0.0402705 0.157503
v 0.035699 0.0370805 0.157702
v 0.037146 0.0331445 0.157498
v 0.0377 0.0326905 0.157758
v 0.037997 0.0307105 0.157408
v 0.039349 0.0269805 0.157701
v 0.0406 0.0211765 0.157702
v 0.041294 0.0153025 0.157701
v 0.041426 0.0108815 0.157698
v 0.041782 0.0108815 0.157771
v -0.062846 -0.0357485 0.157416
v -0.067604 -0.0310265 0.157409
v -0.07075 -0.0272655 0.157403
v -0.075007 0.0427305 0.157418
v -0.038593 0.0709125 0.157411
v -0.026629 0.0731275 0.1574
v 0.001071 0.0692595 0.157499
v 0.004246 0.0679215 0.1574
v 0.016447 0.0607335 0.157419
v 0.040993 0.0162585 0.1574
v 0.040703 0.0227115 0.157771
v 0.033121 0.0425055 0.157757
v 0.026001 0.0526555 0.157771
v -0.06124 0.0593475 0.157749
v -0.057232 -0.0408845 0.157771
v -0.047384 -0.0464995 0.157771
v -0.032552 -0.0509385 0.157759
v -0.018296 -0.0519285 0.157759
v -0.007136 -0.0505705 0.157771
v 0.00745 -0.0450115 0.157749
v 0.038854 -0.0080035 0.157771
v 0.040761 0.0005695 0.157758
v 0.041294 0.0064565 0.164701
v 0.041124 0.0070285 0.164401
v 0.040601 0.0005895 0.164702
v 0.040513 0.0013465 0.164413
v 0.039349 -0.0052195 0.164701
v 0.03798 -0.0090045 0.164412
v 0.034681 -0.0177555 0.164753
v 0.033899 -0.0185555 0.164511
v 0.031133 -0.0235295 0.164699
v 0.028338 -0.0274965 0.164702
v 0.028599 -0.0268185 0.164419
v 0.018498 -0.0377985 0.164753
v 0.017661 -0.0380445 0.164508
v 0.013149 -0.0415115 0.164699
v 0.00915 -0.0441525 0.164759
v 0.004292 -0.0461405 0.164405
v 0.004946 -0.0460715 0.164702
v 0.001024 -0.0475165 0.164502
v -0.001424 -0.0483685 0.164408
v -0.004589 -0.0493545 0.164495
v -0.000469 -0.0484695 0.16476
v -0.007158 -0.0499885 0.164413
v -0.009509 -0.0506865 0.164698
v -0.011151 -0.0507855 0.16441
v -0.013914 -0.0513905 0.164701
v -0.015223 -0.0513085 0.164416
v -0.019783 -0.0518055 0.164701
v -0.024432 -0.0517285 0.164702
v -0.025154 -0.0520165 0.164771
v -0.025956 -0.0514375 0.16441
v -0.028591 -0.0513915 0.164701
v -0.033008 -0.0506855 0.164699
v -0.036581 -0.0497095 0.164415
v -0.037354 -0.0497205 0.164701
v -0.042398 -0.0479335 0.164402
v -0.043009 -0.0479295 0.164701
v -0.047453 -0.0460715 0.164702
v -0.048127 -0.0455465 0.164401
v -0.051524 -0.0440335 0.164701
v -0.055664 -0.0415055 0.164699
v -0.059629 -0.0387105 0.164701
v -0.057979 -0.0403895 0.164771
v -0.058953 -0.0389705 0.164419
v -0.065032 -0.0342395 0.164761
v -0.064845 -0.0339085 0.164496
v -0.067927 -0.0309725 0.164702
v -0.070845 -0.0274945 0.164701
v -0.07364 -0.0235295 0.164699
v -0.076168 -0.0193895 0.164701
v -0.078206 -0.0153185 0.164702
v -0.079647 -0.0114485 0.164515
v -0.080756 -0.0094585 0.164761
v -0.081384 -0.0060905 0.164411
v -0.081855 -0.0052185 0.164701
v -0.082375 -0.0021205 0.16441
v -0.082824 -0.0008515 0.164699
v -0.083525 0.0035435 0.164701
v -0.083339 0.0036445 0.164422
v -0.083738 0.0098205 0.164395
v -0.083682 0.0137535 0.164501
v -0.083881 0.0164755 0.16476
v -0.083422 0.0174705 0.164515
v -0.083019 0.0204155 0.164414
v -0.082821 0.0226255 0.164698
v -0.081854 0.0269825 0.164701
v -0.081844 0.0262085 0.164415
v -0.080199 0.0327315 0.16476
v -0.078194 0.0366475 0.164501
v -0.077214 0.0395455 0.164756
v -0.076406 0.0403185 0.164511
v -0.074699 0.0432845 0.16442
v -0.07364 0.0452925 0.164699
v -0.070844 0.0492595 0.164702
v -0.06693 0.0535445 0.1644
v -0.068099 0.0526545 0.164751
v -0.064451 0.0563375 0.164701
v -0.05963 0.0604735 0.164702
v -0.059043 0.0606635 0.164416
v -0.055664 0.0632685 0.164699
v -0.051887 0.0657745 0.164757
v -0.050643 0.0660515 0.164503
v -0.047453 0.0678335 0.164702
v -0.043517 0.0692805 0.164498
v -0.041083 0.0701315 0.164408
v -0.037353 0.0714825 0.164701
v -0.032997 0.0724495 0.164698
v -0.030886 0.0726305 0.164412
v -0.028592 0.0731535 0.164701
v -0.026629 0.0731275 0.1644
v -0.023228 0.0736095 0.164738
v -0.0227 0.0733515 0.16439
v -0.017411 0.0732595 0.164398
v -0.013914 0.0731535 0.164701
v -0.011719 0.0726475 0.164413
v -0.007136 0.0723335 0.164771
v -0.009509 0.0724495 0.164698
v -0.005154 0.0714825 0.164701
v -0.005926 0.0714715 0.164415
v 0.007512 0.0667525 0.164754
v 0.008184 0.0660335 0.164511
v 0.012882 0.0632305 0.164493
v 0.017123 0.0604725 0.164701
v 0.021947 0.0563345 0.1647
v 0.025412 0.0527445 0.164702
v 0.027459 0.0500095 0.164414
v 0.028338 0.0492575 0.164701
v 0.026001 0.0526555 0.164771
v 0.030399 0.0460725 0.16442
v 0.031306 0.0451515 0.164751
v 0.033623 0.0410555 0.164622
v 0.034713 0.0395325 0.164756
v 0.03346 0.0410745 0.164404
v 0.035597 0.0368465 0.164504
v 0.037664 0.0317765 0.16451
v 0.037729 0.0326315 0.164761
v 0.039349 0.0269805 0.164701
v 0.039311 0.0263075 0.164412
v 0.0406 0.0211765 0.164702
v 0.040496 0.0205145 0.164411
v 0.041294 0.0153025 0.164701
v 0.041216 0.0123805 0.164398
v 0.041426 0.0108815 0.164698
v 0.025376 -0.0307115 0.164416
v -0.068374 -0.0301815 0.164403
v -0.071664 -0.0260415 0.164418
v -0.074384 -0.0220185 0.164415
v -0.080377 -0.0093385 0.164407
v -0.080499 0.0307335 0.164414
v -0.079632 0.0332055 0.164499
v -0.063161 0.0572315 0.164409
v -0.046778 0.0679095 0.164399
v 0.004292 0.0679025 0.164405
v 0.040993 0.0162585 0.1644
v 0.040702 0.0227115 0.164771
v 0.016309 0.0614095 0.164762
v -0.047384 -0.0464995 0.164771
v -0.036001 -0.0504485 0.164771
v -0.016204 -0.0519285 0.164771
v -0.006333 -0.0502045 0.16476
v 0.030507 -0.0250895 0.164771
v 0.037934 -0.0103055 0.164761
v 0.040842 -5.85e-05 0.164771
v 0.041427 0.0108705 0.160843
v 0.041294 0.0064585 0.160841
v 0.04077 0.0032025 0.161128
v 0.0406 0.0005845 0.16084
v 0.039452 -0.0054585 0.160781
v 0.036951 -0.0126945 0.160801
v 0.033844 -0.0186185 0.161049
v 0.033977 -0.0191505 0.160781
v 0.031132 -0.0235305 0.160843
v 0.028335 -0.0274985 0.160841
v 0.025406 -0.0309895 0.160839
v 0.022339 -0.0339085 0.161045
v 0.020996 -0.0356805 0.160785
v 0.017119 -0.0387125 0.160841
v 0.007307 -0.0451255 0.160789
v 0.00034 -0.0480655 0.160789
v -0.003528 -0.0490315 0.161138
v -0.00784 -0.0501585 0.161126
v -0.005159 -0.0497225 0.16084
v -0.00952 -0.0506895 0.160843
v -0.013916 -0.0513905 0.16084
v -0.01912 -0.0517855 0.160836
v -0.023666 -0.0517815 0.160847
v -0.028938 -0.0511465 0.161042
v -0.037917 -0.0493545 0.161046
v -0.037324 -0.0498935 0.160781
v -0.041083 -0.0483685 0.161133
v -0.043644 -0.0478625 0.160781
v -0.046778 -0.0461465 0.161142
v -0.050642 -0.0442885 0.161039
v -0.053755 -0.0425035 0.161122
v -0.055665 -0.0415035 0.160843
v -0.057831 -0.0397735 0.161124
v -0.058693 -0.0396515 0.160781
v -0.063995 -0.0347215 0.161143
v -0.063119 -0.0357805 0.16084
v -0.067039 -0.0316665 0.161042
v -0.06569 -0.0336215 0.160781
v -0.070115 -0.0281035 0.161041
v -0.07092 -0.0276545 0.160785
v -0.074132 -0.0224365 0.161123
v -0.073646 -0.0235215 0.160842
v -0.078599 -0.0139715 0.161143
v -0.079651 -0.0124235 0.160785
v -0.081594 -0.0053935 0.161138
v -0.081758 -0.0052715 0.160919
v -0.083525 0.0035425 0.16084
v -0.083981 0.0089025 0.160804
v -0.083909 0.0147575 0.16079
v -0.083277 0.0185605 0.161127
v -0.083525 0.0182205 0.16084
v -0.083061 0.0222255 0.160783
v -0.081578 0.0272205 0.161134
v -0.081855 0.0269835 0.16084
v -0.080975 0.0306245 0.160781
v -0.077955 0.0378505 0.160793
v -0.075017 0.0427165 0.161119
v -0.076351 0.0403805 0.161049
v -0.074469 0.0443305 0.160785
v -0.069723 0.0508585 0.160794
v -0.062846 0.0575105 0.161126
v -0.064845 0.0556715 0.161045
v -0.060086 0.0598515 0.161049
v -0.05955 0.0607295 0.160785
v -0.053657 0.0643275 0.161121
v -0.055656 0.0632745 0.160842
v -0.050163 0.0666825 0.160789
v -0.045665 0.0684075 0.161149
v -0.044597 0.0692755 0.160781
v -0.037995 0.0710965 0.161046
v -0.037716 0.0715425 0.160785
v -0.030267 0.0729465 0.160855
v -0.027472 0.0734275 0.160785
v -0.020496 0.0733765 0.161042
v -0.021343 0.0737645 0.160781
v -0.013927 0.0732085 0.160801
v -0.00951 0.0724495 0.160843
v -0.006445 0.0715815 0.161131
v -0.005675 0.0717885 0.160781
v 0.001654 0.0694385 0.160785
v 0.004958 0.0678295 0.160839
v 0.008246 0.0659785 0.161049
v 0.01018 0.0653505 0.160781
v 0.013166 0.0632635 0.160842
v 0.017125 0.0604725 0.16084
v 0.02195 0.0563325 0.160841
v 0.025421 0.0527355 0.160839
v 0.028927 0.0481055 0.161134
v 0.028338 0.0492575 0.16084
v 0.031133 0.0452925 0.160843
v 0.034583 0.0396915 0.160797
v 0.037559 0.0326335 0.160841
v 0.039349 0.0269805 0.16084
v 0.040822 0.0180685 0.161139
v 0.040601 0.0211715 0.16084
v 0.041295 0.0152965 0.16084
v 0.041529 0.0169415 0.160771
v 0.041213 0.0089545 0.161131
v 0.038916 -0.0060325 0.161047
v 0.031585 -0.0225035 0.161117
v 0.027916 -0.0277045 0.161135
v 0.020339 -0.0357475 0.161126
v 0.011221 -0.0425185 0.161126
v 0.008136 -0.0442885 0.161039
v 0.004425 -0.0460955 0.161045
v 0.00037 -0.0477495 0.161148
v -0.014017 -0.0512045 0.16112
v -0.020242 -0.0516065 0.161141
v -0.02562 -0.0514535 0.161144
v -0.033734 -0.0503675 0.16106
v -0.043496 -0.0475285 0.161042
v -0.060029 -0.0381335 0.161048
v -0.082633 0.0226245 0.161053
v -0.067363 0.0530465 0.161138
v -0.05784 0.0615325 0.161118
v -0.050691 0.0660335 0.16103
v -0.016465 0.0731945 0.16113
v 0.033822 0.0404255 0.161046
v 0.035626 0.0367535 0.161128
v 0.037566 0.0320075 0.161142
v 0.038875 0.0278735 0.161125
v 0.039997 0.0233085 0.161128
v -0.06458 0.0563985 0.160787
v -0.082401 -0.0038295 0.160786
v 0.041154 0.0071505 0.17152
v 0.040881 0.0041545 0.171401
v 0.039979 -0.0016255 0.171409
v 0.039529 -0.0051895 0.17176
v 0.037125 -0.0114425 0.171499
v 0.035321 -0.0161965 0.17171
v 0.033899 -0.0185555 0.171511
v 0.03231 -0.0220365 0.17176
v 0.031096 -0.0232535 0.171493
v 0.028337 -0.0274965 0.171702
v 0.024692 -0.0317905 0.171705
v 0.022283 -0.0339645 0.171497
v 0.019386 -0.0365925 0.171399
v 0.020276 -0.0363065 0.171759
v 0.017126 -0.0386055 0.171622
v 0.016152 -0.0396745 0.171761
v 0.013166 -0.0415005 0.171699
v 0.007425 -0.0450225 0.171749
v 0.008136 -0.0442885 0.171503
v 0.002855 -0.0467815 0.171396
v 0.000499 -0.0479305 0.171701
v -0.002519 -0.0487345 0.1714
v -0.005154 -0.0497205 0.171701
v -0.009908 -0.0509255 0.171758
v -0.013914 -0.0513905 0.171701
v -0.022247 -0.0516065 0.171399
v -0.02133 -0.0518175 0.171673
v -0.027809 -0.0512915 0.171515
v -0.030041 -0.0514005 0.171758
v -0.03275 -0.0505485 0.171493
v -0.036581 -0.0497095 0.171415
v -0.037354 -0.0497195 0.171701
v -0.041106 -0.0483645 0.171414
v -0.047456 -0.0460715 0.171703
v -0.048127 -0.0455465 0.171401
v -0.051524 -0.0440335 0.171701
v -0.055388 -0.0414685 0.171493
v -0.059626 -0.0387135 0.171702
v -0.062388 -0.0368855 0.171771
v -0.06392 -0.0350665 0.171704
v -0.06601 -0.0327715 0.171515
v -0.071365 -0.0274665 0.171769
v -0.070845 -0.0274945 0.171701
v -0.073646 -0.0235215 0.171699
v -0.074638 -0.0216205 0.171419
v -0.076169 -0.0193895 0.171701
v -0.077419 -0.0165145 0.171398
v -0.078211 -0.0153095 0.171703
v -0.080065 -0.0108705 0.171701
v -0.080504 -0.0089485 0.171408
v -0.081857 -0.0052135 0.171702
v -0.082821 -0.0008625 0.171698
v -0.083003 0.0012485 0.171412
v -0.083799 0.0044735 0.171759
v -0.083425 0.0043875 0.171506
v -0.08394 0.0094095 0.171701
v -0.083738 0.0098205 0.171395
v -0.083864 0.0140365 0.171702
v -0.083572 0.0155835 0.17141
v -0.083526 0.0182175 0.171702
v -0.083085 0.0198565 0.171415
v -0.08282 0.0226355 0.171699
v -0.081855 0.0269805 0.171701
v -0.081016 0.0291675 0.171409
v -0.080214 0.0326935 0.171761
v -0.078206 0.0370805 0.171702
v -0.076445 0.0402305 0.171503
v -0.073635 0.0453005 0.171699
v -0.071934 0.0474245 0.171419
v -0.070845 0.0492575 0.171701
v -0.067918 0.0527445 0.171702
v -0.064906 0.0556385 0.171515
v -0.063402 0.0575545 0.17176
v -0.059629 0.0604735 0.171701
v -0.059043 0.0606635 0.171416
v -0.055664 0.0632685 0.171699
v -0.053755 0.0642665 0.171419
v -0.051524 0.0657965 0.171701
v -0.047453 0.0678345 0.171702
v -0.043517 0.0692805 0.171498
v -0.043763 0.0695825 0.171761
v -0.041083 0.0701315 0.171408
v -0.037353 0.0714825 0.171701
v -0.03668 0.0714455 0.171413
v -0.032997 0.0724495 0.171698
v -0.028592 0.0731535 0.171701
v -0.022723 0.0734755 0.17161
v -0.024284 0.0736905 0.171761
v -0.0227 0.0733515 0.17139
v -0.017351 0.0735365 0.171752
v -0.013914 0.0731535 0.171701
v -0.011719 0.0726475 0.171413
v -0.00951 0.0724495 0.171698
v -0.005154 0.0714825 0.171701
v -0.001401 0.0701265 0.171414
v 0.001256 0.0695825 0.171761
v 0.004292 0.0679025 0.171405
v 0.004946 0.0678345 0.171702
v 0.007947 0.0661425 0.171491
v 0.013225 0.0630005 0.171488
v 0.015972 0.0610615 0.171407
v 0.017753 0.0601765 0.17176
v 0.021314 0.0566465 0.171498
v 0.022647 0.0558835 0.17176
v 0.025412 0.0527445 0.171702
v 0.028338 0.0492575 0.171701
v 0.028529 0.0486715 0.171416
v 0.031133 0.0452925 0.171699
v 0.032131 0.0433835 0.171419
v 0.034707 0.0395465 0.171756
v 0.033917 0.0402705 0.171503
v 0.035723 0.0365595 0.171497
v 0.037146 0.0331445 0.171498
v 0.037596 0.0329795 0.171761
v 0.037997 0.0307105 0.171408
v 0.039349 0.0269805 0.171701
v 0.0406 0.0211745 0.171701
v 0.040496 0.0205145 0.171411
v 0.041083 0.0152125 0.171391
v 0.041242 0.0109505 0.171489
v 0.04156 0.0083565 0.171753
v 0.035768 -0.0146645 0.171405
v -0.006445 -0.0498185 0.171411
v -0.067604 -0.0310265 0.171409
v -0.081817 -0.0045455 0.171412
v -0.082381 0.0238565 0.171412
v -0.079631 0.0332055 0.171499
v -0.074653 0.0433555 0.171416
v -0.069047 0.0511555 0.17141
v -0.063161 0.0572315 0.171409
v -0.026629 0.0731275 0.1714
v -0.017411 0.0732595 0.171398
v -0.005926 0.0714715 0.171415
v 0.010558 0.0646585 0.171421
v 0.017703 0.0597655 0.1715
v 0.041339 0.0153685 0.171739
v 0.030017 0.0476075 0.171771
v -0.078605 -0.0153145 0.171771
v -0.051442 -0.0444875 0.171765
v -0.041606 -0.0486175 0.171761
v -0.018565 -0.0519465 0.17176
v -0.001475 -0.0489895 0.171771
v 0.026689 -0.0300525 0.171771
v 0.037176 -0.0123365 0.171757
v 0.040708 0.0009545 0.171737
v 0.041426 0.0108815 0.167843
v 0.041294 0.0064605 0.167841
v 0.0406 0.0005845 0.16784
v 0.038982 -0.0057825 0.168046
v 0.039432 -0.0055125 0.167783
v 0.037997 -0.0089485 0.168134
v 0.037156 -0.0113615 0.168042
v 0.037437 -0.0116245 0.167784
v 0.035775 -0.0146435 0.168142
v 0.035699 -0.0153175 0.16784
v 0.032896 -0.0202875 0.168137
v 0.033917 -0.0185075 0.168039
v 0.033355 -0.0202965 0.167783
v 0.031132 -0.0235305 0.167843
v 0.028234 -0.0274985 0.16792
v 0.027761 -0.0284855 0.167785
v 0.025385 -0.0306975 0.168132
v 0.024692 -0.0317905 0.167837
v 0.02182 -0.0347555 0.167801
v 0.017813 -0.0379065 0.16805
v 0.017297 -0.0387665 0.167784
v 0.013149 -0.0415115 0.167842
v 0.011632 -0.0422575 0.168128
v 0.009173 -0.0441355 0.167784
v 0.004946 -0.0460715 0.16784
v -0.00714 -0.0499865 0.168122
v -0.005159 -0.0497225 0.16784
v -0.00952 -0.0506895 0.167843
v -0.01392 -0.0513915 0.167841
v -0.022011 -0.0516135 0.168042
v -0.031558 -0.0510675 0.167805
v -0.037318 -0.0498995 0.167783
v -0.043003 -0.0479305 0.167841
v -0.047464 -0.0460665 0.167839
v -0.051528 -0.0440325 0.16784
v -0.057304 -0.0401765 0.168118
v -0.055665 -0.0415035 0.167843
v -0.059629 -0.0387105 0.16784
v -0.063033 -0.0359475 0.167795
v -0.067349 -0.0312965 0.168143
v -0.066706 -0.0323195 0.167841
v -0.07014 -0.0289315 0.167771
v -0.070492 -0.0276135 0.168135
v -0.070843 -0.0274965 0.167841
v -0.074153 -0.0224055 0.168119
v -0.07364 -0.0235295 0.167843
v -0.07633 -0.0186625 0.168046
v -0.076031 -0.0199535 0.167784
v -0.078948 -0.0144865 0.167771
v -0.078211 -0.0153095 0.167839
v -0.080066 -0.0108695 0.167841
v -0.082586 -0.0038395 0.167771
v -0.081844 -0.0044465 0.168127
v -0.081857 -0.0052145 0.16784
v -0.082822 -0.0008595 0.167844
v -0.083426 0.0043255 0.168027
v -0.083874 0.0052775 0.167784
v -0.083998 0.0122765 0.167799
v -0.083425 0.0173745 0.168035
v -0.083586 0.0191455 0.167783
v -0.08282 0.0226275 0.167844
v -0.081854 0.0269825 0.16784
v -0.080063 0.0326375 0.167841
v -0.078206 0.0370805 0.16784
v -0.07437 0.0438025 0.168128
v -0.076492 0.0401215 0.168051
v -0.076331 0.0411945 0.167783
v -0.073635 0.0453005 0.167842
v -0.070842 0.0492605 0.167841
v -0.069716 0.0512445 0.167771
v -0.067918 0.0527445 0.16784
v -0.062846 0.0575105 0.168126
v -0.064845 0.0556715 0.168045
v -0.063432 0.0575145 0.167784
v -0.059629 0.0604735 0.16784
v -0.056133 0.0631565 0.167782
v -0.049929 0.0667935 0.167791
v -0.037349 0.0714845 0.16784
v -0.030173 0.0733225 0.167771
v -0.032997 0.0724495 0.167843
v -0.028441 0.0729565 0.168139
v -0.028591 0.0731535 0.16784
v -0.022068 0.0733935 0.168025
v -0.020941 0.0736895 0.167795
v -0.016465 0.0731945 0.16813
v -0.012737 0.0731815 0.167783
v -0.01224 0.0729465 0.167855
v -0.006445 0.0715815 0.168131
v -0.004853 0.0715535 0.167784
v 0.001101 0.0692655 0.168026
v 0.00123 0.0695855 0.167783
v 0.004946 0.0678345 0.16784
v 0.008962 0.0655815 0.16814
v 0.00892 0.0657585 0.16792
v 0.012827 0.0632625 0.168054
v 0.010721 0.0650505 0.167784
v 0.016537 0.0606635 0.168126
v 0.017123 0.0604725 0.16784
v 0.020933 0.0574995 0.167786
v 0.025376 0.0524745 0.168126
v 0.025412 0.0527445 0.16784
v 0.028338 0.0492575 0.16784
v 0.026001 0.0526555 0.167771
v 0.031096 0.0450165 0.168049
v 0.033662 0.0411525 0.16784
v 0.035699 0.0370805 0.16784
v 0.037559 0.0326335 0.167841
v 0.038875 0.0278735 0.168125
v 0.03935 0.0269765 0.16784
v 0.040536 0.0211635 0.167904
v 0.040277 0.0241485 0.167782
v 0.041482 0.0149155 0.167783
v 0.041213 0.0089545 0.168131
v 0.040812 0.0036245 0.168143
v 0.039993 -0.0015685 0.168126
v 0.030994 -0.0233915 0.168131
v 0.028244 -0.0272665 0.168139
v 0.022118 -0.0341215 0.168147
v 0.015334 -0.0397695 0.168118
v 0.003599 -0.0464645 0.168143
v -0.000209 -0.0479725 0.168039
v -0.003967 -0.0491665 0.168127
v -0.011719 -0.0508845 0.168128
v -0.018455 -0.0515545 0.16804
v -0.026042 -0.0514315 0.16813
v -0.028966 -0.0511595 0.168025
v -0.034599 -0.0501835 0.168071
v -0.038031 -0.0493355 0.168034
v -0.043341 -0.0475855 0.168139
v -0.04745 -0.0458455 0.168125
v -0.051903 -0.0435895 0.168123
v -0.060994 -0.0373335 0.168134
v -0.064309 -0.0344105 0.168153
v -0.058953 0.0607335 0.168123
v 0.020655 0.0572315 0.168133
v 0.033744 0.0405745 0.168138
v 0.036273 0.0352935 0.168149
v 0.039997 0.0233085 0.168128
v 0.040822 0.0180685 0.168139
v 0.041154 0.0143255 0.168041
v -0.041843 0.0702905 0.167783
v -0.081108 0.0307185 0.167771
v 0.000276 -0.0481815 0.167783
v 0.040907 0.0083085 0.154795
v 0.040561 0.0033105 0.154858
v 0.039016 -0.0055705 0.155157
v 0.039565 -0.0022125 0.154812
v 0.038561 -0.0063385 0.154846
v 0.037141 -0.0106065 0.154805
v 0.033416 -0.0192075 0.154986
v 0.034472 -0.0165905 0.154789
v 0.03089 -0.0233535 0.154978
v 0.031486 -0.0218635 0.154772
v 0.028739 -0.0261135 0.154804
v 0.024349 -0.0318275 0.155162
v 0.024521 -0.0312345 0.154805
v 0.021704 -0.0343165 0.154933
v 0.018706 -0.0366795 0.154783
v 0.014314 -0.0403885 0.154977
v 0.008836 -0.0437885 0.154986
v 0.012866 -0.0410665 0.15479
v 0.006219 -0.0448435 0.154789
v 0.003541 -0.0464185 0.155027
v -0.001605 -0.0483845 0.155048
v 0.000297 -0.0473955 0.154789
v -0.005242 -0.0494325 0.154988
v -0.009607 -0.0504025 0.15498
v -0.014035 -0.0511015 0.154987
v -0.008163 -0.0499015 0.154787
v -0.019192 -0.0513265 0.154809
v -0.022982 -0.0512215 0.154785
v -0.025902 -0.0512225 0.154858
v -0.032011 -0.0505555 0.154954
v -0.0329 -0.0501635 0.15479
v -0.039633 -0.0485615 0.154809
v -0.046172 -0.0463645 0.155027
v -0.045661 -0.0462465 0.154779
v -0.050976 -0.0440725 0.155161
v -0.051644 -0.0434125 0.15481
v -0.05682 -0.0403885 0.154977
v -0.060429 -0.0377605 0.155152
v -0.058898 -0.0386525 0.154804
v -0.063369 -0.0348935 0.154805
v -0.068339 -0.0301785 0.155148
v -0.066451 -0.0320755 0.154933
v -0.070301 -0.0274065 0.154802
v -0.073807 -0.0228245 0.155042
v -0.075924 -0.0192075 0.154986
v -0.073202 -0.0232375 0.15479
v -0.076979 -0.0165905 0.154789
v -0.078553 -0.0139135 0.155027
v -0.079833 -0.0107365 0.155044
v -0.079531 -0.0106685 0.154789
v -0.081567 -0.0051315 0.154988
v -0.082036 -0.0022095 0.154787
v -0.083236 0.0036625 0.154987
v -0.083205 0.0062265 0.154789
v -0.083661 0.0091345 0.155028
v -0.083356 0.0126105 0.154785
v -0.083357 0.0155305 0.154858
v -0.08262 0.0210935 0.154812
v -0.081515 0.0265955 0.154858
v -0.080435 0.0299935 0.154798
v -0.078381 0.0352885 0.154779
v -0.076425 0.0396955 0.154846
v -0.075948 0.0410025 0.155045
v -0.072722 0.0458305 0.154805
v -0.069762 0.0497995 0.154802
v -0.067028 0.0529975 0.154805
v -0.059634 0.0601285 0.155029
v -0.061213 0.0584425 0.154783
v -0.053737 0.0641865 0.155005
v -0.055372 0.0628295 0.15479
v -0.050324 0.0661415 0.155057
v -0.047385 0.0676075 0.155149
v -0.048725 0.0666065 0.154789
v -0.045346 0.0684775 0.15502
v -0.041849 0.0695675 0.154802
v -0.037247 0.0712455 0.155058
v -0.035953 0.0713105 0.154804
v -0.031466 0.0722485 0.154812
v -0.028847 0.0728655 0.155054
v -0.023314 0.0730885 0.154809
v -0.019275 0.0733225 0.155159
v -0.016604 0.0729845 0.154858
v -0.019525 0.0729845 0.154785
v -0.011041 0.0722485 0.154812
v -0.005539 0.0711425 0.154858
v -0.002141 0.0700625 0.154798
v 0.000422 0.0694645 0.155141
v 0.003154 0.0680085 0.154779
v 0.00756 0.0660525 0.154846
v 0.013976 0.0624185 0.155013
v 0.012866 0.0628295 0.15479
v 0.019127 0.0584955 0.155018
v 0.018706 0.0584425 0.154783
v 0.023909 0.0539965 0.155031
v 0.028096 0.0490775 0.154986
v 0.025074 0.0523425 0.154784
v 0.033416 0.0409705 0.154986
v 0.030695 0.0450005 0.15479
v 0.036047 0.0356745 0.155027
v 0.037544 0.0310745 0.15479
v 0.037327 0.0324965 0.155044
v 0.039062 0.0268915 0.154988
v 0.04073 0.0181025 0.154987
v 0.039793 0.0225225 0.15479
v 0.040853 0.0142525 0.154796
v 0.041033 0.0060555 0.155164
v 0.040316 0.0003025 0.155145
v 0.037194 -0.0111825 0.155153
v 0.035411 -0.0153475 0.155055
v 0.033028 -0.0200735 0.155267
v 0.029588 -0.0254275 0.155185
v 0.020522 -0.0355615 0.155173
v 0.013477 -0.0410665 0.155276
v 0.008011 -0.0443295 0.155275
v 0.001271 -0.0473735 0.155159
v -0.006369 -0.0498055 0.155281
v -0.012171 -0.0509385 0.155279
v -0.022359 -0.0515795 0.155158
v -0.056195 -0.0409245 0.155273
v -0.071609 0.0478465 0.155183
v 0.007443 0.0663695 0.155188
v 0.020987 0.0568895 0.155156
v 0.026854 0.0507625 0.155274
v 0.030696 0.0455585 0.155078
v 0.033958 0.0401455 0.155275
v 0.038645 0.0286755 0.155279
v 0.04005 0.0228265 0.155073
v 0.040921 0.0170885 0.155277
v 0.041212 0.0117425 0.155154
v 0.041412 0.0108815 0.178683
v 0.041213 0.0128085 0.178411
v 0.041361 0.0150455 0.178737
v 0.040592 0.0211725 0.178693
v 0.040395 0.0241565 0.178771
v 0.039336 0.0270025 0.178694
v 0.035718 0.0370235 0.178695
v 0.037479 0.0332905 0.17876
v 0.032511 0.0427165 0.178423
v 0.033844 0.0403815 0.178493
v 0.033004 0.0426735 0.178757
v 0.028404 0.0494125 0.178761
v 0.024566 0.0533895 0.178497
v 0.023895 0.0546095 0.178756
v 0.01758 0.0598515 0.178493
v 0.018645 0.0594105 0.178745
v 0.013178 0.0632985 0.178731
v 0.01115 0.0643275 0.17842
v 0.007439 0.0667705 0.178745
v -0.001401 0.0701265 0.178414
v 0.001071 0.0692595 0.178499
v 0.001114 0.0696155 0.178755
v -0.004512 0.0710965 0.178496
v -0.006521 0.0719395 0.178742
v -0.011719 0.0726475 0.178413
v -0.014698 0.0730545 0.178515
v -0.015112 0.0734135 0.178745
v -0.022566 0.0736225 0.178738
v -0.02889 0.0731635 0.178735
v -0.035348 0.0717505 0.178413
v -0.037917 0.0711165 0.178495
v -0.035966 0.0719405 0.17874
v -0.043496 0.0692905 0.1785
v -0.048223 0.0672625 0.1784
v -0.044805 0.0690985 0.17874
v -0.051598 0.0658005 0.178733
v -0.053755 0.0642665 0.178419
v -0.055684 0.0632985 0.178731
v -0.060029 0.0598965 0.178494
v -0.059793 0.0605155 0.178755
v -0.064965 0.0560375 0.178754
v -0.069768 0.0507915 0.178743
v -0.071904 0.0474685 0.178423
v -0.070223 0.0497135 0.178493
v -0.073628 0.0452835 0.178683
v -0.080499 0.0307345 0.178414
v -0.079631 0.0332055 0.178499
v -0.079471 0.0344325 0.17874
v -0.081468 0.0276235 0.178496
v -0.082313 0.0255945 0.17874
v -0.083598 0.0189495 0.17876
v -0.083994 0.0121945 0.178738
v -0.083859 0.0077795 0.178695
v -0.083541 0.0031905 0.178743
v -0.082313 -0.0038315 0.17874
v -0.079988 -0.0114855 0.178755
v -0.07798 -0.0153145 0.178417
v -0.076351 -0.0186175 0.178493
v -0.077119 -0.0178865 0.178753
v -0.07075 -0.0272665 0.178403
v -0.07074 -0.0274985 0.178622
v -0.071978 -0.0262865 0.178756
v -0.066409 -0.0328315 0.178754
v -0.060086 -0.0380885 0.178493
v -0.061164 -0.0376335 0.178743
v -0.053044 -0.0433755 0.178756
v -0.046799 -0.0461405 0.178405
v -0.047396 -0.0460895 0.178695
v -0.043577 -0.0474965 0.178499
v -0.043663 -0.0478505 0.17876
v -0.037298 -0.0497755 0.178733
v -0.031183 -0.0508325 0.178433
v -0.03006 -0.0513105 0.178743
v -0.022566 -0.0518595 0.178738
v -0.015616 -0.0515645 0.17867
v -0.013152 -0.0514665 0.178762
v -0.006521 -0.0501775 0.178742
v -0.000694 -0.0481205 0.178403
v 0.002298 -0.0473365 0.17874
v 0.008246 -0.0442165 0.178493
v 0.010539 -0.0433765 0.178757
v 0.016877 -0.0386295 0.178404
v 0.017095 -0.0387855 0.178735
v 0.020326 -0.0357565 0.17841
v 0.022475 -0.0342675 0.178756
v 0.024873 -0.0312645 0.178403
v 0.027608 -0.0281035 0.178501
v 0.027354 -0.0289495 0.178755
v 0.030866 -0.0235965 0.178488
v 0.033004 -0.0209105 0.178757
v 0.035718 -0.0152615 0.178695
v 0.037477 -0.0115665 0.178765
v 0.037589 -0.0101915 0.178501
v 0.038967 -0.0058815 0.178507
v 0.039473 -0.0053265 0.178761
v 0.040592 0.0005895 0.178693
v 0.041307 0.0030665 0.178771
v 0.041289 0.0064605 0.178696
v 0.037131 0.0332355 0.178516
v 0.030908 0.0453005 0.178491
v 0.027673 0.0497955 0.178508
v 0.015334 0.0615325 0.178423
v 0.008184 0.0660335 0.178511
v 0.004292 0.0679025 0.178405
v -0.030886 0.0726305 0.178412
v -0.063161 0.0572315 0.178409
v -0.064906 0.0556385 0.178515
v -0.067883 0.0524735 0.178416
v -0.074699 0.0432845 0.17842
v -0.076406 0.0403185 0.178511
v -0.078275 0.0364265 0.178404
v -0.082121 0.0249945 0.17842
v -0.083566 0.0060925 0.178412
v -0.082851 0.0003125 0.17842
v -0.081953 -0.0039275 0.178411
v -0.08147 -0.0058955 0.178507
v -0.080255 -0.0096785 0.178403
v -0.073415 -0.0235375 0.178491
v -0.067604 -0.0310265 0.178409
v -0.06601 -0.0327715 0.178515
v -0.037051 -0.0495785 0.178406
v -0.027809 -0.0512915 0.178515
v 0.004943 -0.0458455 0.178417
v 0.040199 0.0249975 0.171771
v 0.010725 0.0650525 0.171759
v -0.007136 0.0723335 0.171771
v -0.03537 0.0723335 0.171771
v -0.053721 0.0649485 0.171771
v -0.069718 0.0512425 0.171771
v -0.076332 0.0412025 0.17176
v -0.083183 0.0228225 0.171771
v -0.084196 0.0132555 0.171771
v -0.082177 -0.0052855 0.171771
v 0.045846 0.0079335 0.17178
v 0.036793 -0.0229075 0.171786
v 0.029011 -0.0335265 0.171774
v -0.00984 -0.0552265 0.171773
v -0.032287 -0.0553785 0.171784
v -0.085825 0.0293015 0.171784
v 0.035321 0.0469425 0.171774
v 0.038886 0.0406465 0.171778
v 0.042218 0.0327825 0.171777
v -0.01542 0.0777215 0.171773
v -0.062 -0.0424235 0.171777
v 0.040195 0.0250105 0.174771
v 0.026001 0.0526555 0.174771
v -0.082197 0.0269625 0.174771
v -0.084095 0.0120465 0.174783
v -0.062303 -0.0369635 0.174771
v -0.055375 -0.0418915 0.174782
v -0.042737 -0.0481855 0.174784
v -0.033635 -0.0509425 0.174771
v -0.023173 -0.0518615 0.174795
v -0.007884 -0.0507075 0.174771
v 0.016343 -0.0395225 0.174783
v 0.034578 -0.0179575 0.174792
v 0.03774 -0.0108545 0.174783
v 0.040342 -0.0023425 0.174771
v -0.078257 -0.0245005 0.174762
v -0.081435 -0.0188135 0.17476
v -0.084202 -0.0124095 0.174758
v -0.088247 0.0069025 0.174765
v -0.086172 0.0278745 0.174761
v -0.079841 0.0436055 0.17476
v -0.06616 0.0608175 0.174762
v -0.059548 0.0659915 0.174756
v -0.039663 0.0754525 0.174759
v -0.032673 0.0769925 0.174766
v -0.020858 0.0779625 0.174767
v -0.007285 0.0765775 0.17476
v 0.009824 0.0703965 0.174763
v 0.018495 0.0649765 0.174761
v 0.001207 0.0695885 0.164756
v -0.03537 0.0723325 0.164771
v -0.043763 0.0695825 0.164761
v -0.061145 0.0597155 0.164771
v -0.073494 0.0461215 0.164771
v -0.082837 0.0242805 0.164771
v -0.083995 0.0093915 0.164741
v -0.083428 0.0005315 0.164771
v -0.078244 -0.0160265 0.164771
v 0.041779 0.0110015 0.164771
v -0.009841 -0.0552255 0.164773
v -0.050804 -0.0493535 0.164774
v -0.067166 -0.0380675 0.164774
v -0.087547 0.0217115 0.164783
v -0.070765 0.0562795 0.164787
v 0.019494 0.0641865 0.164777
v -0.017351 0.0735365 0.164752
v -0.081699 0.0400185 0.164774
v -0.088419 0.0106675 0.164781
v -0.08725 -0.0011835 0.164773
v -0.072465 -0.0259355 0.164771
v 0.001985 -0.0520745 0.164777
v 0.024053 -0.0327105 0.16476
v 0.036089 0.0370885 0.167771
v 0.031519 0.0450025 0.167782
v -0.055797 -0.0418605 0.167771
v -0.046559 -0.0468345 0.167771
v -0.026786 -0.0517535 0.167783
v -0.019721 -0.0519575 0.167783
v -0.009979 -0.0511585 0.167771
v 0.041459 0.0043375 0.167771
v 0.019499 -0.0424345 0.167759
v -0.007275 -0.0548105 0.167761
v -0.023621 -0.0562285 0.167764
v -0.035231 -0.0548105 0.167761
v -0.080986 -0.0197015 0.167767
v -0.084202 -0.0124095 0.167758
v -0.086945 -0.0030965 0.167761
v -0.088247 0.0069025 0.167765
v -0.087536 0.0212685 0.167766
v -0.086172 0.0278745 0.167761
v -0.059548 0.0659915 0.167756
v -0.032673 0.0769925 0.167766
v -0.003255 0.0755335 0.167766
v 0.014128 0.0678855 0.167762
v 0.033869 0.0491445 0.167759
v 0.043644 0.0281845 0.167761
v 0.020933 0.0574995 0.157756
v -0.007136 0.0723335 0.157771
v -0.024233 0.0736845 0.157758
v -0.03537 0.0723335 0.157771
v -0.04323 0.0696725 0.157743
v -0.053228 0.0650505 0.157757
v -0.078319 0.0377515 0.157771
v -0.081988 0.0276785 0.157771
v -0.083857 0.0168605 0.157757
v -0.084084 0.0055745 0.157771
v -0.07965 -0.0124335 0.157758
v 0.016329 -0.0395325 0.157759
v 0.042463 -0.0102145 0.157777
v 0.023654 -0.0390545 0.157779
v -0.009834 -0.0552295 0.157775
v -0.032294 -0.0553965 0.157797
v -0.074555 -0.0298905 0.157782
v 0.045242 0.0198655 0.157775
v 0.038415 0.0315685 0.160771
v 0.028021 0.0502525 0.160771
v -0.049937 -0.0450165 0.160794
v -0.030535 -0.0513045 0.160781
v -0.020343 -0.0521245 0.160771
v -0.009996 -0.0511625 0.160771
v 0.012446 -0.0420625 0.160793
v 0.027759 -0.0288465 0.160771
v 0.04147 0.0044195 0.160771
v -0.080986 -0.0196945 0.160768
v -0.084182 -0.0124285 0.160764
v -0.088236 0.0068515 0.160767
v -0.086175 0.0278385 0.160764
v -0.063329 0.0631985 0.160762
v -0.05079 0.0711445 0.160761
v -0.044508 0.0738265 0.160767
v -0.003281 0.0755345 0.160768
v 0.00848 0.0710305 0.160765
v 0.019681 0.0588235 0.160771
v -0.077054 -0.0180295 0.160789
v -0.07455 -0.0298705 0.160766
v 0.045844 0.0117855 0.160767
v 0.038961 -0.0058615 0.171496
v 0.037992 -0.0089705 0.171414
v 0.032893 -0.0202985 0.171411
v 0.029193 -0.0259955 0.171422
v 0.025918 -0.0301195 0.171398
v 0.014797 -0.0401765 0.171423
v 0.010286 -0.0430615 0.171418
v -0.010662 -0.0507205 0.171478
v -0.016465 -0.0514315 0.171412
v -0.02953 -0.0510485 0.171406
v -0.043577 -0.0474965 0.171499
v -0.052433 -0.0432645 0.17141
v -0.058953 -0.0389705 0.171419
v -0.062846 -0.0357485 0.171416
v -0.071036 -0.0269085 0.171416
v -0.079337 -0.0121595 0.171414
v -0.078275 0.0364265 0.171405
v -0.048223 0.0672625 0.1714
v -0.030886 0.0726305 0.171412
v 0.001071 0.0692595 0.171499
v 0.024349 0.0536225 0.171398
v 0.039311 0.0263075 0.171412
v 0.037928 0.0309305 0.16813
v 0.028599 0.0485815 0.168123
v 0.0224 0.0556385 0.168027
v 0.004943 0.0676075 0.168125
v -0.000694 0.0698835 0.168138
v -0.004476 0.0710985 0.168034
v -0.010684 0.0724785 0.168122
v -0.02398 0.0733055 0.168134
v -0.03368 0.0721315 0.168127
v -0.038245 0.0710095 0.168124
v -0.04194 0.0698635 0.168042
v -0.045665 0.0684075 0.168149
v -0.050691 0.0660335 0.16803
v -0.052433 0.0650275 0.168131
v -0.055388 0.0632305 0.168049
v -0.067604 0.0527895 0.168133
v -0.071036 0.0486715 0.168126
v -0.07874 0.0353825 0.168153
v -0.080722 0.0301055 0.168137
v -0.082046 0.0253255 0.168127
v -0.083003 0.0205145 0.16813
v -0.083738 0.0120055 0.168142
v -0.083681 0.0079005 0.168035
v -0.083019 0.0013465 0.168128
v -0.080068 -0.0102635 0.16814
v -0.078133 -0.0149905 0.168129
v -0.015855 -0.0513665 0.168136
v 0.008313 -0.0441815 0.168047
v -0.04114 -0.0483515 0.178413
v 0.032893 0.0420615 0.175131
v 0.031096 0.0450165 0.175049
v 0.022175 0.0558315 0.175142
v 0.012132 0.0637195 0.175118
v 0.004943 0.0676075 0.175125
v -0.004914 0.0712065 0.175134
v -0.01837 0.0733125 0.17504
v -0.04194 0.0698635 0.175042
v -0.045665 0.0684075 0.175149
v -0.050691 0.0660335 0.17503
v -0.053657 0.0643275 0.175121
v -0.05784 0.0615325 0.175118
v -0.063916 0.0565585 0.175142
v -0.067604 0.0527895 0.175133
v -0.071036 0.0486715 0.175126
v -0.074638 0.0433835 0.175123
v -0.083003 0.0205145 0.17513
v -0.083723 0.0094595 0.175153
v -0.083426 0.0043255 0.175027
v -0.083019 0.0013465 0.175128
v -0.081844 -0.0044465 0.175127
v -0.080499 -0.0089715 0.175128
v -0.077681 -0.0159925 0.175141
v -0.074699 -0.0215215 0.175121
v -0.071699 -0.0259955 0.17512
v -0.043496 -0.0475285 0.175042
v -0.039564 -0.0488745 0.175131
v -0.026042 -0.0514315 0.17513
v 0.004292 -0.0461405 0.175137
v 0.009926 -0.0432645 0.175131
v 0.029157 -0.0260425 0.175124
v 0.037997 -0.0089485 0.175134
v 0.041038 0.0058145 0.175043
v 0.041232 0.0098195 0.175144
v 0.041175 0.0083335 0.178412
v 0.040872 0.0040965 0.178396
v 0.040222 -0.0002855 0.178405
v 0.039553 -0.0035085 0.178416
v 0.036093 -0.0139705 0.178399
v 0.033809 -0.0186855 0.178495
v 0.0325 -0.0209675 0.178419
v 0.028927 -0.0263435 0.178408
v 0.022283 -0.0339645 0.178497
v 0.013167 -0.0412795 0.178491
v 0.010582 -0.0428825 0.178423
v 0.001101 -0.0475035 0.178516
v -0.004476 -0.0493355 0.178507
v -0.007778 -0.0501465 0.17842
v -0.013555 -0.0511395 0.178413
v -0.018095 -0.0515205 0.178413
v -0.022247 -0.0516065 0.178399
v -0.050691 -0.0442705 0.178511
v -0.052637 -0.0431505 0.178418
v -0.0567 -0.0405965 0.178472
v -0.062846 -0.0357475 0.178416
v -0.075017 -0.0209535 0.178423
v -0.079638 -0.0114725 0.178516
v -0.083741 0.0118745 0.178399
v -0.083426 0.0174375 0.178515
v -0.083019 0.0204155 0.178413
v -0.057831 0.0615365 0.178418
v -0.041083 0.0701315 0.178408
v -0.025182 0.0732525 0.178397
v -0.019832 0.0733515 0.178389
v -0.00714 0.0717495 0.17842
v 0.02141 0.0565585 0.1784
v 0.028938 0.0480945 0.178412
v 0.035473 0.0370785 0.178417
v 0.038216 0.0301055 0.178404
v 0.039775 0.0243565 0.178419
v 0.04077 0.0185605 0.178414
v 0.040513 0.0013465 0.157413
v 0.039337 -0.0044455 0.157414
v 0.037561 -0.0102635 0.157402
v 0.035787 -0.0146175 0.1574
v 0.033702 -0.0188845 0.1574
v 0.029193 -0.0259955 0.157422
v 0.01596 -0.0393095 0.157412
v 0.008246 -0.0442165 0.157493
v -0.000694 -0.0481205 0.157403
v -0.004914 -0.0494435 0.157408
v -0.010684 -0.0507165 0.15742
v -0.02953 -0.0510485 0.157406
v -0.036581 -0.0497095 0.157415
v -0.041106 -0.0483645 0.157414
v -0.048127 -0.0455465 0.157401
v -0.064845 -0.0339085 0.157496
v -0.073501 -0.0233905 0.15741
v -0.075403 -0.0202865 0.157404
v -0.082123 -0.0032135 0.157413
v -0.083501 0.0055125 0.157399
v -0.083287 0.0184705 0.157413
v -0.063121 0.0572695 0.157413
v -0.052792 0.0648235 0.157418
v -0.001401 0.0701265 0.157414
v 0.009926 0.0650275 0.15741
v 0.025097 0.0527895 0.157409
v 0.035775 0.0364065 0.157399
v 0.039311 0.0263075 0.157412
v 0.040496 0.0205145 0.157411
v 0.016049 0.0609765 0.155164
v 0.010683 0.0645315 0.155053
v 0.003599 0.0681515 0.155022
v -0.004801 0.0711505 0.155158
v -0.009285 0.0721785 0.155151
v -0.013601 0.0728825 0.155152
v -0.024546 0.0732675 0.155189
v -0.033016 0.0722175 0.155151
v -0.041442 0.0699975 0.155183
v -0.056314 0.0625815 0.155166
v -0.062817 0.0574705 0.155045
v -0.065012 0.0554255 0.155064
v -0.06827 0.0520275 0.155157
v -0.074076 0.0442255 0.155163
v -0.077912 0.0371625 0.15515
v -0.07883 0.0350285 0.155024
v -0.080189 0.0315555 0.155154
v -0.081522 0.0273335 0.155158
v -0.082551 0.0228495 0.155151
v -0.083257 0.0185195 0.155152
v -0.083695 0.0128415 0.15516
v -0.083427 0.0046735 0.155277
v -0.082557 -0.0010645 0.155073
v -0.081152 -0.0069125 0.155279
v -0.076464 -0.0183835 0.155275
v -0.071679 -0.0259925 0.15519
v -0.063962 -0.0347205 0.155163
v -0.042459 -0.0478855 0.155161
v -0.037293 -0.0494635 0.155047
v -0.033459 -0.0503995 0.155279
v -0.027994 -0.0512265 0.155158
v -0.017548 -0.0514725 0.155157
v 0.017734 -0.0378885 0.155051
v 0.027109 -0.0285965 0.155041
v -0.031326 -0.0507905 0.164411
v 0.039332 -0.0044685 0.164417
v 0.037125 -0.0114425 0.164499
v 0.035768 -0.0146645 0.164405
v 0.032193 -0.0215225 0.164421
v 0.023536 -0.0327115 0.164496
v 0.020912 -0.0352285 0.164403
v 0.015959 -0.0393095 0.164412
v 0.012132 -0.0419575 0.164424
v 0.007947 -0.0443795 0.164491
v -0.019764 -0.0516065 0.164413
v -0.053657 -0.0425645 0.164421
v -0.062846 -0.0357485 0.164416
v -0.077259 -0.0168625 0.164413
v -0.071105 0.0485815 0.164419
v -0.053755 0.0642665 0.164419
v -0.03668 0.0714455 0.164413
v -0.001401 0.0701265 0.164414
v 0.001071 0.0692595 0.164499
v 0.009927 0.0650275 0.16441
v 0.016447 0.0607335 0.164419
v 0.02141 0.0565585 0.1644
v 0.025097 0.0527895 0.164409
v 0.036832 0.0339185 0.164415
v 0.04117 0.0136415 0.161125
v 0.031646 0.0441685 0.161118
v 0.026247 0.0514885 0.161142
v 0.022175 0.0558315 0.161142
v 0.017333 0.0600505 0.161135
v 0.012132 0.0637195 0.161118
v 0.004943 0.0676075 0.161125
v 0.001101 0.0692655 0.161026
v -0.000694 0.0698835 0.161138
v -0.004476 0.0710985 0.161034
v -0.010684 0.0724785 0.161122
v -0.02398 0.0733055 0.161134
v -0.028441 0.0729565 0.161139
v -0.03368 0.0721315 0.161127
v -0.04194 0.0698635 0.161042
v -0.070179 0.0497955 0.161033
v -0.071444 0.0480945 0.16113
v -0.073415 0.0453005 0.16105
v -0.07798 0.0370775 0.161125
v -0.079638 0.0332355 0.161026
v -0.080255 0.0314405 0.161138
v -0.083672 0.0137305 0.161134
v -0.083723 0.0094595 0.161153
v -0.083388 0.0041735 0.161142
v -0.082676 -0.0006405 0.161055
v -0.080096 -0.0101915 0.16104
v -0.076338 -0.0186405 0.16105
v -0.071434 -0.0263435 0.161134
v 0.016447 -0.0389705 0.161123
v 0.024857 -0.0312845 0.161138
v 0.035473 -0.0153155 0.161124
v 0.037131 -0.0114725 0.161026
v 0.037749 -0.0096775 0.161138
v 0.039869 -0.0021195 0.161133
v 0.034472 0.0383535 0.154789
v 0.046189 0.0106515 0.172054
v 0.046092 0.0149165 0.172181
v 0.045239 0.0198545 0.171774
v 0.045695 0.0186755 0.171984
v 0.044823 0.0237165 0.171867
v 0.043896 0.0281605 0.171985
v 0.041987 0.0342195 0.171994
v 0.039925 0.0393135 0.172088
v 0.0378 0.0433695 0.171981
v 0.035058 0.0478715 0.171973
v 0.031038 0.0530015 0.17178
v 0.032062 0.0521165 0.171981
v 0.029106 0.0557365 0.172053
v 0.024993 0.0595215 0.17178
v 0.026788 0.0582145 0.172068
v 0.024448 0.0604745 0.17205
v 0.019661 0.0644815 0.172018
v 0.016168 0.0670075 0.172155
v 0.013921 0.0684085 0.172009
v 0.008498 0.0711355 0.171793
v 0.008798 0.0712985 0.172146
v 0.002729 0.0739535 0.172159
v 0.002076 0.0739775 0.171846
v -0.004101 0.0759915 0.171915
v -0.010227 0.0772175 0.171838
v -0.012977 0.0778455 0.172151
v -0.017433 0.0782165 0.172029
v -0.024423 0.0779575 0.171784
v -0.022335 0.0783065 0.172024
v -0.025235 0.0782285 0.172163
v -0.032668 0.0769895 0.171774
v -0.029044 0.0778295 0.171984
v -0.033848 0.0770715 0.171977
v -0.038224 0.0758645 0.171805
v -0.038534 0.0760305 0.171984
v -0.044492 0.0738375 0.171777
v -0.044593 0.0741205 0.171994
v -0.052352 0.0703905 0.171777
v -0.049685 0.0720595 0.172088
v -0.053741 0.0699355 0.171981
v -0.058243 0.0671925 0.171974
v -0.058281 0.0668415 0.171773
v -0.062488 0.0641975 0.171981
v -0.06635 0.0606385 0.171777
v -0.066107 0.0612405 0.172053
v -0.068586 0.0589235 0.172068
v -0.070915 0.0565355 0.172156
v -0.074226 0.0526835 0.172161
v -0.074682 0.0517635 0.171853
v -0.078356 0.0460835 0.171774
v -0.078782 0.0460555 0.172009
v -0.080906 0.0423765 0.172151
v -0.083482 0.0362055 0.171789
v -0.081595 0.0406305 0.171853
v -0.083066 0.0379485 0.172163
v -0.084846 0.0333285 0.172049
v -0.086364 0.0280335 0.171915
v -0.08634 0.0286775 0.172157
v -0.087496 0.0220135 0.171782
v -0.087455 0.0238255 0.17215
v -0.088217 0.0191575 0.172151
v -0.088589 0.0147025 0.17203
v -0.088709 0.0106755 0.172161
v -0.088354 0.0067235 0.171828
v -0.08725 -0.0011835 0.171773
v -0.088201 0.0030895 0.171984
v -0.087443 -0.0017135 0.171977
v -0.086236 -0.0060885 0.171805
v -0.086402 -0.0063995 0.171984
v -0.083869 -0.0132735 0.171774
v -0.084493 -0.0124585 0.171994
v -0.082267 -0.0175555 0.171864
v -0.078247 -0.0244985 0.171776
v -0.080307 -0.0216065 0.171981
v -0.077564 -0.0261085 0.171974
v -0.074569 -0.0303535 0.171981
v -0.068742 -0.0366155 0.171782
v -0.071613 -0.0339735 0.172053
v -0.069295 -0.0364515 0.172068
v -0.066954 -0.0387125 0.17205
v -0.064296 -0.0410605 0.172159
v -0.062167 -0.0427185 0.172018
v -0.056642 -0.0461085 0.171776
v -0.056428 -0.0466465 0.172009
v -0.052749 -0.0487715 0.172152
v -0.050362 -0.0499455 0.172015
v -0.045236 -0.0521905 0.17216
v -0.044581 -0.0522165 0.171847
v -0.039176 -0.0537845 0.171774
v -0.038405 -0.0542295 0.171915
v -0.034197 -0.0553205 0.172151
v -0.026225 -0.0561935 0.171842
v -0.029529 -0.0560825 0.172151
v -0.024407 -0.0565085 0.172171
v -0.01853 -0.0562085 0.171777
v -0.020171 -0.0565435 0.172024
v -0.013462 -0.0560675 0.171984
v -0.008659 -0.0553095 0.171977
v -0.004283 -0.0541015 0.171805
v -0.003973 -0.0542675 0.171984
v 0.002388 -0.0519225 0.171774
v 0.002086 -0.0523585 0.171994
v 0.007184 -0.0501315 0.171864
v 0.013949 -0.0462215 0.171774
v 0.011235 -0.0481725 0.171981
v 0.015737 -0.0454295 0.171974
v 0.019495 -0.0424295 0.171779
v 0.019982 -0.0424345 0.171981
v 0.024956 -0.0377815 0.171776
v 0.023601 -0.0394785 0.172053
v 0.026079 -0.0371605 0.172068
v 0.028409 -0.0347725 0.172155
v 0.032933 -0.0287445 0.171779
v 0.030181 -0.0327255 0.172017
v 0.03283 -0.0294375 0.172164
v 0.034415 -0.0271645 0.172012
v 0.037558 -0.0222025 0.172152
v 0.040923 -0.0147245 0.17183
v 0.039574 -0.0182275 0.172015
v 0.042472 -0.0101635 0.171774
v 0.042978 -0.0093205 0.171915
v 0.044451 -0.0030675 0.17178
v 0.045512 0.0027595 0.171842
v 0.046017 0.0056365 0.172164
v 0.045933 0.0134655 0.17183
v 0.019494 0.0641865 0.171777
v 0.014127 0.0678825 0.171778
v -0.003281 0.0755345 0.171774
v -0.071798 0.0551225 0.171785
v -0.088157 0.0159365 0.171777
v -0.088425 0.0106135 0.171785
v -0.074088 -0.0304885 0.171775
v -0.050987 -0.0492685 0.171777
v 0.045242 -0.0005665 0.172144
v 0.043834 -0.0069135 0.172157
v 0.041819 -0.0131005 0.172159
v 0.019048 -0.0432555 0.172282
v 0.013304 -0.0470905 0.172282
v 0.007261 -0.0502885 0.172278
v 0.001059 -0.0528115 0.172282
v -0.005208 -0.0546705 0.172285
v -0.011472 -0.0558915 0.172282
v -0.039049 -0.0542055 0.172158
v -0.058674 -0.0452445 0.172155
v -0.082423 -0.0176335 0.172278
v -0.043565 0.0745745 0.172282
v 0.021789 0.0628225 0.172159
v 0.032884 0.0511825 0.172282
v 0.044299 0.0269265 0.172285
v 0.04552 0.0206615 0.172282
v 0.04598 0.0127145 0.174699
v 0.045241 0.0218765 0.174565
v 0.043644 0.0281845 0.174761
v 0.043897 0.0281605 0.174557
v 0.040961 0.0362595 0.174748
v 0.040074 0.0387995 0.174559
v 0.0378 0.0433695 0.17456
v 0.037322 0.0436245 0.174759
v 0.035058 0.0478715 0.174568
v 0.033869 0.0491435 0.174759
v 0.029913 0.0543055 0.174759
v 0.024184 0.0603655 0.174751
v 0.019982 0.0641975 0.17456
v 0.015737 0.0671925 0.174568
v 0.011235 0.0699355 0.17456
v 0.007179 0.0720595 0.174453
v 0.002238 0.0740925 0.174511
v 0.001948 0.0738635 0.17476
v -0.003973 0.0760305 0.174557
v -0.010259 0.0773745 0.174565
v -0.016279 0.0779555 0.1747
v -0.026228 0.0779555 0.1747
v -0.032248 0.0773745 0.174565
v -0.038534 0.0760305 0.174557
v -0.046631 0.0730955 0.174748
v -0.049171 0.0722085 0.174559
v -0.053997 0.0694575 0.174759
v -0.053741 0.0699355 0.17456
v -0.058243 0.0671925 0.174568
v -0.071766 0.0551695 0.17475
v -0.07457 0.0521155 0.17456
v -0.076391 0.0491125 0.174761
v -0.077565 0.0478715 0.174568
v -0.080308 0.0433685 0.17456
v -0.082432 0.0393135 0.174454
v -0.084464 0.0343725 0.174512
v -0.083644 0.0357585 0.174754
v -0.086402 0.0281625 0.174557
v -0.087747 0.0218765 0.174565
v -0.087536 0.0212685 0.174766
v -0.088327 0.0158495 0.1747
v -0.088502 0.0108815 0.174696
v -0.08841 0.0060215 0.174626
v -0.087746 -0.0001135 0.174566
v -0.086402 -0.0063995 0.174557
v -0.086945 -0.0030965 0.174761
v -0.082581 -0.0170365 0.174558
v -0.080307 -0.0216065 0.17456
v -0.077565 -0.0261085 0.174568
v -0.073505 -0.0312865 0.17476
v -0.068806 -0.0366725 0.174696
v -0.065984 -0.0392315 0.174751
v -0.062005 -0.0424345 0.17476
v -0.063457 -0.0417185 0.174486
v -0.059655 -0.0445035 0.174569
v -0.056668 -0.0461735 0.174738
v -0.053741 -0.0481725 0.17456
v -0.049171 -0.0504455 0.174559
v -0.044593 -0.0523585 0.174548
v -0.044439 -0.0521015 0.174761
v -0.038534 -0.0542675 0.174557
v -0.032248 -0.0556115 0.174566
v -0.025372 -0.0564245 0.174524
v -0.016279 -0.0561925 0.1747
v -0.010259 -0.0556125 0.174565
v -0.009621 -0.0551935 0.174765
v -0.003973 -0.0542675 0.174557
v -0.002844 -0.0536895 0.174759
v 0.004125 -0.0513335 0.174748
v 0.006665 -0.0504455 0.174559
v 0.01149 -0.0476945 0.174759
v 0.011235 -0.0481725 0.17456
v 0.015737 -0.0454295 0.174568
v 0.01701 -0.0442415 0.174759
v 0.022171 -0.0402845 0.174759
v 0.028232 -0.0345555 0.174751
v 0.032062 -0.0303545 0.17456
v 0.032909 -0.0287725 0.174763
v 0.035057 -0.0261085 0.174568
v 0.037334 -0.0218415 0.17476
v 0.0378 -0.0216065 0.17456
v 0.040493 -0.0154515 0.174756
v 0.041987 -0.0124575 0.174547
v 0.043897 -0.0063975 0.174557
v 0.044339 -0.0032395 0.174761
v 0.044938 -0.0017135 0.174564
v 0.045695 0.0030875 0.174557
v 0.04592 0.0077215 0.174696
v 0.045573 0.0176185 0.174758
v -0.051837 -0.0488505 0.174767
v -0.035221 -0.0548145 0.17476
v -0.023621 -0.0562285 0.174764
v 0.042825 -0.0090365 0.174761
v 0.045431 0.0033765 0.174764
v 0.046208 0.0120465 0.174384
v 0.021144 -0.0415625 0.174486
v 0.007501 -0.0501765 0.174266
v 0.003316 -0.0519445 0.174377
v -0.021173 -0.0565665 0.17446
v -0.028354 -0.0562085 0.174374
v -0.034161 -0.0553595 0.174258
v -0.058726 -0.0452505 0.174259
v -0.071451 -0.0341525 0.174488
v -0.073697 -0.0315155 0.174486
v -0.075805 -0.0287645 0.174484
v -0.079087 -0.0239085 0.174263
v -0.082311 -0.0178725 0.174266
v -0.084059 -0.0136905 0.174475
v -0.085149 -0.0106875 0.17449
v -0.086744 -0.0054125 0.17426
v -0.087991 0.0008555 0.174261
v -0.088559 0.0062875 0.174406
v -0.088723 0.0123175 0.174359
v -0.088343 0.0179815 0.174374
v -0.087494 0.0237885 0.174258
v -0.085957 0.0300645 0.174257
v -0.079225 0.0454385 0.17426
v -0.07539 0.0511825 0.17426
v -0.071443 0.0559685 0.174361
v -0.066287 0.0610795 0.174488
v -0.06365 0.0633245 0.174486
v -0.060899 0.0654335 0.174484
v -0.056043 0.0687145 0.174263
v -0.050007 0.0719395 0.174266
v -0.042822 0.0747765 0.17449
v -0.037547 0.0763725 0.17426
v -0.031279 0.0776185 0.174261
v -0.025847 0.0781865 0.174407
v -0.021333 0.0783295 0.17446
v -0.014153 0.0779715 0.174375
v -0.008345 0.0771225 0.174258
v -0.00207 0.0755855 0.174257
v 0.013304 0.0688535 0.17426
v 0.019048 0.0650185 0.17426
v 0.023834 0.0610715 0.174362
v 0.046189 0.0106515 0.165054
v 0.046092 0.0149165 0.165181
v 0.045477 0.0179385 0.164773
v 0.045695 0.0186755 0.164984
v 0.044938 0.0234755 0.164977
v 0.042256 0.0327045 0.164783
v 0.043896 0.0281605 0.164985
v 0.041987 0.0342195 0.164994
v 0.038761 0.0408905 0.164774
v 0.039925 0.0393135 0.165088
v 0.034835 0.0477545 0.164777
v 0.0378 0.0433695 0.164981
v 0.035058 0.0478715 0.164974
v 0.029901 0.0544075 0.164805
v 0.032062 0.0521165 0.164981
v 0.029106 0.0557365 0.165053
v 0.025695 0.0588475 0.164774
v 0.026788 0.0582145 0.165068
v 0.024448 0.0604745 0.16505
v 0.019661 0.0644815 0.165018
v 0.013921 0.0684085 0.165009
v 0.008498 0.0711345 0.164793
v 0.002076 0.0739775 0.164846
v -0.004101 0.0759925 0.164915
v -0.010227 0.0772175 0.164838
v -0.00831 0.0770835 0.165151
v -0.012977 0.0778455 0.165151
v -0.017432 0.0782165 0.165029
v -0.024428 0.0779505 0.164781
v -0.022335 0.0783065 0.165024
v -0.025235 0.0782285 0.165163
v -0.032671 0.0769915 0.164775
v -0.029044 0.0778295 0.164984
v -0.033848 0.0770715 0.164977
v -0.038223 0.0758645 0.164805
v -0.038534 0.0760305 0.164984
v -0.044508 0.0738265 0.164775
v -0.044593 0.0741205 0.164994
v -0.052331 0.0704095 0.16478
v -0.049685 0.0720595 0.165088
v -0.053741 0.0699355 0.164981
v -0.058286 0.0668365 0.164773
v -0.058243 0.0671925 0.164974
v -0.064673 0.0620415 0.164779
v -0.062488 0.0641975 0.164981
v -0.066107 0.0612405 0.165053
v -0.074576 0.0516005 0.164776
v -0.073122 0.0539805 0.165052
v -0.07881 0.0455245 0.164795
v -0.076923 0.0489265 0.165012
v -0.080065 0.0439645 0.165151
v -0.082081 0.0399895 0.165015
v -0.08435 0.0342115 0.164846
v -0.086291 0.0277275 0.164784
v -0.088327 0.0158495 0.164842
v -0.088217 0.0191575 0.165151
v -0.088354 0.0067235 0.164828
v -0.088201 0.0030895 0.164984
v -0.087443 -0.0017135 0.164977
v -0.086236 -0.0060885 0.164805
v -0.086402 -0.0063995 0.164984
v -0.084493 -0.0124585 0.164994
v -0.082267 -0.0175555 0.164864
v -0.080307 -0.0216065 0.164981
v -0.077564 -0.0261085 0.164974
v -0.07357 -0.0311945 0.16478
v -0.074569 -0.0303535 0.164981
v -0.071613 -0.0339735 0.165053
v -0.069295 -0.0364515 0.165068
v -0.066954 -0.0387125 0.16505
v -0.062183 -0.0424915 0.164842
v -0.063056 -0.0420905 0.165161
v -0.056757 -0.0460395 0.164776
v -0.056428 -0.0466465 0.165009
v -0.052748 -0.0487715 0.165152
v -0.050362 -0.0499455 0.165015
v -0.044581 -0.0522165 0.164847
v -0.045236 -0.0521905 0.16516
v -0.038301 -0.0541115 0.164788
v -0.039049 -0.0542055 0.165158
v -0.032248 -0.0553895 0.164787
v -0.026388 -0.0560125 0.164776
v -0.029529 -0.0560825 0.165151
v -0.025074 -0.0564545 0.165029
v -0.018079 -0.0561875 0.164781
v -0.020171 -0.0565435 0.165024
v -0.013462 -0.0560675 0.164984
v -0.008659 -0.0553095 0.164977
v -0.004283 -0.0541015 0.164805
v -0.003973 -0.0542675 0.164984
v 0.002086 -0.0523585 0.164994
v 0.008325 -0.0493525 0.164777
v 0.007179 -0.0502975 0.165088
v 0.013946 -0.0462255 0.164775
v 0.011235 -0.0481725 0.164981
v 0.015737 -0.0454295 0.164974
v 0.019495 -0.0424295 0.164779
v 0.019982 -0.0424345 0.164981
v 0.024992 -0.0377735 0.164785
v 0.023601 -0.0394775 0.165053
v 0.026079 -0.0371605 0.165068
v 0.029001 -0.0335355 0.164773
v 0.02834 -0.0348195 0.16505
v 0.03212 -0.0300485 0.164842
v 0.031719 -0.0309215 0.165161
v 0.035667 -0.0246235 0.164776
v 0.034873 -0.0265395 0.165155
v 0.036274 -0.0242945 0.165009
v 0.0384 -0.0206135 0.165153
v 0.038988 -0.0186655 0.164775
v 0.039574 -0.0182275 0.165015
v 0.041279 -0.0138625 0.164846
v 0.041819 -0.0131005 0.16516
v 0.042913 -0.0090615 0.164792
v 0.043834 -0.0069135 0.165157
v 0.044437 -0.0032655 0.1648
v 0.045414 0.0033115 0.164774
v 0.045242 -0.0005665 0.165144
v 0.045599 0.0028615 0.164915
v 0.046017 0.0056365 0.165164
v 0.04592 0.0077215 0.164845
v 0.045933 0.0134665 0.16483
v 0.044334 0.0249925 0.164779
v 0.014136 0.0678715 0.164776
v -0.003287 0.0755355 0.164773
v -0.015418 0.0777225 0.164774
v -0.083869 -0.0132735 0.164774
v -0.078252 -0.0244995 0.164777
v 0.019048 -0.0432555 0.165282
v 0.013304 -0.0470905 0.165282
v 0.001059 -0.0528115 0.165282
v -0.005208 -0.0546705 0.165285
v -0.011472 -0.0558915 0.165282
v -0.017272 -0.0564655 0.165163
v -0.034197 -0.0553205 0.165151
v -0.058674 -0.0452445 0.165155
v -0.087455 0.0238255 0.16515
v -0.08634 0.0286775 0.165157
v -0.075337 0.0511995 0.165163
v -0.070915 0.0565355 0.165156
v 0.036719 0.0454385 0.165282
v 0.04244 0.0331935 0.165282
v 0.044299 0.0269265 0.165285
v 0.04552 0.0206615 0.165282
v 0.04598 0.0127145 0.167699
v 0.045573 0.0176185 0.167758
v 0.045241 0.0218765 0.167565
v 0.043896 0.0281605 0.167557
v 0.040961 0.0362595 0.167748
v 0.040074 0.0387985 0.167559
v 0.0378 0.0433695 0.16756
v 0.037322 0.0436245 0.167759
v 0.035058 0.0478715 0.167568
v 0.029913 0.0543055 0.167759
v 0.024184 0.0603655 0.167751
v 0.02095 0.0634815 0.167486
v 0.019519 0.0641825 0.16776
v 0.017149 0.0662655 0.167569
v 0.011235 0.0699355 0.16756
v 0.008442 0.0710625 0.16776
v 0.006665 0.0722085 0.167559
v 0.002087 0.0741205 0.167548
v 0.002042 0.0738885 0.167734
v -0.003973 0.0760305 0.167557
v -0.010259 0.0773745 0.167566
v -0.013512 0.0775965 0.167761
v -0.021266 0.0780675 0.167749
v -0.026227 0.0779555 0.1677
v -0.032248 0.0773745 0.167566
v -0.038534 0.0760305 0.167557
v -0.039663 0.0754525 0.167758
v -0.046631 0.0730955 0.167748
v -0.049171 0.0722085 0.167559
v -0.053997 0.0694575 0.167759
v -0.053741 0.0699355 0.16756
v -0.058243 0.0671925 0.167568
v -0.06616 0.0608175 0.167762
v -0.071766 0.0551695 0.16775
v -0.07457 0.0521155 0.16756
v -0.076391 0.0491125 0.167761
v -0.077565 0.0478715 0.167568
v -0.079841 0.0436055 0.16776
v -0.080308 0.0433685 0.16756
v -0.082432 0.0393135 0.167454
v -0.084464 0.0343735 0.167512
v -0.083644 0.0357585 0.167754
v -0.086402 0.0281625 0.167557
v -0.087747 0.0218765 0.167566
v -0.088327 0.0158495 0.1677
v -0.088502 0.0108815 0.167696
v -0.08841 0.0060215 0.167626
v -0.087746 -0.0001135 0.167566
v -0.086402 -0.0063995 0.167557
v -0.082581 -0.0170365 0.167559
v -0.080307 -0.0216065 0.16756
v -0.077749 -0.0257005 0.167677
v -0.074546 -0.0298945 0.167761
v -0.069911 -0.0353545 0.167759
v -0.065542 -0.0396315 0.16775
v -0.063457 -0.0417185 0.167486
v -0.059484 -0.0442565 0.167761
v -0.059655 -0.0445035 0.167569
v -0.053741 -0.0481725 0.16756
v -0.053977 -0.0477065 0.16776
v -0.049154 -0.0503925 0.167652
v -0.044593 -0.0523575 0.167548
v -0.04464 -0.0520235 0.167762
v -0.038534 -0.0542675 0.167557
v -0.032248 -0.0556115 0.167566
v -0.016279 -0.0561925 0.1677
v -0.010259 -0.0556125 0.167565
v -0.003973 -0.0542675 0.167557
v 0.006665 -0.0504455 0.167559
v 0.00933 -0.0488505 0.167767
v 0.011235 -0.0481725 0.16756
v 0.015329 -0.0456135 0.167677
v 0.025788 -0.0370955 0.167749
v 0.028857 -0.0338555 0.16775
v 0.032062 -0.0303545 0.16756
v 0.032057 -0.0299725 0.167736
v 0.035058 -0.0261085 0.167568
v 0.0378 -0.0216065 0.16756
v 0.039767 -0.0171665 0.16776
v 0.041987 -0.0124575 0.167547
v 0.043896 -0.0063975 0.167557
v 0.044339 -0.0032395 0.167761
v 0.044938 -0.0017135 0.167564
v 0.045695 0.0030875 0.167557
v 0.045431 0.0033755 0.167764
v 0.04592 0.0077215 0.167696
v 0.002037 -0.0520675 0.167758
v 0.035302 -0.0252265 0.167764
v 0.042825 -0.0090365 0.167761
v 0.046092 0.0068465 0.16736
v 0.039925 -0.0175505 0.167453
v 0.003318 -0.0519235 0.167475
v -0.025372 -0.0564245 0.167524
v -0.028354 -0.0562085 0.167374
v -0.071451 -0.0341525 0.167489
v -0.073697 -0.0315155 0.167486
v -0.075805 -0.0287645 0.167485
v -0.079087 -0.0239085 0.167263
v -0.082311 -0.0178725 0.167266
v -0.084059 -0.0136895 0.167475
v -0.085149 -0.0106875 0.16749
v -0.086744 -0.0054125 0.16726
v -0.087991 0.0008555 0.167261
v -0.088559 0.0062875 0.167406
v -0.088723 0.0123175 0.167359
v -0.088343 0.0179815 0.167374
v -0.087494 0.0237885 0.167258
v -0.085957 0.0300645 0.167257
v -0.079225 0.0454385 0.16726
v -0.07539 0.0511825 0.167259
v -0.071443 0.0559685 0.167361
v -0.066287 0.0610795 0.167488
v -0.06365 0.0633245 0.167486
v -0.060899 0.0654335 0.167484
v -0.050007 0.0719395 0.167266
v -0.042822 0.0747765 0.16749
v -0.037547 0.0763725 0.16726
v -0.031279 0.0776185 0.167261
v -0.021306 0.0783455 0.167359
v -0.017134 0.0781875 0.167524
v -0.008345 0.0771225 0.167258
v -0.00207 0.0755855 0.167257
v 0.00417 0.0733985 0.167259
v 0.010315 0.0705335 0.167261
v 0.016219 0.0670135 0.167259
v 0.023834 0.0610715 0.167362
v 0.026645 0.0583585 0.167474
v 0.028944 0.0559155 0.167488
v 0.03119 0.0532785 0.167486
v 0.03658 0.0456705 0.167263
v 0.042643 0.0324475 0.16749
v 0.045933 0.0134655 0.15783
v 0.046189 0.0106515 0.158054
v 0.046092 0.0149165 0.158181
v 0.045695 0.0186755 0.157984
v 0.044823 0.0237165 0.157867
v 0.042824 0.0308165 0.157782
v 0.043897 0.0281605 0.157985
v 0.040483 0.0372215 0.157783
v 0.041987 0.0342195 0.157994
v 0.039925 0.0393135 0.158088
v 0.037334 0.0436045 0.157781
v 0.0378 0.0433695 0.157981
v 0.033869 0.0491435 0.157782
v 0.035058 0.0478715 0.157974
v 0.028682 0.0557885 0.157779
v 0.032062 0.0521165 0.157981
v 0.029106 0.0557365 0.158053
v 0.026788 0.0582145 0.158068
v 0.023035 0.0613945 0.157792
v 0.019629 0.0643095 0.157853
v 0.013922 0.0684085 0.158009
v 0.010242 0.0705345 0.158152
v 0.003503 0.0733405 0.157785
v 0.008496 0.0712235 0.157853
v 0.001194 0.0744745 0.15805
v -0.003457 0.0759685 0.158158
v -0.004253 0.0759545 0.157842
v -0.016279 0.0779555 0.157842
v -0.0181 0.0782715 0.158171
v -0.027101 0.0777265 0.157776
v -0.022335 0.0783065 0.158024
v -0.025235 0.0782285 0.158163
v -0.029044 0.0778295 0.157984
v -0.033409 0.0770845 0.157867
v -0.038534 0.0760305 0.157985
v -0.044548 0.0738885 0.157807
v -0.044593 0.0741205 0.157994
v -0.049685 0.0720595 0.158088
v -0.053741 0.0699355 0.157981
v -0.057835 0.0673765 0.157864
v -0.062006 0.0641975 0.157782
v -0.062488 0.0641975 0.157981
v -0.066108 0.0612405 0.158053
v -0.068586 0.0589235 0.158068
v -0.070847 0.0565825 0.15805
v -0.074626 0.0518105 0.157842
v -0.077379 0.0483025 0.158155
v -0.078782 0.0460555 0.158009
v -0.082081 0.0399895 0.158015
v -0.08435 0.0342105 0.157846
v -0.084325 0.0348635 0.158159
v -0.086286 0.0278165 0.157798
v -0.08634 0.0286775 0.158157
v -0.087556 0.0216935 0.157787
v -0.088327 0.0158495 0.157842
v -0.088217 0.0191575 0.158151
v -0.088429 0.0105865 0.157787
v -0.088354 0.0067235 0.157828
v -0.088201 0.0030895 0.157984
v -0.087443 -0.0017135 0.157977
v -0.086402 -0.0063995 0.157984
v -0.084493 -0.0124585 0.157994
v -0.081435 -0.0188135 0.157782
v -0.082432 -0.0175505 0.158088
v -0.080307 -0.0216065 0.157981
v -0.077564 -0.0261085 0.157974
v -0.074569 -0.0303535 0.157981
v -0.071613 -0.0339735 0.158053
v -0.069295 -0.0364515 0.158068
v -0.065542 -0.0396315 0.157792
v -0.062136 -0.0425465 0.157853
v -0.063056 -0.0420905 0.158161
v -0.056725 -0.0461845 0.157796
v -0.058674 -0.0452445 0.158155
v -0.050793 -0.0493685 0.157777
v -0.054337 -0.0479305 0.158152
v -0.050362 -0.0499455 0.158015
v -0.044581 -0.0522165 0.157847
v -0.045236 -0.0521905 0.15816
v -0.03834 -0.0541065 0.157792
v -0.029529 -0.0560825 0.158151
v -0.026341 -0.0561215 0.157794
v -0.024407 -0.0565085 0.158171
v -0.01809 -0.0562065 0.157789
v -0.020171 -0.0565435 0.158024
v -0.013462 -0.0560675 0.157984
v -0.008659 -0.0553095 0.157977
v -0.004283 -0.0541015 0.157805
v -0.003973 -0.0542675 0.157984
v 0.001948 -0.0521005 0.157781
v 0.002087 -0.0523585 0.157994
v 0.009824 -0.0486345 0.157778
v 0.011235 -0.0481725 0.157981
v 0.015737 -0.0454295 0.157974
v 0.017042 -0.0442285 0.157785
v 0.019982 -0.0424345 0.157981
v 0.023601 -0.0394775 0.158053
v 0.02608 -0.0371605 0.158068
v 0.02926 -0.0334075 0.157792
v 0.032175 -0.0300015 0.157853
v 0.03487 -0.0259965 0.15779
v 0.036834 -0.0228495 0.15779
v 0.040923 -0.0147245 0.15783
v 0.039574 -0.0182275 0.158015
v 0.042978 -0.0093215 0.157915
v 0.044468 -0.0030365 0.157787
v 0.045242 -0.0005665 0.158144
v 0.045512 0.0027595 0.157842
v 0.045861 0.0080285 0.157787
v 0.014099 0.0679005 0.157776
v -0.010081 0.0771235 0.157787
v -0.020988 0.0779685 0.157778
v -0.039252 0.0755335 0.157776
v -0.051837 0.0706135 0.157775
v -0.068835 0.0582775 0.157779
v -0.07781 0.0469885 0.157777
v -0.081711 0.0400065 0.157775
v -0.086945 -0.0030965 0.15778
v -0.084202 -0.0124095 0.157783
v -0.078257 -0.0245005 0.157779
v -0.06991 -0.0353545 0.157783
v 0.046017 0.0056365 0.158164
v 0.043834 -0.0069135 0.158157
v 0.041819 -0.0131005 0.158159
v 0.037558 -0.0222025 0.158152
v 0.034873 -0.0265395 0.158155
v 0.031719 -0.0309215 0.158161
v 0.028409 -0.0347725 0.158155
v 0.013304 -0.0470905 0.158282
v 0.007179 -0.0502975 0.158088
v 0.001059 -0.0528115 0.158282
v -0.017272 -0.0564655 0.158163
v -0.034197 -0.0553205 0.158151
v -0.039049 -0.0542055 0.158158
v -0.066907 -0.0387805 0.158155
v -0.088717 0.0125865 0.158182
v -0.080906 0.0423765 0.158151
v -0.012977 0.0778455 0.158151
v -0.00831 0.0770835 0.158151
v 0.016168 0.0670075 0.158155
v 0.032884 0.0511825 0.158282
v 0.04244 0.0331935 0.158282
v 0.044299 0.0269265 0.158285
v 0.04552 0.0206615 0.158282
v 0.045576 0.0181935 0.160713
v 0.045241 0.0218765 0.160565
v 0.044803 0.0227795 0.160768
v 0.043897 0.0281605 0.160557
v 0.040074 0.0387995 0.160559
v 0.038887 0.0406345 0.160765
v 0.0378 0.0433695 0.16056
v 0.035058 0.0478715 0.160568
v 0.034856 0.0477185 0.160763
v 0.029916 0.0543075 0.160758
v 0.024146 0.0603925 0.160754
v 0.019982 0.0641975 0.16056
v 0.019495 0.0641925 0.160763
v 0.015737 0.0671925 0.160568
v 0.014126 0.0678755 0.160766
v 0.011235 0.0699355 0.16056
v 0.007179 0.0720595 0.160453
v 0.003109 0.0737685 0.160475
v 0.000994 0.0744155 0.160674
v -0.003973 0.0760305 0.160557
v -0.010259 0.0773745 0.160565
v -0.010248 0.0771265 0.160738
v -0.015418 0.0777225 0.160768
v -0.026227 0.0779555 0.1607
v -0.032248 0.0773745 0.160565
v -0.032671 0.0769915 0.160767
v -0.038534 0.0760305 0.160557
v -0.038224 0.0758645 0.160736
v -0.049171 0.0722085 0.160558
v -0.053741 0.0699355 0.16056
v -0.056453 0.0679885 0.160766
v -0.058243 0.0671925 0.160568
v -0.0702 0.0567955 0.160768
v -0.07457 0.0521165 0.16056
v -0.074563 0.0517355 0.160736
v -0.077565 0.0478715 0.160568
v -0.080308 0.0433685 0.16056
v -0.081699 0.0400185 0.160768
v -0.082432 0.0393135 0.160454
v -0.084141 0.0352435 0.160475
v -0.084788 0.0331285 0.160674
v -0.086402 0.0281625 0.160557
v -0.087747 0.0218765 0.160565
v -0.087527 0.0212835 0.160768
v -0.088327 0.0158495 0.1607
v -0.088502 0.0108815 0.160696
v -0.08841 0.0060215 0.160626
v -0.087746 -0.0001135 0.160566
v -0.08725 -0.0011795 0.160769
v -0.086402 -0.0063995 0.160557
v -0.086236 -0.0060895 0.160736
v -0.082581 -0.0170365 0.160558
v -0.080307 -0.0216065 0.16056
v -0.077748 -0.0257005 0.160677
v -0.069908 -0.0353645 0.160757
v -0.062488 -0.0424345 0.16056
v -0.06331 -0.0414515 0.160762
v -0.058243 -0.0454295 0.160568
v -0.053741 -0.0481725 0.16056
v -0.051006 -0.0492595 0.160765
v -0.049686 -0.0502975 0.160453
v -0.044745 -0.0523295 0.160511
v -0.038534 -0.0542675 0.160557
v -0.038224 -0.0541015 0.160736
v -0.032248 -0.0556115 0.160566
v -0.033322 -0.0551165 0.160768
v -0.016279 -0.0561925 0.1607
v -0.010259 -0.0556125 0.160565
v -0.009189 -0.0551155 0.160768
v -0.003973 -0.0542675 0.160557
v -0.004283 -0.0541015 0.160736
v 0.003322 -0.0516335 0.160762
v 0.007184 -0.0501325 0.160678
v 0.011235 -0.0481725 0.16056
v 0.014136 -0.0461085 0.160765
v 0.015737 -0.0454295 0.160568
v 0.019496 -0.0424285 0.160762
v 0.025815 -0.0370615 0.160753
v 0.028853 -0.0338475 0.160754
v 0.032062 -0.0303545 0.16056
v 0.032057 -0.0299725 0.160736
v 0.035058 -0.0261085 0.160568
v 0.0378 -0.0216065 0.16056
v 0.040651 -0.0150275 0.160767
v 0.041987 -0.0124575 0.160547
v 0.042858 -0.0091365 0.160736
v 0.043897 -0.0063975 0.160557
v 0.044468 -0.0026045 0.160767
v 0.044938 -0.0017135 0.160564
v 0.045695 0.0030875 0.160557
v 0.045794 0.0054225 0.160713
v 0.046057 0.0125915 0.160626
v 0.042218 0.0327825 0.160764
v -0.021462 0.0779625 0.160766
v -0.078175 0.0463855 0.160766
v -0.056776 -0.0460335 0.160764
v -0.044631 -0.0520185 0.160765
v -0.023635 -0.0562235 0.160766
v 0.036309 -0.0236525 0.160768
v 0.046208 0.0120465 0.160384
v 0.044299 -0.0051635 0.160257
v 0.039925 -0.0175505 0.160453
v 0.023781 -0.0393165 0.160489
v 0.013536 -0.0469515 0.160263
v 0.003316 -0.0519445 0.160377
v -0.004959 -0.0546095 0.16026
v -0.028354 -0.0562085 0.160374
v -0.068413 -0.0373365 0.160512
v -0.073697 -0.0315155 0.160486
v -0.079087 -0.0239085 0.160263
v -0.082311 -0.0178725 0.160266
v -0.084059 -0.0136905 0.160475
v -0.085149 -0.0106875 0.16049
v -0.086744 -0.0054125 0.16026
v -0.087991 0.0008555 0.160261
v -0.088559 0.0062875 0.160406
v -0.088723 0.0123175 0.160359
v -0.087494 0.0237885 0.160258
v -0.085957 0.0300645 0.160257
v -0.079225 0.0454385 0.16026
v -0.07539 0.0511825 0.16026
v -0.071443 0.0559685 0.160361
v -0.069471 0.0580405 0.160512
v -0.066287 0.0610795 0.160488
v -0.06365 0.0633245 0.160486
v -0.060899 0.0654335 0.160484
v -0.056043 0.0687145 0.160263
v -0.050007 0.0719395 0.160266
v -0.045825 0.0736865 0.160475
v -0.042822 0.0747765 0.16049
v -0.031279 0.0776185 0.160261
v -0.025847 0.0781865 0.160407
v -0.021333 0.0783295 0.16046
v -0.017134 0.0781875 0.160524
v -0.014153 0.0779715 0.160375
v -0.008345 0.0771225 0.160258
v -0.00207 0.0755855 0.160257
v 0.013304 0.0688535 0.16026
v 0.019048 0.0650185 0.16026
v 0.023834 0.0610715 0.160362
v 0.026645 0.0583585 0.160474
v 0.03119 0.0532785 0.160486
v 0.042643 0.0324475 0.16049
v 0.04244 0.0331935 0.172282
v 0.036719 0.0454385 0.172282
v -0.003457 0.0759685 0.172158
v -0.00831 0.0770835 0.172151
v -0.031035 0.0776545 0.172282
v -0.037298 0.0764335 0.172285
v -0.055811 0.0688535 0.172282
v -0.061555 0.0650185 0.172282
v -0.077379 0.0483025 0.172155
v -0.0886 0.0069005 0.172163
v -0.088027 0.0011005 0.172282
v -0.086806 -0.0051635 0.172285
v -0.084947 -0.0114305 0.172282
v -0.079225 -0.0236765 0.172282
v -0.07539 -0.0294195 0.172282
v -0.017272 -0.0564655 0.172163
v 0.046092 0.0068465 0.17436
v 0.04552 0.0011005 0.17426
v 0.044299 -0.0051635 0.174257
v 0.04244 -0.0114315 0.174259
v 0.039925 -0.0175505 0.174453
v 0.036719 -0.0236765 0.17426
v 0.032884 -0.0294195 0.17426
v 0.028937 -0.0342055 0.174362
v 0.026224 -0.0370175 0.174474
v 0.023781 -0.0393165 0.174489
v 0.018393 -0.0436705 0.174484
v 0.013536 -0.0469515 0.174263
v 0.000315 -0.0530145 0.17449
v -0.004959 -0.0546095 0.17426
v -0.011228 -0.0558555 0.174261
v -0.01666 -0.0564245 0.174407
v -0.040436 -0.0538225 0.174257
v -0.046677 -0.0516365 0.174259
v -0.052821 -0.0487705 0.174261
v -0.06634 -0.0393085 0.174362
v -0.069162 -0.0366135 0.174373
v -0.06873 0.0587795 0.174473
v -0.045823 0.0737065 0.174377
v -0.017992 0.0782575 0.17439
v 0.026645 0.0583585 0.174474
v 0.028944 0.0559155 0.174488
v 0.03119 0.0532785 0.174486
v 0.033298 0.0505285 0.174484
v 0.03658 0.0456705 0.174263
v 0.039805 0.0396355 0.174266
v 0.041572 0.0354505 0.174377
v 0.042643 0.0324475 0.17449
v 0.044238 0.0271755 0.17426
v 0.045484 0.0209055 0.174262
v 0.045944 0.0168035 0.174377
v 0.046208 0.0120465 0.167384
v 0.032884 0.0511825 0.165282
v 0.021789 0.0628225 0.165159
v 0.016168 0.0670075 0.165155
v 0.008798 0.0712985 0.165146
v 0.002729 0.0739535 0.165159
v -0.003457 0.0759685 0.165158
v -0.031035 0.0776545 0.165282
v -0.037298 0.0764335 0.165285
v -0.043565 0.0745745 0.165282
v -0.055811 0.0688535 0.165282
v -0.061555 0.0650185 0.165282
v -0.068586 0.0589235 0.165068
v -0.084325 0.0348635 0.165159
v -0.088718 0.0125865 0.165182
v -0.0886 0.0069005 0.165163
v -0.088027 0.0011005 0.165282
v -0.086806 -0.0051635 0.165285
v -0.084947 -0.0114305 0.165282
v -0.082423 -0.0176335 0.165278
v -0.079225 -0.0236765 0.165282
v -0.07539 -0.0294195 0.165282
v 0.04552 0.0011005 0.16726
v 0.044299 -0.0051635 0.167257
v 0.04244 -0.0114315 0.167259
v 0.036719 -0.0236765 0.16726
v 0.032884 -0.0294195 0.16726
v 0.028937 -0.0342055 0.167362
v 0.026241 -0.0370275 0.167373
v 0.023781 -0.0393165 0.167489
v 0.021144 -0.0415625 0.167486
v 0.018393 -0.0436705 0.167485
v 0.013536 -0.0469515 0.167263
v 0.007501 -0.0501765 0.167266
v 0.000315 -0.0530145 0.16749
v -0.004959 -0.0546095 0.16726
v -0.011228 -0.0558555 0.167261
v -0.01666 -0.0564245 0.167407
v -0.021174 -0.0565665 0.16746
v -0.034161 -0.0553595 0.167258
v -0.040436 -0.0538225 0.167257
v -0.046677 -0.0516365 0.167259
v -0.052821 -0.0487705 0.167261
v -0.058726 -0.0452505 0.167259
v -0.06634 -0.0393085 0.167362
v -0.069152 -0.0365955 0.167474
v -0.06873 0.0587795 0.167473
v -0.056043 0.0687145 0.167263
v -0.045822 0.0737065 0.167377
v -0.025847 0.0781865 0.167407
v -0.014153 0.0779715 0.167374
v 0.033298 0.0505285 0.167484
v 0.039805 0.0396355 0.167266
v 0.041572 0.0354505 0.167377
v 0.044238 0.0271755 0.16726
v 0.045484 0.0209055 0.167262
v 0.045944 0.0168035 0.167377
v -0.075805 -0.0287645 0.160484
v -0.06634 -0.0393085 0.160362
v -0.021174 -0.0565665 0.16046
v -0.01666 -0.0564245 0.160407
v 0.036719 0.0454385 0.158282
v 0.024401 0.0605435 0.158155
v 0.02055 0.0638535 0.158161
v 0.005814 0.0726945 0.158164
v -0.031035 0.0776545 0.158282
v -0.037298 0.0764335 0.158285
v -0.043565 0.0745745 0.158282
v -0.055811 0.0688535 0.158282
v -0.061555 0.0650185 0.158282
v -0.074226 0.0526835 0.158161
v -0.087455 0.0238255 0.15815
v -0.0886 0.0069005 0.158163
v -0.088027 0.0011005 0.158282
v -0.086806 -0.0051635 0.158285
v -0.084947 -0.0114305 0.158282
v -0.079225 -0.0236765 0.158282
v -0.07539 -0.0294195 0.158282
v -0.011472 -0.0558915 0.158282
v -0.005208 -0.0546705 0.158285
v 0.019048 -0.0432555 0.158282
v 0.046092 0.0068465 0.16036
v 0.04552 0.0011005 0.16026
v 0.04244 -0.0114315 0.160259
v 0.036719 -0.0236765 0.16026
v 0.032884 -0.0294195 0.16026
v 0.028937 -0.0342055 0.160362
v 0.026241 -0.0370265 0.160373
v 0.021144 -0.0415625 0.160486
v 0.018393 -0.0436705 0.160484
v 0.007501 -0.0501765 0.160266
v 0.000315 -0.0530145 0.16049
v -0.011228 -0.0558555 0.160261
v -0.025373 -0.0564245 0.160524
v -0.034161 -0.0553595 0.160258
v -0.040436 -0.0538225 0.160257
v -0.055811 -0.0470905 0.16026
v -0.061554 -0.0432555 0.16026
v -0.071451 -0.0341525 0.160488
v -0.088343 0.0179815 0.160374
v -0.037547 0.0763725 0.16026
v 0.028944 0.0559155 0.160488
v 0.033298 0.0505285 0.160484
v 0.03658 0.0456705 0.160263
v 0.039805 0.0396355 0.160266
v 0.041553 0.0354515 0.160475
v 0.044238 0.0271755 0.16026
v 0.045484 0.0209055 0.160262
v 0.045944 0.0168035 0.160377
v -0.075941 0.0419065 0.178762
v -0.008141 0.0848765 0.178777
v -0.095878 0.0192155 0.178775
v -0.053734 -0.0568375 0.178778
v 0.037417 -0.0359935 0.178774
v -0.09614 0.0043145 0.186752
v -0.095476 -0.0026545 0.186477
v -0.095327 -0.0014275 0.186764
v -0.09478 -0.0060345 0.186478
v -0.093932 -0.0093745 0.186479
v -0.093946 -0.0079845 0.186763
v -0.091897 -0.0151755 0.186678
v -0.088223 -0.0237965 0.186515
v -0.08774 -0.0241305 0.186763
v -0.086593 -0.0268375 0.186472
v -0.084601 -0.0300755 0.186496
v -0.08389 -0.0304825 0.186765
v -0.080358 -0.0356665 0.186713
v -0.071573 -0.0450655 0.186696
v -0.075701 -0.0408725 0.186768
v -0.067408 -0.0487525 0.186556
v -0.066851 -0.0487975 0.186763
v -0.061066 -0.0529915 0.18669
v -0.059498 -0.0535905 0.186757
v -0.054519 -0.0566545 0.186683
v -0.049278 -0.0591905 0.186368
v -0.048478 -0.0591935 0.186751
v -0.04118 -0.0616655 0.186712
v -0.040655 -0.0620235 0.186499
v -0.043404 -0.0607115 0.186763
v -0.031547 -0.0638695 0.186393
v -0.033619 -0.0634145 0.186641
v -0.024255 -0.0645075 0.186474
v -0.031543 -0.0635345 0.186765
v -0.023159 -0.0642715 0.186732
v -0.016924 -0.0640965 0.186763
v -0.011394 -0.0639295 0.186415
v -0.011444 -0.0636495 0.186753
v -0.00638 -0.0628305 0.186744
v 0.000105 -0.0615085 0.186367
v -0.000461 -0.0614615 0.186687
v 0.004682 -0.0599645 0.186506
v 0.004924 -0.0595025 0.186764
v 0.009963 -0.0575095 0.18675
v 0.014887 -0.0551295 0.186696
v 0.019961 -0.0523075 0.186496
v 0.023205 -0.0500985 0.186365
v 0.024904 -0.0484905 0.18674
v 0.030292 -0.0442315 0.186377
v 0.02921 -0.0449325 0.186703
v 0.034015 -0.0405095 0.186388
v 0.033046 -0.0411255 0.186752
v 0.037741 -0.0360605 0.186566
v 0.037253 -0.0362125 0.186762
v 0.040734 -0.0320245 0.186572
v 0.041002 -0.0311105 0.186764
v 0.04395 -0.0265615 0.186745
v 0.047002 -0.0213025 0.186382
v 0.046295 -0.0222295 0.186711
v 0.04793 -0.0190475 0.186578
v 0.049798 -0.0137875 0.18676
v -0.0965 0.0050075 0.186381
v -0.091296 -0.0172215 0.186353
v -0.089716 -0.0208085 0.186486
v -0.07947 -0.0371275 0.186382
v -0.076863 -0.0401035 0.186483
v -0.096671 0.0096305 0.186526
v -0.095907 0.0001525 0.186516
v -0.092755 -0.0132285 0.186393
v -0.081791 -0.0341615 0.186459
v -0.074236 -0.0428295 0.186475
v -0.07071 -0.0461295 0.18639
v -0.062248 -0.0524695 0.186384
v -0.058908 -0.0545115 0.186371
v -0.045284 -0.0606285 0.186478
v -0.036331 -0.0630735 0.18635
v -0.027757 -0.0642775 0.186485
v -0.017505 -0.0644685 0.186506
v -0.006026 -0.0630475 0.186364
v 0.00752 -0.0588775 0.186405
v 0.015359 -0.0551255 0.186363
v 0.027156 -0.0470045 0.186408
v 0.038018 -0.0358435 0.186386
v 0.041403 -0.0311915 0.186358
v 0.044433 -0.0262755 0.186402
v 0.048746 -0.0173105 0.186368
v -0.086508 -0.0269795 0.179056
v -0.09664 0.0075495 0.179178
v -0.093205 -0.0118775 0.179172
v -0.08957 -0.0211375 0.179068
v -0.084692 -0.0299575 0.179069
v -0.065784 -0.0500615 0.186279
v -0.054477 -0.0568825 0.186405
v -0.040336 -0.0621135 0.179068
v -0.020921 -0.0645675 0.186462
v -0.014922 -0.0643115 0.186388
v -0.01103 -0.0638895 0.179179
v -0.004459 -0.0626755 0.179068
v 0.00817 -0.0585915 0.179068
v 0.011053 -0.0573115 0.186386
v 0.014246 -0.0556965 0.179069
v 0.03688 -0.0372155 0.179083
v -0.095913 0.0048415 0.186758
v 0.019708 -0.0520645 0.186765
v 0.056873 0.0283935 0.186754
v -0.054487 0.0782315 0.186763
v -0.029892 0.0853235 0.186763
v 0.002293 0.0821945 0.186765
v 0.024843 0.0701695 0.186761
v 0.053882 0.0354985 0.186757
v 0.054024 0.0357655 0.186552
v 0.05495 0.0352085 0.18655
v 0.054887 0.0348725 0.186753
v 0.055352 0.0345985 0.186493
v 0.056144 0.0321435 0.186382
v 0.05697 0.0287515 0.186624
v 0.056988 0.0290845 0.186405
v 0.05794 0.0272295 0.186696
v 0.059074 0.0265645 0.186511
v 0.059214 0.0260845 0.186753
v 0.060042 0.0261245 0.186493
v 0.060999 0.0256355 0.186744
v 0.053601 0.0358645 0.186409
v 0.054657 0.0355045 0.186416
v 0.058412 0.0270605 0.186414
v 0.061044 0.0258855 0.186415
v 0.050077 -0.0139895 0.186622
v 0.054028 -0.0137275 0.186753
v 0.054758 -0.0136245 0.186548
v 0.055375 -0.0128035 0.186479
v 0.054941 -0.0129725 0.186758
v 0.05697 -0.0069885 0.186624
v 0.057577 -0.0062335 0.186403
v 0.056873 -0.0066315 0.186754
v 0.05794 -0.0054665 0.186696
v 0.059099 -0.0047805 0.186515
v 0.059214 -0.0043215 0.186753
v 0.060922 -0.0041305 0.186516
v 0.061396 -0.0041155 0.186386
v 0.061121 -0.0037595 0.186761
v 0.060027 -0.0043845 0.186469
v -0.096342 0.0147175 0.186752
v -0.096312 0.0184265 0.18649
v -0.095744 0.0227355 0.18653
v -0.095364 0.0229505 0.186766
v -0.094915 0.0273335 0.186384
v -0.094266 0.0290095 0.186712
v -0.092201 0.0357465 0.186751
v -0.091544 0.0382835 0.186474
v -0.090128 0.0416615 0.186487
v -0.08774 0.0458935 0.186763
v -0.08389 0.0522445 0.186765
v -0.081738 0.0559685 0.186482
v -0.079851 0.0579865 0.186752
v -0.078844 0.0596615 0.186363
v -0.077173 0.0614415 0.186556
v -0.072151 0.0662215 0.186748
v -0.066851 0.0705605 0.186763
v -0.063007 0.0737315 0.18639
v -0.061913 0.0740895 0.186754
v -0.059836 0.0757015 0.186499
v -0.047287 0.0813405 0.186762
v -0.046183 0.0820865 0.186473
v -0.042839 0.0831875 0.18638
v -0.04118 0.0834275 0.186712
v -0.040064 0.0833435 0.186763
v -0.039472 0.0840895 0.186484
v -0.033608 0.0851085 0.186704
v -0.027749 0.0858305 0.186712
v -0.023166 0.0862085 0.186609
v -0.019499 0.0863325 0.186379
v -0.016836 0.0860085 0.186696
v -0.015248 0.0860975 0.186392
v -0.011444 0.0854125 0.186753
v -0.006831 0.0849235 0.186518
v -0.004988 0.0842235 0.18676
v -0.00348 0.0842245 0.186398
v -8.5e-05 0.0832845 0.186512
v 0.003551 0.0821495 0.186376
v 0.005707 0.0811465 0.186703
v 0.010223 0.0791605 0.186753
v 0.012665 0.0782845 0.18642
v 0.015493 0.0767565 0.18652
v 0.018657 0.0745335 0.186761
v 0.019675 0.0742695 0.186482
v 0.027411 0.0685665 0.186391
v 0.02921 0.0666955 0.186703
v 0.033046 0.0628875 0.186752
v 0.033971 0.0623175 0.186392
v 0.037832 0.0578405 0.186376
v 0.037333 0.0580395 0.186741
v 0.040807 0.0537595 0.186521
v 0.041002 0.0528735 0.186764
v 0.042931 0.0505745 0.186405
v 0.04395 0.0483245 0.186745
v 0.045903 0.0453175 0.186384
v 0.047414 0.0421185 0.186516
v 0.047139 0.0419835 0.186758
v 0.049006 0.0383445 0.186491
v -0.093231 0.0335225 0.186479
v -0.0885 0.0450675 0.186487
v -0.086423 0.0489035 0.186464
v -0.084103 0.0525945 0.186496
v -0.074987 0.0638435 0.186472
v -0.069337 0.0690125 0.186486
v -0.066303 0.0713945 0.186482
v -0.056392 0.0776385 0.186484
v -0.052885 0.0793675 0.186489
v -0.028727 0.0859685 0.186389
v -0.024805 0.0862655 0.186363
v -0.011414 0.0856925 0.18642
v 0.007879 0.0805005 0.18639
v 0.024052 0.0712015 0.186513
v 0.049866 0.0361125 0.186397
v 0.049833 0.0355515 0.186757
v 0.050077 0.0357525 0.186622
v 0.050128 0.0358845 0.186396
v 0.049736 0.0358965 0.1867
v 0.049736 -0.0141335 0.1867
v 0.096547 -0.0039725 0.186613
v 0.096572 -0.0037555 0.186752
v 0.103224 0.0185135 0.186763
v 0.104553 0.0141705 0.186767
v 0.101561 0.0214655 0.186766
v 0.098348 0.0247895 0.18676
v 0.096015 0.0258465 0.18645
v 0.097011 0.0256385 0.186605
v 0.095241 0.0257375 0.186624
v 0.096224 0.0255245 0.186752
v 0.053882 0.0354985 0.178784
v 0.054887 0.0348735 0.178788
v 0.05697 0.0287515 0.178918
v 0.056988 0.0290795 0.179132
v 0.056858 0.0283885 0.178781
v 0.05794 0.0272295 0.178846
v 0.058825 0.0260925 0.178771
v 0.059494 0.0260065 0.178803
v 0.061145 0.0256245 0.178809
v 0.059069 0.0265795 0.17904
v 0.057577 0.0279895 0.17913
v 0.056193 0.0319745 0.17916
v 0.055364 0.0345665 0.179049
v 0.055078 0.0351055 0.179131
v 0.054051 0.0357605 0.17899
v 0.050126 -0.0141235 0.17915
v 0.054029 -0.0137275 0.178788
v 0.05362 -0.0141095 0.17916
v 0.054051 -0.0139975 0.17899
v 0.054667 -0.0137445 0.179144
v 0.054971 -0.0134265 0.178994
v 0.055347 -0.0128625 0.179055
v 0.056872 -0.0066305 0.178788
v 0.056193 -0.0102215 0.179167
v 0.056918 -0.0075625 0.179148
v 0.05697 -0.0069885 0.178918
v 0.057277 -0.0067075 0.179132
v 0.05794 -0.0054665 0.178846
v 0.057928 -0.0057875 0.179137
v 0.058759 -0.0050235 0.179045
v 0.059494 -0.0042445 0.178803
v 0.060024 -0.0043615 0.179041
v 0.061191 -0.0039795 0.17892
v 0.061001 -0.0041365 0.179134
v -0.096435 0.0128705 0.1788
v -0.09643 0.0075915 0.178847
v -0.095877 0.0025535 0.178775
v -0.096392 0.0043235 0.179037
v -0.096085 0.0011555 0.179165
v -0.095497 -0.0013545 0.17883
v -0.095363 -0.0033985 0.179152
v -0.093034 -0.0114485 0.178782
v -0.094386 -0.0075775 0.179013
v -0.091655 -0.0160955 0.178974
v -0.091395 -0.0170135 0.17922
v -0.087535 -0.0246915 0.178827
v -0.088143 -0.0240405 0.179156
v -0.079008 -0.0371535 0.178773
v -0.082002 -0.0336685 0.178915
v -0.082226 -0.0335895 0.179138
v -0.079122 -0.0375365 0.179082
v -0.073163 -0.0435385 0.178798
v -0.07702 -0.0399385 0.179066
v -0.07473 -0.0423405 0.179066
v -0.066516 -0.0490455 0.178773
v -0.072336 -0.0446405 0.179067
v -0.0698 -0.0468695 0.179055
v -0.067362 -0.0488465 0.179147
v -0.065354 -0.0503115 0.179015
v -0.057764 -0.0551265 0.179022
v -0.054011 -0.0571125 0.179124
v -0.045197 -0.0603645 0.178779
v -0.051943 -0.0579805 0.17897
v -0.049592 -0.0590505 0.179152
v -0.046699 -0.0601425 0.179056
v -0.043378 -0.0612485 0.179067
v -0.035904 -0.0631175 0.17903
v -0.029828 -0.0638615 0.178831
v -0.032231 -0.0637935 0.1792
v -0.027788 -0.0642835 0.17907
v -0.022614 -0.0642795 0.178783
v -0.023144 -0.0645665 0.179145
v -0.01625 -0.0642125 0.178846
v -0.016505 -0.0644425 0.179152
v -0.008474 -0.0634725 0.179031
v 0.003204 -0.0601085 0.178774
v -0.000332 -0.0614095 0.178832
v 0.000104 -0.0614925 0.179131
v 0.009968 -0.0575665 0.178831
v 0.015208 -0.0547855 0.178775
v 0.011383 -0.0571535 0.179158
v 0.01711 -0.0540755 0.179063
v 0.021061 -0.0513595 0.178846
v 0.02061 -0.0519095 0.179147
v 0.024815 -0.0488725 0.179076
v 0.028184 -0.0457615 0.178779
v 0.029111 -0.0453305 0.179146
v 0.032638 -0.0419215 0.17907
v 0.034928 -0.0394815 0.17907
v 0.039834 -0.0330815 0.178846
v 0.039717 -0.0335855 0.179131
v 0.04247 -0.0295115 0.179057
v 0.044215 -0.0266195 0.179068
v 0.047411 -0.0199165 0.178831
v 0.045791 -0.0237225 0.179068
v 0.047805 -0.0195725 0.179149
v 0.004939 -0.0598685 0.179056
v -0.061637 -0.0528715 0.179178
v -0.096628 0.0144585 0.179171
v -0.096381 0.0177045 0.179054
v -0.095158 0.0262025 0.179163
v -0.094903 0.0262285 0.178831
v -0.094041 0.0304915 0.178984
v -0.093408 0.0330235 0.179189
v -0.091568 0.0382865 0.179151
v -0.088441 0.0444275 0.178775
v -0.092229 0.0359705 0.178844
v -0.090132 0.0413905 0.178915
v -0.084825 0.0515465 0.179179
v -0.084704 0.0512175 0.178798
v -0.081978 0.0556415 0.179033
v -0.079749 0.0579925 0.178777
v -0.077822 0.0606575 0.178931
v -0.074466 0.0640025 0.178801
v -0.070752 0.0675545 0.178838
v -0.066519 0.0708075 0.178774
v -0.060009 0.0753495 0.178796
v -0.061907 0.0744525 0.179156
v -0.056478 0.0773695 0.178837
v -0.051001 0.0799275 0.178782
v -0.051514 0.0800115 0.179133
v -0.044628 0.0823635 0.178802
v -0.039574 0.0840305 0.178993
v -0.035659 0.0846055 0.178781
v -0.032466 0.0853925 0.178931
v -0.03205 0.0855825 0.179174
v -0.02857 0.0856185 0.178774
v -0.025071 0.0859895 0.178787
v -0.020817 0.0863225 0.179055
v -0.01625 0.0859755 0.178846
v -0.009475 0.0854025 0.179045
v 0.003807 0.0820285 0.179017
v 0.00629 0.0807335 0.178774
v 0.012246 0.0780985 0.178774
v 0.018122 0.0750415 0.178856
v 0.029175 0.0670325 0.17914
v 0.033631 0.0626755 0.179138
v 0.036684 0.0589185 0.178858
v 0.039831 0.0549695 0.178915
v 0.040296 0.0539165 0.178774
v 0.043318 0.0495155 0.178838
v 0.046873 0.0433595 0.179155
v 0.046246 0.0440035 0.178786
v 0.048391 0.0393645 0.178846
v 0.048846 0.0388165 0.179165
v 0.044353 0.0481785 0.179185
v 0.03785 0.0578435 0.179187
v 0.022785 0.0721385 0.179028
v 0.011097 0.0790155 0.179035
v -0.045228 0.0824585 0.17917
v -0.068353 0.0698395 0.179127
v -0.095875 0.0218685 0.179013
v 0.049738 0.0359005 0.178846
v 0.050077 0.0357525 0.178919
v 0.049739 -0.0141375 0.178846
v 0.049872 -0.0143445 0.179152
v 0.050077 -0.0139895 0.178919
v 0.090532 0.0257185 0.178906
v 0.102406 0.0257275 0.178925
v 0.101539 0.0258565 0.179133
v 0.103894 0.0256645 0.179212
v 0.102721 0.0255065 0.178786
v 0.104422 0.0253335 0.178865
v 0.105734 0.0245475 0.178807
v 0.106958 0.0238165 0.1792
v 0.108303 0.0223935 0.179196
v 0.107405 0.0230195 0.178811
v 0.109286 0.0210165 0.179033
v 0.109459 0.0201125 0.178783
v 0.110229 0.0194625 0.179182
v 0.110543 0.0182885 0.178845
v 0.111181 0.0172575 0.179176
v 0.111345 0.0158345 0.178801
v 0.111834 0.0149525 0.179171
v 0.111836 0.0137445 0.178846
v 0.111981 0.0113435 0.178798
v 0.11225 0.0103005 0.179149
v 0.111974 0.0092225 0.178842
v 0.112074 0.0081375 0.179175
v 0.111008 0.0040285 0.179188
v 0.110973 0.0045605 0.178848
v 0.110135 0.0021375 0.179167
v 0.110019 0.0024405 0.178816
v 0.109167 0.0005335 0.179107
v 0.108172 -0.0007695 0.179175
v 0.108116 -0.0004495 0.178804
v 0.105236 -0.0033075 0.178949
v 0.105349 -0.0029555 0.17879
v 0.102382 -0.0039665 0.178923
v 0.10333 -0.0037245 0.178784
v 0.106792 -0.0022175 0.179131
v 0.111653 0.0060575 0.179202
v 0.112193 0.0125675 0.179166
v 0.105849 0.0247855 0.179198
v 0.104786 0.0253855 0.179207
v 0.105491 -0.0032685 0.179183
v 0.104278 -0.0038035 0.179207
v -0.096642 0.0143855 0.186344
v -0.072275 0.0664865 0.186372
v -0.049426 0.0808635 0.186488
v -0.034117 0.0852525 0.186401
v 0.030728 0.0655745 0.186394
v 0.041701 0.0524885 0.17912
v 0.025026 0.0704885 0.179174
v 0.017757 0.0754955 0.179163
v 0.013664 0.0777555 0.179057
v 0.007985 0.0804295 0.179067
v -0.000349 0.0834015 0.179154
v -0.004063 0.0843415 0.179028
v -0.015439 0.0861315 0.179166
v -0.025983 0.0861965 0.179131
v -0.037339 0.0846135 0.179178
v -0.057418 0.0771465 0.179194
v -0.065306 0.0721085 0.179014
v -0.07337 0.0654855 0.179173
v -0.078216 0.0604025 0.179169
v -0.087093 0.0476775 0.179009
v -0.089118 0.0439105 0.179161
v -0.096715 0.0108795 0.179164
v 0.050186 0.0358775 0.179141
v 0.057576 0.0279895 0.186411
v 0.061052 0.0258865 0.179128
v 0.059964 0.0261555 0.179057
v 0.058341 0.0271315 0.179134
v 0.054758 0.0353865 0.178993
v 0.053614 0.0358655 0.179139
v 0.049902 0.0360535 0.17915
v 0.049869 -0.0143495 0.18639
v 0.053587 -0.0141065 0.186396
v 0.056159 -0.0103205 0.186388
v 0.056993 -0.0073275 0.186388
v 0.059231 -0.0047405 0.179135
v 0.050125 -0.0141245 0.186395
v 0.05406 -0.0140135 0.186532
v 0.055076 -0.0133585 0.186393
v 0.05846 -0.0052535 0.186418
v -0.089816 -0.0197595 0.178776
v 0.000304 0.0828245 0.178776
v 0.033164 0.0627665 0.178786
v 0.054941 -0.0129725 0.178784
v 0.058825 -0.0043295 0.178771
v 0.061114 -0.0037435 0.178774
v -0.084336 -0.0298805 0.178776
v -0.061094 -0.0528875 0.1788
v -0.035656 -0.0628335 0.178774
v -0.009512 -0.0633065 0.178775
v 0.031891 -0.0422325 0.178779
v 0.043785 -0.0266625 0.178773
v 0.049856 -0.0137955 0.178788
v 0.02863 0.0671325 0.17879
v 0.023604 0.0711105 0.178776
v -0.093401 0.0317285 0.178774
v 0.04989 0.0355575 0.178789
v 0.111554 0.0067855 0.178801
v 0.095705 0.0258835 0.186274
v 0.097617 0.0253615 0.186661
v 0.100601 0.0243785 0.185959
v 0.102649 0.0231835 0.185696
v 0.1036 0.0214985 0.18596
v 0.104699 0.0198245 0.185981
v 0.105504 0.0172395 0.186172
v 0.106483 0.0132515 0.186182
v 0.106536 0.0087565 0.186179
v 0.104269 0.0018305 0.186142
v 0.099571 -0.0033725 0.185793
v 0.099392 -0.0037435 0.185196
v 0.096182 -0.0040865 0.186441
v 0.096024 -0.0041205 0.186275
v 0.10659 0.0178285 0.185568
v 0.107278 0.0158355 0.185586
v 0.107455 0.0127335 0.185802
v 0.10788 0.0088995 0.185594
v 0.106212 0.0053395 0.186006
v 0.105392 0.0022855 0.185756
v 0.1033 -0.0001655 0.185938
v 0.102165 -0.0014835 0.185894
v 0.101466 -0.0025235 0.185575
v 0.102408 0.0244035 0.184908
v 0.105131 0.0217995 0.185003
v 0.106426 0.0198615 0.18506
v 0.108311 0.0127605 0.185367
v 0.107541 0.0054205 0.185361
v 0.106148 0.0021345 0.185314
v 0.105113 -6.75e-05 0.184988
v 0.103756 -0.0015635 0.184955
v 0.101672 -0.0034175 0.184215
v 0.098462 -0.0039775 0.185146
v 0.10031 0.0253235 0.184937
v 0.104371 0.0234245 0.184433
v 0.108144 0.0180345 0.184538
v 0.108883 0.0159845 0.18456
v 0.109129 0.0127895 0.184861
v 0.10907 0.0088455 0.184883
v 0.108328 0.0053225 0.184856
v 0.106873 0.0019855 0.184805
v 0.102998 -0.0027585 0.184337
v 0.097996 0.0257755 0.185368
v 0.10015 0.0256675 0.183814
v 0.102832 0.0249245 0.18382
v 0.104046 0.0242725 0.183812
v 0.106027 0.0220415 0.184183
v 0.107698 0.0203235 0.18386
v 0.109891 0.0128185 0.184278
v 0.109834 0.0088085 0.184302
v 0.109061 0.0052245 0.184275
v 0.10836 0.0026405 0.183893
v 0.106607 0.0004025 0.184181
v 0.104867 -0.0019185 0.183788
v 0.101055 -0.0038365 0.183318
v 0.10087 -0.0039695 0.182383
v 0.102774 0.0253505 0.182688
v 0.105378 0.0237585 0.183138
v 0.106684 0.0224675 0.183158
v 0.109087 0.0181955 0.183602
v 0.109859 0.0161025 0.183624
v 0.110574 0.0128475 0.183612
v 0.11052 0.0087735 0.18364
v 0.109718 0.0051275 0.183615
v 0.107931 0.0008715 0.18318
v 0.106824 -0.0005515 0.183144
v 0.104226 -0.0029915 0.18283
v 0.103355 -0.0034805 0.18246
v 0.100419 -0.0040705 0.181025
v 0.104424 0.0248135 0.182476
v 0.108405 0.0205745 0.182829
v 0.109633 0.0183035 0.182858
v 0.110426 0.0161815 0.182877
v 0.110944 0.0139805 0.182889
v 0.111195 0.0117465 0.182878
v 0.111104 0.0087385 0.18289
v 0.110276 0.0050305 0.18287
v 0.109354 0.0023685 0.182465
v 0.105652 -0.0022635 0.182389
v 0.099043 0.0258795 0.179294
v 0.106094 0.0240195 0.181574
v 0.107467 0.0226845 0.181583
v 0.108803 0.0207115 0.182012
v 0.110061 0.0184125 0.182031
v 0.110873 0.0162605 0.182045
v 0.111403 0.0140245 0.182054
v 0.111658 0.0117595 0.182038
v 0.111566 0.0087055 0.182056
v 0.110714 0.0049345 0.182041
v 0.108034 -4.95e-05 0.181982
v 0.103719 -0.0037305 0.180836
v 0.102745 0.0255665 0.181615
v 0.104294 0.0253335 0.180753
v 0.105324 0.0248655 0.1807
v 0.110153 0.0189645 0.18114
v 0.111041 0.0168105 0.181148
v 0.111642 0.0145575 0.181154
v 0.111955 0.0122545 0.181156
v 0.111947 0.0091685 0.181157
v 0.111205 0.0053845 0.181149
v 0.110215 0.0026365 0.180689
v 0.109209 0.0008975 0.180686
v 0.108228 -0.0004165 0.18068
v 0.106833 -0.0019165 0.180683
v 0.105436 -0.0030665 0.180642
v 0.08912 0.0258805 0.179264
v 0.106554 0.0240575 0.180208
v 0.108196 0.0223455 0.180217
v 0.109245 0.0208225 0.180677
v 0.110542 0.0186255 0.180218
v 0.111382 0.0164165 0.180218
v 0.111931 0.0141145 0.180218
v 0.112181 0.0117865 0.180243
v 0.112117 0.0088895 0.180221
v 0.11162 0.0062055 0.180218
v 0.111023 0.0043025 0.180218
v 0.102584 -0.0040925 0.179139
v 0.102948 0.0258195 0.179225
v 0.097569 -0.0036475 0.186627
v 0.098419 -0.0030065 0.18675
v 0.099877 -0.0017155 0.186759
v 0.101904 0.0007745 0.186764
v 0.103516 0.0039875 0.186765
v 0.104637 0.0081545 0.186767
v 0.099968 0.0234695 0.186733
v 0.097275 -0.0041195 0.179277
v -0.043168 0.0229295 0.168323
v -0.038473 0.0290165 0.168323
v -0.036511 0.0306955 0.168323
v -0.032179 0.0333765 0.168323
v -0.002252 0.0271415 0.168323
v 0.002241 0.0195385 0.168323
v 0.003459 0.0148845 0.168323
v 0.003772 0.0103115 0.168323
v 0.003244 0.0057175 0.168323
v 0.002217 0.0022495 0.168323
v 0.001242 -4.45e-05 0.168323
v 2e-05 -0.0022665 0.168323
v -0.001439 -0.0043765 0.168323
v -0.003118 -0.0063385 0.168323
v -0.004993 -0.0081195 0.168323
v -0.007034 -0.0096915 0.168323
v -0.009205 -0.0110335 0.168323
v -0.013783 -0.0129845 0.168323
v -0.017251 -0.0138305 0.168323
v -0.021823 -0.0141435 0.168323
v -0.029885 -0.0125895 0.168323
v -0.032179 -0.0116135 0.168323
v -0.034401 -0.0103915 0.168323
v -0.036511 -0.0089335 0.168323
v -0.038473 -0.0072535 0.168323
v -0.046278 0.0103115 0.168323
v -0.022429 0.0374425 0.205681
v -0.021357 0.0247205 0.207094
v -0.021629 0.0323565 0.206376
v -0.026765 0.0404835 0.205107
v -0.027073 0.0302775 0.206515
v -0.022128 0.0275655 0.206872
v -0.019895 0.0148475 0.207544
v -0.027083 0.0347165 0.205979
v -0.03159 0.0386355 0.205193
v -0.030979 0.0330605 0.206021
v -0.022627 0.0189105 0.207424
v -0.025882 0.0239305 0.207097
v -0.040548 0.0359345 0.20481
v -0.034308 0.0315735 0.205988
v -0.029015 0.0259915 0.206835
v -0.036684 0.0372145 0.205025
v -0.035566 0.0344745 0.205521
v -0.032321 0.0276775 0.206529
v -0.044283 0.0326295 0.204804
v -0.031261 0.0231535 0.206937
v -0.028724 0.0211055 0.207172
v -0.026098 0.0191225 0.207356
v -0.040151 0.0322815 0.205367
v -0.037815 0.0292645 0.205951
v -0.047988 0.0278695 0.204805
v -0.036083 0.0246595 0.206509
v -0.043563 0.0293295 0.205301
v -0.038167 0.0218415 0.206519
v -0.023173 0.0132575 0.207565
v -0.034325 0.0201235 0.206925
v -0.045956 0.0251865 0.205368
v -0.041502 0.0244845 0.206005
v -0.031901 0.0178475 0.207172
v -0.02594 0.0151085 0.207487
v -0.049305 0.0216995 0.205113
v -0.029333 0.0159665 0.207357
v -0.046349 0.0189815 0.205722
v -0.042124 0.0179945 0.20631
v -0.039446 0.0169595 0.206624
v -0.036369 0.0155135 0.206944
v -0.050538 0.0156015 0.205187
v -0.045582 0.0132555 0.205997
v -0.051873 0.0097845 0.205001
v -0.047605 0.0093855 0.205709
v -0.032661 0.0124425 0.20725
v -0.041248 0.0107285 0.206544
v -0.042191 0.0066165 0.206389
v -0.0373 0.0095185 0.20692
v -0.050002 0.0001005 0.204992
v -0.048265 0.0046355 0.205512
v -0.034507 0.0069975 0.207104
v -0.030322 0.0084305 0.207363
v -0.045285 -0.0002185 0.205697
v -0.041885 0.0025595 0.206279
v -0.028233 0.0103295 0.207469
v -0.025489 0.0108135 0.207543
v -0.037359 0.0029805 0.206748
v -0.047989 -0.0042405 0.204985
v -0.041274 -0.0012615 0.206126
v -0.045824 -0.0073835 0.205004
v -0.04313 -0.0044125 0.205667
v -0.031872 0.0027175 0.207127
v -0.038596 -0.0027455 0.206303
v -0.039981 -0.0134215 0.204993
v -0.043582 -0.0102285 0.204989
v -0.039837 -0.0081025 0.205683
v -0.036053 -0.0058955 0.206259
v -0.034776 -0.0010205 0.206744
v -0.028376 0.0047795 0.207366
v -0.035922 -0.0112035 0.205695
v -0.032622 -0.0057895 0.206519
v -0.036853 -0.0155035 0.204998
v -0.030115 -0.0020855 0.206951
v -0.033337 -0.0091225 0.206134
v -0.029475 -0.0074915 0.206522
v -0.027209 0.0009095 0.207241
v -0.029127 -0.0192225 0.204913
v -0.033622 -0.0173435 0.20497
v -0.031659 -0.0137305 0.205659
v -0.028633 -0.0113365 0.206127
v -0.025542 -0.0021615 0.207101
v -0.026517 -0.0150285 0.205705
v -0.024583 -0.0111805 0.206271
v -0.025767 -0.0064795 0.206753
v -0.022327 0.0032815 0.207444
v -0.02378 -0.0197655 0.204983
v -0.024284 0.0067855 0.207524
v -0.020736 -0.0168975 0.2055
v -0.022489 -0.0049565 0.206935
v -0.022005 -0.0005385 0.207255
v -0.016841 -0.0197275 0.204954
v -0.019617 -0.0091745 0.206527
v -0.010319 -0.0208485 0.204435
v -0.015109 -0.0150685 0.205666
v -0.018077 -0.0129345 0.206053
v -0.018361 -0.0027595 0.207086
v -0.014559 -0.0082715 0.206506
v -0.010973 -0.0158805 0.205348
v -0.016173 -0.0053095 0.206845
v -0.017163 0.0025585 0.207371
v -0.006664 -0.0161055 0.204991
v -0.010675 -0.0110395 0.20601
v -0.006194 -0.0109485 0.205697
v -0.011117 -0.0067465 0.206498
v 0.000242 -0.0123315 0.204809
v -0.003314 -0.0120485 0.205272
v -0.010299 -0.0034785 0.206736
v -0.021896 0.0094865 0.207583
v -0.01367 -0.0018375 0.20702
v -0.015228 0.0010155 0.207246
v 0.003429 -0.0072955 0.205001
v -0.000961 -0.0091705 0.20537
v -0.006412 -0.0057815 0.206271
v -0.009554 -0.0001415 0.206916
v 0.006342 -0.0046795 0.204805
v -0.002719 -0.0050575 0.205992
v 0.000355 -0.0045795 0.205683
v -0.004817 -0.0008895 0.206517
v -0.012063 0.0021055 0.207171
v -0.017372 0.0059685 0.207489
v -0.007603 0.0026895 0.20693
v 0.004296 -0.0016315 0.205385
v 0.000466 -3.95e-05 0.20601
v -0.013294 0.0056695 0.207358
v -0.003109 0.0025695 0.206542
v 0.008006 0.0009315 0.204951
v -0.007573 0.0059325 0.207049
v -0.018707 0.0076775 0.207547
v 0.009226 0.0059415 0.204959
v 0.00514 0.0056195 0.205637
v -0.001972 0.0089605 0.206611
v 0.001768 0.0059705 0.206123
v 0.009274 0.0125305 0.205022
v 0.004373 0.0122625 0.205826
v -0.009921 0.0095915 0.207256
v -0.001297 0.0140345 0.206514
v 0.008405 0.0216575 0.204827
v 0.007483 0.0176455 0.205209
v -0.00548 0.0128945 0.206939
v -0.014006 0.0103095 0.207458
v 0.002657 0.0168135 0.205967
v -0.009702 0.0139085 0.207222
v 0.005488 0.0278735 0.20481
v 0.00508 0.0225825 0.205324
v 0.000901 0.0213395 0.205982
v -0.007103 0.0179585 0.206938
v -0.00326 0.0193365 0.206556
v 0.002317 0.0268845 0.205377
v 0.001059 0.0316815 0.205027
v -0.000455 0.0256025 0.205842
v -0.002835 0.0237255 0.206252
v -0.010036 0.0186845 0.207107
v -0.007764 0.0228505 0.20674
v -0.013469 0.0161775 0.207364
v -0.002554 0.0364585 0.204806
v -0.001501 0.0301475 0.205518
v -0.004323 0.0286345 0.205979
v -0.006391 0.0260645 0.206396
v -0.016587 0.0131795 0.207523
v -0.004099 0.0340535 0.20532
v -0.007325 0.0310325 0.205982
v -0.012496 0.0213025 0.207112
v -0.010946 0.0279895 0.206542
v -0.011752 0.0249365 0.206838
v -0.007936 0.0385925 0.204982
v -0.008614 0.0354015 0.205524
v -0.01103 0.0330365 0.205998
v -0.011864 0.0400405 0.205004
v -0.015163 0.0322865 0.206284
v -0.015872 0.0262665 0.206905
v -0.016551 0.0412245 0.204988
v -0.018429 0.0177215 0.207451
v -0.019251 0.0113695 0.207579
v -0.018085 0.0308325 0.206514
v -0.021263 0.0413365 0.205036
v -0.016033 0.0368835 0.205701
v -0.017067 0.0210475 0.207285
v -0.043069 0.0365895 0.204385
v -0.054788 0.0128155 0.20442
v -0.054169 0.0043495 0.204429
v -0.051206 -0.0043975 0.204408
v -0.048576 -0.0088825 0.204381
v -0.046219 -0.0117745 0.204381
v -0.016795 0.0443085 0.204377
v -0.0384 -0.0180055 0.202046
v -0.019515 -0.0227475 0.202064
v -0.012665 -0.0215905 0.202046
v 0.001676 -0.0137715 0.202061
v 0.006371 -0.0081915 0.202046
v 0.012258 0.0085665 0.202046
v 0.011771 0.0174455 0.202058
v 0.011093 0.0202245 0.202062
v -0.046577 0.0141765 0.202046
v -0.043082 0.0238105 0.20203
v -0.040181 0.0280485 0.202046
v -0.035458 0.0321405 0.202046
v -0.029107 0.0352355 0.202046
v -0.022499 0.0364045 0.202046
v -0.012637 0.0349385 0.202046
v -0.004087 0.0298095 0.202046
v 0.00185 -3.65e-05 0.202046
v -0.040181 -0.0062855 0.202046
v -0.044027 -0.0007865 0.202046
v -0.046176 0.0052835 0.202046
v -0.021538 0.0448765 0.202434
v -0.024367 0.0447465 0.202476
v -0.028329 0.0441505 0.202472
v -0.031537 0.0432975 0.202547
v -0.035846 0.0416015 0.20255
v -0.037711 0.0406255 0.202436
v -0.040944 0.0385945 0.202438
v -0.044457 0.0357325 0.202427
v -0.04632 0.0338745 0.202484
v -0.048915 0.0306755 0.202498
v -0.050445 0.0283045 0.202441
v -0.051742 0.0259475 0.202542
v -0.054088 0.0196915 0.202432
v -0.055005 0.0150365 0.202547
v -0.05525 0.0110895 0.20245
v -0.055191 0.0088665 0.20245
v -0.051861 -0.0039505 0.202547
v -0.050466 -0.0065105 0.202446
v -0.049363 -0.0082495 0.202478
v -0.047787 -0.0103835 0.202458
v -0.039341 -0.0179095 0.20248
v 0.01147 0.0201065 0.202442
v 0.003188 0.0345115 0.202444
v 0.001594 0.0360575 0.202444
v -0.00024 0.0376085 0.202441
v -0.002058 0.0389185 0.202334
v -0.003764 0.0400075 0.202326
v -0.007604 0.0419945 0.202327
v -0.009798 0.0429155 0.202546
v -0.018906 0.0448015 0.202436
v -0.019723 0.0448425 0.204035
v -0.017806 0.0447055 0.204031
v -0.007038 0.0417595 0.204036
v 0.003338 0.0343635 0.203983
v 0.006292 0.0308035 0.20403
v 0.007574 0.0288995 0.204028
v 0.008835 0.0267125 0.204039
v 0.010209 0.0237895 0.204027
v 0.011216 0.0209745 0.20402
v 0.011827 0.0187255 0.204031
v 0.012343 0.0161355 0.204025
v 0.012639 0.0135175 0.204029
v 0.012744 0.0114145 0.203984
v 0.012634 0.0080185 0.203979
v 0.012376 0.0059215 0.20403
v 0.011866 0.0031725 0.204024
v 0.009855 -0.0028825 0.203994
v 0.008091 -0.0063005 0.20403
v 0.006223 -0.0091435 0.204036
v 0.00448 -0.0113375 0.204021
v 0.002799 -0.0131495 0.20402
v 0.001196 -0.0146485 0.204034
v -0.00081 -0.0162955 0.204024
v -0.005417 -0.0192145 0.203992
v -0.007799 -0.0203345 0.204036
v -0.011753 -0.0217495 0.204042
v -0.013835 -0.0222905 0.204028
v -0.015984 -0.0227025 0.204028
v -0.018935 -0.0230555 0.203986
v -0.024627 -0.0229575 0.204015
v -0.029008 -0.0222305 0.204012
v -0.031643 -0.0214875 0.204022
v -0.03377 -0.0207225 0.204026
v -0.042339 -0.0158025 0.203919
v -0.043773 -0.0145945 0.204024
v -0.049875 -0.0074605 0.204026
v -0.050975 -0.0056225 0.204025
v -0.05517 0.0132215 0.204027
v -0.036141 0.0414505 0.204021
v -0.029791 0.0437875 0.204022
v -0.02125 0.0446085 0.20209
v -0.023887 0.0444465 0.202059
v -0.024174 0.0446575 0.202237
v -0.026454 0.0444215 0.202282
v -0.027611 0.0439705 0.202067
v -0.031095 0.0433625 0.202282
v -0.029346 0.0437045 0.202115
v -0.033519 0.0425695 0.202336
v -0.033097 0.0423955 0.20206
v -0.035697 0.0413515 0.202088
v -0.035064 0.0419005 0.202296
v -0.037539 0.0405705 0.202187
v -0.039213 0.0393515 0.202057
v -0.039624 0.0394615 0.202327
v -0.041205 0.0381845 0.202134
v -0.042899 0.0366645 0.202056
v -0.042941 0.0370355 0.202329
v -0.045027 0.0350415 0.202228
v -0.045764 0.0340735 0.202092
v -0.046624 0.0333565 0.202228
v -0.048232 0.0310295 0.202062
v -0.048384 0.0312625 0.202264
v -0.050095 0.0286835 0.202228
v -0.050534 0.0276515 0.202092
v -0.051324 0.0266225 0.202285
v -0.052488 0.0241445 0.202263
v -0.05233 0.0240035 0.202092
v -0.051171 0.0261285 0.202046
v -0.052776 0.0236155 0.202441
v -0.053508 0.0216455 0.20248
v -0.053426 0.0213065 0.202137
v -0.05416 0.0190135 0.202228
v -0.053886 0.0191665 0.202061
v -0.054584 0.0175645 0.202428
v -0.05481 0.0160075 0.202277
v -0.054486 0.0166735 0.202096
v -0.055149 0.0131875 0.202328
v -0.055068 0.0108785 0.202133
v -0.05476 0.0141305 0.202058
v -0.054993 0.0080655 0.202179
v -0.054879 0.0091055 0.202062
v -0.055051 0.0072185 0.202413
v -0.054645 0.0050805 0.202228
v -0.05429 0.0040175 0.202092
v -0.054633 0.0044065 0.202443
v -0.054167 0.0027895 0.202228
v -0.053448 2.75e-05 0.202321
v -0.053193 -2.5e-06 0.202096
v -0.052531 -0.0022295 0.202239
v -0.053713 0.0022545 0.202046
v -0.051967 -0.0030435 0.202088
v -0.05134 -0.0048315 0.202285
v -0.050974 -0.0049365 0.20206
v -0.050059 -0.0069185 0.202187
v -0.048804 -0.0088465 0.20222
v -0.048673 -0.0086485 0.202061
v -0.047486 -0.0104565 0.202134
v -0.045544 -0.0124335 0.202056
v -0.046334 -0.0120725 0.202439
v -0.045847 -0.0124445 0.202228
v -0.043832 -0.0141905 0.20209
v -0.044542 -0.0138915 0.202432
v -0.043763 -0.0145125 0.202261
v -0.041347 -0.0163235 0.202137
v -0.039517 -0.0176715 0.202228
v -0.038394 -0.0181825 0.202092
v -0.037632 -0.0188815 0.202332
v -0.034295 -0.0202285 0.202089
v -0.035444 -0.0199425 0.202277
v -0.033291 -0.0207995 0.202228
v -0.033104 -0.0209825 0.202452
v -0.031014 -0.0216265 0.202285
v -0.030899 -0.0213635 0.202055
v -0.028815 -0.0221615 0.202228
v -0.027359 -0.0223155 0.20209
v -0.026505 -0.0226615 0.202293
v -0.024155 -0.0228935 0.202228
v -0.023806 -0.0230185 0.202418
v -0.023887 -0.0226915 0.202062
v -0.0218 -0.0229815 0.202187
v -0.019535 -0.0230185 0.202283
v -0.017149 -0.0227635 0.202228
v -0.01596 -0.0224435 0.202092
v -0.016925 -0.0228375 0.202435
v -0.014838 -0.0223965 0.202228
v -0.014726 -0.0224825 0.20245
v -0.011498 -0.0214075 0.202089
v -0.01261 -0.0219315 0.20228
v -0.010234 -0.0212845 0.202475
v -0.00973 -0.0210335 0.20227
v -0.00826 -0.0203345 0.202137
v -0.007802 -0.0203475 0.202492
v -0.005964 -0.0194565 0.202331
v -0.005183 -0.0187375 0.202067
v -0.003894 -0.0182895 0.202286
v -0.002035 -0.0167665 0.20206
v -0.001989 -0.0170205 0.202237
v -0.001561 -0.0168295 0.202411
v -9.7e-05 -0.0155065 0.202137
v 0.000374 -0.0153605 0.20248
v 0.001655 -0.0141655 0.202283
v 0.003332 -0.0123395 0.202137
v 0.00517 -0.0100855 0.202092
v 0.00518 -0.0104025 0.202269
v 0.006197 -0.0091705 0.202437
v 0.006962 -0.0078835 0.20222
v 0.007465 -0.0068185 0.202089
v 0.008482 -0.0055515 0.202328
v 0.0098 -0.0029865 0.202448
v 0.009178 -0.0038695 0.202137
v 0.010469 -0.0011595 0.202259
v 0.009929 -0.0018145 0.202061
v 0.011037 0.0002325 0.202453
v 0.011252 0.0015455 0.202133
v 0.011442 0.0028565 0.202061
v 0.012082 0.0041885 0.202478
v 0.011893 0.0041885 0.202132
v 0.012319 0.0062375 0.202228
v 0.012429 0.0062795 0.202446
v 0.0124 0.0085545 0.202089
v 0.012601 0.0085335 0.202278
v 0.012682 0.0109255 0.202279
v 0.012452 0.0119645 0.202092
v 0.012604 0.0132775 0.202284
v 0.012274 0.0152625 0.202128
v 0.011353 0.0201465 0.202228
v 0.010057 0.0234725 0.202092
v 0.010741 0.0223235 0.202333
v 0.009766 0.0245475 0.202228
v 0.009893 0.0245175 0.202449
v 0.008479 0.0271715 0.202228
v 0.008365 0.0268965 0.202057
v 0.006619 0.0302425 0.202275
v 0.006365 0.0302835 0.202103
v 0.004907 0.0324915 0.202275
v 0.004355 0.0327185 0.202054
v 0.003338 0.0342035 0.202228
v 0.002454 0.0348935 0.202092
v 0.001672 0.0358475 0.202228
v -0.000104 0.0373715 0.202228
v -0.000242 0.0371915 0.202061
v -0.003042 0.0393025 0.202096
v -0.006042 0.0411705 0.202228
v -0.007209 0.0415635 0.202092
v -0.007199 0.0413945 0.202046
v -0.010938 0.0429905 0.20209
v -0.010681 0.0431275 0.202266
v -0.012877 0.0438325 0.202451
v -0.01369 0.0439205 0.202228
v -0.014807 0.0440045 0.202092
v -0.015987 0.0443655 0.202228
v -0.015641 0.0444165 0.202432
v -0.018339 0.0445835 0.202144
v -0.015498 0.0439715 0.202046
v -0.02125 0.0447755 0.202217
v -0.053981 0.0016815 0.202433
v -0.052574 -0.0023395 0.202425
v -0.042574 -0.0155945 0.202425
v -0.041005 -0.0167905 0.202436
v -0.035469 -0.0200175 0.202547
v -0.030577 -0.0218255 0.202547
v -0.02835 -0.0223655 0.202427
v -0.025705 -0.0228345 0.202552
v -0.021378 -0.0231195 0.202437
v -0.018437 -0.0230095 0.202538
v -0.012242 -0.0219115 0.202548
v -0.003945 -0.0183975 0.202545
v 0.002961 -0.0130015 0.202471
v 0.00479 -0.0109855 0.202543
v 0.007435 -0.0073835 0.20249
v 0.01167 0.0024195 0.20243
v 0.012693 0.0088015 0.202549
v 0.012751 0.0116435 0.202546
v 0.012496 0.0150715 0.202457
v 0.012002 0.0178495 0.202334
v 0.008923 0.0265295 0.202429
v 0.00794 0.0283025 0.202444
v 0.006854 0.0300255 0.202548
v 0.004837 0.0327165 0.202549
v -0.005552 0.0410355 0.20244
v -0.021248 0.0448485 0.204147
v -0.024145 0.0444885 0.204379
v -0.024734 0.0446235 0.204222
v -0.028513 0.0438895 0.204345
v -0.031826 0.0431855 0.204056
v -0.031654 0.0429605 0.204374
v -0.032742 0.0427995 0.204221
v -0.034828 0.0417515 0.204379
v -0.036362 0.0412225 0.204234
v -0.038671 0.0398395 0.204351
v -0.040964 0.0383415 0.204347
v -0.043373 0.0366835 0.204117
v -0.04509 0.0348735 0.204317
v -0.04701 0.0327605 0.204347
v -0.048966 0.0305855 0.204025
v -0.050362 0.0284385 0.204021
v -0.049488 0.0295725 0.204296
v -0.051308 0.0263445 0.204344
v -0.052413 0.0237365 0.204381
v -0.053474 0.0210905 0.204343
v -0.054371 0.0185775 0.204034
v -0.054193 0.0184505 0.204345
v -0.054718 0.0151715 0.204371
v -0.054974 0.0146065 0.20422
v -0.055242 0.0113355 0.204035
v -0.055026 0.0111925 0.204348
v -0.055151 0.0102005 0.204234
v -0.054834 0.0080055 0.204384
v -0.054809 0.0061005 0.204244
v -0.054356 0.0041875 0.204348
v -0.053973 0.0016295 0.20403
v -0.053995 0.0020675 0.204234
v -0.053029 -0.0012205 0.204032
v -0.053182 -5e-07 0.204378
v -0.052051 -0.0035275 0.204017
v -0.052589 -0.0019765 0.20429
v -0.050847 -0.0055055 0.20432
v -0.048728 -0.0091395 0.204013
v -0.049669 -0.0075995 0.204245
v -0.047797 -0.0102805 0.204163
v -0.046408 -0.0119185 0.204163
v -0.045285 -0.0131695 0.204032
v -0.044145 -0.0141535 0.204221
v -0.040698 -0.0170075 0.204027
v -0.04143 -0.0164195 0.204184
v -0.039096 -0.0180305 0.204124
v -0.037443 -0.0190105 0.204027
v -0.0357 -0.0198895 0.204013
v -0.035949 -0.0196625 0.204246
v -0.034751 -0.0199925 0.204382
v -0.031877 -0.0213195 0.204234
v -0.028748 -0.0221145 0.204305
v -0.026709 -0.0226635 0.204119
v -0.022254 -0.0231065 0.204017
v -0.023319 -0.0228555 0.204346
v -0.020752 -0.0230695 0.204161
v -0.026532 -0.0224215 0.20438
v -0.031676 -0.0211975 0.204376
v -0.037818 -0.0184995 0.204376
v -0.040531 -0.0167755 0.204377
v -0.043273 -0.0146835 0.204374
v -0.048956 0.0300585 0.204388
v -0.023916 0.0447885 0.204018
v -0.027405 0.0443245 0.204018
v -0.033732 0.0425065 0.204024
v -0.038761 0.0400275 0.204029
v -0.041236 0.0383925 0.204023
v -0.044826 0.0353825 0.204032
v -0.046902 0.0332065 0.204019
v -0.051421 0.0265755 0.203988
v -0.052392 0.0245305 0.204031
v -0.052965 0.0230845 0.204131
v -0.053729 0.0209375 0.204034
v -0.054884 0.0159815 0.203986
v -0.055189 0.0088075 0.204033
v -0.054916 0.0061645 0.204027
v -0.054569 0.0041275 0.204027
v -0.047192 -0.0111135 0.203917
v -0.021259 0.0445875 0.20438
v -0.020573 -0.0228165 0.204382
v -0.018079 -0.0227635 0.204346
v -0.015543 -0.0223365 0.204381
v -0.015513 -0.0225265 0.204234
v -0.012924 -0.0218965 0.204315
v -0.00984 -0.0211345 0.204034
v -0.010329 -0.0211195 0.204317
v -0.007393 -0.0200625 0.204234
v -0.006778 -0.0195715 0.204384
v -0.003009 -0.0178085 0.204025
v -0.003343 -0.0179175 0.204234
v -0.002405 -0.0171655 0.204344
v -4.8e-05 -0.0155835 0.204223
v 0.00296 -0.0128625 0.204234
v 0.004923 -0.0103745 0.204377
v 0.005966 -0.0092695 0.204289
v 0.008389 -0.0055645 0.204246
v 0.008041 -0.0058365 0.204379
v 0.011114 0.0004715 0.204017
v 0.010373 -0.0014475 0.204192
v 0.010092 -0.0015825 0.204382
v 0.011575 0.0024195 0.204233
v 0.012335 0.0063125 0.204246
v 0.012675 0.0097805 0.204163
v 0.012493 0.0103135 0.204367
v 0.012582 0.0131415 0.204234
v 0.012306 0.0140525 0.204378
v 0.012055 0.0166175 0.204345
v 0.011403 0.0200455 0.204227
v 0.010106 0.0237645 0.204233
v 0.009134 0.0255255 0.204377
v 0.008378 0.0273725 0.204234
v 0.007334 0.0287305 0.204382
v 0.004816 0.0326945 0.204035
v 0.005907 0.0310885 0.204298
v 0.005015 0.0319755 0.204384
v 0.003735 0.0336855 0.204306
v 0.001947 0.0354975 0.204314
v 8.3e-05 0.0373255 0.204135
v -0.001361 0.0381285 0.204379
v -0.004404 0.0404255 0.204017
v -0.003303 0.0396695 0.20422
v -0.004978 0.0404125 0.204378
v -0.007671 0.0417305 0.204379
v -0.008929 0.0425675 0.204025
v -0.0074 0.0418335 0.204234
v -0.01111 0.0432185 0.204243
v -0.01059 0.0428965 0.204366
v -0.013571 0.0437015 0.20438
v -0.014949 0.0442015 0.204234
v -0.018632 0.0446215 0.204304
v 0.001791 0.0358755 0.20403
v -0.001659 0.0386735 0.204029
v -0.011515 0.0434575 0.204021
v -0.014823 0.0442785 0.204017
v 0.002386 0.0347895 0.204407
v 0.010918 0.0209905 0.204386
v 0.012086 0.0057875 0.20438
v 0.011345 0.0023175 0.204381
v 0.002837 -0.0126825 0.204385
v 0.000753 -0.0146815 0.204373
v -0.002523 -0.0169875 0.204427
v -0.045965 0.0148845 0.168323
v -0.044747 0.0195385 0.168323
v -0.041826 0.0251005 0.168323
v -0.040254 0.0271415 0.168323
v -0.034401 0.0321545 0.168323
v -0.029885 0.0343515 0.168323
v -0.026417 0.0353785 0.168323
v -0.021823 0.0359065 0.168323
v -0.017251 0.0355935 0.168323
v -0.012596 0.0343755 0.168323
v -0.009205 0.0327955 0.168323
v -0.007034 0.0314535 0.168323
v -0.004498 0.0294655 0.168323
v -0.000681 0.0251005 0.168323
v 0.000661 0.0229295 0.168323
v -0.011468 -0.0121325 0.168323
v -0.026417 -0.0136155 0.168323
v -0.040677 -0.0048925 0.168323
v -0.042526 -0.0022665 0.168323
v -0.043748 -4.45e-05 0.168323
v -0.044724 0.0022495 0.168323
v -0.04575 0.0057175 0.168323
v -0.045798 0.0157315 0.201708
v -0.044613 0.0198465 0.201661
v -0.04206 0.0247755 0.20171
v -0.020817 0.0358975 0.201658
v -0.016403 0.0354265 0.201709
v -0.001588 0.0263535 0.201665
v 0.002873 0.0175125 0.201665
v 0.003291 0.0157315 0.201709
v 0.003575 0.0139785 0.201664
v 0.003753 0.0120095 0.201762
v 0.003291 0.0060315 0.201709
v 0.002873 0.0042505 0.201665
v -0.003125 -0.0063615 0.20166
v -0.004434 -0.0076585 0.201762
v -0.005781 -0.0087835 0.201665
v -0.007829 -0.0102395 0.201703
v -0.010021 -0.0114775 0.201664
v -0.012288 -0.0124785 0.201662
v -0.014623 -0.0132455 0.201665
v -0.016403 -0.0136635 0.201709
v -0.020894 -0.0141405 0.201624
v -0.024159 -0.0139735 0.201665
v -0.026103 -0.0136635 0.201709
v -0.027884 -0.0132455 0.201665
v -0.035148 -0.0099255 0.20171
v -0.036726 -0.0087835 0.201665
v -0.038496 -0.0072465 0.20166
v -0.045798 0.0060315 0.201708
v -0.046282 0.0104675 0.201705
v -0.046393 0.0099555 0.201905
v -0.046625 0.0096915 0.202033
v -0.046183 0.0078225 0.201862
v -0.046132 0.0065905 0.20198
v -0.045457 0.0041685 0.201862
v -0.045453 0.0036965 0.201976
v -0.044613 0.0019155 0.201662
v -0.043612 -0.0003515 0.201665
v -0.044214 0.0007065 0.201859
v -0.044624 0.0012015 0.201997
v -0.042374 -0.0025435 0.201703
v -0.043114 -0.0014855 0.201862
v -0.042945 -0.0020945 0.201988
v -0.041128 -0.0046025 0.201954
v -0.039141 -0.0070065 0.201997
v -0.036718 -0.0089105 0.201862
v -0.037153 -0.0087265 0.201976
v -0.035458 -0.0103775 0.202046
v -0.03359 -0.0108875 0.201667
v -0.03362 -0.0109805 0.201862
v -0.034229 -0.0108105 0.201988
v -0.031883 -0.0117805 0.20176
v -0.030219 -0.0124785 0.201662
v -0.030294 -0.0125495 0.201859
v -0.030934 -0.0124895 0.201997
v -0.027953 -0.0134055 0.201954
v -0.025628 -0.0139655 0.201969
v -0.029107 -0.0134725 0.202046
v -0.024313 -0.0140485 0.201862
v -0.021945 -0.0141735 0.201795
v -0.023247 -0.0143945 0.202026
v -0.020637 -0.0143115 0.201957
v -0.018194 -0.0140485 0.201862
v -0.015787 -0.0137485 0.201969
v -0.01791 -0.0142405 0.202026
v -0.01454 -0.0133215 0.201862
v -0.013539 -0.0131295 0.201967
v -0.012637 -0.0131755 0.202046
v -0.011044 -0.0121575 0.201957
v -0.008886 -0.0109805 0.201862
v -0.006777 -0.0097815 0.201969
v -0.008551 -0.0110495 0.202026
v -0.005789 -0.0089105 0.201862
v -0.00479 -0.0084015 0.202026
v -0.003004 -0.0064965 0.201957
v -0.001588 -0.0045915 0.201665
v -0.000954 -0.0043385 0.20203
v -0.001462 -0.0045835 0.201862
v -0.000446 -0.0030135 0.20171
v -0.00059 -0.0035945 0.201969
v 0.000516 -0.0014555 0.201667
v 0.000658 -0.0015545 0.201954
v 0.002107 0.0019155 0.201662
v 0.002118 0.0012005 0.201997
v 0.00295 0.0041675 0.201862
v 0.002946 0.0036965 0.201976
v 0.003594 0.0065065 0.201969
v 0.003823 0.0058935 0.202046
v 0.003602 0.0079755 0.201665
v 0.003677 0.0078215 0.201862
v 0.003946 0.0087005 0.201997
v 0.004084 0.0118565 0.202028
v 0.003854 0.0102675 0.201859
v 0.003749 0.0139855 0.201954
v 0.003377 0.0163475 0.201969
v 0.00295 0.0175945 0.201862
v 0.002107 0.0198475 0.201662
v 0.003058 0.0180915 0.202026
v 0.001956 0.0204945 0.201852
v 0.001106 0.0221135 0.201664
v -0.000132 0.0243065 0.201703
v 0.000608 0.0232485 0.201862
v 0.001482 0.0219745 0.201993
v 0.00185 0.0217995 0.202046
v 2.8e-05 0.0244315 0.201969
v -0.001462 0.0263465 0.201862
v -0.001125 0.0262815 0.202026
v -0.003125 0.0281235 0.20166
v -0.003066 0.0282005 0.201859
v -0.004804 0.0297375 0.201662
v -0.003366 0.0287685 0.201997
v -0.004835 0.0298895 0.201862
v -0.006368 0.0310045 0.201759
v -0.007465 0.0317625 0.201714
v -0.006178 0.0311705 0.201988
v -0.008954 0.0326905 0.201763
v -0.00855 0.0328115 0.202026
v -0.012287 0.0342415 0.201662
v -0.011573 0.0342525 0.201997
v -0.01454 0.0350845 0.201862
v -0.013715 0.0349475 0.201968
v -0.015787 0.0355115 0.201969
v -0.018194 0.0358115 0.201862
v -0.01791 0.0360035 0.202026
v -0.020639 0.0359885 0.201859
v -0.021253 0.0361785 0.201997
v -0.02435 0.0357095 0.201664
v -0.024358 0.0358835 0.201954
v -0.026103 0.0354265 0.201709
v -0.02672 0.0355115 0.201969
v -0.027884 0.0350075 0.201665
v -0.027967 0.0350845 0.201862
v -0.028792 0.0349485 0.201968
v -0.030357 0.0344745 0.201999
v -0.032486 0.0332405 0.201664
v -0.031429 0.0338425 0.201859
v -0.03362 0.0327425 0.201862
v -0.032911 0.0333275 0.201997
v -0.034804 0.0321635 0.201969
v -0.036726 0.0305465 0.201665
v -0.036737 0.0307555 0.201954
v -0.039441 0.0282005 0.201859
v -0.039141 0.0287685 0.201997
v -0.041128 0.0263655 0.201954
v -0.042535 0.0244315 0.201969
v -0.043114 0.0232485 0.201862
v -0.04409 0.0211495 0.201769
v -0.044624 0.0205615 0.201997
v -0.045457 0.0175945 0.201862
v -0.045453 0.0180665 0.201976
v -0.04531 0.0194965 0.202046
v -0.046133 0.0151725 0.20198
v -0.046238 0.0132805 0.201827
v -0.046473 0.0127385 0.201999
v -0.046081 0.0077845 0.201663
v -0.04538 0.0042505 0.201665
v -0.040918 -0.0045915 0.201665
v -0.039512 -0.0062485 0.201765
v -0.018157 -0.0139465 0.201664
v 0.001584 0.0006135 0.201769
v 0.003763 0.0104565 0.201657
v -0.010985 0.0337185 0.201769
v -0.014622 0.0350075 0.201665
v -0.018348 0.0357365 0.201665
v -0.022378 0.0358875 0.201762
v -0.030219 0.0342415 0.201661
v -0.034678 0.0320025 0.201702
v -0.038072 0.0294215 0.201762
v -0.039381 0.0281245 0.20166
v -0.040918 0.0263535 0.201665
v -0.043022 0.0232185 0.201667
v -0.04538 0.0175115 0.201664
v -0.046108 0.0137875 0.201664
vt 0.871805 0.223224
vt 0.864772 0.226397
vt 0.865844 0.226377
vt 0.867538 0.226377
vt 0.872526 0.223204
vt 0.865844 0.226377
vt 0.863839 0.22638
vt 0.864044 0.226372
vt 0.870765 0.223204
vt 0.864044 0.226372
vt 0.864772 0.226397
vt 0.870933 0.223222
vt 0.869742 0.226376
vt 0.873601 0.223204
vt 0.867538 0.226377
vt 0.87495 0.223206
vt 0.869742 0.226376
vt 0.872115 0.226376
vt 0.8764 0.223223
vt 0.872115 0.226376
vt 0.874549 0.226377
vt 0.877148 0.226375
vt 0.87777 0.223205
vt 0.874549 0.226377
vt 0.871281 0.223224
vt 0.864772 0.226397
vt 0.871805 0.223224
vt 0.867538 0.226377
vt 0.873601 0.223204
vt 0.872526 0.223204
vt 0.871805 0.223224
vt 0.865844 0.226377
vt 0.872526 0.223204
vt 0.863839 0.22638
vt 0.870765 0.223204
vt 0.870752 0.223206
vt 0.870933 0.223222
vt 0.864772 0.226397
vt 0.871281 0.223224
vt 0.870765 0.223204
vt 0.864044 0.226372
vt 0.870933 0.223222
vt 0.873601 0.223204
vt 0.869742 0.226376
vt 0.87495 0.223206
vt 0.87495 0.223206
vt 0.872115 0.226376
vt 0.8764 0.223223
vt 0.8764 0.223223
vt 0.874549 0.226377
vt 0.87777 0.223205
vt 0.87777 0.223205
vt 0.877148 0.226375
vt 0.878959 0.223222
vt 0.878959 0.223222
vt 0.877148 0.226375
vt 0.880316 0.223217
vt 0.89042 0.226375
vt 0.887789 0.22321
vt 0.88804 0.226377
vt 0.885699 0.226377
vt 0.88804 0.226377
vt 0.885691 0.223212
vt 0.880316 0.223217
vt 0.877148 0.226375
vt 0.880725 0.226378
vt 0.883482 0.226376
vt 0.883801 0.223212
vt 0.880725 0.226378
vt 0.89042 0.226375
vt 0.892684 0.226372
vt 0.889448 0.22321
vt 0.891608 0.223216
vt 0.894798 0.226371
vt 0.897344 0.22638
vt 0.899241 0.22637
vt 0.893749 0.223232
vt 0.897344 0.22638
vt 0.893749 0.223232
vt 0.899241 0.22637
vt 0.894643 0.223222
vt 0.883482 0.226376
vt 0.885699 0.226377
vt 0.883801 0.223212
vt 0.889448 0.22321
vt 0.887789 0.22321
vt 0.89042 0.226375
vt 0.88804 0.226377
vt 0.887789 0.22321
vt 0.885691 0.223212
vt 0.883801 0.223212
vt 0.882053 0.223224
vt 0.880725 0.226378
vt 0.880316 0.223217
vt 0.880725 0.226378
vt 0.882053 0.223224
vt 0.885699 0.226377
vt 0.885691 0.223212
vt 0.883801 0.223212
vt 0.894798 0.226371
vt 0.890692 0.223206
vt 0.892684 0.226372
vt 0.897344 0.22638
vt 0.893749 0.223232
vt 0.892718 0.223214
vt 0.897344 0.22638
vt 0.892718 0.223214
vt 0.891608 0.223216
vt 0.892684 0.226372
vt 0.890692 0.223206
vt 0.889448 0.22321
vt 0.894798 0.226371
vt 0.891608 0.223216
vt 0.890692 0.223206
vt 0.877149 0.223204
vt 0.875304 0.226377
vt 0.871913 0.226376
vt 0.879115 0.226376
vt 0.882215 0.223204
vt 0.882364 0.226378
vt 0.879115 0.226376
vt 0.875304 0.226377
vt 0.878782 0.223207
vt 0.873419 0.223208
vt 0.871913 0.226376
vt 0.867905 0.226377
vt 0.866221 0.226378
vt 0.872685 0.223205
vt 0.867905 0.226377
vt 0.864354 0.226376
vt 0.871478 0.223206
vt 0.865059 0.226378
vt 0.866221 0.226378
vt 0.865059 0.226378
vt 0.871942 0.223224
vt 0.863838 0.226376
vt 0.870989 0.223222
vt 0.864354 0.226376
vt 0.882364 0.226378
vt 0.882215 0.223204
vt 0.884537 0.226377
vt 0.877149 0.223204
vt 0.878782 0.223207
vt 0.875304 0.226377
vt 0.876338 0.223177
vt 0.871913 0.226376
vt 0.875167 0.223211
vt 0.877149 0.223204
vt 0.871913 0.226376
vt 0.876338 0.223177
vt 0.875167 0.223211
vt 0.871913 0.226376
vt 0.874074 0.223205
vt 0.882215 0.223204
vt 0.879115 0.226376
vt 0.880621 0.223224
vt 0.884537 0.226377
vt 0.882215 0.223204
vt 0.883426 0.223209
vt 0.880621 0.223224
vt 0.879115 0.226376
vt 0.878782 0.223207
vt 0.874074 0.223205
vt 0.871913 0.226376
vt 0.873419 0.223208
vt 0.873419 0.223208
vt 0.867905 0.226377
vt 0.872685 0.223205
vt 0.870752 0.223206
vt 0.863838 0.226376
vt 0.863839 0.22638
vt 0.872685 0.223205
vt 0.866221 0.226378
vt 0.871942 0.223224
vt 0.871942 0.223224
vt 0.865059 0.226378
vt 0.871478 0.223206
vt 0.871478 0.223206
vt 0.864354 0.226376
vt 0.870989 0.223222
vt 0.870989 0.223222
vt 0.863838 0.226376
vt 0.870831 0.223205
vt 0.863838 0.226376
vt 0.870752 0.223206
vt 0.870831 0.223205
vt 0.896041 0.22638
vt 0.898648 0.226378
vt 0.901132 0.226381
vt 0.888679 0.22638
vt 0.880541 0.226381
vt 0.884537 0.226377
vt 0.894105 0.226377
vt 0.896041 0.22638
vt 0.888679 0.22638
vt 0.901132 0.226381
vt 0.902811 0.226377
vt 0.903707 0.226378
vt 0.903104 0.226377
vt 0.904216 0.22638
vt 0.903707 0.226378
vt 0.903104 0.226377
vt 0.90361 0.22638
vt 0.904216 0.22638
vt 0.90361 0.22638
vt 0.903104 0.226377
vt 0.902573 0.226377
vt 0.902055 0.226381
vt 0.901478 0.22638
vt 0.90361 0.22638
vt 0.863838 0.226376
vt 0.86419 0.226381
vt 0.862666 0.226381
vt 0.883764 0.22638
vt 0.880725 0.226378
vt 0.876699 0.226381
vt 0.890221 0.226379
vt 0.894629 0.22638
vt 0.89042 0.226375
vt 0.903707 0.226378
vt 0.903144 0.226375
vt 0.903104 0.226377
vt 0.903707 0.226378
vt 0.902811 0.226377
vt 0.903144 0.226375
vt 0.902055 0.226381
vt 0.90361 0.22638
vt 0.902573 0.226377
vt 0.898648 0.226378
vt 0.900469 0.226377
vt 0.901132 0.226381
vt 0.898648 0.226378
vt 0.896041 0.22638
vt 0.896521 0.226377
vt 0.902811 0.226377
vt 0.901132 0.226381
vt 0.901828 0.226377
vt 0.901132 0.226381
vt 0.900469 0.226377
vt 0.901828 0.226377
vt 0.890221 0.226379
vt 0.885699 0.226377
vt 0.883764 0.22638
vt 0.880725 0.226378
vt 0.877148 0.226375
vt 0.876699 0.226381
vt 0.876699 0.226381
vt 0.877148 0.226375
vt 0.874549 0.226377
vt 0.888679 0.22638
vt 0.890915 0.226377
vt 0.894105 0.226377
vt 0.894105 0.226377
vt 0.896521 0.226377
vt 0.896041 0.22638
vt 0.887741 0.226377
vt 0.888679 0.22638
vt 0.884537 0.226377
vt 0.887741 0.226377
vt 0.890915 0.226377
vt 0.888679 0.22638
vt 0.884537 0.226377
vt 0.880541 0.226381
vt 0.882364 0.226378
vt 0.885699 0.226377
vt 0.883482 0.226376
vt 0.883764 0.22638
vt 0.880725 0.226378
vt 0.883764 0.22638
vt 0.883482 0.226376
vt 0.892684 0.226372
vt 0.89042 0.226375
vt 0.894629 0.22638
vt 0.890221 0.226379
vt 0.88804 0.226377
vt 0.885699 0.226377
vt 0.890221 0.226379
vt 0.89042 0.226375
vt 0.88804 0.226377
vt 0.876699 0.226381
vt 0.872115 0.226376
vt 0.870629 0.22638
vt 0.869742 0.226376
vt 0.866864 0.22638
vt 0.870629 0.22638
vt 0.866864 0.22638
vt 0.865844 0.226377
vt 0.863751 0.22638
vt 0.86419 0.226381
vt 0.864354 0.226376
vt 0.865059 0.226378
vt 0.866221 0.226378
vt 0.86419 0.226381
vt 0.865059 0.226378
vt 0.868207 0.22638
vt 0.867905 0.226377
vt 0.873373 0.226381
vt 0.868207 0.22638
vt 0.86419 0.226381
vt 0.867905 0.226377
vt 0.875304 0.226377
vt 0.873373 0.226381
vt 0.871913 0.226376
vt 0.880541 0.226381
vt 0.873373 0.226381
vt 0.879115 0.226376
vt 0.875304 0.226377
vt 0.879115 0.226376
vt 0.873373 0.226381
vt 0.86419 0.226381
vt 0.863838 0.226376
vt 0.864354 0.226376
vt 0.872115 0.226376
vt 0.876699 0.226381
vt 0.874549 0.226377
vt 0.870629 0.22638
vt 0.872115 0.226376
vt 0.869742 0.226376
vt 0.866864 0.22638
vt 0.867538 0.226377
vt 0.865844 0.226377
vt 0.869742 0.226376
vt 0.867538 0.226377
vt 0.866864 0.22638
vt 0.873373 0.226381
vt 0.867905 0.226377
vt 0.871913 0.226376
vt 0.880541 0.226381
vt 0.879115 0.226376
vt 0.882364 0.226378
vt 0.867905 0.226377
vt 0.86419 0.226381
vt 0.866221 0.226378
vt 0.894643 0.223222
vt 0.899241 0.22637
vt 0.90054 0.226372
vt 0.895337 0.223225
vt 0.90054 0.226372
vt 0.901765 0.226378
vt 0.895795 0.223225
vt 0.901765 0.226378
vt 0.902573 0.226377
vt 0.896074 0.223222
vt 0.902573 0.226377
vt 0.903104 0.226377
vt 0.903144 0.226375
vt 0.89616 0.223225
vt 0.903104 0.226377
vt 0.902811 0.226377
vt 0.895963 0.223225
vt 0.903144 0.226375
vt 0.895477 0.223216
vt 0.902811 0.226377
vt 0.901828 0.226377
vt 0.898648 0.226378
vt 0.893329 0.223227
vt 0.900469 0.226377
vt 0.891816 0.223206
vt 0.898648 0.226378
vt 0.896521 0.226377
vt 0.891816 0.223206
vt 0.896521 0.226377
vt 0.894105 0.226377
vt 0.890915 0.226377
vt 0.889006 0.223224
vt 0.894105 0.226377
vt 0.887741 0.226377
vt 0.887527 0.223204
vt 0.890915 0.226377
vt 0.884537 0.226377
vt 0.884979 0.223208
vt 0.887741 0.226377
vt 0.900469 0.226377
vt 0.894739 0.223168
vt 0.901828 0.226377
vt 0.90054 0.226372
vt 0.895337 0.223225
vt 0.894643 0.223222
vt 0.895337 0.223225
vt 0.901765 0.226378
vt 0.895795 0.223225
vt 0.896074 0.223222
vt 0.895795 0.223225
vt 0.902573 0.226377
vt 0.89616 0.223225
vt 0.896119 0.223172
vt 0.903104 0.226377
vt 0.903144 0.226375
vt 0.895963 0.223225
vt 0.89616 0.223225
vt 0.895477 0.223216
vt 0.895963 0.223225
vt 0.902811 0.226377
vt 0.896119 0.223172
vt 0.896074 0.223222
vt 0.903104 0.226377
vt 0.901828 0.226377
vt 0.894739 0.223168
vt 0.895477 0.223216
vt 0.900469 0.226377
vt 0.894201 0.223164
vt 0.894739 0.223168
vt 0.898648 0.226378
vt 0.891816 0.223206
vt 0.893329 0.223227
vt 0.894201 0.223164
vt 0.900469 0.226377
vt 0.893329 0.223227
vt 0.887527 0.223204
vt 0.889006 0.223224
vt 0.890915 0.226377
vt 0.891816 0.223206
vt 0.894105 0.226377
vt 0.890258 0.223204
vt 0.889006 0.223224
vt 0.890258 0.223204
vt 0.894105 0.226377
vt 0.886344 0.223159
vt 0.887741 0.226377
vt 0.884979 0.223208
vt 0.883426 0.223209
vt 0.884979 0.223208
vt 0.884537 0.226377
vt 0.887741 0.226377
vt 0.886344 0.223159
vt 0.887527 0.223204
vt 0.901478 0.22638
vt 0.90054 0.226372
vt 0.899241 0.22637
vt 0.901478 0.22638
vt 0.902055 0.226381
vt 0.90054 0.226372
vt 0.899241 0.22637
vt 0.898522 0.22638
vt 0.901478 0.22638
vt 0.897344 0.22638
vt 0.898522 0.22638
vt 0.899241 0.22637
vt 0.897344 0.22638
vt 0.894629 0.22638
vt 0.898522 0.22638
vt 0.894798 0.226371
vt 0.894629 0.22638
vt 0.897344 0.22638
vt 0.894629 0.22638
vt 0.894798 0.226371
vt 0.892684 0.226372
vt 0.864772 0.226397
vt 0.863751 0.22638
vt 0.865844 0.226377
vt 0.864044 0.226372
vt 0.862666 0.226381
vt 0.863751 0.22638
vt 0.863838 0.226376
vt 0.862666 0.226381
vt 0.863839 0.22638
vt 0.862666 0.226381
vt 0.864044 0.226372
vt 0.863839 0.22638
vt 0.864044 0.226372
vt 0.863751 0.22638
vt 0.864772 0.226397
vt 0.882053 0.223224
vt 0.883801 0.223212
vt 0.881939 0.223101
vt 0.885691 0.223212
vt 0.886427 0.223103
vt 0.885325 0.223069
vt 0.885691 0.223212
vt 0.887789 0.22321
vt 0.886427 0.223103
vt 0.887789 0.22321
vt 0.888724 0.223058
vt 0.887399 0.223077
vt 0.889448 0.22321
vt 0.888724 0.223058
vt 0.887789 0.22321
vt 0.890149 0.223103
vt 0.888724 0.223058
vt 0.889448 0.22321
vt 0.890692 0.223206
vt 0.890149 0.223103
vt 0.889448 0.22321
vt 0.891608 0.223216
vt 0.892718 0.223214
vt 0.891562 0.223102
vt 0.893677 0.223102
vt 0.892694 0.22306
vt 0.892718 0.223214
vt 0.895795 0.223225
vt 0.89587 0.223098
vt 0.895645 0.223095
vt 0.896074 0.223222
vt 0.896052 0.223106
vt 0.89587 0.223098
vt 0.895963 0.223225
vt 0.895683 0.223097
vt 0.895901 0.223095
vt 0.895477 0.223216
vt 0.895285 0.2231
vt 0.895683 0.223097
vt 0.894739 0.223168
vt 0.895285 0.2231
vt 0.895477 0.223216
vt 0.893329 0.223227
vt 0.892485 0.22309
vt 0.893539 0.2231
vt 0.893329 0.223227
vt 0.891816 0.223206
vt 0.892485 0.22309
vt 0.891027 0.223104
vt 0.892485 0.22309
vt 0.891816 0.223206
vt 0.890258 0.223204
vt 0.891027 0.223104
vt 0.891816 0.223206
vt 0.889006 0.223224
vt 0.888686 0.223102
vt 0.889718 0.223092
vt 0.889006 0.223224
vt 0.887527 0.223204
vt 0.888686 0.223102
vt 0.886344 0.223159
vt 0.887579 0.223064
vt 0.887527 0.223204
vt 0.884375 0.223101
vt 0.88551 0.223065
vt 0.884979 0.223208
vt 0.884979 0.223208
vt 0.883426 0.223209
vt 0.884375 0.223101
vt 0.878782 0.223207
vt 0.87797 0.223066
vt 0.879394 0.223069
vt 0.875167 0.223211
vt 0.875975 0.223065
vt 0.876338 0.223177
vt 0.875005 0.223099
vt 0.875975 0.223065
vt 0.875167 0.223211
vt 0.875167 0.223211
vt 0.874074 0.223205
vt 0.875005 0.223099
vt 0.87204 0.223101
vt 0.872441 0.223066
vt 0.872685 0.223205
vt 0.871478 0.223206
vt 0.87204 0.223101
vt 0.871942 0.223224
vt 0.871478 0.223206
vt 0.871166 0.223102
vt 0.87158 0.22307
vt 0.870989 0.223222
vt 0.870831 0.223205
vt 0.871166 0.223102
vt 0.883018 0.223061
vt 0.883426 0.223209
vt 0.882215 0.223204
vt 0.870816 0.223067
vt 0.870831 0.223205
vt 0.870752 0.223206
vt 0.870816 0.223067
vt 0.870919 0.22307
vt 0.870831 0.223205
vt 0.870765 0.223204
vt 0.870816 0.223067
vt 0.870752 0.223206
vt 0.870765 0.223204
vt 0.870888 0.223065
vt 0.870816 0.223067
vt 0.871805 0.223224
vt 0.872526 0.223204
vt 0.871931 0.223098
vt 0.8764 0.223223
vt 0.87777 0.223205
vt 0.876716 0.223095
vt 0.87777 0.223205
vt 0.878908 0.223105
vt 0.877771 0.223066
vt 0.880316 0.223217
vt 0.878908 0.223105
vt 0.878959 0.223222
vt 0.878908 0.223105
vt 0.880316 0.223217
vt 0.880311 0.22309
vt 0.871206 0.219645
vt 0.881948 0.219646
vt 0.876531 0.219646
vt 0.875911 0.219647
vt 0.888329 0.219647
vt 0.871206 0.219645
vt 0.871206 0.219645
vt 0.889421 0.219646
vt 0.881948 0.219646
vt 0.873747 0.219648
vt 0.872692 0.219658
vt 0.871206 0.219645
vt 0.876531 0.219646
vt 0.881948 0.219646
vt 0.87903 0.219657
vt 0.876531 0.219646
vt 0.873747 0.219648
vt 0.871206 0.219645
vt 0.871206 0.219645
vt 0.870955 0.219664
vt 0.871098 0.219653
vt 0.871206 0.219645
vt 0.871098 0.219653
vt 0.871576 0.219648
vt 0.874032 0.219654
vt 0.875911 0.219647
vt 0.872956 0.219646
vt 0.872956 0.219646
vt 0.875911 0.219647
vt 0.871206 0.219645
vt 0.871206 0.219645
vt 0.871576 0.219648
vt 0.872956 0.219646
vt 0.875911 0.219647
vt 0.878412 0.219657
vt 0.879975 0.219666
vt 0.879975 0.219666
vt 0.881468 0.219649
vt 0.875911 0.219647
vt 0.885051 0.219658
vt 0.875911 0.219647
vt 0.881468 0.219649
vt 0.885664 0.219644
vt 0.881948 0.219646
vt 0.889421 0.219646
vt 0.889421 0.219646
vt 0.871206 0.219645
vt 0.892462 0.219658
vt 0.871206 0.219645
vt 0.893882 0.219647
vt 0.892462 0.219658
vt 0.893882 0.219647
vt 0.895895 0.219652
vt 0.89484 0.219657
vt 0.892462 0.219658
vt 0.891115 0.219666
vt 0.889421 0.219646
vt 0.893463 0.219647
vt 0.888329 0.219647
vt 0.890879 0.219661
vt 0.886748 0.219647
vt 0.875911 0.219647
vt 0.885051 0.219658
vt 0.893463 0.219647
vt 0.894719 0.219657
vt 0.89564 0.219653
vt 0.895908 0.219653
vt 0.895895 0.219652
vt 0.89564 0.219653
vt 0.871171 0.219829
vt 0.871166 0.223102
vt 0.870919 0.22307
vt 0.870816 0.223067
vt 0.870904 0.219839
vt 0.870919 0.22307
vt 0.871619 0.219835
vt 0.87158 0.22307
vt 0.871166 0.223102
vt 0.87158 0.22307
vt 0.871619 0.219835
vt 0.87204 0.223101
vt 0.872441 0.223066
vt 0.87204 0.223101
vt 0.872087 0.219834
vt 0.873216 0.223065
vt 0.872441 0.223066
vt 0.872579 0.219838
vt 0.873216 0.223065
vt 0.873824 0.219833
vt 0.874216 0.223073
vt 0.875975 0.223065
vt 0.875005 0.223099
vt 0.875369 0.219833
vt 0.875005 0.223099
vt 0.874216 0.223073
vt 0.875369 0.219833
vt 0.870904 0.219839
vt 0.870816 0.223067
vt 0.870823 0.219831
vt 0.870904 0.219839
vt 0.871171 0.219829
vt 0.870919 0.22307
vt 0.87797 0.223066
vt 0.876338 0.223177
vt 0.877375 0.219848
vt 0.876338 0.223177
vt 0.875975 0.223065
vt 0.876462 0.219782
vt 0.879394 0.223069
vt 0.87797 0.223066
vt 0.878566 0.21983
vt 0.879394 0.223069
vt 0.88018 0.219827
vt 0.880106 0.223107
vt 0.895285 0.2231
vt 0.894739 0.223168
vt 0.894603 0.219839
vt 0.893539 0.2231
vt 0.892485 0.22309
vt 0.893182 0.2198
vt 0.894739 0.223168
vt 0.894201 0.223164
vt 0.894603 0.219839
vt 0.894201 0.223164
vt 0.893539 0.2231
vt 0.893182 0.2198
vt 0.896052 0.223106
vt 0.896119 0.223172
vt 0.896072 0.219833
vt 0.896119 0.223172
vt 0.896073 0.2231
vt 0.896072 0.219833
vt 0.895901 0.223095
vt 0.895683 0.223097
vt 0.895706 0.219833
vt 0.896073 0.2231
vt 0.895901 0.223095
vt 0.896057 0.219835
vt 0.895683 0.223097
vt 0.895285 0.2231
vt 0.895706 0.219833
vt 0.883168 0.219826
vt 0.884375 0.223101
vt 0.883018 0.223061
vt 0.88458 0.21982
vt 0.88551 0.223065
vt 0.884375 0.223101
vt 0.881559 0.22309
vt 0.880106 0.223107
vt 0.88018 0.219827
vt 0.881943 0.219851
vt 0.883018 0.223061
vt 0.881559 0.22309
vt 0.891027 0.223104
vt 0.889718 0.223092
vt 0.890694 0.219836
vt 0.891935 0.219835
vt 0.892485 0.22309
vt 0.891027 0.223104
vt 0.88623 0.219829
vt 0.886344 0.223159
vt 0.88551 0.223065
vt 0.888563 0.219767
vt 0.888686 0.223102
vt 0.887579 0.223064
vt 0.887566 0.219832
vt 0.887579 0.223064
vt 0.886344 0.223159
vt 0.889702 0.219777
vt 0.889718 0.223092
vt 0.888686 0.223102
vt 0.871166 0.223102
vt 0.871171 0.219829
vt 0.871619 0.219835
vt 0.872441 0.223066
vt 0.872087 0.219834
vt 0.872579 0.219838
vt 0.873216 0.223065
vt 0.872579 0.219838
vt 0.873298 0.219771
vt 0.872087 0.219834
vt 0.87204 0.223101
vt 0.871619 0.219835
vt 0.873216 0.223065
vt 0.873298 0.219771
vt 0.873824 0.219833
vt 0.874216 0.223073
vt 0.873824 0.219833
vt 0.874448 0.219768
vt 0.874216 0.223073
vt 0.874448 0.219768
vt 0.875369 0.219833
vt 0.876462 0.219782
vt 0.875975 0.223065
vt 0.875369 0.219833
vt 0.876338 0.223177
vt 0.876462 0.219782
vt 0.877375 0.219848
vt 0.87797 0.223066
vt 0.877375 0.219848
vt 0.878566 0.21983
vt 0.88018 0.219827
vt 0.879394 0.223069
vt 0.878566 0.21983
vt 0.881559 0.22309
vt 0.88018 0.219827
vt 0.881943 0.219851
vt 0.88458 0.21982
vt 0.884375 0.223101
vt 0.883168 0.219826
vt 0.883168 0.219826
vt 0.883018 0.223061
vt 0.881943 0.219851
vt 0.88551 0.223065
vt 0.88458 0.21982
vt 0.88623 0.219829
vt 0.887579 0.223064
vt 0.887566 0.219832
vt 0.888563 0.219767
vt 0.887566 0.219832
vt 0.886344 0.223159
vt 0.88623 0.219829
vt 0.888686 0.223102
vt 0.888563 0.219767
vt 0.889702 0.219777
vt 0.889718 0.223092
vt 0.889702 0.219777
vt 0.890694 0.219836
vt 0.891935 0.219835
vt 0.891027 0.223104
vt 0.890694 0.219836
vt 0.894201 0.223164
vt 0.893182 0.2198
vt 0.894026 0.219768
vt 0.895285 0.2231
vt 0.894603 0.219839
vt 0.895265 0.219833
vt 0.894603 0.219839
vt 0.894201 0.223164
vt 0.894026 0.219768
vt 0.895285 0.2231
vt 0.895265 0.219833
vt 0.895706 0.219833
vt 0.89588 0.219768
vt 0.895901 0.223095
vt 0.895706 0.219833
vt 0.896073 0.2231
vt 0.896057 0.219835
vt 0.896072 0.219833
vt 0.896057 0.219835
vt 0.895901 0.223095
vt 0.89588 0.219768
vt 0.893182 0.2198
vt 0.892485 0.22309
vt 0.891935 0.219835
vt 0.895645 0.223095
vt 0.895413 0.21983
vt 0.895213 0.223098
vt 0.895213 0.223098
vt 0.894968 0.219834
vt 0.89457 0.223107
vt 0.89587 0.223098
vt 0.896052 0.223106
vt 0.895828 0.219835
vt 0.895645 0.223095
vt 0.895828 0.219835
vt 0.895413 0.21983
vt 0.895645 0.223095
vt 0.89587 0.223098
vt 0.895828 0.219835
vt 0.89457 0.223107
vt 0.893673 0.219845
vt 0.893677 0.223102
vt 0.892694 0.22306
vt 0.892148 0.21984
vt 0.891562 0.223102
vt 0.892694 0.22306
vt 0.893677 0.223102
vt 0.892909 0.219822
vt 0.890149 0.223103
vt 0.891562 0.223102
vt 0.890212 0.219848
vt 0.896072 0.219833
vt 0.895828 0.219835
vt 0.896052 0.223106
vt 0.888724 0.223058
vt 0.890149 0.223103
vt 0.888845 0.219838
vt 0.886551 0.219769
vt 0.886427 0.223103
vt 0.887399 0.223077
vt 0.887399 0.223077
vt 0.888724 0.223058
vt 0.888845 0.219838
vt 0.885325 0.223069
vt 0.88526 0.21984
vt 0.883767 0.223074
vt 0.886427 0.223103
vt 0.88526 0.21984
vt 0.885325 0.223069
vt 0.882082 0.219827
vt 0.881939 0.223101
vt 0.883767 0.223074
vt 0.876716 0.223095
vt 0.877771 0.223066
vt 0.876898 0.219789
vt 0.876716 0.223095
vt 0.87596 0.219836
vt 0.875664 0.223083
vt 0.870816 0.223067
vt 0.870888 0.223065
vt 0.870823 0.219831
vt 0.870888 0.223065
vt 0.871037 0.2231
vt 0.871169 0.219857
vt 0.871037 0.2231
vt 0.871316 0.223105
vt 0.871169 0.219857
vt 0.877771 0.223066
vt 0.878908 0.223105
vt 0.878593 0.219843
vt 0.875015 0.219853
vt 0.874573 0.223067
vt 0.875664 0.223083
vt 0.878908 0.223105
vt 0.880311 0.22309
vt 0.879636 0.21985
vt 0.874492 0.219771
vt 0.873521 0.223062
vt 0.874573 0.223067
vt 0.881939 0.223101
vt 0.880631 0.21983
vt 0.880311 0.22309
vt 0.872862 0.219826
vt 0.872498 0.223067
vt 0.873521 0.223062
vt 0.872498 0.223067
vt 0.872102 0.219828
vt 0.871931 0.223098
vt 0.872102 0.219828
vt 0.871549 0.22307
vt 0.871931 0.223098
vt 0.871169 0.219857
vt 0.871316 0.223105
vt 0.871549 0.22307
vt 0.895213 0.223098
vt 0.895413 0.21983
vt 0.894968 0.219834
vt 0.89457 0.223107
vt 0.894465 0.219833
vt 0.893673 0.219845
vt 0.894465 0.219833
vt 0.89457 0.223107
vt 0.894968 0.219834
vt 0.893677 0.223102
vt 0.893673 0.219845
vt 0.892909 0.219822
vt 0.892694 0.22306
vt 0.892909 0.219822
vt 0.892148 0.21984
vt 0.891562 0.223102
vt 0.891099 0.219827
vt 0.890212 0.219848
vt 0.891099 0.219827
vt 0.891562 0.223102
vt 0.892148 0.21984
vt 0.888845 0.219838
vt 0.890149 0.223103
vt 0.890212 0.219848
vt 0.887399 0.223077
vt 0.888845 0.219838
vt 0.887442 0.219826
vt 0.887399 0.223077
vt 0.887442 0.219826
vt 0.886551 0.219769
vt 0.886427 0.223103
vt 0.886551 0.219769
vt 0.88526 0.21984
vt 0.883777 0.21984
vt 0.883767 0.223074
vt 0.88526 0.21984
vt 0.883767 0.223074
vt 0.883777 0.21984
vt 0.882082 0.219827
vt 0.879636 0.21985
vt 0.880311 0.22309
vt 0.880631 0.21983
vt 0.878908 0.223105
vt 0.879636 0.21985
vt 0.878593 0.219843
vt 0.877672 0.219792
vt 0.877771 0.223066
vt 0.878593 0.219843
vt 0.876716 0.223095
vt 0.876898 0.219789
vt 0.87596 0.219836
vt 0.875664 0.223083
vt 0.87596 0.219836
vt 0.875015 0.219853
vt 0.874573 0.223067
vt 0.875015 0.219853
vt 0.874492 0.219771
vt 0.873512 0.21984
vt 0.873521 0.223062
vt 0.874492 0.219771
vt 0.876898 0.219789
vt 0.877771 0.223066
vt 0.877672 0.219792
vt 0.873521 0.223062
vt 0.873512 0.21984
vt 0.872862 0.219826
vt 0.872498 0.223067
vt 0.872862 0.219826
vt 0.872102 0.219828
vt 0.871549 0.22307
vt 0.872102 0.219828
vt 0.871551 0.219822
vt 0.871549 0.22307
vt 0.871551 0.219822
vt 0.871169 0.219857
vt 0.870888 0.223065
vt 0.871169 0.219857
vt 0.870884 0.219836
vt 0.870823 0.219831
vt 0.870888 0.223065
vt 0.870884 0.219836
vt 0.880631 0.21983
vt 0.881939 0.223101
vt 0.882082 0.219827
vt 0.870823 0.219831
vt 0.870955 0.219664
vt 0.870904 0.219839
vt 0.871206 0.219645
vt 0.871171 0.219829
vt 0.870904 0.219839
vt 0.871171 0.219829
vt 0.871509 0.219677
vt 0.871619 0.219835
vt 0.871619 0.219835
vt 0.872018 0.219681
vt 0.872087 0.219834
vt 0.872692 0.219658
vt 0.873298 0.219771
vt 0.872579 0.219838
vt 0.874448 0.219768
vt 0.875188 0.219669
vt 0.875369 0.219833
vt 0.875188 0.219669
vt 0.876531 0.219646
vt 0.876462 0.219782
vt 0.876531 0.219646
vt 0.877885 0.219678
vt 0.876462 0.219782
vt 0.877885 0.219678
vt 0.878566 0.21983
vt 0.877375 0.219848
vt 0.878566 0.21983
vt 0.87903 0.219657
vt 0.88018 0.219827
vt 0.88018 0.219827
vt 0.880833 0.219687
vt 0.881943 0.219851
vt 0.881948 0.219646
vt 0.883063 0.219682
vt 0.880833 0.219687
vt 0.883063 0.219682
vt 0.883168 0.219826
vt 0.881943 0.219851
vt 0.883063 0.219682
vt 0.88458 0.21982
vt 0.883168 0.219826
vt 0.883063 0.219682
vt 0.885664 0.219644
vt 0.88548 0.219724
vt 0.88458 0.21982
vt 0.88548 0.219724
vt 0.88623 0.219829
vt 0.885664 0.219644
vt 0.887388 0.219676
vt 0.88548 0.219724
vt 0.887388 0.219676
vt 0.887566 0.219832
vt 0.88623 0.219829
vt 0.888563 0.219767
vt 0.889421 0.219646
vt 0.889702 0.219777
vt 0.890694 0.219836
vt 0.891115 0.219666
vt 0.891935 0.219835
vt 0.891935 0.219835
vt 0.892462 0.219658
vt 0.893182 0.2198
vt 0.89484 0.219657
vt 0.895265 0.219833
vt 0.894603 0.219839
vt 0.895504 0.219669
vt 0.895706 0.219833
vt 0.895265 0.219833
vt 0.89588 0.219768
vt 0.895895 0.219652
vt 0.896057 0.219835
vt 0.895895 0.219652
vt 0.895908 0.219653
vt 0.896014 0.219724
vt 0.895908 0.219653
vt 0.89564 0.219653
vt 0.896014 0.219724
vt 0.894968 0.219834
vt 0.894719 0.219657
vt 0.894465 0.219833
vt 0.894719 0.219657
vt 0.893463 0.219647
vt 0.893642 0.219724
vt 0.894465 0.219833
vt 0.893642 0.219724
vt 0.893673 0.219845
vt 0.893642 0.219724
vt 0.892909 0.219822
vt 0.893673 0.219845
vt 0.893463 0.219647
vt 0.892107 0.219684
vt 0.893642 0.219724
vt 0.892107 0.219684
vt 0.892148 0.21984
vt 0.892909 0.219822
vt 0.890212 0.219848
vt 0.889657 0.219677
vt 0.888845 0.219838
vt 0.888845 0.219838
vt 0.888329 0.219647
vt 0.887442 0.219826
vt 0.888329 0.219647
vt 0.886748 0.219647
vt 0.886551 0.219769
vt 0.886551 0.219769
vt 0.885051 0.219658
vt 0.88526 0.21984
vt 0.882082 0.219827
vt 0.881873 0.219709
vt 0.880631 0.21983
vt 0.879975 0.219666
vt 0.879636 0.21985
vt 0.880631 0.21983
vt 0.874492 0.219771
vt 0.873319 0.219724
vt 0.873512 0.21984
vt 0.874492 0.219771
vt 0.874032 0.219654
vt 0.873319 0.219724
vt 0.873319 0.219724
vt 0.872862 0.219826
vt 0.873512 0.21984
vt 0.872956 0.219646
vt 0.872221 0.219671
vt 0.873319 0.219724
vt 0.872102 0.219828
vt 0.871599 0.219709
vt 0.871551 0.219822
vt 0.871551 0.219822
vt 0.871599 0.219709
vt 0.871169 0.219857
vt 0.871098 0.219653
vt 0.870955 0.219664
vt 0.870987 0.219733
vt 0.876531 0.219646
vt 0.875188 0.219669
vt 0.873747 0.219648
vt 0.885664 0.219644
vt 0.889421 0.219646
vt 0.887388 0.219676
vt 0.870884 0.219836
vt 0.871169 0.219857
vt 0.870987 0.219733
vt 0.893463 0.219647
vt 0.890879 0.219661
vt 0.892107 0.219684
vt 0.895244 0.225202
vt 0.896678 0.223685
vt 0.890017 0.225202
vt 0.889595 0.223685
vt 0.884344 0.225201
vt 0.890017 0.225202
vt 0.901721 0.225201
vt 0.90435 0.225202
vt 0.903564 0.223685
vt 0.90675 0.225202
vt 0.909011 0.223686
vt 0.90435 0.225202
vt 0.895244 0.225202
vt 0.8989 0.225201
vt 0.896678 0.223685
vt 0.901721 0.225201
vt 0.903564 0.223685
vt 0.8989 0.225201
vt 0.878489 0.225201
vt 0.884344 0.225201
vt 0.879055 0.223687
vt 0.872501 0.225201
vt 0.878489 0.225201
vt 0.873871 0.223687
vt 0.866691 0.225202
vt 0.872501 0.225201
vt 0.868483 0.223685
vt 0.866691 0.225202
vt 0.861734 0.223685
vt 0.861408 0.225202
vt 0.910822 0.225202
vt 0.912768 0.225203
vt 0.917798 0.223685
vt 0.90675 0.225202
vt 0.908916 0.225202
vt 0.913714 0.223685
vt 0.910822 0.225202
vt 0.913714 0.223685
vt 0.908916 0.225202
vt 0.915786 0.225203
vt 0.921346 0.223685
vt 0.915568 0.225203
vt 0.921346 0.223685
vt 0.914692 0.225202
vt 0.915568 0.225203
vt 0.912768 0.225203
vt 0.914692 0.225202
vt 0.917798 0.223685
vt 0.861408 0.225202
vt 0.853824 0.223685
vt 0.858016 0.225203
vt 0.858016 0.225203
vt 0.853824 0.223685
vt 0.855281 0.225197
vt 0.855281 0.225197
vt 0.848324 0.223685
vt 0.852691 0.225201
vt 0.852691 0.225201
vt 0.846531 0.223687
vt 0.851412 0.225201
vt 0.851412 0.225201
vt 0.845524 0.223685
vt 0.851117 0.225208
vt 0.845412 0.223685
vt 0.851658 0.225191
vt 0.851117 0.225208
vt 0.851658 0.225191
vt 0.846514 0.223685
vt 0.853265 0.225201
vt 0.853265 0.225201
vt 0.847818 0.223683
vt 0.854969 0.225201
vt 0.854969 0.225201
vt 0.850977 0.223685
vt 0.857133 0.225202
vt 0.857133 0.225202
vt 0.855758 0.223685
vt 0.860314 0.225202
vt 0.915045 0.225201
vt 0.913087 0.225202
vt 0.919765 0.223683
vt 0.915786 0.225203
vt 0.915741 0.225196
vt 0.921553 0.223685
vt 0.915741 0.225196
vt 0.915045 0.225201
vt 0.921553 0.223685
vt 0.912439 0.223685
vt 0.910282 0.225203
vt 0.907876 0.225199
vt 0.913087 0.225202
vt 0.910282 0.225203
vt 0.915931 0.223685
vt 0.860314 0.225202
vt 0.855758 0.223685
vt 0.863482 0.225203
vt 0.863482 0.225203
vt 0.860191 0.223685
vt 0.867435 0.225197
vt 0.867435 0.225197
vt 0.867281 0.223683
vt 0.873324 0.225201
vt 0.872169 0.223687
vt 0.879328 0.225201
vt 0.873324 0.225201
vt 0.879088 0.223685
vt 0.885395 0.225201
vt 0.879328 0.225201
vt 0.900171 0.223685
vt 0.901638 0.225202
vt 0.896567 0.225203
vt 0.909011 0.223686
vt 0.90548 0.225202
vt 0.901638 0.225202
vt 0.886084 0.223686
vt 0.891422 0.225201
vt 0.885395 0.225201
vt 0.896567 0.225203
vt 0.891422 0.225201
vt 0.893123 0.223685
vt 0.909011 0.223686
vt 0.907876 0.225199
vt 0.90548 0.225202
vt 0.921553 0.223685
vt 0.921346 0.223685
vt 0.915786 0.225203
vt 0.914692 0.225202
vt 0.920061 0.22368
vt 0.917798 0.223685
vt 0.914692 0.225202
vt 0.921346 0.223685
vt 0.920061 0.22368
vt 0.910822 0.225202
vt 0.917798 0.223685
vt 0.913714 0.223685
vt 0.90675 0.225202
vt 0.913714 0.223685
vt 0.909011 0.223686
vt 0.90435 0.225202
vt 0.909011 0.223686
vt 0.903564 0.223685
vt 0.8989 0.225201
vt 0.903564 0.223685
vt 0.896678 0.223685
vt 0.890017 0.225202
vt 0.896678 0.223685
vt 0.889595 0.223685
vt 0.884344 0.225201
vt 0.889595 0.223685
vt 0.88321 0.223682
vt 0.872501 0.225201
vt 0.873871 0.223687
vt 0.868483 0.223685
vt 0.878489 0.225201
vt 0.879055 0.223687
vt 0.873871 0.223687
vt 0.866691 0.225202
vt 0.868483 0.223685
vt 0.861734 0.223685
vt 0.861408 0.225202
vt 0.861734 0.223685
vt 0.857193 0.223685
vt 0.855281 0.225197
vt 0.853824 0.223685
vt 0.851011 0.223685
vt 0.855281 0.225197
vt 0.851011 0.223685
vt 0.848324 0.223685
vt 0.852691 0.225201
vt 0.848324 0.223685
vt 0.846531 0.223687
vt 0.851412 0.225201
vt 0.846531 0.223687
vt 0.845524 0.223685
vt 0.861408 0.225202
vt 0.857193 0.223685
vt 0.853824 0.223685
vt 0.884344 0.225201
vt 0.88321 0.223682
vt 0.879055 0.223687
vt 0.851658 0.225191
vt 0.845412 0.223685
vt 0.846514 0.223685
vt 0.853265 0.225201
vt 0.846514 0.223685
vt 0.847818 0.223683
vt 0.854969 0.225201
vt 0.847818 0.223683
vt 0.850977 0.223685
vt 0.857133 0.225202
vt 0.850977 0.223685
vt 0.855758 0.223685
vt 0.863482 0.225203
vt 0.855758 0.223685
vt 0.860191 0.223685
vt 0.867435 0.225197
vt 0.860191 0.223685
vt 0.863968 0.223684
vt 0.867435 0.225197
vt 0.863968 0.223684
vt 0.867281 0.223683
vt 0.873324 0.225201
vt 0.867281 0.223683
vt 0.872169 0.223687
vt 0.879328 0.225201
vt 0.872169 0.223687
vt 0.879088 0.223685
vt 0.885395 0.225201
vt 0.879088 0.223685
vt 0.886084 0.223686
vt 0.891422 0.225201
vt 0.886084 0.223686
vt 0.893123 0.223685
vt 0.896567 0.225203
vt 0.893123 0.223685
vt 0.900171 0.223685
vt 0.901638 0.225202
vt 0.900171 0.223685
vt 0.905152 0.223685
vt 0.901638 0.225202
vt 0.905152 0.223685
vt 0.909011 0.223686
vt 0.910282 0.225203
vt 0.912439 0.223685
vt 0.915931 0.223685
vt 0.913087 0.225202
vt 0.915931 0.223685
vt 0.918556 0.223685
vt 0.915045 0.225201
vt 0.919765 0.223683
vt 0.920782 0.223686
vt 0.915045 0.225201
vt 0.920782 0.223686
vt 0.921553 0.223685
vt 0.913087 0.225202
vt 0.918556 0.223685
vt 0.919765 0.223683
vt 0.907876 0.225199
vt 0.909011 0.223686
vt 0.912439 0.223685
vt 0.855509 0.225709
vt 0.859872 0.22614
vt 0.85839 0.226013
vt 0.857002 0.225756
vt 0.862136 0.226023
vt 0.863751 0.22638
vt 0.860032 0.225553
vt 0.862136 0.226023
vt 0.856854 0.225544
vt 0.860032 0.225553
vt 0.865533 0.226031
vt 0.862136 0.226023
vt 0.864196 0.225552
vt 0.865533 0.226031
vt 0.860032 0.225553
vt 0.864196 0.225552
vt 0.869557 0.226025
vt 0.865533 0.226031
vt 0.870558 0.225572
vt 0.869557 0.226025
vt 0.864196 0.225552
vt 0.870558 0.225572
vt 0.876847 0.225701
vt 0.874044 0.226022
vt 0.881427 0.2257
vt 0.880769 0.226143
vt 0.876847 0.225701
vt 0.881427 0.2257
vt 0.886212 0.226136
vt 0.880769 0.226143
vt 0.886544 0.22569
vt 0.886212 0.226136
vt 0.881427 0.2257
vt 0.891816 0.225756
vt 0.89688 0.226038
vt 0.890221 0.226379
vt 0.901413 0.225553
vt 0.89688 0.226038
vt 0.896409 0.225544
vt 0.901413 0.225553
vt 0.903032 0.225736
vt 0.89688 0.226038
vt 0.908783 0.22574
vt 0.90224 0.226155
vt 0.906749 0.225676
vt 0.910684 0.225703
vt 0.9059 0.226143
vt 0.908783 0.22574
vt 0.912862 0.225552
vt 0.908559 0.226009
vt 0.910684 0.225703
vt 0.906883 0.225553
vt 0.905277 0.226029
vt 0.91006 0.225544
vt 0.906883 0.225553
vt 0.903333 0.225736
vt 0.905277 0.226029
vt 0.895109 0.22574
vt 0.893825 0.226155
vt 0.899797 0.225676
vt 0.8908 0.225703
vt 0.893825 0.226155
vt 0.895109 0.22574
vt 0.8908 0.225703
vt 0.886816 0.226142
vt 0.893825 0.226155
vt 0.88597 0.225684
vt 0.886816 0.226142
vt 0.8908 0.225703
vt 0.88597 0.225684
vt 0.880707 0.226138
vt 0.886816 0.226142
vt 0.88037 0.22569
vt 0.880707 0.226138
vt 0.88597 0.225684
vt 0.875098 0.225756
vt 0.870006 0.226034
vt 0.875279 0.226143
vt 0.865501 0.225553
vt 0.870006 0.226034
vt 0.870505 0.225544
vt 0.865501 0.225553
vt 0.863882 0.225736
vt 0.870006 0.226034
vt 0.85623 0.225703
vt 0.860997 0.22614
vt 0.858131 0.22574
vt 0.853993 0.225555
vt 0.85839 0.226013
vt 0.85623 0.225703
vt 0.855509 0.225709
vt 0.851117 0.225208
vt 0.851658 0.225191
vt 0.857002 0.225756
vt 0.851658 0.225191
vt 0.853265 0.225201
vt 0.856854 0.225544
vt 0.853265 0.225201
vt 0.854969 0.225201
vt 0.856854 0.225544
vt 0.854969 0.225201
vt 0.857133 0.225202
vt 0.860032 0.225553
vt 0.857133 0.225202
vt 0.860314 0.225202
vt 0.864196 0.225552
vt 0.860314 0.225202
vt 0.863482 0.225203
vt 0.864196 0.225552
vt 0.863482 0.225203
vt 0.867435 0.225197
vt 0.870558 0.225572
vt 0.867435 0.225197
vt 0.873324 0.225201
vt 0.855509 0.225709
vt 0.853993 0.225555
vt 0.851117 0.225208
vt 0.857002 0.225756
vt 0.855509 0.225709
vt 0.851658 0.225191
vt 0.856854 0.225544
vt 0.857002 0.225756
vt 0.853265 0.225201
vt 0.864196 0.225552
vt 0.860032 0.225553
vt 0.860314 0.225202
vt 0.856854 0.225544
vt 0.857133 0.225202
vt 0.860032 0.225553
vt 0.876847 0.225701
vt 0.873324 0.225201
vt 0.879328 0.225201
vt 0.873324 0.225201
vt 0.876847 0.225701
vt 0.870558 0.225572
vt 0.876847 0.225701
vt 0.879328 0.225201
vt 0.881427 0.2257
vt 0.867435 0.225197
vt 0.870558 0.225572
vt 0.864196 0.225552
vt 0.881427 0.2257
vt 0.879328 0.225201
vt 0.885395 0.225201
vt 0.886544 0.22569
vt 0.885395 0.225201
vt 0.891422 0.225201
vt 0.891816 0.225756
vt 0.891422 0.225201
vt 0.896567 0.225203
vt 0.896409 0.225544
vt 0.896567 0.225203
vt 0.901638 0.225202
vt 0.901413 0.225553
vt 0.901638 0.225202
vt 0.90548 0.225202
vt 0.903032 0.225736
vt 0.90548 0.225202
vt 0.907876 0.225199
vt 0.906749 0.225676
vt 0.907876 0.225199
vt 0.910282 0.225203
vt 0.906749 0.225676
vt 0.910282 0.225203
vt 0.913087 0.225202
vt 0.886544 0.22569
vt 0.881427 0.2257
vt 0.885395 0.225201
vt 0.891816 0.225756
vt 0.896567 0.225203
vt 0.896409 0.225544
vt 0.886544 0.22569
vt 0.891422 0.225201
vt 0.891816 0.225756
vt 0.901413 0.225553
vt 0.896409 0.225544
vt 0.901638 0.225202
vt 0.903032 0.225736
vt 0.901413 0.225553
vt 0.90548 0.225202
vt 0.906749 0.225676
vt 0.903032 0.225736
vt 0.907876 0.225199
vt 0.908783 0.22574
vt 0.906749 0.225676
vt 0.913087 0.225202
vt 0.910684 0.225703
vt 0.913087 0.225202
vt 0.915045 0.225201
vt 0.910684 0.225703
vt 0.908783 0.22574
vt 0.913087 0.225202
vt 0.912862 0.225552
vt 0.910684 0.225703
vt 0.915045 0.225201
vt 0.915786 0.225203
vt 0.912862 0.225552
vt 0.915741 0.225196
vt 0.915741 0.225196
vt 0.912862 0.225552
vt 0.915045 0.225201
vt 0.862666 0.226381
vt 0.859872 0.22614
vt 0.863751 0.22638
vt 0.866864 0.22638
vt 0.865533 0.226031
vt 0.870629 0.22638
vt 0.876699 0.226381
vt 0.869557 0.226025
vt 0.874044 0.226022
vt 0.876699 0.226381
vt 0.874044 0.226022
vt 0.880769 0.226143
vt 0.883764 0.22638
vt 0.880769 0.226143
vt 0.886212 0.226136
vt 0.862136 0.226023
vt 0.866864 0.22638
vt 0.863751 0.22638
vt 0.876699 0.226381
vt 0.870629 0.22638
vt 0.869557 0.226025
vt 0.880769 0.226143
vt 0.883764 0.22638
vt 0.876699 0.226381
vt 0.883764 0.22638
vt 0.886212 0.226136
vt 0.890221 0.226379
vt 0.894629 0.22638
vt 0.89688 0.226038
vt 0.90224 0.226155
vt 0.90361 0.22638
vt 0.9059 0.226143
vt 0.908559 0.226009
vt 0.90224 0.226155
vt 0.898522 0.22638
vt 0.894629 0.22638
vt 0.9059 0.226143
vt 0.90361 0.22638
vt 0.901478 0.22638
vt 0.912737 0.225557
vt 0.915786 0.225203
vt 0.915568 0.225203
vt 0.912737 0.225557
vt 0.915568 0.225203
vt 0.914692 0.225202
vt 0.91006 0.225544
vt 0.914692 0.225202
vt 0.912768 0.225203
vt 0.91006 0.225544
vt 0.912768 0.225203
vt 0.910822 0.225202
vt 0.906883 0.225553
vt 0.910822 0.225202
vt 0.908916 0.225202
vt 0.906883 0.225553
vt 0.908916 0.225202
vt 0.90675 0.225202
vt 0.903333 0.225736
vt 0.90675 0.225202
vt 0.90435 0.225202
vt 0.899797 0.225676
vt 0.90435 0.225202
vt 0.901721 0.225201
vt 0.899797 0.225676
vt 0.901721 0.225201
vt 0.8989 0.225201
vt 0.895109 0.22574
vt 0.8989 0.225201
vt 0.895244 0.225202
vt 0.912737 0.225557
vt 0.912862 0.225552
vt 0.915786 0.225203
vt 0.909912 0.225756
vt 0.912737 0.225557
vt 0.914692 0.225202
vt 0.91006 0.225544
vt 0.909912 0.225756
vt 0.914692 0.225202
vt 0.903333 0.225736
vt 0.906883 0.225553
vt 0.90675 0.225202
vt 0.895109 0.22574
vt 0.899797 0.225676
vt 0.8989 0.225201
vt 0.903333 0.225736
vt 0.90435 0.225202
vt 0.899797 0.225676
vt 0.91006 0.225544
vt 0.910822 0.225202
vt 0.906883 0.225553
vt 0.8908 0.225703
vt 0.895244 0.225202
vt 0.890017 0.225202
vt 0.8908 0.225703
vt 0.895109 0.22574
vt 0.895244 0.225202
vt 0.88597 0.225684
vt 0.8908 0.225703
vt 0.890017 0.225202
vt 0.88597 0.225684
vt 0.890017 0.225202
vt 0.884344 0.225201
vt 0.88037 0.22569
vt 0.884344 0.225201
vt 0.878489 0.225201
vt 0.875098 0.225756
vt 0.878489 0.225201
vt 0.872501 0.225201
vt 0.870505 0.225544
vt 0.872501 0.225201
vt 0.866691 0.225202
vt 0.865501 0.225553
vt 0.866691 0.225202
vt 0.861408 0.225202
vt 0.863882 0.225736
vt 0.861408 0.225202
vt 0.858016 0.225203
vt 0.859136 0.225545
vt 0.858016 0.225203
vt 0.855281 0.225197
vt 0.858131 0.22574
vt 0.855281 0.225197
vt 0.852691 0.225201
vt 0.88037 0.22569
vt 0.88597 0.225684
vt 0.884344 0.225201
vt 0.875098 0.225756
vt 0.88037 0.22569
vt 0.878489 0.225201
vt 0.870505 0.225544
vt 0.875098 0.225756
vt 0.872501 0.225201
vt 0.863882 0.225736
vt 0.865501 0.225553
vt 0.861408 0.225202
vt 0.858131 0.22574
vt 0.859136 0.225545
vt 0.855281 0.225197
vt 0.863882 0.225736
vt 0.858016 0.225203
vt 0.859136 0.225545
vt 0.870505 0.225544
vt 0.866691 0.225202
vt 0.865501 0.225553
vt 0.85623 0.225703
vt 0.852691 0.225201
vt 0.851412 0.225201
vt 0.85623 0.225703
vt 0.858131 0.22574
vt 0.852691 0.225201
vt 0.853993 0.225555
vt 0.85623 0.225703
vt 0.851412 0.225201
vt 0.851117 0.225208
vt 0.853993 0.225555
vt 0.851412 0.225201
vt 0.908385 0.226025
vt 0.904216 0.22638
vt 0.908559 0.226009
vt 0.905277 0.226029
vt 0.901132 0.226381
vt 0.903707 0.226378
vt 0.896041 0.22638
vt 0.900543 0.226149
vt 0.893825 0.226155
vt 0.900543 0.226149
vt 0.896041 0.22638
vt 0.901132 0.226381
vt 0.893825 0.226155
vt 0.888679 0.22638
vt 0.896041 0.22638
vt 0.886816 0.226142
vt 0.880541 0.226381
vt 0.888679 0.22638
vt 0.880541 0.226381
vt 0.886816 0.226142
vt 0.880707 0.226138
vt 0.880541 0.226381
vt 0.880707 0.226138
vt 0.875279 0.226143
vt 0.875279 0.226143
vt 0.873373 0.226381
vt 0.880541 0.226381
vt 0.873373 0.226381
vt 0.875279 0.226143
vt 0.870006 0.226034
vt 0.865908 0.226146
vt 0.86419 0.226381
vt 0.868207 0.22638
vt 0.85839 0.226013
vt 0.862666 0.226381
vt 0.86419 0.226381
vt 0.9152 0.217715
vt 0.914976 0.217611
vt 0.915418 0.217582
vt 0.913222 0.217714
vt 0.911908 0.217587
vt 0.913519 0.217582
vt 0.912518 0.217765
vt 0.911571 0.217712
vt 0.911908 0.217587
vt 0.910661 0.217755
vt 0.91015 0.217612
vt 0.911571 0.217712
vt 0.911571 0.217712
vt 0.91015 0.217612
vt 0.911908 0.217587
vt 0.907649 0.217766
vt 0.908675 0.217652
vt 0.909145 0.217756
vt 0.90631 0.217715
vt 0.90479 0.217611
vt 0.90621 0.217583
vt 0.90495 0.217766
vt 0.903308 0.217714
vt 0.90479 0.217611
vt 0.903308 0.217714
vt 0.900992 0.217613
vt 0.902615 0.217582
vt 0.894833 0.217714
vt 0.89808 0.217589
vt 0.896475 0.217762
vt 0.894833 0.217714
vt 0.891662 0.217612
vt 0.895172 0.217582
vt 0.891268 0.217757
vt 0.889316 0.217718
vt 0.891662 0.217612
vt 0.886798 0.217706
vt 0.88871 0.217593
vt 0.889316 0.217718
vt 0.884206 0.217658
vt 0.885808 0.217583
vt 0.886798 0.217706
vt 0.881017 0.217759
vt 0.879716 0.217612
vt 0.882479 0.217588
vt 0.874126 0.217759
vt 0.875252 0.217612
vt 0.876832 0.21776
vt 0.872123 0.217714
vt 0.868889 0.217587
vt 0.872509 0.217583
vt 0.87045 0.217765
vt 0.868481 0.217713
vt 0.868889 0.217587
vt 0.867574 0.217763
vt 0.86609 0.21772
vt 0.868481 0.217713
vt 0.863901 0.217611
vt 0.866069 0.217582
vt 0.86609 0.21772
vt 0.859419 0.217766
vt 0.858186 0.217612
vt 0.860295 0.217612
vt 0.854702 0.217765
vt 0.855473 0.217611
vt 0.856222 0.217755
vt 0.853708 0.217714
vt 0.854432 0.217611
vt 0.854702 0.217765
vt 0.853708 0.217714
vt 0.852575 0.217612
vt 0.853284 0.217583
vt 0.85156 0.217658
vt 0.851547 0.217583
vt 0.851775 0.217706
vt 0.851623 0.217771
vt 0.85164 0.217716
vt 0.85156 0.217658
vt 0.851991 0.217759
vt 0.852084 0.217613
vt 0.851775 0.217711
vt 0.851775 0.217711
vt 0.852084 0.217613
vt 0.851642 0.217582
vt 0.854726 0.217765
vt 0.855473 0.217612
vt 0.854436 0.217611
vt 0.856253 0.217755
vt 0.85673 0.217589
vt 0.855473 0.217612
vt 0.861717 0.217765
vt 0.860296 0.217612
vt 0.859838 0.21776
vt 0.861717 0.217765
vt 0.862126 0.217611
vt 0.860296 0.217612
vt 0.861717 0.217765
vt 0.863669 0.217718
vt 0.862126 0.217611
vt 0.864813 0.217753
vt 0.865922 0.217613
vt 0.863669 0.217718
vt 0.863669 0.217718
vt 0.865922 0.217613
vt 0.864257 0.217583
vt 0.872916 0.217714
vt 0.875255 0.217612
vt 0.872324 0.217582
vt 0.877124 0.217758
vt 0.877475 0.217613
vt 0.875255 0.217612
vt 0.88278 0.217757
vt 0.884926 0.217713
vt 0.882707 0.217612
vt 0.88737 0.217758
vt 0.889441 0.21772
vt 0.887153 0.217652
vt 0.891661 0.217612
vt 0.889232 0.217582
vt 0.889441 0.21772
vt 0.896806 0.217756
vt 0.89849 0.217718
vt 0.898161 0.217587
vt 0.90047 0.217753
vt 0.900993 0.217613
vt 0.89849 0.217718
vt 0.89849 0.217718
vt 0.900993 0.217613
vt 0.898161 0.217587
vt 0.904791 0.217611
vt 0.903044 0.217582
vt 0.903287 0.21771
vt 0.908861 0.217755
vt 0.910134 0.217718
vt 0.908728 0.217611
vt 0.911562 0.217708
vt 0.911158 0.217583
vt 0.910134 0.217718
vt 0.91248 0.217611
vt 0.911158 0.217583
vt 0.911562 0.217708
vt 0.914338 0.217612
vt 0.913519 0.217582
vt 0.914845 0.217576
vt 0.911908 0.217587
vt 0.91015 0.217612
vt 0.908928 0.217582
vt 0.88871 0.217593
vt 0.89027 0.217576
vt 0.891662 0.217612
vt 0.88871 0.217593
vt 0.885808 0.217583
vt 0.89027 0.217576
vt 0.89027 0.217576
vt 0.895172 0.217582
vt 0.891662 0.217612
vt 0.87747 0.217613
vt 0.877147 0.217576
vt 0.879716 0.217612
vt 0.877147 0.217576
vt 0.87747 0.217613
vt 0.875252 0.217612
vt 0.862125 0.217611
vt 0.862539 0.217576
vt 0.863901 0.217611
vt 0.858556 0.217576
vt 0.860295 0.217612
vt 0.858186 0.217612
vt 0.860295 0.217612
vt 0.862539 0.217576
vt 0.862125 0.217611
vt 0.858556 0.217576
vt 0.858186 0.217612
vt 0.856761 0.217613
vt 0.855473 0.217611
vt 0.854919 0.217576
vt 0.856761 0.217613
vt 0.853284 0.217583
vt 0.854919 0.217576
vt 0.854432 0.217611
vt 0.863901 0.217611
vt 0.862539 0.217576
vt 0.866069 0.217582
vt 0.858556 0.217576
vt 0.862539 0.217576
vt 0.860295 0.217612
vt 0.856761 0.217613
vt 0.854919 0.217576
vt 0.858556 0.217576
vt 0.851642 0.217582
vt 0.852084 0.217613
vt 0.852401 0.217576
vt 0.853487 0.217612
vt 0.852401 0.217576
vt 0.852576 0.217612
vt 0.852576 0.217612
vt 0.852401 0.217576
vt 0.852084 0.217613
vt 0.853487 0.217612
vt 0.854237 0.217576
vt 0.852401 0.217576
vt 0.854237 0.217576
vt 0.853487 0.217612
vt 0.854436 0.217611
vt 0.854237 0.217576
vt 0.854436 0.217611
vt 0.855473 0.217612
vt 0.860296 0.217612
vt 0.859822 0.217576
vt 0.858187 0.217612
vt 0.859822 0.217576
vt 0.860296 0.217612
vt 0.862126 0.217611
vt 0.868824 0.217587
vt 0.864257 0.217583
vt 0.865922 0.217613
vt 0.877475 0.217613
vt 0.876664 0.217576
vt 0.875255 0.217612
vt 0.882707 0.217612
vt 0.881634 0.217576
vt 0.879717 0.217612
vt 0.876664 0.217576
vt 0.877475 0.217613
vt 0.879717 0.217612
vt 0.85673 0.217589
vt 0.854237 0.217576
vt 0.855473 0.217612
vt 0.881634 0.217576
vt 0.876664 0.217576
vt 0.879717 0.217612
vt 0.886309 0.217583
vt 0.881634 0.217576
vt 0.882707 0.217612
vt 0.894543 0.217612
vt 0.893921 0.217576
vt 0.891661 0.217612
vt 0.893921 0.217576
vt 0.889232 0.217582
vt 0.891661 0.217612
vt 0.893921 0.217576
vt 0.894543 0.217612
vt 0.898161 0.217587
vt 0.906619 0.217612
vt 0.907537 0.217576
vt 0.904791 0.217611
vt 0.908728 0.217611
vt 0.907537 0.217576
vt 0.906619 0.217612
vt 0.91477 0.217576
vt 0.914339 0.217611
vt 0.914977 0.217612
vt 0.914339 0.217611
vt 0.91477 0.217576
vt 0.91344 0.217591
vt 0.900993 0.217613
vt 0.903044 0.217582
vt 0.898161 0.217587
vt 0.907537 0.217576
vt 0.903044 0.217582
vt 0.904791 0.217611
vt 0.91248 0.217611
vt 0.91344 0.217591
vt 0.911158 0.217583
vt 0.915397 0.217613
vt 0.915418 0.217582
vt 0.915359 0.21759
vt 0.91533 0.208877
vt 0.915059 0.208907
vt 0.914944 0.208845
vt 0.915059 0.208907
vt 0.914339 0.208878
vt 0.914944 0.208845
vt 0.91144 0.208878
vt 0.911575 0.208909
vt 0.910134 0.208771
vt 0.905468 0.208898
vt 0.902609 0.208907
vt 0.903287 0.208779
vt 0.898084 0.208902
vt 0.894848 0.208783
vt 0.896806 0.208733
vt 0.887197 0.208878
vt 0.885897 0.20873
vt 0.888843 0.208734
vt 0.884206 0.208831
vt 0.882951 0.208723
vt 0.885897 0.20873
vt 0.877699 0.208907
vt 0.875252 0.208878
vt 0.877598 0.208771
vt 0.872081 0.208775
vt 0.870106 0.208878
vt 0.869763 0.208724
vt 0.869763 0.208724
vt 0.868032 0.208878
vt 0.866945 0.208735
vt 0.861243 0.208773
vt 0.858669 0.208903
vt 0.859838 0.208729
vt 0.855545 0.208907
vt 0.854435 0.208878
vt 0.855343 0.208776
vt 0.854435 0.208878
vt 0.853692 0.208775
vt 0.854396 0.208723
vt 0.851724 0.208878
vt 0.851737 0.208724
vt 0.851991 0.20873
vt 0.851513 0.208877
vt 0.851555 0.208906
vt 0.851647 0.208774
vt 0.851647 0.208774
vt 0.85183 0.20887
vt 0.851846 0.208731
vt 0.851647 0.208774
vt 0.851555 0.208906
vt 0.85183 0.20887
vt 0.851846 0.208731
vt 0.85183 0.20887
vt 0.852347 0.208734
vt 0.852576 0.208878
vt 0.853136 0.208726
vt 0.852347 0.208734
vt 0.853487 0.208877
vt 0.853922 0.208729
vt 0.853136 0.208726
vt 0.854918 0.208731
vt 0.855472 0.208878
vt 0.856065 0.208733
vt 0.855472 0.208878
vt 0.856827 0.208907
vt 0.856898 0.208769
vt 0.856827 0.208907
vt 0.858186 0.208878
vt 0.856898 0.208769
vt 0.860633 0.208773
vt 0.863081 0.208902
vt 0.862122 0.208731
vt 0.867163 0.208906
vt 0.868481 0.208776
vt 0.865918 0.208771
vt 0.867163 0.208906
vt 0.870106 0.208878
vt 0.868481 0.208776
vt 0.874621 0.20873
vt 0.875253 0.208877
vt 0.876274 0.208731
vt 0.879717 0.208877
vt 0.880718 0.208724
vt 0.878548 0.20873
vt 0.885415 0.208723
vt 0.887197 0.208877
vt 0.888316 0.208731
vt 0.894833 0.208775
vt 0.896808 0.208878
vt 0.896451 0.208724
vt 0.896808 0.208878
vt 0.899751 0.208906
vt 0.898476 0.208781
vt 0.898476 0.208781
vt 0.899751 0.208906
vt 0.900852 0.208771
vt 0.899751 0.208906
vt 0.903013 0.208878
vt 0.900852 0.208771
vt 0.905671 0.208773
vt 0.907237 0.208878
vt 0.907077 0.208729
vt 0.908728 0.208878
vt 0.911165 0.208906
vt 0.91015 0.208769
vt 0.911165 0.208906
vt 0.911571 0.208776
vt 0.91015 0.208769
vt 0.911165 0.208906
vt 0.912479 0.208878
vt 0.911571 0.208776
vt 0.912479 0.208878
vt 0.913216 0.208774
vt 0.912518 0.208724
vt 0.91533 0.208877
vt 0.915291 0.208723
vt 0.915177 0.208724
vt 0.91533 0.208877
vt 0.915398 0.208876
vt 0.915579 0.208913
vt 0.915059 0.208907
vt 0.91533 0.208877
vt 0.915579 0.208913
vt 0.914339 0.208878
vt 0.915059 0.208907
vt 0.914087 0.208913
vt 0.911575 0.208909
vt 0.913427 0.208877
vt 0.914087 0.208913
vt 0.891661 0.208878
vt 0.894873 0.208907
vt 0.890651 0.208913
vt 0.887197 0.208878
vt 0.889441 0.208876
vt 0.890651 0.208913
vt 0.889441 0.208876
vt 0.891661 0.208878
vt 0.890651 0.208913
vt 0.887197 0.208878
vt 0.890651 0.208913
vt 0.884964 0.208907
vt 0.875252 0.208878
vt 0.877699 0.208907
vt 0.873367 0.208907
vt 0.870106 0.208878
vt 0.873367 0.208907
vt 0.870141 0.208913
vt 0.868032 0.208878
vt 0.870106 0.208878
vt 0.870141 0.208913
vt 0.865922 0.208876
vt 0.868032 0.208878
vt 0.865123 0.208913
vt 0.863903 0.208878
vt 0.865922 0.208876
vt 0.865123 0.208913
vt 0.856758 0.208877
vt 0.858669 0.208903
vt 0.855545 0.208907
vt 0.854435 0.208878
vt 0.855545 0.208907
vt 0.853699 0.208907
vt 0.851724 0.208878
vt 0.852083 0.208876
vt 0.85144 0.208913
vt 0.868032 0.208878
vt 0.870141 0.208913
vt 0.865123 0.208913
vt 0.863903 0.208878
vt 0.865123 0.208913
vt 0.861426 0.208906
vt 0.85144 0.208913
vt 0.852083 0.208876
vt 0.852494 0.208907
vt 0.851555 0.208906
vt 0.851513 0.208877
vt 0.85144 0.208913
vt 0.853487 0.208877
vt 0.852576 0.208878
vt 0.852508 0.208913
vt 0.852576 0.208878
vt 0.85183 0.20887
vt 0.852508 0.208913
vt 0.85183 0.20887
vt 0.851555 0.208906
vt 0.852508 0.208913
vt 0.853487 0.208877
vt 0.852508 0.208913
vt 0.854377 0.208913
vt 0.855472 0.208878
vt 0.854437 0.208878
vt 0.854377 0.208913
vt 0.877473 0.208876
vt 0.875253 0.208877
vt 0.876263 0.208913
vt 0.879717 0.208877
vt 0.877473 0.208876
vt 0.876263 0.208913
vt 0.875253 0.208877
vt 0.872258 0.208899
vt 0.876263 0.208913
vt 0.855472 0.208878
vt 0.854377 0.208913
vt 0.856827 0.208907
vt 0.858186 0.208878
vt 0.856827 0.208907
vt 0.85973 0.208906
vt 0.872258 0.208899
vt 0.870106 0.208878
vt 0.867163 0.208906
vt 0.879717 0.208877
vt 0.876263 0.208913
vt 0.881939 0.208907
vt 0.889442 0.208876
vt 0.887197 0.208877
vt 0.890651 0.208913
vt 0.894914 0.208907
vt 0.891661 0.208877
vt 0.890651 0.208913
vt 0.891661 0.208877
vt 0.889442 0.208876
vt 0.890651 0.208913
vt 0.887197 0.208877
vt 0.885428 0.208902
vt 0.890651 0.208913
vt 0.908728 0.208878
vt 0.907237 0.208878
vt 0.907537 0.208913
vt 0.907237 0.208878
vt 0.904955 0.208905
vt 0.907537 0.208913
vt 0.914977 0.208878
vt 0.914339 0.208878
vt 0.915029 0.208913
vt 0.91533 0.208877
vt 0.914977 0.208878
vt 0.915029 0.208913
vt 0.915398 0.208876
vt 0.91533 0.208877
vt 0.915579 0.208913
vt 0.899751 0.208906
vt 0.896808 0.208878
vt 0.894914 0.208907
vt 0.903013 0.208878
vt 0.899751 0.208906
vt 0.904955 0.208905
vt 0.908728 0.208878
vt 0.907537 0.208913
vt 0.911165 0.208906
vt 0.912479 0.208878
vt 0.911165 0.208906
vt 0.913499 0.208906
vt 0.915579 0.208913
vt 0.91533 0.208877
vt 0.915029 0.208913
vt 0.915029 0.208913
vt 0.914339 0.208878
vt 0.913499 0.208906
vt 0.913206 0.212342
vt 0.91196 0.212471
vt 0.912514 0.212294
vt 0.906281 0.21234
vt 0.903714 0.212471
vt 0.904944 0.212293
vt 0.89895 0.212474
vt 0.896808 0.212445
vt 0.898337 0.212338
vt 0.896808 0.212445
vt 0.894809 0.212343
vt 0.896475 0.212294
vt 0.887197 0.212445
vt 0.88653 0.212299
vt 0.888605 0.212296
vt 0.881061 0.212296
vt 0.879718 0.212445
vt 0.878324 0.212297
vt 0.869763 0.212291
vt 0.868032 0.212445
vt 0.866945 0.212302
vt 0.861243 0.21234
vt 0.859673 0.212445
vt 0.859445 0.212293
vt 0.859445 0.212293
vt 0.858186 0.212445
vt 0.857769 0.2123
vt 0.855473 0.212445
vt 0.854918 0.212298
vt 0.856382 0.212299
vt 0.854435 0.212445
vt 0.853701 0.21235
vt 0.854918 0.212298
vt 0.852815 0.212297
vt 0.852575 0.212445
vt 0.85231 0.212296
vt 0.851485 0.212465
vt 0.851543 0.212475
vt 0.851644 0.212343
vt 0.851644 0.212343
vt 0.851543 0.212475
vt 0.851777 0.21235
vt 0.854441 0.212343
vt 0.85494 0.212472
vt 0.855352 0.212348
vt 0.860181 0.212291
vt 0.861444 0.212445
vt 0.862102 0.212296
vt 0.867846 0.212473
vt 0.870106 0.212445
vt 0.868481 0.212344
vt 0.870106 0.212445
vt 0.872112 0.212341
vt 0.87045 0.212291
vt 0.879717 0.212445
vt 0.880718 0.212291
vt 0.878548 0.212297
vt 0.885415 0.21229
vt 0.887197 0.212445
vt 0.888316 0.212298
vt 0.894833 0.212342
vt 0.898116 0.212471
vt 0.896475 0.212294
vt 0.902599 0.212475
vt 0.903013 0.212445
vt 0.900852 0.212338
vt 0.90828 0.212298
vt 0.908728 0.212445
vt 0.909778 0.212301
vt 0.911421 0.212404
vt 0.912427 0.212344
vt 0.911338 0.212293
vt 0.911977 0.212472
vt 0.912427 0.212344
vt 0.911421 0.212404
vt 0.913481 0.212347
vt 0.914339 0.212445
vt 0.91432 0.212297
vt 0.91533 0.212444
vt 0.915291 0.21229
vt 0.915177 0.212291
vt 0.91533 0.212445
vt 0.915398 0.212443
vt 0.915577 0.21248
vt 0.91533 0.212445
vt 0.915577 0.21248
vt 0.9151 0.21248
vt 0.914339 0.212445
vt 0.9151 0.21248
vt 0.913618 0.212475
vt 0.906544 0.212475
vt 0.908728 0.212445
vt 0.909833 0.21248
vt 0.900988 0.212444
vt 0.903714 0.212471
vt 0.89895 0.212474
vt 0.887197 0.212445
vt 0.889442 0.212443
vt 0.89106 0.212475
vt 0.896808 0.212445
vt 0.89895 0.212474
vt 0.894049 0.212474
vt 0.88603 0.21248
vt 0.887197 0.212445
vt 0.89106 0.212475
vt 0.88603 0.21248
vt 0.881469 0.21248
vt 0.884206 0.212444
vt 0.875253 0.212445
vt 0.877467 0.212444
vt 0.875942 0.21248
vt 0.879718 0.212445
vt 0.881469 0.21248
vt 0.875942 0.21248
vt 0.872371 0.212445
vt 0.875942 0.21248
vt 0.870141 0.21248
vt 0.870106 0.212445
vt 0.872371 0.212445
vt 0.870141 0.21248
vt 0.865922 0.212443
vt 0.868032 0.212445
vt 0.864742 0.21248
vt 0.868032 0.212445
vt 0.870106 0.212445
vt 0.870141 0.21248
vt 0.861148 0.212475
vt 0.863901 0.212445
vt 0.864742 0.21248
vt 0.863901 0.212445
vt 0.865922 0.212443
vt 0.864742 0.21248
vt 0.855473 0.212445
vt 0.856762 0.212443
vt 0.85736 0.21248
vt 0.854435 0.212445
vt 0.855473 0.212445
vt 0.854415 0.21248
vt 0.853135 0.212475
vt 0.854435 0.212445
vt 0.854415 0.21248
vt 0.864742 0.21248
vt 0.868032 0.212445
vt 0.870141 0.21248
vt 0.859673 0.212445
vt 0.861148 0.212475
vt 0.85736 0.21248
vt 0.854415 0.21248
vt 0.855473 0.212445
vt 0.85736 0.21248
vt 0.852575 0.212445
vt 0.853135 0.212475
vt 0.851774 0.21248
vt 0.851485 0.212465
vt 0.851724 0.212445
vt 0.851774 0.21248
vt 0.853419 0.212475
vt 0.852576 0.212445
vt 0.852075 0.21248
vt 0.856762 0.212443
vt 0.85494 0.212472
vt 0.856836 0.21248
vt 0.858186 0.212445
vt 0.856762 0.212443
vt 0.856836 0.21248
vt 0.858186 0.212445
vt 0.856836 0.21248
vt 0.859585 0.21247
vt 0.877473 0.212443
vt 0.875253 0.212445
vt 0.876263 0.21248
vt 0.879717 0.212445
vt 0.877473 0.212443
vt 0.876263 0.21248
vt 0.875253 0.212445
vt 0.871987 0.212475
vt 0.876263 0.21248
vt 0.865922 0.212443
vt 0.863901 0.212445
vt 0.863129 0.21248
vt 0.861444 0.212445
vt 0.859585 0.21247
vt 0.863129 0.21248
vt 0.871987 0.212475
vt 0.870106 0.212445
vt 0.867846 0.212473
vt 0.879717 0.212445
vt 0.876263 0.21248
vt 0.882451 0.212463
vt 0.867846 0.212473
vt 0.865922 0.212443
vt 0.863129 0.21248
vt 0.889442 0.212443
vt 0.887197 0.212445
vt 0.890651 0.21248
vt 0.894903 0.212473
vt 0.891661 0.212445
vt 0.890651 0.21248
vt 0.891661 0.212445
vt 0.889442 0.212443
vt 0.890651 0.21248
vt 0.887197 0.212445
vt 0.885445 0.21247
vt 0.890651 0.21248
vt 0.905471 0.212444
vt 0.903013 0.212445
vt 0.902599 0.212475
vt 0.908728 0.212445
vt 0.907237 0.212445
vt 0.907537 0.21248
vt 0.907237 0.212445
vt 0.905471 0.212444
vt 0.907537 0.21248
vt 0.914977 0.212445
vt 0.914339 0.212445
vt 0.915029 0.21248
vt 0.91533 0.212444
vt 0.914977 0.212445
vt 0.915029 0.21248
vt 0.915398 0.212443
vt 0.91533 0.212444
vt 0.915577 0.21248
vt 0.907537 0.21248
vt 0.905471 0.212444
vt 0.902599 0.212475
vt 0.908728 0.212445
vt 0.907537 0.21248
vt 0.910241 0.21247
vt 0.915577 0.21248
vt 0.91533 0.212444
vt 0.915029 0.21248
vt 0.915029 0.21248
vt 0.914339 0.212445
vt 0.913514 0.212475
vt 0.915063 0.210624
vt 0.914976 0.210477
vt 0.91533 0.210478
vt 0.912364 0.210622
vt 0.911534 0.210583
vt 0.913117 0.210457
vt 0.910383 0.210618
vt 0.910152 0.210479
vt 0.911534 0.210583
vt 0.911534 0.210583
vt 0.910152 0.210479
vt 0.911602 0.210447
vt 0.905671 0.210582
vt 0.907234 0.210477
vt 0.906954 0.210629
vt 0.905671 0.210582
vt 0.903011 0.210477
vt 0.904987 0.210449
vt 0.896542 0.210581
vt 0.898011 0.210451
vt 0.898433 0.210578
vt 0.89446 0.210451
vt 0.898011 0.210451
vt 0.896542 0.210581
vt 0.890292 0.210623
vt 0.889436 0.210478
vt 0.891659 0.210477
vt 0.881232 0.210632
vt 0.879541 0.21058
vt 0.882228 0.210481
vt 0.879541 0.21058
vt 0.878727 0.210447
vt 0.882228 0.210481
vt 0.872122 0.21058
vt 0.86884 0.210454
vt 0.872047 0.210447
vt 0.87045 0.210631
vt 0.868481 0.210578
vt 0.86884 0.210454
vt 0.866895 0.210621
vt 0.865921 0.210479
vt 0.868481 0.210578
vt 0.868481 0.210578
vt 0.865921 0.210479
vt 0.86884 0.210454
vt 0.864818 0.210622
vt 0.865921 0.210479
vt 0.866895 0.210621
vt 0.862123 0.210477
vt 0.864378 0.210447
vt 0.863698 0.210583
vt 0.858558 0.210579
vt 0.856758 0.210478
vt 0.858148 0.210449
vt 0.852709 0.210629
vt 0.852157 0.210586
vt 0.852625 0.210517
vt 0.851724 0.210477
vt 0.852297 0.21045
vt 0.852157 0.210586
vt 0.851851 0.210623
vt 0.852179 0.210585
vt 0.851724 0.210477
vt 0.852576 0.210477
vt 0.851961 0.210448
vt 0.852179 0.210585
vt 0.853705 0.210572
vt 0.854563 0.210453
vt 0.853024 0.210447
vt 0.85455 0.210622
vt 0.85538 0.210583
vt 0.854563 0.210453
vt 0.85538 0.210583
vt 0.856339 0.210449
vt 0.854563 0.210453
vt 0.85606 0.210619
vt 0.856876 0.210584
vt 0.85538 0.210583
vt 0.861243 0.210582
vt 0.858757 0.210454
vt 0.85996 0.210629
vt 0.862262 0.210623
vt 0.863669 0.210583
vt 0.861243 0.210582
vt 0.864813 0.210619
vt 0.865926 0.210478
vt 0.863669 0.210583
vt 0.863669 0.210583
vt 0.865926 0.210478
vt 0.863942 0.210449
vt 0.877124 0.210624
vt 0.878864 0.210485
vt 0.874926 0.210582
vt 0.874926 0.210582
vt 0.878864 0.210485
vt 0.875068 0.210449
vt 0.879794 0.210629
vt 0.878864 0.210485
vt 0.877124 0.210624
vt 0.883843 0.21058
vt 0.880288 0.210449
vt 0.882068 0.210627
vt 0.885897 0.210625
vt 0.88719 0.210457
vt 0.883843 0.21058
vt 0.883843 0.21058
vt 0.88719 0.210457
vt 0.883411 0.210447
vt 0.888843 0.210621
vt 0.889441 0.210479
vt 0.88719 0.210457
vt 0.894849 0.210572
vt 0.896814 0.210477
vt 0.89513 0.210449
vt 0.896806 0.210622
vt 0.89849 0.210583
vt 0.896814 0.210477
vt 0.90047 0.210619
vt 0.900997 0.210478
vt 0.89849 0.210583
vt 0.89849 0.210583
vt 0.900997 0.210478
vt 0.899475 0.210447
vt 0.907663 0.210631
vt 0.908728 0.210477
vt 0.907241 0.210477
vt 0.914669 0.210624
vt 0.914977 0.210477
vt 0.914339 0.210477
vt 0.915089 0.21063
vt 0.914977 0.210477
vt 0.914669 0.210624
vt 0.915267 0.210622
vt 0.915331 0.210477
vt 0.915089 0.21063
vt 0.91542 0.210442
vt 0.91545 0.210442
vt 0.915398 0.210478
vt 0.884544 0.210475
vt 0.883921 0.210442
vt 0.887196 0.210477
vt 0.910152 0.210479
vt 0.908433 0.210442
vt 0.911602 0.210447
vt 0.903011 0.210477
vt 0.90063 0.210453
vt 0.904987 0.210449
vt 0.891659 0.210477
vt 0.889194 0.210442
vt 0.89446 0.210451
vt 0.883921 0.210442
vt 0.889194 0.210442
vt 0.887196 0.210477
vt 0.882228 0.210481
vt 0.878727 0.210447
vt 0.883921 0.210442
vt 0.864378 0.210447
vt 0.86884 0.210454
vt 0.865921 0.210479
vt 0.860813 0.210447
vt 0.864378 0.210447
vt 0.862123 0.210477
vt 0.856758 0.210478
vt 0.855022 0.210451
vt 0.858148 0.210449
vt 0.851724 0.210477
vt 0.851492 0.210459
vt 0.852297 0.21045
vt 0.851724 0.210477
vt 0.851961 0.210448
vt 0.851529 0.210452
vt 0.853024 0.210447
vt 0.851961 0.210448
vt 0.852576 0.210477
vt 0.865926 0.210478
vt 0.868725 0.210451
vt 0.863942 0.210449
vt 0.878864 0.210485
vt 0.880288 0.210449
vt 0.875068 0.210449
vt 0.889441 0.210479
vt 0.891395 0.210447
vt 0.88719 0.210457
vt 0.899475 0.210447
vt 0.89513 0.210449
vt 0.896814 0.210477
vt 0.903014 0.210477
vt 0.899475 0.210447
vt 0.900997 0.210478
vt 0.905473 0.210477
vt 0.904316 0.210442
vt 0.903014 0.210477
vt 0.908728 0.210477
vt 0.908567 0.210442
vt 0.907241 0.210477
vt 0.913427 0.210478
vt 0.913863 0.210442
vt 0.91191 0.210455
vt 0.914977 0.210477
vt 0.913863 0.210442
vt 0.914339 0.210477
vt 0.914339 0.210477
vt 0.913863 0.210442
vt 0.913427 0.210478
vt 0.910152 0.210479
vt 0.908567 0.210442
vt 0.908728 0.210477
vt 0.903014 0.210477
vt 0.904316 0.210442
vt 0.899475 0.210447
vt 0.905473 0.210477
vt 0.908567 0.210442
vt 0.904316 0.210442
vt 0.910152 0.210479
vt 0.91191 0.210455
vt 0.908567 0.210442
vt 0.914977 0.210477
vt 0.91545 0.210442
vt 0.913863 0.210442
vt 0.915466 0.216038
vt 0.915259 0.215919
vt 0.915304 0.215904
vt 0.91512 0.215859
vt 0.915032 0.21603
vt 0.91466 0.215863
vt 0.913206 0.215909
vt 0.912286 0.216016
vt 0.912514 0.215861
vt 0.911562 0.215915
vt 0.910752 0.216042
vt 0.910134 0.215906
vt 0.910752 0.216042
vt 0.908728 0.216012
vt 0.910134 0.215906
vt 0.908728 0.216012
vt 0.907495 0.215857
vt 0.909163 0.215869
vt 0.90687 0.216013
vt 0.905642 0.215908
vt 0.907495 0.215857
vt 0.904166 0.215858
vt 0.903015 0.215971
vt 0.901828 0.21587
vt 0.895742 0.215856
vt 0.894542 0.216011
vt 0.893004 0.215859
vt 0.893004 0.215859
vt 0.891661 0.216012
vt 0.891003 0.215864
vt 0.891661 0.216012
vt 0.889238 0.216041
vt 0.888854 0.215898
vt 0.889238 0.216041
vt 0.887197 0.216012
vt 0.888854 0.215898
vt 0.887197 0.216012
vt 0.885897 0.215864
vt 0.888854 0.215898
vt 0.883418 0.215997
vt 0.882951 0.215858
vt 0.885897 0.215864
vt 0.883418 0.215997
vt 0.878979 0.216041
vt 0.880116 0.215917
vt 0.880116 0.215917
vt 0.878979 0.216041
vt 0.877598 0.215905
vt 0.878979 0.216041
vt 0.875252 0.216012
vt 0.877598 0.215905
vt 0.872081 0.215909
vt 0.870105 0.216013
vt 0.869763 0.215859
vt 0.869763 0.215859
vt 0.868032 0.216012
vt 0.867568 0.215863
vt 0.868032 0.216012
vt 0.868073 0.216044
vt 0.866062 0.215906
vt 0.868073 0.216044
vt 0.863903 0.216012
vt 0.866062 0.215906
vt 0.861715 0.216013
vt 0.860649 0.215917
vt 0.862262 0.215867
vt 0.855473 0.216012
vt 0.854836 0.215857
vt 0.856253 0.215868
vt 0.853859 0.215865
vt 0.853487 0.216011
vt 0.853264 0.215862
vt 0.851584 0.216041
vt 0.851513 0.216011
vt 0.851775 0.215913
vt 0.8517 0.215863
vt 0.851724 0.216012
vt 0.851949 0.215866
vt 0.852575 0.216012
vt 0.853003 0.215863
vt 0.852307 0.215864
vt 0.853708 0.215909
vt 0.854435 0.216012
vt 0.8544 0.215861
vt 0.854435 0.216012
vt 0.85539 0.216042
vt 0.855332 0.215911
vt 0.858186 0.216012
vt 0.859102 0.215863
vt 0.857631 0.215868
vt 0.859677 0.216012
vt 0.861212 0.215917
vt 0.859102 0.215863
vt 0.868032 0.216012
vt 0.869714 0.215858
vt 0.866894 0.215868
vt 0.870106 0.216012
vt 0.872112 0.215908
vt 0.869714 0.215858
vt 0.879717 0.216012
vt 0.880718 0.215858
vt 0.878548 0.215864
vt 0.885415 0.215857
vt 0.887197 0.216012
vt 0.888316 0.215865
vt 0.894833 0.215909
vt 0.896808 0.216012
vt 0.896475 0.215861
vt 0.896808 0.216012
vt 0.899753 0.216041
vt 0.898337 0.215905
vt 0.898337 0.215905
vt 0.899753 0.216041
vt 0.901027 0.215903
vt 0.911973 0.21604
vt 0.912491 0.215908
vt 0.911571 0.215911
vt 0.915353 0.216031
vt 0.915466 0.216038
vt 0.915304 0.215904
vt 0.90687 0.216013
vt 0.908728 0.216012
vt 0.907888 0.216047
vt 0.891661 0.216012
vt 0.894542 0.216011
vt 0.893536 0.216047
vt 0.912286 0.216016
vt 0.913232 0.21604
vt 0.910752 0.216042
vt 0.908728 0.216012
vt 0.910752 0.216042
vt 0.907888 0.216047
vt 0.90687 0.216013
vt 0.907888 0.216047
vt 0.90462 0.216041
vt 0.889238 0.216041
vt 0.891661 0.216012
vt 0.893536 0.216047
vt 0.887197 0.216012
vt 0.889238 0.216041
vt 0.884827 0.216042
vt 0.883418 0.215997
vt 0.884827 0.216042
vt 0.878979 0.216041
vt 0.875252 0.216012
vt 0.878979 0.216041
vt 0.873085 0.216042
vt 0.861715 0.216013
vt 0.863903 0.216012
vt 0.862496 0.216047
vt 0.855473 0.216012
vt 0.856758 0.216011
vt 0.857921 0.216046
vt 0.853487 0.216011
vt 0.854432 0.216012
vt 0.854232 0.216047
vt 0.852083 0.21601
vt 0.852574 0.216012
vt 0.852411 0.216047
vt 0.863903 0.216012
vt 0.868073 0.216044
vt 0.862496 0.216047
vt 0.857921 0.216046
vt 0.861715 0.216013
vt 0.862496 0.216047
vt 0.855473 0.216012
vt 0.857921 0.216046
vt 0.854232 0.216047
vt 0.853487 0.216011
vt 0.854232 0.216047
vt 0.852411 0.216047
vt 0.851584 0.216041
vt 0.852083 0.21601
vt 0.852411 0.216047
vt 0.851552 0.216012
vt 0.851513 0.216011
vt 0.851382 0.216047
vt 0.851899 0.216047
vt 0.851724 0.216012
vt 0.851382 0.216047
vt 0.852575 0.216012
vt 0.852084 0.216011
vt 0.851899 0.216047
vt 0.853412 0.216042
vt 0.852575 0.216012
vt 0.851899 0.216047
vt 0.858186 0.216012
vt 0.856764 0.216011
vt 0.85876 0.216047
vt 0.859677 0.216012
vt 0.858186 0.216012
vt 0.85876 0.216047
vt 0.861979 0.216042
vt 0.859677 0.216012
vt 0.85876 0.216047
vt 0.868032 0.216012
vt 0.865922 0.21601
vt 0.866912 0.216047
vt 0.870106 0.216012
vt 0.868032 0.216012
vt 0.866912 0.216047
vt 0.877473 0.21601
vt 0.875253 0.216012
vt 0.876263 0.216047
vt 0.879717 0.216012
vt 0.877473 0.21601
vt 0.876263 0.216047
vt 0.875253 0.216012
vt 0.871987 0.216042
vt 0.876263 0.216047
vt 0.865922 0.21601
vt 0.863901 0.216012
vt 0.866912 0.216047
vt 0.854435 0.216012
vt 0.853412 0.216042
vt 0.85539 0.216042
vt 0.85876 0.216047
vt 0.856764 0.216011
vt 0.85539 0.216042
vt 0.863901 0.216012
vt 0.861979 0.216042
vt 0.866912 0.216047
vt 0.871987 0.216042
vt 0.870106 0.216012
vt 0.866912 0.216047
vt 0.879717 0.216012
vt 0.876263 0.216047
vt 0.881912 0.216042
vt 0.889441 0.21601
vt 0.887197 0.216012
vt 0.890651 0.216047
vt 0.894928 0.216042
vt 0.891661 0.216012
vt 0.890651 0.216047
vt 0.891661 0.216012
vt 0.889441 0.21601
vt 0.890651 0.216047
vt 0.887197 0.216012
vt 0.885446 0.216038
vt 0.890651 0.216047
vt 0.908728 0.216012
vt 0.907237 0.216012
vt 0.909584 0.216047
vt 0.911973 0.21604
vt 0.910152 0.21601
vt 0.909584 0.216047
vt 0.914977 0.216012
vt 0.914339 0.216012
vt 0.914773 0.216047
vt 0.914339 0.216012
vt 0.913446 0.216042
vt 0.914773 0.216047
vt 0.910152 0.21601
vt 0.908728 0.216012
vt 0.909584 0.216047
vt 0.899753 0.216041
vt 0.896808 0.216012
vt 0.894928 0.216042
vt 0.907237 0.216012
vt 0.905828 0.216042
vt 0.909584 0.216047
vt 0.914977 0.216012
vt 0.914773 0.216047
vt 0.915353 0.216031
vt 0.851584 0.216041
vt 0.851382 0.216047
vt 0.851513 0.216011
vt 0.915084 0.214199
vt 0.914976 0.214044
vt 0.91533 0.214045
vt 0.913222 0.214147
vt 0.912479 0.214044
vt 0.913365 0.214016
vt 0.912518 0.214198
vt 0.911571 0.214145
vt 0.912479 0.214044
vt 0.911571 0.214145
vt 0.910152 0.214046
vt 0.911285 0.214015
vt 0.90687 0.214043
vt 0.908434 0.214016
vt 0.908675 0.214085
vt 0.905558 0.2142
vt 0.903365 0.214151
vt 0.905406 0.214024
vt 0.902101 0.214186
vt 0.900988 0.214045
vt 0.903365 0.214151
vt 0.903365 0.214151
vt 0.900988 0.214045
vt 0.903102 0.214015
vt 0.896808 0.214044
vt 0.898962 0.214016
vt 0.898524 0.21415
vt 0.894181 0.214146
vt 0.891659 0.214044
vt 0.894428 0.214015
vt 0.886208 0.214195
vt 0.887194 0.214045
vt 0.888316 0.214191
vt 0.884883 0.214146
vt 0.887194 0.214045
vt 0.886208 0.214195
vt 0.883071 0.214147
vt 0.884238 0.214015
vt 0.884883 0.214146
vt 0.883071 0.214147
vt 0.880638 0.214015
vt 0.884238 0.214015
vt 0.881017 0.214192
vt 0.879527 0.214139
vt 0.883071 0.214147
vt 0.879527 0.214139
vt 0.878206 0.214026
vt 0.880638 0.214015
vt 0.872374 0.214045
vt 0.875271 0.214015
vt 0.874908 0.214143
vt 0.863206 0.214194
vt 0.863901 0.214044
vt 0.865086 0.214186
vt 0.854432 0.214044
vt 0.855543 0.214016
vt 0.855391 0.214149
vt 0.851645 0.214144
vt 0.851547 0.214016
vt 0.851775 0.214139
vt 0.851483 0.214023
vt 0.851547 0.214016
vt 0.851645 0.214144
vt 0.851616 0.214198
vt 0.851775 0.214144
vt 0.851483 0.214023
vt 0.851991 0.214192
vt 0.852083 0.214046
vt 0.851775 0.214144
vt 0.851775 0.214144
vt 0.852083 0.214046
vt 0.851693 0.214015
vt 0.853153 0.214196
vt 0.852576 0.214044
vt 0.852478 0.214191
vt 0.854163 0.214204
vt 0.853488 0.214045
vt 0.853153 0.214196
vt 0.854163 0.214204
vt 0.854435 0.214044
vt 0.853488 0.214045
vt 0.854163 0.214204
vt 0.855308 0.214152
vt 0.854435 0.214044
vt 0.85639 0.214191
vt 0.856764 0.214045
vt 0.855308 0.214152
vt 0.855308 0.214152
vt 0.856764 0.214045
vt 0.85539 0.214015
vt 0.861243 0.214149
vt 0.859677 0.214044
vt 0.859838 0.214193
vt 0.861243 0.214149
vt 0.863901 0.214044
vt 0.861963 0.214016
vt 0.864246 0.214188
vt 0.866062 0.214151
vt 0.863901 0.214044
vt 0.872916 0.214147
vt 0.875255 0.214044
vt 0.872965 0.214015
vt 0.877124 0.214191
vt 0.877473 0.214046
vt 0.875255 0.214044
vt 0.885897 0.214192
vt 0.88805 0.214052
vt 0.883616 0.214021
vt 0.894849 0.214139
vt 0.896808 0.214044
vt 0.894914 0.214015
vt 0.898855 0.214197
vt 0.900824 0.214153
vt 0.898833 0.214085
vt 0.903013 0.214044
vt 0.899751 0.214016
vt 0.900824 0.214153
vt 0.905702 0.214139
vt 0.907237 0.214044
vt 0.904955 0.214016
vt 0.908861 0.214188
vt 0.910134 0.214151
vt 0.908728 0.214044
vt 0.911441 0.214044
vt 0.910349 0.214015
vt 0.910134 0.214151
vt 0.914669 0.214191
vt 0.914944 0.214077
vt 0.91434 0.214044
vt 0.915089 0.214197
vt 0.914944 0.214077
vt 0.914669 0.214191
vt 0.915259 0.214147
vt 0.915398 0.214046
vt 0.915426 0.214015
vt 0.915414 0.214009
vt 0.915426 0.214015
vt 0.915398 0.214046
vt 0.91533 0.214045
vt 0.915414 0.214009
vt 0.915398 0.214046
vt 0.908434 0.214016
vt 0.90687 0.214043
vt 0.905406 0.214024
vt 0.903102 0.214015
vt 0.900988 0.214045
vt 0.898962 0.214016
vt 0.911285 0.214015
vt 0.913365 0.214016
vt 0.912479 0.214044
vt 0.896808 0.214044
vt 0.894428 0.214015
vt 0.898962 0.214016
vt 0.891659 0.214044
vt 0.889202 0.214009
vt 0.894428 0.214015
vt 0.884238 0.214015
vt 0.889202 0.214009
vt 0.887194 0.214045
vt 0.872374 0.214045
vt 0.870561 0.214009
vt 0.875271 0.214015
vt 0.878206 0.214026
vt 0.875271 0.214015
vt 0.880638 0.214015
vt 0.865854 0.214009
vt 0.868029 0.214044
vt 0.865921 0.214046
vt 0.863901 0.214044
vt 0.865854 0.214009
vt 0.865921 0.214046
vt 0.858545 0.214009
vt 0.860295 0.214045
vt 0.858187 0.214045
vt 0.856762 0.214046
vt 0.858545 0.214009
vt 0.858187 0.214045
vt 0.852575 0.214044
vt 0.852203 0.214009
vt 0.853487 0.214045
vt 0.851547 0.214016
vt 0.852203 0.214009
vt 0.852083 0.214046
vt 0.852203 0.214009
vt 0.852575 0.214044
vt 0.852083 0.214046
vt 0.865854 0.214009
vt 0.870561 0.214009
vt 0.868029 0.214044
vt 0.863901 0.214044
vt 0.862167 0.214021
vt 0.865854 0.214009
vt 0.858545 0.214009
vt 0.862167 0.214021
vt 0.860295 0.214045
vt 0.856762 0.214046
vt 0.855543 0.214016
vt 0.858545 0.214009
vt 0.853487 0.214045
vt 0.852203 0.214009
vt 0.854057 0.214009
vt 0.853488 0.214045
vt 0.852956 0.214009
vt 0.852576 0.214044
vt 0.854435 0.214044
vt 0.852956 0.214009
vt 0.853488 0.214045
vt 0.858187 0.214045
vt 0.858761 0.214009
vt 0.856764 0.214045
vt 0.859677 0.214044
vt 0.858761 0.214009
vt 0.858187 0.214045
vt 0.861963 0.214016
vt 0.858761 0.214009
vt 0.859677 0.214044
vt 0.872965 0.214015
vt 0.875255 0.214044
vt 0.878911 0.214009
vt 0.877473 0.214046
vt 0.878911 0.214009
vt 0.875255 0.214044
vt 0.883616 0.214021
vt 0.878911 0.214009
vt 0.879718 0.214044
vt 0.854435 0.214044
vt 0.85539 0.214015
vt 0.852956 0.214009
vt 0.858761 0.214009
vt 0.85539 0.214015
vt 0.856764 0.214045
vt 0.863901 0.214044
vt 0.865683 0.214015
vt 0.861963 0.214016
vt 0.891814 0.214015
vt 0.887797 0.214015
vt 0.88805 0.214052
vt 0.908728 0.214044
vt 0.907537 0.214009
vt 0.907237 0.214044
vt 0.907237 0.214044
vt 0.907537 0.214009
vt 0.904955 0.214016
vt 0.913427 0.214045
vt 0.912678 0.214009
vt 0.912479 0.214044
vt 0.912479 0.214044
vt 0.912678 0.214009
vt 0.911441 0.214044
vt 0.91434 0.214044
vt 0.914812 0.214015
vt 0.913427 0.214045
vt 0.899751 0.214016
vt 0.894914 0.214015
vt 0.896808 0.214044
vt 0.903013 0.214044
vt 0.904955 0.214016
vt 0.899751 0.214016
vt 0.908728 0.214044
vt 0.910349 0.214015
vt 0.907537 0.214009
vt 0.912678 0.214009
vt 0.910349 0.214015
vt 0.911441 0.214044
vt 0.913427 0.214045
vt 0.914812 0.214015
vt 0.912678 0.214009
vt 0.914832 0.207575
vt 0.914957 0.207429
vt 0.915197 0.207584
vt 0.914169 0.207581
vt 0.913938 0.207423
vt 0.914449 0.207405
vt 0.912332 0.207529
vt 0.913214 0.207402
vt 0.913241 0.207579
vt 0.911316 0.207494
vt 0.911854 0.207394
vt 0.912332 0.207529
vt 0.910029 0.20749
vt 0.910332 0.207385
vt 0.911316 0.207494
vt 0.910029 0.20749
vt 0.908932 0.207401
vt 0.910332 0.207385
vt 0.909365 0.207595
vt 0.908102 0.207522
vt 0.908932 0.207401
vt 0.908102 0.207522
vt 0.906783 0.207402
vt 0.908932 0.207401
vt 0.906695 0.207584
vt 0.905347 0.207467
vt 0.906783 0.207402
vt 0.904745 0.207589
vt 0.905347 0.207467
vt 0.906695 0.207584
vt 0.903324 0.207527
vt 0.905347 0.207467
vt 0.904745 0.207589
vt 0.903324 0.207527
vt 0.90382 0.207391
vt 0.905347 0.207467
vt 0.89879 0.207494
vt 0.897456 0.207394
vt 0.900844 0.207394
vt 0.896092 0.207515
vt 0.894439 0.207393
vt 0.897456 0.207394
vt 0.893469 0.207525
vt 0.896092 0.207515
vt 0.894935 0.207582
vt 0.893469 0.207525
vt 0.894439 0.207393
vt 0.896092 0.207515
vt 0.889392 0.207491
vt 0.890128 0.207393
vt 0.891616 0.207495
vt 0.887136 0.207494
vt 0.884507 0.207404
vt 0.890128 0.207393
vt 0.881088 0.207429
vt 0.882576 0.207391
vt 0.884507 0.207404
vt 0.880022 0.207582
vt 0.881088 0.207429
vt 0.882893 0.207582
vt 0.875283 0.207525
vt 0.874091 0.207404
vt 0.877522 0.207394
vt 0.872651 0.207583
vt 0.870759 0.207515
vt 0.874091 0.207404
vt 0.867971 0.207404
vt 0.871019 0.207389
vt 0.870759 0.207515
vt 0.865333 0.20749
vt 0.867971 0.207404
vt 0.868311 0.207583
vt 0.861694 0.207584
vt 0.860425 0.207467
vt 0.861996 0.207402
vt 0.859463 0.207576
vt 0.860425 0.207467
vt 0.861694 0.207584
vt 0.857761 0.207598
vt 0.858463 0.2074
vt 0.859463 0.207576
vt 0.856676 0.207523
vt 0.858463 0.2074
vt 0.857761 0.207598
vt 0.856676 0.207523
vt 0.856985 0.207394
vt 0.858463 0.2074
vt 0.855598 0.207494
vt 0.85506 0.207394
vt 0.856985 0.207394
vt 0.854258 0.207515
vt 0.85376 0.207393
vt 0.85506 0.207394
vt 0.853606 0.207524
vt 0.85376 0.207393
vt 0.854258 0.207515
vt 0.852218 0.207538
vt 0.852483 0.207393
vt 0.852722 0.207495
vt 0.851872 0.207494
vt 0.851888 0.207394
vt 0.852483 0.207393
vt 0.851655 0.207515
vt 0.85181 0.207391
vt 0.851888 0.207394
vt 0.85181 0.207429
vt 0.85181 0.207391
vt 0.851655 0.207515
vt 0.851861 0.207579
vt 0.85181 0.207429
vt 0.851638 0.207583
vt 0.852221 0.207578
vt 0.852185 0.207405
vt 0.851861 0.207579
vt 0.853424 0.20758
vt 0.854117 0.207513
vt 0.853299 0.207398
vt 0.855343 0.207423
vt 0.854346 0.207389
vt 0.854117 0.207513
vt 0.859498 0.207581
vt 0.860131 0.207402
vt 0.858738 0.2074
vt 0.859498 0.207581
vt 0.861158 0.207534
vt 0.860131 0.207402
vt 0.863899 0.207516
vt 0.863094 0.207391
vt 0.862277 0.207524
vt 0.866904 0.207504
vt 0.866071 0.207394
vt 0.863899 0.207516
vt 0.87118 0.207511
vt 0.872962 0.2074
vt 0.869458 0.207394
vt 0.875307 0.207531
vt 0.872962 0.2074
vt 0.873169 0.207595
vt 0.885826 0.207429
vt 0.884338 0.207391
vt 0.882407 0.207404
vt 0.887357 0.207579
vt 0.885826 0.207429
vt 0.884465 0.207582
vt 0.889556 0.207578
vt 0.888661 0.207405
vt 0.887357 0.207579
vt 0.894502 0.207573
vt 0.896121 0.207512
vt 0.893197 0.207398
vt 0.89814 0.207423
vt 0.895895 0.207389
vt 0.896121 0.207512
vt 0.899731 0.207528
vt 0.89814 0.207423
vt 0.89808 0.207597
vt 0.90141 0.207508
vt 0.900844 0.207394
vt 0.899731 0.207528
vt 0.902466 0.207585
vt 0.904034 0.20751
vt 0.90141 0.207508
vt 0.904982 0.207581
vt 0.906471 0.207517
vt 0.904034 0.20751
vt 0.908605 0.207494
vt 0.907065 0.207391
vt 0.906471 0.207517
vt 0.90993 0.207541
vt 0.909929 0.207394
vt 0.908605 0.207494
vt 0.911316 0.207494
vt 0.911854 0.207394
vt 0.909929 0.207394
vt 0.912656 0.207515
vt 0.913419 0.207394
vt 0.911854 0.207394
vt 0.913309 0.207524
vt 0.913419 0.207394
vt 0.912656 0.207515
vt 0.914193 0.207495
vt 0.913419 0.207394
vt 0.913309 0.207524
vt 0.914697 0.207538
vt 0.914566 0.207394
vt 0.914193 0.207495
vt 0.915043 0.207494
vt 0.915106 0.207397
vt 0.914566 0.207394
vt 0.910029 0.20749
vt 0.911118 0.207637
vt 0.909365 0.207595
vt 0.901582 0.20749
vt 0.903324 0.207527
vt 0.901155 0.207642
vt 0.911316 0.207494
vt 0.912332 0.207529
vt 0.911118 0.207637
vt 0.911316 0.207494
vt 0.911118 0.207637
vt 0.910029 0.20749
vt 0.89879 0.207494
vt 0.901155 0.207642
vt 0.89837 0.207641
vt 0.89879 0.207494
vt 0.901582 0.20749
vt 0.901155 0.207642
vt 0.896092 0.207515
vt 0.89879 0.207494
vt 0.89837 0.207641
vt 0.891042 0.207644
vt 0.891616 0.207495
vt 0.893469 0.207525
vt 0.889392 0.207491
vt 0.891042 0.207644
vt 0.888085 0.207644
vt 0.887136 0.207494
vt 0.888085 0.207644
vt 0.885345 0.207581
vt 0.863494 0.207579
vt 0.865333 0.20749
vt 0.865651 0.20764
vt 0.891616 0.207495
vt 0.891042 0.207644
vt 0.889392 0.207491
vt 0.888085 0.207644
vt 0.887136 0.207494
vt 0.889392 0.207491
vt 0.855322 0.207641
vt 0.855598 0.207494
vt 0.856676 0.207523
vt 0.852218 0.207538
vt 0.852722 0.207495
vt 0.852934 0.207643
vt 0.851774 0.207642
vt 0.851872 0.207494
vt 0.852218 0.207538
vt 0.877237 0.207643
vt 0.877975 0.207478
vt 0.880022 0.207582
vt 0.877237 0.207643
vt 0.875283 0.207525
vt 0.877975 0.207478
vt 0.865651 0.20764
vt 0.865333 0.20749
vt 0.868311 0.207583
vt 0.854258 0.207515
vt 0.855598 0.207494
vt 0.855322 0.207641
vt 0.851774 0.207642
vt 0.851655 0.207515
vt 0.851872 0.207494
vt 0.852722 0.207495
vt 0.853606 0.207524
vt 0.852934 0.207643
vt 0.90993 0.207541
vt 0.908605 0.207494
vt 0.907972 0.207641
vt 0.90993 0.207541
vt 0.911592 0.207641
vt 0.911316 0.207494
vt 0.914697 0.207538
vt 0.914193 0.207495
vt 0.91398 0.207643
vt 0.91514 0.207642
vt 0.915043 0.207494
vt 0.914697 0.207538
vt 0.908605 0.207494
vt 0.906471 0.207517
vt 0.907972 0.207641
vt 0.912656 0.207515
vt 0.911316 0.207494
vt 0.911592 0.207641
vt 0.91514 0.207642
vt 0.915289 0.20758
vt 0.915043 0.207494
vt 0.914193 0.207495
vt 0.913309 0.207524
vt 0.91398 0.207643
vt 0.915063 0.219432
vt 0.914972 0.219575
vt 0.915364 0.219597
vt 0.913762 0.219427
vt 0.914332 0.219575
vt 0.914556 0.219435
vt 0.913209 0.219484
vt 0.912489 0.219576
vt 0.913386 0.219609
vt 0.912364 0.219434
vt 0.911534 0.219473
vt 0.912489 0.219576
vt 0.910854 0.219437
vt 0.910038 0.219472
vt 0.911534 0.219473
vt 0.905198 0.219425
vt 0.903788 0.219601
vt 0.906806 0.219475
vt 0.906806 0.219475
vt 0.903788 0.219601
vt 0.906464 0.219607
vt 0.905198 0.219425
vt 0.903246 0.219473
vt 0.903788 0.219601
vt 0.902101 0.219437
vt 0.901003 0.219594
vt 0.903246 0.219473
vt 0.903246 0.219473
vt 0.901003 0.219594
vt 0.903788 0.219601
vt 0.894833 0.219476
vt 0.898078 0.219601
vt 0.896475 0.219428
vt 0.893574 0.219433
vt 0.891988 0.219474
vt 0.894833 0.219476
vt 0.890649 0.219436
vt 0.890965 0.2196
vt 0.891988 0.219474
vt 0.881455 0.219424
vt 0.879566 0.219596
vt 0.882788 0.219598
vt 0.878548 0.219431
vt 0.875959 0.219599
vt 0.879566 0.219596
vt 0.876274 0.219432
vt 0.875959 0.219599
vt 0.878548 0.219431
vt 0.869714 0.219425
vt 0.867994 0.219595
vt 0.871456 0.219599
vt 0.866895 0.219435
vt 0.865912 0.219594
vt 0.867994 0.219595
vt 0.864818 0.219434
vt 0.865912 0.219594
vt 0.866895 0.219435
vt 0.861212 0.219484
vt 0.858735 0.2196
vt 0.861182 0.219606
vt 0.859695 0.219434
vt 0.858503 0.219473
vt 0.858735 0.2196
vt 0.857646 0.219437
vt 0.856768 0.21957
vt 0.858503 0.219473
vt 0.858503 0.219473
vt 0.856768 0.21957
vt 0.858735 0.2196
vt 0.85379 0.219599
vt 0.855589 0.21961
vt 0.855352 0.219482
vt 0.853708 0.219476
vt 0.85379 0.219599
vt 0.8544 0.219427
vt 0.853267 0.219432
vt 0.852773 0.219474
vt 0.853708 0.219476
vt 0.85244 0.219435
vt 0.852342 0.219599
vt 0.852773 0.219474
vt 0.851485 0.219598
vt 0.851687 0.219609
vt 0.851775 0.219484
vt 0.851703 0.219431
vt 0.851716 0.2196
vt 0.851554 0.219576
vt 0.852068 0.219436
vt 0.852342 0.219599
vt 0.851716 0.2196
vt 0.853705 0.219484
vt 0.854989 0.219605
vt 0.853527 0.219606
vt 0.85455 0.219434
vt 0.85538 0.219473
vt 0.854989 0.219605
vt 0.85606 0.219437
vt 0.856876 0.219472
vt 0.85538 0.219473
vt 0.858239 0.219538
vt 0.857608 0.219607
vt 0.856876 0.219472
vt 0.860649 0.219484
vt 0.863119 0.2196
vt 0.860446 0.219606
vt 0.862262 0.219433
vt 0.863669 0.219473
vt 0.863119 0.2196
vt 0.868456 0.219482
vt 0.867257 0.219607
vt 0.865394 0.219462
vt 0.870135 0.219576
vt 0.867257 0.219607
vt 0.868456 0.219482
vt 0.872081 0.219476
vt 0.870135 0.219576
vt 0.870439 0.219428
vt 0.872081 0.219476
vt 0.875281 0.219595
vt 0.872037 0.219609
vt 0.882788 0.219598
vt 0.878969 0.2196
vt 0.880116 0.219484
vt 0.88633 0.219563
vt 0.890964 0.2196
vt 0.887585 0.21961
vt 0.896806 0.219434
vt 0.89849 0.219473
vt 0.895458 0.219599
vt 0.89968 0.219437
vt 0.900997 0.219472
vt 0.89849 0.219473
vt 0.902999 0.219596
vt 0.899658 0.219607
vt 0.900997 0.219472
vt 0.905642 0.219475
vt 0.908227 0.219606
vt 0.90574 0.219607
vt 0.906963 0.219427
vt 0.908356 0.219477
vt 0.908227 0.219606
vt 0.909028 0.219429
vt 0.910016 0.21947
vt 0.908356 0.219477
vt 0.911516 0.219474
vt 0.911106 0.219607
vt 0.910016 0.21947
vt 0.912489 0.219576
vt 0.911106 0.219607
vt 0.911516 0.219474
vt 0.914145 0.21948
vt 0.914972 0.219575
vt 0.914402 0.219609
vt 0.915115 0.219423
vt 0.914972 0.219575
vt 0.914784 0.219428
vt 0.91527 0.219432
vt 0.915328 0.219576
vt 0.915115 0.219423
vt 0.912489 0.219576
vt 0.911106 0.219607
vt 0.913386 0.219609
vt 0.851554 0.219576
vt 0.851716 0.2196
vt 0.851485 0.219598
vt 0.867257 0.219607
vt 0.870135 0.219576
vt 0.872037 0.219609
vt 0.88633 0.219563
vt 0.887585 0.21961
vt 0.882788 0.219598
vt 0.911106 0.219607
vt 0.912489 0.219576
vt 0.913385 0.219611
vt 0.909584 0.216047
vt 0.912287 0.216049
vt 0.914103 0.216051
vt 0.907024 0.216052
vt 0.910104 0.216052
vt 0.905828 0.216042
vt 0.903334 0.216042
vt 0.904221 0.21605
vt 0.907024 0.216052
vt 0.894928 0.216042
vt 0.892616 0.216049
vt 0.898618 0.216059
vt 0.885446 0.216038
vt 0.881842 0.216054
vt 0.886429 0.216049
vt 0.881912 0.216042
vt 0.87764 0.216049
vt 0.881842 0.216054
vt 0.915353 0.216031
vt 0.91765 0.216052
vt 0.915466 0.216038
vt 0.91734 0.216049
vt 0.914773 0.216047
vt 0.915801 0.216051
vt 0.901486 0.216051
vt 0.904221 0.21605
vt 0.899753 0.216041
vt 0.890651 0.216047
vt 0.886429 0.216049
vt 0.892616 0.216049
vt 0.876263 0.216047
vt 0.871615 0.21605
vt 0.87764 0.216049
vt 0.86761 0.216051
vt 0.871615 0.21605
vt 0.871987 0.216042
vt 0.85876 0.216047
vt 0.8577 0.216054
vt 0.860476 0.216051
vt 0.854358 0.216049
vt 0.8577 0.216054
vt 0.85876 0.216047
vt 0.857921 0.216046
vt 0.856533 0.216049
vt 0.854414 0.21605
vt 0.856533 0.216049
vt 0.862496 0.216047
vt 0.859258 0.216053
vt 0.884845 0.21605
vt 0.884827 0.216042
vt 0.889273 0.216049
vt 0.853412 0.216042
vt 0.850552 0.216054
vt 0.851746 0.216056
vt 0.853412 0.216042
vt 0.851746 0.216056
vt 0.85539 0.216042
vt 0.849701 0.216053
vt 0.850552 0.216054
vt 0.853412 0.216042
vt 0.851382 0.216047
vt 0.849227 0.216054
vt 0.849364 0.21605
vt 0.851382 0.216047
vt 0.849364 0.21605
vt 0.851899 0.216047
vt 0.851899 0.216047
vt 0.849364 0.21605
vt 0.849701 0.216053
vt 0.85539 0.216042
vt 0.851746 0.216056
vt 0.854358 0.216049
vt 0.902518 0.216042
vt 0.904222 0.216051
vt 0.901395 0.216049
vt 0.91107 0.216051
vt 0.910752 0.216042
vt 0.913036 0.216055
vt 0.91593 0.216049
vt 0.914431 0.216042
vt 0.916939 0.216052
vt 0.915353 0.216031
vt 0.914773 0.216047
vt 0.91734 0.216049
vt 0.914773 0.216047
vt 0.913446 0.216042
vt 0.915801 0.216051
vt 0.913446 0.216042
vt 0.911973 0.21604
vt 0.915801 0.216051
vt 0.909584 0.216047
vt 0.905828 0.216042
vt 0.910104 0.216052
vt 0.854232 0.216047
vt 0.851549 0.216049
vt 0.852411 0.216047
vt 0.894928 0.216042
vt 0.890651 0.216047
vt 0.892616 0.216049
vt 0.890651 0.216047
vt 0.885446 0.216038
vt 0.886429 0.216049
vt 0.881912 0.216042
vt 0.876263 0.216047
vt 0.87764 0.216049
vt 0.876263 0.216047
vt 0.871987 0.216042
vt 0.871615 0.21605
vt 0.861979 0.216042
vt 0.85876 0.216047
vt 0.860476 0.216051
vt 0.851382 0.216047
vt 0.851584 0.216041
vt 0.849227 0.216054
vt 0.849826 0.216048
vt 0.851584 0.216041
vt 0.852411 0.216047
vt 0.854414 0.21605
vt 0.851549 0.216049
vt 0.854232 0.216047
vt 0.854232 0.216047
vt 0.857921 0.216046
vt 0.854414 0.21605
vt 0.862496 0.216047
vt 0.862693 0.21605
vt 0.859258 0.216053
vt 0.868073 0.216044
vt 0.874324 0.216049
vt 0.868305 0.21605
vt 0.868073 0.216044
vt 0.868305 0.21605
vt 0.865423 0.21605
vt 0.868073 0.216044
vt 0.865423 0.21605
vt 0.862693 0.21605
vt 0.862693 0.21605
vt 0.862496 0.216047
vt 0.868073 0.216044
vt 0.878979 0.216041
vt 0.877835 0.216054
vt 0.874324 0.216049
vt 0.884845 0.21605
vt 0.877835 0.216054
vt 0.878979 0.216041
vt 0.884827 0.216042
vt 0.884845 0.21605
vt 0.878979 0.216041
vt 0.902518 0.216042
vt 0.901395 0.216049
vt 0.898071 0.216036
vt 0.910752 0.216042
vt 0.91107 0.216051
vt 0.909071 0.216049
vt 0.907888 0.216047
vt 0.909071 0.216049
vt 0.907004 0.21605
vt 0.913232 0.21604
vt 0.91593 0.216049
vt 0.913036 0.216055
vt 0.874324 0.216049
vt 0.868073 0.216044
vt 0.873085 0.216042
vt 0.889273 0.216049
vt 0.884827 0.216042
vt 0.889238 0.216041
vt 0.889273 0.216049
vt 0.889238 0.216041
vt 0.893536 0.216047
vt 0.895504 0.216049
vt 0.893536 0.216047
vt 0.898071 0.216036
vt 0.904222 0.216051
vt 0.902518 0.216042
vt 0.90462 0.216041
vt 0.907004 0.21605
vt 0.90462 0.216041
vt 0.907888 0.216047
vt 0.909071 0.216049
vt 0.907888 0.216047
vt 0.910752 0.216042
vt 0.913036 0.216055
vt 0.910752 0.216042
vt 0.913232 0.21604
vt 0.916939 0.216052
vt 0.914431 0.216042
vt 0.915032 0.21603
vt 0.915418 0.217582
vt 0.917511 0.217569
vt 0.915359 0.21759
vt 0.915359 0.21759
vt 0.917511 0.217569
vt 0.91477 0.217576
vt 0.91477 0.217576
vt 0.916528 0.217571
vt 0.91344 0.217591
vt 0.91344 0.217591
vt 0.915161 0.217564
vt 0.911158 0.217583
vt 0.911158 0.217583
vt 0.911547 0.21757
vt 0.907537 0.217576
vt 0.906611 0.217566
vt 0.903044 0.217582
vt 0.907537 0.217576
vt 0.899294 0.217572
vt 0.893921 0.217576
vt 0.898161 0.217587
vt 0.890575 0.217571
vt 0.889232 0.217582
vt 0.893921 0.217576
vt 0.890575 0.217571
vt 0.886309 0.217583
vt 0.889232 0.217582
vt 0.883659 0.217574
vt 0.881634 0.217576
vt 0.886309 0.217583
vt 0.881634 0.217576
vt 0.877638 0.217574
vt 0.876664 0.217576
vt 0.872324 0.217582
vt 0.870525 0.217564
vt 0.868824 0.217587
vt 0.868824 0.217587
vt 0.866772 0.21757
vt 0.864257 0.217583
vt 0.864257 0.217583
vt 0.860573 0.217572
vt 0.859822 0.217576
vt 0.853602 0.217571
vt 0.854237 0.217576
vt 0.85673 0.217589
vt 0.849681 0.217574
vt 0.851642 0.217582
vt 0.852401 0.217576
vt 0.851434 0.217582
vt 0.849318 0.217573
vt 0.851547 0.217583
vt 0.851547 0.217583
vt 0.849982 0.217571
vt 0.852011 0.217576
vt 0.852011 0.217576
vt 0.849982 0.217571
vt 0.853284 0.217583
vt 0.854919 0.217576
vt 0.854409 0.217572
vt 0.858556 0.217576
vt 0.853284 0.217583
vt 0.851379 0.21757
vt 0.854919 0.217576
vt 0.86269 0.21757
vt 0.866069 0.217582
vt 0.862539 0.217576
vt 0.867872 0.217574
vt 0.868889 0.217587
vt 0.866069 0.217582
vt 0.871642 0.217571
vt 0.877147 0.217576
vt 0.872509 0.217583
vt 0.882479 0.217588
vt 0.882251 0.217573
vt 0.885808 0.217583
vt 0.885808 0.217583
vt 0.889385 0.217573
vt 0.89027 0.217576
vt 0.89027 0.217576
vt 0.892838 0.21757
vt 0.895172 0.217582
vt 0.89808 0.217589
vt 0.900143 0.21757
vt 0.902615 0.217582
vt 0.902615 0.217582
vt 0.905586 0.21757
vt 0.90621 0.217583
vt 0.911057 0.217572
vt 0.911908 0.217587
vt 0.908928 0.217582
vt 0.916111 0.217571
vt 0.914845 0.217576
vt 0.913519 0.217582
vt 0.91582 0.212487
vt 0.91688 0.212484
vt 0.915029 0.21248
vt 0.913514 0.212475
vt 0.914039 0.212482
vt 0.91582 0.212487
vt 0.898116 0.212471
vt 0.898618 0.212492
vt 0.901491 0.212483
vt 0.885445 0.21247
vt 0.881839 0.212485
vt 0.886431 0.212482
vt 0.912039 0.212483
vt 0.914039 0.212482
vt 0.910241 0.21247
vt 0.902599 0.212475
vt 0.904221 0.212483
vt 0.907381 0.212482
vt 0.894903 0.212473
vt 0.892613 0.212481
vt 0.898618 0.212492
vt 0.890651 0.21248
vt 0.886431 0.212482
vt 0.892613 0.212481
vt 0.876263 0.21248
vt 0.871607 0.212482
vt 0.877639 0.212482
vt 0.885445 0.21247
vt 0.886431 0.212482
vt 0.890651 0.21248
vt 0.902599 0.212475
vt 0.901491 0.212483
vt 0.904221 0.212483
vt 0.863129 0.21248
vt 0.858227 0.212488
vt 0.861331 0.212484
vt 0.859585 0.21247
vt 0.856284 0.212483
vt 0.858227 0.212488
vt 0.871987 0.212475
vt 0.864586 0.212481
vt 0.86762 0.212485
vt 0.863129 0.21248
vt 0.864586 0.212481
vt 0.867846 0.212473
vt 0.852655 0.212482
vt 0.854127 0.212492
vt 0.856284 0.212483
vt 0.856836 0.21248
vt 0.852655 0.212482
vt 0.856284 0.212483
vt 0.871607 0.212482
vt 0.871987 0.212475
vt 0.86762 0.212485
vt 0.849826 0.212481
vt 0.853135 0.212475
vt 0.851549 0.212482
vt 0.865365 0.212483
vt 0.864742 0.21248
vt 0.868398 0.212482
vt 0.877854 0.212488
vt 0.875942 0.21248
vt 0.880841 0.212483
vt 0.850315 0.212487
vt 0.852655 0.212482
vt 0.853419 0.212475
vt 0.852075 0.21248
vt 0.849675 0.212486
vt 0.850315 0.212487
vt 0.849231 0.212485
vt 0.849675 0.212486
vt 0.851543 0.212475
vt 0.895299 0.212483
vt 0.894049 0.212474
vt 0.89853 0.212484
vt 0.903714 0.212471
vt 0.904222 0.212484
vt 0.901394 0.212482
vt 0.904222 0.212484
vt 0.906544 0.212475
vt 0.907023 0.212487
vt 0.912463 0.212483
vt 0.909833 0.21248
vt 0.914155 0.212482
vt 0.9151 0.21248
vt 0.916932 0.212495
vt 0.916155 0.212491
vt 0.915577 0.21248
vt 0.915029 0.21248
vt 0.917462 0.212481
vt 0.913514 0.212475
vt 0.911977 0.212472
vt 0.914039 0.212482
vt 0.910241 0.21247
vt 0.907537 0.21248
vt 0.912039 0.212483
vt 0.853135 0.212475
vt 0.849826 0.212481
vt 0.851774 0.21248
vt 0.894903 0.212473
vt 0.890651 0.21248
vt 0.892613 0.212481
vt 0.882451 0.212463
vt 0.876263 0.21248
vt 0.877639 0.212482
vt 0.876263 0.21248
vt 0.871987 0.212475
vt 0.871607 0.212482
vt 0.863129 0.21248
vt 0.859585 0.21247
vt 0.858227 0.212488
vt 0.856836 0.21248
vt 0.85494 0.212472
vt 0.852655 0.212482
vt 0.859585 0.21247
vt 0.856836 0.21248
vt 0.856284 0.212483
vt 0.852075 0.21248
vt 0.851543 0.212475
vt 0.849675 0.212486
vt 0.851543 0.212475
vt 0.851485 0.212465
vt 0.849231 0.212485
vt 0.849826 0.212481
vt 0.851485 0.212465
vt 0.851774 0.21248
vt 0.85494 0.212472
vt 0.853419 0.212475
vt 0.852655 0.212482
vt 0.85736 0.21248
vt 0.851549 0.212482
vt 0.854415 0.21248
vt 0.864742 0.21248
vt 0.865365 0.212483
vt 0.860061 0.212482
vt 0.870141 0.21248
vt 0.868398 0.212482
vt 0.864742 0.21248
vt 0.860061 0.212482
vt 0.85736 0.21248
vt 0.861148 0.212475
vt 0.860061 0.212482
vt 0.861148 0.212475
vt 0.864742 0.21248
vt 0.875942 0.21248
vt 0.87477 0.212489
vt 0.868398 0.212482
vt 0.875942 0.21248
vt 0.877854 0.212488
vt 0.87477 0.212489
vt 0.88603 0.21248
vt 0.885075 0.212485
vt 0.881469 0.21248
vt 0.881469 0.21248
vt 0.885075 0.212485
vt 0.880841 0.212483
vt 0.881469 0.21248
vt 0.880841 0.212483
vt 0.875942 0.21248
vt 0.89106 0.212475
vt 0.889273 0.212481
vt 0.88603 0.21248
vt 0.907023 0.212487
vt 0.906544 0.212475
vt 0.909066 0.212481
vt 0.909833 0.21248
vt 0.912463 0.212483
vt 0.909066 0.212481
vt 0.91196 0.212471
vt 0.914155 0.212482
vt 0.909833 0.21248
vt 0.916155 0.212491
vt 0.914155 0.212482
vt 0.913618 0.212475
vt 0.915577 0.21248
vt 0.917462 0.212481
vt 0.91743 0.212482
vt 0.916932 0.212495
vt 0.9151 0.21248
vt 0.91743 0.212482
vt 0.903714 0.212471
vt 0.901394 0.212482
vt 0.89895 0.212474
vt 0.89853 0.212484
vt 0.894049 0.212474
vt 0.89895 0.212474
vt 0.916155 0.212491
vt 0.913618 0.212475
vt 0.9151 0.21248
vt 0.91743 0.212482
vt 0.9151 0.21248
vt 0.915577 0.21248
vt 0.854412 0.212484
vt 0.851549 0.212482
vt 0.85736 0.21248
vt 0.915426 0.214015
vt 0.917511 0.214002
vt 0.914812 0.214015
vt 0.914812 0.214015
vt 0.916528 0.214004
vt 0.912678 0.214009
vt 0.912678 0.214009
vt 0.913306 0.214003
vt 0.910349 0.214015
vt 0.910349 0.214015
vt 0.911547 0.214003
vt 0.907537 0.214009
vt 0.906611 0.213999
vt 0.904955 0.214016
vt 0.907537 0.214009
vt 0.904234 0.214003
vt 0.899751 0.214016
vt 0.904955 0.214016
vt 0.898589 0.214003
vt 0.894914 0.214015
vt 0.899751 0.214016
vt 0.892629 0.214006
vt 0.891814 0.214015
vt 0.894914 0.214015
vt 0.892629 0.214006
vt 0.887797 0.214015
vt 0.891814 0.214015
vt 0.887402 0.214004
vt 0.883616 0.214021
vt 0.887797 0.214015
vt 0.883616 0.214021
vt 0.883451 0.213998
vt 0.878911 0.214009
vt 0.878911 0.214009
vt 0.877638 0.214007
vt 0.872965 0.214015
vt 0.872965 0.214015
vt 0.870525 0.213997
vt 0.868845 0.214019
vt 0.868845 0.214019
vt 0.866772 0.214003
vt 0.865683 0.214015
vt 0.865683 0.214015
vt 0.860573 0.214005
vt 0.861963 0.214016
vt 0.851664 0.214
vt 0.852956 0.214009
vt 0.85539 0.214015
vt 0.85536 0.214004
vt 0.85539 0.214015
vt 0.858761 0.214009
vt 0.849681 0.214007
vt 0.851693 0.214015
vt 0.852956 0.214009
vt 0.861963 0.214016
vt 0.860573 0.214005
vt 0.858761 0.214009
vt 0.851483 0.214023
vt 0.849318 0.214006
vt 0.851547 0.214016
vt 0.851547 0.214016
vt 0.849982 0.214004
vt 0.852203 0.214009
vt 0.852203 0.214009
vt 0.851379 0.214003
vt 0.854057 0.214009
vt 0.854057 0.214009
vt 0.853018 0.214007
vt 0.855543 0.214016
vt 0.860888 0.213998
vt 0.865854 0.214009
vt 0.862167 0.214021
vt 0.866782 0.214003
vt 0.870561 0.214009
vt 0.865854 0.214009
vt 0.871539 0.214004
vt 0.875271 0.214015
vt 0.870561 0.214009
vt 0.876334 0.214004
vt 0.880638 0.214015
vt 0.875271 0.214015
vt 0.88225 0.214006
vt 0.884238 0.214015
vt 0.880638 0.214015
vt 0.858545 0.214009
vt 0.858662 0.214003
vt 0.862167 0.214021
vt 0.884238 0.214015
vt 0.88225 0.214006
vt 0.889202 0.214009
vt 0.889202 0.214009
vt 0.89058 0.214004
vt 0.894428 0.214015
vt 0.894428 0.214015
vt 0.899042 0.214007
vt 0.898962 0.214016
vt 0.903102 0.214015
vt 0.907429 0.213998
vt 0.905406 0.214024
vt 0.912277 0.214006
vt 0.911285 0.214015
vt 0.908434 0.214016
vt 0.914552 0.214004
vt 0.913365 0.214016
vt 0.911285 0.214015
vt 0.916111 0.214004
vt 0.914382 0.214015
vt 0.913365 0.214016
vt 0.916882 0.214004
vt 0.915414 0.214009
vt 0.914382 0.214015
vt 0.915579 0.208913
vt 0.917342 0.208915
vt 0.917658 0.208921
vt 0.915029 0.208913
vt 0.91611 0.208919
vt 0.917342 0.208915
vt 0.913499 0.208906
vt 0.914917 0.208919
vt 0.91611 0.208919
vt 0.911165 0.208906
vt 0.913312 0.208918
vt 0.914917 0.208919
vt 0.911165 0.208906
vt 0.911547 0.208919
vt 0.913312 0.208918
vt 0.894914 0.208907
vt 0.896073 0.20892
vt 0.899751 0.208906
vt 0.890651 0.208913
vt 0.896073 0.20892
vt 0.894914 0.208907
vt 0.885428 0.208902
vt 0.889151 0.208921
vt 0.890651 0.208913
vt 0.876263 0.208913
vt 0.874285 0.208916
vt 0.880477 0.208916
vt 0.872258 0.208899
vt 0.867872 0.208915
vt 0.874285 0.208916
vt 0.867163 0.208906
vt 0.86269 0.208919
vt 0.867872 0.208915
vt 0.863081 0.208902
vt 0.85921 0.208917
vt 0.86269 0.208919
vt 0.856827 0.208907
vt 0.854637 0.208916
vt 0.85973 0.208906
vt 0.851555 0.208906
vt 0.84967 0.208921
vt 0.852508 0.208913
vt 0.85144 0.208913
vt 0.849982 0.208918
vt 0.849225 0.208921
vt 0.852494 0.208907
vt 0.851379 0.208919
vt 0.849982 0.208918
vt 0.853699 0.208907
vt 0.85279 0.208919
vt 0.851379 0.208919
vt 0.855545 0.208907
vt 0.854409 0.208917
vt 0.85279 0.208919
vt 0.858669 0.208903
vt 0.856296 0.208919
vt 0.854409 0.208917
vt 0.858669 0.208903
vt 0.858662 0.208919
vt 0.856296 0.208919
vt 0.865123 0.208913
vt 0.860888 0.208924
vt 0.861426 0.208906
vt 0.870141 0.208913
vt 0.868404 0.208916
vt 0.865123 0.208913
vt 0.873367 0.208907
vt 0.87475 0.208924
vt 0.870141 0.208913
vt 0.877699 0.208907
vt 0.877831 0.208926
vt 0.873367 0.208907
vt 0.880596 0.208902
vt 0.880865 0.208925
vt 0.877699 0.208907
vt 0.884964 0.208907
vt 0.889276 0.208915
vt 0.885069 0.208922
vt 0.890651 0.208913
vt 0.89528 0.208918
vt 0.889276 0.208915
vt 0.902609 0.208907
vt 0.906341 0.208917
vt 0.902972 0.20892
vt 0.902609 0.208907
vt 0.902972 0.20892
vt 0.899294 0.208917
vt 0.894873 0.208907
vt 0.899294 0.208917
vt 0.89528 0.208918
vt 0.908152 0.208902
vt 0.906341 0.208917
vt 0.905468 0.208898
vt 0.914087 0.208913
vt 0.915926 0.208916
vt 0.911575 0.208909
vt 0.915059 0.208907
vt 0.916948 0.208921
vt 0.914087 0.208913
vt 0.915579 0.208913
vt 0.917658 0.208921
vt 0.915059 0.208907
vt 0.85144 0.208913
vt 0.849225 0.208921
vt 0.851555 0.208906
vt 0.908567 0.210442
vt 0.909532 0.210435
vt 0.906592 0.210433
vt 0.904316 0.210442
vt 0.904222 0.210438
vt 0.901486 0.210439
vt 0.904222 0.210438
vt 0.904316 0.210442
vt 0.906592 0.210433
vt 0.899475 0.210447
vt 0.901486 0.210439
vt 0.898609 0.210439
vt 0.891395 0.210447
vt 0.892615 0.21044
vt 0.886431 0.21044
vt 0.883411 0.210447
vt 0.886431 0.21044
vt 0.883351 0.210439
vt 0.880288 0.210449
vt 0.883351 0.210439
vt 0.877639 0.21044
vt 0.917118 0.210441
vt 0.913863 0.210442
vt 0.91545 0.210442
vt 0.917118 0.210441
vt 0.915801 0.210438
vt 0.913863 0.210442
vt 0.909532 0.210435
vt 0.908567 0.210442
vt 0.912049 0.210438
vt 0.908567 0.210442
vt 0.914104 0.210439
vt 0.912049 0.210438
vt 0.89513 0.210449
vt 0.892615 0.21044
vt 0.891395 0.210447
vt 0.880288 0.210449
vt 0.877639 0.21044
vt 0.871607 0.21044
vt 0.871561 0.210447
vt 0.868406 0.210437
vt 0.86552 0.21044
vt 0.871607 0.21044
vt 0.868406 0.210437
vt 0.871561 0.210447
vt 0.871607 0.21044
vt 0.871561 0.210447
vt 0.875068 0.210449
vt 0.850374 0.210438
vt 0.853024 0.210447
vt 0.852655 0.21044
vt 0.862026 0.210437
vt 0.865355 0.210438
vt 0.864378 0.210447
vt 0.872047 0.210447
vt 0.868296 0.210439
vt 0.871544 0.210439
vt 0.871544 0.210439
vt 0.877307 0.21044
vt 0.875268 0.210447
vt 0.877307 0.21044
vt 0.882244 0.210439
vt 0.878727 0.210447
vt 0.889605 0.210441
vt 0.89598 0.210437
vt 0.89446 0.210451
vt 0.907442 0.210433
vt 0.908991 0.210433
vt 0.908433 0.210442
vt 0.908991 0.210433
vt 0.91279 0.210441
vt 0.908433 0.210442
vt 0.913863 0.210442
vt 0.914104 0.210439
vt 0.91191 0.210455
vt 0.908567 0.210442
vt 0.906592 0.210433
vt 0.904316 0.210442
vt 0.853018 0.21044
vt 0.855022 0.210451
vt 0.85139 0.210438
vt 0.88719 0.210457
vt 0.886431 0.21044
vt 0.883411 0.210447
vt 0.871561 0.210447
vt 0.86552 0.21044
vt 0.868725 0.210451
vt 0.868725 0.210451
vt 0.86552 0.21044
vt 0.863942 0.210449
vt 0.863942 0.210449
vt 0.858515 0.21044
vt 0.861378 0.21045
vt 0.861378 0.21045
vt 0.858515 0.21044
vt 0.858757 0.210454
vt 0.856339 0.210449
vt 0.852655 0.21044
vt 0.854563 0.210453
vt 0.853024 0.210447
vt 0.849685 0.210441
vt 0.851961 0.210448
vt 0.851961 0.210448
vt 0.849685 0.210441
vt 0.851529 0.210452
vt 0.851529 0.210452
vt 0.849324 0.21044
vt 0.851492 0.210459
vt 0.849826 0.210441
vt 0.852297 0.21045
vt 0.851492 0.210459
vt 0.853018 0.21044
vt 0.858148 0.210449
vt 0.855022 0.210451
vt 0.858663 0.210435
vt 0.860813 0.210447
vt 0.856298 0.210439
vt 0.856298 0.210439
vt 0.860813 0.210447
vt 0.858148 0.210449
vt 0.860813 0.210447
vt 0.862026 0.210437
vt 0.864378 0.210447
vt 0.858663 0.210435
vt 0.862026 0.210437
vt 0.860813 0.210447
vt 0.875268 0.210447
vt 0.877307 0.21044
vt 0.878727 0.210447
vt 0.878727 0.210447
vt 0.882244 0.210439
vt 0.883921 0.210442
vt 0.916948 0.21044
vt 0.914392 0.210447
vt 0.915002 0.21044
vt 0.913117 0.210457
vt 0.915002 0.21044
vt 0.914392 0.210447
vt 0.91542 0.210442
vt 0.917649 0.21044
vt 0.91545 0.210442
vt 0.916948 0.21044
vt 0.917649 0.21044
vt 0.91542 0.210442
vt 0.914392 0.210447
vt 0.916948 0.21044
vt 0.91542 0.210442
vt 0.91279 0.210441
vt 0.915002 0.21044
vt 0.911602 0.210447
vt 0.904222 0.210438
vt 0.90063 0.210453
vt 0.901491 0.210439
vt 0.871544 0.210439
vt 0.875268 0.210447
vt 0.872047 0.210447
vt 0.89598 0.210437
vt 0.90063 0.210453
vt 0.898011 0.210451
vt 0.889605 0.210441
vt 0.889194 0.210442
vt 0.883921 0.210442
vt 0.91279 0.210441
vt 0.911602 0.210447
vt 0.908433 0.210442
vt 0.915002 0.21044
vt 0.913117 0.210457
vt 0.911602 0.210447
vt 0.915289 0.214192
vt 0.91512 0.215859
vt 0.915084 0.214199
vt 0.910082 0.214193
vt 0.909163 0.215869
vt 0.90868 0.214196
vt 0.90868 0.214196
vt 0.907495 0.215857
vt 0.907223 0.214193
vt 0.907223 0.214193
vt 0.907495 0.215857
vt 0.905558 0.2142
vt 0.904166 0.215858
vt 0.903365 0.214151
vt 0.905558 0.2142
vt 0.903365 0.214151
vt 0.901828 0.21587
vt 0.902101 0.214186
vt 0.900215 0.214191
vt 0.899529 0.215867
vt 0.898524 0.21415
vt 0.898524 0.21415
vt 0.898433 0.215911
vt 0.896121 0.214198
vt 0.902101 0.214186
vt 0.901828 0.21587
vt 0.900215 0.214191
vt 0.896121 0.214198
vt 0.895742 0.215856
vt 0.894181 0.214146
vt 0.893004 0.215859
vt 0.892266 0.21419
vt 0.894181 0.214146
vt 0.892266 0.21419
vt 0.891003 0.215864
vt 0.890649 0.214188
vt 0.886208 0.214195
vt 0.885897 0.215864
vt 0.884883 0.214146
vt 0.888316 0.214191
vt 0.885897 0.215864
vt 0.886208 0.214195
vt 0.890649 0.214188
vt 0.888854 0.215898
vt 0.888316 0.214191
vt 0.883071 0.214147
vt 0.882951 0.215858
vt 0.881017 0.214192
vt 0.881017 0.214192
vt 0.879239 0.215861
vt 0.879527 0.214139
vt 0.874908 0.214143
vt 0.873341 0.215865
vt 0.872201 0.214196
vt 0.876656 0.214162
vt 0.875646 0.215866
vt 0.874908 0.214143
vt 0.879527 0.214139
vt 0.877598 0.215905
vt 0.876656 0.214162
vt 0.872201 0.214196
vt 0.869763 0.215859
vt 0.870108 0.214189
vt 0.870108 0.214189
vt 0.869763 0.215859
vt 0.867839 0.214188
vt 0.863206 0.214194
vt 0.862262 0.215867
vt 0.861516 0.214204
vt 0.865086 0.214186
vt 0.864246 0.215868
vt 0.863206 0.214194
vt 0.867839 0.214188
vt 0.866062 0.215906
vt 0.865086 0.214186
vt 0.859967 0.214199
vt 0.859838 0.215863
vt 0.858366 0.214195
vt 0.858366 0.214195
vt 0.858089 0.215866
vt 0.8565 0.214186
vt 0.8565 0.214186
vt 0.856253 0.215868
vt 0.855391 0.214149
vt 0.854836 0.215857
vt 0.854472 0.214191
vt 0.855391 0.214149
vt 0.851645 0.214144
vt 0.851616 0.215856
vt 0.851616 0.214198
vt 0.854472 0.214191
vt 0.853859 0.215865
vt 0.853486 0.214197
vt 0.884883 0.214146
vt 0.882951 0.215858
vt 0.883071 0.214147
vt 0.851616 0.214198
vt 0.8517 0.215863
vt 0.851775 0.214144
vt 0.851775 0.214144
vt 0.8517 0.215863
vt 0.851991 0.214192
vt 0.851991 0.214192
vt 0.852307 0.215864
vt 0.852478 0.214191
vt 0.852478 0.214191
vt 0.853003 0.215863
vt 0.853153 0.214196
vt 0.855308 0.214152
vt 0.856245 0.215866
vt 0.85639 0.214191
vt 0.858089 0.21419
vt 0.859102 0.215863
vt 0.859838 0.214193
vt 0.853153 0.214196
vt 0.853708 0.215909
vt 0.854163 0.214204
vt 0.861243 0.214149
vt 0.862102 0.215863
vt 0.862262 0.21419
vt 0.866062 0.214151
vt 0.866894 0.215868
vt 0.867568 0.214193
vt 0.868456 0.214141
vt 0.869714 0.215858
vt 0.871017 0.214202
vt 0.871017 0.214202
vt 0.872112 0.215908
vt 0.872916 0.214147
vt 0.874798 0.214189
vt 0.875596 0.215865
vt 0.877124 0.214191
vt 0.877124 0.214191
vt 0.878548 0.215864
vt 0.879794 0.214197
vt 0.879794 0.214197
vt 0.880718 0.215858
vt 0.882068 0.214194
vt 0.859838 0.214193
vt 0.861212 0.215917
vt 0.861243 0.214149
vt 0.883042 0.214138
vt 0.885415 0.215857
vt 0.885897 0.214192
vt 0.885897 0.214192
vt 0.888316 0.215865
vt 0.888843 0.214188
vt 0.888843 0.214188
vt 0.891268 0.215866
vt 0.891003 0.214192
vt 0.892007 0.214143
vt 0.893574 0.215866
vt 0.893934 0.214196
vt 0.891003 0.214192
vt 0.891268 0.215866
vt 0.892007 0.214143
vt 0.894849 0.214139
vt 0.896475 0.215861
vt 0.896806 0.214189
vt 0.898855 0.214197
vt 0.899668 0.215869
vt 0.900824 0.214153
vt 0.896806 0.214189
vt 0.898337 0.215905
vt 0.898855 0.214197
vt 0.900824 0.214153
vt 0.901027 0.215903
vt 0.902714 0.21419
vt 0.902714 0.21419
vt 0.903308 0.215909
vt 0.904813 0.214193
vt 0.893934 0.214196
vt 0.894833 0.215909
vt 0.894849 0.214139
vt 0.905702 0.214139
vt 0.906695 0.215857
vt 0.907219 0.21419
vt 0.910134 0.214151
vt 0.910661 0.215868
vt 0.911483 0.214196
vt 0.912772 0.214202
vt 0.913216 0.215908
vt 0.913615 0.214192
vt 0.914098 0.214189
vt 0.91432 0.215864
vt 0.914669 0.214191
vt 0.914669 0.214191
vt 0.914924 0.215864
vt 0.915089 0.214197
vt 0.915089 0.214197
vt 0.915223 0.215854
vt 0.915259 0.214147
vt 0.882068 0.214194
vt 0.88272 0.215853
vt 0.883042 0.214138
vt 0.9152 0.217715
vt 0.915115 0.219423
vt 0.914891 0.217749
vt 0.914891 0.217749
vt 0.914443 0.219434
vt 0.914258 0.217764
vt 0.914258 0.217764
vt 0.914145 0.21948
vt 0.91365 0.217761
vt 0.91365 0.217761
vt 0.913442 0.219477
vt 0.913222 0.217714
vt 0.913222 0.217714
vt 0.91268 0.219425
vt 0.912518 0.217765
vt 0.912518 0.217765
vt 0.91268 0.219425
vt 0.911571 0.217712
vt 0.911571 0.217712
vt 0.911516 0.219474
vt 0.910661 0.217755
vt 0.910661 0.217755
vt 0.910016 0.21947
vt 0.909145 0.217756
vt 0.907649 0.217766
vt 0.906963 0.219427
vt 0.90631 0.217715
vt 0.90631 0.217715
vt 0.905642 0.219475
vt 0.90495 0.217766
vt 0.90495 0.217766
vt 0.904645 0.21943
vt 0.903308 0.217714
vt 0.903308 0.217714
vt 0.902888 0.219428
vt 0.90241 0.217759
vt 0.900898 0.217758
vt 0.89968 0.219437
vt 0.899346 0.21776
vt 0.898458 0.217708
vt 0.896806 0.219434
vt 0.896475 0.217762
vt 0.899346 0.21776
vt 0.89849 0.219473
vt 0.898458 0.217708
vt 0.894833 0.217714
vt 0.893934 0.219427
vt 0.893574 0.217758
vt 0.893574 0.217758
vt 0.892006 0.21948
vt 0.891268 0.217757
vt 0.889316 0.217718
vt 0.88738 0.219432
vt 0.887675 0.217762
vt 0.886798 0.217706
vt 0.885066 0.219432
vt 0.883963 0.217766
vt 0.887675 0.217762
vt 0.88738 0.219432
vt 0.886798 0.217706
vt 0.891268 0.217757
vt 0.890324 0.219435
vt 0.889316 0.217718
vt 0.896475 0.217762
vt 0.894848 0.219484
vt 0.894833 0.217714
vt 0.883963 0.217766
vt 0.882951 0.219425
vt 0.881017 0.217759
vt 0.881017 0.217759
vt 0.878397 0.219442
vt 0.878902 0.217756
vt 0.876832 0.21776
vt 0.875407 0.219428
vt 0.874126 0.217759
vt 0.878902 0.217756
vt 0.878397 0.219442
vt 0.876832 0.21776
vt 0.867574 0.217763
vt 0.867464 0.219434
vt 0.86609 0.21772
vt 0.86609 0.21772
vt 0.865394 0.219462
vt 0.8642 0.217757
vt 0.858234 0.219427
vt 0.857751 0.217754
vt 0.859419 0.217766
vt 0.856222 0.217755
vt 0.85538 0.219473
vt 0.854702 0.217765
vt 0.857751 0.217754
vt 0.856876 0.219472
vt 0.856222 0.217755
vt 0.853708 0.217714
vt 0.853391 0.219427
vt 0.853267 0.217758
vt 0.853267 0.217758
vt 0.852772 0.21948
vt 0.852581 0.217757
vt 0.851775 0.217706
vt 0.851703 0.219431
vt 0.851623 0.217771
vt 0.851982 0.217758
vt 0.851703 0.219431
vt 0.851775 0.217706
vt 0.852581 0.217757
vt 0.852068 0.219436
vt 0.851982 0.217758
vt 0.854702 0.217765
vt 0.853705 0.219484
vt 0.853708 0.217714
vt 0.851623 0.217771
vt 0.851614 0.219425
vt 0.85164 0.217716
vt 0.868456 0.217708
vt 0.869714 0.219425
vt 0.871017 0.217769
vt 0.871017 0.217769
vt 0.872123 0.219476
vt 0.872916 0.217714
vt 0.877124 0.217758
vt 0.878548 0.219431
vt 0.879794 0.217764
vt 0.879794 0.217764
vt 0.881455 0.219424
vt 0.88278 0.217757
vt 0.859838 0.21776
vt 0.861212 0.219484
vt 0.861717 0.217765
vt 0.88278 0.217757
vt 0.884181 0.21942
vt 0.884926 0.217713
vt 0.884926 0.217713
vt 0.886798 0.219484
vt 0.88737 0.217758
vt 0.889441 0.21772
vt 0.890649 0.219436
vt 0.891783 0.217761
vt 0.891783 0.217761
vt 0.893574 0.219433
vt 0.894713 0.217763
vt 0.88737 0.217758
vt 0.888316 0.219432
vt 0.889441 0.21772
vt 0.894713 0.217763
vt 0.896475 0.219428
vt 0.896806 0.217756
vt 0.89849 0.217718
vt 0.899969 0.219436
vt 0.90047 0.217753
vt 0.896806 0.217756
vt 0.898458 0.219482
vt 0.89849 0.217718
vt 0.90047 0.217753
vt 0.902101 0.219437
vt 0.90242 0.217759
vt 0.903287 0.21771
vt 0.905198 0.219425
vt 0.905588 0.217765
vt 0.90242 0.217759
vt 0.903246 0.219473
vt 0.903287 0.21771
vt 0.905588 0.217765
vt 0.906806 0.219475
vt 0.907219 0.217757
vt 0.907219 0.217757
vt 0.908389 0.219481
vt 0.908861 0.217755
vt 0.910134 0.217718
vt 0.910854 0.219437
vt 0.911049 0.21776
vt 0.911562 0.217708
vt 0.912364 0.219434
vt 0.912772 0.217769
vt 0.911049 0.21776
vt 0.911534 0.219473
vt 0.911562 0.217708
vt 0.908861 0.217755
vt 0.910038 0.219472
vt 0.910134 0.217718
vt 0.913615 0.217759
vt 0.913762 0.219427
vt 0.914333 0.217758
vt 0.915224 0.217769
vt 0.915289 0.219431
vt 0.915298 0.217766
vt 0.914932 0.217758
vt 0.915063 0.219432
vt 0.915224 0.217769
vt 0.914333 0.217758
vt 0.914556 0.219435
vt 0.914932 0.217758
vt 0.915289 0.20758
vt 0.915244 0.208724
vt 0.915197 0.207584
vt 0.915197 0.207584
vt 0.914932 0.208731
vt 0.914832 0.207575
vt 0.914832 0.207575
vt 0.914333 0.208731
vt 0.914169 0.207581
vt 0.914169 0.207581
vt 0.913428 0.208725
vt 0.913241 0.207579
vt 0.912524 0.208724
vt 0.912332 0.207529
vt 0.913241 0.207579
vt 0.912332 0.207529
vt 0.911461 0.208724
vt 0.911118 0.207637
vt 0.908102 0.207522
vt 0.908399 0.208779
vt 0.906695 0.207584
vt 0.911118 0.207637
vt 0.910134 0.208771
vt 0.909365 0.207595
vt 0.906695 0.207584
vt 0.905398 0.208718
vt 0.904745 0.207589
vt 0.903324 0.207527
vt 0.90242 0.20873
vt 0.901155 0.207642
vt 0.904745 0.207589
vt 0.903287 0.208779
vt 0.903324 0.207527
vt 0.901155 0.207642
vt 0.90047 0.208736
vt 0.89837 0.207641
vt 0.89837 0.207641
vt 0.896806 0.208733
vt 0.896092 0.207515
vt 0.894935 0.207582
vt 0.893934 0.208726
vt 0.893469 0.207525
vt 0.893469 0.207525
vt 0.891783 0.208728
vt 0.891042 0.207644
vt 0.888085 0.207644
vt 0.885897 0.20873
vt 0.885345 0.207581
vt 0.891042 0.207644
vt 0.888843 0.208734
vt 0.888085 0.207644
vt 0.896092 0.207515
vt 0.894848 0.208783
vt 0.894935 0.207582
vt 0.877237 0.207643
vt 0.875646 0.208732
vt 0.875283 0.207525
vt 0.870759 0.207515
vt 0.869763 0.208724
vt 0.868311 0.207583
vt 0.868311 0.207583
vt 0.866945 0.208735
vt 0.865651 0.20764
vt 0.865651 0.20764
vt 0.864246 0.208734
vt 0.863494 0.207579
vt 0.858234 0.208725
vt 0.857761 0.207598
vt 0.859463 0.207576
vt 0.857761 0.207598
vt 0.856832 0.208729
vt 0.856676 0.207523
vt 0.852218 0.207538
vt 0.851991 0.20873
vt 0.851774 0.207642
vt 0.852221 0.207578
vt 0.852347 0.208734
vt 0.852745 0.207582
vt 0.852745 0.207582
vt 0.853136 0.208726
vt 0.853424 0.20758
vt 0.854585 0.207578
vt 0.854918 0.208731
vt 0.855585 0.207524
vt 0.856539 0.207584
vt 0.856898 0.208769
vt 0.857797 0.207594
vt 0.857797 0.207594
vt 0.858221 0.208726
vt 0.859498 0.207581
vt 0.861158 0.207534
vt 0.862122 0.208731
vt 0.862277 0.207524
vt 0.863899 0.207516
vt 0.864026 0.208725
vt 0.865591 0.207586
vt 0.867385 0.208733
vt 0.868643 0.20753
vt 0.866904 0.207504
vt 0.868643 0.20753
vt 0.868481 0.208776
vt 0.870141 0.207577
vt 0.870141 0.207577
vt 0.87045 0.208724
vt 0.87118 0.207511
vt 0.872429 0.208719
vt 0.873169 0.207595
vt 0.87118 0.207511
vt 0.875307 0.207531
vt 0.876274 0.208731
vt 0.877463 0.207578
vt 0.873169 0.207595
vt 0.874621 0.20873
vt 0.875307 0.207531
vt 0.877463 0.207578
vt 0.878548 0.20873
vt 0.879588 0.207529
vt 0.859498 0.207581
vt 0.860633 0.208773
vt 0.861158 0.207534
vt 0.884465 0.207582
vt 0.885415 0.208723
vt 0.887357 0.207579
vt 0.889556 0.207578
vt 0.891268 0.208732
vt 0.891841 0.207582
vt 0.891841 0.207582
vt 0.893574 0.208731
vt 0.894502 0.207573
vt 0.887357 0.207579
vt 0.888316 0.208731
vt 0.889556 0.207578
vt 0.89808 0.207597
vt 0.899346 0.208729
vt 0.899731 0.207528
vt 0.90141 0.207508
vt 0.902669 0.208733
vt 0.902466 0.207585
vt 0.904034 0.20751
vt 0.904652 0.208732
vt 0.904982 0.207581
vt 0.902466 0.207585
vt 0.902669 0.208733
vt 0.904034 0.20751
vt 0.899731 0.207528
vt 0.900852 0.208771
vt 0.90141 0.207508
vt 0.906471 0.207517
vt 0.907077 0.208729
vt 0.907972 0.207641
vt 0.907972 0.207641
vt 0.908825 0.208732
vt 0.90993 0.207541
vt 0.91398 0.207643
vt 0.91432 0.20873
vt 0.914697 0.207538
vt 0.914697 0.207538
vt 0.914924 0.20873
vt 0.91514 0.207642
vt 0.904982 0.207581
vt 0.905671 0.208773
vt 0.906471 0.207517
vt 0.881779 0.207597
vt 0.88272 0.208719
vt 0.884465 0.207582
vt 0.915289 0.210625
vt 0.915244 0.212292
vt 0.915063 0.210624
vt 0.914604 0.210626
vt 0.914331 0.2123
vt 0.914119 0.210582
vt 0.914119 0.210582
vt 0.913642 0.212297
vt 0.913524 0.210629
vt 0.915063 0.210624
vt 0.914932 0.212298
vt 0.914604 0.210626
vt 0.913209 0.210572
vt 0.912514 0.212294
vt 0.912364 0.210622
vt 0.911534 0.210583
vt 0.910692 0.212302
vt 0.910383 0.210618
vt 0.912364 0.210622
vt 0.911562 0.212348
vt 0.911534 0.210583
vt 0.910383 0.210618
vt 0.908861 0.212301
vt 0.908513 0.210627
vt 0.908513 0.210627
vt 0.907219 0.212299
vt 0.906954 0.210629
vt 0.913524 0.210629
vt 0.913206 0.212342
vt 0.913209 0.210572
vt 0.905671 0.210582
vt 0.904944 0.212293
vt 0.904652 0.210623
vt 0.904652 0.210623
vt 0.903287 0.212346
vt 0.902669 0.210621
vt 0.898337 0.212338
vt 0.898433 0.210578
vt 0.900006 0.210623
vt 0.902669 0.210621
vt 0.90047 0.212303
vt 0.900006 0.210623
vt 0.894476 0.210634
vt 0.893562 0.212295
vt 0.89249 0.210629
vt 0.89249 0.210629
vt 0.891949 0.21234
vt 0.890292 0.210623
vt 0.888605 0.212296
vt 0.887145 0.21062
vt 0.890292 0.210623
vt 0.884216 0.212298
vt 0.883972 0.210631
vt 0.887145 0.21062
vt 0.906954 0.210629
vt 0.906281 0.21234
vt 0.905671 0.210582
vt 0.881232 0.210632
vt 0.881061 0.212296
vt 0.879541 0.21058
vt 0.878324 0.212297
vt 0.877097 0.210589
vt 0.879541 0.21058
vt 0.877097 0.210589
vt 0.875646 0.212299
vt 0.874965 0.210582
vt 0.873352 0.210627
vt 0.872682 0.212292
vt 0.872122 0.21058
vt 0.87045 0.210631
vt 0.869763 0.212291
vt 0.868481 0.210578
vt 0.864818 0.210622
vt 0.864246 0.212301
vt 0.863698 0.210583
vt 0.859445 0.212293
vt 0.858558 0.210579
vt 0.860125 0.21058
vt 0.857886 0.210627
vt 0.857769 0.2123
vt 0.856511 0.210621
vt 0.855387 0.210584
vt 0.854918 0.212298
vt 0.854235 0.210632
vt 0.853472 0.210579
vt 0.853329 0.212295
vt 0.852709 0.210629
vt 0.85231 0.212296
vt 0.852157 0.210586
vt 0.852709 0.210629
vt 0.852157 0.210586
vt 0.851819 0.212302
vt 0.851794 0.210631
vt 0.851649 0.210627
vt 0.851777 0.21235
vt 0.851851 0.210623
vt 0.851851 0.210623
vt 0.851982 0.212298
vt 0.852179 0.210585
vt 0.852179 0.210585
vt 0.852581 0.212299
vt 0.852717 0.210627
vt 0.852717 0.210627
vt 0.853266 0.212298
vt 0.853391 0.210629
vt 0.853391 0.210629
vt 0.853708 0.212342
vt 0.853705 0.210572
vt 0.853705 0.210572
vt 0.854441 0.212343
vt 0.85455 0.210622
vt 0.85455 0.210622
vt 0.855352 0.212348
vt 0.85538 0.210583
vt 0.85538 0.210583
vt 0.856222 0.212302
vt 0.85606 0.210619
vt 0.85606 0.210619
vt 0.856222 0.212302
vt 0.856876 0.210584
vt 0.856876 0.210584
vt 0.858053 0.212301
vt 0.85788 0.210625
vt 0.85788 0.210625
vt 0.858053 0.212301
vt 0.858525 0.210576
vt 0.858525 0.210576
vt 0.860181 0.212291
vt 0.85996 0.210629
vt 0.85996 0.210629
vt 0.860181 0.212291
vt 0.861243 0.210582
vt 0.861243 0.210582
vt 0.862102 0.212296
vt 0.862262 0.210623
vt 0.863669 0.210583
vt 0.8642 0.212299
vt 0.864813 0.210619
vt 0.874926 0.210582
vt 0.875596 0.212298
vt 0.877124 0.210624
vt 0.877124 0.210624
vt 0.878548 0.212297
vt 0.879794 0.210629
vt 0.882068 0.210627
vt 0.88272 0.212286
vt 0.883843 0.21058
vt 0.879794 0.210629
vt 0.880718 0.212291
vt 0.882068 0.210627
vt 0.871017 0.210635
vt 0.872112 0.212341
vt 0.872916 0.21058
vt 0.883843 0.21058
vt 0.885415 0.21229
vt 0.885897 0.210625
vt 0.885897 0.210625
vt 0.888316 0.212298
vt 0.888843 0.210621
vt 0.888843 0.210621
vt 0.891268 0.212299
vt 0.891003 0.210625
vt 0.891003 0.210625
vt 0.891268 0.212299
vt 0.892006 0.210576
vt 0.892006 0.210576
vt 0.893574 0.212298
vt 0.893934 0.210629
vt 0.893934 0.210629
vt 0.894833 0.212342
vt 0.894849 0.210572
vt 0.894849 0.210572
vt 0.896475 0.212294
vt 0.896806 0.210622
vt 0.896806 0.210622
vt 0.898458 0.212348
vt 0.89849 0.210583
vt 0.89849 0.210583
vt 0.899346 0.212296
vt 0.90047 0.210619
vt 0.90047 0.210619
vt 0.902669 0.212301
vt 0.90312 0.210627
vt 0.90312 0.210627
vt 0.905198 0.212291
vt 0.905588 0.210631
vt 0.905588 0.210631
vt 0.907077 0.212296
vt 0.907663 0.210631
vt 0.909028 0.210627
vt 0.909778 0.212301
vt 0.910414 0.210619
vt 0.907663 0.210631
vt 0.90828 0.212298
vt 0.909028 0.210627
vt 0.910414 0.210619
vt 0.911338 0.212293
vt 0.911523 0.210582
vt 0.912442 0.210624
vt 0.913056 0.212299
vt 0.913431 0.210631
vt 0.914098 0.210622
vt 0.91432 0.212297
vt 0.914669 0.210624
vt 0.914669 0.210624
vt 0.914924 0.212297
vt 0.915089 0.21063
vt 0.915267 0.210622
vt 0.915291 0.21229
vt 0.915289 0.210625
vt 0.915089 0.21063
vt 0.915177 0.212291
vt 0.915267 0.210622
vt 0.910332 0.207385
vt 0.913214 0.207402
vt 0.911854 0.207394
vt 0.910332 0.207385
vt 0.908932 0.207401
vt 0.906783 0.207402
vt 0.914449 0.207405
vt 0.910332 0.207385
vt 0.915133 0.207397
vt 0.910332 0.207385
vt 0.914449 0.207405
vt 0.913214 0.207402
vt 0.894439 0.207393
vt 0.890128 0.207393
vt 0.910332 0.207385
vt 0.884507 0.207404
vt 0.910332 0.207385
vt 0.890128 0.207393
vt 0.910332 0.207385
vt 0.90382 0.207391
vt 0.900844 0.207394
vt 0.910332 0.207385
vt 0.897456 0.207394
vt 0.894439 0.207393
vt 0.910332 0.207385
vt 0.900844 0.207394
vt 0.897456 0.207394
vt 0.906783 0.207402
vt 0.90382 0.207391
vt 0.910332 0.207385
vt 0.913419 0.207394
vt 0.914566 0.207394
vt 0.910332 0.207385
vt 0.913419 0.207394
vt 0.910332 0.207385
vt 0.911854 0.207394
vt 0.914566 0.207394
vt 0.915106 0.207397
vt 0.910332 0.207385
vt 0.909929 0.207394
vt 0.911854 0.207394
vt 0.910332 0.207385
vt 0.90382 0.207391
vt 0.907065 0.207391
vt 0.910332 0.207385
vt 0.907065 0.207391
vt 0.909929 0.207394
vt 0.910332 0.207385
vt 0.910332 0.207385
vt 0.900844 0.207394
vt 0.90382 0.207391
vt 0.900844 0.207394
vt 0.910332 0.207385
vt 0.895895 0.207389
vt 0.910332 0.207385
vt 0.893197 0.207398
vt 0.895895 0.207389
vt 0.888661 0.207405
vt 0.910332 0.207385
vt 0.884338 0.207391
vt 0.888661 0.207405
vt 0.893197 0.207398
vt 0.910332 0.207385
vt 0.910332 0.207385
vt 0.915106 0.207397
vt 0.915133 0.207397
vt 0.884507 0.207404
vt 0.882576 0.207391
vt 0.910332 0.207385
vt 0.882576 0.207391
vt 0.877522 0.207394
vt 0.910332 0.207385
vt 0.910332 0.207385
vt 0.874091 0.207404
vt 0.871019 0.207389
vt 0.910332 0.207385
vt 0.877522 0.207394
vt 0.874091 0.207404
vt 0.910332 0.207385
vt 0.871019 0.207389
vt 0.867971 0.207404
vt 0.867971 0.207404
vt 0.864274 0.207401
vt 0.910332 0.207385
vt 0.864274 0.207401
vt 0.861996 0.207402
vt 0.910332 0.207385
vt 0.910332 0.207385
vt 0.861996 0.207402
vt 0.858463 0.2074
vt 0.85506 0.207394
vt 0.910332 0.207385
vt 0.856985 0.207394
vt 0.856985 0.207394
vt 0.910332 0.207385
vt 0.858463 0.2074
vt 0.85376 0.207393
vt 0.852483 0.207393
vt 0.910332 0.207385
vt 0.852483 0.207393
vt 0.851888 0.207394
vt 0.910332 0.207385
vt 0.85506 0.207394
vt 0.85376 0.207393
vt 0.910332 0.207385
vt 0.85181 0.207391
vt 0.910332 0.207385
vt 0.851888 0.207394
vt 0.910332 0.207385
vt 0.866071 0.207394
vt 0.869458 0.207394
vt 0.863094 0.207391
vt 0.866071 0.207394
vt 0.910332 0.207385
vt 0.863094 0.207391
vt 0.910332 0.207385
vt 0.860131 0.207402
vt 0.878253 0.207405
vt 0.882407 0.207404
vt 0.910332 0.207385
vt 0.875966 0.207401
vt 0.910332 0.207385
vt 0.872962 0.2074
vt 0.910332 0.207385
vt 0.875966 0.207401
vt 0.878253 0.207405
vt 0.869458 0.207394
vt 0.872962 0.2074
vt 0.910332 0.207385
vt 0.884338 0.207391
vt 0.910332 0.207385
vt 0.882407 0.207404
vt 0.854346 0.207389
vt 0.910332 0.207385
vt 0.853299 0.207398
vt 0.85181 0.207391
vt 0.852185 0.207405
vt 0.910332 0.207385
vt 0.852185 0.207405
vt 0.853299 0.207398
vt 0.910332 0.207385
vt 0.858738 0.2074
vt 0.860131 0.207402
vt 0.910332 0.207385
vt 0.910332 0.207385
vt 0.854346 0.207389
vt 0.857229 0.207402
vt 0.858738 0.2074
vt 0.910332 0.207385
vt 0.857229 0.207402
vt 0.917694 0.216078
vt 0.917573 0.216156
vt 0.917775 0.216256
vt 0.91734 0.216049
vt 0.917128 0.216097
vt 0.917573 0.216156
vt 0.915801 0.216051
vt 0.916656 0.216156
vt 0.917128 0.216097
vt 0.914103 0.216051
vt 0.91355 0.216154
vt 0.914633 0.216209
vt 0.912287 0.216049
vt 0.912152 0.216151
vt 0.91355 0.216154
vt 0.907024 0.216052
vt 0.906746 0.21619
vt 0.907938 0.216199
vt 0.898618 0.216059
vt 0.901382 0.216169
vt 0.901486 0.216051
vt 0.892616 0.216049
vt 0.889076 0.216082
vt 0.892197 0.216121
vt 0.885404 0.216179
vt 0.887674 0.216241
vt 0.889076 0.216082
vt 0.881842 0.216054
vt 0.879487 0.216156
vt 0.882906 0.216176
vt 0.882906 0.216176
vt 0.879487 0.216156
vt 0.881428 0.216247
vt 0.87764 0.216049
vt 0.877039 0.216152
vt 0.879487 0.216156
vt 0.86761 0.216051
vt 0.866902 0.216155
vt 0.868968 0.216209
vt 0.860476 0.216051
vt 0.862444 0.216154
vt 0.864588 0.216049
vt 0.860476 0.216051
vt 0.8577 0.216054
vt 0.859337 0.216199
vt 0.852708 0.216089
vt 0.854141 0.216169
vt 0.854358 0.216049
vt 0.851746 0.216056
vt 0.851958 0.216247
vt 0.852708 0.216089
vt 0.851746 0.216056
vt 0.851051 0.216189
vt 0.851958 0.216247
vt 0.850552 0.216054
vt 0.850278 0.216121
vt 0.851051 0.216189
vt 0.850552 0.216054
vt 0.849701 0.216053
vt 0.850278 0.216121
vt 0.849144 0.216179
vt 0.849333 0.216241
vt 0.849701 0.216053
vt 0.849227 0.216054
vt 0.849144 0.216179
vt 0.849364 0.21605
vt 0.849264 0.216076
vt 0.849341 0.216156
vt 0.849138 0.216247
vt 0.849826 0.216048
vt 0.849728 0.216152
vt 0.849341 0.216156
vt 0.851549 0.216049
vt 0.852365 0.216095
vt 0.851231 0.216161
vt 0.854414 0.21605
vt 0.854762 0.216151
vt 0.853364 0.216155
vt 0.859258 0.216053
vt 0.860169 0.21619
vt 0.858976 0.216199
vt 0.87157 0.216086
vt 0.868624 0.216172
vt 0.868305 0.21605
vt 0.874324 0.216049
vt 0.877835 0.216054
vt 0.874717 0.216121
vt 0.880924 0.216084
vt 0.87924 0.216241
vt 0.877835 0.216054
vt 0.884009 0.216176
vt 0.88185 0.216251
vt 0.880924 0.216084
vt 0.884845 0.21605
vt 0.887427 0.216156
vt 0.884009 0.216176
vt 0.884009 0.216176
vt 0.887427 0.216156
vt 0.885486 0.216247
vt 0.889273 0.216049
vt 0.889875 0.216152
vt 0.887427 0.216156
vt 0.895504 0.216049
vt 0.897948 0.216095
vt 0.895351 0.216161
vt 0.901395 0.216049
vt 0.902307 0.216151
vt 0.900013 0.216155
vt 0.91107 0.216051
vt 0.911825 0.21617
vt 0.909667 0.216172
vt 0.913036 0.216055
vt 0.911825 0.21617
vt 0.91107 0.216051
vt 0.914454 0.216172
vt 0.913427 0.216242
vt 0.913036 0.216055
vt 0.915141 0.216078
vt 0.914454 0.216172
vt 0.913036 0.216055
vt 0.916188 0.216121
vt 0.916625 0.216244
vt 0.915598 0.216245
vt 0.91593 0.216049
vt 0.916939 0.216052
vt 0.916188 0.216121
vt 0.916939 0.216052
vt 0.917342 0.216237
vt 0.916625 0.216244
vt 0.91748 0.216084
vt 0.917342 0.216237
vt 0.916939 0.216052
vt 0.91765 0.216052
vt 0.917737 0.216247
vt 0.91748 0.216084
vt 0.91765 0.216052
vt 0.917825 0.216192
vt 0.917737 0.216247
vt 0.917694 0.216078
vt 0.91765 0.216052
vt 0.91734 0.216049
vt 0.917128 0.216097
vt 0.91734 0.216049
vt 0.915801 0.216051
vt 0.889076 0.216082
vt 0.892616 0.216049
vt 0.886429 0.216049
vt 0.892616 0.216049
vt 0.895345 0.216086
vt 0.898618 0.216059
vt 0.874809 0.216065
vt 0.87764 0.216049
vt 0.871615 0.21605
vt 0.856231 0.216089
vt 0.8577 0.216054
vt 0.854358 0.216049
vt 0.852708 0.216089
vt 0.854358 0.216049
vt 0.851746 0.216056
vt 0.917573 0.216156
vt 0.917484 0.216308
vt 0.917775 0.216256
vt 0.917128 0.216097
vt 0.916862 0.216309
vt 0.917484 0.216308
vt 0.915914 0.216308
vt 0.916862 0.216309
vt 0.916656 0.216156
vt 0.915683 0.216161
vt 0.914633 0.216209
vt 0.915914 0.216308
vt 0.91355 0.216154
vt 0.912999 0.216308
vt 0.914633 0.216209
vt 0.911045 0.216308
vt 0.912999 0.216308
vt 0.912152 0.216151
vt 0.910626 0.216154
vt 0.909119 0.216191
vt 0.911045 0.216308
vt 0.879487 0.216156
vt 0.878473 0.216308
vt 0.881428 0.216247
vt 0.877039 0.216152
vt 0.875281 0.216309
vt 0.878473 0.216308
vt 0.872087 0.216308
vt 0.875281 0.216309
vt 0.874651 0.216156
vt 0.871563 0.216161
vt 0.868968 0.216209
vt 0.872087 0.216308
vt 0.866902 0.216155
vt 0.865847 0.216308
vt 0.868968 0.216209
vt 0.86292 0.216308
vt 0.865847 0.216308
vt 0.864608 0.216151
vt 0.862444 0.216154
vt 0.8606 0.216191
vt 0.86292 0.216308
vt 0.849264 0.216076
vt 0.849227 0.216054
vt 0.849826 0.216048
vt 0.852365 0.216095
vt 0.851549 0.216049
vt 0.854414 0.21605
vt 0.850343 0.216065
vt 0.849826 0.216048
vt 0.851549 0.216049
vt 0.87157 0.216086
vt 0.868305 0.21605
vt 0.874324 0.216049
vt 0.884845 0.21605
vt 0.880924 0.216084
vt 0.877835 0.216054
vt 0.892105 0.216065
vt 0.889273 0.216049
vt 0.895504 0.216049
vt 0.897948 0.216095
vt 0.895504 0.216049
vt 0.901395 0.216049
vt 0.915141 0.216078
vt 0.913036 0.216055
vt 0.91593 0.216049
vt 0.91748 0.216084
vt 0.916939 0.216052
vt 0.91765 0.216052
vt 0.849341 0.216156
vt 0.84943 0.216308
vt 0.849138 0.216247
vt 0.849728 0.216152
vt 0.850053 0.216309
vt 0.84943 0.216308
vt 0.851 0.216308
vt 0.850053 0.216309
vt 0.850258 0.216156
vt 0.851 0.216308
vt 0.851231 0.216161
vt 0.852286 0.216306
vt 0.853364 0.216155
vt 0.853915 0.216308
vt 0.852286 0.216306
vt 0.854762 0.216151
vt 0.85587 0.216308
vt 0.853915 0.216308
vt 0.857795 0.216191
vt 0.85587 0.216308
vt 0.856288 0.216155
vt 0.887427 0.216156
vt 0.888441 0.216308
vt 0.885486 0.216247
vt 0.889875 0.216152
vt 0.891633 0.216309
vt 0.888441 0.216308
vt 0.894827 0.216308
vt 0.891633 0.216309
vt 0.892263 0.216156
vt 0.895351 0.216161
vt 0.897988 0.216306
vt 0.894827 0.216308
vt 0.900013 0.216155
vt 0.901067 0.216308
vt 0.897988 0.216306
vt 0.903994 0.216308
vt 0.901067 0.216308
vt 0.902307 0.216151
vt 0.90447 0.216155
vt 0.906314 0.216191
vt 0.903994 0.216308
vt 0.917511 0.217569
vt 0.917341 0.217471
vt 0.916528 0.217571
vt 0.916018 0.217433
vt 0.915161 0.217564
vt 0.916528 0.217571
vt 0.907865 0.217425
vt 0.906433 0.217368
vt 0.906611 0.217566
vt 0.906611 0.217566
vt 0.90447 0.217469
vt 0.903712 0.217571
vt 0.88906 0.217471
vt 0.885992 0.21754
vt 0.890575 0.217571
vt 0.885119 0.217382
vt 0.883417 0.217418
vt 0.885992 0.21754
vt 0.883417 0.217418
vt 0.881116 0.21739
vt 0.880922 0.21754
vt 0.880922 0.21754
vt 0.877854 0.217471
vt 0.877638 0.217574
vt 0.872466 0.217433
vt 0.870525 0.217564
vt 0.874076 0.21757
vt 0.859264 0.217424
vt 0.857881 0.217367
vt 0.857716 0.217565
vt 0.857716 0.217565
vt 0.856288 0.217469
vt 0.85536 0.217571
vt 0.849573 0.217471
vt 0.849277 0.21754
vt 0.849681 0.217574
vt 0.849076 0.217366
vt 0.849188 0.217538
vt 0.849277 0.21754
vt 0.849188 0.217538
vt 0.849235 0.217502
vt 0.849318 0.217573
vt 0.85279 0.21757
vt 0.853364 0.217469
vt 0.854409 0.217572
vt 0.857877 0.217432
vt 0.859225 0.217538
vt 0.85683 0.21757
vt 0.860663 0.217566
vt 0.861951 0.217431
vt 0.86269 0.21757
vt 0.86269 0.21757
vt 0.863888 0.217473
vt 0.86541 0.217559
vt 0.866902 0.217469
vt 0.867872 0.217574
vt 0.86541 0.217559
vt 0.883498 0.217418
vt 0.885798 0.21739
vt 0.885992 0.21754
vt 0.885992 0.21754
vt 0.88906 0.217471
vt 0.889385 0.217573
vt 0.894448 0.217433
vt 0.896389 0.217564
vt 0.892838 0.21757
vt 0.90765 0.217425
vt 0.909033 0.217368
vt 0.908674 0.217566
vt 0.908674 0.217566
vt 0.910626 0.217469
vt 0.911057 0.217572
vt 0.914922 0.217569
vt 0.915683 0.217462
vt 0.916111 0.217571
vt 0.916111 0.217571
vt 0.916656 0.217467
vt 0.916882 0.217571
vt 0.917573 0.217467
vt 0.917688 0.217538
vt 0.917439 0.217573
vt 0.883659 0.217574
vt 0.890575 0.217571
vt 0.885992 0.21754
vt 0.880922 0.21754
vt 0.877638 0.217574
vt 0.883659 0.217574
vt 0.849277 0.21754
vt 0.849318 0.217573
vt 0.849681 0.217574
vt 0.917341 0.217471
vt 0.917465 0.217317
vt 0.91683 0.217316
vt 0.916018 0.217433
vt 0.916656 0.217467
vt 0.91683 0.217316
vt 0.91355 0.217469
vt 0.914571 0.217319
vt 0.912928 0.217317
vt 0.911256 0.21743
vt 0.912152 0.217473
vt 0.912928 0.217317
vt 0.90447 0.217469
vt 0.906433 0.217368
vt 0.903994 0.217315
vt 0.900013 0.217469
vt 0.901067 0.217316
vt 0.897946 0.217414
vt 0.892263 0.217467
vt 0.893233 0.217314
vt 0.890035 0.217314
vt 0.887075 0.217374
vt 0.88906 0.217471
vt 0.890035 0.217314
vt 0.901067 0.217316
vt 0.902307 0.217473
vt 0.903994 0.217315
vt 0.877854 0.217471
vt 0.878348 0.217316
vt 0.875154 0.217316
vt 0.872466 0.217433
vt 0.874651 0.217467
vt 0.875154 0.217316
vt 0.866902 0.217469
vt 0.868805 0.217319
vt 0.865729 0.217317
vt 0.863254 0.21743
vt 0.864608 0.217473
vt 0.865729 0.217317
vt 0.856288 0.217469
vt 0.857881 0.217367
vt 0.85587 0.217315
vt 0.853364 0.217469
vt 0.853916 0.217316
vt 0.852281 0.217414
vt 0.850258 0.217467
vt 0.850485 0.217314
vt 0.849702 0.217314
vt 0.849269 0.217374
vt 0.849573 0.217471
vt 0.849702 0.217314
vt 0.853916 0.217316
vt 0.854761 0.217472
vt 0.85587 0.217315
vt 0.859225 0.217538
vt 0.860663 0.217566
vt 0.85683 0.21757
vt 0.86541 0.217559
vt 0.867872 0.217574
vt 0.86269 0.21757
vt 0.885992 0.21754
vt 0.889385 0.217573
vt 0.882251 0.217573
vt 0.917439 0.217573
vt 0.917688 0.217538
vt 0.917718 0.21754
vt 0.917439 0.217573
vt 0.917718 0.21754
vt 0.917511 0.217569
vt 0.849573 0.217471
vt 0.849449 0.217316
vt 0.850084 0.217316
vt 0.850897 0.217433
vt 0.850258 0.217467
vt 0.850084 0.217316
vt 0.853364 0.217469
vt 0.852343 0.217319
vt 0.853986 0.217317
vt 0.854762 0.217473
vt 0.853986 0.217317
vt 0.855658 0.21743
vt 0.864362 0.217315
vt 0.863888 0.217473
vt 0.861951 0.217431
vt 0.866902 0.217469
vt 0.864362 0.217315
vt 0.867371 0.217316
vt 0.869231 0.217468
vt 0.867371 0.217316
vt 0.870502 0.217315
vt 0.873682 0.217314
vt 0.871563 0.217462
vt 0.870502 0.217315
vt 0.874651 0.217467
vt 0.873682 0.217314
vt 0.876879 0.217315
vt 0.877854 0.217471
vt 0.876879 0.217315
vt 0.879839 0.217374
vt 0.88906 0.217471
vt 0.888566 0.217316
vt 0.89176 0.217316
vt 0.894448 0.217433
vt 0.892263 0.217467
vt 0.89176 0.217316
vt 0.900013 0.217469
vt 0.89811 0.217319
vt 0.901185 0.217317
vt 0.90366 0.21743
vt 0.902307 0.217473
vt 0.901185 0.217317
vt 0.910626 0.217469
vt 0.909033 0.217368
vt 0.911045 0.217315
vt 0.91355 0.217469
vt 0.912999 0.217316
vt 0.914633 0.217414
vt 0.915683 0.217462
vt 0.914633 0.217414
vt 0.915914 0.217315
vt 0.917187 0.217471
vt 0.916862 0.217314
vt 0.917484 0.217315
vt 0.917573 0.217467
vt 0.917484 0.217315
vt 0.917775 0.217367
vt 0.916862 0.217314
vt 0.916656 0.217467
vt 0.915914 0.217315
vt 0.912999 0.217316
vt 0.912152 0.217473
vt 0.911045 0.217315
vt 0.917694 0.212511
vt 0.917573 0.212589
vt 0.917775 0.212689
vt 0.91582 0.212487
vt 0.916656 0.212589
vt 0.91688 0.212484
vt 0.914039 0.212482
vt 0.91355 0.212587
vt 0.914633 0.212642
vt 0.912039 0.212483
vt 0.912152 0.212583
vt 0.91355 0.212587
vt 0.909525 0.212498
vt 0.910626 0.212587
vt 0.912039 0.212483
vt 0.907381 0.212482
vt 0.906746 0.212623
vt 0.907938 0.212632
vt 0.898618 0.212492
vt 0.901382 0.212601
vt 0.901491 0.212483
vt 0.892613 0.212481
vt 0.889076 0.212515
vt 0.892197 0.212554
vt 0.885404 0.212612
vt 0.887674 0.212674
vt 0.889076 0.212515
vt 0.881839 0.212485
vt 0.879487 0.212589
vt 0.882906 0.212609
vt 0.882906 0.212609
vt 0.879487 0.212589
vt 0.881428 0.21268
vt 0.877639 0.212482
vt 0.877039 0.212585
vt 0.879487 0.212589
vt 0.86762 0.212485
vt 0.866902 0.212587
vt 0.868968 0.212642
vt 0.861331 0.212484
vt 0.862444 0.212587
vt 0.864586 0.212481
vt 0.858227 0.212488
vt 0.857026 0.212623
vt 0.85815 0.212676
vt 0.856284 0.212483
vt 0.855089 0.212603
vt 0.857026 0.212623
vt 0.85246 0.212604
vt 0.853487 0.212674
vt 0.854127 0.212492
vt 0.851304 0.212518
vt 0.85246 0.212604
vt 0.852655 0.212482
vt 0.849277 0.212516
vt 0.849333 0.212674
vt 0.849675 0.212486
vt 0.849231 0.212485
vt 0.849078 0.21269
vt 0.849277 0.212516
vt 0.849264 0.212509
vt 0.849341 0.212589
vt 0.849138 0.21268
vt 0.849826 0.212481
vt 0.849728 0.212585
vt 0.849341 0.212589
vt 0.851549 0.212482
vt 0.852365 0.212528
vt 0.851231 0.212594
vt 0.854412 0.212484
vt 0.854762 0.212584
vt 0.853364 0.212587
vt 0.860061 0.212482
vt 0.860169 0.212623
vt 0.858976 0.212632
vt 0.860061 0.212482
vt 0.8626 0.212517
vt 0.860169 0.212623
vt 0.87157 0.212519
vt 0.868624 0.212604
vt 0.868398 0.212482
vt 0.88151 0.212612
vt 0.87924 0.212674
vt 0.877854 0.212488
vt 0.885075 0.212485
vt 0.887427 0.212589
vt 0.884009 0.212609
vt 0.884009 0.212609
vt 0.887427 0.212589
vt 0.885486 0.21268
vt 0.889273 0.212481
vt 0.889875 0.212585
vt 0.887427 0.212589
vt 0.89853 0.212484
vt 0.900013 0.212587
vt 0.897946 0.212642
vt 0.901394 0.212482
vt 0.902307 0.212584
vt 0.900013 0.212587
vt 0.909066 0.212481
vt 0.910655 0.212517
vt 0.908729 0.212623
vt 0.915323 0.212518
vt 0.914454 0.212604
vt 0.914155 0.212482
vt 0.916155 0.212491
vt 0.916625 0.212677
vt 0.915598 0.212678
vt 0.916932 0.212495
vt 0.917342 0.21267
vt 0.916625 0.212677
vt 0.917524 0.212554
vt 0.917342 0.21267
vt 0.916932 0.212495
vt 0.917688 0.212518
vt 0.917524 0.212554
vt 0.91743 0.212482
vt 0.917688 0.212518
vt 0.917737 0.21268
vt 0.917524 0.212554
vt 0.917688 0.212518
vt 0.917825 0.212624
vt 0.917737 0.21268
vt 0.909525 0.212498
vt 0.912039 0.212483
vt 0.907381 0.212482
vt 0.889076 0.212515
vt 0.892613 0.212481
vt 0.886431 0.212482
vt 0.892613 0.212481
vt 0.895345 0.212518
vt 0.898618 0.212492
vt 0.874809 0.212498
vt 0.877639 0.212482
vt 0.871607 0.212482
vt 0.851304 0.212518
vt 0.852655 0.212482
vt 0.850315 0.212487
vt 0.849277 0.212516
vt 0.849675 0.212486
vt 0.849231 0.212485
vt 0.917573 0.212589
vt 0.917484 0.212741
vt 0.917775 0.212689
vt 0.917187 0.212585
vt 0.916862 0.212742
vt 0.917484 0.212741
vt 0.915914 0.212741
vt 0.916862 0.212742
vt 0.916656 0.212589
vt 0.915683 0.212594
vt 0.914633 0.212642
vt 0.915914 0.212741
vt 0.91355 0.212587
vt 0.912999 0.21274
vt 0.914633 0.212642
vt 0.911045 0.212741
vt 0.912999 0.21274
vt 0.912152 0.212583
vt 0.910626 0.212587
vt 0.909119 0.212624
vt 0.911045 0.212741
vt 0.879487 0.212589
vt 0.878473 0.212741
vt 0.881428 0.21268
vt 0.877039 0.212585
vt 0.875281 0.212742
vt 0.878473 0.212741
vt 0.872087 0.212741
vt 0.875281 0.212742
vt 0.874651 0.212589
vt 0.871563 0.212594
vt 0.868968 0.212642
vt 0.872087 0.212741
vt 0.866902 0.212587
vt 0.865847 0.21274
vt 0.868968 0.212642
vt 0.86292 0.212741
vt 0.865847 0.21274
vt 0.864608 0.212583
vt 0.862444 0.212587
vt 0.8606 0.212624
vt 0.86292 0.212741
vt 0.849264 0.212509
vt 0.849231 0.212485
vt 0.849826 0.212481
vt 0.852365 0.212528
vt 0.851549 0.212482
vt 0.854412 0.212484
vt 0.850343 0.212498
vt 0.849826 0.212481
vt 0.851549 0.212482
vt 0.8626 0.212517
vt 0.860061 0.212482
vt 0.865365 0.212483
vt 0.87477 0.212489
vt 0.87157 0.212519
vt 0.868398 0.212482
vt 0.892105 0.212498
vt 0.889273 0.212481
vt 0.895299 0.212483
vt 0.910655 0.212517
vt 0.909066 0.212481
vt 0.912463 0.212483
vt 0.916155 0.212491
vt 0.915323 0.212518
vt 0.914155 0.212482
vt 0.91743 0.212482
vt 0.917694 0.212511
vt 0.917688 0.212518
vt 0.91743 0.212482
vt 0.917462 0.212481
vt 0.917694 0.212511
vt 0.849341 0.212589
vt 0.84943 0.212741
vt 0.849138 0.21268
vt 0.849728 0.212585
vt 0.850053 0.212742
vt 0.84943 0.212741
vt 0.851 0.212741
vt 0.850053 0.212742
vt 0.850258 0.212589
vt 0.851 0.212741
vt 0.851231 0.212594
vt 0.852286 0.212739
vt 0.853364 0.212587
vt 0.853915 0.212741
vt 0.852286 0.212739
vt 0.854762 0.212584
vt 0.85587 0.212741
vt 0.853915 0.212741
vt 0.857795 0.212624
vt 0.85587 0.212741
vt 0.856288 0.212587
vt 0.887427 0.212589
vt 0.888441 0.212741
vt 0.885486 0.21268
vt 0.889875 0.212585
vt 0.891633 0.212742
vt 0.888441 0.212741
vt 0.894827 0.212741
vt 0.891633 0.212742
vt 0.892263 0.212589
vt 0.895351 0.212594
vt 0.897946 0.212642
vt 0.894827 0.212741
vt 0.900013 0.212587
vt 0.901067 0.21274
vt 0.897946 0.212642
vt 0.903994 0.212741
vt 0.901067 0.21274
vt 0.902307 0.212584
vt 0.90447 0.212587
vt 0.906314 0.212624
vt 0.903994 0.212741
vt 0.917511 0.214002
vt 0.917341 0.213904
vt 0.916528 0.214004
vt 0.916018 0.213866
vt 0.915161 0.213997
vt 0.916528 0.214004
vt 0.907865 0.213857
vt 0.906433 0.2138
vt 0.906611 0.213999
vt 0.906611 0.213999
vt 0.904963 0.213864
vt 0.904234 0.214003
vt 0.904234 0.214003
vt 0.903026 0.213906
vt 0.901487 0.214005
vt 0.900013 0.213902
vt 0.898589 0.214003
vt 0.901487 0.214005
vt 0.885556 0.213883
vt 0.883451 0.213998
vt 0.887402 0.214004
vt 0.880922 0.213973
vt 0.877854 0.213904
vt 0.877638 0.214007
vt 0.872466 0.213866
vt 0.870525 0.213997
vt 0.874076 0.214003
vt 0.859264 0.213857
vt 0.857881 0.2138
vt 0.857716 0.213998
vt 0.857716 0.213998
vt 0.856288 0.213902
vt 0.85536 0.214004
vt 0.849573 0.213904
vt 0.849277 0.213973
vt 0.849681 0.214007
vt 0.849076 0.213799
vt 0.849188 0.213971
vt 0.849277 0.213973
vt 0.849188 0.213971
vt 0.849235 0.213935
vt 0.849318 0.214006
vt 0.853018 0.214007
vt 0.853364 0.213902
vt 0.854668 0.213961
vt 0.859049 0.213857
vt 0.860482 0.2138
vt 0.860888 0.213998
vt 0.866902 0.213902
vt 0.869239 0.213949
vt 0.866782 0.214003
vt 0.883498 0.213851
vt 0.885798 0.213823
vt 0.885992 0.213973
vt 0.885992 0.213973
vt 0.88906 0.213904
vt 0.89058 0.214004
vt 0.899042 0.214007
vt 0.900013 0.213902
vt 0.902099 0.213961
vt 0.908992 0.213998
vt 0.910626 0.213902
vt 0.910623 0.213991
vt 0.91355 0.213902
vt 0.914552 0.214004
vt 0.912277 0.214006
vt 0.914552 0.214004
vt 0.915683 0.213895
vt 0.916111 0.214004
vt 0.916111 0.214004
vt 0.916656 0.2139
vt 0.916882 0.214004
vt 0.917573 0.2139
vt 0.917688 0.213971
vt 0.917439 0.214005
vt 0.892629 0.214006
vt 0.898589 0.214003
vt 0.895328 0.21399
vt 0.880922 0.213973
vt 0.877638 0.214007
vt 0.883451 0.213998
vt 0.849277 0.213973
vt 0.849318 0.214006
vt 0.849681 0.214007
vt 0.917341 0.213904
vt 0.917465 0.213749
vt 0.91683 0.213749
vt 0.916018 0.213866
vt 0.916656 0.2139
vt 0.91683 0.213749
vt 0.91355 0.213902
vt 0.914571 0.213752
vt 0.912928 0.21375
vt 0.911256 0.213863
vt 0.912152 0.213906
vt 0.912928 0.21375
vt 0.903026 0.213906
vt 0.904963 0.213864
vt 0.902552 0.213748
vt 0.900013 0.213902
vt 0.902552 0.213748
vt 0.899544 0.213749
vt 0.895351 0.213895
vt 0.896412 0.213748
vt 0.893233 0.213747
vt 0.896412 0.213748
vt 0.897684 0.213901
vt 0.899544 0.213749
vt 0.892263 0.2139
vt 0.893233 0.213747
vt 0.890035 0.213747
vt 0.887075 0.213807
vt 0.88906 0.213904
vt 0.890035 0.213747
vt 0.877854 0.213904
vt 0.878348 0.213749
vt 0.875154 0.213749
vt 0.872466 0.213866
vt 0.874651 0.2139
vt 0.875154 0.213749
vt 0.866902 0.213902
vt 0.868805 0.213752
vt 0.865729 0.21375
vt 0.863254 0.213863
vt 0.864608 0.213906
vt 0.865729 0.21375
vt 0.856288 0.213902
vt 0.857881 0.2138
vt 0.85587 0.213748
vt 0.853364 0.213901
vt 0.853916 0.213748
vt 0.852281 0.213847
vt 0.850258 0.2139
vt 0.850485 0.213747
vt 0.849702 0.213747
vt 0.849269 0.213807
vt 0.849573 0.213904
vt 0.849702 0.213747
vt 0.853916 0.213748
vt 0.854761 0.213905
vt 0.85587 0.213748
vt 0.869239 0.213949
vt 0.871539 0.214004
vt 0.866782 0.214003
vt 0.854668 0.213961
vt 0.8563 0.214004
vt 0.853018 0.214007
vt 0.885992 0.213973
vt 0.89058 0.214004
vt 0.88225 0.214006
vt 0.910623 0.213991
vt 0.912277 0.214006
vt 0.908992 0.213998
vt 0.902099 0.213961
vt 0.904224 0.214003
vt 0.899042 0.214007
vt 0.917439 0.214005
vt 0.917688 0.213971
vt 0.917718 0.213973
vt 0.917439 0.214005
vt 0.917718 0.213973
vt 0.917511 0.214002
vt 0.849573 0.213904
vt 0.849449 0.213749
vt 0.850084 0.213749
vt 0.850897 0.213866
vt 0.850258 0.2139
vt 0.850084 0.213749
vt 0.853364 0.213902
vt 0.852343 0.213752
vt 0.853986 0.21375
vt 0.854668 0.213961
vt 0.853986 0.21375
vt 0.855658 0.213863
vt 0.864362 0.213748
vt 0.863888 0.213906
vt 0.861951 0.213864
vt 0.866902 0.213902
vt 0.864362 0.213748
vt 0.867371 0.213749
vt 0.869239 0.213949
vt 0.867371 0.213749
vt 0.870502 0.213748
vt 0.873682 0.213747
vt 0.871563 0.213895
vt 0.870502 0.213748
vt 0.874651 0.2139
vt 0.873682 0.213747
vt 0.876879 0.213747
vt 0.877854 0.213904
vt 0.876879 0.213747
vt 0.879839 0.213807
vt 0.88906 0.213904
vt 0.888566 0.213749
vt 0.89176 0.213749
vt 0.894448 0.213866
vt 0.892263 0.2139
vt 0.89176 0.213749
vt 0.900013 0.213902
vt 0.89811 0.213752
vt 0.901185 0.21375
vt 0.90366 0.213863
vt 0.902099 0.213961
vt 0.901185 0.21375
vt 0.910626 0.213902
vt 0.909033 0.2138
vt 0.911045 0.213748
vt 0.91355 0.213902
vt 0.912999 0.213749
vt 0.914633 0.213847
vt 0.915683 0.213895
vt 0.914633 0.213847
vt 0.915914 0.213748
vt 0.917187 0.213904
vt 0.916862 0.213747
vt 0.917484 0.213748
vt 0.917573 0.2139
vt 0.917484 0.213748
vt 0.917775 0.2138
vt 0.916862 0.213747
vt 0.916656 0.2139
vt 0.915914 0.213748
vt 0.912999 0.213749
vt 0.912152 0.213906
vt 0.911045 0.213748
vt 0.917694 0.208943
vt 0.917573 0.209022
vt 0.917775 0.209122
vt 0.917342 0.208915
vt 0.917128 0.208962
vt 0.917573 0.209022
vt 0.91611 0.208919
vt 0.916656 0.209022
vt 0.917128 0.208962
vt 0.914917 0.208919
vt 0.915683 0.209027
vt 0.91611 0.208919
vt 0.914917 0.208919
vt 0.914633 0.209075
vt 0.915683 0.209027
vt 0.908904 0.208917
vt 0.910626 0.20902
vt 0.911547 0.208919
vt 0.908904 0.208917
vt 0.906026 0.208924
vt 0.907938 0.209064
vt 0.898617 0.208955
vt 0.901382 0.209034
vt 0.901472 0.208916
vt 0.896073 0.20892
vt 0.89725 0.209113
vt 0.898617 0.208955
vt 0.896073 0.20892
vt 0.894896 0.209055
vt 0.89725 0.209113
vt 0.896073 0.20892
vt 0.89212 0.208949
vt 0.894896 0.209055
vt 0.885992 0.208949
vt 0.887674 0.209107
vt 0.889151 0.208921
vt 0.882906 0.209042
vt 0.885064 0.209117
vt 0.885992 0.208949
vt 0.880477 0.208916
vt 0.879487 0.209022
vt 0.882906 0.209042
vt 0.882906 0.209042
vt 0.879487 0.209022
vt 0.881428 0.209113
vt 0.867872 0.208915
vt 0.866902 0.20902
vt 0.868968 0.209075
vt 0.85921 0.208917
vt 0.858185 0.209056
vt 0.859337 0.209065
vt 0.85921 0.208917
vt 0.856259 0.208949
vt 0.858185 0.209056
vt 0.851304 0.208951
vt 0.85246 0.209037
vt 0.852649 0.208915
vt 0.849277 0.208949
vt 0.849333 0.209107
vt 0.84967 0.208921
vt 0.849225 0.208921
vt 0.849078 0.209123
vt 0.849277 0.208949
vt 0.849264 0.208942
vt 0.849341 0.209022
vt 0.849138 0.209113
vt 0.849982 0.208918
vt 0.849728 0.209018
vt 0.849341 0.209022
vt 0.85279 0.208919
vt 0.853364 0.20902
vt 0.852281 0.209075
vt 0.854409 0.208917
vt 0.854762 0.209016
vt 0.853364 0.20902
vt 0.858662 0.208919
vt 0.860888 0.208924
vt 0.858976 0.209064
vt 0.868624 0.209037
vt 0.866598 0.209107
vt 0.865381 0.208926
vt 0.87157 0.208952
vt 0.868624 0.209037
vt 0.868404 0.208916
vt 0.880865 0.208925
vt 0.87924 0.209107
vt 0.877831 0.208926
vt 0.884009 0.209042
vt 0.88185 0.209117
vt 0.880865 0.208925
vt 0.885069 0.208922
vt 0.887427 0.209022
vt 0.884009 0.209042
vt 0.884009 0.209042
vt 0.887427 0.209022
vt 0.885486 0.209113
vt 0.889276 0.208915
vt 0.889875 0.209018
vt 0.887427 0.209022
vt 0.899294 0.208917
vt 0.900013 0.20902
vt 0.897946 0.209075
vt 0.906341 0.208917
vt 0.90447 0.20902
vt 0.902972 0.20892
vt 0.906341 0.208917
vt 0.909198 0.208924
vt 0.907577 0.209064
vt 0.914454 0.209037
vt 0.913427 0.209107
vt 0.913058 0.208923
vt 0.915141 0.208943
vt 0.914454 0.209037
vt 0.913058 0.208923
vt 0.916188 0.208987
vt 0.916625 0.20911
vt 0.915598 0.209111
vt 0.915926 0.208916
vt 0.916948 0.208921
vt 0.916188 0.208987
vt 0.916948 0.208921
vt 0.917342 0.209103
vt 0.916625 0.20911
vt 0.91748 0.208949
vt 0.917342 0.209103
vt 0.916948 0.208921
vt 0.917658 0.208921
vt 0.917737 0.209113
vt 0.91748 0.208949
vt 0.917658 0.208921
vt 0.917825 0.209057
vt 0.917737 0.209113
vt 0.917694 0.208943
vt 0.917658 0.208921
vt 0.917342 0.208915
vt 0.917128 0.208962
vt 0.917342 0.208915
vt 0.91611 0.208919
vt 0.90429 0.208955
vt 0.906026 0.208924
vt 0.901472 0.208916
vt 0.898617 0.208955
vt 0.901472 0.208916
vt 0.896073 0.20892
vt 0.89212 0.208949
vt 0.896073 0.20892
vt 0.889151 0.208921
vt 0.885992 0.208949
vt 0.889151 0.208921
vt 0.883592 0.208917
vt 0.877263 0.208962
vt 0.880477 0.208916
vt 0.874285 0.208916
vt 0.871586 0.208932
vt 0.874285 0.208916
vt 0.867872 0.208915
vt 0.864816 0.208961
vt 0.867872 0.208915
vt 0.86269 0.208919
vt 0.856259 0.208949
vt 0.85921 0.208917
vt 0.854637 0.208916
vt 0.851304 0.208951
vt 0.852649 0.208915
vt 0.850317 0.208927
vt 0.849277 0.208949
vt 0.84967 0.208921
vt 0.849225 0.208921
vt 0.917573 0.209022
vt 0.917484 0.209174
vt 0.917775 0.209122
vt 0.917128 0.208962
vt 0.916862 0.209175
vt 0.917484 0.209174
vt 0.915914 0.209174
vt 0.916862 0.209175
vt 0.916656 0.209022
vt 0.915683 0.209027
vt 0.914633 0.209075
vt 0.915914 0.209174
vt 0.91355 0.20902
vt 0.912999 0.209173
vt 0.914633 0.209075
vt 0.911045 0.209174
vt 0.912999 0.209173
vt 0.912152 0.209016
vt 0.910626 0.20902
vt 0.909119 0.209057
vt 0.911045 0.209174
vt 0.879487 0.209022
vt 0.878473 0.209174
vt 0.881428 0.209113
vt 0.877263 0.208962
vt 0.875281 0.209175
vt 0.878473 0.209174
vt 0.872087 0.209174
vt 0.875281 0.209175
vt 0.874651 0.209022
vt 0.871563 0.209027
vt 0.868968 0.209075
vt 0.872087 0.209174
vt 0.866902 0.20902
vt 0.865847 0.209173
vt 0.868968 0.209075
vt 0.86292 0.209174
vt 0.865847 0.209173
vt 0.864816 0.208961
vt 0.862444 0.20902
vt 0.8606 0.209057
vt 0.86292 0.209174
vt 0.849264 0.208942
vt 0.849225 0.208921
vt 0.849982 0.208918
vt 0.862624 0.208955
vt 0.860888 0.208924
vt 0.865381 0.208926
vt 0.87475 0.208924
vt 0.87157 0.208952
vt 0.868404 0.208916
vt 0.892105 0.208931
vt 0.889276 0.208915
vt 0.89528 0.208918
vt 0.910683 0.208955
vt 0.909198 0.208924
vt 0.912056 0.208923
vt 0.915141 0.208943
vt 0.913058 0.208923
vt 0.915926 0.208916
vt 0.91748 0.208949
vt 0.916948 0.208921
vt 0.917658 0.208921
vt 0.849341 0.209022
vt 0.84943 0.209174
vt 0.849138 0.209113
vt 0.849728 0.209018
vt 0.850053 0.209175
vt 0.84943 0.209174
vt 0.851 0.209174
vt 0.850053 0.209175
vt 0.850258 0.209022
vt 0.851 0.209174
vt 0.851231 0.209027
vt 0.852281 0.209075
vt 0.853364 0.20902
vt 0.853915 0.209173
vt 0.852281 0.209075
vt 0.854762 0.209016
vt 0.85587 0.209174
vt 0.853915 0.209173
vt 0.857795 0.209057
vt 0.85587 0.209174
vt 0.856288 0.20902
vt 0.887427 0.209022
vt 0.888441 0.209174
vt 0.885486 0.209113
vt 0.889875 0.209018
vt 0.891633 0.209175
vt 0.888441 0.209174
vt 0.894827 0.209174
vt 0.891633 0.209175
vt 0.892263 0.209022
vt 0.895351 0.209027
vt 0.897946 0.209075
vt 0.894827 0.209174
vt 0.900013 0.20902
vt 0.901067 0.209173
vt 0.897946 0.209075
vt 0.903994 0.209174
vt 0.901067 0.209173
vt 0.902307 0.209016
vt 0.90447 0.20902
vt 0.906314 0.209057
vt 0.903994 0.209174
vt 0.917513 0.210413
vt 0.917341 0.210337
vt 0.917118 0.210441
vt 0.916656 0.210333
vt 0.915801 0.210438
vt 0.917118 0.210441
vt 0.914104 0.210439
vt 0.91355 0.210335
vt 0.912049 0.210438
vt 0.907865 0.21029
vt 0.906433 0.210233
vt 0.906592 0.210433
vt 0.906592 0.210433
vt 0.90447 0.210334
vt 0.904222 0.210438
vt 0.900013 0.210334
vt 0.898609 0.210439
vt 0.901486 0.210439
vt 0.894794 0.210392
vt 0.892263 0.210333
vt 0.892615 0.21044
vt 0.883417 0.210284
vt 0.881116 0.210256
vt 0.880922 0.210405
vt 0.880922 0.210405
vt 0.877854 0.210337
vt 0.877639 0.21044
vt 0.868406 0.210437
vt 0.866902 0.210334
vt 0.86552 0.21044
vt 0.853364 0.210334
vt 0.852655 0.21044
vt 0.854451 0.210439
vt 0.851081 0.210392
vt 0.850258 0.210333
vt 0.850374 0.210438
vt 0.849573 0.210337
vt 0.849277 0.210405
vt 0.849685 0.210441
vt 0.849076 0.210232
vt 0.849188 0.210404
vt 0.849277 0.210405
vt 0.849188 0.210404
vt 0.849235 0.210368
vt 0.849324 0.21044
vt 0.853018 0.21044
vt 0.853364 0.210334
vt 0.854668 0.210394
vt 0.858663 0.210435
vt 0.859425 0.21031
vt 0.862026 0.210437
vt 0.866902 0.210334
vt 0.868296 0.210439
vt 0.865355 0.210438
vt 0.883498 0.210284
vt 0.885798 0.210256
vt 0.885992 0.210405
vt 0.885992 0.210405
vt 0.88906 0.210337
vt 0.889605 0.210441
vt 0.897948 0.210394
vt 0.900013 0.210334
vt 0.901491 0.210439
vt 0.908991 0.210433
vt 0.910626 0.210334
vt 0.910623 0.210424
vt 0.915002 0.21044
vt 0.915683 0.210328
vt 0.916127 0.210424
vt 0.916127 0.210424
vt 0.916656 0.210333
vt 0.916948 0.21044
vt 0.917623 0.210412
vt 0.917758 0.210368
vt 0.917649 0.21044
vt 0.917513 0.210413
vt 0.917118 0.210441
vt 0.917649 0.21044
vt 0.889065 0.210425
vt 0.886431 0.21044
vt 0.892615 0.21044
vt 0.892615 0.21044
vt 0.898609 0.210439
vt 0.894794 0.210392
vt 0.880922 0.210405
vt 0.877639 0.21044
vt 0.883351 0.210439
vt 0.874809 0.210424
vt 0.871607 0.21044
vt 0.877639 0.21044
vt 0.856291 0.210424
vt 0.854451 0.210439
vt 0.858515 0.21044
vt 0.851081 0.210392
vt 0.850374 0.210438
vt 0.852655 0.21044
vt 0.849277 0.210405
vt 0.849324 0.21044
vt 0.849685 0.210441
vt 0.917341 0.210337
vt 0.917465 0.210182
vt 0.91683 0.210181
vt 0.916018 0.210299
vt 0.916656 0.210333
vt 0.91683 0.210181
vt 0.91355 0.210335
vt 0.914571 0.210185
vt 0.912928 0.210183
vt 0.911256 0.210296
vt 0.912152 0.210338
vt 0.912928 0.210183
vt 0.90447 0.210334
vt 0.906433 0.210233
vt 0.903994 0.210181
vt 0.900013 0.210334
vt 0.901067 0.210181
vt 0.897946 0.21028
vt 0.894794 0.210392
vt 0.895872 0.210291
vt 0.893233 0.21018
vt 0.892263 0.210333
vt 0.893233 0.21018
vt 0.890035 0.21018
vt 0.887075 0.21024
vt 0.88906 0.210337
vt 0.890035 0.21018
vt 0.901067 0.210181
vt 0.902307 0.210338
vt 0.903994 0.210181
vt 0.877854 0.210337
vt 0.878348 0.210182
vt 0.875154 0.210182
vt 0.872466 0.210299
vt 0.874651 0.210333
vt 0.875154 0.210182
vt 0.866902 0.210334
vt 0.868805 0.210185
vt 0.865729 0.210183
vt 0.863254 0.210296
vt 0.864608 0.210338
vt 0.865729 0.210183
vt 0.856288 0.210334
vt 0.857881 0.210233
vt 0.85587 0.210181
vt 0.853364 0.210334
vt 0.853916 0.210181
vt 0.852281 0.21028
vt 0.851081 0.210392
vt 0.851411 0.210291
vt 0.850485 0.21018
vt 0.850258 0.210333
vt 0.850485 0.21018
vt 0.849702 0.21018
vt 0.849269 0.21024
vt 0.849573 0.210337
vt 0.849702 0.21018
vt 0.853916 0.210181
vt 0.854761 0.210338
vt 0.85587 0.210181
vt 0.850343 0.210424
vt 0.85139 0.210438
vt 0.849826 0.210441
vt 0.854668 0.210394
vt 0.856298 0.210439
vt 0.853018 0.21044
vt 0.874809 0.210424
vt 0.877307 0.21044
vt 0.871544 0.210439
vt 0.885992 0.210405
vt 0.889605 0.210441
vt 0.882244 0.210439
vt 0.897948 0.210394
vt 0.901491 0.210439
vt 0.89598 0.210437
vt 0.892105 0.210424
vt 0.89598 0.210437
vt 0.889605 0.210441
vt 0.910623 0.210424
vt 0.91279 0.210441
vt 0.908991 0.210433
vt 0.916127 0.210424
vt 0.916948 0.21044
vt 0.915002 0.21044
vt 0.917623 0.210412
vt 0.917649 0.21044
vt 0.916948 0.21044
vt 0.849573 0.210337
vt 0.849449 0.210182
vt 0.850084 0.210182
vt 0.850897 0.210299
vt 0.850258 0.210333
vt 0.850084 0.210182
vt 0.853364 0.210334
vt 0.852343 0.210185
vt 0.853986 0.210183
vt 0.854668 0.210394
vt 0.853986 0.210183
vt 0.855658 0.210296
vt 0.862444 0.210334
vt 0.860482 0.210233
vt 0.86292 0.210181
vt 0.864608 0.210338
vt 0.86292 0.210181
vt 0.865847 0.210181
vt 0.868968 0.21028
vt 0.866902 0.210334
vt 0.865847 0.210181
vt 0.874651 0.210333
vt 0.873682 0.21018
vt 0.876879 0.21018
vt 0.877854 0.210337
vt 0.876879 0.21018
vt 0.879839 0.21024
vt 0.88906 0.210337
vt 0.888566 0.210182
vt 0.89176 0.210181
vt 0.894448 0.210299
vt 0.892263 0.210333
vt 0.89176 0.210181
vt 0.900013 0.210334
vt 0.89811 0.210185
vt 0.901185 0.210183
vt 0.90366 0.210296
vt 0.902307 0.210338
vt 0.901185 0.210183
vt 0.910626 0.210334
vt 0.909033 0.210233
vt 0.911045 0.210181
vt 0.91355 0.210335
vt 0.912999 0.210181
vt 0.914633 0.21028
vt 0.915683 0.210328
vt 0.914633 0.21028
vt 0.915914 0.210181
vt 0.917187 0.210336
vt 0.916862 0.21018
vt 0.917484 0.210181
vt 0.917573 0.210333
vt 0.917484 0.210181
vt 0.917775 0.210232
vt 0.916862 0.21018
vt 0.916656 0.210333
vt 0.915914 0.210181
vt 0.912999 0.210181
vt 0.912152 0.210338
vt 0.911045 0.210181
vt 0.917775 0.216256
vt 0.917834 0.217379
vt 0.917825 0.216192
vt 0.905391 0.216245
vt 0.906433 0.217368
vt 0.906746 0.21619
vt 0.904306 0.216173
vt 0.903994 0.217315
vt 0.905391 0.216245
vt 0.902526 0.216243
vt 0.903994 0.217315
vt 0.904306 0.216173
vt 0.901382 0.216169
vt 0.901067 0.217316
vt 0.902526 0.216243
vt 0.898771 0.216239
vt 0.901067 0.217316
vt 0.901382 0.216169
vt 0.895678 0.216245
vt 0.897946 0.217414
vt 0.898771 0.216239
vt 0.892526 0.216244
vt 0.893233 0.217314
vt 0.895678 0.216245
vt 0.890053 0.216241
vt 0.890035 0.217314
vt 0.892526 0.216244
vt 0.887674 0.216241
vt 0.890035 0.217314
vt 0.890053 0.216241
vt 0.856463 0.216246
vt 0.857881 0.217367
vt 0.85815 0.216243
vt 0.854856 0.216243
vt 0.85587 0.217315
vt 0.856463 0.216246
vt 0.854141 0.216169
vt 0.853916 0.217316
vt 0.854856 0.216243
vt 0.853059 0.216241
vt 0.853916 0.217316
vt 0.854141 0.216169
vt 0.851958 0.216247
vt 0.852281 0.217414
vt 0.853059 0.216241
vt 0.851051 0.216189
vt 0.851246 0.217444
vt 0.851958 0.216247
vt 0.85029 0.216244
vt 0.850485 0.217314
vt 0.851051 0.216189
vt 0.849722 0.216241
vt 0.849702 0.217314
vt 0.85029 0.216244
vt 0.849333 0.216241
vt 0.849702 0.217314
vt 0.849722 0.216241
vt 0.882906 0.216176
vt 0.883417 0.217418
vt 0.885404 0.216179
vt 0.861523 0.216245
vt 0.860482 0.217368
vt 0.860169 0.21619
vt 0.862608 0.216173
vt 0.861951 0.217431
vt 0.861523 0.216245
vt 0.864388 0.216243
vt 0.864362 0.217315
vt 0.862608 0.216173
vt 0.865533 0.216169
vt 0.864362 0.217315
vt 0.864388 0.216243
vt 0.867408 0.216241
vt 0.867371 0.217316
vt 0.865533 0.216169
vt 0.868624 0.216172
vt 0.867371 0.217316
vt 0.867408 0.216241
vt 0.871236 0.216245
vt 0.870502 0.217315
vt 0.868624 0.216172
vt 0.874389 0.216244
vt 0.873682 0.217314
vt 0.871236 0.216245
vt 0.876861 0.216241
vt 0.876879 0.217315
vt 0.874389 0.216244
vt 0.87924 0.216241
vt 0.876879 0.217315
vt 0.876861 0.216241
vt 0.909667 0.216172
vt 0.909033 0.217368
vt 0.908764 0.216243
vt 0.911017 0.216247
vt 0.911045 0.217315
vt 0.909667 0.216172
vt 0.911825 0.21617
vt 0.911045 0.217315
vt 0.911017 0.216247
vt 0.913427 0.216242
vt 0.912999 0.217316
vt 0.911825 0.21617
vt 0.914454 0.216172
vt 0.914633 0.217414
vt 0.913427 0.216242
vt 0.915598 0.216245
vt 0.914633 0.217414
vt 0.914454 0.216172
vt 0.916625 0.216244
vt 0.915914 0.217315
vt 0.915598 0.216245
vt 0.917342 0.216237
vt 0.916862 0.217314
vt 0.916625 0.216244
vt 0.917737 0.216247
vt 0.917484 0.217315
vt 0.917342 0.216237
vt 0.884009 0.216176
vt 0.883498 0.217418
vt 0.88185 0.216251
vt 0.849083 0.216246
vt 0.849076 0.217366
vt 0.849144 0.216179
vt 0.917775 0.212689
vt 0.917834 0.213812
vt 0.917825 0.212624
vt 0.905391 0.212678
vt 0.906433 0.2138
vt 0.906746 0.212623
vt 0.904306 0.212606
vt 0.904963 0.213864
vt 0.905391 0.212678
vt 0.902526 0.212676
vt 0.902552 0.213748
vt 0.904306 0.212606
vt 0.901382 0.212601
vt 0.902552 0.213748
vt 0.902526 0.212676
vt 0.898771 0.212672
vt 0.899544 0.213749
vt 0.901382 0.212601
vt 0.895678 0.212678
vt 0.896412 0.213748
vt 0.898771 0.212672
vt 0.892526 0.212677
vt 0.893233 0.213747
vt 0.895678 0.212678
vt 0.890053 0.212674
vt 0.890035 0.213747
vt 0.892526 0.212677
vt 0.887674 0.212674
vt 0.890035 0.213747
vt 0.890053 0.212674
vt 0.857026 0.212623
vt 0.857881 0.2138
vt 0.85815 0.212676
vt 0.855897 0.21268
vt 0.85587 0.213748
vt 0.857026 0.212623
vt 0.855089 0.212603
vt 0.85587 0.213748
vt 0.855897 0.21268
vt 0.853487 0.212674
vt 0.853916 0.213748
vt 0.855089 0.212603
vt 0.85246 0.212604
vt 0.852281 0.213847
vt 0.853487 0.212674
vt 0.851316 0.212678
vt 0.852281 0.213847
vt 0.85246 0.212604
vt 0.85029 0.212677
vt 0.850485 0.213747
vt 0.851316 0.212678
vt 0.849722 0.212674
vt 0.849702 0.213747
vt 0.85029 0.212677
vt 0.849333 0.212674
vt 0.849702 0.213747
vt 0.849722 0.212674
vt 0.882906 0.212609
vt 0.88343 0.213799
vt 0.885404 0.212612
vt 0.862155 0.212679
vt 0.860482 0.2138
vt 0.860169 0.212623
vt 0.864388 0.212676
vt 0.864362 0.213748
vt 0.862155 0.212679
vt 0.865533 0.212601
vt 0.864362 0.213748
vt 0.864388 0.212676
vt 0.867408 0.212674
vt 0.867371 0.213749
vt 0.865533 0.212601
vt 0.868624 0.212604
vt 0.867371 0.213749
vt 0.867408 0.212674
vt 0.871236 0.212678
vt 0.870502 0.213748
vt 0.868624 0.212604
vt 0.874389 0.212677
vt 0.873682 0.213747
vt 0.871236 0.212678
vt 0.876861 0.212674
vt 0.876879 0.213747
vt 0.874389 0.212677
vt 0.87924 0.212674
vt 0.876879 0.213747
vt 0.876861 0.212674
vt 0.910451 0.212679
vt 0.909033 0.2138
vt 0.908729 0.212623
vt 0.912058 0.212676
vt 0.911045 0.213748
vt 0.910451 0.212679
vt 0.912772 0.212602
vt 0.912999 0.213749
vt 0.912058 0.212676
vt 0.913856 0.212675
vt 0.912999 0.213749
vt 0.912772 0.212602
vt 0.914454 0.212604
vt 0.914633 0.213847
vt 0.913856 0.212675
vt 0.915598 0.212678
vt 0.914633 0.213847
vt 0.914454 0.212604
vt 0.916625 0.212677
vt 0.915914 0.213748
vt 0.915598 0.212678
vt 0.917342 0.21267
vt 0.916862 0.213747
vt 0.916625 0.212677
vt 0.917737 0.21268
vt 0.917484 0.213748
vt 0.917342 0.21267
vt 0.884009 0.212609
vt 0.883498 0.213851
vt 0.88151 0.212612
vt 0.917775 0.209122
vt 0.917834 0.210245
vt 0.917825 0.209057
vt 0.904759 0.209112
vt 0.906433 0.210233
vt 0.906722 0.209109
vt 0.902526 0.209109
vt 0.903994 0.210181
vt 0.904759 0.209112
vt 0.901382 0.209034
vt 0.901067 0.210181
vt 0.902526 0.209109
vt 0.899507 0.209107
vt 0.901067 0.210181
vt 0.901382 0.209034
vt 0.89725 0.209113
vt 0.897946 0.21028
vt 0.899507 0.209107
vt 0.894896 0.209055
vt 0.895872 0.210291
vt 0.89725 0.209113
vt 0.892526 0.20911
vt 0.893233 0.21018
vt 0.894896 0.209055
vt 0.890053 0.209107
vt 0.890035 0.21018
vt 0.892526 0.20911
vt 0.887674 0.209107
vt 0.890035 0.21018
vt 0.890053 0.209107
vt 0.856463 0.209112
vt 0.857881 0.210233
vt 0.858185 0.209056
vt 0.854856 0.209109
vt 0.85587 0.210181
vt 0.856463 0.209112
vt 0.854141 0.209034
vt 0.853916 0.210181
vt 0.854856 0.209109
vt 0.853059 0.209107
vt 0.853916 0.210181
vt 0.854141 0.209034
vt 0.85246 0.209037
vt 0.852281 0.21028
vt 0.853059 0.209107
vt 0.851316 0.209111
vt 0.852281 0.21028
vt 0.85246 0.209037
vt 0.85029 0.20911
vt 0.850485 0.21018
vt 0.851316 0.209111
vt 0.849722 0.209106
vt 0.849702 0.21018
vt 0.85029 0.20911
vt 0.849333 0.209107
vt 0.849702 0.21018
vt 0.849722 0.209106
vt 0.882906 0.209042
vt 0.883417 0.210284
vt 0.885064 0.209117
vt 0.862155 0.209112
vt 0.860482 0.210233
vt 0.860193 0.209109
vt 0.864388 0.209109
vt 0.86292 0.210181
vt 0.862155 0.209112
vt 0.866598 0.209107
vt 0.865847 0.210181
vt 0.864388 0.209109
vt 0.868624 0.209037
vt 0.868968 0.21028
vt 0.866598 0.209107
vt 0.871236 0.209111
vt 0.868968 0.21028
vt 0.868624 0.209037
vt 0.874389 0.20911
vt 0.873682 0.21018
vt 0.871236 0.209111
vt 0.876861 0.209107
vt 0.876879 0.21018
vt 0.874389 0.20911
vt 0.87924 0.209107
vt 0.876879 0.21018
vt 0.876861 0.209107
vt 0.910451 0.209112
vt 0.909033 0.210233
vt 0.908764 0.209109
vt 0.912058 0.209109
vt 0.911045 0.210181
vt 0.910451 0.209112
vt 0.913427 0.209107
vt 0.912999 0.210181
vt 0.912058 0.209109
vt 0.914454 0.209037
vt 0.914633 0.21028
vt 0.913427 0.209107
vt 0.915598 0.209111
vt 0.914633 0.21028
vt 0.914454 0.209037
vt 0.916625 0.20911
vt 0.915914 0.210181
vt 0.915598 0.209111
vt 0.917342 0.209103
vt 0.916862 0.21018
vt 0.916625 0.20911
vt 0.917737 0.209113
vt 0.917484 0.210181
vt 0.917342 0.209103
vt 0.884009 0.209042
vt 0.883498 0.210284
vt 0.88185 0.209117
vt 0.857608 0.219607
vt 0.854026 0.219616
vt 0.851311 0.219617
vt 0.848518 0.219617
vt 0.853527 0.219606
vt 0.854989 0.219605
vt 0.860446 0.219606
vt 0.860392 0.219616
vt 0.854026 0.219616
vt 0.857608 0.219607
vt 0.851311 0.219617
vt 0.854989 0.219605
vt 0.854026 0.219616
vt 0.857608 0.219607
vt 0.860446 0.219606
vt 0.852342 0.219599
vt 0.846879 0.21962
vt 0.84543 0.219616
vt 0.851485 0.219598
vt 0.851716 0.2196
vt 0.84543 0.219616
vt 0.845146 0.219629
vt 0.851485 0.219598
vt 0.84543 0.219616
vt 0.846879 0.21962
vt 0.852342 0.219599
vt 0.853527 0.219606
vt 0.853527 0.219606
vt 0.848518 0.219617
vt 0.846879 0.21962
vt 0.84543 0.219616
vt 0.851716 0.2196
vt 0.852342 0.219599
vt 0.876118 0.219616
vt 0.871256 0.219618
vt 0.875281 0.219595
vt 0.871256 0.219618
vt 0.866905 0.219618
vt 0.872037 0.219609
vt 0.872037 0.219609
vt 0.860392 0.219616
vt 0.867257 0.219607
vt 0.882764 0.21962
vt 0.876118 0.219616
vt 0.882788 0.219598
vt 0.878969 0.2196
vt 0.882788 0.219598
vt 0.876118 0.219616
vt 0.863119 0.2196
vt 0.867257 0.219607
vt 0.860392 0.219616
vt 0.860446 0.219606
vt 0.863119 0.2196
vt 0.860392 0.219616
vt 0.875281 0.219595
vt 0.878969 0.2196
vt 0.876118 0.219616
vt 0.875281 0.219595
vt 0.871256 0.219618
vt 0.872037 0.219609
vt 0.846692 0.219616
vt 0.851687 0.219609
vt 0.845429 0.219617
vt 0.851485 0.219598
vt 0.845146 0.219629
vt 0.845429 0.219617
vt 0.845429 0.219617
vt 0.851687 0.219609
vt 0.851485 0.219598
vt 0.846692 0.219616
vt 0.85379 0.219599
vt 0.852342 0.219599
vt 0.846692 0.219616
vt 0.852342 0.219599
vt 0.851687 0.219609
vt 0.849219 0.219616
vt 0.85379 0.219599
vt 0.846692 0.219616
vt 0.85379 0.219599
vt 0.849219 0.219616
vt 0.855589 0.21961
vt 0.853649 0.219617
vt 0.858735 0.2196
vt 0.855589 0.21961
vt 0.86039 0.219616
vt 0.861182 0.219606
vt 0.853649 0.219617
vt 0.861182 0.219606
vt 0.858735 0.2196
vt 0.853649 0.219617
vt 0.861182 0.219606
vt 0.86039 0.219616
vt 0.863818 0.219606
vt 0.86039 0.219616
vt 0.867994 0.219595
vt 0.865912 0.219594
vt 0.865912 0.219594
vt 0.863818 0.219606
vt 0.86039 0.219616
vt 0.867994 0.219595
vt 0.86039 0.219616
vt 0.863708 0.219627
vt 0.871456 0.219599
vt 0.867994 0.219595
vt 0.868298 0.21962
vt 0.875959 0.219599
vt 0.871456 0.219599
vt 0.868298 0.21962
vt 0.879566 0.219596
vt 0.875959 0.219599
vt 0.876116 0.21962
vt 0.879566 0.219596
vt 0.876116 0.21962
vt 0.879729 0.219616
vt 0.876116 0.21962
vt 0.875959 0.219599
vt 0.868298 0.21962
vt 0.868298 0.21962
vt 0.867994 0.219595
vt 0.863708 0.219627
vt 0.881512 0.219622
vt 0.882788 0.219598
vt 0.879729 0.219616
vt 0.886587 0.219601
vt 0.882788 0.219598
vt 0.881512 0.219622
vt 0.882788 0.219598
vt 0.879566 0.219596
vt 0.879729 0.219616
vt 0.882764 0.21962
vt 0.882788 0.219598
vt 0.887585 0.21961
vt 0.88944 0.219617
vt 0.890964 0.2196
vt 0.89592 0.219616
vt 0.887585 0.21961
vt 0.890964 0.2196
vt 0.88944 0.219617
vt 0.902037 0.219616
vt 0.899658 0.219607
vt 0.908649 0.219619
vt 0.895458 0.219599
vt 0.902037 0.219616
vt 0.89592 0.219616
vt 0.890964 0.2196
vt 0.895458 0.219599
vt 0.89592 0.219616
vt 0.899658 0.219607
vt 0.902037 0.219616
vt 0.895458 0.219599
vt 0.908649 0.219619
vt 0.899658 0.219607
vt 0.902999 0.219596
vt 0.908649 0.219619
vt 0.902999 0.219596
vt 0.90574 0.219607
vt 0.90574 0.219607
vt 0.910538 0.219619
vt 0.908649 0.219619
vt 0.90574 0.219607
vt 0.908227 0.219606
vt 0.910538 0.219619
vt 0.913355 0.219616
vt 0.908227 0.219606
vt 0.911106 0.219607
vt 0.911106 0.219607
vt 0.913385 0.219611
vt 0.9166 0.219616
vt 0.913355 0.219616
vt 0.911106 0.219607
vt 0.9166 0.219616
vt 0.915337 0.219614
vt 0.915364 0.219597
vt 0.92543 0.219616
vt 0.898078 0.219601
vt 0.894855 0.219606
vt 0.900528 0.219616
vt 0.901003 0.219594
vt 0.898078 0.219601
vt 0.900528 0.219616
vt 0.894855 0.219606
vt 0.890965 0.2196
vt 0.897493 0.219616
vt 0.908877 0.219624
vt 0.903788 0.219601
vt 0.906316 0.219617
vt 0.908877 0.219624
vt 0.906464 0.219607
vt 0.903788 0.219601
vt 0.906316 0.219617
vt 0.903788 0.219601
vt 0.901003 0.219594
vt 0.911187 0.219622
vt 0.908762 0.219609
vt 0.906464 0.219607
vt 0.890965 0.2196
vt 0.886587 0.219601
vt 0.894442 0.219617
vt 0.890139 0.219617
vt 0.894442 0.219617
vt 0.886587 0.219601
vt 0.881512 0.219622
vt 0.890139 0.219617
vt 0.886587 0.219601
vt 0.900528 0.219616
vt 0.894855 0.219606
vt 0.897493 0.219616
vt 0.894442 0.219617
vt 0.897493 0.219616
vt 0.890965 0.2196
vt 0.900528 0.219616
vt 0.906316 0.219617
vt 0.901003 0.219594
vt 0.92543 0.219616
vt 0.915364 0.219597
vt 0.914872 0.219614
vt 0.923262 0.219619
vt 0.914872 0.219614
vt 0.913386 0.219609
vt 0.911106 0.219607
vt 0.908762 0.219609
vt 0.914822 0.219616
vt 0.908877 0.219624
vt 0.911187 0.219622
vt 0.906464 0.219607
vt 0.917854 0.219622
vt 0.913386 0.219609
vt 0.911106 0.219607
vt 0.917854 0.219622
vt 0.911106 0.219607
vt 0.914822 0.219616
vt 0.845415 0.223561
vt 0.845296 0.223681
vt 0.845112 0.223492
vt 0.846421 0.223543
vt 0.847458 0.223644
vt 0.846414 0.223687
vt 0.84857 0.223546
vt 0.847458 0.223644
vt 0.847764 0.223478
vt 0.84933 0.223561
vt 0.849576 0.223687
vt 0.84857 0.223546
vt 0.850161 0.223539
vt 0.849576 0.223687
vt 0.84933 0.223561
vt 0.85379 0.223493
vt 0.855119 0.223545
vt 0.853338 0.223661
vt 0.857815 0.223653
vt 0.855711 0.22369
vt 0.856458 0.22354
vt 0.859937 0.223582
vt 0.857815 0.223653
vt 0.858255 0.223497
vt 0.863169 0.22365
vt 0.860221 0.223687
vt 0.859937 0.223582
vt 0.863169 0.22365
vt 0.866506 0.223646
vt 0.863968 0.223684
vt 0.866506 0.223646
vt 0.869584 0.223681
vt 0.867281 0.223683
vt 0.869176 0.223486
vt 0.871211 0.223542
vt 0.869584 0.223681
vt 0.873303 0.223661
vt 0.869584 0.223681
vt 0.871211 0.223542
vt 0.878211 0.223499
vt 0.877156 0.223625
vt 0.875774 0.223477
vt 0.878211 0.223499
vt 0.880143 0.223546
vt 0.877156 0.223625
vt 0.888456 0.223682
vt 0.885663 0.223687
vt 0.885367 0.223556
vt 0.896673 0.223556
vt 0.894053 0.223648
vt 0.894341 0.223485
vt 0.899365 0.223681
vt 0.896797 0.223688
vt 0.896673 0.223556
vt 0.89992 0.223495
vt 0.899365 0.223681
vt 0.898119 0.223505
vt 0.902114 0.223483
vt 0.904459 0.223551
vt 0.901873 0.223653
vt 0.906978 0.223675
vt 0.90433 0.223688
vt 0.904459 0.223551
vt 0.908126 0.223506
vt 0.906978 0.223675
vt 0.906112 0.223484
vt 0.909724 0.223491
vt 0.909172 0.223656
vt 0.908126 0.223506
vt 0.916684 0.223678
vt 0.915181 0.223688
vt 0.915045 0.22359
vt 0.918239 0.223493
vt 0.918712 0.223593
vt 0.917879 0.22366
vt 0.918712 0.223593
vt 0.919664 0.223685
vt 0.917879 0.22366
vt 0.860765 0.22344
vt 0.859937 0.223582
vt 0.858255 0.223497
vt 0.853338 0.223661
vt 0.855711 0.22369
vt 0.851539 0.223688
vt 0.860221 0.223687
vt 0.855711 0.22369
vt 0.857815 0.223653
vt 0.860765 0.22344
vt 0.862567 0.223494
vt 0.859937 0.223582
vt 0.860221 0.223687
vt 0.863169 0.22365
vt 0.863968 0.223684
vt 0.915386 0.223481
vt 0.915045 0.22359
vt 0.913661 0.223495
vt 0.919128 0.223486
vt 0.918712 0.223593
vt 0.918239 0.223493
vt 0.894053 0.223648
vt 0.896797 0.223688
vt 0.891036 0.223677
vt 0.901873 0.223653
vt 0.90433 0.223688
vt 0.899365 0.223681
vt 0.906978 0.223675
vt 0.909172 0.223656
vt 0.911127 0.223682
vt 0.915045 0.22359
vt 0.91352 0.223587
vt 0.913661 0.223495
vt 0.918712 0.223593
vt 0.919632 0.223655
vt 0.919664 0.223685
vt 0.917879 0.22366
vt 0.919664 0.223685
vt 0.916684 0.223678
vt 0.846421 0.223543
vt 0.846791 0.219819
vt 0.847021 0.223498
vt 0.847764 0.223478
vt 0.847021 0.223498
vt 0.847714 0.219844
vt 0.84933 0.223561
vt 0.84857 0.223546
vt 0.849371 0.21981
vt 0.84857 0.223546
vt 0.847764 0.223478
vt 0.848644 0.219766
vt 0.849371 0.21981
vt 0.850161 0.223539
vt 0.84933 0.223561
vt 0.845112 0.223492
vt 0.845025 0.223566
vt 0.845041 0.219822
vt 0.845167 0.21975
vt 0.845324 0.219815
vt 0.845041 0.219822
vt 0.845041 0.219822
vt 0.845025 0.223566
vt 0.845003 0.219815
vt 0.845324 0.219815
vt 0.845112 0.223492
vt 0.845041 0.219822
vt 0.845692 0.219809
vt 0.845634 0.223541
vt 0.845324 0.219815
vt 0.845112 0.223492
vt 0.845324 0.219815
vt 0.845415 0.223561
vt 0.845415 0.223561
vt 0.845324 0.219815
vt 0.845634 0.223541
vt 0.84619 0.219738
vt 0.846421 0.223543
vt 0.845989 0.223542
vt 0.847714 0.219844
vt 0.847021 0.223498
vt 0.846791 0.219819
vt 0.850204 0.21976
vt 0.85113 0.219766
vt 0.850161 0.223539
vt 0.85113 0.219766
vt 0.851176 0.223551
vt 0.850161 0.223539
vt 0.848644 0.219766
vt 0.849371 0.21981
vt 0.84857 0.223546
vt 0.850204 0.21976
vt 0.850161 0.223539
vt 0.849371 0.21981
vt 0.847714 0.219844
vt 0.848644 0.219766
vt 0.847764 0.223478
vt 0.845692 0.219809
vt 0.845989 0.223542
vt 0.845634 0.223541
vt 0.856206 0.219765
vt 0.856458 0.22354
vt 0.855119 0.223545
vt 0.857426 0.219765
vt 0.858255 0.223497
vt 0.856458 0.22354
vt 0.860765 0.22344
vt 0.858255 0.223497
vt 0.858719 0.219759
vt 0.864269 0.223487
vt 0.862567 0.223494
vt 0.862878 0.219822
vt 0.853968 0.219773
vt 0.85379 0.223493
vt 0.852608 0.223532
vt 0.856206 0.219765
vt 0.855119 0.223545
vt 0.855039 0.219765
vt 0.858719 0.219759
vt 0.858255 0.223497
vt 0.857426 0.219765
vt 0.859961 0.219806
vt 0.860765 0.22344
vt 0.858719 0.219759
vt 0.856206 0.219765
vt 0.857426 0.219765
vt 0.856458 0.22354
vt 0.870491 0.21976
vt 0.871211 0.223542
vt 0.869176 0.223486
vt 0.872183 0.219765
vt 0.87357 0.223553
vt 0.871211 0.223542
vt 0.878211 0.223499
vt 0.875774 0.223477
vt 0.877863 0.219833
vt 0.87357 0.223553
vt 0.873733 0.219766
vt 0.875774 0.223477
vt 0.853968 0.219773
vt 0.852608 0.223532
vt 0.852386 0.219801
vt 0.846791 0.219819
vt 0.846421 0.223543
vt 0.84619 0.219738
vt 0.845692 0.219809
vt 0.84619 0.219738
vt 0.845989 0.223542
vt 0.862567 0.223494
vt 0.860765 0.22344
vt 0.862878 0.219822
vt 0.860984 0.219739
vt 0.860765 0.22344
vt 0.859961 0.219806
vt 0.860765 0.22344
vt 0.860984 0.219739
vt 0.862878 0.219822
vt 0.866527 0.223504
vt 0.864269 0.223487
vt 0.864852 0.219742
vt 0.87357 0.223553
vt 0.872183 0.219765
vt 0.873733 0.219766
vt 0.877863 0.219833
vt 0.875774 0.223477
vt 0.875991 0.219746
vt 0.872183 0.219765
vt 0.871211 0.223542
vt 0.870491 0.21976
vt 0.870491 0.21976
vt 0.869176 0.223486
vt 0.869016 0.219809
vt 0.864269 0.223487
vt 0.862878 0.219822
vt 0.864852 0.219742
vt 0.866527 0.223504
vt 0.864852 0.219742
vt 0.866764 0.219794
vt 0.869016 0.219809
vt 0.869176 0.223486
vt 0.866764 0.219794
vt 0.875991 0.219746
vt 0.875774 0.223477
vt 0.873733 0.219766
vt 0.880143 0.223546
vt 0.878211 0.223499
vt 0.877863 0.219833
vt 0.882493 0.219805
vt 0.881927 0.22354
vt 0.880127 0.219767
vt 0.881927 0.22354
vt 0.880143 0.223546
vt 0.880127 0.219767
vt 0.885877 0.219809
vt 0.885367 0.223556
vt 0.883626 0.223534
vt 0.882493 0.219805
vt 0.883626 0.223534
vt 0.881927 0.22354
vt 0.888667 0.219822
vt 0.888481 0.22351
vt 0.886684 0.223496
vt 0.889969 0.219747
vt 0.892015 0.219766
vt 0.891217 0.223484
vt 0.894341 0.223485
vt 0.891217 0.223484
vt 0.892015 0.219766
vt 0.888667 0.219822
vt 0.891217 0.223484
vt 0.888481 0.22351
vt 0.885877 0.219809
vt 0.886684 0.223496
vt 0.885367 0.223556
vt 0.898451 0.219766
vt 0.898119 0.223505
vt 0.896673 0.223556
vt 0.896804 0.21976
vt 0.896673 0.223556
vt 0.894341 0.223485
vt 0.906933 0.21977
vt 0.908126 0.223506
vt 0.906112 0.223484
vt 0.910919 0.219767
vt 0.911621 0.223496
vt 0.909724 0.223491
vt 0.913661 0.223495
vt 0.911621 0.223496
vt 0.913081 0.219773
vt 0.918239 0.223493
vt 0.91693 0.223503
vt 0.917622 0.219766
vt 0.91593 0.21976
vt 0.91693 0.223503
vt 0.915386 0.223481
vt 0.888667 0.219822
vt 0.886684 0.223496
vt 0.885877 0.219809
vt 0.882493 0.219805
vt 0.885877 0.219809
vt 0.883626 0.223534
vt 0.898119 0.223505
vt 0.898451 0.219766
vt 0.89992 0.223495
vt 0.901547 0.219766
vt 0.89992 0.223495
vt 0.900088 0.219812
vt 0.904459 0.223551
vt 0.902114 0.223483
vt 0.90479 0.219806
vt 0.901547 0.219766
vt 0.902114 0.223483
vt 0.89992 0.223495
vt 0.889969 0.219747
vt 0.891217 0.223484
vt 0.888667 0.219822
vt 0.906112 0.223484
vt 0.904459 0.223551
vt 0.90479 0.219806
vt 0.898451 0.219766
vt 0.896673 0.223556
vt 0.896804 0.21976
vt 0.89434 0.219798
vt 0.896804 0.21976
vt 0.894341 0.223485
vt 0.89434 0.219798
vt 0.894341 0.223485
vt 0.892015 0.219766
vt 0.902114 0.223483
vt 0.901547 0.219766
vt 0.903007 0.219763
vt 0.90479 0.219806
vt 0.906933 0.21977
vt 0.906112 0.223484
vt 0.900088 0.219812
vt 0.89992 0.223495
vt 0.898451 0.219766
vt 0.908126 0.223506
vt 0.906933 0.21977
vt 0.909122 0.219806
vt 0.911621 0.223496
vt 0.912086 0.219767
vt 0.913081 0.219773
vt 0.913661 0.223495
vt 0.913081 0.219773
vt 0.914526 0.219798
vt 0.91693 0.223503
vt 0.916819 0.219766
vt 0.917622 0.219766
vt 0.916819 0.219766
vt 0.91693 0.223503
vt 0.91593 0.21976
vt 0.912086 0.219767
vt 0.911621 0.223496
vt 0.910919 0.219767
vt 0.9197 0.223497
vt 0.919128 0.223486
vt 0.919701 0.219809
vt 0.915386 0.223481
vt 0.914526 0.219798
vt 0.91593 0.21976
vt 0.919128 0.223486
vt 0.918648 0.219807
vt 0.919701 0.219809
vt 0.880143 0.223546
vt 0.877863 0.219833
vt 0.880127 0.219767
vt 0.857193 0.223685
vt 0.853597 0.223681
vt 0.853824 0.223685
vt 0.853597 0.223681
vt 0.857193 0.223685
vt 0.85752 0.22368
vt 0.853824 0.223685
vt 0.851539 0.223688
vt 0.851011 0.223685
vt 0.849576 0.223687
vt 0.851011 0.223685
vt 0.851539 0.223688
vt 0.853597 0.223681
vt 0.851539 0.223688
vt 0.853824 0.223685
vt 0.868483 0.223685
vt 0.866522 0.223687
vt 0.861734 0.223685
vt 0.862737 0.223683
vt 0.861734 0.223685
vt 0.866522 0.223687
vt 0.861734 0.223685
vt 0.860221 0.223687
vt 0.857193 0.223685
vt 0.85752 0.22368
vt 0.857193 0.223685
vt 0.860221 0.223687
vt 0.860221 0.223687
vt 0.861734 0.223685
vt 0.862737 0.223683
vt 0.845524 0.223685
vt 0.846531 0.223687
vt 0.845691 0.223688
vt 0.845412 0.223685
vt 0.845524 0.223685
vt 0.845193 0.223681
vt 0.845193 0.223681
vt 0.845524 0.223685
vt 0.845691 0.223688
vt 0.847303 0.223681
vt 0.848324 0.223685
vt 0.849576 0.223687
vt 0.848324 0.223685
vt 0.851011 0.223685
vt 0.849576 0.223687
vt 0.847303 0.223681
vt 0.846531 0.223687
vt 0.848324 0.223685
vt 0.88321 0.223682
vt 0.889595 0.223685
vt 0.888456 0.223682
vt 0.888456 0.223682
vt 0.889595 0.223685
vt 0.891746 0.223686
vt 0.891746 0.223686
vt 0.889595 0.223685
vt 0.896678 0.223685
vt 0.895456 0.223688
vt 0.891746 0.223686
vt 0.896678 0.223685
vt 0.868483 0.223685
vt 0.870191 0.223687
vt 0.866522 0.223687
vt 0.873871 0.223687
vt 0.870191 0.223687
vt 0.868483 0.223685
vt 0.896678 0.223685
vt 0.899497 0.223682
vt 0.895456 0.223688
vt 0.903564 0.223685
vt 0.899497 0.223682
vt 0.896678 0.223685
vt 0.903564 0.223685
vt 0.903795 0.223686
vt 0.899497 0.223682
vt 0.845412 0.223685
vt 0.845193 0.223681
vt 0.845296 0.223681
vt 0.845296 0.223681
vt 0.84571 0.223687
vt 0.845412 0.223685
vt 0.845412 0.223685
vt 0.84571 0.223687
vt 0.846514 0.223685
vt 0.84571 0.223687
vt 0.846414 0.223687
vt 0.846514 0.223685
vt 0.846414 0.223687
vt 0.847818 0.223683
vt 0.846514 0.223685
vt 0.850977 0.223685
vt 0.847818 0.223683
vt 0.849576 0.223687
vt 0.850977 0.223685
vt 0.849576 0.223687
vt 0.851539 0.223688
vt 0.855758 0.223685
vt 0.850977 0.223685
vt 0.851539 0.223688
vt 0.851539 0.223688
vt 0.855711 0.22369
vt 0.855758 0.223685
vt 0.860221 0.223687
vt 0.855758 0.223685
vt 0.855711 0.22369
vt 0.860191 0.223685
vt 0.855758 0.223685
vt 0.860221 0.223687
vt 0.863968 0.223684
vt 0.860191 0.223685
vt 0.860221 0.223687
vt 0.867281 0.223683
vt 0.869584 0.223681
vt 0.872169 0.223687
vt 0.896797 0.223688
vt 0.893123 0.223685
vt 0.891036 0.223677
vt 0.90433 0.223688
vt 0.900171 0.223685
vt 0.899365 0.223681
vt 0.893123 0.223685
vt 0.896797 0.223688
vt 0.900171 0.223685
vt 0.896797 0.223688
vt 0.899365 0.223681
vt 0.900171 0.223685
vt 0.872169 0.223687
vt 0.878214 0.223688
vt 0.879088 0.223685
vt 0.885663 0.223687
vt 0.879088 0.223685
vt 0.878214 0.223688
vt 0.885663 0.223687
vt 0.886084 0.223686
vt 0.879088 0.223685
vt 0.888456 0.223682
vt 0.893123 0.223685
vt 0.886084 0.223686
vt 0.888456 0.223682
vt 0.891036 0.223677
vt 0.893123 0.223685
vt 0.888456 0.223682
vt 0.886084 0.223686
vt 0.885663 0.223687
vt 0.903564 0.223685
vt 0.906947 0.223686
vt 0.903795 0.223686
vt 0.909011 0.223686
vt 0.911127 0.223682
vt 0.906947 0.223686
vt 0.903564 0.223685
vt 0.909011 0.223686
vt 0.906947 0.223686
vt 0.911127 0.223682
vt 0.913714 0.223685
vt 0.913312 0.223676
vt 0.913714 0.223685
vt 0.915181 0.223688
vt 0.913312 0.223676
vt 0.913714 0.223685
vt 0.911127 0.223682
vt 0.909011 0.223686
vt 0.913714 0.223685
vt 0.917798 0.223685
vt 0.915181 0.223688
vt 0.916684 0.223678
vt 0.915181 0.223688
vt 0.917798 0.223685
vt 0.918309 0.223685
vt 0.916684 0.223678
vt 0.917798 0.223685
vt 0.919681 0.223684
vt 0.918309 0.223685
vt 0.917798 0.223685
vt 0.917798 0.223685
vt 0.920061 0.22368
vt 0.919681 0.223684
vt 0.920061 0.22368
vt 0.921745 0.223684
vt 0.919681 0.223684
vt 0.920061 0.22368
vt 0.921346 0.223685
vt 0.923269 0.223682
vt 0.921745 0.223684
vt 0.920061 0.22368
vt 0.922257 0.223682
vt 0.923269 0.223682
vt 0.922257 0.223682
vt 0.920061 0.22368
vt 0.921346 0.223685
vt 0.924462 0.223682
vt 0.923269 0.223682
vt 0.924462 0.223682
vt 0.921346 0.223685
vt 0.925372 0.223677
vt 0.943322 0.223682
vt 0.925372 0.223677
vt 0.947609 0.223689
vt 0.944404 0.223685
vt 0.943322 0.223682
vt 0.947609 0.223689
vt 0.947609 0.223689
vt 0.946042 0.223688
vt 0.944404 0.223685
vt 0.947609 0.223689
vt 0.946889 0.223687
vt 0.946042 0.223688
vt 0.946889 0.223687
vt 0.947609 0.223689
vt 0.947566 0.223689
vt 0.921553 0.223685
vt 0.925372 0.223677
vt 0.921346 0.223685
vt 0.919765 0.223683
vt 0.918556 0.223685
vt 0.919664 0.223685
vt 0.918556 0.223685
vt 0.915931 0.223685
vt 0.916684 0.223678
vt 0.916684 0.223678
vt 0.919664 0.223685
vt 0.918556 0.223685
vt 0.920782 0.223686
vt 0.919765 0.223683
vt 0.923269 0.223682
vt 0.921553 0.223685
vt 0.920782 0.223686
vt 0.924462 0.223682
vt 0.919765 0.223683
vt 0.919664 0.223685
vt 0.92182 0.223682
vt 0.922284 0.223684
vt 0.919765 0.223683
vt 0.92182 0.223682
vt 0.906978 0.223675
vt 0.911127 0.223682
vt 0.909011 0.223686
vt 0.90433 0.223688
vt 0.906978 0.223675
vt 0.905152 0.223685
vt 0.905152 0.223685
vt 0.906978 0.223675
vt 0.909011 0.223686
vt 0.913271 0.223687
vt 0.915181 0.223688
vt 0.915931 0.223685
vt 0.916684 0.223678
vt 0.915931 0.223685
vt 0.915181 0.223688
vt 0.911127 0.223682
vt 0.912439 0.223685
vt 0.909011 0.223686
vt 0.913271 0.223687
vt 0.912439 0.223685
vt 0.911127 0.223682
vt 0.915931 0.223685
vt 0.912439 0.223685
vt 0.913271 0.223687
vt 0.905152 0.223685
vt 0.900171 0.223685
vt 0.90433 0.223688
vt 0.943499 0.223682
vt 0.94444 0.22368
vt 0.946216 0.223688
vt 0.925434 0.223686
vt 0.925372 0.223677
vt 0.921553 0.223685
vt 0.943499 0.223682
vt 0.946216 0.223688
vt 0.925434 0.223686
vt 0.947038 0.223688
vt 0.947609 0.223689
vt 0.946216 0.223688
vt 0.94444 0.22368
vt 0.945183 0.223685
vt 0.946216 0.223688
vt 0.923269 0.223682
vt 0.919765 0.223683
vt 0.922284 0.223684
vt 0.924462 0.223682
vt 0.920782 0.223686
vt 0.923269 0.223682
vt 0.925434 0.223686
vt 0.921553 0.223685
vt 0.924462 0.223682
vt 0.919832 0.2235
vt 0.919806 0.223615
vt 0.921602 0.223507
vt 0.922289 0.223578
vt 0.922257 0.223682
vt 0.922494 0.223549
vt 0.922898 0.223493
vt 0.923319 0.223616
vt 0.923327 0.223505
vt 0.923319 0.223616
vt 0.923627 0.223508
vt 0.923327 0.223505
vt 0.923319 0.223616
vt 0.923269 0.223682
vt 0.923813 0.223653
vt 0.923813 0.223653
vt 0.924053 0.223509
vt 0.923627 0.223508
vt 0.924391 0.223559
vt 0.924462 0.223682
vt 0.924884 0.223549
vt 0.924462 0.223682
vt 0.925372 0.223677
vt 0.924884 0.223549
vt 0.921595 0.2235
vt 0.921836 0.223569
vt 0.919806 0.223615
vt 0.922191 0.223577
vt 0.92182 0.223682
vt 0.921836 0.223569
vt 0.922191 0.223577
vt 0.922284 0.223684
vt 0.92182 0.223682
vt 0.922353 0.223498
vt 0.922506 0.223542
vt 0.922191 0.223577
vt 0.923628 0.223503
vt 0.923319 0.223616
vt 0.92333 0.223496
vt 0.923628 0.223503
vt 0.923813 0.223653
vt 0.923319 0.223616
vt 0.924078 0.223511
vt 0.923813 0.223653
vt 0.923628 0.223503
vt 0.924404 0.22356
vt 0.924462 0.223682
vt 0.923813 0.223653
vt 0.923269 0.223682
vt 0.923813 0.223653
vt 0.924462 0.223682
vt 0.845193 0.223681
vt 0.845208 0.223548
vt 0.84504 0.223473
vt 0.849576 0.223687
vt 0.849189 0.223546
vt 0.84836 0.223546
vt 0.849576 0.223687
vt 0.850247 0.223535
vt 0.849189 0.223546
vt 0.852635 0.223544
vt 0.853597 0.223681
vt 0.85411 0.223483
vt 0.85752 0.22368
vt 0.858954 0.223546
vt 0.857457 0.223488
vt 0.860221 0.223687
vt 0.8605 0.223544
vt 0.858954 0.223546
vt 0.860221 0.223687
vt 0.862737 0.223683
vt 0.8605 0.223544
vt 0.865551 0.223545
vt 0.866522 0.223687
vt 0.867338 0.223547
vt 0.869101 0.223547
vt 0.870191 0.223687
vt 0.870753 0.223539
vt 0.870191 0.223687
vt 0.873303 0.223661
vt 0.870753 0.223539
vt 0.873303 0.223661
vt 0.874173 0.223545
vt 0.872457 0.223492
vt 0.873303 0.223661
vt 0.877162 0.223657
vt 0.874173 0.223545
vt 0.881647 0.223483
vt 0.882482 0.223608
vt 0.884351 0.223491
vt 0.88321 0.223682
vt 0.885708 0.223653
vt 0.882482 0.223608
vt 0.885708 0.223653
vt 0.886517 0.223498
vt 0.884351 0.223491
vt 0.888456 0.223682
vt 0.891746 0.223686
vt 0.890806 0.223562
vt 0.890806 0.223562
vt 0.891746 0.223686
vt 0.894244 0.223559
vt 0.895456 0.223688
vt 0.897196 0.223656
vt 0.894244 0.223559
vt 0.897196 0.223656
vt 0.898303 0.223497
vt 0.896097 0.22349
vt 0.899497 0.223682
vt 0.900741 0.223512
vt 0.898303 0.223497
vt 0.902183 0.223563
vt 0.903795 0.223686
vt 0.904314 0.223544
vt 0.906947 0.223686
vt 0.909172 0.223656
vt 0.906544 0.22356
vt 0.909172 0.223656
vt 0.909946 0.223499
vt 0.908255 0.223497
vt 0.913312 0.223676
vt 0.915082 0.223564
vt 0.913566 0.22349
vt 0.915181 0.223688
vt 0.916684 0.223678
vt 0.915082 0.223564
vt 0.916165 0.223504
vt 0.916684 0.223678
vt 0.917679 0.223494
vt 0.916684 0.223678
vt 0.918309 0.223685
vt 0.918449 0.223561
vt 0.918449 0.223561
vt 0.918309 0.223685
vt 0.91926 0.223549
vt 0.845025 0.223566
vt 0.845193 0.223681
vt 0.84504 0.223473
vt 0.854962 0.223582
vt 0.856075 0.223539
vt 0.85411 0.223483
vt 0.847303 0.223681
vt 0.846251 0.223661
vt 0.846531 0.223687
vt 0.873303 0.223661
vt 0.870191 0.223687
vt 0.873871 0.223687
vt 0.91926 0.223549
vt 0.919632 0.223655
vt 0.919698 0.223501
vt 0.919632 0.223655
vt 0.91926 0.223549
vt 0.918309 0.223685
vt 0.918309 0.223685
vt 0.919681 0.223684
vt 0.919632 0.223655
vt 0.94322 0.223438
vt 0.9433 0.223523
vt 0.925574 0.223495
vt 0.925372 0.223677
vt 0.943322 0.223682
vt 0.942821 0.223616
vt 0.943215 0.223527
vt 0.943057 0.223438
vt 0.925395 0.22351
vt 0.944007 0.223618
vt 0.943499 0.223682
vt 0.943486 0.223611
vt 0.94444 0.22368
vt 0.943499 0.223682
vt 0.944007 0.223618
vt 0.943215 0.223527
vt 0.942821 0.223616
vt 0.943723 0.223607
vt 0.921608 0.219802
vt 0.921831 0.219726
vt 0.919806 0.21969
vt 0.922354 0.219798
vt 0.9225 0.219756
vt 0.922191 0.219728
vt 0.9225 0.219756
vt 0.922923 0.219813
vt 0.923319 0.219689
vt 0.923628 0.219798
vt 0.923813 0.219653
vt 0.923319 0.219689
vt 0.923813 0.219653
vt 0.924017 0.2198
vt 0.924388 0.219752
vt 0.924388 0.219752
vt 0.924605 0.219631
vt 0.923813 0.219653
vt 0.924844 0.21976
vt 0.925398 0.219796
vt 0.925446 0.219634
vt 0.923262 0.219619
vt 0.923813 0.219653
vt 0.924264 0.219615
vt 0.925446 0.219634
vt 0.924264 0.219615
vt 0.924605 0.219631
vt 0.92182 0.219623
vt 0.9223 0.219728
vt 0.921831 0.219726
vt 0.922285 0.219621
vt 0.9223 0.219728
vt 0.92182 0.219623
vt 0.923319 0.219689
vt 0.923475 0.219799
vt 0.923292 0.219806
vt 0.923813 0.219653
vt 0.92423 0.219754
vt 0.923807 0.219801
vt 0.924605 0.219631
vt 0.92423 0.219754
vt 0.923813 0.219653
vt 0.924875 0.219752
vt 0.924471 0.2198
vt 0.92423 0.219754
vt 0.923813 0.219653
vt 0.923269 0.219623
vt 0.924264 0.219615
vt 0.923813 0.219653
vt 0.924264 0.219615
vt 0.924605 0.219631
vt 0.924264 0.219615
vt 0.92543 0.219616
vt 0.924605 0.219631
vt 0.845148 0.219653
vt 0.845167 0.21975
vt 0.845041 0.219822
vt 0.84543 0.219616
vt 0.845623 0.219644
vt 0.845167 0.21975
vt 0.84619 0.219738
vt 0.845692 0.219809
vt 0.845623 0.219644
vt 0.846879 0.21962
vt 0.84619 0.219738
vt 0.845623 0.219644
vt 0.847581 0.219718
vt 0.846791 0.219819
vt 0.846879 0.21962
vt 0.848518 0.219617
vt 0.848644 0.219766
vt 0.847581 0.219718
vt 0.847581 0.219718
vt 0.848644 0.219766
vt 0.847714 0.219844
vt 0.848518 0.219617
vt 0.849681 0.219643
vt 0.848644 0.219766
vt 0.849681 0.219643
vt 0.850204 0.21976
vt 0.849371 0.21981
vt 0.854026 0.219616
vt 0.8525 0.219688
vt 0.851311 0.219617
vt 0.853968 0.219773
vt 0.852386 0.219801
vt 0.8525 0.219688
vt 0.857005 0.219628
vt 0.856206 0.219765
vt 0.855039 0.219765
vt 0.857005 0.219628
vt 0.857426 0.219765
vt 0.856206 0.219765
vt 0.857005 0.219628
vt 0.858719 0.219759
vt 0.857426 0.219765
vt 0.863155 0.219629
vt 0.860984 0.219739
vt 0.860392 0.219616
vt 0.864852 0.219742
vt 0.862878 0.219822
vt 0.863155 0.219629
vt 0.866905 0.219618
vt 0.867818 0.219716
vt 0.864852 0.219742
vt 0.864852 0.219742
vt 0.867818 0.219716
vt 0.866764 0.219794
vt 0.871256 0.219618
vt 0.870491 0.21976
vt 0.867818 0.219716
vt 0.867818 0.219716
vt 0.870491 0.21976
vt 0.869016 0.219809
vt 0.876118 0.219616
vt 0.879088 0.219645
vt 0.875991 0.219746
vt 0.879088 0.219645
vt 0.880127 0.219767
vt 0.877863 0.219833
vt 0.879088 0.219645
vt 0.882764 0.21962
vt 0.880127 0.219767
vt 0.89592 0.219616
vt 0.896804 0.21976
vt 0.894118 0.219646
vt 0.894118 0.219646
vt 0.896804 0.21976
vt 0.89434 0.219798
vt 0.901547 0.219766
vt 0.900088 0.219812
vt 0.899367 0.219645
vt 0.902037 0.219616
vt 0.90502 0.219653
vt 0.903007 0.219763
vt 0.90502 0.219653
vt 0.906933 0.21977
vt 0.90479 0.219806
vt 0.910919 0.219767
vt 0.909122 0.219806
vt 0.908649 0.219619
vt 0.913355 0.219616
vt 0.914586 0.219653
vt 0.913081 0.219773
vt 0.914586 0.219653
vt 0.91593 0.21976
vt 0.914526 0.219798
vt 0.845148 0.219653
vt 0.845146 0.219629
vt 0.84543 0.219616
vt 0.846879 0.21962
vt 0.845623 0.219644
vt 0.84543 0.219616
vt 0.847714 0.219844
vt 0.846791 0.219819
vt 0.847581 0.219718
vt 0.88944 0.219617
vt 0.886007 0.219653
vt 0.882764 0.21962
vt 0.902037 0.219616
vt 0.899367 0.219645
vt 0.89592 0.219616
vt 0.913355 0.219616
vt 0.9166 0.219616
vt 0.914586 0.219653
vt 0.918447 0.219645
vt 0.919693 0.219623
vt 0.919634 0.219652
vt 0.845146 0.219629
vt 0.845173 0.219758
vt 0.845429 0.219617
vt 0.845431 0.219738
vt 0.845927 0.219645
vt 0.845429 0.219617
vt 0.845796 0.219814
vt 0.845927 0.219645
vt 0.845431 0.219738
vt 0.845796 0.219814
vt 0.846365 0.219723
vt 0.845927 0.219645
vt 0.847289 0.219652
vt 0.847626 0.219808
vt 0.848358 0.219688
vt 0.847289 0.219652
vt 0.848358 0.219688
vt 0.849219 0.219616
vt 0.848358 0.219688
vt 0.848874 0.219813
vt 0.849906 0.219736
vt 0.849219 0.219616
vt 0.849906 0.219736
vt 0.851124 0.219628
vt 0.851062 0.219822
vt 0.852513 0.219748
vt 0.851124 0.219628
vt 0.852513 0.219748
vt 0.853649 0.219617
vt 0.851124 0.219628
vt 0.853649 0.219617
vt 0.85463 0.219696
vt 0.856341 0.21963
vt 0.856341 0.21963
vt 0.856899 0.219819
vt 0.858233 0.219649
vt 0.859456 0.219796
vt 0.861009 0.219738
vt 0.858233 0.219649
vt 0.861009 0.219738
vt 0.863708 0.219627
vt 0.86039 0.219616
vt 0.863708 0.219627
vt 0.865028 0.21983
vt 0.865507 0.219648
vt 0.87124 0.219818
vt 0.874121 0.219727
vt 0.871545 0.21963
vt 0.874121 0.219727
vt 0.876116 0.21962
vt 0.871545 0.21963
vt 0.876116 0.21962
vt 0.877743 0.219696
vt 0.879729 0.219616
vt 0.883679 0.219759
vt 0.886007 0.219653
vt 0.881512 0.219622
vt 0.88642 0.219816
vt 0.889459 0.219754
vt 0.886007 0.219653
vt 0.890139 0.219617
vt 0.892217 0.219746
vt 0.894442 0.219617
vt 0.892217 0.219746
vt 0.89411 0.21981
vt 0.896227 0.21974
vt 0.894442 0.219617
vt 0.896227 0.21974
vt 0.897493 0.219616
vt 0.90125 0.21976
vt 0.903522 0.219658
vt 0.900528 0.219616
vt 0.903522 0.219658
vt 0.905898 0.219746
vt 0.906316 0.219617
vt 0.912981 0.219659
vt 0.914585 0.219688
vt 0.914822 0.219616
vt 0.912981 0.219659
vt 0.913575 0.219826
vt 0.914585 0.219688
vt 0.914585 0.219688
vt 0.915537 0.219792
vt 0.916362 0.219649
vt 0.845146 0.219629
vt 0.845003 0.219815
vt 0.845047 0.219818
vt 0.846688 0.219827
vt 0.846365 0.219723
vt 0.845796 0.219814
vt 0.886007 0.219653
vt 0.890139 0.219617
vt 0.881512 0.219622
vt 0.914822 0.219616
vt 0.911187 0.219622
vt 0.912981 0.219659
vt 0.916362 0.219649
vt 0.917854 0.219622
vt 0.914822 0.219616
vt 0.919716 0.219808
vt 0.919806 0.21969
vt 0.919633 0.219652
vt 0.919633 0.219652
vt 0.919806 0.21969
vt 0.91971 0.219624
vt 0.946563 0.219802
vt 0.943857 0.219872
vt 0.925373 0.2198
vt 0.946472 0.219693
vt 0.947499 0.219662
vt 0.946632 0.219622
vt 0.949019 0.219635
vt 0.949477 0.219831
vt 0.949978 0.219748
vt 0.949019 0.219635
vt 0.949978 0.219748
vt 0.950066 0.21962
vt 0.949978 0.219748
vt 0.950459 0.219824
vt 0.950619 0.219652
vt 0.950619 0.219652
vt 0.950944 0.219821
vt 0.951027 0.21963
vt 0.951027 0.21963
vt 0.951277 0.219818
vt 0.951277 0.219653
vt 0.951277 0.219653
vt 0.951459 0.219816
vt 0.951351 0.219628
vt 0.951488 0.219807
vt 0.951348 0.219651
vt 0.951351 0.219628
vt 0.951399 0.21982
vt 0.951133 0.21963
vt 0.951348 0.219651
vt 0.950411 0.219816
vt 0.949917 0.219786
vt 0.950351 0.219637
vt 0.94941 0.219821
vt 0.948707 0.219798
vt 0.949382 0.219631
vt 0.947972 0.219624
vt 0.947914 0.219705
vt 0.946943 0.219621
vt 0.947914 0.219705
vt 0.947426 0.219837
vt 0.946943 0.219621
vt 0.940421 0.219683
vt 0.946632 0.219622
vt 0.925446 0.219634
vt 0.947499 0.219662
vt 0.948168 0.219633
vt 0.946632 0.219622
vt 0.950619 0.219652
vt 0.951027 0.21963
vt 0.950066 0.21962
vt 0.951351 0.219628
vt 0.951027 0.21963
vt 0.951277 0.219653
vt 0.951348 0.219651
vt 0.951133 0.21963
vt 0.951351 0.219628
vt 0.950838 0.219654
vt 0.950351 0.219637
vt 0.951133 0.21963
vt 0.946563 0.219802
vt 0.92547 0.21969
vt 0.94646 0.219692
vt 0.849189 0.223546
vt 0.848874 0.219813
vt 0.84836 0.223546
vt 0.847638 0.22354
vt 0.847626 0.219808
vt 0.846778 0.223542
vt 0.847626 0.219808
vt 0.847638 0.22354
vt 0.84836 0.223546
vt 0.85143 0.223551
vt 0.852635 0.223544
vt 0.852513 0.219748
vt 0.852635 0.223544
vt 0.85411 0.223483
vt 0.85443 0.219817
vt 0.85143 0.223551
vt 0.851062 0.219822
vt 0.850247 0.223535
vt 0.850247 0.223535
vt 0.848874 0.219813
vt 0.849189 0.223546
vt 0.845003 0.219815
vt 0.845025 0.223566
vt 0.84504 0.223473
vt 0.84504 0.223473
vt 0.845208 0.223548
vt 0.845173 0.219758
vt 0.846778 0.223542
vt 0.846688 0.219827
vt 0.84592 0.223494
vt 0.845498 0.223568
vt 0.845431 0.219738
vt 0.845208 0.223548
vt 0.84592 0.223494
vt 0.845796 0.219814
vt 0.845498 0.223568
vt 0.87124 0.219818
vt 0.869101 0.223547
vt 0.870753 0.223539
vt 0.867338 0.223547
vt 0.869101 0.223547
vt 0.868036 0.219799
vt 0.865551 0.223545
vt 0.867338 0.223547
vt 0.865028 0.21983
vt 0.872457 0.223492
vt 0.87124 0.219818
vt 0.870753 0.223539
vt 0.877955 0.21982
vt 0.876902 0.223502
vt 0.879649 0.223496
vt 0.876902 0.223502
vt 0.87526 0.219822
vt 0.874173 0.223545
vt 0.874173 0.223545
vt 0.87124 0.219818
vt 0.872457 0.223492
vt 0.858954 0.223546
vt 0.856899 0.219819
vt 0.857457 0.223488
vt 0.8605 0.223544
vt 0.859456 0.219796
vt 0.858954 0.223546
vt 0.856075 0.223539
vt 0.85443 0.219817
vt 0.85411 0.223483
vt 0.857457 0.223488
vt 0.856899 0.219819
vt 0.856075 0.223539
vt 0.86218 0.223497
vt 0.863796 0.223552
vt 0.862741 0.219811
vt 0.865028 0.21983
vt 0.863796 0.223552
vt 0.865551 0.223545
vt 0.86218 0.223497
vt 0.861009 0.219738
vt 0.8605 0.223544
vt 0.845003 0.219815
vt 0.84504 0.223473
vt 0.845047 0.219818
vt 0.845173 0.219758
vt 0.845208 0.223548
vt 0.845431 0.219738
vt 0.845047 0.219818
vt 0.84504 0.223473
vt 0.845173 0.219758
vt 0.851062 0.219822
vt 0.85143 0.223551
vt 0.852513 0.219748
vt 0.850247 0.223535
vt 0.851062 0.219822
vt 0.849906 0.219736
vt 0.852635 0.223544
vt 0.85443 0.219817
vt 0.852513 0.219748
vt 0.845431 0.219738
vt 0.845498 0.223568
vt 0.845796 0.219814
vt 0.845796 0.219814
vt 0.84592 0.223494
vt 0.846688 0.219827
vt 0.848874 0.219813
vt 0.847626 0.219808
vt 0.84836 0.223546
vt 0.849906 0.219736
vt 0.848874 0.219813
vt 0.850247 0.223535
vt 0.846688 0.219827
vt 0.846778 0.223542
vt 0.847626 0.219808
vt 0.87124 0.219818
vt 0.868036 0.219799
vt 0.869101 0.223547
vt 0.868036 0.219799
vt 0.865028 0.21983
vt 0.867338 0.223547
vt 0.87526 0.219822
vt 0.874121 0.219727
vt 0.874173 0.223545
vt 0.874121 0.219727
vt 0.87124 0.219818
vt 0.874173 0.223545
vt 0.856899 0.219819
vt 0.85443 0.219817
vt 0.856075 0.223539
vt 0.8605 0.223544
vt 0.861009 0.219738
vt 0.859456 0.219796
vt 0.856899 0.219819
vt 0.858954 0.223546
vt 0.859456 0.219796
vt 0.86218 0.223497
vt 0.862741 0.219811
vt 0.861009 0.219738
vt 0.865028 0.21983
vt 0.862741 0.219811
vt 0.863796 0.223552
vt 0.87526 0.219822
vt 0.876902 0.223502
vt 0.877955 0.21982
vt 0.881647 0.223483
vt 0.881047 0.219798
vt 0.879649 0.223496
vt 0.884351 0.223491
vt 0.883679 0.219759
vt 0.881647 0.223483
vt 0.888471 0.223512
vt 0.88642 0.219816
vt 0.886517 0.223498
vt 0.890806 0.223562
vt 0.889459 0.219754
vt 0.888471 0.223512
vt 0.892514 0.223501
vt 0.892217 0.219746
vt 0.890806 0.223562
vt 0.886517 0.223498
vt 0.88642 0.219816
vt 0.884351 0.223491
vt 0.894244 0.223559
vt 0.89411 0.21981
vt 0.892514 0.223501
vt 0.896097 0.22349
vt 0.89411 0.21981
vt 0.894244 0.223559
vt 0.902183 0.223563
vt 0.90125 0.21976
vt 0.900741 0.223512
vt 0.900741 0.223512
vt 0.899942 0.219749
vt 0.898303 0.223497
vt 0.898303 0.223497
vt 0.896227 0.21974
vt 0.896097 0.22349
vt 0.904314 0.223544
vt 0.903336 0.219814
vt 0.902183 0.223563
vt 0.906544 0.22356
vt 0.905898 0.219746
vt 0.904314 0.223544
vt 0.90704 0.21982
vt 0.906544 0.22356
vt 0.908255 0.223497
vt 0.911599 0.223498
vt 0.911425 0.219801
vt 0.909946 0.223499
vt 0.909946 0.223499
vt 0.909154 0.219803
vt 0.908255 0.223497
vt 0.911599 0.223498
vt 0.913566 0.22349
vt 0.913575 0.219826
vt 0.915082 0.223564
vt 0.913575 0.219826
vt 0.913566 0.22349
vt 0.916889 0.219826
vt 0.916165 0.223504
vt 0.917679 0.223494
vt 0.915537 0.219792
vt 0.915082 0.223564
vt 0.916165 0.223504
vt 0.918449 0.223561
vt 0.918173 0.21981
vt 0.917679 0.223494
vt 0.889459 0.219754
vt 0.890806 0.223562
vt 0.892217 0.219746
vt 0.89411 0.21981
vt 0.892217 0.219746
vt 0.892514 0.223501
vt 0.896227 0.21974
vt 0.898303 0.223497
vt 0.898357 0.219765
vt 0.899942 0.219749
vt 0.898357 0.219765
vt 0.898303 0.223497
vt 0.899942 0.219749
vt 0.900741 0.223512
vt 0.90125 0.21976
vt 0.89411 0.21981
vt 0.896097 0.22349
vt 0.896227 0.21974
vt 0.883679 0.219759
vt 0.884351 0.223491
vt 0.88642 0.219816
vt 0.883679 0.219759
vt 0.881047 0.219798
vt 0.881647 0.223483
vt 0.889459 0.219754
vt 0.88642 0.219816
vt 0.888471 0.223512
vt 0.905898 0.219746
vt 0.903336 0.219814
vt 0.904314 0.223544
vt 0.90125 0.21976
vt 0.902183 0.223563
vt 0.903336 0.219814
vt 0.909154 0.219803
vt 0.90704 0.21982
vt 0.908255 0.223497
vt 0.911425 0.219801
vt 0.909154 0.219803
vt 0.909946 0.223499
vt 0.918449 0.223561
vt 0.91926 0.223549
vt 0.919178 0.219815
vt 0.91926 0.223549
vt 0.919698 0.223501
vt 0.919716 0.219808
vt 0.919178 0.219815
vt 0.91926 0.223549
vt 0.919716 0.219808
vt 0.913575 0.219826
vt 0.911425 0.219801
vt 0.911599 0.223498
vt 0.90704 0.21982
vt 0.905898 0.219746
vt 0.906544 0.22356
vt 0.916889 0.219826
vt 0.915537 0.219792
vt 0.916165 0.223504
vt 0.913575 0.219826
vt 0.915082 0.223564
vt 0.915537 0.219792
vt 0.916889 0.219826
vt 0.917679 0.223494
vt 0.918173 0.21981
vt 0.918449 0.223561
vt 0.919178 0.219815
vt 0.918173 0.21981
vt 0.877955 0.21982
vt 0.879649 0.223496
vt 0.881047 0.219798
vt 0.919832 0.2235
vt 0.919862 0.219803
vt 0.919716 0.219808
vt 0.919862 0.219803
vt 0.919832 0.2235
vt 0.921608 0.219802
vt 0.924017 0.2198
vt 0.924053 0.223509
vt 0.924388 0.219752
vt 0.924388 0.219752
vt 0.924391 0.223559
vt 0.924844 0.21976
vt 0.921611 0.219813
vt 0.921836 0.223569
vt 0.921595 0.2235
vt 0.922353 0.223498
vt 0.922191 0.223577
vt 0.922145 0.219804
vt 0.922506 0.223542
vt 0.922353 0.223498
vt 0.922491 0.219759
vt 0.919831 0.219808
vt 0.921611 0.219813
vt 0.921595 0.2235
vt 0.922353 0.223498
vt 0.922145 0.219804
vt 0.9223 0.219728
vt 0.922506 0.223542
vt 0.922491 0.219759
vt 0.922923 0.219816
vt 0.922923 0.219816
vt 0.92333 0.223496
vt 0.922905 0.223496
vt 0.92333 0.223496
vt 0.923292 0.219806
vt 0.923475 0.219799
vt 0.924078 0.223511
vt 0.923628 0.223503
vt 0.923807 0.219801
vt 0.925332 0.223561
vt 0.924876 0.223537
vt 0.925373 0.2198
vt 0.924876 0.223537
vt 0.924404 0.22356
vt 0.924471 0.2198
vt 0.92333 0.223496
vt 0.922923 0.219816
vt 0.923292 0.219806
vt 0.92423 0.219754
vt 0.924471 0.2198
vt 0.924078 0.223511
vt 0.924404 0.22356
vt 0.924078 0.223511
vt 0.924471 0.2198
vt 0.925373 0.2198
vt 0.924876 0.223537
vt 0.924875 0.219752
vt 0.925574 0.223495
vt 0.925332 0.223561
vt 0.925373 0.2198
vt 0.924876 0.223537
vt 0.924471 0.2198
vt 0.924875 0.219752
vt 0.943857 0.219872
vt 0.925574 0.223495
vt 0.925373 0.2198
vt 0.925574 0.223495
vt 0.943857 0.219872
vt 0.94322 0.223438
vt 0.925395 0.22351
vt 0.943057 0.223438
vt 0.939702 0.219866
vt 0.925395 0.22351
vt 0.939702 0.219866
vt 0.925398 0.219796
vt 0.863155 0.219629
vt 0.860392 0.219616
vt 0.872037 0.219609
vt 0.848518 0.219617
vt 0.854989 0.219605
vt 0.851311 0.219617
vt 0.863155 0.219629
vt 0.872037 0.219609
vt 0.866905 0.219618
vt 0.887585 0.21961
vt 0.88944 0.219617
vt 0.882764 0.21962
vt 0.855589 0.21961
vt 0.849219 0.219616
vt 0.851124 0.219628
vt 0.853649 0.219617
vt 0.855589 0.21961
vt 0.851124 0.219628
vt 0.86039 0.219616
vt 0.853649 0.219617
vt 0.856341 0.21963
vt 0.876116 0.21962
vt 0.868298 0.21962
vt 0.871545 0.21963
vt 0.910538 0.219619
vt 0.908227 0.219606
vt 0.913355 0.219616
vt 0.913385 0.219611
vt 0.919693 0.219623
vt 0.9166 0.219616
vt 0.923269 0.219623
vt 0.913385 0.219611
vt 0.914402 0.219609
vt 0.923269 0.219623
vt 0.914402 0.219609
vt 0.915337 0.219614
vt 0.92182 0.219623
vt 0.919693 0.219623
vt 0.913385 0.219611
vt 0.922285 0.219621
vt 0.913385 0.219611
vt 0.923269 0.219623
vt 0.923269 0.219623
vt 0.915337 0.219614
vt 0.924264 0.219615
vt 0.915337 0.219614
vt 0.92543 0.219616
vt 0.924264 0.219615
vt 0.949382 0.219631
vt 0.947972 0.219624
vt 0.946943 0.219621
vt 0.950351 0.219637
vt 0.949382 0.219631
vt 0.946943 0.219621
vt 0.946943 0.219621
vt 0.951133 0.21963
vt 0.950351 0.219637
vt 0.946943 0.219621
vt 0.951351 0.219628
vt 0.951133 0.21963
vt 0.913385 0.219611
vt 0.922285 0.219621
vt 0.92182 0.219623
vt 0.913386 0.219609
vt 0.917854 0.219622
vt 0.91971 0.219624
vt 0.922257 0.219623
vt 0.923262 0.219619
vt 0.921745 0.219621
vt 0.92543 0.219616
vt 0.914872 0.219614
vt 0.924264 0.219615
vt 0.91971 0.219624
vt 0.923262 0.219619
vt 0.913386 0.219609
vt 0.91971 0.219624
vt 0.921745 0.219621
vt 0.923262 0.219619
vt 0.914822 0.219616
vt 0.908762 0.219609
vt 0.911187 0.219622
vt 0.946632 0.219622
vt 0.948168 0.219633
vt 0.92543 0.219616
vt 0.949019 0.219635
vt 0.92543 0.219616
vt 0.948168 0.219633
vt 0.951351 0.219628
vt 0.92543 0.219616
vt 0.951027 0.21963
vt 0.951027 0.21963
vt 0.92543 0.219616
vt 0.950066 0.21962
vt 0.949019 0.219635
vt 0.950066 0.21962
vt 0.92543 0.219616
vt 0.946943 0.219621
vt 0.92543 0.219616
vt 0.951351 0.219628
vt 0.92543 0.219616
vt 0.925446 0.219634
vt 0.946632 0.219622
vt 0.92543 0.219616
vt 0.924264 0.219615
vt 0.925446 0.219634
vt 0.923262 0.219619
vt 0.924264 0.219615
vt 0.914872 0.219614
vt 0.94855 0.223391
vt 0.948955 0.223087
vt 0.94805 0.223386
vt 0.948577 0.22339
vt 0.949045 0.223197
vt 0.94855 0.223391
vt 0.948577 0.22339
vt 0.949261 0.223091
vt 0.949045 0.223197
vt 0.948577 0.22339
vt 0.948411 0.223301
vt 0.949261 0.223091
vt 0.947421 0.223371
vt 0.946928 0.223267
vt 0.947994 0.223174
vt 0.944031 0.223635
vt 0.945404 0.222757
vt 0.943723 0.223607
vt 0.946596 0.223143
vt 0.946473 0.222742
vt 0.945552 0.223277
vt 0.948604 0.223078
vt 0.948521 0.222819
vt 0.947641 0.223289
vt 0.949045 0.223197
vt 0.949261 0.223091
vt 0.949481 0.222976
vt 0.946349 0.223244
vt 0.945993 0.223082
vt 0.94716 0.222766
vt 0.945027 0.223193
vt 0.944936 0.222888
vt 0.946098 0.222389
vt 0.9433 0.223523
vt 0.94322 0.223438
vt 0.944462 0.222863
vt 0.944225 0.222976
vt 0.943057 0.223438
vt 0.943215 0.223527
vt 0.948379 0.222949
vt 0.947852 0.222783
vt 0.948748 0.222689
vt 0.945404 0.222757
vt 0.945322 0.222184
vt 0.944225 0.222976
vt 0.946473 0.222742
vt 0.946689 0.222187
vt 0.945404 0.222757
vt 0.947473 0.2225
vt 0.947308 0.222183
vt 0.946473 0.222742
vt 0.949396 0.222553
vt 0.949169 0.222208
vt 0.948521 0.222819
vt 0.948748 0.222689
vt 0.948613 0.222371
vt 0.949506 0.222225
vt 0.94716 0.222766
vt 0.946774 0.222451
vt 0.947726 0.222171
vt 0.944936 0.222888
vt 0.944462 0.222863
vt 0.945784 0.221931
vt 0.944462 0.222863
vt 0.94322 0.223438
vt 0.945689 0.221455
vt 0.946689 0.222187
vt 0.946659 0.221611
vt 0.945404 0.222757
vt 0.949863 0.222419
vt 0.949506 0.222225
vt 0.950198 0.222083
vt 0.948613 0.222371
vt 0.948723 0.221843
vt 0.949287 0.221861
vt 0.948613 0.222371
vt 0.947726 0.222171
vt 0.948723 0.221843
vt 0.946774 0.222451
vt 0.946098 0.222389
vt 0.9474 0.221683
vt 0.946098 0.222389
vt 0.945784 0.221931
vt 0.946956 0.221494
vt 0.947308 0.222183
vt 0.9475 0.221503
vt 0.946689 0.222187
vt 0.947987 0.22184
vt 0.9475 0.221503
vt 0.947308 0.222183
vt 0.949506 0.222225
vt 0.949287 0.221861
vt 0.950013 0.221497
vt 0.947726 0.222171
vt 0.9474 0.221683
vt 0.948126 0.221458
vt 0.950482 0.221703
vt 0.950013 0.221497
vt 0.950706 0.221281
vt 0.948723 0.221843
vt 0.948126 0.221458
vt 0.94934 0.22125
vt 0.946956 0.221494
vt 0.945784 0.221931
vt 0.947141 0.220667
vt 0.946645 0.221064
vt 0.946748 0.219846
vt 0.945322 0.222184
vt 0.9475 0.221503
vt 0.947434 0.220624
vt 0.946659 0.221611
vt 0.948352 0.221043
vt 0.947959 0.220597
vt 0.9475 0.221503
vt 0.950373 0.221276
vt 0.95042 0.220822
vt 0.949732 0.221266
vt 0.950786 0.221283
vt 0.950872 0.220826
vt 0.950373 0.221276
vt 0.951057 0.221287
vt 0.951179 0.220829
vt 0.950786 0.221283
vt 0.951187 0.221279
vt 0.951338 0.22083
vt 0.951057 0.221287
vt 0.95114 0.221288
vt 0.950956 0.220826
vt 0.951334 0.22083
vt 0.950706 0.221281
vt 0.950451 0.220592
vt 0.950956 0.220826
vt 0.950013 0.221497
vt 0.949939 0.22059
vt 0.950451 0.220592
vt 0.94934 0.22125
vt 0.949439 0.220587
vt 0.949939 0.22059
vt 0.94934 0.22125
vt 0.948728 0.220589
vt 0.949439 0.220587
vt 0.948126 0.221458
vt 0.948016 0.220568
vt 0.948728 0.220589
vt 0.945459 0.220763
vt 0.94322 0.223438
vt 0.943857 0.219872
vt 0.943057 0.223438
vt 0.944758 0.219881
vt 0.939702 0.219866
vt 0.949051 0.221048
vt 0.949422 0.220351
vt 0.948586 0.220347
vt 0.95042 0.220822
vt 0.950618 0.220352
vt 0.949957 0.220586
vt 0.950872 0.220826
vt 0.951046 0.220352
vt 0.950618 0.220352
vt 0.951179 0.220829
vt 0.951326 0.220352
vt 0.951046 0.220352
vt 0.951338 0.22083
vt 0.951453 0.220365
vt 0.951326 0.220352
vt 0.950451 0.220592
vt 0.950863 0.220352
vt 0.950956 0.220826
vt 0.945784 0.221931
vt 0.946563 0.219802
vt 0.947141 0.220667
vt 0.945689 0.221455
vt 0.946563 0.219802
vt 0.945784 0.221931
vt 0.943215 0.223527
vt 0.943723 0.223607
vt 0.944225 0.222976
vt 0.94805 0.223386
vt 0.946889 0.223687
vt 0.947566 0.223689
vt 0.947566 0.223689
vt 0.947609 0.223689
vt 0.948577 0.22339
vt 0.944404 0.223685
vt 0.94523 0.223671
vt 0.945552 0.223277
vt 0.946042 0.223688
vt 0.946596 0.223143
vt 0.94523 0.223671
vt 0.946889 0.223687
vt 0.947641 0.223289
vt 0.946042 0.223688
vt 0.944404 0.223685
vt 0.945552 0.223277
vt 0.944031 0.223635
vt 0.94523 0.223671
vt 0.946596 0.223143
vt 0.945552 0.223277
vt 0.946042 0.223688
vt 0.94708 0.223278
vt 0.946596 0.223143
vt 0.946042 0.223688
vt 0.947641 0.223289
vt 0.94708 0.223278
vt 0.946889 0.223687
vt 0.94805 0.223386
vt 0.947641 0.223289
vt 0.947566 0.223689
vt 0.94855 0.223391
vt 0.94805 0.223386
vt 0.947566 0.223689
vt 0.948577 0.22339
vt 0.94855 0.223391
vt 0.947038 0.223688
vt 0.948411 0.223301
vt 0.947609 0.223689
vt 0.947421 0.223371
vt 0.947038 0.223688
vt 0.946216 0.223688
vt 0.948577 0.22339
vt 0.947609 0.223689
vt 0.948411 0.223301
vt 0.946216 0.223688
vt 0.945183 0.223685
vt 0.946928 0.223267
vt 0.94444 0.22368
vt 0.945993 0.223082
vt 0.945183 0.223685
vt 0.944936 0.222888
vt 0.944007 0.223618
vt 0.943486 0.223611
vt 0.944007 0.223618
vt 0.945027 0.223193
vt 0.94444 0.22368
vt 0.947038 0.223688
vt 0.947421 0.223371
vt 0.948411 0.223301
vt 0.945183 0.223685
vt 0.946349 0.223244
vt 0.946928 0.223267
vt 0.946216 0.223688
vt 0.946928 0.223267
vt 0.947421 0.223371
vt 0.945183 0.223685
vt 0.945993 0.223082
vt 0.946349 0.223244
vt 0.94444 0.22368
vt 0.945027 0.223193
vt 0.945993 0.223082
vt 0.944007 0.223618
vt 0.944936 0.222888
vt 0.945027 0.223193
vt 0.943486 0.223611
vt 0.9433 0.223523
vt 0.944462 0.222863
vt 0.943486 0.223611
vt 0.944462 0.222863
vt 0.944936 0.222888
vt 0.947434 0.220624
vt 0.947685 0.219837
vt 0.94723 0.219839
vt 0.947959 0.220597
vt 0.948227 0.219832
vt 0.947685 0.219837
vt 0.948586 0.220347
vt 0.948792 0.219833
vt 0.948227 0.219832
vt 0.949957 0.220586
vt 0.949978 0.219748
vt 0.949477 0.219831
vt 0.949957 0.220586
vt 0.950459 0.219824
vt 0.949978 0.219748
vt 0.950618 0.220352
vt 0.950944 0.219821
vt 0.950459 0.219824
vt 0.951046 0.220352
vt 0.951277 0.219818
vt 0.950944 0.219821
vt 0.951326 0.220352
vt 0.951459 0.219816
vt 0.951277 0.219818
vt 0.951453 0.220365
vt 0.951488 0.219807
vt 0.951459 0.219816
vt 0.951488 0.219807
vt 0.951421 0.220353
vt 0.951399 0.21982
vt 0.950855 0.219827
vt 0.950451 0.220592
vt 0.950411 0.219816
vt 0.947426 0.219837
vt 0.947141 0.220667
vt 0.946563 0.219802
vt 0.948044 0.219824
vt 0.948016 0.220568
vt 0.947426 0.219837
vt 0.946563 0.219802
vt 0.945459 0.220763
vt 0.943857 0.219872
vt 0.902055 0.226381
vt 0.901765 0.226378
vt 0.90054 0.226372
vt 0.902055 0.226381
vt 0.902573 0.226377
vt 0.901765 0.226378
vt 0.883801 0.223212
vt 0.885325 0.223069
vt 0.883767 0.223074
vt 0.881939 0.223101
vt 0.883801 0.223212
vt 0.883767 0.223074
vt 0.891562 0.223102
vt 0.890692 0.223206
vt 0.891608 0.223216
vt 0.886427 0.223103
vt 0.887789 0.22321
vt 0.887399 0.223077
vt 0.893677 0.223102
vt 0.894643 0.223222
vt 0.89457 0.223107
vt 0.891562 0.223102
vt 0.892718 0.223214
vt 0.892694 0.22306
vt 0.893749 0.223232
vt 0.893677 0.223102
vt 0.892718 0.223214
vt 0.894643 0.223222
vt 0.895213 0.223098
vt 0.89457 0.223107
vt 0.895337 0.223225
vt 0.895645 0.223095
vt 0.895213 0.223098
vt 0.89616 0.223225
vt 0.895901 0.223095
vt 0.896073 0.2231
vt 0.895795 0.223225
vt 0.896074 0.223222
vt 0.89587 0.223098
vt 0.896074 0.223222
vt 0.896119 0.223172
vt 0.896052 0.223106
vt 0.89616 0.223225
vt 0.896073 0.2231
vt 0.896119 0.223172
vt 0.874216 0.223073
vt 0.873419 0.223208
vt 0.873216 0.223065
vt 0.895963 0.223225
vt 0.895477 0.223216
vt 0.895683 0.223097
vt 0.893329 0.223227
vt 0.893539 0.2231
vt 0.894201 0.223164
vt 0.890258 0.223204
vt 0.889718 0.223092
vt 0.891027 0.223104
vt 0.889006 0.223224
vt 0.889718 0.223092
vt 0.890258 0.223204
vt 0.888686 0.223102
vt 0.887527 0.223204
vt 0.887579 0.223064
vt 0.884979 0.223208
vt 0.88551 0.223065
vt 0.886344 0.223159
vt 0.884375 0.223101
vt 0.883426 0.223209
vt 0.883018 0.223061
vt 0.882215 0.223204
vt 0.881559 0.22309
vt 0.883018 0.223061
vt 0.880621 0.223224
vt 0.881559 0.22309
vt 0.882215 0.223204
vt 0.880621 0.223224
vt 0.880106 0.223107
vt 0.881559 0.22309
vt 0.880621 0.223224
vt 0.878782 0.223207
vt 0.880106 0.223107
vt 0.880106 0.223107
vt 0.878782 0.223207
vt 0.879394 0.223069
vt 0.878782 0.223207
vt 0.877149 0.223204
vt 0.87797 0.223066
vt 0.877149 0.223204
vt 0.876338 0.223177
vt 0.87797 0.223066
vt 0.875005 0.223099
vt 0.874074 0.223205
vt 0.874216 0.223073
vt 0.870933 0.223222
vt 0.871316 0.223105
vt 0.871037 0.2231
vt 0.873419 0.223208
vt 0.872685 0.223205
vt 0.873216 0.223065
vt 0.872685 0.223205
vt 0.872441 0.223066
vt 0.873216 0.223065
vt 0.871942 0.223224
vt 0.87204 0.223101
vt 0.872685 0.223205
vt 0.871478 0.223206
vt 0.87158 0.22307
vt 0.87204 0.223101
vt 0.871478 0.223206
vt 0.870989 0.223222
vt 0.871166 0.223102
vt 0.870831 0.223205
vt 0.870919 0.22307
vt 0.871166 0.223102
vt 0.870765 0.223204
vt 0.870933 0.223222
vt 0.871037 0.2231
vt 0.870765 0.223204
vt 0.871037 0.2231
vt 0.870888 0.223065
vt 0.871281 0.223224
vt 0.871931 0.223098
vt 0.871316 0.223105
vt 0.872526 0.223204
vt 0.873521 0.223062
vt 0.872498 0.223067
vt 0.871316 0.223105
vt 0.871931 0.223098
vt 0.871549 0.22307
vt 0.871931 0.223098
vt 0.872526 0.223204
vt 0.872498 0.223067
vt 0.873601 0.223204
vt 0.874573 0.223067
vt 0.873521 0.223062
vt 0.895895 0.219652
vt 0.888329 0.219647
vt 0.89564 0.219653
vt 0.87495 0.223206
vt 0.875664 0.223083
vt 0.874573 0.223067
vt 0.8764 0.223223
vt 0.875664 0.223083
vt 0.87495 0.223206
vt 0.8764 0.223223
vt 0.876716 0.223095
vt 0.875664 0.223083
vt 0.876716 0.223095
vt 0.87777 0.223205
vt 0.877771 0.223066
vt 0.87777 0.223205
vt 0.878959 0.223222
vt 0.878908 0.223105
vt 0.875911 0.219647
vt 0.886748 0.219647
vt 0.888329 0.219647
vt 0.871206 0.219645
vt 0.895895 0.219652
vt 0.893882 0.219647
vt 0.872692 0.219658
vt 0.872087 0.219834
vt 0.872018 0.219681
vt 0.888329 0.219647
vt 0.893463 0.219647
vt 0.89564 0.219653
vt 0.870955 0.219664
vt 0.871206 0.219645
vt 0.870904 0.219839
vt 0.871206 0.219645
vt 0.871509 0.219677
vt 0.871171 0.219829
vt 0.871619 0.219835
vt 0.871509 0.219677
vt 0.872018 0.219681
vt 0.874448 0.219768
vt 0.873747 0.219648
vt 0.875188 0.219669
vt 0.872692 0.219658
vt 0.873747 0.219648
vt 0.873298 0.219771
vt 0.873298 0.219771
vt 0.874448 0.219768
vt 0.873824 0.219833
vt 0.893882 0.219647
vt 0.893182 0.2198
vt 0.892462 0.219658
vt 0.875369 0.219833
vt 0.875188 0.219669
vt 0.876462 0.219782
vt 0.876462 0.219782
vt 0.877885 0.219678
vt 0.877375 0.219848
vt 0.878566 0.21983
vt 0.877885 0.219678
vt 0.87903 0.219657
vt 0.88018 0.219827
vt 0.87903 0.219657
vt 0.880833 0.219687
vt 0.880833 0.219687
vt 0.883063 0.219682
vt 0.881943 0.219851
vt 0.88458 0.21982
vt 0.883063 0.219682
vt 0.88548 0.219724
vt 0.88548 0.219724
vt 0.887388 0.219676
vt 0.88623 0.219829
vt 0.887388 0.219676
vt 0.888563 0.219767
vt 0.887566 0.219832
vt 0.887388 0.219676
vt 0.889421 0.219646
vt 0.888563 0.219767
vt 0.890694 0.219836
vt 0.889702 0.219777
vt 0.891115 0.219666
vt 0.889702 0.219777
vt 0.889421 0.219646
vt 0.891115 0.219666
vt 0.891115 0.219666
vt 0.892462 0.219658
vt 0.891935 0.219835
vt 0.896014 0.219724
vt 0.896057 0.219835
vt 0.895895 0.219652
vt 0.894603 0.219839
vt 0.894026 0.219768
vt 0.89484 0.219657
vt 0.894026 0.219768
vt 0.893882 0.219647
vt 0.89484 0.219657
vt 0.89484 0.219657
vt 0.895504 0.219669
vt 0.895265 0.219833
vt 0.895504 0.219669
vt 0.89588 0.219768
vt 0.895706 0.219833
vt 0.89588 0.219768
vt 0.895504 0.219669
vt 0.895895 0.219652
vt 0.895828 0.219835
vt 0.896014 0.219724
vt 0.89564 0.219653
vt 0.895413 0.21983
vt 0.89564 0.219653
vt 0.895266 0.219677
vt 0.894968 0.219834
vt 0.895266 0.219677
vt 0.894719 0.219657
vt 0.891099 0.219827
vt 0.892107 0.219684
vt 0.890879 0.219661
vt 0.894465 0.219833
vt 0.894719 0.219657
vt 0.893642 0.219724
vt 0.893642 0.219724
vt 0.892107 0.219684
vt 0.892909 0.219822
vt 0.890212 0.219848
vt 0.890879 0.219661
vt 0.889657 0.219677
vt 0.883777 0.21984
vt 0.885051 0.219658
vt 0.883378 0.219671
vt 0.888845 0.219838
vt 0.889657 0.219677
vt 0.888329 0.219647
vt 0.887442 0.219826
vt 0.888329 0.219647
vt 0.886551 0.219769
vt 0.886551 0.219769
vt 0.886748 0.219647
vt 0.885051 0.219658
vt 0.882082 0.219827
vt 0.883378 0.219671
vt 0.881873 0.219709
vt 0.879636 0.21985
vt 0.878412 0.219657
vt 0.878593 0.219843
vt 0.881873 0.219709
vt 0.883378 0.219671
vt 0.881468 0.219649
vt 0.880631 0.21983
vt 0.881873 0.219709
vt 0.879975 0.219666
vt 0.881873 0.219709
vt 0.881468 0.219649
vt 0.879975 0.219666
vt 0.876898 0.219789
vt 0.878412 0.219657
vt 0.875911 0.219647
vt 0.878593 0.219843
vt 0.878412 0.219657
vt 0.877672 0.219792
vt 0.875015 0.219853
vt 0.875911 0.219647
vt 0.874492 0.219771
vt 0.876898 0.219789
vt 0.875911 0.219647
vt 0.87596 0.219836
vt 0.872862 0.219826
vt 0.872221 0.219671
vt 0.872102 0.219828
vt 0.874492 0.219771
vt 0.875911 0.219647
vt 0.874032 0.219654
vt 0.874032 0.219654
vt 0.872956 0.219646
vt 0.873319 0.219724
vt 0.870987 0.219733
vt 0.871576 0.219648
vt 0.871098 0.219653
vt 0.872221 0.219671
vt 0.871599 0.219709
vt 0.872102 0.219828
vt 0.871599 0.219709
vt 0.872221 0.219671
vt 0.871576 0.219648
vt 0.871169 0.219857
vt 0.871599 0.219709
vt 0.870987 0.219733
vt 0.870884 0.219836
vt 0.870955 0.219664
vt 0.870823 0.219831
vt 0.871206 0.219645
vt 0.872018 0.219681
vt 0.871509 0.219677
vt 0.912862 0.225552
vt 0.908385 0.226025
vt 0.908559 0.226009
vt 0.876531 0.219646
vt 0.87903 0.219657
vt 0.877885 0.219678
vt 0.881948 0.219646
vt 0.880833 0.219687
vt 0.87903 0.219657
vt 0.881948 0.219646
vt 0.885664 0.219644
vt 0.883063 0.219682
vt 0.89484 0.219657
vt 0.895895 0.219652
vt 0.895504 0.219669
vt 0.89564 0.219653
vt 0.894719 0.219657
vt 0.895266 0.219677
vt 0.885051 0.219658
vt 0.881468 0.219649
vt 0.883378 0.219671
vt 0.890879 0.219661
vt 0.888329 0.219647
vt 0.889657 0.219677
vt 0.872956 0.219646
vt 0.871576 0.219648
vt 0.872221 0.219671
vt 0.845524 0.223685
vt 0.845412 0.223685
vt 0.851117 0.225208
vt 0.853993 0.225555
vt 0.855509 0.225709
vt 0.85839 0.226013
vt 0.855509 0.225709
vt 0.857002 0.225756
vt 0.859872 0.22614
vt 0.857002 0.225756
vt 0.863751 0.22638
vt 0.859872 0.22614
vt 0.856854 0.225544
vt 0.862136 0.226023
vt 0.857002 0.225756
vt 0.870558 0.225572
vt 0.874044 0.226022
vt 0.869557 0.226025
vt 0.876847 0.225701
vt 0.880769 0.226143
vt 0.874044 0.226022
vt 0.886544 0.22569
vt 0.891816 0.225756
vt 0.886212 0.226136
vt 0.891816 0.225756
vt 0.890221 0.226379
vt 0.886212 0.226136
vt 0.896409 0.225544
vt 0.89688 0.226038
vt 0.891816 0.225756
vt 0.903032 0.225736
vt 0.90224 0.226155
vt 0.89688 0.226038
vt 0.903032 0.225736
vt 0.906749 0.225676
vt 0.90224 0.226155
vt 0.908783 0.22574
vt 0.9059 0.226143
vt 0.90224 0.226155
vt 0.910684 0.225703
vt 0.908559 0.226009
vt 0.9059 0.226143
vt 0.870006 0.226034
vt 0.868207 0.22638
vt 0.873373 0.226381
vt 0.912737 0.225557
vt 0.909912 0.225756
vt 0.908385 0.226025
vt 0.908385 0.226025
vt 0.909912 0.225756
vt 0.903707 0.226378
vt 0.909912 0.225756
vt 0.905277 0.226029
vt 0.903707 0.226378
vt 0.91006 0.225544
vt 0.905277 0.226029
vt 0.909912 0.225756
vt 0.905277 0.226029
vt 0.903333 0.225736
vt 0.900543 0.226149
vt 0.903333 0.225736
vt 0.899797 0.225676
vt 0.900543 0.226149
vt 0.899797 0.225676
vt 0.893825 0.226155
vt 0.900543 0.226149
vt 0.88037 0.22569
vt 0.875098 0.225756
vt 0.880707 0.226138
vt 0.875098 0.225756
vt 0.875279 0.226143
vt 0.880707 0.226138
vt 0.870505 0.225544
vt 0.870006 0.226034
vt 0.875098 0.225756
vt 0.863882 0.225736
vt 0.865908 0.226146
vt 0.870006 0.226034
vt 0.863882 0.225736
vt 0.859136 0.225545
vt 0.862533 0.226016
vt 0.863882 0.225736
vt 0.862533 0.226016
vt 0.865908 0.226146
vt 0.859136 0.225545
vt 0.858131 0.22574
vt 0.862533 0.226016
vt 0.858131 0.22574
vt 0.860997 0.22614
vt 0.862533 0.226016
vt 0.85623 0.225703
vt 0.85839 0.226013
vt 0.860997 0.22614
vt 0.866864 0.22638
vt 0.862136 0.226023
vt 0.865533 0.226031
vt 0.870629 0.22638
vt 0.865533 0.226031
vt 0.869557 0.226025
vt 0.894629 0.22638
vt 0.890221 0.226379
vt 0.89688 0.226038
vt 0.901478 0.22638
vt 0.898522 0.22638
vt 0.90224 0.226155
vt 0.901478 0.22638
vt 0.90224 0.226155
vt 0.9059 0.226143
vt 0.904216 0.22638
vt 0.90361 0.22638
vt 0.908559 0.226009
vt 0.903707 0.226378
vt 0.904216 0.22638
vt 0.908385 0.226025
vt 0.901132 0.226381
vt 0.905277 0.226029
vt 0.900543 0.226149
vt 0.888679 0.22638
vt 0.893825 0.226155
vt 0.886816 0.226142
vt 0.914976 0.217611
vt 0.914258 0.217764
vt 0.914338 0.217612
vt 0.86419 0.226381
vt 0.865908 0.226146
vt 0.862533 0.226016
vt 0.86419 0.226381
vt 0.862533 0.226016
vt 0.860997 0.22614
vt 0.86419 0.226381
vt 0.860997 0.22614
vt 0.85839 0.226013
vt 0.862666 0.226381
vt 0.85839 0.226013
vt 0.859872 0.22614
vt 0.915298 0.217766
vt 0.9152 0.217715
vt 0.915397 0.217613
vt 0.9152 0.217715
vt 0.915418 0.217582
vt 0.915397 0.217613
vt 0.9152 0.217715
vt 0.914891 0.217749
vt 0.914976 0.217611
vt 0.914338 0.217612
vt 0.91365 0.217761
vt 0.913222 0.217714
vt 0.91015 0.217612
vt 0.909145 0.217756
vt 0.908675 0.217652
vt 0.913222 0.217714
vt 0.913519 0.217582
vt 0.914338 0.217612
vt 0.913222 0.217714
vt 0.912518 0.217765
vt 0.911908 0.217587
vt 0.908675 0.217652
vt 0.90621 0.217583
vt 0.908928 0.217582
vt 0.908675 0.217652
vt 0.908928 0.217582
vt 0.91015 0.217612
vt 0.907649 0.217766
vt 0.90631 0.217715
vt 0.908675 0.217652
vt 0.900992 0.217613
vt 0.90241 0.217759
vt 0.900898 0.217758
vt 0.90631 0.217715
vt 0.90495 0.217766
vt 0.90479 0.217611
vt 0.90479 0.217611
vt 0.903308 0.217714
vt 0.902615 0.217582
vt 0.900992 0.217613
vt 0.899346 0.21776
vt 0.898458 0.217708
vt 0.891662 0.217612
vt 0.893574 0.217758
vt 0.891268 0.217757
vt 0.898458 0.217708
vt 0.89808 0.217589
vt 0.900992 0.217613
vt 0.896475 0.217762
vt 0.89808 0.217589
vt 0.898458 0.217708
vt 0.894833 0.217714
vt 0.895172 0.217582
vt 0.89808 0.217589
vt 0.882479 0.217588
vt 0.883963 0.217766
vt 0.881017 0.217759
vt 0.891662 0.217612
vt 0.889316 0.217718
vt 0.88871 0.217593
vt 0.887675 0.217762
vt 0.886798 0.217706
vt 0.889316 0.217718
vt 0.886798 0.217706
vt 0.885808 0.217583
vt 0.88871 0.217593
vt 0.883963 0.217766
vt 0.884206 0.217658
vt 0.886798 0.217706
vt 0.884206 0.217658
vt 0.882479 0.217588
vt 0.885808 0.217583
vt 0.87747 0.217613
vt 0.878902 0.217756
vt 0.876832 0.21776
vt 0.881017 0.217759
vt 0.878902 0.217756
vt 0.879716 0.217612
vt 0.866069 0.217582
vt 0.868481 0.217713
vt 0.86609 0.21772
vt 0.876832 0.21776
vt 0.875252 0.217612
vt 0.87747 0.217613
vt 0.874126 0.217759
vt 0.872123 0.217714
vt 0.875252 0.217612
vt 0.872123 0.217714
vt 0.872509 0.217583
vt 0.875252 0.217612
vt 0.872123 0.217714
vt 0.87045 0.217765
vt 0.868889 0.217587
vt 0.8642 0.217757
vt 0.862125 0.217611
vt 0.863901 0.217611
vt 0.8642 0.217757
vt 0.863901 0.217611
vt 0.86609 0.21772
vt 0.856761 0.217613
vt 0.857751 0.217754
vt 0.856222 0.217755
vt 0.861677 0.217766
vt 0.860295 0.217612
vt 0.862125 0.217611
vt 0.861677 0.217766
vt 0.859419 0.217766
vt 0.860295 0.217612
vt 0.859419 0.217766
vt 0.857751 0.217754
vt 0.858186 0.217612
vt 0.852575 0.217612
vt 0.853267 0.217758
vt 0.852581 0.217757
vt 0.856222 0.217755
vt 0.855473 0.217611
vt 0.856761 0.217613
vt 0.854702 0.217765
vt 0.854432 0.217611
vt 0.855473 0.217611
vt 0.853708 0.217714
vt 0.853284 0.217583
vt 0.854432 0.217611
vt 0.852082 0.217613
vt 0.852581 0.217757
vt 0.851982 0.217758
vt 0.851642 0.217582
vt 0.85164 0.217716
vt 0.851775 0.217711
vt 0.851982 0.217758
vt 0.851775 0.217706
vt 0.852082 0.217613
vt 0.851775 0.217706
vt 0.851547 0.217583
vt 0.852082 0.217613
vt 0.851623 0.217771
vt 0.85156 0.217658
vt 0.851775 0.217706
vt 0.85156 0.217658
vt 0.851434 0.217582
vt 0.851547 0.217583
vt 0.85156 0.217658
vt 0.85164 0.217716
vt 0.851434 0.217582
vt 0.852084 0.217613
vt 0.852595 0.217758
vt 0.852576 0.217612
vt 0.852576 0.217612
vt 0.853504 0.217765
vt 0.853487 0.217612
vt 0.854436 0.217611
vt 0.853504 0.217765
vt 0.854726 0.217765
vt 0.85673 0.217589
vt 0.858089 0.217757
vt 0.858187 0.217612
vt 0.854726 0.217765
vt 0.856253 0.217755
vt 0.855473 0.217612
vt 0.858187 0.217612
vt 0.859838 0.21776
vt 0.860296 0.217612
vt 0.877475 0.217613
vt 0.879794 0.217764
vt 0.879717 0.217612
vt 0.862126 0.217611
vt 0.863669 0.217718
vt 0.864257 0.217583
vt 0.864813 0.217753
vt 0.866945 0.217754
vt 0.865922 0.217613
vt 0.866945 0.217754
vt 0.868456 0.217708
vt 0.865922 0.217613
vt 0.868456 0.217708
vt 0.868824 0.217587
vt 0.865922 0.217613
vt 0.871017 0.217769
vt 0.868824 0.217587
vt 0.868456 0.217708
vt 0.871017 0.217769
vt 0.872916 0.217714
vt 0.868824 0.217587
vt 0.872916 0.217714
vt 0.872324 0.217582
vt 0.868824 0.217587
vt 0.872916 0.217714
vt 0.874799 0.217756
vt 0.875255 0.217612
vt 0.874799 0.217756
vt 0.877124 0.217758
vt 0.875255 0.217612
vt 0.879794 0.217764
vt 0.882707 0.217612
vt 0.879717 0.217612
vt 0.889232 0.217582
vt 0.887153 0.217652
vt 0.889441 0.21772
vt 0.882707 0.217612
vt 0.884926 0.217713
vt 0.886309 0.217583
vt 0.884926 0.217713
vt 0.88737 0.217758
vt 0.887153 0.217652
vt 0.884926 0.217713
vt 0.887153 0.217652
vt 0.886309 0.217583
vt 0.891783 0.217761
vt 0.894543 0.217612
vt 0.891661 0.217612
vt 0.891783 0.217761
vt 0.891661 0.217612
vt 0.889441 0.21772
vt 0.894543 0.217612
vt 0.896806 0.217756
vt 0.898161 0.217587
vt 0.900993 0.217613
vt 0.90242 0.217759
vt 0.903287 0.21771
vt 0.908728 0.217611
vt 0.907219 0.217757
vt 0.908861 0.217755
vt 0.903287 0.21771
vt 0.903044 0.217582
vt 0.900993 0.217613
vt 0.905588 0.217765
vt 0.904791 0.217611
vt 0.903287 0.21771
vt 0.905588 0.217765
vt 0.906619 0.217612
vt 0.904791 0.217611
vt 0.905588 0.217765
vt 0.907219 0.217757
vt 0.906619 0.217612
vt 0.914339 0.217611
vt 0.913615 0.217759
vt 0.914333 0.217758
vt 0.908728 0.217611
vt 0.910134 0.217718
vt 0.911158 0.217583
vt 0.911049 0.21776
vt 0.911562 0.217708
vt 0.910134 0.217718
vt 0.912772 0.217769
vt 0.91248 0.217611
vt 0.911562 0.217708
vt 0.912772 0.217769
vt 0.91344 0.217591
vt 0.91248 0.217611
vt 0.912772 0.217769
vt 0.913615 0.217759
vt 0.91344 0.217591
vt 0.914977 0.217612
vt 0.914333 0.217758
vt 0.914932 0.217758
vt 0.914932 0.217758
vt 0.915359 0.21759
vt 0.914977 0.217612
vt 0.915397 0.217613
vt 0.915224 0.217769
vt 0.915298 0.217766
vt 0.915244 0.208724
vt 0.915398 0.208876
vt 0.91533 0.208877
vt 0.914845 0.217576
vt 0.914976 0.217611
vt 0.914338 0.217612
vt 0.914845 0.217576
vt 0.915418 0.217582
vt 0.914976 0.217611
vt 0.90621 0.217583
vt 0.90479 0.217611
vt 0.902615 0.217582
vt 0.902615 0.217582
vt 0.900992 0.217613
vt 0.89808 0.217589
vt 0.877147 0.217576
vt 0.882479 0.217588
vt 0.879716 0.217612
vt 0.872509 0.217583
vt 0.877147 0.217576
vt 0.875252 0.217612
vt 0.854919 0.217576
vt 0.855473 0.217611
vt 0.854432 0.217611
vt 0.852011 0.217576
vt 0.853284 0.217583
vt 0.852575 0.217612
vt 0.852011 0.217576
vt 0.852082 0.217613
vt 0.851547 0.217583
vt 0.852011 0.217576
vt 0.852575 0.217612
vt 0.852082 0.217613
vt 0.864257 0.217583
vt 0.859822 0.217576
vt 0.862126 0.217611
vt 0.859822 0.217576
vt 0.85673 0.217589
vt 0.858187 0.217612
vt 0.876664 0.217576
vt 0.872324 0.217582
vt 0.875255 0.217612
vt 0.915359 0.21759
vt 0.91477 0.217576
vt 0.914977 0.217612
vt 0.911158 0.217583
vt 0.907537 0.217576
vt 0.908728 0.217611
vt 0.914932 0.208731
vt 0.91533 0.208877
vt 0.914944 0.208845
vt 0.914333 0.208731
vt 0.914944 0.208845
vt 0.914339 0.208878
vt 0.913428 0.208725
vt 0.914339 0.208878
vt 0.913427 0.208877
vt 0.912524 0.208724
vt 0.913427 0.208877
vt 0.912482 0.208878
vt 0.911461 0.208724
vt 0.912482 0.208878
vt 0.91144 0.208878
vt 0.910134 0.208771
vt 0.908152 0.208902
vt 0.908399 0.208779
vt 0.911461 0.208724
vt 0.91144 0.208878
vt 0.910134 0.208771
vt 0.910134 0.208771
vt 0.908399 0.208779
vt 0.909163 0.208735
vt 0.906947 0.208723
vt 0.905468 0.208898
vt 0.905398 0.208718
vt 0.908399 0.208779
vt 0.908152 0.208902
vt 0.906947 0.208723
vt 0.900992 0.208876
vt 0.90242 0.20873
vt 0.903287 0.208779
vt 0.905398 0.208718
vt 0.905468 0.208898
vt 0.903287 0.208779
vt 0.891661 0.208878
vt 0.893934 0.208726
vt 0.894848 0.208783
vt 0.903287 0.208779
vt 0.902609 0.208907
vt 0.900992 0.208876
vt 0.900992 0.208876
vt 0.89849 0.208771
vt 0.90047 0.208736
vt 0.900992 0.208876
vt 0.898084 0.208902
vt 0.89849 0.208771
vt 0.89849 0.208771
vt 0.898084 0.208902
vt 0.896806 0.208733
vt 0.898084 0.208902
vt 0.894873 0.208907
vt 0.894848 0.208783
vt 0.889441 0.208876
vt 0.891783 0.208728
vt 0.891661 0.208878
vt 0.894848 0.208783
vt 0.894873 0.208907
vt 0.891661 0.208878
vt 0.877699 0.208907
vt 0.880116 0.208783
vt 0.880596 0.208902
vt 0.889441 0.208876
vt 0.887197 0.208878
vt 0.888843 0.208734
vt 0.887197 0.208878
vt 0.884206 0.208831
vt 0.885897 0.20873
vt 0.887197 0.208878
vt 0.884964 0.208907
vt 0.884206 0.208831
vt 0.882951 0.208723
vt 0.884206 0.208831
vt 0.880596 0.208902
vt 0.884206 0.208831
vt 0.884964 0.208907
vt 0.880596 0.208902
vt 0.882951 0.208723
vt 0.880596 0.208902
vt 0.880116 0.208783
vt 0.879239 0.208727
vt 0.880116 0.208783
vt 0.877598 0.208771
vt 0.873341 0.208731
vt 0.875252 0.208878
vt 0.872081 0.208775
vt 0.877598 0.208771
vt 0.875252 0.208878
vt 0.875646 0.208732
vt 0.864246 0.208734
vt 0.865922 0.208876
vt 0.863903 0.208878
vt 0.875252 0.208878
vt 0.873367 0.208907
vt 0.872081 0.208775
vt 0.872081 0.208775
vt 0.873367 0.208907
vt 0.870106 0.208878
vt 0.869763 0.208724
vt 0.870106 0.208878
vt 0.868032 0.208878
vt 0.866945 0.208735
vt 0.868032 0.208878
vt 0.865922 0.208876
vt 0.862262 0.208732
vt 0.863903 0.208878
vt 0.861243 0.208773
vt 0.858234 0.208725
vt 0.858669 0.208903
vt 0.858239 0.208837
vt 0.863903 0.208878
vt 0.861426 0.208906
vt 0.861243 0.208773
vt 0.861243 0.208773
vt 0.861426 0.208906
vt 0.858669 0.208903
vt 0.856758 0.208877
vt 0.858234 0.208725
vt 0.858239 0.208837
vt 0.855863 0.208726
vt 0.856758 0.208877
vt 0.855343 0.208776
vt 0.858239 0.208837
vt 0.858669 0.208903
vt 0.856758 0.208877
vt 0.852494 0.208907
vt 0.853692 0.208775
vt 0.853699 0.208907
vt 0.856758 0.208877
vt 0.855545 0.208907
vt 0.855343 0.208776
vt 0.855343 0.208776
vt 0.854435 0.208878
vt 0.854396 0.208723
vt 0.854435 0.208878
vt 0.853699 0.208907
vt 0.853692 0.208775
vt 0.853264 0.208728
vt 0.853692 0.208775
vt 0.852762 0.208773
vt 0.852083 0.208876
vt 0.852439 0.208731
vt 0.852762 0.208773
vt 0.851737 0.208724
vt 0.851513 0.208877
vt 0.851616 0.208722
vt 0.852762 0.208773
vt 0.852494 0.208907
vt 0.852083 0.208876
vt 0.852083 0.208876
vt 0.851724 0.208878
vt 0.851991 0.20873
vt 0.854437 0.208878
vt 0.853922 0.208729
vt 0.853487 0.208877
vt 0.851616 0.208722
vt 0.851513 0.208877
vt 0.851647 0.208774
vt 0.85183 0.20887
vt 0.852576 0.208878
vt 0.852347 0.208734
vt 0.852576 0.208878
vt 0.853487 0.208877
vt 0.853136 0.208726
vt 0.859696 0.208732
vt 0.858186 0.208878
vt 0.860633 0.208773
vt 0.854918 0.208731
vt 0.854437 0.208878
vt 0.855472 0.208878
vt 0.856065 0.208733
vt 0.855472 0.208878
vt 0.856898 0.208769
vt 0.856898 0.208769
vt 0.858186 0.208878
vt 0.858221 0.208726
vt 0.864026 0.208725
vt 0.863081 0.208902
vt 0.863899 0.208837
vt 0.858186 0.208878
vt 0.85973 0.208906
vt 0.860633 0.208773
vt 0.860633 0.208773
vt 0.85973 0.208906
vt 0.863081 0.208902
vt 0.867163 0.208906
vt 0.863899 0.208837
vt 0.863081 0.208902
vt 0.864026 0.208725
vt 0.863899 0.208837
vt 0.865918 0.208771
vt 0.87045 0.208724
vt 0.872258 0.208899
vt 0.872429 0.208719
vt 0.865918 0.208771
vt 0.868481 0.208776
vt 0.867385 0.208733
vt 0.868481 0.208776
vt 0.870106 0.208878
vt 0.87045 0.208724
vt 0.874621 0.20873
vt 0.872258 0.208899
vt 0.875253 0.208877
vt 0.877473 0.208876
vt 0.876274 0.208731
vt 0.875253 0.208877
vt 0.880718 0.208724
vt 0.882708 0.208831
vt 0.88272 0.208719
vt 0.877473 0.208876
vt 0.879717 0.208877
vt 0.878548 0.20873
vt 0.885428 0.208902
vt 0.88272 0.208719
vt 0.882708 0.208831
vt 0.879717 0.208877
vt 0.881939 0.208907
vt 0.882708 0.208831
vt 0.891268 0.208732
vt 0.889442 0.208876
vt 0.891661 0.208877
vt 0.882708 0.208831
vt 0.881939 0.208907
vt 0.885428 0.208902
vt 0.885415 0.208723
vt 0.885428 0.208902
vt 0.887197 0.208877
vt 0.888316 0.208731
vt 0.887197 0.208877
vt 0.889442 0.208876
vt 0.893574 0.208731
vt 0.891661 0.208877
vt 0.894833 0.208775
vt 0.904652 0.208732
vt 0.903013 0.208878
vt 0.905671 0.208773
vt 0.891661 0.208877
vt 0.894914 0.208907
vt 0.894833 0.208775
vt 0.894833 0.208775
vt 0.894914 0.208907
vt 0.896808 0.208878
vt 0.896451 0.208724
vt 0.896808 0.208878
vt 0.898476 0.208781
vt 0.899346 0.208729
vt 0.898476 0.208781
vt 0.900852 0.208771
vt 0.900852 0.208771
vt 0.903013 0.208878
vt 0.902669 0.208733
vt 0.908728 0.208878
vt 0.907077 0.208729
vt 0.907237 0.208878
vt 0.903013 0.208878
vt 0.904955 0.208905
vt 0.905671 0.208773
vt 0.905671 0.208773
vt 0.904955 0.208905
vt 0.907237 0.208878
vt 0.914339 0.208878
vt 0.91365 0.208728
vt 0.913216 0.208774
vt 0.908825 0.208732
vt 0.908728 0.208878
vt 0.91015 0.208769
vt 0.91015 0.208769
vt 0.911571 0.208776
vt 0.911051 0.208727
vt 0.911571 0.208776
vt 0.912479 0.208878
vt 0.912518 0.208724
vt 0.912479 0.208878
vt 0.913499 0.208906
vt 0.913216 0.208774
vt 0.914977 0.208878
vt 0.91432 0.20873
vt 0.914339 0.208878
vt 0.913216 0.208774
vt 0.913499 0.208906
vt 0.914339 0.208878
vt 0.915177 0.208724
vt 0.914977 0.208878
vt 0.91533 0.208877
vt 0.915244 0.212292
vt 0.915398 0.212443
vt 0.91533 0.212445
vt 0.915291 0.208723
vt 0.91533 0.208877
vt 0.915398 0.208876
vt 0.914087 0.208913
vt 0.913427 0.208877
vt 0.914339 0.208878
vt 0.911575 0.208909
vt 0.912482 0.208878
vt 0.913427 0.208877
vt 0.911575 0.208909
vt 0.91144 0.208878
vt 0.912482 0.208878
vt 0.898084 0.208902
vt 0.900992 0.208876
vt 0.902609 0.208907
vt 0.85144 0.208913
vt 0.851513 0.208877
vt 0.851724 0.208878
vt 0.854437 0.208878
vt 0.853487 0.208877
vt 0.854377 0.208913
vt 0.914932 0.212298
vt 0.91533 0.212445
vt 0.914977 0.212445
vt 0.914331 0.2123
vt 0.914977 0.212445
vt 0.914339 0.212445
vt 0.913642 0.212297
vt 0.914339 0.212445
vt 0.913206 0.212342
vt 0.908861 0.212301
vt 0.910152 0.212443
vt 0.908728 0.212445
vt 0.914339 0.212445
vt 0.913618 0.212475
vt 0.913206 0.212342
vt 0.913206 0.212342
vt 0.913618 0.212475
vt 0.91196 0.212471
vt 0.912514 0.212294
vt 0.91196 0.212471
vt 0.911562 0.212348
vt 0.910692 0.212302
vt 0.911562 0.212348
vt 0.910152 0.212443
vt 0.911562 0.212348
vt 0.91196 0.212471
vt 0.910152 0.212443
vt 0.907219 0.212299
vt 0.908728 0.212445
vt 0.906281 0.21234
vt 0.900988 0.212444
vt 0.90242 0.212297
vt 0.903287 0.212346
vt 0.908728 0.212445
vt 0.906544 0.212475
vt 0.906281 0.21234
vt 0.906281 0.21234
vt 0.906544 0.212475
vt 0.903714 0.212471
vt 0.904944 0.212293
vt 0.903714 0.212471
vt 0.903287 0.212346
vt 0.891949 0.21234
vt 0.894049 0.212474
vt 0.89106 0.212475
vt 0.903287 0.212346
vt 0.903714 0.212471
vt 0.900988 0.212444
vt 0.900988 0.212444
vt 0.898337 0.212338
vt 0.90047 0.212303
vt 0.900988 0.212444
vt 0.89895 0.212474
vt 0.898337 0.212338
vt 0.898337 0.212338
vt 0.896808 0.212445
vt 0.896475 0.212294
vt 0.896808 0.212445
vt 0.894049 0.212474
vt 0.894809 0.212343
vt 0.893562 0.212295
vt 0.894809 0.212343
vt 0.891949 0.21234
vt 0.889442 0.212443
vt 0.89064 0.212298
vt 0.891949 0.21234
vt 0.88653 0.212299
vt 0.884206 0.212444
vt 0.884216 0.212298
vt 0.891949 0.21234
vt 0.89106 0.212475
vt 0.889442 0.212443
vt 0.889442 0.212443
vt 0.887197 0.212445
vt 0.888605 0.212296
vt 0.881837 0.212445
vt 0.884216 0.212298
vt 0.884206 0.212444
vt 0.875646 0.212299
vt 0.877467 0.212444
vt 0.875253 0.212445
vt 0.881061 0.212296
vt 0.881837 0.212445
vt 0.879718 0.212445
vt 0.878324 0.212297
vt 0.879718 0.212445
vt 0.877467 0.212444
vt 0.872682 0.212292
vt 0.875253 0.212445
vt 0.872371 0.212445
vt 0.870106 0.212445
vt 0.872682 0.212292
vt 0.872371 0.212445
vt 0.864246 0.212301
vt 0.865922 0.212443
vt 0.863901 0.212445
vt 0.869763 0.212291
vt 0.870106 0.212445
vt 0.868032 0.212445
vt 0.866945 0.212302
vt 0.868032 0.212445
vt 0.865922 0.212443
vt 0.862262 0.212299
vt 0.863901 0.212445
vt 0.861243 0.21234
vt 0.856762 0.212443
vt 0.857769 0.2123
vt 0.858186 0.212445
vt 0.863901 0.212445
vt 0.861148 0.212475
vt 0.861243 0.21234
vt 0.861243 0.21234
vt 0.861148 0.212475
vt 0.859673 0.212445
vt 0.859445 0.212293
vt 0.859673 0.212445
vt 0.858186 0.212445
vt 0.852575 0.212445
vt 0.853329 0.212295
vt 0.853701 0.21235
vt 0.856762 0.212443
vt 0.855473 0.212445
vt 0.856382 0.212299
vt 0.855473 0.212445
vt 0.854435 0.212445
vt 0.854918 0.212298
vt 0.854435 0.212445
vt 0.853135 0.212475
vt 0.853701 0.21235
vt 0.851819 0.212302
vt 0.852082 0.212444
vt 0.851724 0.212445
vt 0.853701 0.21235
vt 0.853135 0.212475
vt 0.852575 0.212445
vt 0.85231 0.212296
vt 0.852575 0.212445
vt 0.852082 0.212444
vt 0.851819 0.212302
vt 0.851485 0.212465
vt 0.851616 0.212289
vt 0.852581 0.212299
vt 0.852083 0.212443
vt 0.852576 0.212445
vt 0.851616 0.212289
vt 0.851485 0.212465
vt 0.851644 0.212343
vt 0.851982 0.212298
vt 0.851777 0.21235
vt 0.852083 0.212443
vt 0.851777 0.21235
vt 0.851543 0.212475
vt 0.852083 0.212443
vt 0.853266 0.212298
vt 0.852576 0.212445
vt 0.853708 0.212342
vt 0.854441 0.212343
vt 0.853419 0.212475
vt 0.85494 0.212472
vt 0.852576 0.212445
vt 0.853419 0.212475
vt 0.853708 0.212342
vt 0.858053 0.212301
vt 0.856762 0.212443
vt 0.858186 0.212445
vt 0.856222 0.212302
vt 0.855352 0.212348
vt 0.856762 0.212443
vt 0.855352 0.212348
vt 0.85494 0.212472
vt 0.856762 0.212443
vt 0.858053 0.212301
vt 0.859585 0.21247
vt 0.860181 0.212291
vt 0.863901 0.212445
vt 0.862102 0.212296
vt 0.861444 0.212445
vt 0.859585 0.21247
vt 0.861444 0.212445
vt 0.860181 0.212291
vt 0.865922 0.212443
vt 0.8642 0.212299
vt 0.863901 0.212445
vt 0.875253 0.212445
vt 0.873352 0.212295
vt 0.872112 0.212341
vt 0.865922 0.212443
vt 0.868481 0.212344
vt 0.866894 0.212301
vt 0.865922 0.212443
vt 0.867846 0.212473
vt 0.868481 0.212344
vt 0.868481 0.212344
vt 0.870106 0.212445
vt 0.87045 0.212291
vt 0.870106 0.212445
vt 0.871987 0.212475
vt 0.872112 0.212341
vt 0.877473 0.212443
vt 0.875596 0.212298
vt 0.875253 0.212445
vt 0.872112 0.212341
vt 0.871987 0.212475
vt 0.875253 0.212445
vt 0.880718 0.212291
vt 0.882451 0.212463
vt 0.88272 0.212286
vt 0.877473 0.212443
vt 0.879717 0.212445
vt 0.878548 0.212297
vt 0.885445 0.21247
vt 0.88272 0.212286
vt 0.882451 0.212463
vt 0.891268 0.212299
vt 0.889442 0.212443
vt 0.891661 0.212445
vt 0.885415 0.21229
vt 0.885445 0.21247
vt 0.887197 0.212445
vt 0.888316 0.212298
vt 0.887197 0.212445
vt 0.889442 0.212443
vt 0.893574 0.212298
vt 0.891661 0.212445
vt 0.894833 0.212342
vt 0.900852 0.212338
vt 0.898116 0.212471
vt 0.902599 0.212475
vt 0.891661 0.212445
vt 0.894903 0.212473
vt 0.894833 0.212342
vt 0.894833 0.212342
vt 0.894903 0.212473
vt 0.898116 0.212471
vt 0.896475 0.212294
vt 0.898116 0.212471
vt 0.898458 0.212348
vt 0.899346 0.212296
vt 0.898458 0.212348
vt 0.900852 0.212338
vt 0.905198 0.212291
vt 0.903013 0.212445
vt 0.905471 0.212444
vt 0.900852 0.212338
vt 0.903013 0.212445
vt 0.902669 0.212301
vt 0.907077 0.212296
vt 0.905471 0.212444
vt 0.907237 0.212445
vt 0.90828 0.212298
vt 0.907237 0.212445
vt 0.908728 0.212445
vt 0.911338 0.212293
vt 0.910241 0.21247
vt 0.911421 0.212404
vt 0.909778 0.212301
vt 0.908728 0.212445
vt 0.910241 0.21247
vt 0.912427 0.212344
vt 0.913514 0.212475
vt 0.913481 0.212347
vt 0.910241 0.21247
vt 0.911977 0.212472
vt 0.911421 0.212404
vt 0.912427 0.212344
vt 0.913481 0.212347
vt 0.913056 0.212299
vt 0.914977 0.212445
vt 0.91432 0.212297
vt 0.914339 0.212445
vt 0.913481 0.212347
vt 0.913514 0.212475
vt 0.914339 0.212445
vt 0.915177 0.212291
vt 0.914977 0.212445
vt 0.91533 0.212444
vt 0.914392 0.210447
vt 0.913209 0.210572
vt 0.913117 0.210457
vt 0.915291 0.21229
vt 0.91533 0.212444
vt 0.915398 0.212443
vt 0.914977 0.212445
vt 0.91533 0.212445
vt 0.9151 0.21248
vt 0.914339 0.212445
vt 0.914977 0.212445
vt 0.9151 0.21248
vt 0.909833 0.21248
vt 0.910152 0.212443
vt 0.91196 0.212471
vt 0.908728 0.212445
vt 0.910152 0.212443
vt 0.909833 0.21248
vt 0.884206 0.212444
vt 0.887197 0.212445
vt 0.88603 0.21248
vt 0.881837 0.212445
vt 0.884206 0.212444
vt 0.881469 0.21248
vt 0.879718 0.212445
vt 0.881837 0.212445
vt 0.881469 0.21248
vt 0.877467 0.212444
vt 0.879718 0.212445
vt 0.875942 0.21248
vt 0.875942 0.21248
vt 0.872371 0.212445
vt 0.875253 0.212445
vt 0.858186 0.212445
vt 0.859673 0.212445
vt 0.85736 0.21248
vt 0.85736 0.21248
vt 0.856762 0.212443
vt 0.858186 0.212445
vt 0.851724 0.212445
vt 0.852082 0.212444
vt 0.851774 0.21248
vt 0.852082 0.212444
vt 0.852575 0.212445
vt 0.851774 0.21248
vt 0.852075 0.21248
vt 0.852083 0.212443
vt 0.851543 0.212475
vt 0.852576 0.212445
vt 0.852083 0.212443
vt 0.852075 0.21248
vt 0.863901 0.212445
vt 0.861444 0.212445
vt 0.863129 0.21248
vt 0.915289 0.210625
vt 0.91533 0.210478
vt 0.915398 0.210478
vt 0.915289 0.210625
vt 0.915063 0.210624
vt 0.91533 0.210478
vt 0.915063 0.210624
vt 0.914604 0.210626
vt 0.914976 0.210477
vt 0.914604 0.210626
vt 0.914119 0.210582
vt 0.914976 0.210477
vt 0.914119 0.210582
vt 0.914392 0.210447
vt 0.914976 0.210477
vt 0.913524 0.210629
vt 0.913209 0.210572
vt 0.914119 0.210582
vt 0.910152 0.210479
vt 0.908513 0.210627
vt 0.908726 0.210477
vt 0.913209 0.210572
vt 0.912364 0.210622
vt 0.913117 0.210457
vt 0.913117 0.210457
vt 0.911534 0.210583
vt 0.911602 0.210447
vt 0.908513 0.210627
vt 0.907234 0.210477
vt 0.908726 0.210477
vt 0.903011 0.210477
vt 0.904652 0.210623
vt 0.902669 0.210621
vt 0.905671 0.210582
vt 0.904987 0.210449
vt 0.907234 0.210477
vt 0.90063 0.210453
vt 0.902669 0.210621
vt 0.900006 0.210623
vt 0.89446 0.210451
vt 0.89249 0.210629
vt 0.891659 0.210477
vt 0.900006 0.210623
vt 0.898433 0.210578
vt 0.90063 0.210453
vt 0.898433 0.210578
vt 0.898011 0.210451
vt 0.90063 0.210453
vt 0.894476 0.210634
vt 0.89446 0.210451
vt 0.896542 0.210581
vt 0.889436 0.210478
vt 0.887145 0.21062
vt 0.887196 0.210477
vt 0.89249 0.210629
vt 0.890292 0.210623
vt 0.891659 0.210477
vt 0.887145 0.21062
vt 0.884544 0.210475
vt 0.887196 0.210477
vt 0.877097 0.210589
vt 0.875268 0.210447
vt 0.878727 0.210447
vt 0.883972 0.210631
vt 0.882228 0.210481
vt 0.884544 0.210475
vt 0.883972 0.210631
vt 0.881232 0.210632
vt 0.882228 0.210481
vt 0.879541 0.21058
vt 0.877097 0.210589
vt 0.878727 0.210447
vt 0.874965 0.210582
vt 0.872047 0.210447
vt 0.875268 0.210447
vt 0.873352 0.210627
vt 0.872122 0.21058
vt 0.874965 0.210582
vt 0.858148 0.210449
vt 0.860125 0.21058
vt 0.858558 0.210579
vt 0.872122 0.21058
vt 0.87045 0.210631
vt 0.86884 0.210454
vt 0.864818 0.210622
vt 0.863698 0.210583
vt 0.865921 0.210479
vt 0.863698 0.210583
vt 0.864378 0.210447
vt 0.865921 0.210479
vt 0.861677 0.210632
vt 0.862123 0.210477
vt 0.863698 0.210583
vt 0.861677 0.210632
vt 0.860125 0.21058
vt 0.862123 0.210477
vt 0.860125 0.21058
vt 0.860813 0.210447
vt 0.862123 0.210477
vt 0.856758 0.210478
vt 0.857886 0.210627
vt 0.856511 0.210621
vt 0.853698 0.210449
vt 0.852625 0.210517
vt 0.852297 0.21045
vt 0.856511 0.210621
vt 0.855387 0.210584
vt 0.856758 0.210478
vt 0.855387 0.210584
vt 0.855022 0.210451
vt 0.856758 0.210478
vt 0.854235 0.210632
vt 0.855022 0.210451
vt 0.855387 0.210584
vt 0.854235 0.210632
vt 0.853472 0.210579
vt 0.855022 0.210451
vt 0.853472 0.210579
vt 0.853698 0.210449
vt 0.855022 0.210451
vt 0.853472 0.210579
vt 0.852709 0.210629
vt 0.852625 0.210517
vt 0.851794 0.210631
vt 0.851492 0.210459
vt 0.851724 0.210477
vt 0.852625 0.210517
vt 0.852157 0.210586
vt 0.852297 0.21045
vt 0.851794 0.210631
vt 0.851724 0.210477
vt 0.852157 0.210586
vt 0.851492 0.210459
vt 0.851649 0.210627
vt 0.851529 0.210452
vt 0.851529 0.210452
vt 0.851851 0.210623
vt 0.851724 0.210477
vt 0.852576 0.210477
vt 0.853391 0.210629
vt 0.853705 0.210572
vt 0.851724 0.210477
vt 0.852179 0.210585
vt 0.851961 0.210448
vt 0.852717 0.210627
vt 0.852576 0.210477
vt 0.852179 0.210585
vt 0.856876 0.210584
vt 0.858757 0.210454
vt 0.856339 0.210449
vt 0.853705 0.210572
vt 0.853024 0.210447
vt 0.852576 0.210477
vt 0.853705 0.210572
vt 0.85455 0.210622
vt 0.854563 0.210453
vt 0.85538 0.210583
vt 0.856876 0.210584
vt 0.856339 0.210449
vt 0.85788 0.210625
vt 0.858525 0.210576
vt 0.856876 0.210584
vt 0.861378 0.21045
vt 0.863669 0.210583
vt 0.863942 0.210449
vt 0.85996 0.210629
vt 0.858757 0.210454
vt 0.858525 0.210576
vt 0.861243 0.210582
vt 0.861378 0.21045
vt 0.858757 0.210454
vt 0.875068 0.210449
vt 0.872916 0.21058
vt 0.874926 0.210582
vt 0.864813 0.210619
vt 0.866945 0.21062
vt 0.865926 0.210478
vt 0.866945 0.21062
vt 0.868456 0.210574
vt 0.865926 0.210478
vt 0.868456 0.210574
vt 0.868725 0.210451
vt 0.865926 0.210478
vt 0.871017 0.210635
vt 0.868725 0.210451
vt 0.868456 0.210574
vt 0.871017 0.210635
vt 0.872916 0.21058
vt 0.868725 0.210451
vt 0.872916 0.21058
vt 0.871561 0.210447
vt 0.868725 0.210451
vt 0.879794 0.210629
vt 0.880288 0.210449
vt 0.878864 0.210485
vt 0.889441 0.210479
vt 0.891003 0.210625
vt 0.892006 0.210576
vt 0.883843 0.21058
vt 0.883411 0.210447
vt 0.880288 0.210449
vt 0.885897 0.210625
vt 0.888843 0.210621
vt 0.88719 0.210457
vt 0.892006 0.210576
vt 0.89513 0.210449
vt 0.891395 0.210447
vt 0.892006 0.210576
vt 0.891395 0.210447
vt 0.889441 0.210479
vt 0.893934 0.210629
vt 0.894849 0.210572
vt 0.892006 0.210576
vt 0.900997 0.210478
vt 0.90312 0.210627
vt 0.903014 0.210477
vt 0.894849 0.210572
vt 0.896806 0.210622
vt 0.896814 0.210477
vt 0.896814 0.210477
vt 0.89849 0.210583
vt 0.899475 0.210447
vt 0.90312 0.210627
vt 0.905473 0.210477
vt 0.903014 0.210477
vt 0.907241 0.210477
vt 0.905588 0.210631
vt 0.907663 0.210631
vt 0.910152 0.210479
vt 0.909028 0.210627
vt 0.910414 0.210619
vt 0.907663 0.210631
vt 0.909028 0.210627
vt 0.908728 0.210477
vt 0.912442 0.210624
vt 0.913427 0.210478
vt 0.91191 0.210455
vt 0.910414 0.210619
vt 0.911523 0.210582
vt 0.910152 0.210479
vt 0.911523 0.210582
vt 0.91191 0.210455
vt 0.910152 0.210479
vt 0.912442 0.210624
vt 0.91191 0.210455
vt 0.911523 0.210582
vt 0.913427 0.210478
vt 0.914098 0.210622
vt 0.914339 0.210477
vt 0.915398 0.210478
vt 0.915267 0.210622
vt 0.915289 0.210625
vt 0.914098 0.210622
vt 0.914669 0.210624
vt 0.914339 0.210477
vt 0.915089 0.21063
vt 0.915331 0.210477
vt 0.914977 0.210477
vt 0.913206 0.215909
vt 0.914431 0.216042
vt 0.913232 0.21604
vt 0.91542 0.210442
vt 0.915398 0.210478
vt 0.91533 0.210478
vt 0.91542 0.210442
vt 0.91533 0.210478
vt 0.914976 0.210477
vt 0.914392 0.210447
vt 0.91542 0.210442
vt 0.914976 0.210477
vt 0.908433 0.210442
vt 0.908726 0.210477
vt 0.907234 0.210477
vt 0.908433 0.210442
vt 0.907234 0.210477
vt 0.904987 0.210449
vt 0.908433 0.210442
vt 0.910152 0.210479
vt 0.908726 0.210477
vt 0.889194 0.210442
vt 0.889436 0.210478
vt 0.887196 0.210477
vt 0.889194 0.210442
vt 0.891659 0.210477
vt 0.889436 0.210478
vt 0.883921 0.210442
vt 0.884544 0.210475
vt 0.882228 0.210481
vt 0.908567 0.210442
vt 0.905473 0.210477
vt 0.907241 0.210477
vt 0.91545 0.210442
vt 0.914977 0.210477
vt 0.915331 0.210477
vt 0.91545 0.210442
vt 0.915331 0.210477
vt 0.915398 0.210478
vt 0.91512 0.215859
vt 0.915259 0.215919
vt 0.915032 0.21603
vt 0.915259 0.215919
vt 0.915466 0.216038
vt 0.915032 0.21603
vt 0.915032 0.21603
vt 0.914142 0.215907
vt 0.91466 0.215863
vt 0.915032 0.21603
vt 0.914431 0.216042
vt 0.914142 0.215907
vt 0.914142 0.215907
vt 0.913206 0.215909
vt 0.913648 0.215865
vt 0.903015 0.215971
vt 0.90462 0.216041
vt 0.902518 0.216042
vt 0.913206 0.215909
vt 0.913232 0.21604
vt 0.912286 0.216016
vt 0.912514 0.215861
vt 0.912286 0.216016
vt 0.911562 0.215915
vt 0.911562 0.215915
vt 0.912286 0.216016
vt 0.910752 0.216042
vt 0.911049 0.215864
vt 0.911562 0.215915
vt 0.910134 0.215906
vt 0.910134 0.215906
vt 0.908728 0.216012
vt 0.909163 0.215869
vt 0.908728 0.216012
vt 0.90687 0.216013
vt 0.907495 0.215857
vt 0.905642 0.215908
vt 0.90687 0.216013
vt 0.90462 0.216041
vt 0.904166 0.215858
vt 0.905642 0.215908
vt 0.903015 0.215971
vt 0.899529 0.215867
vt 0.900997 0.216011
vt 0.898433 0.215911
vt 0.901828 0.21587
vt 0.903015 0.215971
vt 0.900997 0.216011
vt 0.903015 0.215971
vt 0.902518 0.216042
vt 0.900997 0.216011
vt 0.873341 0.215865
vt 0.875252 0.216012
vt 0.872081 0.215909
vt 0.900997 0.216011
vt 0.898071 0.216036
vt 0.898433 0.215911
vt 0.898433 0.215911
vt 0.898071 0.216036
vt 0.895742 0.215856
vt 0.898071 0.216036
vt 0.894542 0.216011
vt 0.895742 0.215856
vt 0.893004 0.215859
vt 0.894542 0.216011
vt 0.891661 0.216012
vt 0.891003 0.215864
vt 0.891661 0.216012
vt 0.888854 0.215898
vt 0.887197 0.216012
vt 0.883418 0.215997
vt 0.885897 0.215864
vt 0.887197 0.216012
vt 0.884827 0.216042
vt 0.883418 0.215997
vt 0.882951 0.215858
vt 0.883418 0.215997
vt 0.880116 0.215917
vt 0.879239 0.215861
vt 0.880116 0.215917
vt 0.877598 0.215905
vt 0.877598 0.215905
vt 0.875252 0.216012
vt 0.875646 0.215866
vt 0.862262 0.215867
vt 0.863903 0.216012
vt 0.861715 0.216013
vt 0.875252 0.216012
vt 0.873085 0.216042
vt 0.872081 0.215909
vt 0.872081 0.215909
vt 0.873085 0.216042
vt 0.870105 0.216013
vt 0.869763 0.215859
vt 0.870105 0.216013
vt 0.868032 0.216012
vt 0.867568 0.215863
vt 0.868032 0.216012
vt 0.866062 0.215906
vt 0.866062 0.215906
vt 0.863903 0.216012
vt 0.864246 0.215868
vt 0.858186 0.216012
vt 0.859838 0.215863
vt 0.860649 0.215917
vt 0.860649 0.215917
vt 0.861715 0.216013
vt 0.857921 0.216046
vt 0.856758 0.216011
vt 0.858089 0.215866
vt 0.858186 0.216012
vt 0.860649 0.215917
vt 0.857921 0.216046
vt 0.858186 0.216012
vt 0.853859 0.215865
vt 0.854432 0.216012
vt 0.853487 0.216011
vt 0.856758 0.216011
vt 0.855473 0.216012
vt 0.856253 0.215868
vt 0.855473 0.216012
vt 0.854432 0.216012
vt 0.854836 0.215857
vt 0.852574 0.216012
vt 0.853264 0.215862
vt 0.853487 0.216011
vt 0.852083 0.21601
vt 0.852595 0.215864
vt 0.852574 0.216012
vt 0.851552 0.216012
vt 0.851616 0.215856
vt 0.851513 0.216011
vt 0.852083 0.21601
vt 0.851775 0.215913
vt 0.851991 0.215864
vt 0.852083 0.21601
vt 0.851584 0.216041
vt 0.851775 0.215913
vt 0.851775 0.215913
vt 0.851513 0.216011
vt 0.851616 0.215856
vt 0.852084 0.216011
vt 0.851949 0.215866
vt 0.851724 0.216012
vt 0.8517 0.215863
vt 0.851552 0.216012
vt 0.851724 0.216012
vt 0.857631 0.215868
vt 0.856764 0.216011
vt 0.858186 0.216012
vt 0.852084 0.216011
vt 0.852575 0.216012
vt 0.852307 0.215864
vt 0.852575 0.216012
vt 0.853708 0.215909
vt 0.853003 0.215863
vt 0.852575 0.216012
vt 0.853412 0.216042
vt 0.853708 0.215909
vt 0.853708 0.215909
vt 0.853412 0.216042
vt 0.854435 0.216012
vt 0.8544 0.215861
vt 0.854435 0.216012
vt 0.855332 0.215911
vt 0.856245 0.215866
vt 0.855332 0.215911
vt 0.856764 0.216011
vt 0.855332 0.215911
vt 0.85539 0.216042
vt 0.856764 0.216011
vt 0.863901 0.216012
vt 0.862102 0.215863
vt 0.861212 0.215917
vt 0.858186 0.216012
vt 0.859677 0.216012
vt 0.859102 0.215863
vt 0.859677 0.216012
vt 0.861979 0.216042
vt 0.861212 0.215917
vt 0.865922 0.21601
vt 0.8642 0.215866
vt 0.863901 0.216012
vt 0.861212 0.215917
vt 0.861979 0.216042
vt 0.863901 0.216012
vt 0.875253 0.216012
vt 0.873352 0.215862
vt 0.872112 0.215908
vt 0.865922 0.21601
vt 0.868032 0.216012
vt 0.866894 0.215868
vt 0.868032 0.216012
vt 0.870106 0.216012
vt 0.869714 0.215858
vt 0.870106 0.216012
vt 0.871987 0.216042
vt 0.872112 0.215908
vt 0.877473 0.21601
vt 0.875596 0.215865
vt 0.875253 0.216012
vt 0.872112 0.215908
vt 0.871987 0.216042
vt 0.875253 0.216012
vt 0.880718 0.215858
vt 0.882708 0.215966
vt 0.88272 0.215853
vt 0.877473 0.21601
vt 0.879717 0.216012
vt 0.878548 0.215864
vt 0.885415 0.215857
vt 0.882708 0.215966
vt 0.885446 0.216038
vt 0.879717 0.216012
vt 0.881912 0.216042
vt 0.882708 0.215966
vt 0.891268 0.215866
vt 0.889441 0.21601
vt 0.891661 0.216012
vt 0.882708 0.215966
vt 0.881912 0.216042
vt 0.885446 0.216038
vt 0.885415 0.215857
vt 0.885446 0.216038
vt 0.887197 0.216012
vt 0.888316 0.215865
vt 0.887197 0.216012
vt 0.889441 0.21601
vt 0.893574 0.215866
vt 0.891661 0.216012
vt 0.894833 0.215909
vt 0.901027 0.215903
vt 0.903334 0.216042
vt 0.903308 0.215909
vt 0.891661 0.216012
vt 0.894928 0.216042
vt 0.894833 0.215909
vt 0.894833 0.215909
vt 0.894928 0.216042
vt 0.896808 0.216012
vt 0.896475 0.215861
vt 0.896808 0.216012
vt 0.898337 0.215905
vt 0.899668 0.215869
vt 0.898337 0.215905
vt 0.901027 0.215903
vt 0.901027 0.215903
vt 0.903308 0.215909
vt 0.902426 0.215862
vt 0.905149 0.215908
vt 0.903334 0.216042
vt 0.905828 0.216042
vt 0.908825 0.215867
vt 0.907237 0.216012
vt 0.908728 0.216012
vt 0.906695 0.215857
vt 0.905149 0.215908
vt 0.907237 0.216012
vt 0.905149 0.215908
vt 0.905828 0.216042
vt 0.907237 0.216012
vt 0.910152 0.21601
vt 0.908825 0.215867
vt 0.908728 0.216012
vt 0.912491 0.215908
vt 0.913446 0.216042
vt 0.913216 0.215908
vt 0.910152 0.21601
vt 0.911571 0.215911
vt 0.910661 0.215868
vt 0.910152 0.21601
vt 0.911973 0.21604
vt 0.911571 0.215911
vt 0.914339 0.216012
vt 0.91365 0.215862
vt 0.913216 0.215908
vt 0.914977 0.216012
vt 0.91432 0.215864
vt 0.914339 0.216012
vt 0.913216 0.215908
vt 0.913446 0.216042
vt 0.914339 0.216012
vt 0.914924 0.215864
vt 0.915353 0.216031
vt 0.915223 0.215854
vt 0.914152 0.214149
vt 0.913365 0.214016
vt 0.914382 0.214015
vt 0.915223 0.215854
vt 0.915353 0.216031
vt 0.915304 0.215904
vt 0.902518 0.216042
vt 0.898071 0.216036
vt 0.900997 0.216011
vt 0.893536 0.216047
vt 0.894542 0.216011
vt 0.898071 0.216036
vt 0.870105 0.216013
vt 0.873085 0.216042
vt 0.868073 0.216044
vt 0.868073 0.216044
vt 0.868032 0.216012
vt 0.870105 0.216013
vt 0.856758 0.216011
vt 0.858186 0.216012
vt 0.857921 0.216046
vt 0.854432 0.216012
vt 0.855473 0.216012
vt 0.854232 0.216047
vt 0.852574 0.216012
vt 0.853487 0.216011
vt 0.852411 0.216047
vt 0.851382 0.216047
vt 0.851724 0.216012
vt 0.851552 0.216012
vt 0.852084 0.216011
vt 0.851724 0.216012
vt 0.851899 0.216047
vt 0.915289 0.214192
vt 0.91533 0.214045
vt 0.915398 0.214046
vt 0.915289 0.214192
vt 0.915084 0.214199
vt 0.91533 0.214045
vt 0.915084 0.214199
vt 0.914667 0.21419
vt 0.914976 0.214044
vt 0.914667 0.21419
vt 0.914152 0.214149
vt 0.914976 0.214044
vt 0.914152 0.214149
vt 0.914382 0.214015
vt 0.914976 0.214044
vt 0.91365 0.214194
vt 0.913222 0.214147
vt 0.914152 0.214149
vt 0.910152 0.214046
vt 0.911051 0.214195
vt 0.910082 0.214193
vt 0.913222 0.214147
vt 0.912518 0.214198
vt 0.912479 0.214044
vt 0.912479 0.214044
vt 0.911571 0.214145
vt 0.911285 0.214015
vt 0.910152 0.214046
vt 0.90868 0.214196
vt 0.908675 0.214085
vt 0.908675 0.214085
vt 0.907223 0.214193
vt 0.90687 0.214043
vt 0.908675 0.214085
vt 0.908434 0.214016
vt 0.910152 0.214046
vt 0.90687 0.214043
vt 0.905558 0.2142
vt 0.905406 0.214024
vt 0.889436 0.214045
vt 0.890649 0.214188
vt 0.888316 0.214191
vt 0.905406 0.214024
vt 0.903365 0.214151
vt 0.903102 0.214015
vt 0.902101 0.214186
vt 0.900215 0.214191
vt 0.900988 0.214045
vt 0.900215 0.214191
vt 0.898524 0.21415
vt 0.900988 0.214045
vt 0.898524 0.21415
vt 0.898962 0.214016
vt 0.900988 0.214045
vt 0.896121 0.214198
vt 0.896808 0.214044
vt 0.898524 0.21415
vt 0.896121 0.214198
vt 0.894181 0.214146
vt 0.896808 0.214044
vt 0.894181 0.214146
vt 0.894428 0.214015
vt 0.896808 0.214044
vt 0.894181 0.214146
vt 0.892266 0.21419
vt 0.891659 0.214044
vt 0.892266 0.21419
vt 0.890649 0.214188
vt 0.891659 0.214044
vt 0.876656 0.214162
vt 0.875271 0.214015
vt 0.878206 0.214026
vt 0.888316 0.214191
vt 0.887194 0.214045
vt 0.889436 0.214045
vt 0.884883 0.214146
vt 0.884238 0.214015
vt 0.887194 0.214045
vt 0.883071 0.214147
vt 0.879527 0.214139
vt 0.880638 0.214015
vt 0.879527 0.214139
vt 0.876656 0.214162
vt 0.878206 0.214026
vt 0.8701 0.214044
vt 0.872201 0.214196
vt 0.870108 0.214189
vt 0.872201 0.214196
vt 0.872374 0.214045
vt 0.874908 0.214143
vt 0.868029 0.214044
vt 0.870108 0.214189
vt 0.867839 0.214188
vt 0.865921 0.214046
vt 0.867839 0.214188
vt 0.865086 0.214186
vt 0.863206 0.214194
vt 0.862167 0.214021
vt 0.863901 0.214044
vt 0.865086 0.214186
vt 0.863901 0.214044
vt 0.865921 0.214046
vt 0.858187 0.214045
vt 0.859967 0.214199
vt 0.858366 0.214195
vt 0.861516 0.214204
vt 0.860295 0.214045
vt 0.862167 0.214021
vt 0.861516 0.214204
vt 0.859967 0.214199
vt 0.860295 0.214045
vt 0.856762 0.214046
vt 0.858366 0.214195
vt 0.8565 0.214186
vt 0.854472 0.214191
vt 0.853487 0.214045
vt 0.854432 0.214044
vt 0.8565 0.214186
vt 0.855391 0.214149
vt 0.856762 0.214046
vt 0.855391 0.214149
vt 0.855543 0.214016
vt 0.856762 0.214046
vt 0.854472 0.214191
vt 0.854432 0.214044
vt 0.855391 0.214149
vt 0.852575 0.214044
vt 0.853486 0.214197
vt 0.852581 0.21419
vt 0.852083 0.214046
vt 0.852581 0.21419
vt 0.851982 0.214191
vt 0.852083 0.214046
vt 0.852478 0.214191
vt 0.852576 0.214044
vt 0.851982 0.214191
vt 0.851775 0.214139
vt 0.852083 0.214046
vt 0.851775 0.214139
vt 0.851547 0.214016
vt 0.852083 0.214046
vt 0.851616 0.214198
vt 0.851483 0.214023
vt 0.851645 0.214144
vt 0.851483 0.214023
vt 0.851775 0.214144
vt 0.851693 0.214015
vt 0.856764 0.214045
vt 0.858089 0.21419
vt 0.858187 0.214045
vt 0.853153 0.214196
vt 0.853488 0.214045
vt 0.852576 0.214044
vt 0.854435 0.214044
vt 0.855308 0.214152
vt 0.85539 0.214015
vt 0.858187 0.214045
vt 0.859838 0.214193
vt 0.859677 0.214044
vt 0.863901 0.214044
vt 0.862262 0.21419
vt 0.864246 0.214188
vt 0.861243 0.214149
vt 0.861963 0.214016
vt 0.859677 0.214044
vt 0.865683 0.214015
vt 0.868456 0.214141
vt 0.868845 0.214019
vt 0.863901 0.214044
vt 0.866062 0.214151
vt 0.865683 0.214015
vt 0.867568 0.214193
vt 0.868456 0.214141
vt 0.866062 0.214151
vt 0.877473 0.214046
vt 0.879794 0.214197
vt 0.879718 0.214044
vt 0.871017 0.214202
vt 0.868845 0.214019
vt 0.868456 0.214141
vt 0.871017 0.214202
vt 0.872916 0.214147
vt 0.868845 0.214019
vt 0.872916 0.214147
vt 0.872965 0.214015
vt 0.868845 0.214019
vt 0.872916 0.214147
vt 0.874798 0.214189
vt 0.875255 0.214044
vt 0.874798 0.214189
vt 0.877124 0.214191
vt 0.875255 0.214044
vt 0.879718 0.214044
vt 0.882068 0.214194
vt 0.883042 0.214138
vt 0.88805 0.214052
vt 0.891003 0.214192
vt 0.892007 0.214143
vt 0.883042 0.214138
vt 0.883616 0.214021
vt 0.879718 0.214044
vt 0.883042 0.214138
vt 0.885897 0.214192
vt 0.883616 0.214021
vt 0.883616 0.214021
vt 0.88805 0.214052
vt 0.887797 0.214015
vt 0.885897 0.214192
vt 0.888843 0.214188
vt 0.88805 0.214052
vt 0.892007 0.214143
vt 0.894914 0.214015
vt 0.891814 0.214015
vt 0.892007 0.214143
vt 0.891814 0.214015
vt 0.88805 0.214052
vt 0.893934 0.214196
vt 0.894849 0.214139
vt 0.892007 0.214143
vt 0.898833 0.214085
vt 0.896806 0.214189
vt 0.898855 0.214197
vt 0.894849 0.214139
vt 0.896806 0.214189
vt 0.896808 0.214044
vt 0.903013 0.214044
vt 0.904813 0.214193
vt 0.905702 0.214139
vt 0.896808 0.214044
vt 0.898833 0.214085
vt 0.899751 0.214016
vt 0.898833 0.214085
vt 0.900824 0.214153
vt 0.899751 0.214016
vt 0.902714 0.21419
vt 0.903013 0.214044
vt 0.900824 0.214153
vt 0.908728 0.214044
vt 0.907219 0.21419
vt 0.908861 0.214188
vt 0.905702 0.214139
vt 0.904955 0.214016
vt 0.903013 0.214044
vt 0.905702 0.214139
vt 0.907219 0.21419
vt 0.907237 0.214044
vt 0.911483 0.214196
vt 0.912479 0.214044
vt 0.911441 0.214044
vt 0.908728 0.214044
vt 0.910134 0.214151
vt 0.910349 0.214015
vt 0.911483 0.214196
vt 0.911441 0.214044
vt 0.910134 0.214151
vt 0.91434 0.214044
vt 0.913615 0.214192
vt 0.914098 0.214189
vt 0.912772 0.214202
vt 0.913427 0.214045
vt 0.912479 0.214044
vt 0.912772 0.214202
vt 0.913615 0.214192
vt 0.913427 0.214045
vt 0.914944 0.214077
vt 0.915426 0.214015
vt 0.914812 0.214015
vt 0.914098 0.214189
vt 0.914669 0.214191
vt 0.91434 0.214044
vt 0.91434 0.214044
vt 0.914944 0.214077
vt 0.914812 0.214015
vt 0.915089 0.214197
vt 0.915259 0.214147
vt 0.914944 0.214077
vt 0.852956 0.214009
vt 0.852083 0.214046
vt 0.852576 0.214044
vt 0.915259 0.214147
vt 0.915289 0.214192
vt 0.915398 0.214046
vt 0.915414 0.214009
vt 0.91533 0.214045
vt 0.914976 0.214044
vt 0.914382 0.214015
vt 0.915414 0.214009
vt 0.914976 0.214044
vt 0.911285 0.214015
vt 0.910152 0.214046
vt 0.908434 0.214016
vt 0.889202 0.214009
vt 0.889436 0.214045
vt 0.887194 0.214045
vt 0.889202 0.214009
vt 0.891659 0.214044
vt 0.889436 0.214045
vt 0.870561 0.214009
vt 0.872374 0.214045
vt 0.8701 0.214044
vt 0.870561 0.214009
vt 0.8701 0.214044
vt 0.868029 0.214044
vt 0.854057 0.214009
vt 0.855543 0.214016
vt 0.854432 0.214044
vt 0.854057 0.214009
vt 0.854432 0.214044
vt 0.853487 0.214045
vt 0.913938 0.207423
vt 0.913241 0.207579
vt 0.913214 0.207402
vt 0.878911 0.214009
vt 0.877473 0.214046
vt 0.879718 0.214044
vt 0.915289 0.20758
vt 0.915197 0.207584
vt 0.915133 0.207397
vt 0.915197 0.207584
vt 0.914957 0.207429
vt 0.915133 0.207397
vt 0.914832 0.207575
vt 0.914449 0.207405
vt 0.914957 0.207429
vt 0.914832 0.207575
vt 0.914169 0.207581
vt 0.914449 0.207405
vt 0.90382 0.207391
vt 0.901582 0.20749
vt 0.900844 0.207394
vt 0.912332 0.207529
vt 0.911854 0.207394
vt 0.913214 0.207402
vt 0.911316 0.207494
vt 0.910332 0.207385
vt 0.911854 0.207394
vt 0.910029 0.20749
vt 0.909365 0.207595
vt 0.908932 0.207401
vt 0.908102 0.207522
vt 0.906695 0.207584
vt 0.906783 0.207402
vt 0.905347 0.207467
vt 0.90382 0.207391
vt 0.906783 0.207402
vt 0.894439 0.207393
vt 0.891616 0.207495
vt 0.890128 0.207393
vt 0.901582 0.20749
vt 0.89879 0.207494
vt 0.900844 0.207394
vt 0.89879 0.207494
vt 0.896092 0.207515
vt 0.897456 0.207394
vt 0.861996 0.207402
vt 0.863494 0.207579
vt 0.861694 0.207584
vt 0.889392 0.207491
vt 0.887136 0.207494
vt 0.890128 0.207393
vt 0.887136 0.207494
vt 0.885345 0.207581
vt 0.884507 0.207404
vt 0.885345 0.207581
vt 0.882893 0.207582
vt 0.884507 0.207404
vt 0.882893 0.207582
vt 0.881088 0.207429
vt 0.884507 0.207404
vt 0.880022 0.207582
vt 0.877975 0.207478
vt 0.881088 0.207429
vt 0.877975 0.207478
vt 0.877522 0.207394
vt 0.881088 0.207429
vt 0.877975 0.207478
vt 0.875283 0.207525
vt 0.877522 0.207394
vt 0.875283 0.207525
vt 0.872651 0.207583
vt 0.874091 0.207404
vt 0.874091 0.207404
vt 0.870759 0.207515
vt 0.871019 0.207389
vt 0.868311 0.207583
vt 0.867971 0.207404
vt 0.870759 0.207515
vt 0.865333 0.20749
vt 0.864274 0.207401
vt 0.867971 0.207404
vt 0.865333 0.20749
vt 0.863494 0.207579
vt 0.864274 0.207401
vt 0.85376 0.207393
vt 0.852722 0.207495
vt 0.852483 0.207393
vt 0.860425 0.207467
vt 0.858463 0.2074
vt 0.861996 0.207402
vt 0.859463 0.207576
vt 0.858463 0.2074
vt 0.860425 0.207467
vt 0.856676 0.207523
vt 0.855598 0.207494
vt 0.856985 0.207394
vt 0.855598 0.207494
vt 0.854258 0.207515
vt 0.85506 0.207394
vt 0.852749 0.207429
vt 0.852221 0.207578
vt 0.852745 0.207582
vt 0.852218 0.207538
vt 0.851872 0.207494
vt 0.852483 0.207393
vt 0.851872 0.207494
vt 0.851655 0.207515
vt 0.851888 0.207394
vt 0.851638 0.207583
vt 0.85181 0.207429
vt 0.851655 0.207515
vt 0.851861 0.207579
vt 0.852185 0.207405
vt 0.85181 0.207429
vt 0.853299 0.207398
vt 0.852745 0.207582
vt 0.853424 0.20758
vt 0.854585 0.207578
vt 0.855343 0.207423
vt 0.854117 0.207513
vt 0.853299 0.207398
vt 0.854117 0.207513
vt 0.854346 0.207389
vt 0.858738 0.2074
vt 0.857797 0.207594
vt 0.859498 0.207581
vt 0.855585 0.207524
vt 0.857229 0.207402
vt 0.855343 0.207423
vt 0.856539 0.207584
vt 0.857229 0.207402
vt 0.855585 0.207524
vt 0.856539 0.207584
vt 0.857797 0.207594
vt 0.857229 0.207402
vt 0.861158 0.207534
vt 0.863094 0.207391
vt 0.860131 0.207402
vt 0.869458 0.207394
vt 0.866904 0.207504
vt 0.868643 0.20753
vt 0.863899 0.207516
vt 0.866071 0.207394
vt 0.863094 0.207391
vt 0.865591 0.207586
vt 0.866904 0.207504
vt 0.863899 0.207516
vt 0.875966 0.207401
vt 0.877463 0.207578
vt 0.878253 0.207405
vt 0.868643 0.20753
vt 0.870141 0.207577
vt 0.87118 0.207511
vt 0.868643 0.20753
vt 0.87118 0.207511
vt 0.869458 0.207394
vt 0.873169 0.207595
vt 0.872962 0.2074
vt 0.87118 0.207511
vt 0.875307 0.207531
vt 0.875966 0.207401
vt 0.872962 0.2074
vt 0.891465 0.207429
vt 0.889556 0.207578
vt 0.891841 0.207582
vt 0.877463 0.207578
vt 0.879588 0.207529
vt 0.878253 0.207405
vt 0.878253 0.207405
vt 0.879588 0.207529
vt 0.882407 0.207404
vt 0.879588 0.207529
vt 0.881779 0.207597
vt 0.882407 0.207404
vt 0.881779 0.207597
vt 0.884465 0.207582
vt 0.882407 0.207404
vt 0.884465 0.207582
vt 0.885826 0.207429
vt 0.882407 0.207404
vt 0.887357 0.207579
vt 0.888661 0.207405
vt 0.885826 0.207429
vt 0.893197 0.207398
vt 0.891841 0.207582
vt 0.894502 0.207573
vt 0.90382 0.207391
vt 0.90141 0.207508
vt 0.904034 0.20751
vt 0.893197 0.207398
vt 0.896121 0.207512
vt 0.895895 0.207389
vt 0.89808 0.207597
vt 0.89814 0.207423
vt 0.896121 0.207512
vt 0.899731 0.207528
vt 0.900844 0.207394
vt 0.89814 0.207423
vt 0.90382 0.207391
vt 0.906471 0.207517
vt 0.907065 0.207391
vt 0.910038 0.219472
vt 0.908762 0.219609
vt 0.911106 0.219607
vt 0.908605 0.207494
vt 0.909929 0.207394
vt 0.907065 0.207391
vt 0.90993 0.207541
vt 0.911316 0.207494
vt 0.909929 0.207394
vt 0.911316 0.207494
vt 0.912656 0.207515
vt 0.911854 0.207394
vt 0.914193 0.207495
vt 0.914566 0.207394
vt 0.913419 0.207394
vt 0.914697 0.207538
vt 0.915043 0.207494
vt 0.914566 0.207394
vt 0.915043 0.207494
vt 0.915289 0.20758
vt 0.915106 0.207397
vt 0.915289 0.20758
vt 0.915133 0.207397
vt 0.915106 0.207397
vt 0.915133 0.207397
vt 0.914957 0.207429
vt 0.914449 0.207405
vt 0.914449 0.207405
vt 0.913938 0.207423
vt 0.913214 0.207402
vt 0.882576 0.207391
vt 0.881088 0.207429
vt 0.877522 0.207394
vt 0.85181 0.207391
vt 0.85181 0.207429
vt 0.852185 0.207405
vt 0.852185 0.207405
vt 0.852749 0.207429
vt 0.853299 0.207398
vt 0.854346 0.207389
vt 0.855343 0.207423
vt 0.857229 0.207402
vt 0.884338 0.207391
vt 0.885826 0.207429
vt 0.888661 0.207405
vt 0.888661 0.207405
vt 0.891465 0.207429
vt 0.893197 0.207398
vt 0.895895 0.207389
vt 0.89814 0.207423
vt 0.900844 0.207394
vt 0.915289 0.219431
vt 0.915364 0.219597
vt 0.91539 0.21957
vt 0.915289 0.219431
vt 0.915063 0.219432
vt 0.915364 0.219597
vt 0.915063 0.219432
vt 0.914556 0.219435
vt 0.914972 0.219575
vt 0.914556 0.219435
vt 0.914332 0.219575
vt 0.914972 0.219575
vt 0.913762 0.219427
vt 0.913209 0.219484
vt 0.914332 0.219575
vt 0.913209 0.219484
vt 0.913386 0.219609
vt 0.914332 0.219575
vt 0.913209 0.219484
vt 0.912364 0.219434
vt 0.912489 0.219576
vt 0.912489 0.219576
vt 0.911534 0.219473
vt 0.911106 0.219607
vt 0.911534 0.219473
vt 0.910038 0.219472
vt 0.911106 0.219607
vt 0.909034 0.219431
vt 0.908389 0.219481
vt 0.910038 0.219472
vt 0.908762 0.219609
vt 0.906806 0.219475
vt 0.906464 0.219607
vt 0.894855 0.219606
vt 0.891988 0.219474
vt 0.890965 0.2196
vt 0.902101 0.219437
vt 0.899969 0.219436
vt 0.901003 0.219594
vt 0.899969 0.219436
vt 0.898458 0.219482
vt 0.901003 0.219594
vt 0.898458 0.219482
vt 0.898078 0.219601
vt 0.901003 0.219594
vt 0.896475 0.219428
vt 0.898078 0.219601
vt 0.898458 0.219482
vt 0.894833 0.219476
vt 0.894855 0.219606
vt 0.898078 0.219601
vt 0.874965 0.219474
vt 0.871456 0.219599
vt 0.875959 0.219599
vt 0.890649 0.219436
vt 0.888316 0.219432
vt 0.890965 0.2196
vt 0.888316 0.219432
vt 0.886798 0.219484
vt 0.890965 0.2196
vt 0.886798 0.219484
vt 0.886587 0.219601
vt 0.890965 0.2196
vt 0.884181 0.21942
vt 0.886587 0.219601
vt 0.886798 0.219484
vt 0.884181 0.21942
vt 0.882788 0.219598
vt 0.886587 0.219601
vt 0.884181 0.21942
vt 0.881455 0.219424
vt 0.882788 0.219598
vt 0.881455 0.219424
vt 0.878548 0.219431
vt 0.879566 0.219596
vt 0.876274 0.219432
vt 0.874965 0.219474
vt 0.875959 0.219599
vt 0.873352 0.219429
vt 0.872123 0.219476
vt 0.874965 0.219474
vt 0.863697 0.219473
vt 0.861182 0.219606
vt 0.863818 0.219606
vt 0.872123 0.219476
vt 0.869714 0.219425
vt 0.871456 0.219599
vt 0.869714 0.219425
vt 0.866895 0.219435
vt 0.867994 0.219595
vt 0.864818 0.219434
vt 0.863697 0.219473
vt 0.865912 0.219594
vt 0.863697 0.219473
vt 0.863818 0.219606
vt 0.865912 0.219594
vt 0.862102 0.21943
vt 0.861212 0.219484
vt 0.863697 0.219473
vt 0.85379 0.219599
vt 0.852773 0.219474
vt 0.852342 0.219599
vt 0.861212 0.219484
vt 0.859695 0.219434
vt 0.858735 0.2196
vt 0.857646 0.219437
vt 0.856222 0.219436
vt 0.856768 0.21957
vt 0.856222 0.219436
vt 0.855352 0.219482
vt 0.856768 0.21957
vt 0.855352 0.219482
vt 0.855589 0.21961
vt 0.856768 0.21957
vt 0.8544 0.219427
vt 0.85379 0.219599
vt 0.855352 0.219482
vt 0.880316 0.223217
vt 0.881939 0.223101
vt 0.880311 0.22309
vt 0.851554 0.219576
vt 0.851614 0.219425
vt 0.851703 0.219431
vt 0.85244 0.219435
vt 0.851982 0.219432
vt 0.852342 0.219599
vt 0.851982 0.219432
vt 0.851775 0.219484
vt 0.852342 0.219599
vt 0.851775 0.219484
vt 0.851687 0.219609
vt 0.852342 0.219599
vt 0.851614 0.219425
vt 0.851485 0.219598
vt 0.851775 0.219484
vt 0.852342 0.219599
vt 0.852525 0.219431
vt 0.852772 0.21948
vt 0.851703 0.219431
vt 0.852068 0.219436
vt 0.851716 0.2196
vt 0.852772 0.21948
vt 0.853527 0.219606
vt 0.852342 0.219599
vt 0.853391 0.219427
vt 0.853705 0.219484
vt 0.852772 0.21948
vt 0.854989 0.219605
vt 0.856876 0.219472
vt 0.857608 0.219607
vt 0.853705 0.219484
vt 0.85455 0.219434
vt 0.854989 0.219605
vt 0.858239 0.219538
vt 0.859838 0.21943
vt 0.860649 0.219484
vt 0.858234 0.219427
vt 0.858239 0.219538
vt 0.856876 0.219472
vt 0.858239 0.219538
vt 0.860446 0.219606
vt 0.857608 0.219607
vt 0.863119 0.2196
vt 0.865394 0.219462
vt 0.867257 0.219607
vt 0.860649 0.219484
vt 0.862262 0.219433
vt 0.863119 0.2196
vt 0.875281 0.219595
vt 0.873323 0.219432
vt 0.875407 0.219428
vt 0.867464 0.219434
vt 0.868456 0.219482
vt 0.865394 0.219462
vt 0.870439 0.219428
vt 0.870135 0.219576
vt 0.868456 0.219482
vt 0.872081 0.219476
vt 0.872037 0.219609
vt 0.870135 0.219576
vt 0.875281 0.219595
vt 0.878397 0.219442
vt 0.878969 0.2196
vt 0.882788 0.219598
vt 0.885066 0.219432
vt 0.88633 0.219563
vt 0.878397 0.219442
vt 0.880116 0.219484
vt 0.878969 0.2196
vt 0.882951 0.219425
vt 0.882788 0.219598
vt 0.880116 0.219484
vt 0.890964 0.2196
vt 0.88738 0.219432
vt 0.890324 0.219435
vt 0.885066 0.219432
vt 0.88738 0.219432
vt 0.88633 0.219563
vt 0.892006 0.21948
vt 0.895458 0.219599
vt 0.890964 0.2196
vt 0.890324 0.219435
vt 0.892006 0.21948
vt 0.890964 0.2196
vt 0.893934 0.219427
vt 0.894848 0.219484
vt 0.892006 0.21948
vt 0.902999 0.219596
vt 0.904645 0.21943
vt 0.905642 0.219475
vt 0.894848 0.219484
vt 0.896806 0.219434
vt 0.895458 0.219599
vt 0.895458 0.219599
vt 0.89849 0.219473
vt 0.899658 0.219607
vt 0.89849 0.219473
vt 0.900997 0.219472
vt 0.899658 0.219607
vt 0.902888 0.219428
vt 0.902999 0.219596
vt 0.900997 0.219472
vt 0.908227 0.219606
vt 0.910016 0.21947
vt 0.911106 0.219607
vt 0.905642 0.219475
vt 0.90574 0.219607
vt 0.902999 0.219596
vt 0.905642 0.219475
vt 0.906963 0.219427
vt 0.908227 0.219606
vt 0.914402 0.219609
vt 0.913442 0.219477
vt 0.914145 0.21948
vt 0.910849 0.219435
vt 0.911516 0.219474
vt 0.910016 0.21947
vt 0.91268 0.219425
vt 0.912489 0.219576
vt 0.911516 0.219474
vt 0.91268 0.219425
vt 0.913442 0.219477
vt 0.912489 0.219576
vt 0.913442 0.219477
vt 0.913385 0.219611
vt 0.912489 0.219576
vt 0.914972 0.219575
vt 0.914443 0.219434
vt 0.914784 0.219428
vt 0.91539 0.21957
vt 0.91527 0.219432
vt 0.915289 0.219431
vt 0.915115 0.219423
vt 0.915328 0.219576
vt 0.914972 0.219575
vt 0.915364 0.219597
vt 0.915328 0.219576
vt 0.91539 0.21957
vt 0.915364 0.219597
vt 0.914972 0.219575
vt 0.914872 0.219614
vt 0.914872 0.219614
vt 0.914332 0.219575
vt 0.913386 0.219609
vt 0.914872 0.219614
vt 0.914972 0.219575
vt 0.914332 0.219575
vt 0.858735 0.2196
vt 0.856768 0.21957
vt 0.855589 0.21961
vt 0.898618 0.216059
vt 0.899753 0.216041
vt 0.894928 0.216042
vt 0.915337 0.219614
vt 0.914972 0.219575
vt 0.915328 0.219576
vt 0.914402 0.219609
vt 0.914972 0.219575
vt 0.915337 0.219614
vt 0.915353 0.216031
vt 0.91734 0.216049
vt 0.91765 0.216052
vt 0.911973 0.21604
vt 0.914103 0.216051
vt 0.915801 0.216051
vt 0.903334 0.216042
vt 0.899753 0.216041
vt 0.904221 0.21605
vt 0.905828 0.216042
vt 0.903334 0.216042
vt 0.907024 0.216052
vt 0.909584 0.216047
vt 0.910104 0.216052
vt 0.912287 0.216049
vt 0.911973 0.21604
vt 0.909584 0.216047
vt 0.914103 0.216051
vt 0.86761 0.216051
vt 0.866912 0.216047
vt 0.864588 0.216049
vt 0.881912 0.216042
vt 0.881842 0.216054
vt 0.885446 0.216038
vt 0.864588 0.216049
vt 0.861979 0.216042
vt 0.860476 0.216051
vt 0.91765 0.216052
vt 0.915032 0.21603
vt 0.915466 0.216038
vt 0.85876 0.216047
vt 0.85539 0.216042
vt 0.854358 0.216049
vt 0.853412 0.216042
vt 0.851899 0.216047
vt 0.849701 0.216053
vt 0.851584 0.216041
vt 0.849826 0.216048
vt 0.849227 0.216054
vt 0.852411 0.216047
vt 0.851549 0.216049
vt 0.849826 0.216048
vt 0.857921 0.216046
vt 0.862496 0.216047
vt 0.856533 0.216049
vt 0.873085 0.216042
vt 0.878979 0.216041
vt 0.874324 0.216049
vt 0.893536 0.216047
vt 0.895504 0.216049
vt 0.889273 0.216049
vt 0.898071 0.216036
vt 0.901395 0.216049
vt 0.895504 0.216049
vt 0.90462 0.216041
vt 0.907004 0.21605
vt 0.904222 0.216051
vt 0.913232 0.21604
vt 0.914431 0.216042
vt 0.91593 0.216049
vt 0.898161 0.217587
vt 0.903712 0.217571
vt 0.899294 0.217572
vt 0.91477 0.217576
vt 0.917511 0.217569
vt 0.916528 0.217571
vt 0.911158 0.217583
vt 0.915161 0.217564
vt 0.913306 0.21757
vt 0.907537 0.217576
vt 0.911547 0.21757
vt 0.909531 0.21757
vt 0.907537 0.217576
vt 0.909531 0.21757
vt 0.906611 0.217566
vt 0.911158 0.217583
vt 0.913306 0.21757
vt 0.911547 0.21757
vt 0.91344 0.217591
vt 0.916528 0.217571
vt 0.915161 0.217564
vt 0.906611 0.217566
vt 0.903712 0.217571
vt 0.903044 0.217582
vt 0.874076 0.21757
vt 0.876664 0.217576
vt 0.877638 0.217574
vt 0.899294 0.217572
vt 0.89528 0.217571
vt 0.893921 0.217576
vt 0.89528 0.217571
vt 0.890575 0.217571
vt 0.893921 0.217576
vt 0.890575 0.217571
vt 0.883659 0.217574
vt 0.886309 0.217583
vt 0.881634 0.217576
vt 0.883659 0.217574
vt 0.877638 0.217574
vt 0.859822 0.217576
vt 0.85536 0.217571
vt 0.85673 0.217589
vt 0.868824 0.217587
vt 0.870525 0.217564
vt 0.866772 0.21757
vt 0.864257 0.217583
vt 0.863943 0.217569
vt 0.860573 0.217572
vt 0.864257 0.217583
vt 0.866772 0.21757
vt 0.863943 0.217569
vt 0.872324 0.217582
vt 0.874076 0.21757
vt 0.870525 0.217564
vt 0.860573 0.217572
vt 0.857716 0.217565
vt 0.859822 0.217576
vt 0.852401 0.217576
vt 0.851664 0.217567
vt 0.850375 0.217571
vt 0.85536 0.217571
vt 0.853602 0.217571
vt 0.85673 0.217589
vt 0.853602 0.217571
vt 0.851664 0.217567
vt 0.854237 0.217576
vt 0.851434 0.217582
vt 0.849681 0.217574
vt 0.849318 0.217573
vt 0.850375 0.217571
vt 0.849681 0.217574
vt 0.852401 0.217576
vt 0.877147 0.217576
vt 0.882251 0.217573
vt 0.882479 0.217588
vt 0.851547 0.217583
vt 0.849318 0.217573
vt 0.849982 0.217571
vt 0.853284 0.217583
vt 0.849982 0.217571
vt 0.851379 0.21757
vt 0.854919 0.217576
vt 0.851379 0.21757
vt 0.85279 0.21757
vt 0.854919 0.217576
vt 0.85279 0.21757
vt 0.854409 0.217572
vt 0.858556 0.217576
vt 0.854409 0.217572
vt 0.85683 0.21757
vt 0.860663 0.217566
vt 0.86269 0.21757
vt 0.862539 0.217576
vt 0.86269 0.21757
vt 0.867872 0.217574
vt 0.866069 0.217582
vt 0.871642 0.217571
vt 0.876339 0.217571
vt 0.877147 0.217576
vt 0.868889 0.217587
vt 0.871642 0.217571
vt 0.872509 0.217583
vt 0.860663 0.217566
vt 0.858556 0.217576
vt 0.85683 0.21757
vt 0.89808 0.217589
vt 0.896389 0.217564
vt 0.900143 0.21757
vt 0.885808 0.217583
vt 0.882251 0.217573
vt 0.889385 0.217573
vt 0.89027 0.217576
vt 0.889385 0.217573
vt 0.892838 0.21757
vt 0.908928 0.217582
vt 0.908674 0.217566
vt 0.911057 0.217572
vt 0.902615 0.217582
vt 0.902955 0.21757
vt 0.905586 0.21757
vt 0.90621 0.217583
vt 0.905586 0.21757
vt 0.908674 0.217566
vt 0.902615 0.217582
vt 0.900143 0.21757
vt 0.902955 0.21757
vt 0.895172 0.217582
vt 0.892838 0.21757
vt 0.896389 0.217564
vt 0.911908 0.217587
vt 0.914922 0.217569
vt 0.913519 0.217582
vt 0.911057 0.217572
vt 0.913312 0.217571
vt 0.911908 0.217587
vt 0.914845 0.217576
vt 0.917439 0.217573
vt 0.915418 0.217582
vt 0.914922 0.217569
vt 0.916111 0.217571
vt 0.913519 0.217582
vt 0.916111 0.217571
vt 0.916882 0.217571
vt 0.914845 0.217576
vt 0.89106 0.212475
vt 0.895299 0.212483
vt 0.889273 0.212481
vt 0.917439 0.217573
vt 0.917511 0.217569
vt 0.915418 0.217582
vt 0.915029 0.21248
vt 0.91688 0.212484
vt 0.917462 0.212481
vt 0.913514 0.212475
vt 0.91582 0.212487
vt 0.915029 0.21248
vt 0.907537 0.21248
vt 0.907381 0.212482
vt 0.912039 0.212483
vt 0.907537 0.21248
vt 0.902599 0.212475
vt 0.907381 0.212482
vt 0.911977 0.212472
vt 0.910241 0.21247
vt 0.914039 0.212482
vt 0.902599 0.212475
vt 0.898116 0.212471
vt 0.901491 0.212483
vt 0.898116 0.212471
vt 0.894903 0.212473
vt 0.898618 0.212492
vt 0.882451 0.212463
vt 0.881839 0.212485
vt 0.885445 0.21247
vt 0.882451 0.212463
vt 0.877639 0.212482
vt 0.881839 0.212485
vt 0.867846 0.212473
vt 0.864586 0.212481
vt 0.871987 0.212475
vt 0.863129 0.21248
vt 0.861331 0.212484
vt 0.864586 0.212481
vt 0.853419 0.212475
vt 0.852075 0.21248
vt 0.850315 0.212487
vt 0.851485 0.212465
vt 0.849826 0.212481
vt 0.849231 0.212485
vt 0.853135 0.212475
vt 0.854415 0.21248
vt 0.851549 0.212482
vt 0.85736 0.21248
vt 0.856797 0.212485
vt 0.854412 0.212484
vt 0.85736 0.21248
vt 0.860061 0.212482
vt 0.856797 0.212485
vt 0.870141 0.21248
vt 0.875942 0.21248
vt 0.868398 0.212482
vt 0.88603 0.21248
vt 0.889273 0.212481
vt 0.885075 0.212485
vt 0.851483 0.214023
vt 0.849681 0.214007
vt 0.849318 0.214006
vt 0.89895 0.212474
vt 0.901394 0.212482
vt 0.89853 0.212484
vt 0.903714 0.212471
vt 0.906544 0.212475
vt 0.904222 0.212484
vt 0.906544 0.212475
vt 0.909833 0.21248
vt 0.909066 0.212481
vt 0.91196 0.212471
vt 0.913618 0.212475
vt 0.914155 0.212482
vt 0.914812 0.214015
vt 0.917511 0.214002
vt 0.916528 0.214004
vt 0.912678 0.214009
vt 0.915161 0.213997
vt 0.913306 0.214003
vt 0.907537 0.214009
vt 0.911547 0.214003
vt 0.909531 0.214003
vt 0.907537 0.214009
vt 0.909531 0.214003
vt 0.906611 0.213999
vt 0.910349 0.214015
vt 0.913306 0.214003
vt 0.911547 0.214003
vt 0.912678 0.214009
vt 0.916528 0.214004
vt 0.915161 0.213997
vt 0.906611 0.213999
vt 0.904234 0.214003
vt 0.904955 0.214016
vt 0.904234 0.214003
vt 0.901487 0.214005
vt 0.899751 0.214016
vt 0.901487 0.214005
vt 0.898589 0.214003
vt 0.899751 0.214016
vt 0.892629 0.214006
vt 0.887402 0.214004
vt 0.887797 0.214015
vt 0.898589 0.214003
vt 0.892629 0.214006
vt 0.894914 0.214015
vt 0.878911 0.214009
vt 0.883451 0.213998
vt 0.877638 0.214007
vt 0.872965 0.214015
vt 0.877638 0.214007
vt 0.874076 0.214003
vt 0.868845 0.214019
vt 0.870525 0.213997
vt 0.866772 0.214003
vt 0.865683 0.214015
vt 0.863943 0.214001
vt 0.860573 0.214005
vt 0.865683 0.214015
vt 0.866772 0.214003
vt 0.863943 0.214001
vt 0.872965 0.214015
vt 0.874076 0.214003
vt 0.870525 0.213997
vt 0.860573 0.214005
vt 0.857716 0.213998
vt 0.858761 0.214009
vt 0.857716 0.213998
vt 0.85536 0.214004
vt 0.858761 0.214009
vt 0.85536 0.214004
vt 0.853602 0.214003
vt 0.85539 0.214015
vt 0.853602 0.214003
vt 0.851664 0.214
vt 0.85539 0.214015
vt 0.851664 0.214
vt 0.850375 0.214004
vt 0.852956 0.214009
vt 0.850375 0.214004
vt 0.849681 0.214007
vt 0.852956 0.214009
vt 0.8563 0.214004
vt 0.855543 0.214016
vt 0.853018 0.214007
vt 0.887402 0.214004
vt 0.883451 0.213998
vt 0.883616 0.214021
vt 0.851547 0.214016
vt 0.849318 0.214006
vt 0.849982 0.214004
vt 0.852203 0.214009
vt 0.849982 0.214004
vt 0.851379 0.214003
vt 0.854057 0.214009
vt 0.851379 0.214003
vt 0.853018 0.214007
vt 0.904224 0.214003
vt 0.898962 0.214016
vt 0.899042 0.214007
vt 0.858545 0.214009
vt 0.8563 0.214004
vt 0.858662 0.214003
vt 0.858662 0.214003
vt 0.860888 0.213998
vt 0.862167 0.214021
vt 0.860888 0.213998
vt 0.863975 0.214004
vt 0.865854 0.214009
vt 0.863975 0.214004
vt 0.866782 0.214003
vt 0.865854 0.214009
vt 0.866782 0.214003
vt 0.871539 0.214004
vt 0.870561 0.214009
vt 0.871539 0.214004
vt 0.876334 0.214004
vt 0.875271 0.214015
vt 0.876334 0.214004
vt 0.88225 0.214006
vt 0.880638 0.214015
vt 0.889202 0.214009
vt 0.88225 0.214006
vt 0.89058 0.214004
vt 0.894428 0.214015
vt 0.89058 0.214004
vt 0.895326 0.214003
vt 0.894428 0.214015
vt 0.895326 0.214003
vt 0.899042 0.214007
vt 0.905406 0.214024
vt 0.908992 0.213998
vt 0.908434 0.214016
vt 0.903102 0.214015
vt 0.904224 0.214003
vt 0.907429 0.213998
vt 0.915426 0.214015
vt 0.917439 0.214005
vt 0.917511 0.214002
vt 0.908992 0.213998
vt 0.912277 0.214006
vt 0.908434 0.214016
vt 0.912277 0.214006
vt 0.914552 0.214004
vt 0.911285 0.214015
vt 0.914552 0.214004
vt 0.916111 0.214004
vt 0.913365 0.214016
vt 0.916111 0.214004
vt 0.916882 0.214004
vt 0.914382 0.214015
vt 0.916882 0.214004
vt 0.917439 0.214005
vt 0.915414 0.214009
vt 0.911547 0.208919
vt 0.907537 0.208913
vt 0.908904 0.208917
vt 0.915579 0.208913
vt 0.915029 0.208913
vt 0.917342 0.208915
vt 0.915029 0.208913
vt 0.913499 0.208906
vt 0.91611 0.208919
vt 0.913499 0.208906
vt 0.911165 0.208906
vt 0.914917 0.208919
vt 0.908904 0.208917
vt 0.904955 0.208905
vt 0.906026 0.208924
vt 0.904955 0.208905
vt 0.901472 0.208916
vt 0.906026 0.208924
vt 0.883592 0.208917
vt 0.881939 0.208907
vt 0.880477 0.208916
vt 0.899751 0.208906
vt 0.896073 0.20892
vt 0.901472 0.208916
vt 0.890651 0.208913
vt 0.889151 0.208921
vt 0.896073 0.20892
vt 0.885428 0.208902
vt 0.883592 0.208917
vt 0.889151 0.208921
vt 0.854637 0.208916
vt 0.854377 0.208913
vt 0.852649 0.208915
vt 0.881939 0.208907
vt 0.876263 0.208913
vt 0.880477 0.208916
vt 0.876263 0.208913
vt 0.872258 0.208899
vt 0.874285 0.208916
vt 0.872258 0.208899
vt 0.867163 0.208906
vt 0.867872 0.208915
vt 0.867163 0.208906
vt 0.863081 0.208902
vt 0.86269 0.208919
vt 0.85973 0.208906
vt 0.854637 0.208916
vt 0.85921 0.208917
vt 0.852649 0.208915
vt 0.852508 0.208913
vt 0.850317 0.208927
vt 0.908152 0.208902
vt 0.912056 0.208923
vt 0.909198 0.208924
vt 0.852508 0.208913
vt 0.84967 0.208921
vt 0.850317 0.208927
vt 0.851555 0.208906
vt 0.849225 0.208921
vt 0.84967 0.208921
vt 0.863081 0.208902
vt 0.85973 0.208906
vt 0.85921 0.208917
vt 0.852494 0.208907
vt 0.853699 0.208907
vt 0.851379 0.208919
vt 0.85144 0.208913
vt 0.852494 0.208907
vt 0.849982 0.208918
vt 0.853699 0.208907
vt 0.855545 0.208907
vt 0.85279 0.208919
vt 0.855545 0.208907
vt 0.858669 0.208903
vt 0.854409 0.208917
vt 0.858669 0.208903
vt 0.861426 0.208906
vt 0.858662 0.208919
vt 0.861426 0.208906
vt 0.860888 0.208924
vt 0.858662 0.208919
vt 0.865123 0.208913
vt 0.865381 0.208926
vt 0.860888 0.208924
vt 0.865123 0.208913
vt 0.868404 0.208916
vt 0.865381 0.208926
vt 0.870141 0.208913
vt 0.87475 0.208924
vt 0.868404 0.208916
vt 0.873367 0.208907
vt 0.877831 0.208926
vt 0.87475 0.208924
vt 0.877699 0.208907
vt 0.880865 0.208925
vt 0.877831 0.208926
vt 0.884964 0.208907
vt 0.890651 0.208913
vt 0.889276 0.208915
vt 0.890651 0.208913
vt 0.894873 0.208907
vt 0.89528 0.208918
vt 0.894873 0.208907
vt 0.898084 0.208902
vt 0.899294 0.208917
vt 0.898084 0.208902
vt 0.902609 0.208907
vt 0.899294 0.208917
vt 0.902609 0.208907
vt 0.905468 0.208898
vt 0.906341 0.208917
vt 0.908152 0.208902
vt 0.909198 0.208924
vt 0.906341 0.208917
vt 0.880865 0.208925
vt 0.884964 0.208907
vt 0.885069 0.208922
vt 0.911575 0.208909
vt 0.913058 0.208923
vt 0.912056 0.208923
vt 0.911575 0.208909
vt 0.915926 0.208916
vt 0.913058 0.208923
vt 0.914087 0.208913
vt 0.916948 0.208921
vt 0.915926 0.208916
vt 0.915059 0.208907
vt 0.917658 0.208921
vt 0.916948 0.208921
vt 0.854451 0.210439
vt 0.858757 0.210454
vt 0.858515 0.21044
vt 0.917649 0.21044
vt 0.917118 0.210441
vt 0.91545 0.210442
vt 0.915801 0.210438
vt 0.914104 0.210439
vt 0.913863 0.210442
vt 0.914104 0.210439
vt 0.908567 0.210442
vt 0.91191 0.210455
vt 0.89513 0.210449
vt 0.899475 0.210447
vt 0.898609 0.210439
vt 0.88719 0.210457
vt 0.891395 0.210447
vt 0.886431 0.21044
vt 0.89513 0.210449
vt 0.898609 0.210439
vt 0.892615 0.21044
vt 0.883351 0.210439
vt 0.880288 0.210449
vt 0.883411 0.210447
vt 0.880288 0.210449
vt 0.871607 0.21044
vt 0.875068 0.210449
vt 0.899475 0.210447
vt 0.904316 0.210442
vt 0.901486 0.210439
vt 0.862016 0.210437
vt 0.858515 0.21044
vt 0.863942 0.210449
vt 0.86552 0.21044
vt 0.862016 0.210437
vt 0.863942 0.210449
vt 0.852297 0.21045
vt 0.85139 0.210438
vt 0.853698 0.210449
vt 0.856339 0.210449
vt 0.854451 0.210439
vt 0.852655 0.21044
vt 0.854563 0.210453
vt 0.852655 0.21044
vt 0.853024 0.210447
vt 0.851529 0.210452
vt 0.849685 0.210441
vt 0.849324 0.21044
vt 0.853024 0.210447
vt 0.850374 0.210438
vt 0.849685 0.210441
vt 0.849324 0.21044
vt 0.849826 0.210441
vt 0.851492 0.210459
vt 0.85139 0.210438
vt 0.855022 0.210451
vt 0.853698 0.210449
vt 0.86884 0.210454
vt 0.865355 0.210438
vt 0.868296 0.210439
vt 0.853018 0.21044
vt 0.856298 0.210439
vt 0.858148 0.210449
vt 0.915084 0.214199
vt 0.91466 0.215863
vt 0.914667 0.21419
vt 0.86884 0.210454
vt 0.868296 0.210439
vt 0.872047 0.210447
vt 0.882244 0.210439
vt 0.889605 0.210441
vt 0.883921 0.210442
vt 0.889605 0.210441
vt 0.89446 0.210451
vt 0.889194 0.210442
vt 0.89446 0.210451
vt 0.89598 0.210437
vt 0.898011 0.210451
vt 0.89598 0.210437
vt 0.901491 0.210439
vt 0.90063 0.210453
vt 0.90063 0.210453
vt 0.904222 0.210438
vt 0.904987 0.210449
vt 0.907442 0.210433
vt 0.908433 0.210442
vt 0.904987 0.210449
vt 0.904222 0.210438
vt 0.907442 0.210433
vt 0.904987 0.210449
vt 0.915289 0.214192
vt 0.915304 0.215904
vt 0.915259 0.215919
vt 0.915289 0.214192
vt 0.915259 0.215919
vt 0.91512 0.215859
vt 0.914152 0.214149
vt 0.91466 0.215863
vt 0.914142 0.215907
vt 0.91365 0.214194
vt 0.914142 0.215907
vt 0.913648 0.215865
vt 0.913222 0.214147
vt 0.913648 0.215865
vt 0.913206 0.215909
vt 0.912518 0.214198
vt 0.913206 0.215909
vt 0.912514 0.215861
vt 0.911571 0.214145
vt 0.912514 0.215861
vt 0.911562 0.215915
vt 0.911051 0.214195
vt 0.911562 0.215915
vt 0.911049 0.215864
vt 0.910134 0.215906
vt 0.911051 0.214195
vt 0.911049 0.215864
vt 0.859967 0.214199
vt 0.860649 0.215917
vt 0.859838 0.215863
vt 0.910082 0.214193
vt 0.910134 0.215906
vt 0.909163 0.215869
vt 0.909163 0.215869
vt 0.907495 0.215857
vt 0.90868 0.214196
vt 0.905558 0.2142
vt 0.905642 0.215908
vt 0.904166 0.215858
vt 0.903365 0.214151
vt 0.904166 0.215858
vt 0.901828 0.21587
vt 0.900215 0.214191
vt 0.901828 0.21587
vt 0.899529 0.215867
vt 0.896121 0.214198
vt 0.898433 0.215911
vt 0.895742 0.215856
vt 0.898524 0.21415
vt 0.899529 0.215867
vt 0.898433 0.215911
vt 0.894181 0.214146
vt 0.895742 0.215856
vt 0.893004 0.215859
vt 0.892266 0.21419
vt 0.893004 0.215859
vt 0.891003 0.215864
vt 0.890649 0.214188
vt 0.891003 0.215864
vt 0.888854 0.215898
vt 0.888316 0.214191
vt 0.888854 0.215898
vt 0.885897 0.215864
vt 0.884883 0.214146
vt 0.885897 0.215864
vt 0.882951 0.215858
vt 0.905558 0.2142
vt 0.907495 0.215857
vt 0.905642 0.215908
vt 0.881017 0.214192
vt 0.882951 0.215858
vt 0.880116 0.215917
vt 0.881017 0.214192
vt 0.880116 0.215917
vt 0.879239 0.215861
vt 0.879527 0.214139
vt 0.879239 0.215861
vt 0.877598 0.215905
vt 0.876656 0.214162
vt 0.877598 0.215905
vt 0.875646 0.215866
vt 0.874908 0.214143
vt 0.875646 0.215866
vt 0.873341 0.215865
vt 0.872201 0.214196
vt 0.873341 0.215865
vt 0.872081 0.215909
vt 0.872201 0.214196
vt 0.872081 0.215909
vt 0.869763 0.215859
vt 0.867839 0.214188
vt 0.869763 0.215859
vt 0.867568 0.215863
vt 0.867839 0.214188
vt 0.867568 0.215863
vt 0.866062 0.215906
vt 0.865086 0.214186
vt 0.866062 0.215906
vt 0.864246 0.215868
vt 0.863206 0.214194
vt 0.864246 0.215868
vt 0.862262 0.215867
vt 0.861516 0.214204
vt 0.862262 0.215867
vt 0.860649 0.215917
vt 0.852581 0.21419
vt 0.853264 0.215862
vt 0.852595 0.215864
vt 0.858366 0.214195
vt 0.859838 0.215863
vt 0.858089 0.215866
vt 0.854472 0.214191
vt 0.854836 0.215857
vt 0.853859 0.215865
vt 0.855391 0.214149
vt 0.856253 0.215868
vt 0.854836 0.215857
vt 0.8565 0.214186
vt 0.858089 0.215866
vt 0.856253 0.215868
vt 0.853486 0.214197
vt 0.853859 0.215865
vt 0.853264 0.215862
vt 0.851645 0.214144
vt 0.851775 0.215913
vt 0.851616 0.215856
vt 0.851775 0.215913
vt 0.851982 0.214191
vt 0.851991 0.215864
vt 0.851991 0.215864
vt 0.852581 0.21419
vt 0.852595 0.215864
vt 0.855308 0.214152
vt 0.8544 0.215861
vt 0.855332 0.215911
vt 0.851616 0.214198
vt 0.851616 0.215856
vt 0.8517 0.215863
vt 0.851991 0.214192
vt 0.8517 0.215863
vt 0.851949 0.215866
vt 0.852307 0.215864
vt 0.853003 0.215863
vt 0.852478 0.214191
vt 0.853153 0.214196
vt 0.853003 0.215863
vt 0.853708 0.215909
vt 0.851991 0.214192
vt 0.851949 0.215866
vt 0.852307 0.215864
vt 0.854163 0.214204
vt 0.853708 0.215909
vt 0.8544 0.215861
vt 0.857631 0.215868
vt 0.85639 0.214191
vt 0.856245 0.215866
vt 0.855332 0.215911
vt 0.856245 0.215866
vt 0.855308 0.214152
vt 0.8642 0.215866
vt 0.862262 0.21419
vt 0.862102 0.215863
vt 0.857631 0.215868
vt 0.859102 0.215863
vt 0.858089 0.21419
vt 0.859838 0.214193
vt 0.859102 0.215863
vt 0.861212 0.215917
vt 0.861243 0.214149
vt 0.861212 0.215917
vt 0.862102 0.215863
vt 0.868456 0.214141
vt 0.866894 0.215868
vt 0.869714 0.215858
vt 0.866062 0.214151
vt 0.8642 0.215866
vt 0.866894 0.215868
vt 0.874798 0.214189
vt 0.873352 0.215862
vt 0.875596 0.215865
vt 0.872916 0.214147
vt 0.872112 0.215908
vt 0.873352 0.215862
vt 0.908825 0.215867
vt 0.907219 0.21419
vt 0.906695 0.215857
vt 0.882068 0.214194
vt 0.880718 0.215858
vt 0.88272 0.215853
vt 0.879794 0.214197
vt 0.878548 0.215864
vt 0.880718 0.215858
vt 0.877124 0.214191
vt 0.875596 0.215865
vt 0.878548 0.215864
vt 0.871017 0.214202
vt 0.869714 0.215858
vt 0.872112 0.215908
vt 0.883042 0.214138
vt 0.88272 0.215853
vt 0.885415 0.215857
vt 0.885897 0.214192
vt 0.885415 0.215857
vt 0.888316 0.215865
vt 0.888843 0.214188
vt 0.888316 0.215865
vt 0.891268 0.215866
vt 0.892007 0.214143
vt 0.891268 0.215866
vt 0.893574 0.215866
vt 0.893934 0.214196
vt 0.893574 0.215866
vt 0.894833 0.215909
vt 0.894849 0.214139
vt 0.894833 0.215909
vt 0.896475 0.215861
vt 0.896806 0.214189
vt 0.896475 0.215861
vt 0.898337 0.215905
vt 0.898337 0.215905
vt 0.899668 0.215869
vt 0.898855 0.214197
vt 0.902714 0.21419
vt 0.901027 0.215903
vt 0.902426 0.215862
vt 0.904813 0.214193
vt 0.903308 0.215909
vt 0.905149 0.215908
vt 0.902714 0.21419
vt 0.902426 0.215862
vt 0.903308 0.215909
vt 0.900824 0.214153
vt 0.899668 0.215869
vt 0.901027 0.215903
vt 0.912491 0.215908
vt 0.911483 0.214196
vt 0.911571 0.215911
vt 0.910134 0.214151
vt 0.908825 0.215867
vt 0.910661 0.215868
vt 0.911483 0.214196
vt 0.910661 0.215868
vt 0.911571 0.215911
vt 0.914098 0.214189
vt 0.91365 0.215862
vt 0.91432 0.215864
vt 0.913615 0.214192
vt 0.913216 0.215908
vt 0.91365 0.215862
vt 0.905702 0.214139
vt 0.905149 0.215908
vt 0.906695 0.215857
vt 0.915259 0.214147
vt 0.915223 0.215854
vt 0.915304 0.215904
vt 0.915089 0.214197
vt 0.914924 0.215864
vt 0.915223 0.215854
vt 0.914669 0.214191
vt 0.91432 0.215864
vt 0.914924 0.215864
vt 0.912772 0.214202
vt 0.912491 0.215908
vt 0.913216 0.215908
vt 0.9152 0.217715
vt 0.91527 0.219432
vt 0.915115 0.219423
vt 0.915304 0.215904
vt 0.915289 0.214192
vt 0.915259 0.214147
vt 0.915298 0.217766
vt 0.915289 0.219431
vt 0.91527 0.219432
vt 0.908356 0.219477
vt 0.909145 0.217756
vt 0.909028 0.219429
vt 0.914891 0.217749
vt 0.915115 0.219423
vt 0.914784 0.219428
vt 0.914891 0.217749
vt 0.914784 0.219428
vt 0.914443 0.219434
vt 0.91365 0.217761
vt 0.914145 0.21948
vt 0.913442 0.219477
vt 0.914443 0.219434
vt 0.914145 0.21948
vt 0.914258 0.217764
vt 0.910661 0.217755
vt 0.911516 0.219474
vt 0.910849 0.219435
vt 0.911571 0.217712
vt 0.91268 0.219425
vt 0.911516 0.219474
vt 0.909145 0.217756
vt 0.910016 0.21947
vt 0.909028 0.219429
vt 0.908356 0.219477
vt 0.906963 0.219427
vt 0.907649 0.217766
vt 0.90241 0.217759
vt 0.900997 0.219472
vt 0.900898 0.217758
vt 0.910661 0.217755
vt 0.910849 0.219435
vt 0.910016 0.21947
vt 0.913222 0.217714
vt 0.913442 0.219477
vt 0.91268 0.219425
vt 0.90495 0.217766
vt 0.905642 0.219475
vt 0.904645 0.21943
vt 0.872123 0.217714
vt 0.873323 0.219432
vt 0.872081 0.219476
vt 0.903308 0.217714
vt 0.904645 0.21943
vt 0.902888 0.219428
vt 0.900898 0.217758
vt 0.900997 0.219472
vt 0.89968 0.219437
vt 0.899346 0.21776
vt 0.89968 0.219437
vt 0.89849 0.219473
vt 0.898458 0.217708
vt 0.89849 0.219473
vt 0.896806 0.219434
vt 0.896475 0.217762
vt 0.896806 0.219434
vt 0.894848 0.219484
vt 0.894833 0.217714
vt 0.894848 0.219484
vt 0.893934 0.219427
vt 0.893574 0.217758
vt 0.893934 0.219427
vt 0.892006 0.21948
vt 0.891268 0.217757
vt 0.892006 0.21948
vt 0.890324 0.219435
vt 0.889316 0.217718
vt 0.890324 0.219435
vt 0.88738 0.219432
vt 0.886798 0.217706
vt 0.88738 0.219432
vt 0.885066 0.219432
vt 0.883963 0.217766
vt 0.885066 0.219432
vt 0.882951 0.219425
vt 0.90631 0.217715
vt 0.906963 0.219427
vt 0.905642 0.219475
vt 0.881017 0.217759
vt 0.882951 0.219425
vt 0.880116 0.219484
vt 0.881017 0.217759
vt 0.880116 0.219484
vt 0.878397 0.219442
vt 0.876832 0.21776
vt 0.878397 0.219442
vt 0.875407 0.219428
vt 0.875407 0.219428
vt 0.873323 0.219432
vt 0.874126 0.217759
vt 0.87045 0.217765
vt 0.872081 0.219476
vt 0.870439 0.219428
vt 0.868481 0.217713
vt 0.870439 0.219428
vt 0.868456 0.219482
vt 0.867574 0.217763
vt 0.868456 0.219482
vt 0.867464 0.219434
vt 0.862262 0.219433
vt 0.8642 0.217757
vt 0.863669 0.219473
vt 0.8642 0.217757
vt 0.865394 0.219462
vt 0.863669 0.219473
vt 0.859419 0.217766
vt 0.860649 0.219484
vt 0.859838 0.21943
vt 0.861677 0.217766
vt 0.862262 0.219433
vt 0.860649 0.219484
vt 0.86609 0.21772
vt 0.867464 0.219434
vt 0.865394 0.219462
vt 0.851775 0.219484
vt 0.85164 0.217716
vt 0.851614 0.219425
vt 0.857751 0.217754
vt 0.858234 0.219427
vt 0.856876 0.219472
vt 0.859419 0.217766
vt 0.859838 0.21943
vt 0.858234 0.219427
vt 0.856222 0.217755
vt 0.856876 0.219472
vt 0.85606 0.219437
vt 0.856222 0.217755
vt 0.85606 0.219437
vt 0.85538 0.219473
vt 0.854702 0.217765
vt 0.85538 0.219473
vt 0.85455 0.219434
vt 0.854702 0.217765
vt 0.85455 0.219434
vt 0.853705 0.219484
vt 0.853708 0.217714
vt 0.853705 0.219484
vt 0.853391 0.219427
vt 0.853267 0.217758
vt 0.853391 0.219427
vt 0.852772 0.21948
vt 0.852581 0.217757
vt 0.852772 0.21948
vt 0.852525 0.219431
vt 0.852581 0.217757
vt 0.852525 0.219431
vt 0.852068 0.219436
vt 0.851982 0.217758
vt 0.852068 0.219436
vt 0.851703 0.219431
vt 0.851623 0.217771
vt 0.851703 0.219431
vt 0.851614 0.219425
vt 0.851982 0.219432
vt 0.851775 0.217711
vt 0.851775 0.219484
vt 0.85244 0.219435
vt 0.851991 0.217759
vt 0.851982 0.219432
vt 0.853267 0.219432
vt 0.852595 0.217758
vt 0.852773 0.219474
vt 0.852595 0.217758
vt 0.85244 0.219435
vt 0.852773 0.219474
vt 0.8544 0.219427
vt 0.853504 0.217765
vt 0.853708 0.219476
vt 0.853504 0.217765
vt 0.853267 0.219432
vt 0.853708 0.219476
vt 0.856253 0.217755
vt 0.855352 0.219482
vt 0.856222 0.219436
vt 0.854726 0.217765
vt 0.8544 0.219427
vt 0.855352 0.219482
vt 0.857646 0.219437
vt 0.856253 0.217755
vt 0.856222 0.219436
vt 0.859838 0.21776
vt 0.858503 0.219473
vt 0.859695 0.219434
vt 0.858089 0.217757
vt 0.857646 0.219437
vt 0.858503 0.219473
vt 0.864813 0.217753
vt 0.863697 0.219473
vt 0.864818 0.219434
vt 0.859838 0.21776
vt 0.859695 0.219434
vt 0.861212 0.219484
vt 0.861717 0.217765
vt 0.861212 0.219484
vt 0.862102 0.21943
vt 0.863669 0.217718
vt 0.862102 0.21943
vt 0.863697 0.219473
vt 0.868456 0.217708
vt 0.866895 0.219435
vt 0.869714 0.219425
vt 0.866895 0.219435
vt 0.864813 0.217753
vt 0.864818 0.219434
vt 0.876274 0.219432
vt 0.874799 0.217756
vt 0.874965 0.219474
vt 0.872916 0.217714
vt 0.872123 0.219476
vt 0.873352 0.219429
vt 0.874799 0.217756
vt 0.873352 0.219429
vt 0.874965 0.219474
vt 0.913615 0.217759
vt 0.913209 0.219484
vt 0.913762 0.219427
vt 0.879794 0.217764
vt 0.878548 0.219431
vt 0.881455 0.219424
vt 0.877124 0.217758
vt 0.876274 0.219432
vt 0.878548 0.219431
vt 0.871017 0.217769
vt 0.869714 0.219425
vt 0.872123 0.219476
vt 0.884926 0.217713
vt 0.884181 0.21942
vt 0.886798 0.219484
vt 0.88737 0.217758
vt 0.886798 0.219484
vt 0.888316 0.219432
vt 0.889441 0.21772
vt 0.888316 0.219432
vt 0.890649 0.219436
vt 0.891783 0.217761
vt 0.890649 0.219436
vt 0.891988 0.219474
vt 0.891783 0.217761
vt 0.891988 0.219474
vt 0.893574 0.219433
vt 0.894713 0.217763
vt 0.893574 0.219433
vt 0.894833 0.219476
vt 0.894713 0.217763
vt 0.894833 0.219476
vt 0.896475 0.219428
vt 0.896806 0.217756
vt 0.896475 0.219428
vt 0.898458 0.219482
vt 0.89849 0.217718
vt 0.898458 0.219482
vt 0.899969 0.219436
vt 0.90047 0.217753
vt 0.899969 0.219436
vt 0.902101 0.219437
vt 0.90242 0.217759
vt 0.902101 0.219437
vt 0.903246 0.219473
vt 0.903287 0.21771
vt 0.903246 0.219473
vt 0.905198 0.219425
vt 0.905588 0.217765
vt 0.905198 0.219425
vt 0.906806 0.219475
vt 0.907219 0.217757
vt 0.906806 0.219475
vt 0.908389 0.219481
vt 0.908861 0.217755
vt 0.908389 0.219481
vt 0.909034 0.219431
vt 0.908861 0.217755
vt 0.909034 0.219431
vt 0.910038 0.219472
vt 0.910134 0.217718
vt 0.910038 0.219472
vt 0.910854 0.219437
vt 0.911049 0.21776
vt 0.910854 0.219437
vt 0.911534 0.219473
vt 0.911562 0.217708
vt 0.911534 0.219473
vt 0.912364 0.219434
vt 0.912772 0.217769
vt 0.912364 0.219434
vt 0.913209 0.219484
vt 0.909365 0.207595
vt 0.908399 0.208779
vt 0.908102 0.207522
vt 0.914333 0.217758
vt 0.913762 0.219427
vt 0.914556 0.219435
vt 0.914932 0.217758
vt 0.914556 0.219435
vt 0.915063 0.219432
vt 0.915224 0.217769
vt 0.915063 0.219432
vt 0.915289 0.219431
vt 0.88278 0.217757
vt 0.881455 0.219424
vt 0.884181 0.21942
vt 0.915289 0.20758
vt 0.915291 0.208723
vt 0.915244 0.208724
vt 0.915197 0.207584
vt 0.915244 0.208724
vt 0.914932 0.208731
vt 0.914832 0.207575
vt 0.914932 0.208731
vt 0.914333 0.208731
vt 0.914169 0.207581
vt 0.914333 0.208731
vt 0.913428 0.208725
vt 0.913241 0.207579
vt 0.913428 0.208725
vt 0.912524 0.208724
vt 0.912524 0.208724
vt 0.911461 0.208724
vt 0.912332 0.207529
vt 0.911118 0.207637
vt 0.911461 0.208724
vt 0.910134 0.208771
vt 0.909365 0.207595
vt 0.910134 0.208771
vt 0.909163 0.208735
vt 0.906695 0.207584
vt 0.908399 0.208779
vt 0.906947 0.208723
vt 0.882951 0.208723
vt 0.885345 0.207581
vt 0.885897 0.20873
vt 0.904745 0.207589
vt 0.905398 0.208718
vt 0.903287 0.208779
vt 0.903324 0.207527
vt 0.903287 0.208779
vt 0.90242 0.20873
vt 0.901155 0.207642
vt 0.90242 0.20873
vt 0.90047 0.208736
vt 0.89837 0.207641
vt 0.90047 0.208736
vt 0.89849 0.208771
vt 0.89837 0.207641
vt 0.89849 0.208771
vt 0.896806 0.208733
vt 0.896092 0.207515
vt 0.896806 0.208733
vt 0.894848 0.208783
vt 0.894935 0.207582
vt 0.894848 0.208783
vt 0.893934 0.208726
vt 0.893469 0.207525
vt 0.893934 0.208726
vt 0.891783 0.208728
vt 0.891042 0.207644
vt 0.891783 0.208728
vt 0.888843 0.208734
vt 0.888085 0.207644
vt 0.888843 0.208734
vt 0.885897 0.20873
vt 0.880116 0.208783
vt 0.882893 0.207582
vt 0.882951 0.208723
vt 0.906695 0.207584
vt 0.906947 0.208723
vt 0.905398 0.208718
vt 0.877237 0.207643
vt 0.879239 0.208727
vt 0.877598 0.208771
vt 0.880022 0.207582
vt 0.880116 0.208783
vt 0.879239 0.208727
vt 0.873341 0.208731
vt 0.875283 0.207525
vt 0.875646 0.208732
vt 0.877237 0.207643
vt 0.877598 0.208771
vt 0.875646 0.208732
vt 0.870759 0.207515
vt 0.872081 0.208775
vt 0.869763 0.208724
vt 0.872651 0.207583
vt 0.873341 0.208731
vt 0.872081 0.208775
vt 0.862262 0.208732
vt 0.863494 0.207579
vt 0.864246 0.208734
vt 0.868311 0.207583
vt 0.869763 0.208724
vt 0.866945 0.208735
vt 0.865651 0.20764
vt 0.866945 0.208735
vt 0.864246 0.208734
vt 0.859838 0.208729
vt 0.861694 0.207584
vt 0.861243 0.208773
vt 0.861694 0.207584
vt 0.862262 0.208732
vt 0.861243 0.208773
vt 0.855863 0.208726
vt 0.856676 0.207523
vt 0.856832 0.208729
vt 0.857761 0.207598
vt 0.858234 0.208725
vt 0.856832 0.208729
vt 0.859463 0.207576
vt 0.859838 0.208729
vt 0.858234 0.208725
vt 0.854396 0.208723
vt 0.855322 0.207641
vt 0.855343 0.208776
vt 0.853264 0.208728
vt 0.853606 0.207524
vt 0.853692 0.208775
vt 0.855322 0.207641
vt 0.855863 0.208726
vt 0.855343 0.208776
vt 0.852439 0.208731
vt 0.852934 0.207643
vt 0.852762 0.208773
vt 0.851655 0.207515
vt 0.851737 0.208724
vt 0.851616 0.208722
vt 0.852934 0.207643
vt 0.853264 0.208728
vt 0.852762 0.208773
vt 0.853692 0.208775
vt 0.854258 0.207515
vt 0.854396 0.208723
vt 0.851774 0.207642
vt 0.851991 0.20873
vt 0.851737 0.208724
vt 0.852218 0.207538
vt 0.852439 0.208731
vt 0.851991 0.20873
vt 0.851861 0.207579
vt 0.851647 0.208774
vt 0.851846 0.208731
vt 0.851616 0.208722
vt 0.851638 0.207583
vt 0.851655 0.207515
vt 0.851638 0.207583
vt 0.851616 0.208722
vt 0.851647 0.208774
vt 0.852221 0.207578
vt 0.851846 0.208731
vt 0.852347 0.208734
vt 0.852745 0.207582
vt 0.852347 0.208734
vt 0.853136 0.208726
vt 0.854585 0.207578
vt 0.853922 0.208729
vt 0.854918 0.208731
vt 0.856065 0.208733
vt 0.855585 0.207524
vt 0.854918 0.208731
vt 0.853922 0.208729
vt 0.853424 0.20758
vt 0.853136 0.208726
vt 0.857797 0.207594
vt 0.856898 0.208769
vt 0.858221 0.208726
vt 0.859498 0.207581
vt 0.858221 0.208726
vt 0.859696 0.208732
vt 0.859498 0.207581
vt 0.859696 0.208732
vt 0.860633 0.208773
vt 0.856539 0.207584
vt 0.856065 0.208733
vt 0.856898 0.208769
vt 0.862277 0.207524
vt 0.864026 0.208725
vt 0.863899 0.207516
vt 0.861158 0.207534
vt 0.860633 0.208773
vt 0.862122 0.208731
vt 0.865591 0.207586
vt 0.864026 0.208725
vt 0.865918 0.208771
vt 0.866904 0.207504
vt 0.865918 0.208771
vt 0.867385 0.208733
vt 0.880718 0.208724
vt 0.879588 0.207529
vt 0.878548 0.20873
vt 0.870141 0.207577
vt 0.868481 0.208776
vt 0.87045 0.208724
vt 0.868643 0.20753
vt 0.867385 0.208733
vt 0.868481 0.208776
vt 0.873169 0.207595
vt 0.872429 0.208719
vt 0.874621 0.20873
vt 0.875307 0.207531
vt 0.874621 0.20873
vt 0.876274 0.208731
vt 0.881779 0.207597
vt 0.880718 0.208724
vt 0.88272 0.208719
vt 0.896121 0.207512
vt 0.894833 0.208775
vt 0.896451 0.208724
vt 0.877463 0.207578
vt 0.876274 0.208731
vt 0.878548 0.20873
vt 0.87118 0.207511
vt 0.87045 0.208724
vt 0.872429 0.208719
vt 0.884465 0.207582
vt 0.88272 0.208719
vt 0.885415 0.208723
vt 0.887357 0.207579
vt 0.885415 0.208723
vt 0.888316 0.208731
vt 0.889556 0.207578
vt 0.888316 0.208731
vt 0.891268 0.208732
vt 0.891841 0.207582
vt 0.891268 0.208732
vt 0.893574 0.208731
vt 0.894502 0.207573
vt 0.893574 0.208731
vt 0.894833 0.208775
vt 0.89808 0.207597
vt 0.896451 0.208724
vt 0.898476 0.208781
vt 0.911051 0.208727
vt 0.90993 0.207541
vt 0.91015 0.208769
vt 0.89808 0.207597
vt 0.898476 0.208781
vt 0.899346 0.208729
vt 0.899731 0.207528
vt 0.899346 0.208729
vt 0.900852 0.208771
vt 0.90141 0.207508
vt 0.900852 0.208771
vt 0.902669 0.208733
vt 0.904034 0.20751
vt 0.902669 0.208733
vt 0.904652 0.208732
vt 0.904982 0.207581
vt 0.904652 0.208732
vt 0.905671 0.208773
vt 0.906471 0.207517
vt 0.905671 0.208773
vt 0.907077 0.208729
vt 0.907972 0.207641
vt 0.907077 0.208729
vt 0.908825 0.208732
vt 0.912518 0.208724
vt 0.911592 0.207641
vt 0.911571 0.208776
vt 0.91365 0.208728
vt 0.913309 0.207524
vt 0.913216 0.208774
vt 0.911592 0.207641
vt 0.911051 0.208727
vt 0.911571 0.208776
vt 0.90993 0.207541
vt 0.908825 0.208732
vt 0.91015 0.208769
vt 0.915289 0.20758
vt 0.915177 0.208724
vt 0.915291 0.208723
vt 0.91398 0.207643
vt 0.91365 0.208728
vt 0.91432 0.20873
vt 0.913216 0.208774
vt 0.912656 0.207515
vt 0.912518 0.208724
vt 0.91514 0.207642
vt 0.914924 0.20873
vt 0.915177 0.208724
vt 0.914697 0.207538
vt 0.91432 0.20873
vt 0.914924 0.20873
vt 0.896542 0.210581
vt 0.898337 0.212338
vt 0.896475 0.212294
vt 0.915289 0.210625
vt 0.915291 0.21229
vt 0.915244 0.212292
vt 0.915063 0.210624
vt 0.915244 0.212292
vt 0.914932 0.212298
vt 0.914604 0.210626
vt 0.914932 0.212298
vt 0.914331 0.2123
vt 0.914331 0.2123
vt 0.913642 0.212297
vt 0.914119 0.210582
vt 0.913524 0.210629
vt 0.913642 0.212297
vt 0.913206 0.212342
vt 0.913209 0.210572
vt 0.913206 0.212342
vt 0.912514 0.212294
vt 0.912364 0.210622
vt 0.912514 0.212294
vt 0.911562 0.212348
vt 0.911534 0.210583
vt 0.911562 0.212348
vt 0.910692 0.212302
vt 0.910383 0.210618
vt 0.910692 0.212302
vt 0.908861 0.212301
vt 0.908513 0.210627
vt 0.908861 0.212301
vt 0.907219 0.212299
vt 0.906954 0.210629
vt 0.907219 0.212299
vt 0.906281 0.21234
vt 0.905671 0.210582
vt 0.906281 0.21234
vt 0.904944 0.212293
vt 0.904652 0.210623
vt 0.904944 0.212293
vt 0.903287 0.212346
vt 0.902669 0.210621
vt 0.903287 0.212346
vt 0.90242 0.212297
vt 0.902669 0.210621
vt 0.90242 0.212297
vt 0.90047 0.212303
vt 0.900006 0.210623
vt 0.90047 0.212303
vt 0.898337 0.212338
vt 0.896542 0.210581
vt 0.894809 0.212343
vt 0.894476 0.210634
vt 0.894476 0.210634
vt 0.894809 0.212343
vt 0.893562 0.212295
vt 0.890292 0.210623
vt 0.891949 0.21234
vt 0.89064 0.212298
vt 0.89249 0.210629
vt 0.893562 0.212295
vt 0.891949 0.21234
vt 0.887145 0.21062
vt 0.888605 0.212296
vt 0.88653 0.212299
vt 0.887145 0.21062
vt 0.88653 0.212299
vt 0.884216 0.212298
vt 0.890292 0.210623
vt 0.89064 0.212298
vt 0.888605 0.212296
vt 0.881061 0.212296
vt 0.883972 0.210631
vt 0.884216 0.212298
vt 0.873352 0.210627
vt 0.875646 0.212299
vt 0.872682 0.212292
vt 0.879541 0.21058
vt 0.881061 0.212296
vt 0.878324 0.212297
vt 0.877097 0.210589
vt 0.878324 0.212297
vt 0.875646 0.212299
vt 0.87045 0.210631
vt 0.872682 0.212292
vt 0.869763 0.212291
vt 0.866945 0.212302
vt 0.868481 0.210578
vt 0.869763 0.212291
vt 0.864818 0.210622
vt 0.866945 0.212302
vt 0.864246 0.212301
vt 0.862262 0.212299
vt 0.863698 0.210583
vt 0.864246 0.212301
vt 0.860125 0.21058
vt 0.861243 0.21234
vt 0.859445 0.212293
vt 0.861677 0.210632
vt 0.862262 0.212299
vt 0.861243 0.21234
vt 0.857769 0.2123
vt 0.858558 0.210579
vt 0.859445 0.212293
vt 0.855387 0.210584
vt 0.856382 0.212299
vt 0.854918 0.212298
vt 0.853472 0.210579
vt 0.853701 0.21235
vt 0.853329 0.212295
vt 0.854918 0.212298
vt 0.853701 0.21235
vt 0.854235 0.210632
vt 0.856511 0.210621
vt 0.857769 0.2123
vt 0.856382 0.212299
vt 0.851616 0.212289
vt 0.851794 0.210631
vt 0.851819 0.212302
vt 0.852709 0.210629
vt 0.852815 0.212297
vt 0.85231 0.212296
vt 0.852709 0.210629
vt 0.853329 0.212295
vt 0.852815 0.212297
vt 0.852157 0.210586
vt 0.85231 0.212296
vt 0.851819 0.212302
vt 0.863669 0.210583
vt 0.862102 0.212296
vt 0.8642 0.212299
vt 0.851649 0.210627
vt 0.851616 0.212289
vt 0.851644 0.212343
vt 0.851644 0.212343
vt 0.851777 0.21235
vt 0.851649 0.210627
vt 0.851851 0.210623
vt 0.851777 0.21235
vt 0.851982 0.212298
vt 0.853391 0.210629
vt 0.853266 0.212298
vt 0.853708 0.212342
vt 0.852717 0.210627
vt 0.852581 0.212299
vt 0.853266 0.212298
vt 0.852179 0.210585
vt 0.851982 0.212298
vt 0.852581 0.212299
vt 0.85455 0.210622
vt 0.854441 0.212343
vt 0.855352 0.212348
vt 0.85538 0.210583
vt 0.855352 0.212348
vt 0.856222 0.212302
vt 0.858525 0.210576
vt 0.858053 0.212301
vt 0.860181 0.212291
vt 0.856876 0.210584
vt 0.856222 0.212302
vt 0.858053 0.212301
vt 0.853705 0.210572
vt 0.853708 0.212342
vt 0.854441 0.212343
vt 0.866894 0.212301
vt 0.864813 0.210619
vt 0.8642 0.212299
vt 0.868481 0.212344
vt 0.866945 0.21062
vt 0.866894 0.212301
vt 0.87045 0.212291
vt 0.868456 0.210574
vt 0.868481 0.212344
vt 0.874926 0.210582
vt 0.873352 0.212295
vt 0.875596 0.212298
vt 0.871017 0.210635
vt 0.87045 0.212291
vt 0.872112 0.212341
vt 0.872916 0.21058
vt 0.872112 0.212341
vt 0.873352 0.212295
vt 0.911523 0.210582
vt 0.912427 0.212344
vt 0.912442 0.210624
vt 0.877124 0.210624
vt 0.875596 0.212298
vt 0.878548 0.212297
vt 0.879794 0.210629
vt 0.878548 0.212297
vt 0.880718 0.212291
vt 0.882068 0.210627
vt 0.880718 0.212291
vt 0.88272 0.212286
vt 0.861243 0.210582
vt 0.860181 0.212291
vt 0.862102 0.212296
vt 0.885897 0.210625
vt 0.885415 0.21229
vt 0.888316 0.212298
vt 0.893934 0.210629
vt 0.893574 0.212298
vt 0.894833 0.212342
vt 0.892006 0.210576
vt 0.891268 0.212299
vt 0.893574 0.212298
vt 0.888843 0.210621
vt 0.888316 0.212298
vt 0.891268 0.212299
vt 0.896806 0.210622
vt 0.896475 0.212294
vt 0.898458 0.212348
vt 0.90047 0.210619
vt 0.899346 0.212296
vt 0.900852 0.212338
vt 0.89849 0.210583
vt 0.898458 0.212348
vt 0.899346 0.212296
vt 0.90312 0.210627
vt 0.902669 0.212301
vt 0.905198 0.212291
vt 0.90047 0.210619
vt 0.900852 0.212338
vt 0.902669 0.212301
vt 0.894849 0.210572
vt 0.894833 0.212342
vt 0.896475 0.212294
vt 0.907663 0.210631
vt 0.907077 0.212296
vt 0.90828 0.212298
vt 0.909028 0.210627
vt 0.90828 0.212298
vt 0.909778 0.212301
vt 0.910414 0.210619
vt 0.909778 0.212301
vt 0.911338 0.212293
vt 0.912442 0.210624
vt 0.912427 0.212344
vt 0.913056 0.212299
vt 0.914098 0.210622
vt 0.913481 0.212347
vt 0.91432 0.212297
vt 0.913431 0.210631
vt 0.913056 0.212299
vt 0.913481 0.212347
vt 0.915683 0.216161
vt 0.914103 0.216051
vt 0.914633 0.216209
vt 0.914669 0.210624
vt 0.91432 0.212297
vt 0.914924 0.212297
vt 0.915089 0.21063
vt 0.914924 0.212297
vt 0.915177 0.212291
vt 0.915267 0.210622
vt 0.915177 0.212291
vt 0.915291 0.21229
vt 0.905588 0.210631
vt 0.905198 0.212291
vt 0.907077 0.212296
vt 0.883843 0.21058
vt 0.88272 0.212286
vt 0.885415 0.21229
vt 0.851616 0.212289
vt 0.851649 0.210627
vt 0.851623 0.210636
vt 0.917694 0.216078
vt 0.917775 0.216256
vt 0.917825 0.216192
vt 0.917694 0.216078
vt 0.91734 0.216049
vt 0.917573 0.216156
vt 0.915801 0.216051
vt 0.915683 0.216161
vt 0.916656 0.216156
vt 0.912287 0.216049
vt 0.910626 0.216154
vt 0.912152 0.216151
vt 0.914103 0.216051
vt 0.912287 0.216049
vt 0.91355 0.216154
vt 0.909119 0.216191
vt 0.907024 0.216052
vt 0.907938 0.216199
vt 0.910104 0.216052
vt 0.909119 0.216191
vt 0.910626 0.216154
vt 0.906746 0.21619
vt 0.904221 0.21605
vt 0.904306 0.216173
vt 0.904306 0.216173
vt 0.901486 0.216051
vt 0.901382 0.216169
vt 0.906746 0.21619
vt 0.904306 0.216173
vt 0.905391 0.216245
vt 0.898618 0.216059
vt 0.895678 0.216245
vt 0.898771 0.216239
vt 0.904306 0.216173
vt 0.901382 0.216169
vt 0.902526 0.216243
vt 0.898618 0.216059
vt 0.898771 0.216239
vt 0.901382 0.216169
vt 0.892526 0.216244
vt 0.895345 0.216086
vt 0.892197 0.216121
vt 0.895345 0.216086
vt 0.892616 0.216049
vt 0.892197 0.216121
vt 0.890053 0.216241
vt 0.892197 0.216121
vt 0.889076 0.216082
vt 0.886429 0.216049
vt 0.882906 0.216176
vt 0.885404 0.216179
vt 0.889076 0.216082
vt 0.887674 0.216241
vt 0.890053 0.216241
vt 0.886429 0.216049
vt 0.885404 0.216179
vt 0.889076 0.216082
vt 0.877039 0.216152
vt 0.874809 0.216065
vt 0.874651 0.216156
vt 0.881842 0.216054
vt 0.87764 0.216049
vt 0.879487 0.216156
vt 0.874651 0.216156
vt 0.871615 0.21605
vt 0.871563 0.216161
vt 0.868968 0.216209
vt 0.871615 0.21605
vt 0.86761 0.216051
vt 0.866902 0.216155
vt 0.864588 0.216049
vt 0.864608 0.216151
vt 0.856463 0.216246
vt 0.8577 0.216054
vt 0.856231 0.216089
vt 0.864588 0.216049
vt 0.862444 0.216154
vt 0.864608 0.216151
vt 0.860476 0.216051
vt 0.8606 0.216191
vt 0.862444 0.216154
vt 0.860476 0.216051
vt 0.859337 0.216199
vt 0.8606 0.216191
vt 0.859337 0.216199
vt 0.8577 0.216054
vt 0.85815 0.216243
vt 0.854856 0.216243
vt 0.856231 0.216089
vt 0.854141 0.216169
vt 0.856231 0.216089
vt 0.854358 0.216049
vt 0.854141 0.216169
vt 0.849722 0.216241
vt 0.850278 0.216121
vt 0.849701 0.216053
vt 0.852708 0.216089
vt 0.853059 0.216241
vt 0.854141 0.216169
vt 0.852708 0.216089
vt 0.851958 0.216247
vt 0.853059 0.216241
vt 0.851746 0.216056
vt 0.850552 0.216054
vt 0.851051 0.216189
vt 0.851051 0.216189
vt 0.850278 0.216121
vt 0.85029 0.216244
vt 0.849138 0.216247
vt 0.849227 0.216054
vt 0.849264 0.216076
vt 0.849701 0.216053
vt 0.849333 0.216241
vt 0.849722 0.216241
vt 0.849364 0.21605
vt 0.849144 0.216179
vt 0.849701 0.216053
vt 0.849227 0.216054
vt 0.849083 0.216246
vt 0.849144 0.216179
vt 0.849728 0.216152
vt 0.850343 0.216065
vt 0.850258 0.216156
vt 0.849264 0.216076
vt 0.849826 0.216048
vt 0.849341 0.216156
vt 0.850343 0.216065
vt 0.851231 0.216161
vt 0.850258 0.216156
vt 0.854762 0.216151
vt 0.856533 0.216049
vt 0.856288 0.216155
vt 0.852365 0.216095
vt 0.854414 0.21605
vt 0.853364 0.216155
vt 0.856533 0.216049
vt 0.857795 0.216191
vt 0.856288 0.216155
vt 0.860169 0.21619
vt 0.862693 0.21605
vt 0.862608 0.216173
vt 0.859258 0.216053
vt 0.858976 0.216199
vt 0.857795 0.216191
vt 0.862608 0.216173
vt 0.865423 0.21605
vt 0.865533 0.216169
vt 0.860169 0.21619
vt 0.862608 0.216173
vt 0.861523 0.216245
vt 0.865533 0.216169
vt 0.868305 0.21605
vt 0.868624 0.216172
vt 0.862608 0.216173
vt 0.865533 0.216169
vt 0.864388 0.216243
vt 0.874389 0.216244
vt 0.87157 0.216086
vt 0.874717 0.216121
vt 0.868624 0.216172
vt 0.867408 0.216241
vt 0.865533 0.216169
vt 0.87157 0.216086
vt 0.871236 0.216245
vt 0.868624 0.216172
vt 0.87157 0.216086
vt 0.874324 0.216049
vt 0.874717 0.216121
vt 0.876861 0.216241
vt 0.874717 0.216121
vt 0.877835 0.216054
vt 0.889875 0.216152
vt 0.892105 0.216065
vt 0.892263 0.216156
vt 0.877835 0.216054
vt 0.87924 0.216241
vt 0.876861 0.216241
vt 0.880924 0.216084
vt 0.88185 0.216251
vt 0.87924 0.216241
vt 0.884845 0.21605
vt 0.884009 0.216176
vt 0.880924 0.216084
vt 0.884845 0.21605
vt 0.889273 0.216049
vt 0.887427 0.216156
vt 0.892105 0.216065
vt 0.895351 0.216161
vt 0.892263 0.216156
vt 0.902307 0.216151
vt 0.904222 0.216051
vt 0.90447 0.216155
vt 0.897948 0.216095
vt 0.901395 0.216049
vt 0.900013 0.216155
vt 0.904222 0.216051
vt 0.906314 0.216191
vt 0.90447 0.216155
vt 0.907577 0.216199
vt 0.909071 0.216049
vt 0.909667 0.216172
vt 0.907004 0.21605
vt 0.907577 0.216199
vt 0.906314 0.216191
vt 0.9177 0.217376
vt 0.917718 0.21754
vt 0.917834 0.217379
vt 0.907577 0.216199
vt 0.909667 0.216172
vt 0.908764 0.216243
vt 0.909071 0.216049
vt 0.91107 0.216051
vt 0.909667 0.216172
vt 0.909667 0.216172
vt 0.911825 0.21617
vt 0.911017 0.216247
vt 0.913036 0.216055
vt 0.913427 0.216242
vt 0.911825 0.21617
vt 0.915141 0.216078
vt 0.915598 0.216245
vt 0.914454 0.216172
vt 0.915141 0.216078
vt 0.91593 0.216049
vt 0.916188 0.216121
vt 0.915141 0.216078
vt 0.916188 0.216121
vt 0.915598 0.216245
vt 0.916188 0.216121
vt 0.916939 0.216052
vt 0.916625 0.216244
vt 0.91748 0.216084
vt 0.917737 0.216247
vt 0.917342 0.216237
vt 0.91765 0.216052
vt 0.917694 0.216078
vt 0.917825 0.216192
vt 0.916862 0.216309
vt 0.917128 0.216097
vt 0.916656 0.216156
vt 0.917484 0.216308
vt 0.917573 0.216156
vt 0.917128 0.216097
vt 0.915914 0.216308
vt 0.916656 0.216156
vt 0.915683 0.216161
vt 0.912999 0.216308
vt 0.91355 0.216154
vt 0.912152 0.216151
vt 0.911045 0.216308
vt 0.912152 0.216151
vt 0.910626 0.216154
vt 0.875281 0.216309
vt 0.877039 0.216152
vt 0.874651 0.216156
vt 0.878473 0.216308
vt 0.879487 0.216156
vt 0.877039 0.216152
vt 0.872087 0.216308
vt 0.874651 0.216156
vt 0.871563 0.216161
vt 0.865847 0.216308
vt 0.866902 0.216155
vt 0.864608 0.216151
vt 0.86292 0.216308
vt 0.864608 0.216151
vt 0.862444 0.216154
vt 0.84943 0.216308
vt 0.849341 0.216156
vt 0.849728 0.216152
vt 0.851 0.216308
vt 0.850258 0.216156
vt 0.851231 0.216161
vt 0.850053 0.216309
vt 0.849728 0.216152
vt 0.850258 0.216156
vt 0.852286 0.216306
vt 0.851231 0.216161
vt 0.852365 0.216095
vt 0.852286 0.216306
vt 0.852365 0.216095
vt 0.853364 0.216155
vt 0.853915 0.216308
vt 0.853364 0.216155
vt 0.854762 0.216151
vt 0.85587 0.216308
vt 0.854762 0.216151
vt 0.856288 0.216155
vt 0.888441 0.216308
vt 0.887427 0.216156
vt 0.889875 0.216152
vt 0.894827 0.216308
vt 0.892263 0.216156
vt 0.895351 0.216161
vt 0.891633 0.216309
vt 0.889875 0.216152
vt 0.892263 0.216156
vt 0.897988 0.216306
vt 0.895351 0.216161
vt 0.897948 0.216095
vt 0.897988 0.216306
vt 0.897948 0.216095
vt 0.900013 0.216155
vt 0.901067 0.216308
vt 0.900013 0.216155
vt 0.902307 0.216151
vt 0.903994 0.216308
vt 0.902307 0.216151
vt 0.90447 0.216155
vt 0.913306 0.21757
vt 0.914708 0.217468
vt 0.91355 0.217469
vt 0.917511 0.217569
vt 0.9177 0.217376
vt 0.917341 0.217471
vt 0.917341 0.217471
vt 0.916656 0.217467
vt 0.916528 0.217571
vt 0.916656 0.217467
vt 0.916018 0.217433
vt 0.916528 0.217571
vt 0.916018 0.217433
vt 0.915472 0.217375
vt 0.915161 0.217564
vt 0.915161 0.217564
vt 0.915472 0.217375
vt 0.914708 0.217468
vt 0.912152 0.217473
vt 0.913306 0.21757
vt 0.91355 0.217469
vt 0.911547 0.21757
vt 0.910181 0.217431
vt 0.909531 0.21757
vt 0.912152 0.217473
vt 0.911256 0.21743
vt 0.911547 0.21757
vt 0.909531 0.21757
vt 0.907865 0.217425
vt 0.906611 0.217566
vt 0.910181 0.217431
vt 0.909037 0.217432
vt 0.909531 0.21757
vt 0.899294 0.217572
vt 0.902307 0.217473
vt 0.900013 0.217469
vt 0.906611 0.217566
vt 0.906433 0.217368
vt 0.90447 0.217469
vt 0.903712 0.217571
vt 0.90447 0.217469
vt 0.902307 0.217473
vt 0.89528 0.217571
vt 0.897946 0.217414
vt 0.895428 0.217444
vt 0.900013 0.217469
vt 0.897946 0.217414
vt 0.899294 0.217572
vt 0.892263 0.217467
vt 0.89528 0.217571
vt 0.895428 0.217444
vt 0.877638 0.217574
vt 0.874651 0.217467
vt 0.874076 0.21757
vt 0.890575 0.217571
vt 0.892263 0.217467
vt 0.88906 0.217471
vt 0.88906 0.217471
vt 0.887075 0.217374
vt 0.885992 0.21754
vt 0.887075 0.217374
vt 0.885119 0.217382
vt 0.885992 0.21754
vt 0.885992 0.21754
vt 0.883417 0.217418
vt 0.883659 0.217574
vt 0.883659 0.217574
vt 0.883417 0.217418
vt 0.880922 0.21754
vt 0.880922 0.21754
vt 0.881116 0.21739
vt 0.877854 0.217471
vt 0.866772 0.21757
vt 0.869231 0.217468
vt 0.866902 0.217469
vt 0.874651 0.217467
vt 0.872466 0.217433
vt 0.874076 0.21757
vt 0.872466 0.217433
vt 0.870937 0.217375
vt 0.870525 0.217564
vt 0.870525 0.217564
vt 0.870937 0.217375
vt 0.869231 0.217468
vt 0.864608 0.217473
vt 0.866772 0.21757
vt 0.866902 0.217469
vt 0.863943 0.217569
vt 0.861852 0.217431
vt 0.860573 0.217572
vt 0.864608 0.217473
vt 0.863254 0.21743
vt 0.863943 0.217569
vt 0.853602 0.217571
vt 0.854761 0.217472
vt 0.853364 0.217469
vt 0.861852 0.217431
vt 0.860508 0.217432
vt 0.860573 0.217572
vt 0.860508 0.217432
vt 0.859264 0.217424
vt 0.860573 0.217572
vt 0.860573 0.217572
vt 0.859264 0.217424
vt 0.857716 0.217565
vt 0.857716 0.217565
vt 0.857881 0.217367
vt 0.856288 0.217469
vt 0.85536 0.217571
vt 0.856288 0.217469
vt 0.854761 0.217472
vt 0.853602 0.217571
vt 0.852281 0.217414
vt 0.851664 0.217567
vt 0.850375 0.217571
vt 0.851246 0.217444
vt 0.850258 0.217467
vt 0.852281 0.217414
vt 0.851246 0.217444
vt 0.851664 0.217567
vt 0.849573 0.217471
vt 0.850375 0.217571
vt 0.850258 0.217467
vt 0.849159 0.21739
vt 0.849188 0.217538
vt 0.849076 0.217366
vt 0.849573 0.217471
vt 0.849269 0.217374
vt 0.849277 0.21754
vt 0.849269 0.217374
vt 0.849076 0.217366
vt 0.849277 0.21754
vt 0.849573 0.217471
vt 0.849318 0.217573
vt 0.849235 0.217502
vt 0.851379 0.21757
vt 0.850258 0.217467
vt 0.850897 0.217433
vt 0.849235 0.217502
vt 0.849159 0.21739
vt 0.849573 0.217471
vt 0.849573 0.217471
vt 0.850258 0.217467
vt 0.849982 0.217571
vt 0.852206 0.217468
vt 0.851379 0.21757
vt 0.851452 0.217425
vt 0.850897 0.217433
vt 0.851452 0.217425
vt 0.851379 0.21757
vt 0.854409 0.217572
vt 0.855658 0.21743
vt 0.85683 0.21757
vt 0.85279 0.21757
vt 0.852206 0.217468
vt 0.853364 0.217469
vt 0.854409 0.217572
vt 0.853364 0.217469
vt 0.854762 0.217473
vt 0.860482 0.217368
vt 0.859225 0.217538
vt 0.859044 0.217373
vt 0.855658 0.21743
vt 0.856733 0.217431
vt 0.85683 0.21757
vt 0.856733 0.217431
vt 0.857877 0.217432
vt 0.85683 0.21757
vt 0.857877 0.217432
vt 0.859044 0.217373
vt 0.859225 0.217538
vt 0.871642 0.217571
vt 0.869231 0.217468
vt 0.871563 0.217462
vt 0.860663 0.217566
vt 0.860482 0.217368
vt 0.861951 0.217431
vt 0.86269 0.21757
vt 0.861951 0.217431
vt 0.863888 0.217473
vt 0.863888 0.217473
vt 0.866902 0.217469
vt 0.86541 0.217559
vt 0.866902 0.217469
vt 0.869231 0.217468
vt 0.867872 0.217574
vt 0.874651 0.217467
vt 0.871642 0.217571
vt 0.871563 0.217462
vt 0.882251 0.217573
vt 0.877854 0.217471
vt 0.881358 0.21745
vt 0.876339 0.217571
vt 0.874651 0.217467
vt 0.877854 0.217471
vt 0.889385 0.217573
vt 0.892263 0.217467
vt 0.892838 0.21757
vt 0.877854 0.217471
vt 0.879839 0.217374
vt 0.881358 0.21745
vt 0.881358 0.21745
vt 0.883498 0.217418
vt 0.882251 0.217573
vt 0.882251 0.217573
vt 0.883498 0.217418
vt 0.885992 0.21754
vt 0.885992 0.21754
vt 0.885798 0.21739
vt 0.88906 0.217471
vt 0.900143 0.21757
vt 0.897684 0.217468
vt 0.900013 0.217469
vt 0.892263 0.217467
vt 0.894448 0.217433
vt 0.892838 0.21757
vt 0.894448 0.217433
vt 0.895977 0.217375
vt 0.896389 0.217564
vt 0.896389 0.217564
vt 0.895977 0.217375
vt 0.897684 0.217468
vt 0.902307 0.217473
vt 0.900143 0.21757
vt 0.900013 0.217469
vt 0.902955 0.21757
vt 0.905062 0.217431
vt 0.905586 0.21757
vt 0.902307 0.217473
vt 0.90366 0.21743
vt 0.902955 0.21757
vt 0.905586 0.21757
vt 0.90765 0.217425
vt 0.908674 0.217566
vt 0.905062 0.217431
vt 0.906406 0.217432
vt 0.905586 0.21757
vt 0.913312 0.217571
vt 0.912152 0.217473
vt 0.91355 0.217469
vt 0.908674 0.217566
vt 0.909033 0.217368
vt 0.910626 0.217469
vt 0.911057 0.217572
vt 0.910626 0.217469
vt 0.912152 0.217473
vt 0.913312 0.217571
vt 0.914633 0.217414
vt 0.914922 0.217569
vt 0.917439 0.217573
vt 0.917187 0.217471
vt 0.917573 0.217467
vt 0.914633 0.217414
vt 0.915683 0.217462
vt 0.914922 0.217569
vt 0.916111 0.217571
vt 0.915683 0.217462
vt 0.916656 0.217467
vt 0.916882 0.217571
vt 0.916656 0.217467
vt 0.917187 0.217471
vt 0.917834 0.217379
vt 0.917688 0.217538
vt 0.917775 0.217367
vt 0.917573 0.217467
vt 0.917775 0.217367
vt 0.917688 0.217538
vt 0.917187 0.212585
vt 0.917462 0.212481
vt 0.91688 0.212484
vt 0.849277 0.21754
vt 0.849188 0.217538
vt 0.849318 0.217573
vt 0.917341 0.217471
vt 0.9177 0.217376
vt 0.917465 0.217317
vt 0.916656 0.217467
vt 0.917341 0.217471
vt 0.91683 0.217316
vt 0.914708 0.217468
vt 0.915472 0.217375
vt 0.914571 0.217319
vt 0.912152 0.217473
vt 0.91355 0.217469
vt 0.912928 0.217317
vt 0.91355 0.217469
vt 0.914708 0.217468
vt 0.914571 0.217319
vt 0.903994 0.217315
vt 0.902307 0.217473
vt 0.90447 0.217469
vt 0.901067 0.217316
vt 0.900013 0.217469
vt 0.902307 0.217473
vt 0.893233 0.217314
vt 0.892263 0.217467
vt 0.895428 0.217444
vt 0.890035 0.217314
vt 0.88906 0.217471
vt 0.892263 0.217467
vt 0.877854 0.217471
vt 0.881116 0.21739
vt 0.878348 0.217316
vt 0.874651 0.217467
vt 0.877854 0.217471
vt 0.875154 0.217316
vt 0.869231 0.217468
vt 0.870937 0.217375
vt 0.868805 0.217319
vt 0.864608 0.217473
vt 0.866902 0.217469
vt 0.865729 0.217317
vt 0.866902 0.217469
vt 0.869231 0.217468
vt 0.868805 0.217319
vt 0.85587 0.217315
vt 0.854761 0.217472
vt 0.856288 0.217469
vt 0.853916 0.217316
vt 0.853364 0.217469
vt 0.854761 0.217472
vt 0.850485 0.217314
vt 0.850258 0.217467
vt 0.851246 0.217444
vt 0.849702 0.217314
vt 0.849573 0.217471
vt 0.850258 0.217467
vt 0.849573 0.217471
vt 0.849159 0.21739
vt 0.849449 0.217316
vt 0.850258 0.217467
vt 0.849573 0.217471
vt 0.850084 0.217316
vt 0.852206 0.217468
vt 0.851452 0.217425
vt 0.852343 0.217319
vt 0.853364 0.217469
vt 0.852206 0.217468
vt 0.852343 0.217319
vt 0.854762 0.217473
vt 0.853364 0.217469
vt 0.853986 0.217317
vt 0.864362 0.217315
vt 0.866902 0.217469
vt 0.863888 0.217473
vt 0.870502 0.217315
vt 0.871563 0.217462
vt 0.869231 0.217468
vt 0.867371 0.217316
vt 0.869231 0.217468
vt 0.866902 0.217469
vt 0.873682 0.217314
vt 0.874651 0.217467
vt 0.871563 0.217462
vt 0.876879 0.217315
vt 0.877854 0.217471
vt 0.874651 0.217467
vt 0.88906 0.217471
vt 0.885798 0.21739
vt 0.888566 0.217316
vt 0.892263 0.217467
vt 0.88906 0.217471
vt 0.89176 0.217316
vt 0.897684 0.217468
vt 0.895977 0.217375
vt 0.89811 0.217319
vt 0.900013 0.217469
vt 0.897684 0.217468
vt 0.89811 0.217319
vt 0.902307 0.217473
vt 0.900013 0.217469
vt 0.901185 0.217317
vt 0.912999 0.217316
vt 0.91355 0.217469
vt 0.912152 0.217473
vt 0.916862 0.217314
vt 0.917187 0.217471
vt 0.916656 0.217467
vt 0.917484 0.217315
vt 0.917573 0.217467
vt 0.917187 0.217471
vt 0.915914 0.217315
vt 0.916656 0.217467
vt 0.915683 0.217462
vt 0.911045 0.217315
vt 0.912152 0.217473
vt 0.910626 0.217469
vt 0.917694 0.212511
vt 0.917775 0.212689
vt 0.917825 0.212624
vt 0.917694 0.212511
vt 0.917462 0.212481
vt 0.917573 0.212589
vt 0.915683 0.212594
vt 0.914039 0.212482
vt 0.914633 0.212642
vt 0.91688 0.212484
vt 0.916656 0.212589
vt 0.917187 0.212585
vt 0.91582 0.212487
vt 0.915683 0.212594
vt 0.916656 0.212589
vt 0.909119 0.212624
vt 0.907381 0.212482
vt 0.907938 0.212632
vt 0.914039 0.212482
vt 0.912039 0.212483
vt 0.91355 0.212587
vt 0.912039 0.212483
vt 0.910626 0.212587
vt 0.912152 0.212583
vt 0.909525 0.212498
vt 0.909119 0.212624
vt 0.910626 0.212587
vt 0.906746 0.212623
vt 0.904221 0.212483
vt 0.904306 0.212606
vt 0.904306 0.212606
vt 0.901491 0.212483
vt 0.901382 0.212601
vt 0.906746 0.212623
vt 0.904306 0.212606
vt 0.905391 0.212678
vt 0.898618 0.212492
vt 0.895678 0.212678
vt 0.898771 0.212672
vt 0.904306 0.212606
vt 0.901382 0.212601
vt 0.902526 0.212676
vt 0.898618 0.212492
vt 0.898771 0.212672
vt 0.901382 0.212601
vt 0.892526 0.212677
vt 0.895345 0.212518
vt 0.892197 0.212554
vt 0.895345 0.212518
vt 0.892613 0.212481
vt 0.892197 0.212554
vt 0.890053 0.212674
vt 0.892197 0.212554
vt 0.889076 0.212515
vt 0.886431 0.212482
vt 0.882906 0.212609
vt 0.885404 0.212612
vt 0.889076 0.212515
vt 0.887674 0.212674
vt 0.890053 0.212674
vt 0.886431 0.212482
vt 0.885404 0.212612
vt 0.889076 0.212515
vt 0.877039 0.212585
vt 0.874809 0.212498
vt 0.874651 0.212589
vt 0.881839 0.212485
vt 0.877639 0.212482
vt 0.879487 0.212589
vt 0.874651 0.212589
vt 0.871607 0.212482
vt 0.871563 0.212594
vt 0.868968 0.212642
vt 0.871607 0.212482
vt 0.86762 0.212485
vt 0.866902 0.212587
vt 0.864586 0.212481
vt 0.864608 0.212583
vt 0.861331 0.212484
vt 0.859337 0.212632
vt 0.8606 0.212624
vt 0.864586 0.212481
vt 0.862444 0.212587
vt 0.864608 0.212583
vt 0.861331 0.212484
vt 0.8606 0.212624
vt 0.862444 0.212587
vt 0.85029 0.212677
vt 0.851304 0.212518
vt 0.850315 0.212487
vt 0.859337 0.212632
vt 0.858227 0.212488
vt 0.85815 0.212676
vt 0.858227 0.212488
vt 0.856284 0.212483
vt 0.857026 0.212623
vt 0.857026 0.212623
vt 0.855089 0.212603
vt 0.855897 0.21268
vt 0.856284 0.212483
vt 0.854127 0.212492
vt 0.855089 0.212603
vt 0.854127 0.212492
vt 0.853487 0.212674
vt 0.855089 0.212603
vt 0.852655 0.212482
vt 0.85246 0.212604
vt 0.854127 0.212492
vt 0.851304 0.212518
vt 0.851316 0.212678
vt 0.85246 0.212604
vt 0.849722 0.212674
vt 0.850315 0.212487
vt 0.849675 0.212486
vt 0.849138 0.21268
vt 0.849231 0.212485
vt 0.849264 0.212509
vt 0.849675 0.212486
vt 0.849333 0.212674
vt 0.849722 0.212674
vt 0.849277 0.212516
vt 0.849078 0.21269
vt 0.849333 0.212674
vt 0.849728 0.212585
vt 0.850343 0.212498
vt 0.850258 0.212589
vt 0.849264 0.212509
vt 0.849826 0.212481
vt 0.849341 0.212589
vt 0.850343 0.212498
vt 0.851231 0.212594
vt 0.850258 0.212589
vt 0.854762 0.212584
vt 0.856797 0.212485
vt 0.856288 0.212587
vt 0.852365 0.212528
vt 0.854412 0.212484
vt 0.853364 0.212587
vt 0.857795 0.212624
vt 0.860061 0.212482
vt 0.858976 0.212632
vt 0.856797 0.212485
vt 0.857795 0.212624
vt 0.856288 0.212587
vt 0.864388 0.212676
vt 0.8626 0.212517
vt 0.865533 0.212601
vt 0.860169 0.212623
vt 0.8626 0.212517
vt 0.862155 0.212679
vt 0.8626 0.212517
vt 0.865365 0.212483
vt 0.865533 0.212601
vt 0.865533 0.212601
vt 0.868398 0.212482
vt 0.868624 0.212604
vt 0.874389 0.212677
vt 0.87157 0.212519
vt 0.87477 0.212489
vt 0.868624 0.212604
vt 0.867408 0.212674
vt 0.865533 0.212601
vt 0.87157 0.212519
vt 0.871236 0.212678
vt 0.868624 0.212604
vt 0.876861 0.212674
vt 0.87477 0.212489
vt 0.877854 0.212488
vt 0.880841 0.212483
vt 0.884009 0.212609
vt 0.88151 0.212612
vt 0.877854 0.212488
vt 0.87924 0.212674
vt 0.876861 0.212674
vt 0.880841 0.212483
vt 0.88151 0.212612
vt 0.877854 0.212488
vt 0.889875 0.212585
vt 0.892105 0.212498
vt 0.892263 0.212589
vt 0.885075 0.212485
vt 0.889273 0.212481
vt 0.887427 0.212589
vt 0.892263 0.212589
vt 0.895299 0.212483
vt 0.895351 0.212594
vt 0.897946 0.212642
vt 0.895299 0.212483
vt 0.89853 0.212484
vt 0.902307 0.212584
vt 0.904222 0.212484
vt 0.90447 0.212587
vt 0.89853 0.212484
vt 0.901394 0.212482
vt 0.900013 0.212587
vt 0.904222 0.212484
vt 0.906314 0.212624
vt 0.90447 0.212587
vt 0.908729 0.212623
vt 0.907023 0.212487
vt 0.909066 0.212481
vt 0.907023 0.212487
vt 0.907577 0.212632
vt 0.906314 0.212624
vt 0.912058 0.212676
vt 0.910655 0.212517
vt 0.912772 0.212602
vt 0.908729 0.212623
vt 0.910655 0.212517
vt 0.910451 0.212679
vt 0.910655 0.212517
vt 0.912463 0.212483
vt 0.912772 0.212602
vt 0.912772 0.212602
vt 0.914155 0.212482
vt 0.914454 0.212604
vt 0.9177 0.213808
vt 0.917718 0.213973
vt 0.917834 0.213812
vt 0.914454 0.212604
vt 0.913856 0.212675
vt 0.912772 0.212602
vt 0.915323 0.212518
vt 0.915598 0.212678
vt 0.914454 0.212604
vt 0.915323 0.212518
vt 0.916155 0.212491
vt 0.915598 0.212678
vt 0.916155 0.212491
vt 0.916932 0.212495
vt 0.916625 0.212677
vt 0.91743 0.212482
vt 0.917524 0.212554
vt 0.916932 0.212495
vt 0.917524 0.212554
vt 0.917737 0.21268
vt 0.917342 0.21267
vt 0.917688 0.212518
vt 0.917694 0.212511
vt 0.917825 0.212624
vt 0.916862 0.212742
vt 0.917187 0.212585
vt 0.916656 0.212589
vt 0.917484 0.212741
vt 0.917573 0.212589
vt 0.917187 0.212585
vt 0.915914 0.212741
vt 0.916656 0.212589
vt 0.915683 0.212594
vt 0.912999 0.21274
vt 0.91355 0.212587
vt 0.912152 0.212583
vt 0.911045 0.212741
vt 0.912152 0.212583
vt 0.910626 0.212587
vt 0.875281 0.212742
vt 0.877039 0.212585
vt 0.874651 0.212589
vt 0.878473 0.212741
vt 0.879487 0.212589
vt 0.877039 0.212585
vt 0.872087 0.212741
vt 0.874651 0.212589
vt 0.871563 0.212594
vt 0.865847 0.21274
vt 0.866902 0.212587
vt 0.864608 0.212583
vt 0.86292 0.212741
vt 0.864608 0.212583
vt 0.862444 0.212587
vt 0.84943 0.212741
vt 0.849341 0.212589
vt 0.849728 0.212585
vt 0.851 0.212741
vt 0.850258 0.212589
vt 0.851231 0.212594
vt 0.850053 0.212742
vt 0.849728 0.212585
vt 0.850258 0.212589
vt 0.852286 0.212739
vt 0.851231 0.212594
vt 0.852365 0.212528
vt 0.852286 0.212739
vt 0.852365 0.212528
vt 0.853364 0.212587
vt 0.853915 0.212741
vt 0.853364 0.212587
vt 0.854762 0.212584
vt 0.85587 0.212741
vt 0.854762 0.212584
vt 0.856288 0.212587
vt 0.888441 0.212741
vt 0.887427 0.212589
vt 0.889875 0.212585
vt 0.894827 0.212741
vt 0.892263 0.212589
vt 0.895351 0.212594
vt 0.891633 0.212742
vt 0.889875 0.212585
vt 0.892263 0.212589
vt 0.901067 0.21274
vt 0.900013 0.212587
vt 0.902307 0.212584
vt 0.903994 0.212741
vt 0.902307 0.212584
vt 0.90447 0.212587
vt 0.913306 0.214003
vt 0.914708 0.213901
vt 0.91355 0.213902
vt 0.917511 0.214002
vt 0.9177 0.213808
vt 0.917341 0.213904
vt 0.917341 0.213904
vt 0.916656 0.2139
vt 0.916528 0.214004
vt 0.916656 0.2139
vt 0.916018 0.213866
vt 0.916528 0.214004
vt 0.916018 0.213866
vt 0.915472 0.213808
vt 0.915161 0.213997
vt 0.915161 0.213997
vt 0.915472 0.213808
vt 0.914708 0.213901
vt 0.912152 0.213906
vt 0.913306 0.214003
vt 0.91355 0.213902
vt 0.911547 0.214003
vt 0.910181 0.213864
vt 0.909531 0.214003
vt 0.912152 0.213906
vt 0.911256 0.213863
vt 0.911547 0.214003
vt 0.909531 0.214003
vt 0.907865 0.213857
vt 0.906611 0.213999
vt 0.910181 0.213864
vt 0.909037 0.213865
vt 0.909531 0.214003
vt 0.895328 0.21399
vt 0.897684 0.213901
vt 0.895351 0.213895
vt 0.906611 0.213999
vt 0.906433 0.2138
vt 0.904963 0.213864
vt 0.904234 0.214003
vt 0.904963 0.213864
vt 0.903026 0.213906
vt 0.903026 0.213906
vt 0.900013 0.213902
vt 0.901487 0.214005
vt 0.900013 0.213902
vt 0.897684 0.213901
vt 0.898589 0.214003
vt 0.892629 0.214006
vt 0.895351 0.213895
vt 0.892263 0.2139
vt 0.88906 0.213904
vt 0.892629 0.214006
vt 0.892263 0.2139
vt 0.881116 0.213823
vt 0.883451 0.213998
vt 0.88343 0.213799
vt 0.88906 0.213904
vt 0.885556 0.213883
vt 0.887402 0.214004
vt 0.88906 0.213904
vt 0.887075 0.213807
vt 0.885556 0.213883
vt 0.885556 0.213883
vt 0.88343 0.213799
vt 0.883451 0.213998
vt 0.877638 0.214007
vt 0.874651 0.2139
vt 0.874076 0.214003
vt 0.880922 0.213973
vt 0.881116 0.213823
vt 0.877854 0.213904
vt 0.866772 0.214003
vt 0.869231 0.213901
vt 0.866902 0.213902
vt 0.874651 0.2139
vt 0.872466 0.213866
vt 0.874076 0.214003
vt 0.872466 0.213866
vt 0.870937 0.213808
vt 0.870525 0.213997
vt 0.870525 0.213997
vt 0.870937 0.213808
vt 0.869231 0.213901
vt 0.864608 0.213906
vt 0.866772 0.214003
vt 0.866902 0.213902
vt 0.863943 0.214001
vt 0.861852 0.213864
vt 0.860573 0.214005
vt 0.864608 0.213906
vt 0.863254 0.213863
vt 0.863943 0.214001
vt 0.853602 0.214003
vt 0.854761 0.213905
vt 0.853364 0.213901
vt 0.861852 0.213864
vt 0.860508 0.213865
vt 0.860573 0.214005
vt 0.860508 0.213865
vt 0.859264 0.213857
vt 0.860573 0.214005
vt 0.860573 0.214005
vt 0.859264 0.213857
vt 0.857716 0.213998
vt 0.857716 0.213998
vt 0.857881 0.2138
vt 0.856288 0.213902
vt 0.85536 0.214004
vt 0.856288 0.213902
vt 0.854761 0.213905
vt 0.853602 0.214003
vt 0.852281 0.213847
vt 0.851664 0.214
vt 0.850375 0.214004
vt 0.851246 0.213877
vt 0.850258 0.2139
vt 0.852281 0.213847
vt 0.851246 0.213877
vt 0.851664 0.214
vt 0.849573 0.213904
vt 0.850375 0.214004
vt 0.850258 0.2139
vt 0.849159 0.213823
vt 0.849188 0.213971
vt 0.849076 0.213799
vt 0.849573 0.213904
vt 0.849269 0.213807
vt 0.849277 0.213973
vt 0.849269 0.213807
vt 0.849076 0.213799
vt 0.849277 0.213973
vt 0.849573 0.213904
vt 0.849318 0.214006
vt 0.849235 0.213935
vt 0.851379 0.214003
vt 0.850258 0.2139
vt 0.850897 0.213866
vt 0.849235 0.213935
vt 0.849159 0.213823
vt 0.849573 0.213904
vt 0.849573 0.213904
vt 0.850258 0.2139
vt 0.849982 0.214004
vt 0.852206 0.213901
vt 0.851379 0.214003
vt 0.851452 0.213858
vt 0.850897 0.213866
vt 0.851452 0.213858
vt 0.851379 0.214003
vt 0.8563 0.214004
vt 0.857877 0.213865
vt 0.858662 0.214003
vt 0.853018 0.214007
vt 0.852206 0.213901
vt 0.853364 0.213902
vt 0.854668 0.213961
vt 0.855658 0.213863
vt 0.8563 0.214004
vt 0.855658 0.213863
vt 0.856733 0.213864
vt 0.8563 0.214004
vt 0.863975 0.214004
vt 0.861951 0.213864
vt 0.863888 0.213906
vt 0.857877 0.213865
vt 0.859049 0.213857
vt 0.858662 0.214003
vt 0.858662 0.214003
vt 0.859049 0.213857
vt 0.860888 0.213998
vt 0.860888 0.213998
vt 0.860482 0.2138
vt 0.861951 0.213864
vt 0.866782 0.214003
vt 0.863888 0.213906
vt 0.866902 0.213902
vt 0.874651 0.2139
vt 0.871539 0.214004
vt 0.871563 0.213895
vt 0.869239 0.213949
vt 0.871563 0.213895
vt 0.871539 0.214004
vt 0.88225 0.214006
vt 0.877854 0.213904
vt 0.881358 0.213883
vt 0.876334 0.214004
vt 0.874651 0.2139
vt 0.877854 0.213904
vt 0.895326 0.214003
vt 0.892263 0.2139
vt 0.894448 0.213866
vt 0.877854 0.213904
vt 0.879839 0.213807
vt 0.881358 0.213883
vt 0.881358 0.213883
vt 0.883498 0.213851
vt 0.88225 0.214006
vt 0.88225 0.214006
vt 0.883498 0.213851
vt 0.885992 0.213973
vt 0.885992 0.213973
vt 0.885798 0.213823
vt 0.88906 0.213904
vt 0.88906 0.213904
vt 0.892263 0.2139
vt 0.89058 0.214004
vt 0.897684 0.213901
vt 0.895326 0.214003
vt 0.895978 0.213858
vt 0.894448 0.213866
vt 0.895978 0.213858
vt 0.895326 0.214003
vt 0.904224 0.214003
vt 0.906406 0.213865
vt 0.907429 0.213998
vt 0.899042 0.214007
vt 0.897684 0.213901
vt 0.900013 0.213902
vt 0.902099 0.213961
vt 0.90366 0.213863
vt 0.904224 0.214003
vt 0.90366 0.213863
vt 0.905062 0.213864
vt 0.904224 0.214003
vt 0.908992 0.213998
vt 0.90766 0.213806
vt 0.909033 0.2138
vt 0.906406 0.213865
vt 0.90766 0.213806
vt 0.907429 0.213998
vt 0.912152 0.213906
vt 0.910623 0.213991
vt 0.910626 0.213902
vt 0.908992 0.213998
vt 0.909033 0.2138
vt 0.910626 0.213902
vt 0.917439 0.214005
vt 0.917187 0.213904
vt 0.917573 0.2139
vt 0.912152 0.213906
vt 0.91355 0.213902
vt 0.912277 0.214006
vt 0.91355 0.213902
vt 0.914633 0.213847
vt 0.914552 0.214004
vt 0.914633 0.213847
vt 0.915683 0.213895
vt 0.914552 0.214004
vt 0.916111 0.214004
vt 0.915683 0.213895
vt 0.916656 0.2139
vt 0.916882 0.214004
vt 0.916656 0.2139
vt 0.917187 0.213904
vt 0.917834 0.213812
vt 0.917688 0.213971
vt 0.917775 0.2138
vt 0.917573 0.2139
vt 0.917775 0.2138
vt 0.917688 0.213971
vt 0.914633 0.209075
vt 0.913312 0.208918
vt 0.91355 0.20902
vt 0.849277 0.213973
vt 0.849188 0.213971
vt 0.849318 0.214006
vt 0.917341 0.213904
vt 0.9177 0.213808
vt 0.917465 0.213749
vt 0.916656 0.2139
vt 0.917341 0.213904
vt 0.91683 0.213749
vt 0.914708 0.213901
vt 0.915472 0.213808
vt 0.914571 0.213752
vt 0.912152 0.213906
vt 0.91355 0.213902
vt 0.912928 0.21375
vt 0.91355 0.213902
vt 0.914708 0.213901
vt 0.914571 0.213752
vt 0.902552 0.213748
vt 0.900013 0.213902
vt 0.903026 0.213906
vt 0.899544 0.213749
vt 0.897684 0.213901
vt 0.900013 0.213902
vt 0.896412 0.213748
vt 0.895351 0.213895
vt 0.897684 0.213901
vt 0.893233 0.213747
vt 0.892263 0.2139
vt 0.895351 0.213895
vt 0.890035 0.213747
vt 0.88906 0.213904
vt 0.892263 0.2139
vt 0.877854 0.213904
vt 0.881116 0.213823
vt 0.878348 0.213749
vt 0.874651 0.2139
vt 0.877854 0.213904
vt 0.875154 0.213749
vt 0.869231 0.213901
vt 0.870937 0.213808
vt 0.868805 0.213752
vt 0.864608 0.213906
vt 0.866902 0.213902
vt 0.865729 0.21375
vt 0.866902 0.213902
vt 0.869231 0.213901
vt 0.868805 0.213752
vt 0.85587 0.213748
vt 0.854761 0.213905
vt 0.856288 0.213902
vt 0.853916 0.213748
vt 0.853364 0.213901
vt 0.854761 0.213905
vt 0.850485 0.213747
vt 0.850258 0.2139
vt 0.851246 0.213877
vt 0.849702 0.213747
vt 0.849573 0.213904
vt 0.850258 0.2139
vt 0.849573 0.213904
vt 0.849159 0.213823
vt 0.849449 0.213749
vt 0.850258 0.2139
vt 0.849573 0.213904
vt 0.850084 0.213749
vt 0.852206 0.213901
vt 0.851452 0.213858
vt 0.852343 0.213752
vt 0.853364 0.213902
vt 0.852206 0.213901
vt 0.852343 0.213752
vt 0.854668 0.213961
vt 0.853364 0.213902
vt 0.853986 0.21375
vt 0.864362 0.213748
vt 0.866902 0.213902
vt 0.863888 0.213906
vt 0.870502 0.213748
vt 0.871563 0.213895
vt 0.869239 0.213949
vt 0.867371 0.213749
vt 0.869239 0.213949
vt 0.866902 0.213902
vt 0.873682 0.213747
vt 0.874651 0.2139
vt 0.871563 0.213895
vt 0.876879 0.213747
vt 0.877854 0.213904
vt 0.874651 0.2139
vt 0.88906 0.213904
vt 0.885798 0.213823
vt 0.888566 0.213749
vt 0.892263 0.2139
vt 0.88906 0.213904
vt 0.89176 0.213749
vt 0.897684 0.213901
vt 0.895978 0.213858
vt 0.89811 0.213752
vt 0.900013 0.213902
vt 0.897684 0.213901
vt 0.89811 0.213752
vt 0.902099 0.213961
vt 0.900013 0.213902
vt 0.901185 0.21375
vt 0.912999 0.213749
vt 0.91355 0.213902
vt 0.912152 0.213906
vt 0.916862 0.213747
vt 0.917187 0.213904
vt 0.916656 0.2139
vt 0.917484 0.213748
vt 0.917573 0.2139
vt 0.917187 0.213904
vt 0.915914 0.213748
vt 0.916656 0.2139
vt 0.915683 0.213895
vt 0.911045 0.213748
vt 0.912152 0.213906
vt 0.910626 0.213902
vt 0.917694 0.208943
vt 0.917775 0.209122
vt 0.917825 0.209057
vt 0.917694 0.208943
vt 0.917342 0.208915
vt 0.917573 0.209022
vt 0.91611 0.208919
vt 0.915683 0.209027
vt 0.916656 0.209022
vt 0.912152 0.209016
vt 0.913312 0.208918
vt 0.911547 0.208919
vt 0.904759 0.209112
vt 0.906026 0.208924
vt 0.90429 0.208955
vt 0.911547 0.208919
vt 0.910626 0.20902
vt 0.912152 0.209016
vt 0.908904 0.208917
vt 0.909119 0.209057
vt 0.910626 0.20902
vt 0.908904 0.208917
vt 0.907938 0.209064
vt 0.909119 0.209057
vt 0.907938 0.209064
vt 0.906026 0.208924
vt 0.906722 0.209109
vt 0.902526 0.209109
vt 0.90429 0.208955
vt 0.901382 0.209034
vt 0.90429 0.208955
vt 0.901472 0.208916
vt 0.901382 0.209034
vt 0.890053 0.209107
vt 0.89212 0.208949
vt 0.889151 0.208921
vt 0.898617 0.208955
vt 0.899507 0.209107
vt 0.901382 0.209034
vt 0.898617 0.208955
vt 0.89725 0.209113
vt 0.899507 0.209107
vt 0.894896 0.209055
vt 0.89212 0.208949
vt 0.892526 0.20911
vt 0.874285 0.208916
vt 0.871563 0.209027
vt 0.874651 0.209022
vt 0.889151 0.208921
vt 0.887674 0.209107
vt 0.890053 0.209107
vt 0.885992 0.208949
vt 0.885064 0.209117
vt 0.887674 0.209107
vt 0.883592 0.208917
vt 0.882906 0.209042
vt 0.885992 0.208949
vt 0.883592 0.208917
vt 0.880477 0.208916
vt 0.882906 0.209042
vt 0.880477 0.208916
vt 0.877263 0.208962
vt 0.879487 0.209022
vt 0.874285 0.208916
vt 0.874651 0.209022
vt 0.877263 0.208962
vt 0.868968 0.209075
vt 0.871586 0.208932
vt 0.867872 0.208915
vt 0.86269 0.208919
vt 0.8606 0.209057
vt 0.862444 0.20902
vt 0.867872 0.208915
vt 0.864816 0.208961
vt 0.866902 0.20902
vt 0.86269 0.208919
vt 0.862444 0.20902
vt 0.864816 0.208961
vt 0.854856 0.209109
vt 0.856259 0.208949
vt 0.854141 0.209034
vt 0.85921 0.208917
vt 0.859337 0.209065
vt 0.8606 0.209057
vt 0.858185 0.209056
vt 0.856259 0.208949
vt 0.856463 0.209112
vt 0.856259 0.208949
vt 0.854637 0.208916
vt 0.854141 0.209034
vt 0.854141 0.209034
vt 0.852649 0.208915
vt 0.85246 0.209037
vt 0.85029 0.20911
vt 0.851304 0.208951
vt 0.850317 0.208927
vt 0.85246 0.209037
vt 0.853059 0.209107
vt 0.854141 0.209034
vt 0.851304 0.208951
vt 0.851316 0.209111
vt 0.85246 0.209037
vt 0.849722 0.209106
vt 0.850317 0.208927
vt 0.84967 0.208921
vt 0.849138 0.209113
vt 0.849225 0.208921
vt 0.849264 0.208942
vt 0.84967 0.208921
vt 0.849333 0.209107
vt 0.849722 0.209106
vt 0.849277 0.208949
vt 0.849078 0.209123
vt 0.849333 0.209107
vt 0.850258 0.209022
vt 0.851379 0.208919
vt 0.851231 0.209027
vt 0.849264 0.208942
vt 0.849982 0.208918
vt 0.849341 0.209022
vt 0.849982 0.208918
vt 0.850258 0.209022
vt 0.849728 0.209018
vt 0.852281 0.209075
vt 0.851379 0.208919
vt 0.85279 0.208919
vt 0.854762 0.209016
vt 0.856296 0.208919
vt 0.856288 0.20902
vt 0.85279 0.208919
vt 0.854409 0.208917
vt 0.853364 0.20902
vt 0.856296 0.208919
vt 0.857795 0.209057
vt 0.856288 0.20902
vt 0.862155 0.209112
vt 0.860888 0.208924
vt 0.862624 0.208955
vt 0.858662 0.208919
vt 0.858976 0.209064
vt 0.857795 0.209057
vt 0.858976 0.209064
vt 0.860888 0.208924
vt 0.860193 0.209109
vt 0.864388 0.209109
vt 0.862624 0.208955
vt 0.865381 0.208926
vt 0.874389 0.20911
vt 0.87157 0.208952
vt 0.87475 0.208924
vt 0.865381 0.208926
vt 0.866598 0.209107
vt 0.864388 0.209109
vt 0.868404 0.208916
vt 0.868624 0.209037
vt 0.865381 0.208926
vt 0.87157 0.208952
vt 0.871236 0.209111
vt 0.868624 0.209037
vt 0.876861 0.209107
vt 0.87475 0.208924
vt 0.877831 0.208926
vt 0.889875 0.209018
vt 0.892105 0.208931
vt 0.892263 0.209022
vt 0.877831 0.208926
vt 0.87924 0.209107
vt 0.876861 0.209107
vt 0.880865 0.208925
vt 0.88185 0.209117
vt 0.87924 0.209107
vt 0.885069 0.208922
vt 0.884009 0.209042
vt 0.880865 0.208925
vt 0.885069 0.208922
vt 0.889276 0.208915
vt 0.887427 0.209022
vt 0.892263 0.209022
vt 0.89528 0.208918
vt 0.895351 0.209027
vt 0.897946 0.209075
vt 0.89528 0.208918
vt 0.899294 0.208917
vt 0.902307 0.209016
vt 0.899294 0.208917
vt 0.902972 0.20892
vt 0.910451 0.209112
vt 0.909198 0.208924
vt 0.910683 0.208955
vt 0.902972 0.20892
vt 0.90447 0.20902
vt 0.902307 0.209016
vt 0.906341 0.208917
vt 0.906314 0.209057
vt 0.90447 0.20902
vt 0.906341 0.208917
vt 0.907577 0.209064
vt 0.906314 0.209057
vt 0.907577 0.209064
vt 0.909198 0.208924
vt 0.908764 0.209109
vt 0.912058 0.209109
vt 0.910683 0.208955
vt 0.912056 0.208923
vt 0.912058 0.209109
vt 0.913058 0.208923
vt 0.913427 0.209107
vt 0.9177 0.210241
vt 0.917758 0.210368
vt 0.917834 0.210245
vt 0.915141 0.208943
vt 0.915598 0.209111
vt 0.914454 0.209037
vt 0.915141 0.208943
vt 0.915926 0.208916
vt 0.916188 0.208987
vt 0.915141 0.208943
vt 0.916188 0.208987
vt 0.915598 0.209111
vt 0.916188 0.208987
vt 0.916948 0.208921
vt 0.916625 0.20911
vt 0.91748 0.208949
vt 0.917737 0.209113
vt 0.917342 0.209103
vt 0.917658 0.208921
vt 0.917694 0.208943
vt 0.917825 0.209057
vt 0.916862 0.209175
vt 0.917128 0.208962
vt 0.916656 0.209022
vt 0.917484 0.209174
vt 0.917573 0.209022
vt 0.917128 0.208962
vt 0.915914 0.209174
vt 0.916656 0.209022
vt 0.915683 0.209027
vt 0.912999 0.209173
vt 0.91355 0.20902
vt 0.912152 0.209016
vt 0.911045 0.209174
vt 0.912152 0.209016
vt 0.910626 0.20902
vt 0.875281 0.209175
vt 0.877263 0.208962
vt 0.874651 0.209022
vt 0.878473 0.209174
vt 0.879487 0.209022
vt 0.877263 0.208962
vt 0.872087 0.209174
vt 0.874651 0.209022
vt 0.871563 0.209027
vt 0.865847 0.209173
vt 0.866902 0.20902
vt 0.864816 0.208961
vt 0.86292 0.209174
vt 0.864816 0.208961
vt 0.862444 0.20902
vt 0.84943 0.209174
vt 0.849341 0.209022
vt 0.849728 0.209018
vt 0.851 0.209174
vt 0.850258 0.209022
vt 0.851231 0.209027
vt 0.850053 0.209175
vt 0.849728 0.209018
vt 0.850258 0.209022
vt 0.853915 0.209173
vt 0.853364 0.20902
vt 0.854762 0.209016
vt 0.85587 0.209174
vt 0.854762 0.209016
vt 0.856288 0.20902
vt 0.888441 0.209174
vt 0.887427 0.209022
vt 0.889875 0.209018
vt 0.894827 0.209174
vt 0.892263 0.209022
vt 0.895351 0.209027
vt 0.891633 0.209175
vt 0.889875 0.209018
vt 0.892263 0.209022
vt 0.901067 0.209173
vt 0.900013 0.20902
vt 0.902307 0.209016
vt 0.903994 0.209174
vt 0.902307 0.209016
vt 0.90447 0.20902
vt 0.917649 0.21044
vt 0.917758 0.210368
vt 0.917513 0.210413
vt 0.914708 0.210334
vt 0.915801 0.210438
vt 0.915462 0.210291
vt 0.917513 0.210413
vt 0.9177 0.210241
vt 0.917341 0.210337
vt 0.917341 0.210337
vt 0.916656 0.210333
vt 0.917118 0.210441
vt 0.916656 0.210333
vt 0.916018 0.210299
vt 0.915801 0.210438
vt 0.916018 0.210299
vt 0.915462 0.210291
vt 0.915801 0.210438
vt 0.909532 0.210435
vt 0.911256 0.210296
vt 0.910181 0.210297
vt 0.914104 0.210439
vt 0.914708 0.210334
vt 0.91355 0.210335
vt 0.912049 0.210438
vt 0.91355 0.210335
vt 0.912152 0.210338
vt 0.912152 0.210338
vt 0.911256 0.210296
vt 0.912049 0.210438
vt 0.909532 0.210435
vt 0.907865 0.21029
vt 0.906592 0.210433
vt 0.910181 0.210297
vt 0.909037 0.210298
vt 0.909532 0.210435
vt 0.902307 0.210338
vt 0.904222 0.210438
vt 0.90447 0.210334
vt 0.906592 0.210433
vt 0.906433 0.210233
vt 0.90447 0.210334
vt 0.898609 0.210439
vt 0.895872 0.210291
vt 0.894794 0.210392
vt 0.902307 0.210338
vt 0.900013 0.210334
vt 0.901486 0.210439
vt 0.900013 0.210334
vt 0.897946 0.21028
vt 0.898609 0.210439
vt 0.889065 0.210425
vt 0.892263 0.210333
vt 0.88906 0.210337
vt 0.886431 0.21044
vt 0.88906 0.210337
vt 0.885556 0.210316
vt 0.883351 0.210439
vt 0.885556 0.210316
vt 0.883417 0.210284
vt 0.88906 0.210337
vt 0.887075 0.21024
vt 0.885556 0.210316
vt 0.877639 0.21044
vt 0.874651 0.210333
vt 0.874809 0.210424
vt 0.883351 0.210439
vt 0.883417 0.210284
vt 0.880922 0.210405
vt 0.880922 0.210405
vt 0.881116 0.210256
vt 0.877854 0.210337
vt 0.874809 0.210424
vt 0.872466 0.210299
vt 0.871607 0.21044
vt 0.869231 0.210334
vt 0.871607 0.21044
vt 0.870936 0.210291
vt 0.872466 0.210299
vt 0.870936 0.210291
vt 0.871607 0.21044
vt 0.86552 0.21044
vt 0.863254 0.210296
vt 0.862016 0.210437
vt 0.868406 0.210437
vt 0.869231 0.210334
vt 0.866902 0.210334
vt 0.86552 0.21044
vt 0.866902 0.210334
vt 0.864608 0.210338
vt 0.858515 0.21044
vt 0.860508 0.210298
vt 0.858886 0.21031
vt 0.863254 0.210296
vt 0.861852 0.210297
vt 0.862016 0.210437
vt 0.861852 0.210297
vt 0.860508 0.210298
vt 0.862016 0.210437
vt 0.856288 0.210334
vt 0.858515 0.21044
vt 0.858886 0.21031
vt 0.854761 0.210338
vt 0.856291 0.210424
vt 0.856288 0.210334
vt 0.858886 0.21031
vt 0.857881 0.210233
vt 0.856288 0.210334
vt 0.852655 0.21044
vt 0.851411 0.210291
vt 0.851081 0.210392
vt 0.854761 0.210338
vt 0.853364 0.210334
vt 0.854451 0.210439
vt 0.853364 0.210334
vt 0.852281 0.21028
vt 0.852655 0.21044
vt 0.849573 0.210337
vt 0.850374 0.210438
vt 0.850258 0.210333
vt 0.849159 0.210256
vt 0.849188 0.210404
vt 0.849076 0.210232
vt 0.849573 0.210337
vt 0.849269 0.21024
vt 0.849277 0.210405
vt 0.849269 0.21024
vt 0.849076 0.210232
vt 0.849277 0.210405
vt 0.849826 0.210441
vt 0.849235 0.210368
vt 0.849573 0.210337
vt 0.849826 0.210441
vt 0.850258 0.210333
vt 0.850343 0.210424
vt 0.849235 0.210368
vt 0.849159 0.210256
vt 0.849573 0.210337
vt 0.850343 0.210424
vt 0.850897 0.210299
vt 0.85139 0.210438
vt 0.852206 0.210334
vt 0.85139 0.210438
vt 0.851452 0.210291
vt 0.850897 0.210299
vt 0.851452 0.210291
vt 0.85139 0.210438
vt 0.856298 0.210439
vt 0.857877 0.210298
vt 0.858663 0.210435
vt 0.853018 0.21044
vt 0.852206 0.210334
vt 0.853364 0.210334
vt 0.854668 0.210394
vt 0.855658 0.210296
vt 0.856298 0.210439
vt 0.855658 0.210296
vt 0.856733 0.210297
vt 0.856298 0.210439
vt 0.864608 0.210338
vt 0.862026 0.210437
vt 0.862444 0.210334
vt 0.857877 0.210298
vt 0.859425 0.21031
vt 0.858663 0.210435
vt 0.862026 0.210437
vt 0.859425 0.21031
vt 0.862444 0.210334
vt 0.859425 0.21031
vt 0.860482 0.210233
vt 0.862444 0.210334
vt 0.871544 0.210439
vt 0.868968 0.21028
vt 0.871486 0.21031
vt 0.864608 0.210338
vt 0.866902 0.210334
vt 0.865355 0.210438
vt 0.866902 0.210334
vt 0.868968 0.21028
vt 0.868296 0.210439
vt 0.874651 0.210333
vt 0.871544 0.210439
vt 0.871486 0.21031
vt 0.877307 0.21044
vt 0.874651 0.210333
vt 0.877854 0.210337
vt 0.877307 0.21044
vt 0.881358 0.210316
vt 0.882244 0.210439
vt 0.889605 0.210441
vt 0.892263 0.210333
vt 0.892105 0.210424
vt 0.877854 0.210337
vt 0.879839 0.21024
vt 0.881358 0.210316
vt 0.881358 0.210316
vt 0.883498 0.210284
vt 0.882244 0.210439
vt 0.882244 0.210439
vt 0.883498 0.210284
vt 0.885992 0.210405
vt 0.885992 0.210405
vt 0.885798 0.210256
vt 0.88906 0.210337
vt 0.892105 0.210424
vt 0.894448 0.210299
vt 0.89598 0.210437
vt 0.904222 0.210438
vt 0.902307 0.210338
vt 0.90366 0.210296
vt 0.894448 0.210299
vt 0.895977 0.210241
vt 0.89598 0.210437
vt 0.89598 0.210437
vt 0.895977 0.210241
vt 0.897948 0.210394
vt 0.901491 0.210439
vt 0.900013 0.210334
vt 0.902307 0.210338
vt 0.904222 0.210438
vt 0.906406 0.210298
vt 0.907442 0.210433
vt 0.90366 0.210296
vt 0.905062 0.210297
vt 0.904222 0.210438
vt 0.908991 0.210433
vt 0.90766 0.210239
vt 0.909033 0.210233
vt 0.906406 0.210298
vt 0.90766 0.210239
vt 0.907442 0.210433
vt 0.912152 0.210338
vt 0.910623 0.210424
vt 0.910626 0.210334
vt 0.908991 0.210433
vt 0.909033 0.210233
vt 0.910626 0.210334
vt 0.915002 0.21044
vt 0.91355 0.210335
vt 0.914633 0.21028
vt 0.912152 0.210338
vt 0.91355 0.210335
vt 0.91279 0.210441
vt 0.916948 0.21044
vt 0.917573 0.210333
vt 0.917623 0.210412
vt 0.914633 0.21028
vt 0.915683 0.210328
vt 0.915002 0.21044
vt 0.916127 0.210424
vt 0.915683 0.210328
vt 0.916656 0.210333
vt 0.916948 0.21044
vt 0.916656 0.210333
vt 0.917187 0.210336
vt 0.917758 0.210368
vt 0.917775 0.210232
vt 0.917834 0.210245
vt 0.917573 0.210333
vt 0.917775 0.210232
vt 0.917623 0.210412
vt 0.9177 0.217376
vt 0.917484 0.216308
vt 0.917465 0.217317
vt 0.849277 0.210405
vt 0.849188 0.210404
vt 0.849324 0.21044
vt 0.917341 0.210337
vt 0.9177 0.210241
vt 0.917465 0.210182
vt 0.916656 0.210333
vt 0.917341 0.210337
vt 0.91683 0.210181
vt 0.914708 0.210334
vt 0.915462 0.210291
vt 0.914571 0.210185
vt 0.912152 0.210338
vt 0.91355 0.210335
vt 0.912928 0.210183
vt 0.91355 0.210335
vt 0.914708 0.210334
vt 0.914571 0.210185
vt 0.903994 0.210181
vt 0.902307 0.210338
vt 0.90447 0.210334
vt 0.901067 0.210181
vt 0.900013 0.210334
vt 0.902307 0.210338
vt 0.893233 0.21018
vt 0.892263 0.210333
vt 0.894794 0.210392
vt 0.890035 0.21018
vt 0.88906 0.210337
vt 0.892263 0.210333
vt 0.877854 0.210337
vt 0.881116 0.210256
vt 0.878348 0.210182
vt 0.874651 0.210333
vt 0.877854 0.210337
vt 0.875154 0.210182
vt 0.869231 0.210334
vt 0.870936 0.210291
vt 0.868805 0.210185
vt 0.864608 0.210338
vt 0.866902 0.210334
vt 0.865729 0.210183
vt 0.866902 0.210334
vt 0.869231 0.210334
vt 0.868805 0.210185
vt 0.85587 0.210181
vt 0.854761 0.210338
vt 0.856288 0.210334
vt 0.853916 0.210181
vt 0.853364 0.210334
vt 0.854761 0.210338
vt 0.850485 0.21018
vt 0.850258 0.210333
vt 0.851081 0.210392
vt 0.849702 0.21018
vt 0.849573 0.210337
vt 0.850258 0.210333
vt 0.849573 0.210337
vt 0.849159 0.210256
vt 0.849449 0.210182
vt 0.850258 0.210333
vt 0.849573 0.210337
vt 0.850084 0.210182
vt 0.852206 0.210334
vt 0.851452 0.210291
vt 0.852343 0.210185
vt 0.853364 0.210334
vt 0.852206 0.210334
vt 0.852343 0.210185
vt 0.854668 0.210394
vt 0.853364 0.210334
vt 0.853986 0.210183
vt 0.865847 0.210181
vt 0.866902 0.210334
vt 0.864608 0.210338
vt 0.86292 0.210181
vt 0.864608 0.210338
vt 0.862444 0.210334
vt 0.873682 0.21018
vt 0.874651 0.210333
vt 0.871486 0.21031
vt 0.876879 0.21018
vt 0.877854 0.210337
vt 0.874651 0.210333
vt 0.88906 0.210337
vt 0.885798 0.210256
vt 0.888566 0.210182
vt 0.892263 0.210333
vt 0.88906 0.210337
vt 0.89176 0.210181
vt 0.897948 0.210394
vt 0.895977 0.210241
vt 0.89811 0.210185
vt 0.900013 0.210334
vt 0.897948 0.210394
vt 0.89811 0.210185
vt 0.902307 0.210338
vt 0.900013 0.210334
vt 0.901185 0.210183
vt 0.912999 0.210181
vt 0.91355 0.210335
vt 0.912152 0.210338
vt 0.916862 0.21018
vt 0.917187 0.210336
vt 0.916656 0.210333
vt 0.917484 0.210181
vt 0.917573 0.210333
vt 0.917187 0.210336
vt 0.915914 0.210181
vt 0.916656 0.210333
vt 0.915683 0.210328
vt 0.911045 0.210181
vt 0.912152 0.210338
vt 0.910626 0.210334
vt 0.917775 0.216256
vt 0.9177 0.217376
vt 0.917834 0.217379
vt 0.917465 0.217317
vt 0.916862 0.216309
vt 0.91683 0.217316
vt 0.916862 0.216309
vt 0.916018 0.217433
vt 0.91683 0.217316
vt 0.915472 0.217375
vt 0.914633 0.216209
vt 0.914571 0.217319
vt 0.915914 0.216308
vt 0.915472 0.217375
vt 0.916018 0.217433
vt 0.914571 0.217319
vt 0.912999 0.216308
vt 0.912928 0.217317
vt 0.912999 0.216308
vt 0.911256 0.21743
vt 0.912928 0.217317
vt 0.910181 0.217431
vt 0.909119 0.216191
vt 0.909037 0.217432
vt 0.911045 0.216308
vt 0.910181 0.217431
vt 0.911256 0.21743
vt 0.909037 0.217432
vt 0.907938 0.216199
vt 0.907865 0.217425
vt 0.907865 0.217425
vt 0.906746 0.21619
vt 0.906433 0.217368
vt 0.887075 0.217374
vt 0.885404 0.216179
vt 0.885119 0.217382
vt 0.905391 0.216245
vt 0.903994 0.217315
vt 0.906433 0.217368
vt 0.898771 0.216239
vt 0.897946 0.217414
vt 0.901067 0.217316
vt 0.902526 0.216243
vt 0.901067 0.217316
vt 0.903994 0.217315
vt 0.895678 0.216245
vt 0.893233 0.217314
vt 0.895428 0.217444
vt 0.892526 0.216244
vt 0.890035 0.217314
vt 0.893233 0.217314
vt 0.887674 0.216241
vt 0.887075 0.217374
vt 0.890035 0.217314
vt 0.882906 0.216176
vt 0.881116 0.21739
vt 0.883417 0.217418
vt 0.885404 0.216179
vt 0.883417 0.217418
vt 0.885119 0.217382
vt 0.895678 0.216245
vt 0.895428 0.217444
vt 0.897946 0.217414
vt 0.881116 0.21739
vt 0.878473 0.216308
vt 0.878348 0.217316
vt 0.878348 0.217316
vt 0.875281 0.216309
vt 0.875154 0.217316
vt 0.875281 0.216309
vt 0.872466 0.217433
vt 0.875154 0.217316
vt 0.870937 0.217375
vt 0.868968 0.216209
vt 0.868805 0.217319
vt 0.872087 0.216308
vt 0.870937 0.217375
vt 0.872466 0.217433
vt 0.868805 0.217319
vt 0.865847 0.216308
vt 0.865729 0.217317
vt 0.865847 0.216308
vt 0.863254 0.21743
vt 0.865729 0.217317
vt 0.861852 0.217431
vt 0.8606 0.216191
vt 0.860508 0.217432
vt 0.86292 0.216308
vt 0.861852 0.217431
vt 0.863254 0.21743
vt 0.860508 0.217432
vt 0.859337 0.216199
vt 0.859264 0.217424
vt 0.859264 0.217424
vt 0.85815 0.216243
vt 0.857881 0.217367
vt 0.849269 0.217374
vt 0.849144 0.216179
vt 0.849076 0.217366
vt 0.856463 0.216246
vt 0.85587 0.217315
vt 0.857881 0.217367
vt 0.853059 0.216241
vt 0.852281 0.217414
vt 0.853916 0.217316
vt 0.854856 0.216243
vt 0.853916 0.217316
vt 0.85587 0.217315
vt 0.851051 0.216189
vt 0.850485 0.217314
vt 0.851246 0.217444
vt 0.85029 0.216244
vt 0.849702 0.217314
vt 0.850485 0.217314
vt 0.849333 0.216241
vt 0.849269 0.217374
vt 0.849702 0.217314
vt 0.849083 0.216246
vt 0.849159 0.21739
vt 0.849076 0.217366
vt 0.851958 0.216247
vt 0.851246 0.217444
vt 0.852281 0.217414
vt 0.849159 0.21739
vt 0.84943 0.216308
vt 0.849449 0.217316
vt 0.849449 0.217316
vt 0.850053 0.216309
vt 0.850084 0.217316
vt 0.850053 0.216309
vt 0.850897 0.217433
vt 0.850084 0.217316
vt 0.851452 0.217425
vt 0.852286 0.216306
vt 0.852343 0.217319
vt 0.851 0.216308
vt 0.851452 0.217425
vt 0.850897 0.217433
vt 0.852343 0.217319
vt 0.853915 0.216308
vt 0.853986 0.217317
vt 0.853915 0.216308
vt 0.855658 0.21743
vt 0.853986 0.217317
vt 0.856733 0.217431
vt 0.857795 0.216191
vt 0.857877 0.217432
vt 0.85587 0.216308
vt 0.856733 0.217431
vt 0.855658 0.21743
vt 0.857877 0.217432
vt 0.858976 0.216199
vt 0.859044 0.217373
vt 0.859044 0.217373
vt 0.860169 0.21619
vt 0.860482 0.217368
vt 0.879839 0.217374
vt 0.88185 0.216251
vt 0.881358 0.21745
vt 0.862608 0.216173
vt 0.864362 0.217315
vt 0.861951 0.217431
vt 0.861523 0.216245
vt 0.861951 0.217431
vt 0.860482 0.217368
vt 0.865533 0.216169
vt 0.867371 0.217316
vt 0.864362 0.217315
vt 0.868624 0.216172
vt 0.870502 0.217315
vt 0.867371 0.217316
vt 0.871236 0.216245
vt 0.873682 0.217314
vt 0.870502 0.217315
vt 0.874389 0.216244
vt 0.876879 0.217315
vt 0.873682 0.217314
vt 0.87924 0.216241
vt 0.879839 0.217374
vt 0.876879 0.217315
vt 0.884009 0.216176
vt 0.885798 0.21739
vt 0.883498 0.217418
vt 0.88185 0.216251
vt 0.883498 0.217418
vt 0.881358 0.21745
vt 0.885798 0.21739
vt 0.888441 0.216308
vt 0.888566 0.217316
vt 0.888566 0.217316
vt 0.891633 0.216309
vt 0.89176 0.217316
vt 0.891633 0.216309
vt 0.894448 0.217433
vt 0.89176 0.217316
vt 0.895977 0.217375
vt 0.897988 0.216306
vt 0.89811 0.217319
vt 0.894827 0.216308
vt 0.895977 0.217375
vt 0.894448 0.217433
vt 0.89811 0.217319
vt 0.901067 0.216308
vt 0.901185 0.217317
vt 0.901067 0.216308
vt 0.90366 0.21743
vt 0.901185 0.217317
vt 0.905062 0.217431
vt 0.906314 0.216191
vt 0.906406 0.217432
vt 0.903994 0.216308
vt 0.905062 0.217431
vt 0.90366 0.21743
vt 0.906406 0.217432
vt 0.907577 0.216199
vt 0.90765 0.217425
vt 0.90765 0.217425
vt 0.908764 0.216243
vt 0.909033 0.217368
vt 0.917775 0.217367
vt 0.917825 0.216192
vt 0.917834 0.217379
vt 0.909667 0.216172
vt 0.911045 0.217315
vt 0.909033 0.217368
vt 0.913427 0.216242
vt 0.914633 0.217414
vt 0.912999 0.217316
vt 0.911825 0.21617
vt 0.912999 0.217316
vt 0.911045 0.217315
vt 0.916625 0.216244
vt 0.916862 0.217314
vt 0.915914 0.217315
vt 0.9177 0.213808
vt 0.917484 0.212741
vt 0.917465 0.213749
vt 0.917737 0.216247
vt 0.917775 0.217367
vt 0.917484 0.217315
vt 0.917342 0.216237
vt 0.917484 0.217315
vt 0.916862 0.217314
vt 0.915598 0.216245
vt 0.915914 0.217315
vt 0.914633 0.217414
vt 0.917775 0.212689
vt 0.9177 0.213808
vt 0.917834 0.213812
vt 0.917465 0.213749
vt 0.916862 0.212742
vt 0.91683 0.213749
vt 0.916862 0.212742
vt 0.916018 0.213866
vt 0.91683 0.213749
vt 0.915472 0.213808
vt 0.914633 0.212642
vt 0.914571 0.213752
vt 0.915914 0.212741
vt 0.915472 0.213808
vt 0.916018 0.213866
vt 0.914571 0.213752
vt 0.912999 0.21274
vt 0.912928 0.21375
vt 0.912999 0.21274
vt 0.911256 0.213863
vt 0.912928 0.21375
vt 0.910181 0.213864
vt 0.909119 0.212624
vt 0.909037 0.213865
vt 0.911045 0.212741
vt 0.910181 0.213864
vt 0.911256 0.213863
vt 0.909037 0.213865
vt 0.907938 0.212632
vt 0.907865 0.213857
vt 0.907865 0.213857
vt 0.906746 0.212623
vt 0.906433 0.2138
vt 0.887075 0.213807
vt 0.885404 0.212612
vt 0.885556 0.213883
vt 0.904306 0.212606
vt 0.902552 0.213748
vt 0.904963 0.213864
vt 0.905391 0.212678
vt 0.904963 0.213864
vt 0.906433 0.2138
vt 0.901382 0.212601
vt 0.899544 0.213749
vt 0.902552 0.213748
vt 0.898771 0.212672
vt 0.896412 0.213748
vt 0.899544 0.213749
vt 0.895678 0.212678
vt 0.893233 0.213747
vt 0.896412 0.213748
vt 0.892526 0.212677
vt 0.890035 0.213747
vt 0.893233 0.213747
vt 0.887674 0.212674
vt 0.887075 0.213807
vt 0.890035 0.213747
vt 0.882906 0.212609
vt 0.881116 0.213823
vt 0.88343 0.213799
vt 0.885404 0.212612
vt 0.88343 0.213799
vt 0.885556 0.213883
vt 0.881116 0.213823
vt 0.878473 0.212741
vt 0.878348 0.213749
vt 0.878348 0.213749
vt 0.875281 0.212742
vt 0.875154 0.213749
vt 0.875281 0.212742
vt 0.872466 0.213866
vt 0.875154 0.213749
vt 0.870937 0.213808
vt 0.868968 0.212642
vt 0.868805 0.213752
vt 0.872087 0.212741
vt 0.870937 0.213808
vt 0.872466 0.213866
vt 0.868805 0.213752
vt 0.865847 0.21274
vt 0.865729 0.21375
vt 0.865847 0.21274
vt 0.863254 0.213863
vt 0.865729 0.21375
vt 0.861852 0.213864
vt 0.8606 0.212624
vt 0.860508 0.213865
vt 0.86292 0.212741
vt 0.861852 0.213864
vt 0.863254 0.213863
vt 0.860508 0.213865
vt 0.859337 0.212632
vt 0.859264 0.213857
vt 0.859264 0.213857
vt 0.85815 0.212676
vt 0.857881 0.2138
vt 0.849269 0.213807
vt 0.849078 0.21269
vt 0.849076 0.213799
vt 0.857026 0.212623
vt 0.85587 0.213748
vt 0.857881 0.2138
vt 0.853487 0.212674
vt 0.852281 0.213847
vt 0.853916 0.213748
vt 0.855089 0.212603
vt 0.853916 0.213748
vt 0.85587 0.213748
vt 0.851316 0.212678
vt 0.850485 0.213747
vt 0.851246 0.213877
vt 0.85029 0.212677
vt 0.849702 0.213747
vt 0.850485 0.213747
vt 0.849333 0.212674
vt 0.849269 0.213807
vt 0.849702 0.213747
vt 0.849076 0.213799
vt 0.849138 0.21268
vt 0.849159 0.213823
vt 0.851316 0.212678
vt 0.851246 0.213877
vt 0.852281 0.213847
vt 0.849159 0.213823
vt 0.84943 0.212741
vt 0.849449 0.213749
vt 0.849449 0.213749
vt 0.850053 0.212742
vt 0.850084 0.213749
vt 0.850053 0.212742
vt 0.850897 0.213866
vt 0.850084 0.213749
vt 0.851452 0.213858
vt 0.852286 0.212739
vt 0.852343 0.213752
vt 0.851 0.212741
vt 0.851452 0.213858
vt 0.850897 0.213866
vt 0.852343 0.213752
vt 0.853915 0.212741
vt 0.853986 0.21375
vt 0.853915 0.212741
vt 0.855658 0.213863
vt 0.853986 0.21375
vt 0.856733 0.213864
vt 0.857795 0.212624
vt 0.857877 0.213865
vt 0.85587 0.212741
vt 0.856733 0.213864
vt 0.855658 0.213863
vt 0.857877 0.213865
vt 0.858976 0.212632
vt 0.859049 0.213857
vt 0.859049 0.213857
vt 0.860169 0.212623
vt 0.860482 0.2138
vt 0.879839 0.213807
vt 0.88151 0.212612
vt 0.881358 0.213883
vt 0.862155 0.212679
vt 0.864362 0.213748
vt 0.861951 0.213864
vt 0.862155 0.212679
vt 0.861951 0.213864
vt 0.860482 0.2138
vt 0.865533 0.212601
vt 0.867371 0.213749
vt 0.864362 0.213748
vt 0.868624 0.212604
vt 0.870502 0.213748
vt 0.867371 0.213749
vt 0.871236 0.212678
vt 0.873682 0.213747
vt 0.870502 0.213748
vt 0.874389 0.212677
vt 0.876879 0.213747
vt 0.873682 0.213747
vt 0.87924 0.212674
vt 0.879839 0.213807
vt 0.876879 0.213747
vt 0.884009 0.212609
vt 0.885798 0.213823
vt 0.883498 0.213851
vt 0.88151 0.212612
vt 0.883498 0.213851
vt 0.881358 0.213883
vt 0.885798 0.213823
vt 0.888441 0.212741
vt 0.888566 0.213749
vt 0.888566 0.213749
vt 0.891633 0.212742
vt 0.89176 0.213749
vt 0.891633 0.212742
vt 0.894448 0.213866
vt 0.89176 0.213749
vt 0.895978 0.213858
vt 0.897946 0.212642
vt 0.89811 0.213752
vt 0.894827 0.212741
vt 0.895978 0.213858
vt 0.894448 0.213866
vt 0.89811 0.213752
vt 0.901067 0.21274
vt 0.901185 0.21375
vt 0.901067 0.21274
vt 0.90366 0.213863
vt 0.901185 0.21375
vt 0.905062 0.213864
vt 0.906314 0.212624
vt 0.906406 0.213865
vt 0.903994 0.212741
vt 0.905062 0.213864
vt 0.90366 0.213863
vt 0.906406 0.213865
vt 0.907577 0.212632
vt 0.90766 0.213806
vt 0.90766 0.213806
vt 0.908729 0.212623
vt 0.909033 0.2138
vt 0.917775 0.2138
vt 0.917825 0.212624
vt 0.917834 0.213812
vt 0.910451 0.212679
vt 0.911045 0.213748
vt 0.909033 0.2138
vt 0.913856 0.212675
vt 0.914633 0.213847
vt 0.912999 0.213749
vt 0.912058 0.212676
vt 0.912999 0.213749
vt 0.911045 0.213748
vt 0.916625 0.212677
vt 0.916862 0.213747
vt 0.915914 0.213748
vt 0.9177 0.210241
vt 0.917484 0.209174
vt 0.917465 0.210182
vt 0.917737 0.21268
vt 0.917775 0.2138
vt 0.917484 0.213748
vt 0.917342 0.21267
vt 0.917484 0.213748
vt 0.916862 0.213747
vt 0.915598 0.212678
vt 0.915914 0.213748
vt 0.914633 0.213847
vt 0.917775 0.209122
vt 0.9177 0.210241
vt 0.917834 0.210245
vt 0.917465 0.210182
vt 0.916862 0.209175
vt 0.91683 0.210181
vt 0.916862 0.209175
vt 0.916018 0.210299
vt 0.91683 0.210181
vt 0.915462 0.210291
vt 0.914633 0.209075
vt 0.914571 0.210185
vt 0.915914 0.209174
vt 0.915462 0.210291
vt 0.916018 0.210299
vt 0.914571 0.210185
vt 0.912999 0.209173
vt 0.912928 0.210183
vt 0.912999 0.209173
vt 0.911256 0.210296
vt 0.912928 0.210183
vt 0.910181 0.210297
vt 0.909119 0.209057
vt 0.909037 0.210298
vt 0.911045 0.209174
vt 0.910181 0.210297
vt 0.911256 0.210296
vt 0.909037 0.210298
vt 0.907938 0.209064
vt 0.907865 0.21029
vt 0.907865 0.21029
vt 0.906722 0.209109
vt 0.906433 0.210233
vt 0.887075 0.21024
vt 0.885064 0.209117
vt 0.885556 0.210316
vt 0.904759 0.209112
vt 0.903994 0.210181
vt 0.906433 0.210233
vt 0.899507 0.209107
vt 0.897946 0.21028
vt 0.901067 0.210181
vt 0.902526 0.209109
vt 0.901067 0.210181
vt 0.903994 0.210181
vt 0.894896 0.209055
vt 0.893233 0.21018
vt 0.895872 0.210291
vt 0.892526 0.20911
vt 0.890035 0.21018
vt 0.893233 0.21018
vt 0.887674 0.209107
vt 0.887075 0.21024
vt 0.890035 0.21018
vt 0.882906 0.209042
vt 0.881116 0.210256
vt 0.883417 0.210284
vt 0.885064 0.209117
vt 0.883417 0.210284
vt 0.885556 0.210316
vt 0.89725 0.209113
vt 0.895872 0.210291
vt 0.897946 0.21028
vt 0.881116 0.210256
vt 0.878473 0.209174
vt 0.878348 0.210182
vt 0.878348 0.210182
vt 0.875281 0.209175
vt 0.875154 0.210182
vt 0.875281 0.209175
vt 0.872466 0.210299
vt 0.875154 0.210182
vt 0.870936 0.210291
vt 0.868968 0.209075
vt 0.868805 0.210185
vt 0.872087 0.209174
vt 0.870936 0.210291
vt 0.872466 0.210299
vt 0.868805 0.210185
vt 0.865847 0.209173
vt 0.865729 0.210183
vt 0.865847 0.209173
vt 0.863254 0.210296
vt 0.865729 0.210183
vt 0.861852 0.210297
vt 0.8606 0.209057
vt 0.860508 0.210298
vt 0.86292 0.209174
vt 0.861852 0.210297
vt 0.863254 0.210296
vt 0.860508 0.210298
vt 0.859337 0.209065
vt 0.858886 0.21031
vt 0.858886 0.21031
vt 0.858185 0.209056
vt 0.857881 0.210233
vt 0.849269 0.21024
vt 0.849078 0.209123
vt 0.849076 0.210232
vt 0.856463 0.209112
vt 0.85587 0.210181
vt 0.857881 0.210233
vt 0.853059 0.209107
vt 0.852281 0.21028
vt 0.853916 0.210181
vt 0.854856 0.209109
vt 0.853916 0.210181
vt 0.85587 0.210181
vt 0.851316 0.209111
vt 0.850485 0.21018
vt 0.851411 0.210291
vt 0.85029 0.20911
vt 0.849702 0.21018
vt 0.850485 0.21018
vt 0.849333 0.209107
vt 0.849269 0.21024
vt 0.849702 0.21018
vt 0.849076 0.210232
vt 0.849138 0.209113
vt 0.849159 0.210256
vt 0.851316 0.209111
vt 0.851411 0.210291
vt 0.852281 0.21028
vt 0.849159 0.210256
vt 0.84943 0.209174
vt 0.849449 0.210182
vt 0.849449 0.210182
vt 0.850053 0.209175
vt 0.850084 0.210182
vt 0.850053 0.209175
vt 0.850897 0.210299
vt 0.850084 0.210182
vt 0.851452 0.210291
vt 0.852281 0.209075
vt 0.852343 0.210185
vt 0.851 0.209174
vt 0.851452 0.210291
vt 0.850897 0.210299
vt 0.852343 0.210185
vt 0.853915 0.209173
vt 0.853986 0.210183
vt 0.853915 0.209173
vt 0.855658 0.210296
vt 0.853986 0.210183
vt 0.856733 0.210297
vt 0.857795 0.209057
vt 0.857877 0.210298
vt 0.85587 0.209174
vt 0.856733 0.210297
vt 0.855658 0.210296
vt 0.857877 0.210298
vt 0.858976 0.209064
vt 0.859425 0.21031
vt 0.859425 0.21031
vt 0.860193 0.209109
vt 0.860482 0.210233
vt 0.879839 0.21024
vt 0.88185 0.209117
vt 0.881358 0.210316
vt 0.862155 0.209112
vt 0.86292 0.210181
vt 0.860482 0.210233
vt 0.866598 0.209107
vt 0.868968 0.21028
vt 0.865847 0.210181
vt 0.864388 0.209109
vt 0.865847 0.210181
vt 0.86292 0.210181
vt 0.871236 0.209111
vt 0.873682 0.21018
vt 0.871486 0.21031
vt 0.874389 0.20911
vt 0.876879 0.21018
vt 0.873682 0.21018
vt 0.87924 0.209107
vt 0.879839 0.21024
vt 0.876879 0.21018
vt 0.884009 0.209042
vt 0.885798 0.210256
vt 0.883498 0.210284
vt 0.88185 0.209117
vt 0.883498 0.210284
vt 0.881358 0.210316
vt 0.871236 0.209111
vt 0.871486 0.21031
vt 0.868968 0.21028
vt 0.885798 0.210256
vt 0.888441 0.209174
vt 0.888566 0.210182
vt 0.888566 0.210182
vt 0.891633 0.209175
vt 0.89176 0.210181
vt 0.891633 0.209175
vt 0.894448 0.210299
vt 0.89176 0.210181
vt 0.895977 0.210241
vt 0.897946 0.209075
vt 0.89811 0.210185
vt 0.894827 0.209174
vt 0.895977 0.210241
vt 0.894448 0.210299
vt 0.89811 0.210185
vt 0.901067 0.209173
vt 0.901185 0.210183
vt 0.901067 0.209173
vt 0.90366 0.210296
vt 0.901185 0.210183
vt 0.905062 0.210297
vt 0.906314 0.209057
vt 0.906406 0.210298
vt 0.903994 0.209174
vt 0.905062 0.210297
vt 0.90366 0.210296
vt 0.906406 0.210298
vt 0.907577 0.209064
vt 0.90766 0.210239
vt 0.90766 0.210239
vt 0.908764 0.209109
vt 0.909033 0.210233
vt 0.917775 0.210232
vt 0.917825 0.209057
vt 0.917834 0.210245
vt 0.910451 0.209112
vt 0.911045 0.210181
vt 0.909033 0.210233
vt 0.913427 0.209107
vt 0.914633 0.21028
vt 0.912999 0.210181
vt 0.912058 0.209109
vt 0.912999 0.210181
vt 0.911045 0.210181
vt 0.916625 0.20911
vt 0.916862 0.21018
vt 0.915914 0.210181
vt 0.84571 0.223687
vt 0.845989 0.223542
vt 0.846414 0.223687
vt 0.917737 0.209113
vt 0.917775 0.210232
vt 0.917484 0.210181
vt 0.917342 0.209103
vt 0.917484 0.210181
vt 0.916862 0.21018
vt 0.915598 0.209111
vt 0.915914 0.210181
vt 0.914633 0.21028
vt 0.845112 0.223492
vt 0.845296 0.223681
vt 0.845025 0.223566
vt 0.845415 0.223561
vt 0.84571 0.223687
vt 0.845296 0.223681
vt 0.845415 0.223561
vt 0.845634 0.223541
vt 0.84571 0.223687
vt 0.847818 0.223683
vt 0.84857 0.223546
vt 0.849576 0.223687
vt 0.845989 0.223542
vt 0.846421 0.223543
vt 0.846414 0.223687
vt 0.846421 0.223543
vt 0.847021 0.223498
vt 0.847458 0.223644
vt 0.847021 0.223498
vt 0.847764 0.223478
vt 0.847458 0.223644
vt 0.850161 0.223539
vt 0.851539 0.223688
vt 0.849576 0.223687
vt 0.851539 0.223688
vt 0.852608 0.223532
vt 0.853338 0.223661
vt 0.866506 0.223646
vt 0.864269 0.223487
vt 0.866527 0.223504
vt 0.852608 0.223532
vt 0.85379 0.223493
vt 0.853338 0.223661
vt 0.853338 0.223661
vt 0.855119 0.223545
vt 0.855711 0.22369
vt 0.855119 0.223545
vt 0.856458 0.22354
vt 0.855711 0.22369
vt 0.858255 0.223497
vt 0.857815 0.223653
vt 0.856458 0.22354
vt 0.859937 0.223582
vt 0.860221 0.223687
vt 0.857815 0.223653
vt 0.862567 0.223494
vt 0.863169 0.22365
vt 0.859937 0.223582
vt 0.862567 0.223494
vt 0.864269 0.223487
vt 0.863169 0.22365
vt 0.866506 0.223646
vt 0.869176 0.223486
vt 0.869584 0.223681
vt 0.873303 0.223661
vt 0.877156 0.223625
vt 0.878214 0.223688
vt 0.87357 0.223553
vt 0.873303 0.223661
vt 0.871211 0.223542
vt 0.875774 0.223477
vt 0.877156 0.223625
vt 0.87357 0.223553
vt 0.882486 0.223671
vt 0.880143 0.223546
vt 0.881927 0.22354
vt 0.877156 0.223625
vt 0.880143 0.223546
vt 0.878214 0.223688
vt 0.883626 0.223534
vt 0.885663 0.223687
vt 0.882486 0.223671
vt 0.881927 0.22354
vt 0.883626 0.223534
vt 0.882486 0.223671
vt 0.886684 0.223496
vt 0.888456 0.223682
vt 0.885367 0.223556
vt 0.891036 0.223677
vt 0.888481 0.22351
vt 0.891217 0.223484
vt 0.894053 0.223648
vt 0.891217 0.223484
vt 0.894341 0.223485
vt 0.901873 0.223653
vt 0.89992 0.223495
vt 0.902114 0.223483
vt 0.896673 0.223556
vt 0.896797 0.223688
vt 0.894053 0.223648
vt 0.898119 0.223505
vt 0.899365 0.223681
vt 0.896673 0.223556
vt 0.911127 0.223682
vt 0.909724 0.223491
vt 0.911621 0.223496
vt 0.901873 0.223653
vt 0.904459 0.223551
vt 0.90433 0.223688
vt 0.906112 0.223484
vt 0.906978 0.223675
vt 0.904459 0.223551
vt 0.908126 0.223506
vt 0.909172 0.223656
vt 0.906978 0.223675
vt 0.91352 0.223587
vt 0.911621 0.223496
vt 0.913661 0.223495
vt 0.913271 0.223687
vt 0.915045 0.22359
vt 0.915181 0.223688
vt 0.911127 0.223682
vt 0.91352 0.223587
vt 0.913271 0.223687
vt 0.915386 0.223481
vt 0.916684 0.223678
vt 0.915045 0.22359
vt 0.917879 0.22366
vt 0.91693 0.223503
vt 0.918239 0.223493
vt 0.919128 0.223486
vt 0.919632 0.223655
vt 0.918712 0.223593
vt 0.845296 0.223681
vt 0.845193 0.223681
vt 0.845025 0.223566
vt 0.846414 0.223687
vt 0.847458 0.223644
vt 0.847818 0.223683
vt 0.863968 0.223684
vt 0.866506 0.223646
vt 0.867281 0.223683
vt 0.873303 0.223661
vt 0.872169 0.223687
vt 0.869584 0.223681
vt 0.872169 0.223687
vt 0.873303 0.223661
vt 0.878214 0.223688
vt 0.885663 0.223687
vt 0.878214 0.223688
vt 0.882486 0.223671
vt 0.851176 0.223551
vt 0.852386 0.219801
vt 0.852608 0.223532
vt 0.853968 0.219773
vt 0.855119 0.223545
vt 0.85379 0.223493
vt 0.925372 0.223677
vt 0.946216 0.223688
vt 0.947609 0.223689
vt 0.869176 0.223486
vt 0.866527 0.223504
vt 0.866764 0.219794
vt 0.90479 0.219806
vt 0.902114 0.223483
vt 0.903007 0.219763
vt 0.909122 0.219806
vt 0.909724 0.223491
vt 0.908126 0.223506
vt 0.909122 0.219806
vt 0.910919 0.219767
vt 0.909724 0.223491
vt 0.915386 0.223481
vt 0.913661 0.223495
vt 0.914526 0.219798
vt 0.918648 0.219807
vt 0.919128 0.223486
vt 0.918239 0.223493
vt 0.918239 0.223493
vt 0.917622 0.219766
vt 0.918648 0.219807
vt 0.921745 0.223684
vt 0.919806 0.223615
vt 0.919681 0.223684
vt 0.921602 0.223507
vt 0.919806 0.223615
vt 0.921817 0.223579
vt 0.922289 0.223578
vt 0.921745 0.223684
vt 0.922257 0.223682
vt 0.921817 0.223579
vt 0.922289 0.223578
vt 0.92214 0.22351
vt 0.923319 0.223616
vt 0.922257 0.223682
vt 0.923269 0.223682
vt 0.922494 0.223549
vt 0.923319 0.223616
vt 0.922898 0.223493
vt 0.92182 0.223682
vt 0.919806 0.223615
vt 0.921836 0.223569
vt 0.923627 0.223508
vt 0.923319 0.223616
vt 0.923813 0.223653
vt 0.923813 0.223653
vt 0.924391 0.223559
vt 0.924053 0.223509
vt 0.924391 0.223559
vt 0.923813 0.223653
vt 0.924462 0.223682
vt 0.924884 0.223549
vt 0.925372 0.223677
vt 0.925395 0.22351
vt 0.923269 0.223682
vt 0.924462 0.223682
vt 0.923813 0.223653
vt 0.91983 0.2235
vt 0.921595 0.2235
vt 0.919806 0.223615
vt 0.922284 0.223684
vt 0.923319 0.223616
vt 0.923269 0.223682
vt 0.922191 0.223577
vt 0.922506 0.223542
vt 0.922284 0.223684
vt 0.922905 0.223496
vt 0.923319 0.223616
vt 0.922506 0.223542
vt 0.924876 0.223537
vt 0.925434 0.223686
vt 0.924462 0.223682
vt 0.922905 0.223496
vt 0.92333 0.223496
vt 0.923319 0.223616
vt 0.923319 0.223616
vt 0.923813 0.223653
vt 0.923269 0.223682
vt 0.924078 0.223511
vt 0.924404 0.22356
vt 0.923813 0.223653
vt 0.924404 0.22356
vt 0.924876 0.223537
vt 0.924462 0.223682
vt 0.845208 0.223548
vt 0.845691 0.223688
vt 0.845498 0.223568
vt 0.84836 0.223546
vt 0.847303 0.223681
vt 0.849576 0.223687
vt 0.84592 0.223494
vt 0.845498 0.223568
vt 0.846251 0.223661
vt 0.845498 0.223568
vt 0.845691 0.223688
vt 0.846251 0.223661
vt 0.84592 0.223494
vt 0.846251 0.223661
vt 0.846778 0.223542
vt 0.846778 0.223542
vt 0.846251 0.223661
vt 0.847303 0.223681
vt 0.846778 0.223542
vt 0.847303 0.223681
vt 0.847638 0.22354
vt 0.850247 0.223535
vt 0.851539 0.223688
vt 0.85143 0.223551
vt 0.852635 0.223544
vt 0.851539 0.223688
vt 0.853597 0.223681
vt 0.85752 0.22368
vt 0.854962 0.223582
vt 0.853597 0.223681
vt 0.85411 0.223483
vt 0.853597 0.223681
vt 0.854962 0.223582
vt 0.866522 0.223687
vt 0.863796 0.223552
vt 0.862737 0.223683
vt 0.856075 0.223539
vt 0.85752 0.22368
vt 0.857457 0.223488
vt 0.85752 0.22368
vt 0.860221 0.223687
vt 0.858954 0.223546
vt 0.8605 0.223544
vt 0.862737 0.223683
vt 0.86218 0.223497
vt 0.86218 0.223497
vt 0.862737 0.223683
vt 0.863796 0.223552
vt 0.869101 0.223547
vt 0.866522 0.223687
vt 0.870191 0.223687
vt 0.879649 0.223496
vt 0.877162 0.223657
vt 0.880147 0.223661
vt 0.870753 0.223539
vt 0.873303 0.223661
vt 0.872457 0.223492
vt 0.874173 0.223545
vt 0.877162 0.223657
vt 0.876902 0.223502
vt 0.881647 0.223483
vt 0.880147 0.223661
vt 0.882482 0.223608
vt 0.886517 0.223498
vt 0.888456 0.223682
vt 0.888471 0.223512
vt 0.882482 0.223608
vt 0.880147 0.223661
vt 0.88321 0.223682
vt 0.882482 0.223608
vt 0.885708 0.223653
vt 0.884351 0.223491
vt 0.906544 0.22356
vt 0.903795 0.223686
vt 0.906947 0.223686
vt 0.888471 0.223512
vt 0.888456 0.223682
vt 0.890806 0.223562
vt 0.892514 0.223501
vt 0.890806 0.223562
vt 0.894244 0.223559
vt 0.894244 0.223559
vt 0.891746 0.223686
vt 0.895456 0.223688
vt 0.894244 0.223559
vt 0.897196 0.223656
vt 0.896097 0.22349
vt 0.897196 0.223656
vt 0.899497 0.223682
vt 0.898303 0.223497
vt 0.900741 0.223512
vt 0.899497 0.223682
vt 0.902183 0.223563
vt 0.902183 0.223563
vt 0.899497 0.223682
vt 0.903795 0.223686
vt 0.911127 0.223682
vt 0.909946 0.223499
vt 0.909172 0.223656
vt 0.906544 0.22356
vt 0.909172 0.223656
vt 0.908255 0.223497
vt 0.913312 0.223676
vt 0.911599 0.223498
vt 0.911127 0.223682
vt 0.877162 0.223657
vt 0.873871 0.223687
vt 0.879055 0.223687
vt 0.913312 0.223676
vt 0.915181 0.223688
vt 0.915082 0.223564
vt 0.915082 0.223564
vt 0.916684 0.223678
vt 0.916165 0.223504
vt 0.917679 0.223494
vt 0.916684 0.223678
vt 0.918449 0.223561
vt 0.846531 0.223687
vt 0.846251 0.223661
vt 0.845691 0.223688
vt 0.919806 0.223615
vt 0.919698 0.223501
vt 0.919632 0.223655
vt 0.879055 0.223687
vt 0.880147 0.223661
vt 0.877162 0.223657
vt 0.880147 0.223661
vt 0.879055 0.223687
vt 0.88321 0.223682
vt 0.88321 0.223682
vt 0.888456 0.223682
vt 0.885708 0.223653
vt 0.895456 0.223688
vt 0.899497 0.223682
vt 0.897196 0.223656
vt 0.906947 0.223686
vt 0.911127 0.223682
vt 0.909172 0.223656
vt 0.919806 0.223615
vt 0.9197 0.223497
vt 0.91983 0.2235
vt 0.919632 0.223655
vt 0.919681 0.223684
vt 0.919806 0.223615
vt 0.925574 0.223495
vt 0.943486 0.223611
vt 0.925332 0.223561
vt 0.919806 0.223615
vt 0.919664 0.223685
vt 0.919632 0.223655
vt 0.943486 0.223611
vt 0.925434 0.223686
vt 0.925332 0.223561
vt 0.942821 0.223616
vt 0.925395 0.22351
vt 0.925372 0.223677
vt 0.943322 0.223682
vt 0.944031 0.223635
vt 0.943723 0.223607
vt 0.946042 0.223688
vt 0.94523 0.223671
vt 0.944404 0.223685
vt 0.921745 0.219621
vt 0.919806 0.21969
vt 0.921831 0.219726
vt 0.943723 0.223607
vt 0.942821 0.223616
vt 0.943322 0.223682
vt 0.919862 0.219803
vt 0.921608 0.219802
vt 0.919806 0.21969
vt 0.922191 0.219728
vt 0.921745 0.219621
vt 0.921831 0.219726
vt 0.923319 0.219689
vt 0.922257 0.219623
vt 0.9225 0.219756
vt 0.922191 0.219728
vt 0.9225 0.219756
vt 0.922257 0.219623
vt 0.919806 0.21969
vt 0.92182 0.219623
vt 0.921831 0.219726
vt 0.922923 0.219813
vt 0.923328 0.219799
vt 0.923319 0.219689
vt 0.923319 0.219689
vt 0.923328 0.219799
vt 0.923628 0.219798
vt 0.923319 0.219689
vt 0.923813 0.219653
vt 0.923262 0.219619
vt 0.923813 0.219653
vt 0.923628 0.219798
vt 0.924017 0.2198
vt 0.924388 0.219752
vt 0.924844 0.21976
vt 0.924605 0.219631
vt 0.924605 0.219631
vt 0.924844 0.21976
vt 0.925446 0.219634
vt 0.923813 0.219653
vt 0.924605 0.219631
vt 0.924264 0.219615
vt 0.919806 0.21969
vt 0.921611 0.219813
vt 0.919831 0.219808
vt 0.923319 0.219689
vt 0.922285 0.219621
vt 0.923269 0.219623
vt 0.921831 0.219726
vt 0.9223 0.219728
vt 0.922145 0.219804
vt 0.922285 0.219621
vt 0.922491 0.219759
vt 0.9223 0.219728
vt 0.923475 0.219799
vt 0.923813 0.219653
vt 0.923807 0.219801
vt 0.922491 0.219759
vt 0.923319 0.219689
vt 0.922923 0.219816
vt 0.923319 0.219689
vt 0.923292 0.219806
vt 0.922923 0.219816
vt 0.923269 0.219623
vt 0.923813 0.219653
vt 0.923319 0.219689
vt 0.924875 0.219752
vt 0.92543 0.219616
vt 0.92547 0.21969
vt 0.924605 0.219631
vt 0.924875 0.219752
vt 0.92423 0.219754
vt 0.850204 0.21976
vt 0.851311 0.219617
vt 0.85113 0.219766
vt 0.924875 0.219752
vt 0.92547 0.21969
vt 0.925373 0.2198
vt 0.845148 0.219653
vt 0.84543 0.219616
vt 0.845167 0.21975
vt 0.845167 0.21975
vt 0.845623 0.219644
vt 0.845324 0.219815
vt 0.845623 0.219644
vt 0.845692 0.219809
vt 0.845324 0.219815
vt 0.846879 0.21962
vt 0.846791 0.219819
vt 0.84619 0.219738
vt 0.846879 0.21962
vt 0.848518 0.219617
vt 0.847581 0.219718
vt 0.848644 0.219766
vt 0.849681 0.219643
vt 0.849371 0.21981
vt 0.855039 0.219765
vt 0.854026 0.219616
vt 0.857005 0.219628
vt 0.851311 0.219617
vt 0.8525 0.219688
vt 0.85113 0.219766
vt 0.8525 0.219688
vt 0.852386 0.219801
vt 0.85113 0.219766
vt 0.854026 0.219616
vt 0.853968 0.219773
vt 0.8525 0.219688
vt 0.858719 0.219759
vt 0.860392 0.219616
vt 0.860984 0.219739
vt 0.873733 0.219766
vt 0.876118 0.219616
vt 0.875991 0.219746
vt 0.860984 0.219739
vt 0.859961 0.219806
vt 0.858719 0.219759
vt 0.863155 0.219629
vt 0.862878 0.219822
vt 0.860984 0.219739
vt 0.863155 0.219629
vt 0.866905 0.219618
vt 0.864852 0.219742
vt 0.866905 0.219618
vt 0.871256 0.219618
vt 0.867818 0.219716
vt 0.871256 0.219618
vt 0.872183 0.219765
vt 0.870491 0.21976
vt 0.871256 0.219618
vt 0.873733 0.219766
vt 0.872183 0.219765
vt 0.882764 0.21962
vt 0.885877 0.219809
vt 0.882493 0.219805
vt 0.875991 0.219746
vt 0.879088 0.219645
vt 0.877863 0.219833
vt 0.880127 0.219767
vt 0.882764 0.21962
vt 0.882493 0.219805
vt 0.886007 0.219653
vt 0.888667 0.219822
vt 0.885877 0.219809
vt 0.88944 0.219617
vt 0.889969 0.219747
vt 0.886007 0.219653
vt 0.892015 0.219766
vt 0.88944 0.219617
vt 0.894118 0.219646
vt 0.89592 0.219616
vt 0.898451 0.219766
vt 0.896804 0.21976
vt 0.892015 0.219766
vt 0.894118 0.219646
vt 0.89434 0.219798
vt 0.912086 0.219767
vt 0.913355 0.219616
vt 0.913081 0.219773
vt 0.899367 0.219645
vt 0.900088 0.219812
vt 0.898451 0.219766
vt 0.902037 0.219616
vt 0.901547 0.219766
vt 0.899367 0.219645
vt 0.902037 0.219616
vt 0.903007 0.219763
vt 0.901547 0.219766
vt 0.903007 0.219763
vt 0.90502 0.219653
vt 0.90479 0.219806
vt 0.90502 0.219653
vt 0.908649 0.219619
vt 0.906933 0.21977
vt 0.906933 0.21977
vt 0.908649 0.219619
vt 0.909122 0.219806
vt 0.910538 0.219619
vt 0.910919 0.219767
vt 0.908649 0.219619
vt 0.910538 0.219619
vt 0.912086 0.219767
vt 0.910919 0.219767
vt 0.9166 0.219616
vt 0.917622 0.219766
vt 0.916819 0.219766
vt 0.913081 0.219773
vt 0.914586 0.219653
vt 0.914526 0.219798
vt 0.914586 0.219653
vt 0.9166 0.219616
vt 0.91593 0.21976
vt 0.9166 0.219616
vt 0.916819 0.219766
vt 0.91593 0.21976
vt 0.845003 0.219815
vt 0.845148 0.219653
vt 0.845041 0.219822
vt 0.918447 0.219645
vt 0.918648 0.219807
vt 0.917622 0.219766
vt 0.848518 0.219617
vt 0.851311 0.219617
vt 0.849681 0.219643
vt 0.918648 0.219807
vt 0.919634 0.219652
vt 0.919701 0.219809
vt 0.854026 0.219616
vt 0.860392 0.219616
vt 0.857005 0.219628
vt 0.866764 0.219794
vt 0.867818 0.219716
vt 0.869016 0.219809
vt 0.876118 0.219616
vt 0.882764 0.21962
vt 0.879088 0.219645
vt 0.88944 0.219617
vt 0.89592 0.219616
vt 0.894118 0.219646
vt 0.902037 0.219616
vt 0.908649 0.219619
vt 0.90502 0.219653
vt 0.918447 0.219645
vt 0.9166 0.219616
vt 0.919693 0.219623
vt 0.856341 0.21963
vt 0.85443 0.219817
vt 0.856899 0.219819
vt 0.845146 0.219629
vt 0.845047 0.219818
vt 0.845173 0.219758
vt 0.845429 0.219617
vt 0.845173 0.219758
vt 0.845431 0.219738
vt 0.845927 0.219645
vt 0.846365 0.219723
vt 0.846692 0.219616
vt 0.846365 0.219723
vt 0.847289 0.219652
vt 0.846692 0.219616
vt 0.846365 0.219723
vt 0.846688 0.219827
vt 0.847289 0.219652
vt 0.846688 0.219827
vt 0.847626 0.219808
vt 0.847289 0.219652
vt 0.848358 0.219688
vt 0.847626 0.219808
vt 0.848874 0.219813
vt 0.849219 0.219616
vt 0.848358 0.219688
vt 0.849906 0.219736
vt 0.849906 0.219736
vt 0.851062 0.219822
vt 0.851124 0.219628
vt 0.852513 0.219748
vt 0.85463 0.219696
vt 0.853649 0.219617
vt 0.852513 0.219748
vt 0.85443 0.219817
vt 0.85463 0.219696
vt 0.868036 0.219799
vt 0.865507 0.219648
vt 0.865028 0.21983
vt 0.858233 0.219649
vt 0.856899 0.219819
vt 0.859456 0.219796
vt 0.858233 0.219649
vt 0.861009 0.219738
vt 0.86039 0.219616
vt 0.861009 0.219738
vt 0.862741 0.219811
vt 0.863708 0.219627
vt 0.862741 0.219811
vt 0.865028 0.21983
vt 0.863708 0.219627
vt 0.87124 0.219818
vt 0.868298 0.21962
vt 0.868036 0.219799
vt 0.877743 0.219696
vt 0.87526 0.219822
vt 0.877955 0.21982
vt 0.874121 0.219727
vt 0.877743 0.219696
vt 0.876116 0.21962
vt 0.881047 0.219798
vt 0.877743 0.219696
vt 0.877955 0.21982
vt 0.879729 0.219616
vt 0.877743 0.219696
vt 0.881512 0.219622
vt 0.900528 0.219616
vt 0.898357 0.219765
vt 0.899942 0.219749
vt 0.881512 0.219622
vt 0.881047 0.219798
vt 0.883679 0.219759
vt 0.883679 0.219759
vt 0.88642 0.219816
vt 0.886007 0.219653
vt 0.886007 0.219653
vt 0.889459 0.219754
vt 0.890139 0.219617
vt 0.890139 0.219617
vt 0.889459 0.219754
vt 0.892217 0.219746
vt 0.894442 0.219617
vt 0.892217 0.219746
vt 0.896227 0.21974
vt 0.896227 0.21974
vt 0.898357 0.219765
vt 0.897493 0.219616
vt 0.908877 0.219624
vt 0.90704 0.21982
vt 0.909154 0.219803
vt 0.899942 0.219749
vt 0.90125 0.21976
vt 0.900528 0.219616
vt 0.90125 0.21976
vt 0.903336 0.219814
vt 0.903522 0.219658
vt 0.903522 0.219658
vt 0.903336 0.219814
vt 0.905898 0.219746
vt 0.906316 0.219617
vt 0.905898 0.219746
vt 0.908877 0.219624
vt 0.911187 0.219622
vt 0.909154 0.219803
vt 0.911425 0.219801
vt 0.912981 0.219659
vt 0.911425 0.219801
vt 0.913575 0.219826
vt 0.917854 0.219622
vt 0.916889 0.219826
vt 0.918173 0.21981
vt 0.914585 0.219688
vt 0.913575 0.219826
vt 0.915537 0.219792
vt 0.914822 0.219616
vt 0.914585 0.219688
vt 0.916362 0.219649
vt 0.915537 0.219792
vt 0.916889 0.219826
vt 0.916362 0.219649
vt 0.918947 0.219653
vt 0.918173 0.21981
vt 0.919178 0.219815
vt 0.91971 0.219624
vt 0.918947 0.219653
vt 0.919633 0.219652
vt 0.846692 0.219616
vt 0.845429 0.219617
vt 0.845927 0.219645
vt 0.847289 0.219652
vt 0.849219 0.219616
vt 0.846692 0.219616
vt 0.858233 0.219649
vt 0.86039 0.219616
vt 0.856341 0.21963
vt 0.865507 0.219648
vt 0.868298 0.21962
vt 0.863708 0.219627
vt 0.903522 0.219658
vt 0.906316 0.219617
vt 0.900528 0.219616
vt 0.919178 0.219815
vt 0.919633 0.219652
vt 0.918947 0.219653
vt 0.919701 0.219809
vt 0.919806 0.21969
vt 0.919831 0.219808
vt 0.919806 0.21969
vt 0.919716 0.219808
vt 0.919862 0.219803
vt 0.939702 0.219866
vt 0.925446 0.219634
vt 0.925398 0.219796
vt 0.919634 0.219652
vt 0.919693 0.219623
vt 0.919806 0.21969
vt 0.946563 0.219802
vt 0.925373 0.2198
vt 0.92547 0.21969
vt 0.94603 0.219799
vt 0.940421 0.219683
vt 0.939702 0.219866
vt 0.940421 0.219683
vt 0.946472 0.219693
vt 0.946632 0.219622
vt 0.946472 0.219693
vt 0.94723 0.219839
vt 0.947499 0.219662
vt 0.94603 0.219799
vt 0.946748 0.219846
vt 0.946472 0.219693
vt 0.948168 0.219633
vt 0.947685 0.219837
vt 0.948227 0.219832
vt 0.94723 0.219839
vt 0.947685 0.219837
vt 0.947499 0.219662
vt 0.948792 0.219833
vt 0.948168 0.219633
vt 0.948227 0.219832
vt 0.950838 0.219654
vt 0.951184 0.219834
vt 0.950855 0.219827
vt 0.949019 0.219635
vt 0.948792 0.219833
vt 0.949477 0.219831
vt 0.950066 0.21962
vt 0.949978 0.219748
vt 0.950619 0.219652
vt 0.950619 0.219652
vt 0.950459 0.219824
vt 0.950944 0.219821
vt 0.951027 0.21963
vt 0.950944 0.219821
vt 0.951277 0.219818
vt 0.951277 0.219653
vt 0.951277 0.219818
vt 0.951459 0.219816
vt 0.951351 0.219628
vt 0.951459 0.219816
vt 0.951488 0.219807
vt 0.951488 0.219807
vt 0.951399 0.21982
vt 0.951348 0.219651
vt 0.951399 0.21982
vt 0.951184 0.219834
vt 0.951133 0.21963
vt 0.950351 0.219637
vt 0.950855 0.219827
vt 0.950411 0.219816
vt 0.947972 0.219624
vt 0.948707 0.219798
vt 0.947914 0.219705
vt 0.950351 0.219637
vt 0.949917 0.219786
vt 0.949382 0.219631
vt 0.949917 0.219786
vt 0.94941 0.219821
vt 0.949382 0.219631
vt 0.946563 0.219802
vt 0.946943 0.219621
vt 0.947426 0.219837
vt 0.948707 0.219798
vt 0.948044 0.219824
vt 0.947914 0.219705
vt 0.948044 0.219824
vt 0.947426 0.219837
vt 0.947914 0.219705
vt 0.94646 0.219692
vt 0.92543 0.219616
vt 0.946943 0.219621
vt 0.944758 0.219881
vt 0.94603 0.219799
vt 0.939702 0.219866
vt 0.921817 0.223579
vt 0.921608 0.219802
vt 0.921602 0.223507
vt 0.919698 0.223501
vt 0.919832 0.2235
vt 0.919716 0.219808
vt 0.921608 0.219802
vt 0.919832 0.2235
vt 0.921602 0.223507
vt 0.92214 0.22351
vt 0.921831 0.219726
vt 0.921817 0.223579
vt 0.922494 0.223549
vt 0.922354 0.219798
vt 0.922289 0.223578
vt 0.922354 0.219798
vt 0.92214 0.22351
vt 0.922289 0.223578
vt 0.9225 0.219756
vt 0.922898 0.223493
vt 0.922923 0.219813
vt 0.923327 0.223505
vt 0.922923 0.219813
vt 0.922898 0.223493
vt 0.923628 0.219798
vt 0.923327 0.223505
vt 0.923627 0.223508
vt 0.924017 0.2198
vt 0.923627 0.223508
vt 0.924053 0.223509
vt 0.925395 0.22351
vt 0.924844 0.21976
vt 0.924884 0.223549
vt 0.924388 0.219752
vt 0.924053 0.223509
vt 0.924391 0.223559
vt 0.924844 0.21976
vt 0.924391 0.223559
vt 0.924884 0.223549
vt 0.919831 0.219808
vt 0.9197 0.223497
vt 0.919701 0.219809
vt 0.945404 0.222757
vt 0.945552 0.223277
vt 0.946473 0.222742
vt 0.919831 0.219808
vt 0.921595 0.2235
vt 0.91983 0.2235
vt 0.922145 0.219804
vt 0.922191 0.223577
vt 0.921836 0.223569
vt 0.922506 0.223542
vt 0.922923 0.219816
vt 0.922905 0.223496
vt 0.921611 0.219813
vt 0.921831 0.219726
vt 0.921836 0.223569
vt 0.922145 0.219804
vt 0.921836 0.223569
vt 0.921831 0.219726
vt 0.922491 0.219759
vt 0.922353 0.223498
vt 0.9223 0.219728
vt 0.923628 0.223503
vt 0.92333 0.223496
vt 0.923475 0.219799
vt 0.923807 0.219801
vt 0.923628 0.223503
vt 0.923475 0.219799
vt 0.92423 0.219754
vt 0.924078 0.223511
vt 0.923807 0.219801
vt 0.94805 0.223386
vt 0.948604 0.223078
vt 0.947641 0.223289
vt 0.94805 0.223386
vt 0.948955 0.223087
vt 0.948604 0.223078
vt 0.94855 0.223391
vt 0.949045 0.223197
vt 0.948955 0.223087
vt 0.948411 0.223301
vt 0.947421 0.223371
vt 0.947994 0.223174
vt 0.943723 0.223607
vt 0.945404 0.222757
vt 0.944225 0.222976
vt 0.94786 0.22279
vt 0.947641 0.223289
vt 0.948521 0.222819
vt 0.94708 0.223278
vt 0.94786 0.22279
vt 0.946596 0.223143
vt 0.948379 0.222949
vt 0.948411 0.223301
vt 0.947994 0.223174
vt 0.949045 0.223197
vt 0.949481 0.222976
vt 0.948955 0.223087
vt 0.949261 0.223091
vt 0.948411 0.223301
vt 0.949089 0.222973
vt 0.947852 0.222783
vt 0.947994 0.223174
vt 0.946928 0.223267
vt 0.94716 0.222766
vt 0.946928 0.223267
vt 0.946349 0.223244
vt 0.949396 0.222553
vt 0.948955 0.223087
vt 0.949773 0.222564
vt 0.946596 0.223143
vt 0.947473 0.2225
vt 0.946473 0.222742
vt 0.946596 0.223143
vt 0.94786 0.22279
vt 0.947473 0.2225
vt 0.948604 0.223078
vt 0.949396 0.222553
vt 0.948521 0.222819
vt 0.949773 0.222564
vt 0.949481 0.222976
vt 0.949898 0.222718
vt 0.949868 0.222729
vt 0.949481 0.222976
vt 0.949261 0.223091
vt 0.94949 0.222715
vt 0.949261 0.223091
vt 0.949089 0.222973
vt 0.948748 0.222689
vt 0.949089 0.222973
vt 0.948379 0.222949
vt 0.946098 0.222389
vt 0.945993 0.223082
vt 0.945027 0.223193
vt 0.94716 0.222766
vt 0.945993 0.223082
vt 0.946774 0.222451
vt 0.948317 0.222373
vt 0.948521 0.222819
vt 0.949169 0.222208
vt 0.946473 0.222742
vt 0.947308 0.222183
vt 0.946689 0.222187
vt 0.94786 0.22279
vt 0.948317 0.222373
vt 0.947473 0.2225
vt 0.950257 0.222433
vt 0.949898 0.222718
vt 0.949868 0.222729
vt 0.949898 0.222718
vt 0.950286 0.222421
vt 0.949773 0.222564
vt 0.949863 0.222419
vt 0.949868 0.222729
vt 0.94949 0.222715
vt 0.949506 0.222225
vt 0.94949 0.222715
vt 0.948748 0.222689
vt 0.947726 0.222171
vt 0.947852 0.222783
vt 0.94716 0.222766
vt 0.948748 0.222689
vt 0.947852 0.222783
vt 0.948613 0.222371
vt 0.947987 0.22184
vt 0.948317 0.222373
vt 0.948652 0.22185
vt 0.946098 0.222389
vt 0.944936 0.222888
vt 0.945784 0.221931
vt 0.945404 0.222757
vt 0.946659 0.221611
vt 0.945322 0.222184
vt 0.947473 0.2225
vt 0.947987 0.22184
vt 0.947308 0.222183
vt 0.949877 0.222076
vt 0.949773 0.222564
vt 0.95027 0.222087
vt 0.948317 0.222373
vt 0.949169 0.222208
vt 0.948652 0.22185
vt 0.949396 0.222553
vt 0.949877 0.222076
vt 0.949169 0.222208
vt 0.95027 0.222087
vt 0.950286 0.222421
vt 0.950634 0.222082
vt 0.950607 0.222095
vt 0.950286 0.222421
vt 0.950257 0.222433
vt 0.950198 0.222083
vt 0.950257 0.222433
vt 0.949863 0.222419
vt 0.949529 0.221683
vt 0.949877 0.222076
vt 0.950155 0.221697
vt 0.949506 0.222225
vt 0.948613 0.222371
vt 0.949287 0.221861
vt 0.947726 0.222171
vt 0.946774 0.222451
vt 0.9474 0.221683
vt 0.945784 0.221931
vt 0.944462 0.222863
vt 0.945689 0.221455
vt 0.945689 0.221455
vt 0.94322 0.223438
vt 0.945459 0.220763
vt 0.946659 0.221611
vt 0.946645 0.221064
vt 0.945322 0.222184
vt 0.946689 0.222187
vt 0.9475 0.221503
vt 0.946659 0.221611
vt 0.949169 0.222208
vt 0.949529 0.221683
vt 0.948652 0.22185
vt 0.950155 0.221697
vt 0.95027 0.222087
vt 0.950559 0.221707
vt 0.95027 0.222087
vt 0.950823 0.221713
vt 0.950559 0.221707
vt 0.950951 0.221707
vt 0.950607 0.222095
vt 0.950904 0.221714
vt 0.950634 0.222082
vt 0.950951 0.221707
vt 0.950823 0.221713
vt 0.950482 0.221703
vt 0.950607 0.222095
vt 0.950198 0.222083
vt 0.950013 0.221497
vt 0.950198 0.222083
vt 0.949506 0.222225
vt 0.944758 0.219881
vt 0.944225 0.222976
vt 0.94603 0.219799
vt 0.948723 0.221843
vt 0.947726 0.222171
vt 0.948126 0.221458
vt 0.9474 0.221683
vt 0.946098 0.222389
vt 0.946956 0.221494
vt 0.948352 0.221043
vt 0.948652 0.22185
vt 0.949051 0.221048
vt 0.947987 0.22184
vt 0.948352 0.221043
vt 0.9475 0.221503
vt 0.949051 0.221048
vt 0.949529 0.221683
vt 0.949732 0.221266
vt 0.949732 0.221266
vt 0.950155 0.221697
vt 0.950373 0.221276
vt 0.950373 0.221276
vt 0.950559 0.221707
vt 0.950786 0.221283
vt 0.950786 0.221283
vt 0.950823 0.221713
vt 0.951057 0.221287
vt 0.951057 0.221287
vt 0.950951 0.221707
vt 0.951187 0.221279
vt 0.95114 0.221288
vt 0.950951 0.221707
vt 0.950904 0.221714
vt 0.950706 0.221281
vt 0.950904 0.221714
vt 0.950482 0.221703
vt 0.94603 0.219799
vt 0.945322 0.222184
vt 0.946748 0.219846
vt 0.950013 0.221497
vt 0.949287 0.221861
vt 0.94934 0.22125
vt 0.949287 0.221861
vt 0.948723 0.221843
vt 0.94934 0.22125
vt 0.947141 0.220667
vt 0.9474 0.221683
vt 0.946956 0.221494
vt 0.946659 0.221611
vt 0.947434 0.220624
vt 0.946645 0.221064
vt 0.9475 0.221503
vt 0.947959 0.220597
vt 0.947434 0.220624
vt 0.949732 0.221266
vt 0.949957 0.220586
vt 0.949051 0.221048
vt 0.949732 0.221266
vt 0.95042 0.220822
vt 0.949957 0.220586
vt 0.950373 0.221276
vt 0.950872 0.220826
vt 0.95042 0.220822
vt 0.950786 0.221283
vt 0.951179 0.220829
vt 0.950872 0.220826
vt 0.951057 0.221287
vt 0.951338 0.22083
vt 0.951179 0.220829
vt 0.951187 0.221279
vt 0.951334 0.22083
vt 0.951338 0.22083
vt 0.951187 0.221279
vt 0.95114 0.221288
vt 0.951334 0.22083
vt 0.95114 0.221288
vt 0.950706 0.221281
vt 0.950956 0.220826
vt 0.950706 0.221281
vt 0.950013 0.221497
vt 0.950451 0.220592
vt 0.950013 0.221497
vt 0.94934 0.22125
vt 0.949939 0.22059
vt 0.94934 0.22125
vt 0.948126 0.221458
vt 0.948728 0.220589
vt 0.948126 0.221458
vt 0.9474 0.221683
vt 0.948016 0.220568
vt 0.951334 0.22083
vt 0.951167 0.220352
vt 0.951421 0.220353
vt 0.947959 0.220597
vt 0.948352 0.221043
vt 0.948586 0.220347
vt 0.948352 0.221043
vt 0.949051 0.221048
vt 0.948586 0.220347
vt 0.949051 0.221048
vt 0.949957 0.220586
vt 0.949422 0.220351
vt 0.95042 0.220822
vt 0.950872 0.220826
vt 0.950618 0.220352
vt 0.950872 0.220826
vt 0.951179 0.220829
vt 0.951046 0.220352
vt 0.951179 0.220829
vt 0.951338 0.22083
vt 0.951326 0.220352
vt 0.951338 0.22083
vt 0.951334 0.22083
vt 0.951453 0.220365
vt 0.951334 0.22083
vt 0.951421 0.220353
vt 0.951453 0.220365
vt 0.948792 0.219833
vt 0.949422 0.220351
vt 0.949477 0.219831
vt 0.950956 0.220826
vt 0.950863 0.220352
vt 0.951167 0.220352
vt 0.945689 0.221455
vt 0.945459 0.220763
vt 0.946563 0.219802
vt 0.946748 0.219846
vt 0.946645 0.221064
vt 0.94723 0.219839
vt 0.946645 0.221064
vt 0.947434 0.220624
vt 0.94723 0.219839
vt 0.947959 0.220597
vt 0.948586 0.220347
vt 0.948227 0.219832
vt 0.947434 0.220624
vt 0.947959 0.220597
vt 0.947685 0.219837
vt 0.951167 0.220352
vt 0.951399 0.21982
vt 0.951421 0.220353
vt 0.949957 0.220586
vt 0.950618 0.220352
vt 0.950459 0.219824
vt 0.949422 0.220351
vt 0.949957 0.220586
vt 0.949477 0.219831
vt 0.950618 0.220352
vt 0.951046 0.220352
vt 0.950944 0.219821
vt 0.951046 0.220352
vt 0.951326 0.220352
vt 0.951277 0.219818
vt 0.951326 0.220352
vt 0.951453 0.220365
vt 0.951459 0.219816
vt 0.951488 0.219807
vt 0.951453 0.220365
vt 0.951421 0.220353
vt 0.950863 0.220352
vt 0.951184 0.219834
vt 0.951167 0.220352
vt 0.949439 0.220587
vt 0.949917 0.219786
vt 0.949939 0.22059
vt 0.949939 0.22059
vt 0.950411 0.219816
vt 0.950451 0.220592
vt 0.948728 0.220589
vt 0.94941 0.219821
vt 0.949439 0.220587
vt 0.950855 0.219827
vt 0.950863 0.220352
vt 0.950451 0.220592
vt 0.948016 0.220568
vt 0.948707 0.219798
vt 0.948728 0.220589
vt 0.947426 0.219837
vt 0.948016 0.220568
vt 0.947141 0.220667
vt 0.87229 0.21429
vt 0.870974 0.21429
vt 0.870864 0.21429
vt 0.870974 0.21429
vt 0.872974 0.21429
vt 0.873775 0.21429
vt 0.870974 0.21429
vt 0.87229 0.21429
vt 0.872974 0.21429
vt 0.870864 0.21429
vt 0.871485 0.21429
vt 0.87229 0.21429
vt 0.878031 0.234087
vt 0.878357 0.233967
vt 0.876796 0.233961
vt 0.875682 0.21429
vt 0.873775 0.21429
vt 0.874682 0.21429
vt 0.880826 0.21429
vt 0.870974 0.21429
vt 0.873775 0.21429
vt 0.875682 0.21429
vt 0.876757 0.21429
vt 0.880826 0.21429
vt 0.880826 0.21429
vt 0.876757 0.21429
vt 0.879058 0.21429
vt 0.877889 0.21429
vt 0.879058 0.21429
vt 0.876757 0.21429
vt 0.873775 0.21429
vt 0.875682 0.21429
vt 0.880826 0.21429
vt 0.880826 0.21429
vt 0.893941 0.21429
vt 0.875682 0.21429
vt 0.870705 0.21429
vt 0.870864 0.21429
vt 0.870974 0.21429
vt 0.880826 0.21429
vt 0.872617 0.21429
vt 0.870974 0.21429
vt 0.871994 0.21429
vt 0.871497 0.21429
vt 0.870974 0.21429
vt 0.872617 0.21429
vt 0.871994 0.21429
vt 0.870974 0.21429
vt 0.872617 0.21429
vt 0.875682 0.21429
vt 0.873559 0.21429
vt 0.880826 0.21429
vt 0.876757 0.21429
vt 0.885497 0.21429
vt 0.873559 0.21429
vt 0.875682 0.21429
vt 0.874682 0.21429
vt 0.876757 0.21429
vt 0.879058 0.21429
vt 0.877889 0.21429
vt 0.876757 0.21429
vt 0.880826 0.21429
vt 0.879058 0.21429
vt 0.885497 0.21429
vt 0.876757 0.21429
vt 0.875682 0.21429
vt 0.872617 0.21429
vt 0.880826 0.21429
vt 0.875682 0.21429
vt 0.880826 0.21429
vt 0.883167 0.21429
vt 0.885497 0.21429
vt 0.893941 0.21429
vt 0.880826 0.21429
vt 0.885497 0.21429
vt 0.889597 0.21429
vt 0.885497 0.21429
vt 0.887869 0.21429
vt 0.889597 0.21429
vt 0.890703 0.21429
vt 0.885497 0.21429
vt 0.885497 0.21429
vt 0.891995 0.21429
vt 0.893941 0.21429
vt 0.891995 0.21429
vt 0.885497 0.21429
vt 0.890703 0.21429
vt 0.893941 0.21429
vt 0.891995 0.21429
vt 0.89314 0.21429
vt 0.875682 0.21429
vt 0.893941 0.21429
vt 0.894624 0.21429
vt 0.894298 0.21429
vt 0.875682 0.21429
vt 0.894624 0.21429
vt 0.896209 0.21429
vt 0.895429 0.21429
vt 0.89605 0.21429
vt 0.894624 0.21429
vt 0.896209 0.21429
vt 0.89594 0.21429
vt 0.895429 0.21429
vt 0.896209 0.21429
vt 0.894624 0.21429
vt 0.888444 0.21429
vt 0.890703 0.21429
vt 0.889597 0.21429
vt 0.890703 0.21429
vt 0.892699 0.21429
vt 0.891743 0.21429
vt 0.888444 0.21429
vt 0.887264 0.21429
vt 0.890703 0.21429
vt 0.875682 0.21429
vt 0.890703 0.21429
vt 0.885497 0.21429
vt 0.885497 0.21429
vt 0.890703 0.21429
vt 0.887264 0.21429
vt 0.885497 0.21429
vt 0.883167 0.21429
vt 0.880826 0.21429
vt 0.89492 0.21429
vt 0.89594 0.21429
vt 0.895417 0.21429
vt 0.890703 0.21429
vt 0.875682 0.21429
vt 0.894298 0.21429
vt 0.893554 0.21429
vt 0.892699 0.21429
vt 0.890703 0.21429
vt 0.893554 0.21429
vt 0.890703 0.21429
vt 0.894298 0.21429
vt 0.89594 0.21429
vt 0.89492 0.21429
vt 0.894298 0.21429
vt 0.89594 0.21429
vt 0.894298 0.21429
vt 0.894624 0.21429
vt 0.880649 0.233035
vt 0.882858 0.233328
vt 0.883452 0.232999
vt 0.881098 0.234049
vt 0.882757 0.234216
vt 0.883404 0.234047
vt 0.880649 0.233035
vt 0.880486 0.233479
vt 0.882858 0.233328
vt 0.87819 0.233079
vt 0.880486 0.233479
vt 0.880649 0.233035
vt 0.881098 0.234049
vt 0.880988 0.234181
vt 0.882757 0.234216
vt 0.882757 0.234216
vt 0.882479 0.234287
vt 0.884149 0.234277
vt 0.876164 0.233246
vt 0.876804 0.233484
vt 0.878501 0.2335
vt 0.880988 0.234181
vt 0.881069 0.234248
vt 0.882757 0.234216
vt 0.87965 0.234087
vt 0.880988 0.234181
vt 0.881098 0.234049
vt 0.876804 0.233484
vt 0.877817 0.233759
vt 0.878501 0.2335
vt 0.876164 0.233246
vt 0.875018 0.233465
vt 0.876804 0.233484
vt 0.873625 0.232884
vt 0.873827 0.233167
vt 0.875594 0.232993
vt 0.873827 0.233167
vt 0.876164 0.233246
vt 0.875594 0.232993
vt 0.872089 0.233134
vt 0.875018 0.233465
vt 0.873827 0.233167
vt 0.872089 0.233134
vt 0.873138 0.233492
vt 0.875018 0.233465
vt 0.873138 0.233492
vt 0.874838 0.233755
vt 0.8759 0.233749
vt 0.874838 0.233755
vt 0.876796 0.233961
vt 0.8759 0.233749
vt 0.870869 0.233168
vt 0.873138 0.233492
vt 0.872089 0.233134
vt 0.873138 0.233492
vt 0.872822 0.233648
vt 0.874838 0.233755
vt 0.869162 0.233038
vt 0.870869 0.233168
vt 0.869833 0.232881
vt 0.872822 0.233648
vt 0.874186 0.233808
vt 0.874838 0.233755
vt 0.869162 0.233038
vt 0.870669 0.233348
vt 0.870869 0.233168
vt 0.877644 0.234127
vt 0.87934 0.234181
vt 0.878031 0.234087
vt 0.879901 0.234239
vt 0.881298 0.234276
vt 0.881069 0.234248
vt 0.871059 0.233488
vt 0.872822 0.233648
vt 0.870669 0.233348
vt 0.872822 0.233648
vt 0.873268 0.233767
vt 0.874186 0.233808
vt 0.873268 0.233767
vt 0.875754 0.233971
vt 0.874186 0.233808
vt 0.873268 0.233767
vt 0.87528 0.233959
vt 0.875754 0.233971
vt 0.87528 0.233959
vt 0.877644 0.234127
vt 0.875754 0.233971
vt 0.881298 0.234276
vt 0.883129 0.234297
vt 0.882479 0.234287
vt 0.870029 0.233342
vt 0.871059 0.233488
vt 0.868534 0.233076
vt 0.872787 0.233688
vt 0.873268 0.233767
vt 0.871059 0.233488
vt 0.867854 0.232981
vt 0.869692 0.233241
vt 0.870029 0.233342
vt 0.869692 0.233241
vt 0.872787 0.233688
vt 0.870029 0.233342
vt 0.869692 0.233241
vt 0.872943 0.233632
vt 0.872787 0.233688
vt 0.87525 0.233871
vt 0.876703 0.234053
vt 0.87528 0.233959
vt 0.871211 0.233335
vt 0.872943 0.233632
vt 0.869692 0.233241
vt 0.879827 0.234186
vt 0.879901 0.234239
vt 0.878836 0.234185
vt 0.881913 0.234267
vt 0.881298 0.234276
vt 0.879901 0.234239
vt 0.881913 0.234267
vt 0.883129 0.234297
vt 0.881298 0.234276
vt 0.874619 0.233644
vt 0.876566 0.233869
vt 0.87525 0.233871
vt 0.876566 0.233869
vt 0.878046 0.234064
vt 0.87525 0.233871
vt 0.873987 0.233328
vt 0.874619 0.233644
vt 0.872309 0.23332
vt 0.876566 0.233869
vt 0.878941 0.233974
vt 0.878046 0.234064
vt 0.875915 0.233622
vt 0.876566 0.233869
vt 0.874619 0.233644
vt 0.878941 0.233974
vt 0.880422 0.234123
vt 0.878046 0.234064
vt 0.880422 0.234123
vt 0.879827 0.234186
vt 0.878046 0.234064
vt 0.879267 0.233756
vt 0.878941 0.233974
vt 0.877664 0.233754
vt 0.88291 0.234226
vt 0.881913 0.234267
vt 0.879827 0.234186
vt 0.875508 0.232979
vt 0.878155 0.233316
vt 0.875982 0.233334
vt 0.8773 0.233558
vt 0.879267 0.233756
vt 0.877664 0.233754
vt 0.877154 0.232965
vt 0.878155 0.233316
vt 0.875508 0.232979
vt 0.878155 0.233316
vt 0.879696 0.233554
vt 0.8773 0.233558
vt 0.879696 0.233554
vt 0.879267 0.233756
vt 0.8773 0.233558
vt 0.881271 0.234051
vt 0.883074 0.234129
vt 0.880422 0.234123
vt 0.880775 0.23334
vt 0.879696 0.233554
vt 0.878155 0.233316
vt 0.880775 0.23334
vt 0.88176 0.233628
vt 0.879696 0.233554
vt 0.882828 0.233966
vt 0.883074 0.234129
vt 0.881271 0.234051
vt 0.882169 0.232972
vt 0.883721 0.233235
vt 0.880775 0.23334
vt 0.883721 0.233235
vt 0.88176 0.233628
vt 0.880775 0.23334
vt 0.88176 0.233628
vt 0.884291 0.233759
vt 0.881157 0.233874
vt 0.884291 0.233759
vt 0.882828 0.233966
vt 0.881157 0.233874
vt 0.885076 0.233517
vt 0.884291 0.233759
vt 0.88176 0.233628
vt 0.88291 0.234226
vt 0.884755 0.234278
vt 0.881913 0.234267
vt 0.884755 0.234278
vt 0.883129 0.234297
vt 0.881913 0.234267
vt 0.885706 0.232957
vt 0.883721 0.233235
vt 0.882169 0.232972
vt 0.885706 0.232957
vt 0.886588 0.23332
vt 0.883721 0.233235
vt 0.886588 0.23332
vt 0.885076 0.233517
vt 0.883721 0.233235
vt 0.885541 0.234188
vt 0.88291 0.234226
vt 0.883074 0.234129
vt 0.886868 0.233748
vt 0.886046 0.23392
vt 0.884291 0.233759
vt 0.886588 0.23332
vt 0.888848 0.233495
vt 0.885076 0.233517
vt 0.888848 0.233495
vt 0.886868 0.233748
vt 0.885076 0.233517
vt 0.885541 0.234188
vt 0.885435 0.234249
vt 0.88291 0.234226
vt 0.886046 0.23392
vt 0.887321 0.23401
vt 0.884931 0.234043
vt 0.886528 0.234125
vt 0.885541 0.234188
vt 0.884931 0.234043
vt 0.890891 0.232976
vt 0.888696 0.233158
vt 0.889029 0.232692
vt 0.888848 0.233495
vt 0.888622 0.233744
vt 0.886868 0.233748
vt 0.891131 0.233335
vt 0.888848 0.233495
vt 0.888696 0.233158
vt 0.889039 0.233865
vt 0.887321 0.23401
vt 0.886046 0.23392
vt 0.893002 0.232688
vt 0.892599 0.233119
vt 0.890891 0.232976
vt 0.892599 0.233119
vt 0.891131 0.233335
vt 0.890891 0.232976
vt 0.89102 0.233628
vt 0.889039 0.233865
vt 0.888622 0.233744
vt 0.887321 0.23401
vt 0.88814 0.234087
vt 0.886528 0.234125
vt 0.894411 0.232883
vt 0.892599 0.233119
vt 0.893002 0.232688
vt 0.893798 0.233169
vt 0.891131 0.233335
vt 0.892599 0.233119
vt 0.894411 0.232883
vt 0.893798 0.233169
vt 0.892599 0.233119
vt 0.887513 0.234182
vt 0.885541 0.234188
vt 0.886528 0.234125
vt 0.892902 0.233486
vt 0.891833 0.233753
vt 0.89102 0.233628
vt 0.890413 0.233964
vt 0.88814 0.234087
vt 0.889419 0.233957
vt 0.894468 0.233328
vt 0.894525 0.233495
vt 0.892902 0.233486
vt 0.896035 0.232981
vt 0.896476 0.233177
vt 0.894468 0.233328
vt 0.892703 0.233766
vt 0.890413 0.233964
vt 0.891833 0.233753
vt 0.890413 0.233964
vt 0.890429 0.234024
vt 0.88814 0.234087
vt 0.890429 0.234024
vt 0.887513 0.234182
vt 0.88814 0.234087
vt 0.897519 0.232881
vt 0.896476 0.233177
vt 0.896035 0.232981
vt 0.896476 0.233177
vt 0.894525 0.233495
vt 0.894468 0.233328
vt 0.887513 0.234182
vt 0.88715 0.234233
vt 0.885435 0.234249
vt 0.88715 0.234233
vt 0.884755 0.234278
vt 0.885435 0.234249
vt 0.892703 0.233766
vt 0.890429 0.234024
vt 0.890413 0.233964
vt 0.895188 0.233553
vt 0.892703 0.233766
vt 0.894525 0.233495
vt 0.890429 0.234024
vt 0.889232 0.23413
vt 0.887513 0.234182
vt 0.893283 0.233801
vt 0.890429 0.234024
vt 0.892703 0.233766
vt 0.88715 0.234233
vt 0.885835 0.234266
vt 0.884755 0.234278
vt 0.891495 0.233968
vt 0.889232 0.23413
vt 0.890429 0.234024
vt 0.896516 0.233401
vt 0.895188 0.233553
vt 0.896907 0.233305
vt 0.896516 0.233401
vt 0.893626 0.233752
vt 0.893283 0.233801
vt 0.893626 0.233752
vt 0.891495 0.233968
vt 0.893283 0.233801
vt 0.891495 0.233968
vt 0.889344 0.234113
vt 0.889232 0.23413
vt 0.889344 0.234113
vt 0.88715 0.234233
vt 0.889232 0.23413
vt 0.899013 0.232991
vt 0.8981 0.233087
vt 0.896516 0.233401
vt 0.8981 0.233087
vt 0.895642 0.233473
vt 0.896516 0.233401
vt 0.895642 0.233473
vt 0.892626 0.233773
vt 0.893626 0.233752
vt 0.89857 0.232892
vt 0.896876 0.233145
vt 0.8981 0.233087
vt 0.887424 0.234185
vt 0.885835 0.234266
vt 0.88715 0.234233
vt 0.889173 0.234054
vt 0.887424 0.234185
vt 0.889344 0.234113
vt 0.890331 0.233867
vt 0.889173 0.234054
vt 0.890668 0.233968
vt 0.892843 0.233618
vt 0.890331 0.233867
vt 0.892626 0.233773
vt 0.891031 0.233692
vt 0.890331 0.233867
vt 0.892843 0.233618
vt 0.88792 0.234056
vt 0.887424 0.234185
vt 0.889173 0.234054
vt 0.884149 0.234277
vt 0.884477 0.234294
vt 0.885835 0.234266
vt 0.893523 0.233245
vt 0.894055 0.233409
vt 0.895468 0.233172
vt 0.893523 0.233245
vt 0.892085 0.233479
vt 0.894055 0.233409
vt 0.892085 0.233479
vt 0.892843 0.233618
vt 0.894055 0.233409
vt 0.888299 0.233917
vt 0.88792 0.234056
vt 0.890331 0.233867
vt 0.892986 0.232882
vt 0.892198 0.233143
vt 0.894827 0.232994
vt 0.892198 0.233143
vt 0.893523 0.233245
vt 0.894827 0.232994
vt 0.892198 0.233143
vt 0.892085 0.233479
vt 0.893523 0.233245
vt 0.891031 0.233692
vt 0.88871 0.233766
vt 0.890331 0.233867
vt 0.88559 0.234145
vt 0.884896 0.234229
vt 0.887424 0.234185
vt 0.884896 0.234229
vt 0.885835 0.234266
vt 0.887424 0.234185
vt 0.892198 0.233143
vt 0.890555 0.233481
vt 0.892085 0.233479
vt 0.890555 0.233481
vt 0.891031 0.233692
vt 0.892085 0.233479
vt 0.890555 0.233481
vt 0.88871 0.233766
vt 0.891031 0.233692
vt 0.890243 0.232971
vt 0.889898 0.233247
vt 0.892198 0.233143
vt 0.888667 0.233489
vt 0.886561 0.233635
vt 0.88871 0.233766
vt 0.88871 0.233766
vt 0.886199 0.233951
vt 0.888299 0.233917
vt 0.886561 0.233635
vt 0.886199 0.233951
vt 0.88871 0.233766
vt 0.888242 0.232983
vt 0.886117 0.233338
vt 0.889898 0.233247
vt 0.886117 0.233338
vt 0.888667 0.233489
vt 0.889898 0.233247
vt 0.886561 0.233635
vt 0.885072 0.233752
vt 0.886199 0.233951
vt 0.883265 0.233681
vt 0.885072 0.233752
vt 0.886561 0.233635
vt 0.883011 0.233934
vt 0.883404 0.234047
vt 0.886199 0.233951
vt 0.883129 0.234297
vt 0.884477 0.234294
vt 0.882479 0.234287
vt 0.882858 0.233328
vt 0.883265 0.233681
vt 0.886117 0.233338
vt 0.883404 0.234047
vt 0.882757 0.234216
vt 0.88559 0.234145
vt 0.882757 0.234216
vt 0.884149 0.234277
vt 0.884896 0.234229
vt 0.883452 0.232999
vt 0.883454 0.232664
vt 0.881984 0.232664
vt 0.880649 0.233035
vt 0.879758 0.232647
vt 0.878157 0.232661
vt 0.866684 0.232689
vt 0.867187 0.232663
vt 0.868807 0.232976
vt 0.880649 0.233035
vt 0.881984 0.232664
vt 0.879758 0.232647
vt 0.867187 0.232663
vt 0.868193 0.232678
vt 0.868807 0.232976
vt 0.87819 0.233079
vt 0.878157 0.232661
vt 0.876539 0.232664
vt 0.875594 0.232993
vt 0.876539 0.232664
vt 0.874581 0.232649
vt 0.875594 0.232993
vt 0.874581 0.232649
vt 0.873413 0.232647
vt 0.867854 0.232981
vt 0.866368 0.232685
vt 0.866345 0.232666
vt 0.880767 0.232664
vt 0.879445 0.232936
vt 0.878146 0.232663
vt 0.875016 0.232662
vt 0.876579 0.232665
vt 0.877154 0.232965
vt 0.878146 0.232663
vt 0.877154 0.232965
vt 0.876579 0.232665
vt 0.882169 0.232972
vt 0.882405 0.232647
vt 0.883804 0.232665
vt 0.882405 0.232647
vt 0.882169 0.232972
vt 0.880767 0.232664
vt 0.872079 0.232975
vt 0.870735 0.232665
vt 0.872236 0.232661
vt 0.872079 0.232975
vt 0.869534 0.232665
vt 0.870735 0.232665
vt 0.873633 0.232663
vt 0.875016 0.232662
vt 0.875508 0.232979
vt 0.872236 0.232661
vt 0.873633 0.232663
vt 0.873914 0.232977
vt 0.869833 0.232973
vt 0.868193 0.232678
vt 0.869534 0.232665
vt 0.880649 0.233035
vt 0.878157 0.232661
vt 0.87819 0.233079
vt 0.87234 0.232667
vt 0.873625 0.232884
vt 0.873413 0.232647
vt 0.881984 0.232664
vt 0.880649 0.233035
vt 0.883452 0.232999
vt 0.870332 0.232648
vt 0.871721 0.23288
vt 0.87234 0.232667
vt 0.868142 0.232646
vt 0.869833 0.232881
vt 0.86934 0.232669
vt 0.869162 0.233038
vt 0.868142 0.232646
vt 0.867579 0.232665
vt 0.86934 0.232669
vt 0.871721 0.23288
vt 0.870332 0.232648
vt 0.87819 0.233079
vt 0.876539 0.232664
vt 0.875594 0.232993
vt 0.875594 0.232993
vt 0.873413 0.232647
vt 0.873625 0.232884
vt 0.87234 0.232667
vt 0.871721 0.23288
vt 0.873625 0.232884
vt 0.86934 0.232669
vt 0.869833 0.232881
vt 0.871721 0.23288
vt 0.868142 0.232646
vt 0.869162 0.233038
vt 0.869833 0.232881
vt 0.869162 0.233038
vt 0.867579 0.232665
vt 0.867038 0.232646
vt 0.868534 0.233076
vt 0.866672 0.232647
vt 0.866404 0.23266
vt 0.866368 0.232685
vt 0.868534 0.233076
vt 0.866404 0.23266
vt 0.868534 0.233076
vt 0.869162 0.233038
vt 0.866672 0.232647
vt 0.867038 0.232646
vt 0.866672 0.232647
vt 0.869162 0.233038
vt 0.867854 0.232981
vt 0.866345 0.232666
vt 0.866684 0.232689
vt 0.868807 0.232976
vt 0.868193 0.232678
vt 0.869833 0.232973
vt 0.869833 0.232973
vt 0.869534 0.232665
vt 0.870936 0.232982
vt 0.872079 0.232975
vt 0.870936 0.232982
vt 0.869534 0.232665
vt 0.872079 0.232975
vt 0.872236 0.232661
vt 0.873914 0.232977
vt 0.875508 0.232979
vt 0.875016 0.232662
vt 0.877154 0.232965
vt 0.879445 0.232936
vt 0.877154 0.232965
vt 0.878146 0.232663
vt 0.882169 0.232972
vt 0.879445 0.232936
vt 0.880767 0.232664
vt 0.873914 0.232977
vt 0.873633 0.232663
vt 0.875508 0.232979
vt 0.882169 0.232972
vt 0.883804 0.232665
vt 0.885706 0.232957
vt 0.885706 0.232957
vt 0.883804 0.232665
vt 0.885075 0.232647
vt 0.89943 0.232666
vt 0.897519 0.232881
vt 0.898385 0.232664
vt 0.897519 0.232881
vt 0.896796 0.232663
vt 0.898385 0.232664
vt 0.900446 0.232664
vt 0.898989 0.232959
vt 0.900068 0.232665
vt 0.89943 0.232666
vt 0.900068 0.232665
vt 0.898367 0.232955
vt 0.890891 0.232976
vt 0.890833 0.232666
vt 0.893002 0.232688
vt 0.896796 0.232663
vt 0.896035 0.232981
vt 0.895733 0.232667
vt 0.894411 0.232883
vt 0.894671 0.232661
vt 0.895733 0.232667
vt 0.900446 0.232664
vt 0.900654 0.232658
vt 0.899013 0.232991
vt 0.900558 0.232663
vt 0.899013 0.232991
vt 0.900654 0.232658
vt 0.900558 0.232663
vt 0.900431 0.232647
vt 0.899013 0.232991
vt 0.8981 0.233087
vt 0.900431 0.232647
vt 0.899851 0.232668
vt 0.898942 0.232663
vt 0.89857 0.232892
vt 0.899851 0.232668
vt 0.898942 0.232663
vt 0.898025 0.232665
vt 0.897084 0.232883
vt 0.897084 0.232883
vt 0.898025 0.232665
vt 0.896843 0.232666
vt 0.895503 0.232678
vt 0.894827 0.232994
vt 0.896843 0.232666
vt 0.893594 0.232664
vt 0.892986 0.232882
vt 0.895503 0.232678
vt 0.889029 0.232692
vt 0.885706 0.232957
vt 0.886367 0.232665
vt 0.885706 0.232957
vt 0.885075 0.232647
vt 0.886367 0.232665
vt 0.890891 0.232976
vt 0.889029 0.232692
vt 0.890833 0.232666
vt 0.894411 0.232883
vt 0.893002 0.232688
vt 0.894671 0.232661
vt 0.896035 0.232981
vt 0.894411 0.232883
vt 0.895733 0.232667
vt 0.896035 0.232981
vt 0.896796 0.232663
vt 0.897519 0.232881
vt 0.898367 0.232955
vt 0.897519 0.232881
vt 0.89943 0.232666
vt 0.898989 0.232959
vt 0.898367 0.232955
vt 0.900068 0.232665
vt 0.900431 0.232647
vt 0.8981 0.233087
vt 0.899013 0.232991
vt 0.899851 0.232668
vt 0.89857 0.232892
vt 0.8981 0.233087
vt 0.899013 0.232991
vt 0.898989 0.232959
vt 0.900446 0.232664
vt 0.89857 0.232892
vt 0.898942 0.232663
vt 0.897084 0.232883
vt 0.890243 0.232971
vt 0.891751 0.232663
vt 0.890378 0.232664
vt 0.890378 0.232664
vt 0.888891 0.232657
vt 0.890243 0.232971
vt 0.888242 0.232983
vt 0.888891 0.232657
vt 0.887372 0.232665
vt 0.885729 0.232663
vt 0.885853 0.232974
vt 0.887372 0.232665
vt 0.885729 0.232663
vt 0.883454 0.232664
vt 0.883452 0.232999
vt 0.894827 0.232994
vt 0.897084 0.232883
vt 0.896843 0.232666
vt 0.894827 0.232994
vt 0.895503 0.232678
vt 0.892986 0.232882
vt 0.890243 0.232971
vt 0.892986 0.232882
vt 0.891751 0.232663
vt 0.888891 0.232657
vt 0.888242 0.232983
vt 0.890243 0.232971
vt 0.885729 0.232663
vt 0.883452 0.232999
vt 0.885853 0.232974
vt 0.885853 0.232974
vt 0.888242 0.232983
vt 0.887372 0.232665
vt 0.892986 0.232882
vt 0.893594 0.232664
vt 0.891751 0.232663
vt 0.868312 0.231482
vt 0.871852 0.231475
vt 0.869484 0.231483
vt 0.873812 0.231475
vt 0.869484 0.231483
vt 0.871852 0.231475
vt 0.871079 0.23148
vt 0.869484 0.231483
vt 0.873812 0.231475
vt 0.866322 0.231483
vt 0.870757 0.231475
vt 0.866916 0.231475
vt 0.870757 0.231475
vt 0.871852 0.231475
vt 0.866916 0.231475
vt 0.868312 0.231482
vt 0.866916 0.231475
vt 0.871852 0.231475
vt 0.870528 0.231469
vt 0.870757 0.231475
vt 0.866322 0.231483
vt 0.878542 0.23148
vt 0.874719 0.231475
vt 0.879455 0.231475
vt 0.878542 0.23148
vt 0.882441 0.231465
vt 0.882115 0.231483
vt 0.882441 0.231465
vt 0.884343 0.231484
vt 0.882115 0.231483
vt 0.876218 0.231475
vt 0.871079 0.23148
vt 0.873812 0.231475
vt 0.874719 0.231475
vt 0.871079 0.23148
vt 0.876218 0.231475
vt 0.879455 0.231475
vt 0.882441 0.231465
vt 0.878542 0.23148
vt 0.879455 0.231475
vt 0.874719 0.231475
vt 0.876218 0.231475
vt 0.866828 0.231483
vt 0.870552 0.231475
vt 0.866382 0.231481
vt 0.870528 0.231469
vt 0.866322 0.231483
vt 0.866382 0.231481
vt 0.870552 0.231475
vt 0.866828 0.231483
vt 0.871198 0.231475
vt 0.870528 0.231469
vt 0.866382 0.231481
vt 0.870552 0.231475
vt 0.872333 0.231467
vt 0.868211 0.231475
vt 0.869709 0.231483
vt 0.868211 0.231475
vt 0.871198 0.231475
vt 0.866828 0.231483
vt 0.872333 0.231467
vt 0.871198 0.231475
vt 0.868211 0.231475
vt 0.873812 0.231475
vt 0.869709 0.231483
vt 0.872427 0.23148
vt 0.873812 0.231475
vt 0.872427 0.23148
vt 0.876218 0.231475
vt 0.874305 0.231481
vt 0.879455 0.231475
vt 0.876218 0.231475
vt 0.880217 0.231486
vt 0.882822 0.231475
vt 0.879455 0.231475
vt 0.876218 0.231475
vt 0.872427 0.23148
vt 0.874305 0.231481
vt 0.879455 0.231475
vt 0.874305 0.231481
vt 0.877422 0.231482
vt 0.879455 0.231475
vt 0.877422 0.231482
vt 0.880217 0.231486
vt 0.882115 0.231482
vt 0.882822 0.231475
vt 0.880217 0.231486
vt 0.872333 0.231467
vt 0.869709 0.231483
vt 0.873812 0.231475
vt 0.885161 0.231465
vt 0.887834 0.231475
vt 0.884343 0.231484
vt 0.891646 0.231485
vt 0.887834 0.231475
vt 0.887848 0.231475
vt 0.893251 0.231482
vt 0.891646 0.231485
vt 0.88993 0.231465
vt 0.884343 0.231484
vt 0.882441 0.231465
vt 0.885161 0.231465
vt 0.887848 0.231475
vt 0.887834 0.231475
vt 0.885161 0.231465
vt 0.893251 0.231482
vt 0.88993 0.231465
vt 0.891847 0.231465
vt 0.891847 0.231465
vt 0.893801 0.231467
vt 0.897534 0.231475
vt 0.88993 0.231465
vt 0.891646 0.231485
vt 0.887848 0.231475
vt 0.893801 0.231467
vt 0.89523 0.231475
vt 0.897534 0.231475
vt 0.891847 0.231465
vt 0.897534 0.231475
vt 0.895142 0.231483
vt 0.893251 0.231482
vt 0.891847 0.231465
vt 0.895142 0.231483
vt 0.899347 0.231483
vt 0.897534 0.231475
vt 0.89523 0.231475
vt 0.900118 0.231482
vt 0.89523 0.231475
vt 0.896236 0.231475
vt 0.900534 0.231475
vt 0.896236 0.231475
vt 0.896368 0.231466
vt 0.900118 0.231482
vt 0.896236 0.231475
vt 0.900534 0.231475
vt 0.899347 0.231483
vt 0.89523 0.231475
vt 0.900118 0.231482
vt 0.88639 0.231475
vt 0.885161 0.231465
vt 0.882822 0.231475
vt 0.885161 0.231465
vt 0.88639 0.231475
vt 0.887848 0.231475
vt 0.890619 0.231475
vt 0.88993 0.231465
vt 0.887848 0.231475
vt 0.894164 0.231483
vt 0.892205 0.231475
vt 0.88993 0.231465
vt 0.882822 0.231475
vt 0.882115 0.231482
vt 0.88639 0.231475
vt 0.88639 0.231475
vt 0.890619 0.231475
vt 0.887848 0.231475
vt 0.88993 0.231465
vt 0.890619 0.231475
vt 0.894164 0.231483
vt 0.896506 0.231479
vt 0.893714 0.231465
vt 0.892205 0.231475
vt 0.900286 0.231481
vt 0.896368 0.231466
vt 0.895846 0.231465
vt 0.89994 0.231483
vt 0.895846 0.231465
vt 0.89523 0.231475
vt 0.896368 0.231466
vt 0.900286 0.231481
vt 0.900534 0.231475
vt 0.89994 0.231483
vt 0.900286 0.231481
vt 0.895846 0.231465
vt 0.89523 0.231475
vt 0.89855 0.231481
vt 0.89994 0.231483
vt 0.89523 0.231475
vt 0.893714 0.231465
vt 0.89855 0.231481
vt 0.894164 0.231483
vt 0.896506 0.231479
vt 0.892205 0.231475
vt 0.893714 0.231465
vt 0.896506 0.231479
vt 0.89855 0.231481
vt 0.8821 0.23248
vt 0.883312 0.231673
vt 0.881871 0.231694
vt 0.880322 0.23248
vt 0.881871 0.231694
vt 0.879851 0.231692
vt 0.879107 0.232482
vt 0.879851 0.231692
vt 0.878217 0.231731
vt 0.877098 0.232483
vt 0.877206 0.231623
vt 0.876021 0.231732
vt 0.875871 0.232481
vt 0.876021 0.231732
vt 0.87507 0.231674
vt 0.874535 0.232486
vt 0.87507 0.231674
vt 0.874096 0.231618
vt 0.873274 0.232482
vt 0.873423 0.231675
vt 0.872405 0.231619
vt 0.873274 0.232482
vt 0.874096 0.231618
vt 0.873423 0.231675
vt 0.877098 0.232483
vt 0.878217 0.231731
vt 0.877206 0.231623
vt 0.872185 0.23253
vt 0.872405 0.231619
vt 0.871633 0.231669
vt 0.871445 0.232487
vt 0.871633 0.231669
vt 0.870684 0.231698
vt 0.870387 0.23248
vt 0.870684 0.231698
vt 0.869361 0.231705
vt 0.868624 0.232481
vt 0.869361 0.231705
vt 0.868581 0.231676
vt 0.868084 0.232465
vt 0.868581 0.231676
vt 0.86792 0.231728
vt 0.867589 0.232486
vt 0.86792 0.231728
vt 0.867394 0.231677
vt 0.867297 0.232537
vt 0.867394 0.231677
vt 0.867021 0.231696
vt 0.866908 0.232488
vt 0.867021 0.231696
vt 0.866725 0.231672
vt 0.866581 0.232488
vt 0.866725 0.231672
vt 0.866472 0.231669
vt 0.866174 0.232485
vt 0.866184 0.231619
vt 0.866133 0.231681
vt 0.866174 0.232485
vt 0.866258 0.23173
vt 0.866184 0.231619
vt 0.866164 0.232488
vt 0.866133 0.231681
vt 0.866163 0.231681
vt 0.866164 0.232488
vt 0.866163 0.231681
vt 0.866234 0.231662
vt 0.866303 0.232485
vt 0.866234 0.231662
vt 0.866447 0.231677
vt 0.866784 0.232486
vt 0.866447 0.231677
vt 0.86678 0.231672
vt 0.867265 0.232487
vt 0.867051 0.231615
vt 0.867496 0.231668
vt 0.867763 0.23248
vt 0.867496 0.231668
vt 0.86786 0.23173
vt 0.866784 0.232486
vt 0.86678 0.231672
vt 0.867051 0.231615
vt 0.868312 0.232484
vt 0.86786 0.23173
vt 0.868571 0.231679
vt 0.868872 0.232484
vt 0.868571 0.231679
vt 0.869133 0.231695
vt 0.871211 0.232487
vt 0.870676 0.231676
vt 0.87159 0.231672
vt 0.870239 0.232429
vt 0.869936 0.231685
vt 0.870676 0.231676
vt 0.871982 0.232483
vt 0.87159 0.231672
vt 0.872592 0.231668
vt 0.873549 0.232485
vt 0.873392 0.231674
vt 0.87424 0.231696
vt 0.872712 0.23243
vt 0.872592 0.231668
vt 0.873392 0.231674
vt 0.875207 0.232485
vt 0.87424 0.231696
vt 0.875111 0.231621
vt 0.875207 0.232485
vt 0.875111 0.231621
vt 0.876213 0.231731
vt 0.878163 0.232482
vt 0.877418 0.231682
vt 0.878706 0.23173
vt 0.879506 0.232477
vt 0.878706 0.23173
vt 0.87984 0.231669
vt 0.877079 0.232484
vt 0.876213 0.231731
vt 0.877418 0.231682
vt 0.869456 0.232477
vt 0.869133 0.231695
vt 0.869936 0.231685
vt 0.866319 0.232464
vt 0.866472 0.231669
vt 0.866258 0.23173
vt 0.8821 0.23248
vt 0.88346 0.232545
vt 0.883312 0.231673
vt 0.8821 0.23248
vt 0.881871 0.231694
vt 0.880322 0.23248
vt 0.880322 0.23248
vt 0.879851 0.231692
vt 0.879107 0.232482
vt 0.879107 0.232482
vt 0.878217 0.231731
vt 0.878069 0.232499
vt 0.878069 0.232499
vt 0.878217 0.231731
vt 0.877098 0.232483
vt 0.876021 0.231732
vt 0.875871 0.232481
vt 0.877098 0.232483
vt 0.875871 0.232481
vt 0.87507 0.231674
vt 0.874535 0.232486
vt 0.866303 0.232485
vt 0.866447 0.231677
vt 0.86648 0.232485
vt 0.866784 0.232486
vt 0.86648 0.232485
vt 0.866447 0.231677
vt 0.866133 0.231681
vt 0.866164 0.232488
vt 0.866137 0.232488
vt 0.866234 0.231662
vt 0.866303 0.232485
vt 0.866164 0.232488
vt 0.867265 0.232487
vt 0.866784 0.232486
vt 0.867051 0.231615
vt 0.874535 0.232486
vt 0.874096 0.231618
vt 0.873274 0.232482
vt 0.872405 0.231619
vt 0.872185 0.23253
vt 0.873274 0.232482
vt 0.871633 0.231669
vt 0.871445 0.232487
vt 0.872185 0.23253
vt 0.870684 0.231698
vt 0.870387 0.23248
vt 0.871445 0.232487
vt 0.869335 0.232483
vt 0.870387 0.23248
vt 0.869361 0.231705
vt 0.869361 0.231705
vt 0.868624 0.232481
vt 0.869335 0.232483
vt 0.868581 0.231676
vt 0.868084 0.232465
vt 0.868624 0.232481
vt 0.866581 0.232488
vt 0.866472 0.231669
vt 0.866319 0.232464
vt 0.866174 0.232485
vt 0.866319 0.232464
vt 0.866258 0.23173
vt 0.867589 0.232486
vt 0.868084 0.232465
vt 0.86792 0.231728
vt 0.867297 0.232537
vt 0.867021 0.231696
vt 0.866908 0.232488
vt 0.867297 0.232537
vt 0.867589 0.232486
vt 0.867394 0.231677
vt 0.866581 0.232488
vt 0.866908 0.232488
vt 0.866725 0.231672
vt 0.866174 0.232485
vt 0.866133 0.231681
vt 0.866137 0.232488
vt 0.880677 0.232531
vt 0.87984 0.231669
vt 0.881189 0.231733
vt 0.87984 0.231669
vt 0.880677 0.232531
vt 0.879506 0.232477
vt 0.879506 0.232477
vt 0.878163 0.232482
vt 0.878706 0.23173
vt 0.876213 0.231731
vt 0.877079 0.232484
vt 0.876095 0.232477
vt 0.877079 0.232484
vt 0.877418 0.231682
vt 0.878163 0.232482
vt 0.876213 0.231731
vt 0.876095 0.232477
vt 0.875207 0.232485
vt 0.880677 0.232531
vt 0.881189 0.231733
vt 0.881738 0.232478
vt 0.881738 0.232478
vt 0.881189 0.231733
vt 0.882156 0.231665
vt 0.882947 0.23248
vt 0.882156 0.231665
vt 0.883393 0.231674
vt 0.882947 0.23248
vt 0.881738 0.232478
vt 0.882156 0.231665
vt 0.884638 0.232464
vt 0.883393 0.231674
vt 0.884892 0.231726
vt 0.884638 0.232464
vt 0.882947 0.23248
vt 0.883393 0.231674
vt 0.868571 0.231679
vt 0.868872 0.232484
vt 0.868312 0.232484
vt 0.868872 0.232484
vt 0.869133 0.231695
vt 0.869456 0.232477
vt 0.869936 0.231685
vt 0.870239 0.232429
vt 0.869456 0.232477
vt 0.867496 0.231668
vt 0.867763 0.23248
vt 0.867265 0.232487
vt 0.868312 0.232484
vt 0.867763 0.23248
vt 0.86786 0.23173
vt 0.873549 0.232485
vt 0.872712 0.23243
vt 0.873392 0.231674
vt 0.875207 0.232485
vt 0.874364 0.232534
vt 0.87424 0.231696
vt 0.874364 0.232534
vt 0.873549 0.232485
vt 0.87424 0.231696
vt 0.870239 0.232429
vt 0.870676 0.231676
vt 0.871211 0.232487
vt 0.871211 0.232487
vt 0.87159 0.231672
vt 0.871982 0.232483
vt 0.871982 0.232483
vt 0.872592 0.231668
vt 0.872712 0.23243
vt 0.884638 0.232464
vt 0.884892 0.231726
vt 0.885663 0.231673
vt 0.886142 0.232485
vt 0.885663 0.231673
vt 0.886783 0.231681
vt 0.889273 0.232488
vt 0.888049 0.231731
vt 0.889073 0.231693
vt 0.890313 0.232489
vt 0.889073 0.231693
vt 0.890312 0.231702
vt 0.887237 0.232485
vt 0.886783 0.231681
vt 0.888049 0.231731
vt 0.891527 0.232467
vt 0.890312 0.231702
vt 0.891248 0.23162
vt 0.891527 0.232467
vt 0.891248 0.23162
vt 0.892277 0.231729
vt 0.892754 0.232483
vt 0.892277 0.231729
vt 0.893492 0.231661
vt 0.893875 0.232483
vt 0.893492 0.231661
vt 0.894478 0.231696
vt 0.894897 0.232488
vt 0.894478 0.231696
vt 0.895796 0.231692
vt 0.89657 0.232482
vt 0.895796 0.231692
vt 0.896728 0.231728
vt 0.897459 0.232489
vt 0.896728 0.231728
vt 0.897445 0.231674
vt 0.897459 0.232489
vt 0.897445 0.231674
vt 0.898076 0.231701
vt 0.899309 0.232468
vt 0.89861 0.231619
vt 0.899281 0.23168
vt 0.898411 0.232486
vt 0.898076 0.231701
vt 0.89861 0.231619
vt 0.899309 0.232468
vt 0.899281 0.23168
vt 0.899912 0.231682
vt 0.899951 0.232479
vt 0.899912 0.231682
vt 0.900234 0.231671
vt 0.900594 0.232486
vt 0.900444 0.231695
vt 0.900621 0.231679
vt 0.900725 0.23246
vt 0.900621 0.231679
vt 0.900755 0.231731
vt 0.900334 0.232483
vt 0.900234 0.231671
vt 0.900444 0.231695
vt 0.900782 0.232463
vt 0.900755 0.231731
vt 0.900785 0.23173
vt 0.900728 0.232486
vt 0.900785 0.23173
vt 0.900655 0.231684
vt 0.900577 0.232484
vt 0.900655 0.231684
vt 0.900403 0.231622
vt 0.900314 0.232486
vt 0.900403 0.231622
vt 0.900132 0.231677
vt 0.900003 0.232481
vt 0.900132 0.231677
vt 0.899761 0.231621
vt 0.89949 0.232485
vt 0.899761 0.231621
vt 0.899329 0.23168
vt 0.89879 0.232491
vt 0.899329 0.23168
vt 0.898834 0.23167
vt 0.89879 0.232491
vt 0.898834 0.23167
vt 0.898334 0.231678
vt 0.898147 0.232485
vt 0.898334 0.231678
vt 0.89778 0.231731
vt 0.897494 0.232486
vt 0.89778 0.231731
vt 0.896752 0.231731
vt 0.895988 0.232462
vt 0.895912 0.231678
vt 0.8951 0.231678
vt 0.895988 0.232462
vt 0.896752 0.231731
vt 0.895912 0.231678
vt 0.89433 0.23254
vt 0.8951 0.231678
vt 0.894165 0.231677
vt 0.892043 0.232479
vt 0.893238 0.231622
vt 0.89237 0.231618
vt 0.893442 0.232485
vt 0.894165 0.231677
vt 0.893238 0.231622
vt 0.892043 0.232479
vt 0.89237 0.231618
vt 0.891458 0.231676
vt 0.890701 0.232489
vt 0.891458 0.231676
vt 0.890412 0.231618
vt 0.889737 0.232483
vt 0.890412 0.231618
vt 0.889295 0.23173
vt 0.88842 0.232481
vt 0.889295 0.23173
vt 0.887726 0.231681
vt 0.886734 0.23248
vt 0.887726 0.231681
vt 0.886317 0.231672
vt 0.899309 0.232468
vt 0.898411 0.232486
vt 0.89861 0.231619
vt 0.899951 0.232479
vt 0.899309 0.232468
vt 0.899912 0.231682
vt 0.897459 0.232489
vt 0.89657 0.232482
vt 0.896728 0.231728
vt 0.898411 0.232486
vt 0.897459 0.232489
vt 0.898076 0.231701
vt 0.900725 0.23246
vt 0.900755 0.231731
vt 0.900782 0.232463
vt 0.900725 0.23246
vt 0.900594 0.232486
vt 0.900621 0.231679
vt 0.900594 0.232486
vt 0.900334 0.232483
vt 0.900444 0.231695
vt 0.899951 0.232479
vt 0.900234 0.231671
vt 0.900334 0.232483
vt 0.889273 0.232488
vt 0.888298 0.232492
vt 0.888049 0.231731
vt 0.888298 0.232492
vt 0.887237 0.232485
vt 0.888049 0.231731
vt 0.890313 0.232489
vt 0.889273 0.232488
vt 0.889073 0.231693
vt 0.887237 0.232485
vt 0.886142 0.232485
vt 0.886783 0.231681
vt 0.884638 0.232464
vt 0.885663 0.231673
vt 0.886142 0.232485
vt 0.894897 0.232488
vt 0.893875 0.232483
vt 0.894478 0.231696
vt 0.895714 0.232481
vt 0.894897 0.232488
vt 0.895796 0.231692
vt 0.891527 0.232467
vt 0.890313 0.232489
vt 0.890312 0.231702
vt 0.892754 0.232483
vt 0.891527 0.232467
vt 0.892277 0.231729
vt 0.893875 0.232483
vt 0.892754 0.232483
vt 0.893492 0.231661
vt 0.89657 0.232482
vt 0.895714 0.232481
vt 0.895796 0.231692
vt 0.900577 0.232484
vt 0.900728 0.232486
vt 0.900655 0.231684
vt 0.900314 0.232486
vt 0.900577 0.232484
vt 0.900403 0.231622
vt 0.900003 0.232481
vt 0.900314 0.232486
vt 0.900132 0.231677
vt 0.89949 0.232485
vt 0.900003 0.232481
vt 0.899761 0.231621
vt 0.89879 0.232491
vt 0.89949 0.232485
vt 0.899329 0.23168
vt 0.89879 0.232491
vt 0.898334 0.231678
vt 0.898147 0.232485
vt 0.886317 0.231672
vt 0.884653 0.231674
vt 0.885214 0.232486
vt 0.884653 0.231674
vt 0.883312 0.231673
vt 0.884237 0.232489
vt 0.897494 0.232486
vt 0.898147 0.232485
vt 0.89778 0.231731
vt 0.897494 0.232486
vt 0.896752 0.231731
vt 0.896742 0.232489
vt 0.900728 0.232486
vt 0.900782 0.232463
vt 0.900785 0.23173
vt 0.895988 0.232462
vt 0.896742 0.232489
vt 0.896752 0.231731
vt 0.8952 0.232486
vt 0.895988 0.232462
vt 0.8951 0.231678
vt 0.89433 0.23254
vt 0.8952 0.232486
vt 0.8951 0.231678
vt 0.893442 0.232485
vt 0.89433 0.23254
vt 0.894165 0.231677
vt 0.892043 0.232479
vt 0.893442 0.232485
vt 0.893238 0.231622
vt 0.890701 0.232489
vt 0.892043 0.232479
vt 0.891458 0.231676
vt 0.889737 0.232483
vt 0.890701 0.232489
vt 0.890412 0.231618
vt 0.889737 0.232483
vt 0.889295 0.23173
vt 0.88842 0.232481
vt 0.886734 0.23248
vt 0.88842 0.232481
vt 0.887726 0.231681
vt 0.883312 0.231673
vt 0.88346 0.232545
vt 0.884237 0.232489
vt 0.884237 0.232489
vt 0.885214 0.232486
vt 0.884653 0.231674
vt 0.885214 0.232486
vt 0.886734 0.23248
vt 0.886317 0.231672
vt 0.881969 0.231572
vt 0.880807 0.231596
vt 0.881871 0.231694
vt 0.880217 0.231486
vt 0.879333 0.23151
vt 0.880807 0.231596
vt 0.876097 0.231497
vt 0.875158 0.231547
vt 0.876419 0.231603
vt 0.875158 0.231547
vt 0.874096 0.231618
vt 0.87507 0.231674
vt 0.873423 0.231675
vt 0.87329 0.23152
vt 0.872405 0.231619
vt 0.87329 0.23152
vt 0.872427 0.23148
vt 0.872405 0.231619
vt 0.870967 0.231499
vt 0.870528 0.231568
vt 0.871342 0.231568
vt 0.870528 0.231568
vt 0.869632 0.231586
vt 0.870684 0.231698
vt 0.86876 0.231568
vt 0.868536 0.231499
vt 0.868133 0.231597
vt 0.867021 0.231696
vt 0.867062 0.231522
vt 0.866725 0.231672
vt 0.867062 0.231522
vt 0.866828 0.231483
vt 0.866688 0.231568
vt 0.866725 0.231672
vt 0.866688 0.231568
vt 0.866472 0.231669
vt 0.866382 0.231481
vt 0.866184 0.231619
vt 0.866357 0.231593
vt 0.866322 0.231483
vt 0.866264 0.231543
vt 0.866226 0.231519
vt 0.866264 0.231543
vt 0.866234 0.231662
vt 0.866163 0.231681
vt 0.866234 0.231662
vt 0.866441 0.231568
vt 0.866447 0.231677
vt 0.866264 0.231543
vt 0.866622 0.231499
vt 0.866441 0.231568
vt 0.866441 0.231568
vt 0.866622 0.231499
vt 0.866685 0.231568
vt 0.866447 0.231677
vt 0.866685 0.231568
vt 0.86678 0.231672
vt 0.867051 0.231615
vt 0.867181 0.2315
vt 0.867518 0.231574
vt 0.867518 0.231574
vt 0.867496 0.231668
vt 0.867051 0.231615
vt 0.867518 0.231574
vt 0.868125 0.231597
vt 0.867496 0.231668
vt 0.868312 0.231482
vt 0.868778 0.231547
vt 0.868125 0.231597
vt 0.869133 0.231695
vt 0.869418 0.231564
vt 0.869936 0.231685
vt 0.869936 0.231685
vt 0.870089 0.23152
vt 0.870676 0.231676
vt 0.870089 0.23152
vt 0.871079 0.23148
vt 0.870925 0.231568
vt 0.870676 0.231676
vt 0.870925 0.231568
vt 0.87159 0.231672
vt 0.871951 0.231498
vt 0.873218 0.231522
vt 0.871986 0.231585
vt 0.873218 0.231522
vt 0.873392 0.231674
vt 0.872592 0.231668
vt 0.87415 0.231568
vt 0.87424 0.231696
vt 0.873392 0.231674
vt 0.87415 0.231568
vt 0.875111 0.231621
vt 0.87424 0.231696
vt 0.874722 0.231499
vt 0.875111 0.231621
vt 0.87415 0.231568
vt 0.876226 0.231593
vt 0.877323 0.231568
vt 0.877418 0.231682
vt 0.876226 0.231593
vt 0.876811 0.231497
vt 0.877323 0.231568
vt 0.878483 0.231597
vt 0.879604 0.231568
vt 0.87984 0.231669
vt 0.879604 0.231568
vt 0.880346 0.231497
vt 0.880781 0.231601
vt 0.882115 0.231483
vt 0.883179 0.231547
vt 0.881979 0.231568
vt 0.883179 0.231547
vt 0.884333 0.231596
vt 0.883393 0.231674
vt 0.886155 0.231499
vt 0.886726 0.231568
vt 0.885549 0.231568
vt 0.886726 0.231568
vt 0.887862 0.231594
vt 0.886783 0.231681
vt 0.888428 0.231497
vt 0.889329 0.231589
vt 0.887862 0.231594
vt 0.889329 0.231589
vt 0.890078 0.231522
vt 0.890312 0.231702
vt 0.890078 0.231522
vt 0.891646 0.231485
vt 0.891248 0.23162
vt 0.891248 0.23162
vt 0.891646 0.231485
vt 0.892303 0.231597
vt 0.892303 0.231597
vt 0.893274 0.231572
vt 0.893492 0.231661
vt 0.893251 0.231482
vt 0.894238 0.231522
vt 0.893274 0.231572
vt 0.894238 0.231522
vt 0.894478 0.231696
vt 0.893492 0.231661
vt 0.894238 0.231522
vt 0.895131 0.231596
vt 0.894478 0.231696
vt 0.895142 0.231483
vt 0.895985 0.231522
vt 0.895131 0.231596
vt 0.895985 0.231522
vt 0.896927 0.231589
vt 0.895796 0.231692
vt 0.897835 0.231564
vt 0.898076 0.231701
vt 0.897445 0.231674
vt 0.897835 0.231564
vt 0.898092 0.231497
vt 0.89861 0.231619
vt 0.89861 0.231619
vt 0.898964 0.231522
vt 0.899281 0.23168
vt 0.898964 0.231522
vt 0.899347 0.231483
vt 0.899622 0.231584
vt 0.900022 0.23152
vt 0.900234 0.231671
vt 0.899912 0.231682
vt 0.900118 0.231482
vt 0.900348 0.231519
vt 0.900022 0.23152
vt 0.900348 0.231519
vt 0.900444 0.231695
vt 0.900234 0.231671
vt 0.900565 0.231568
vt 0.900708 0.231593
vt 0.900621 0.231679
vt 0.900606 0.231497
vt 0.900708 0.231593
vt 0.900565 0.231568
vt 0.900708 0.231593
vt 0.900606 0.231497
vt 0.90075 0.231594
vt 0.90075 0.231594
vt 0.900633 0.231499
vt 0.90071 0.231596
vt 0.90071 0.231596
vt 0.900542 0.231517
vt 0.900655 0.231684
vt 0.900542 0.231517
vt 0.900286 0.231481
vt 0.900403 0.231622
vt 0.900073 0.231568
vt 0.899761 0.231621
vt 0.900132 0.231677
vt 0.899412 0.231499
vt 0.899264 0.231568
vt 0.899761 0.231621
vt 0.898608 0.231568
vt 0.898334 0.231678
vt 0.898834 0.23167
vt 0.896788 0.231592
vt 0.895989 0.231568
vt 0.895912 0.231678
vt 0.895989 0.231568
vt 0.895538 0.231499
vt 0.895139 0.231568
vt 0.892737 0.231501
vt 0.89237 0.231618
vt 0.893238 0.231622
vt 0.891209 0.231568
vt 0.890412 0.231618
vt 0.891458 0.231676
vt 0.890614 0.231499
vt 0.890412 0.231618
vt 0.891209 0.231568
vt 0.887726 0.231681
vt 0.887311 0.231568
vt 0.886317 0.231672
vt 0.887311 0.231568
vt 0.886742 0.231499
vt 0.886141 0.231568
vt 0.883459 0.231562
vt 0.883312 0.231673
vt 0.884653 0.231674
vt 0.880807 0.231596
vt 0.879851 0.231692
vt 0.881871 0.231694
vt 0.878442 0.231595
vt 0.878217 0.231731
vt 0.879851 0.231692
vt 0.876419 0.231603
vt 0.876021 0.231732
vt 0.877206 0.231623
vt 0.870684 0.231698
vt 0.869632 0.231586
vt 0.869361 0.231705
vt 0.878442 0.231595
vt 0.877206 0.231623
vt 0.878217 0.231731
vt 0.87507 0.231674
vt 0.876021 0.231732
vt 0.876419 0.231603
vt 0.868133 0.231597
vt 0.86792 0.231728
vt 0.868581 0.231676
vt 0.86754 0.231585
vt 0.86792 0.231728
vt 0.868133 0.231597
vt 0.86754 0.231585
vt 0.867394 0.231677
vt 0.86792 0.231728
vt 0.866258 0.23173
vt 0.866472 0.231669
vt 0.866357 0.231593
vt 0.868571 0.231679
vt 0.86786 0.23173
vt 0.868125 0.231597
vt 0.878706 0.23173
vt 0.877418 0.231682
vt 0.878483 0.231597
vt 0.881189 0.231733
vt 0.87984 0.231669
vt 0.880781 0.231601
vt 0.866184 0.231619
vt 0.866258 0.23173
vt 0.866357 0.231593
vt 0.868125 0.231597
vt 0.86786 0.23173
vt 0.867496 0.231668
vt 0.871079 0.23148
vt 0.870089 0.23152
vt 0.869484 0.231483
vt 0.87159 0.231672
vt 0.871986 0.231585
vt 0.872592 0.231668
vt 0.877418 0.231682
vt 0.876213 0.231731
vt 0.876226 0.231593
vt 0.876226 0.231593
vt 0.876213 0.231731
vt 0.875111 0.231621
vt 0.882156 0.231665
vt 0.881189 0.231733
vt 0.880781 0.231601
vt 0.87984 0.231669
vt 0.878706 0.23173
vt 0.878483 0.231597
vt 0.874719 0.231475
vt 0.874722 0.231499
vt 0.873218 0.231522
vt 0.874719 0.231475
vt 0.876811 0.231497
vt 0.874722 0.231499
vt 0.878542 0.23148
vt 0.876811 0.231497
vt 0.874719 0.231475
vt 0.882115 0.231483
vt 0.880346 0.231497
vt 0.878542 0.23148
vt 0.884333 0.231596
vt 0.884892 0.231726
vt 0.883393 0.231674
vt 0.887862 0.231594
vt 0.888049 0.231731
vt 0.886783 0.231681
vt 0.889329 0.231589
vt 0.890312 0.231702
vt 0.889073 0.231693
vt 0.895131 0.231596
vt 0.895796 0.231692
vt 0.894478 0.231696
vt 0.885663 0.231673
vt 0.884892 0.231726
vt 0.884333 0.231596
vt 0.889073 0.231693
vt 0.888049 0.231731
vt 0.887862 0.231594
vt 0.896927 0.231589
vt 0.897445 0.231674
vt 0.896728 0.231728
vt 0.892303 0.231597
vt 0.892277 0.231729
vt 0.891248 0.23162
vt 0.893492 0.231661
vt 0.892277 0.231729
vt 0.892303 0.231597
vt 0.896927 0.231589
vt 0.896728 0.231728
vt 0.895796 0.231692
vt 0.899622 0.231584
vt 0.899912 0.231682
vt 0.899281 0.23168
vt 0.900755 0.231731
vt 0.900621 0.231679
vt 0.900708 0.231593
vt 0.900785 0.23173
vt 0.900755 0.231731
vt 0.90075 0.231594
vt 0.900655 0.231684
vt 0.900785 0.23173
vt 0.90071 0.231596
vt 0.896752 0.231731
vt 0.89778 0.231731
vt 0.89766 0.231592
vt 0.887834 0.231475
vt 0.888428 0.231497
vt 0.886155 0.231499
vt 0.891646 0.231485
vt 0.890078 0.231522
vt 0.887834 0.231475
vt 0.893251 0.231482
vt 0.895142 0.231483
vt 0.894238 0.231522
vt 0.897534 0.231475
vt 0.898092 0.231497
vt 0.896922 0.231499
vt 0.90075 0.231594
vt 0.900755 0.231731
vt 0.900708 0.231593
vt 0.90071 0.231596
vt 0.900785 0.23173
vt 0.90075 0.231594
vt 0.900534 0.231475
vt 0.900606 0.231497
vt 0.900348 0.231519
vt 0.896788 0.231592
vt 0.896752 0.231731
vt 0.89766 0.231592
vt 0.89766 0.231592
vt 0.89778 0.231731
vt 0.898334 0.231678
vt 0.889295 0.23173
vt 0.890412 0.231618
vt 0.888845 0.231587
vt 0.889295 0.23173
vt 0.888845 0.231587
vt 0.887726 0.231681
vt 0.894164 0.231483
vt 0.895538 0.231499
vt 0.896506 0.231479
vt 0.895912 0.231678
vt 0.896752 0.231731
vt 0.896788 0.231592
vt 0.890619 0.231475
vt 0.888714 0.231497
vt 0.890614 0.231499
vt 0.88639 0.231475
vt 0.888714 0.231497
vt 0.890619 0.231475
vt 0.880322 0.23248
vt 0.881683 0.232584
vt 0.8821 0.23248
vt 0.879107 0.232482
vt 0.879758 0.232647
vt 0.880322 0.23248
vt 0.877602 0.232583
vt 0.876539 0.232664
vt 0.878157 0.232661
vt 0.875758 0.23259
vt 0.876539 0.232664
vt 0.877602 0.232583
vt 0.873274 0.232482
vt 0.872185 0.23253
vt 0.873413 0.232647
vt 0.867589 0.232486
vt 0.867297 0.232537
vt 0.868142 0.232646
vt 0.867297 0.232537
vt 0.867038 0.232646
vt 0.867579 0.232665
vt 0.866174 0.232485
vt 0.866273 0.232583
vt 0.866319 0.232464
vt 0.866183 0.23259
vt 0.866247 0.232648
vt 0.866273 0.232583
vt 0.866164 0.232488
vt 0.866183 0.23259
vt 0.866137 0.232488
vt 0.866358 0.232595
vt 0.866345 0.232666
vt 0.866183 0.23259
vt 0.866358 0.232595
vt 0.866588 0.232648
vt 0.866345 0.232666
vt 0.86648 0.232485
vt 0.866772 0.23259
vt 0.866358 0.232595
vt 0.866772 0.23259
vt 0.867187 0.232663
vt 0.866588 0.232648
vt 0.867763 0.23248
vt 0.867489 0.232618
vt 0.867265 0.232487
vt 0.868312 0.232484
vt 0.868377 0.232634
vt 0.867763 0.23248
vt 0.868872 0.232484
vt 0.868977 0.232596
vt 0.868312 0.232484
vt 0.869456 0.232477
vt 0.868977 0.232596
vt 0.868872 0.232484
vt 0.869456 0.232477
vt 0.869931 0.232554
vt 0.868977 0.232596
vt 0.871792 0.232583
vt 0.872236 0.232661
vt 0.870735 0.232665
vt 0.873176 0.232564
vt 0.871792 0.232583
vt 0.871982 0.232483
vt 0.873176 0.232564
vt 0.872236 0.232661
vt 0.871792 0.232583
vt 0.874364 0.232534
vt 0.873176 0.232564
vt 0.873549 0.232485
vt 0.875968 0.232596
vt 0.875016 0.232662
vt 0.874364 0.232534
vt 0.876095 0.232477
vt 0.875968 0.232596
vt 0.875207 0.232485
vt 0.877079 0.232484
vt 0.878043 0.23259
vt 0.875968 0.232596
vt 0.879506 0.232477
vt 0.879638 0.232626
vt 0.878043 0.23259
vt 0.878043 0.23259
vt 0.879638 0.232626
vt 0.878146 0.232663
vt 0.882405 0.232647
vt 0.880767 0.232664
vt 0.880677 0.232531
vt 0.882947 0.23248
vt 0.882405 0.232647
vt 0.881738 0.232478
vt 0.870332 0.232648
vt 0.87234 0.232667
vt 0.87131 0.232632
vt 0.868142 0.232646
vt 0.86934 0.232669
vt 0.869069 0.232621
vt 0.866345 0.232666
vt 0.866368 0.232685
vt 0.866247 0.232648
vt 0.870639 0.232554
vt 0.870239 0.232429
vt 0.871211 0.232487
vt 0.869931 0.232554
vt 0.870239 0.232429
vt 0.870639 0.232554
vt 0.869931 0.232554
vt 0.869456 0.232477
vt 0.870239 0.232429
vt 0.873549 0.232485
vt 0.873176 0.232564
vt 0.872712 0.23243
vt 0.871982 0.232483
vt 0.872712 0.23243
vt 0.873176 0.232564
vt 0.883712 0.232553
vt 0.882405 0.232647
vt 0.882947 0.23248
vt 0.866345 0.232666
vt 0.866588 0.232648
vt 0.866684 0.232689
vt 0.868193 0.232678
vt 0.867489 0.232618
vt 0.868377 0.232634
vt 0.882405 0.232647
vt 0.883712 0.232553
vt 0.883804 0.232665
vt 0.885075 0.232647
vt 0.883804 0.232665
vt 0.883712 0.232553
vt 0.887237 0.232485
vt 0.886382 0.23259
vt 0.886142 0.232485
vt 0.888298 0.232492
vt 0.887702 0.232632
vt 0.887237 0.232485
vt 0.889273 0.232488
vt 0.89052 0.23259
vt 0.889024 0.232632
vt 0.89052 0.23259
vt 0.890833 0.232666
vt 0.889024 0.232632
vt 0.891527 0.232467
vt 0.892584 0.23259
vt 0.89052 0.23259
vt 0.892584 0.23259
vt 0.893062 0.232646
vt 0.890833 0.232666
vt 0.893875 0.232483
vt 0.894263 0.232584
vt 0.892584 0.23259
vt 0.894897 0.232488
vt 0.894263 0.232584
vt 0.893875 0.232483
vt 0.895796 0.23259
vt 0.894671 0.232661
vt 0.894263 0.232584
vt 0.895714 0.232481
vt 0.895796 0.23259
vt 0.894897 0.232488
vt 0.89657 0.232482
vt 0.895796 0.23259
vt 0.895714 0.232481
vt 0.897328 0.232618
vt 0.896796 0.232663
vt 0.895796 0.23259
vt 0.897459 0.232489
vt 0.897328 0.232618
vt 0.89657 0.232482
vt 0.899309 0.232468
vt 0.899573 0.232568
vt 0.898562 0.232596
vt 0.900334 0.232483
vt 0.900186 0.23259
vt 0.899951 0.232479
vt 0.900573 0.232596
vt 0.900446 0.232664
vt 0.900186 0.23259
vt 0.900594 0.232486
vt 0.900573 0.232596
vt 0.900334 0.232483
vt 0.900725 0.23246
vt 0.900573 0.232596
vt 0.900594 0.232486
vt 0.900725 0.23246
vt 0.900746 0.232554
vt 0.900573 0.232596
vt 0.900699 0.23259
vt 0.900558 0.232663
vt 0.900654 0.232658
vt 0.900577 0.232484
vt 0.900431 0.232647
vt 0.900699 0.23259
vt 0.900699 0.23259
vt 0.900431 0.232647
vt 0.900558 0.232663
vt 0.900003 0.232481
vt 0.900098 0.232586
vt 0.900314 0.232486
vt 0.899437 0.23259
vt 0.899851 0.232668
vt 0.900098 0.232586
vt 0.898557 0.23259
vt 0.898942 0.232663
vt 0.899437 0.23259
vt 0.898147 0.232485
vt 0.898557 0.23259
vt 0.89879 0.232491
vt 0.897298 0.232623
vt 0.898025 0.232665
vt 0.898557 0.23259
vt 0.897494 0.232486
vt 0.897298 0.232623
vt 0.898147 0.232485
vt 0.896742 0.232489
vt 0.896191 0.232627
vt 0.897298 0.232623
vt 0.897298 0.232623
vt 0.896191 0.232627
vt 0.896843 0.232666
vt 0.8952 0.232486
vt 0.89433 0.23254
vt 0.89528 0.232631
vt 0.89433 0.23254
vt 0.893594 0.232664
vt 0.89528 0.232631
vt 0.893442 0.232485
vt 0.892605 0.232583
vt 0.89433 0.23254
vt 0.892043 0.232479
vt 0.892605 0.232583
vt 0.893442 0.232485
vt 0.890517 0.23259
vt 0.891751 0.232663
vt 0.892605 0.232583
vt 0.890701 0.232489
vt 0.890517 0.23259
vt 0.892043 0.232479
vt 0.889737 0.232483
vt 0.890517 0.23259
vt 0.890701 0.232489
vt 0.888626 0.232594
vt 0.888891 0.232657
vt 0.890517 0.23259
vt 0.88842 0.232481
vt 0.888626 0.232594
vt 0.889737 0.232483
vt 0.88667 0.23259
vt 0.885729 0.232663
vt 0.887372 0.232665
vt 0.885214 0.232486
vt 0.884793 0.232626
vt 0.88667 0.23259
vt 0.883712 0.232553
vt 0.882947 0.23248
vt 0.884638 0.232464
vt 0.899573 0.232568
vt 0.899309 0.232468
vt 0.899951 0.232479
vt 0.889029 0.232692
vt 0.887702 0.232632
vt 0.889024 0.232632
vt 0.893002 0.232688
vt 0.890833 0.232666
vt 0.893062 0.232646
vt 0.889029 0.232692
vt 0.886367 0.232665
vt 0.887702 0.232632
vt 0.897298 0.232623
vt 0.896843 0.232666
vt 0.898025 0.232665
vt 0.896191 0.232627
vt 0.895503 0.232678
vt 0.896843 0.232666
vt 0.895503 0.232678
vt 0.896191 0.232627
vt 0.89528 0.232631
vt 0.895503 0.232678
vt 0.89528 0.232631
vt 0.893594 0.232664
vt 0.88346 0.232545
vt 0.883454 0.232664
vt 0.884793 0.232626
vt 0.884938 0.231281
vt 0.883167 0.21429
vt 0.883679 0.231277
vt 0.881879 0.23128
vt 0.880826 0.21429
vt 0.880986 0.231303
vt 0.882884 0.23133
vt 0.883167 0.21429
vt 0.881879 0.23128
vt 0.882884 0.23133
vt 0.883679 0.231277
vt 0.883167 0.21429
vt 0.886836 0.231281
vt 0.888026 0.231279
vt 0.887869 0.21429
vt 0.885929 0.231303
vt 0.886836 0.231281
vt 0.885497 0.21429
vt 0.885929 0.231303
vt 0.885497 0.21429
vt 0.884938 0.231281
vt 0.876616 0.2313
vt 0.877733 0.23128
vt 0.876757 0.21429
vt 0.875572 0.231281
vt 0.874682 0.21429
vt 0.874887 0.231331
vt 0.875682 0.21429
vt 0.875572 0.231281
vt 0.876616 0.2313
vt 0.879058 0.21429
vt 0.878888 0.231279
vt 0.880078 0.231281
vt 0.880826 0.21429
vt 0.880078 0.231281
vt 0.880986 0.231303
vt 0.878888 0.231279
vt 0.877889 0.21429
vt 0.877733 0.23128
vt 0.895752 0.231281
vt 0.895429 0.21429
vt 0.895361 0.231279
vt 0.895361 0.231279
vt 0.895429 0.21429
vt 0.894851 0.23128
vt 0.894851 0.23128
vt 0.894624 0.21429
vt 0.89422 0.2313
vt 0.896205 0.231277
vt 0.896209 0.21429
vt 0.8962 0.23133
vt 0.8962 0.23133
vt 0.89605 0.21429
vt 0.896109 0.23128
vt 0.895965 0.231303
vt 0.896109 0.23128
vt 0.89605 0.21429
vt 0.895965 0.231303
vt 0.89605 0.21429
vt 0.895752 0.231281
vt 0.890483 0.231306
vt 0.889597 0.21429
vt 0.889725 0.231331
vt 0.891839 0.231279
vt 0.891995 0.21429
vt 0.891042 0.231329
vt 0.890703 0.21429
vt 0.890483 0.231306
vt 0.891042 0.231329
vt 0.88869 0.231334
vt 0.887869 0.21429
vt 0.888026 0.231279
vt 0.88869 0.231334
vt 0.889725 0.231331
vt 0.889597 0.21429
vt 0.89314 0.21429
vt 0.892695 0.231278
vt 0.893478 0.231281
vt 0.891839 0.231279
vt 0.892695 0.231278
vt 0.891995 0.21429
vt 0.893478 0.231281
vt 0.89422 0.2313
vt 0.893941 0.21429
vt 0.871485 0.21429
vt 0.871163 0.231281
vt 0.871553 0.231279
vt 0.871553 0.231279
vt 0.87182 0.231334
vt 0.871485 0.21429
vt 0.871163 0.231281
vt 0.870864 0.21429
vt 0.870949 0.231303
vt 0.873436 0.231281
vt 0.874219 0.231278
vt 0.873775 0.21429
vt 0.87229 0.21429
vt 0.87182 0.231334
vt 0.872364 0.231282
vt 0.872974 0.21429
vt 0.872364 0.231282
vt 0.872854 0.231304
vt 0.872974 0.21429
vt 0.872854 0.231304
vt 0.873436 0.231281
vt 0.870791 0.23128
vt 0.870705 0.21429
vt 0.870703 0.231301
vt 0.870864 0.21429
vt 0.870705 0.21429
vt 0.870791 0.23128
vt 0.870949 0.231303
vt 0.870864 0.21429
vt 0.870791 0.23128
vt 0.870864 0.21429
vt 0.871163 0.231281
vt 0.871485 0.21429
vt 0.87229 0.21429
vt 0.871485 0.21429
vt 0.87182 0.231334
vt 0.873775 0.21429
vt 0.872974 0.21429
vt 0.873436 0.231281
vt 0.87229 0.21429
vt 0.872364 0.231282
vt 0.872974 0.21429
vt 0.873775 0.21429
vt 0.874219 0.231278
vt 0.874682 0.21429
vt 0.874219 0.231278
vt 0.874887 0.231331
vt 0.874682 0.21429
vt 0.875682 0.21429
vt 0.874682 0.21429
vt 0.875572 0.231281
vt 0.876616 0.2313
vt 0.876757 0.21429
vt 0.875682 0.21429
vt 0.877889 0.21429
vt 0.876757 0.21429
vt 0.877733 0.23128
vt 0.879058 0.21429
vt 0.877889 0.21429
vt 0.878888 0.231279
vt 0.880078 0.231281
vt 0.880826 0.21429
vt 0.879058 0.21429
vt 0.883167 0.21429
vt 0.880826 0.21429
vt 0.881879 0.23128
vt 0.885497 0.21429
vt 0.883167 0.21429
vt 0.884938 0.231281
vt 0.886836 0.231281
vt 0.887869 0.21429
vt 0.885497 0.21429
vt 0.889597 0.21429
vt 0.887869 0.21429
vt 0.88869 0.231334
vt 0.891995 0.21429
vt 0.890703 0.21429
vt 0.891042 0.231329
vt 0.89314 0.21429
vt 0.891995 0.21429
vt 0.892695 0.231278
vt 0.889597 0.21429
vt 0.890483 0.231306
vt 0.890703 0.21429
vt 0.893941 0.21429
vt 0.89314 0.21429
vt 0.893478 0.231281
vt 0.895429 0.21429
vt 0.894624 0.21429
vt 0.894851 0.23128
vt 0.893941 0.21429
vt 0.89422 0.2313
vt 0.894624 0.21429
vt 0.895429 0.21429
vt 0.895752 0.231281
vt 0.89605 0.21429
vt 0.89605 0.21429
vt 0.8962 0.23133
vt 0.896209 0.21429
vt 0.892028 0.231331
vt 0.892699 0.21429
vt 0.892695 0.231278
vt 0.891342 0.231281
vt 0.891743 0.21429
vt 0.892028 0.231331
vt 0.893478 0.231281
vt 0.893554 0.21429
vt 0.89406 0.231304
vt 0.893478 0.231281
vt 0.892695 0.231278
vt 0.892699 0.21429
vt 0.891342 0.231281
vt 0.890298 0.2313
vt 0.890703 0.21429
vt 0.889597 0.21429
vt 0.890298 0.2313
vt 0.889181 0.23128
vt 0.888444 0.21429
vt 0.889181 0.23128
vt 0.888026 0.231279
vt 0.895965 0.231303
vt 0.89594 0.21429
vt 0.896123 0.231281
vt 0.89594 0.21429
vt 0.895965 0.231303
vt 0.895752 0.231281
vt 0.895361 0.231279
vt 0.895417 0.21429
vt 0.895752 0.231281
vt 0.896123 0.231281
vt 0.896209 0.21429
vt 0.896205 0.231277
vt 0.89455 0.231282
vt 0.89492 0.21429
vt 0.895095 0.231334
vt 0.89406 0.231304
vt 0.894298 0.21429
vt 0.89455 0.231282
vt 0.895095 0.231334
vt 0.89492 0.21429
vt 0.895361 0.231279
vt 0.886836 0.231281
vt 0.887264 0.21429
vt 0.888026 0.231279
vt 0.885497 0.21429
vt 0.886836 0.231281
vt 0.885929 0.231303
vt 0.885497 0.21429
vt 0.885929 0.231303
vt 0.885035 0.23128
vt 0.883167 0.21429
vt 0.88364 0.23126
vt 0.881976 0.231281
vt 0.885497 0.21429
vt 0.885035 0.23128
vt 0.88364 0.23126
vt 0.881976 0.231281
vt 0.880986 0.231303
vt 0.880826 0.21429
vt 0.880078 0.231281
vt 0.880826 0.21429
vt 0.880986 0.231303
vt 0.880078 0.231281
vt 0.878888 0.231279
vt 0.879058 0.21429
vt 0.877889 0.21429
vt 0.878888 0.231279
vt 0.87804 0.231329
vt 0.87804 0.231329
vt 0.87717 0.231282
vt 0.877889 0.21429
vt 0.876377 0.231304
vt 0.875572 0.231281
vt 0.875682 0.21429
vt 0.876757 0.21429
vt 0.87717 0.231282
vt 0.876377 0.231304
vt 0.875572 0.231281
vt 0.874671 0.231278
vt 0.874682 0.21429
vt 0.896209 0.21429
vt 0.896123 0.231281
vt 0.89594 0.21429
vt 0.895417 0.21429
vt 0.89594 0.21429
vt 0.895752 0.231281
vt 0.894298 0.21429
vt 0.89492 0.21429
vt 0.89455 0.231282
vt 0.895417 0.21429
vt 0.895361 0.231279
vt 0.89492 0.21429
vt 0.893554 0.21429
vt 0.894298 0.21429
vt 0.89406 0.231304
vt 0.891743 0.21429
vt 0.892699 0.21429
vt 0.892028 0.231331
vt 0.893554 0.21429
vt 0.893478 0.231281
vt 0.892699 0.21429
vt 0.890703 0.21429
vt 0.891743 0.21429
vt 0.891342 0.231281
vt 0.888444 0.21429
vt 0.889597 0.21429
vt 0.889181 0.23128
vt 0.890703 0.21429
vt 0.890298 0.2313
vt 0.889597 0.21429
vt 0.887264 0.21429
vt 0.888444 0.21429
vt 0.888026 0.231279
vt 0.887264 0.21429
vt 0.886836 0.231281
vt 0.885497 0.21429
vt 0.883167 0.21429
vt 0.885497 0.21429
vt 0.88364 0.23126
vt 0.880826 0.21429
vt 0.883167 0.21429
vt 0.881976 0.231281
vt 0.877889 0.21429
vt 0.879058 0.21429
vt 0.878888 0.231279
vt 0.880826 0.21429
vt 0.880078 0.231281
vt 0.879058 0.21429
vt 0.876757 0.21429
vt 0.877889 0.21429
vt 0.87717 0.231282
vt 0.874682 0.21429
vt 0.875682 0.21429
vt 0.875572 0.231281
vt 0.876757 0.21429
vt 0.876377 0.231304
vt 0.875682 0.21429
vt 0.873436 0.231281
vt 0.873559 0.21429
vt 0.874153 0.231332
vt 0.873559 0.21429
vt 0.873436 0.231281
vt 0.872694 0.2313
vt 0.872694 0.2313
vt 0.872063 0.231281
vt 0.872617 0.21429
vt 0.871553 0.231279
vt 0.871994 0.21429
vt 0.872063 0.231281
vt 0.870949 0.231303
vt 0.870974 0.21429
vt 0.871163 0.231281
vt 0.871163 0.231281
vt 0.871497 0.21429
vt 0.871553 0.231279
vt 0.873559 0.21429
vt 0.874682 0.21429
vt 0.874153 0.231332
vt 0.872617 0.21429
vt 0.873559 0.21429
vt 0.872694 0.2313
vt 0.871497 0.21429
vt 0.871994 0.21429
vt 0.871553 0.231279
vt 0.870974 0.21429
vt 0.871497 0.21429
vt 0.871163 0.231281
vt 0.872617 0.21429
vt 0.872063 0.231281
vt 0.871994 0.21429
vt 0.870703 0.231301
vt 0.870705 0.21429
vt 0.870805 0.23128
vt 0.870705 0.21429
vt 0.870974 0.21429
vt 0.870805 0.23128
vt 0.870805 0.23128
vt 0.870974 0.21429
vt 0.870949 0.231303
vt 0.874153 0.231332
vt 0.874682 0.21429
vt 0.874671 0.231278
vt 0.870753 0.231381
vt 0.870779 0.231442
vt 0.870646 0.231403
vt 0.870646 0.231403
vt 0.870779 0.231442
vt 0.870528 0.231469
vt 0.870805 0.23128
vt 0.870949 0.231303
vt 0.870753 0.231381
vt 0.871123 0.231381
vt 0.870779 0.231442
vt 0.870949 0.231303
vt 0.871756 0.23138
vt 0.871547 0.23145
vt 0.871125 0.231439
vt 0.872063 0.231281
vt 0.872317 0.231381
vt 0.871756 0.23138
vt 0.873329 0.231428
vt 0.872404 0.231446
vt 0.872694 0.2313
vt 0.874153 0.231332
vt 0.873329 0.231428
vt 0.873436 0.231281
vt 0.874671 0.231278
vt 0.875355 0.231439
vt 0.874153 0.231332
vt 0.875572 0.231281
vt 0.876377 0.231304
vt 0.875576 0.231381
vt 0.875576 0.231381
vt 0.876845 0.231446
vt 0.875355 0.231439
vt 0.877155 0.231381
vt 0.876845 0.231446
vt 0.876377 0.231304
vt 0.87804 0.231329
vt 0.877155 0.231381
vt 0.87717 0.231282
vt 0.87885 0.23138
vt 0.878524 0.23145
vt 0.87804 0.231329
vt 0.87885 0.23138
vt 0.880043 0.231428
vt 0.878524 0.23145
vt 0.880078 0.231281
vt 0.880986 0.231303
vt 0.880043 0.231428
vt 0.881898 0.231381
vt 0.881228 0.231436
vt 0.880986 0.231303
vt 0.883105 0.231347
vt 0.881898 0.231381
vt 0.881976 0.231281
vt 0.883105 0.231347
vt 0.882441 0.231465
vt 0.881898 0.231381
vt 0.883771 0.23143
vt 0.882441 0.231465
vt 0.883105 0.231347
vt 0.885035 0.23128
vt 0.885929 0.231303
vt 0.885016 0.231381
vt 0.885016 0.231381
vt 0.886243 0.231436
vt 0.885161 0.231465
vt 0.886878 0.231381
vt 0.886243 0.231436
vt 0.885929 0.231303
vt 0.889181 0.23128
vt 0.889759 0.231381
vt 0.88866 0.23143
vt 0.889759 0.231381
vt 0.890834 0.231436
vt 0.88993 0.231465
vt 0.891338 0.231381
vt 0.890834 0.231436
vt 0.890298 0.2313
vt 0.892028 0.231331
vt 0.891338 0.231381
vt 0.891342 0.231281
vt 0.892028 0.231331
vt 0.891847 0.231465
vt 0.891338 0.231381
vt 0.892757 0.23143
vt 0.891847 0.231465
vt 0.892028 0.231331
vt 0.893543 0.231381
vt 0.893987 0.231436
vt 0.893801 0.231467
vt 0.893478 0.231281
vt 0.89406 0.231304
vt 0.893543 0.231381
vt 0.894622 0.231428
vt 0.893987 0.231436
vt 0.89406 0.231304
vt 0.895095 0.231334
vt 0.894622 0.231428
vt 0.89455 0.231282
vt 0.895361 0.231279
vt 0.895789 0.231439
vt 0.895095 0.231334
vt 0.895752 0.231281
vt 0.895965 0.231303
vt 0.895791 0.231381
vt 0.895791 0.231381
vt 0.896119 0.231436
vt 0.895789 0.231439
vt 0.896161 0.231381
vt 0.896119 0.231436
vt 0.895965 0.231303
vt 0.896251 0.23138
vt 0.896298 0.23145
vt 0.896161 0.231381
vt 0.896205 0.231277
vt 0.8962 0.23133
vt 0.896251 0.23138
vt 0.8962 0.23133
vt 0.896198 0.231428
vt 0.896368 0.231466
vt 0.896109 0.23128
vt 0.895965 0.231303
vt 0.896198 0.231428
vt 0.895791 0.231381
vt 0.896008 0.231436
vt 0.895965 0.231303
vt 0.895284 0.231376
vt 0.895846 0.231465
vt 0.895791 0.231381
vt 0.894851 0.23128
vt 0.894597 0.231381
vt 0.895284 0.231376
vt 0.894597 0.231381
vt 0.894302 0.231436
vt 0.895043 0.231448
vt 0.893543 0.231381
vt 0.894302 0.231436
vt 0.89422 0.2313
vt 0.891824 0.231381
vt 0.891139 0.231446
vt 0.892572 0.23145
vt 0.891839 0.231279
vt 0.891042 0.231329
vt 0.891824 0.231381
vt 0.889725 0.231331
vt 0.891139 0.231446
vt 0.890483 0.231306
vt 0.888026 0.231279
vt 0.887299 0.231435
vt 0.88869 0.231334
vt 0.886878 0.231381
vt 0.886243 0.231436
vt 0.887299 0.231435
vt 0.886836 0.231281
vt 0.885929 0.231303
vt 0.886878 0.231381
vt 0.885016 0.231381
vt 0.886243 0.231436
vt 0.885929 0.231303
vt 0.883679 0.231277
vt 0.882884 0.23133
vt 0.88377 0.23138
vt 0.882884 0.23133
vt 0.881875 0.231428
vt 0.883457 0.23145
vt 0.881879 0.23128
vt 0.880986 0.231303
vt 0.881875 0.231428
vt 0.880036 0.231381
vt 0.880671 0.231436
vt 0.880986 0.231303
vt 0.878272 0.23138
vt 0.878818 0.231451
vt 0.879616 0.231435
vt 0.878272 0.23138
vt 0.877516 0.23145
vt 0.878818 0.231451
vt 0.877733 0.23128
vt 0.877155 0.231381
vt 0.878272 0.23138
vt 0.877155 0.231381
vt 0.876552 0.231436
vt 0.877516 0.23145
vt 0.875567 0.231428
vt 0.876552 0.231436
vt 0.876616 0.2313
vt 0.874887 0.231331
vt 0.875567 0.231428
vt 0.875572 0.231281
vt 0.874189 0.23138
vt 0.874342 0.23145
vt 0.874887 0.231331
vt 0.874189 0.23138
vt 0.873329 0.231428
vt 0.874342 0.23145
vt 0.873436 0.231281
vt 0.872854 0.231304
vt 0.873329 0.231428
vt 0.872317 0.231381
vt 0.872612 0.231436
vt 0.872854 0.231304
vt 0.87182 0.231334
vt 0.872317 0.231381
vt 0.872364 0.231282
vt 0.871553 0.231279
vt 0.871125 0.231439
vt 0.87182 0.231334
vt 0.871163 0.231281
vt 0.870949 0.231303
vt 0.871123 0.231381
vt 0.871123 0.231381
vt 0.870779 0.231442
vt 0.871125 0.231439
vt 0.870725 0.231363
vt 0.870779 0.231442
vt 0.870949 0.231303
vt 0.870725 0.231363
vt 0.870646 0.231403
vt 0.870606 0.231451
vt 0.883105 0.231347
vt 0.881976 0.231281
vt 0.88364 0.23126
vt 0.883771 0.23143
vt 0.885161 0.231465
vt 0.882441 0.231465
vt 0.887388 0.231435
vt 0.885161 0.231465
vt 0.886243 0.231436
vt 0.88866 0.23143
vt 0.88993 0.231465
vt 0.887848 0.231475
vt 0.892757 0.23143
vt 0.893801 0.231467
vt 0.891847 0.231465
vt 0.896236 0.231475
vt 0.896298 0.23145
vt 0.896368 0.231466
vt 0.870703 0.231301
vt 0.870725 0.231363
vt 0.870791 0.23128
vt 0.895043 0.231448
vt 0.893714 0.231465
vt 0.89523 0.231475
vt 0.893714 0.231465
vt 0.892572 0.23145
vt 0.892205 0.231475
vt 0.891139 0.231446
vt 0.88993 0.231465
vt 0.892205 0.231475
vt 0.88993 0.231465
vt 0.88839 0.23145
vt 0.887848 0.231475
vt 0.887299 0.231435
vt 0.885161 0.231465
vt 0.887848 0.231475
vt 0.885161 0.231465
vt 0.883457 0.23145
vt 0.882822 0.231475
vt 0.877516 0.23145
vt 0.876218 0.231475
vt 0.879455 0.231475
vt 0.870606 0.231451
vt 0.870528 0.231469
vt 0.870552 0.231475
vt 0.872333 0.231467
vt 0.871547 0.23145
vt 0.871198 0.231475
vt 0.882858 0.233328
vt 0.880486 0.233479
vt 0.883265 0.233681
vt 0.883265 0.233681
vt 0.880491 0.233752
vt 0.883011 0.233934
vt 0.880486 0.233479
vt 0.880491 0.233752
vt 0.883265 0.233681
vt 0.883011 0.233934
vt 0.881098 0.234049
vt 0.883404 0.234047
vt 0.880486 0.233479
vt 0.878501 0.2335
vt 0.880491 0.233752
vt 0.880491 0.233752
vt 0.879502 0.233916
vt 0.883011 0.233934
vt 0.883011 0.233934
vt 0.879502 0.233916
vt 0.881098 0.234049
vt 0.87819 0.233079
vt 0.878501 0.2335
vt 0.880486 0.233479
vt 0.880491 0.233752
vt 0.877817 0.233759
vt 0.879502 0.233916
vt 0.875594 0.232993
vt 0.876164 0.233246
vt 0.87819 0.233079
vt 0.87819 0.233079
vt 0.876164 0.233246
vt 0.878501 0.2335
vt 0.878501 0.2335
vt 0.877817 0.233759
vt 0.880491 0.233752
vt 0.882757 0.234216
vt 0.881069 0.234248
vt 0.882479 0.234287
vt 0.879502 0.233916
vt 0.878357 0.233967
vt 0.881098 0.234049
vt 0.881098 0.234049
vt 0.878357 0.233967
vt 0.87965 0.234087
vt 0.877817 0.233759
vt 0.878357 0.233967
vt 0.879502 0.233916
vt 0.876164 0.233246
vt 0.873827 0.233167
vt 0.875018 0.233465
vt 0.876804 0.233484
vt 0.875018 0.233465
vt 0.877817 0.233759
vt 0.873625 0.232884
vt 0.871721 0.23288
vt 0.873827 0.233167
vt 0.875018 0.233465
vt 0.8759 0.233749
vt 0.877817 0.233759
vt 0.877817 0.233759
vt 0.8759 0.233749
vt 0.878357 0.233967
vt 0.871721 0.23288
vt 0.872089 0.233134
vt 0.873827 0.233167
vt 0.87934 0.234181
vt 0.87965 0.234087
vt 0.878031 0.234087
vt 0.878836 0.234185
vt 0.878046 0.234064
vt 0.879827 0.234186
vt 0.880988 0.234181
vt 0.87934 0.234181
vt 0.881069 0.234248
vt 0.8759 0.233749
vt 0.876796 0.233961
vt 0.878357 0.233967
vt 0.875018 0.233465
vt 0.873138 0.233492
vt 0.8759 0.233749
vt 0.871721 0.23288
vt 0.869833 0.232881
vt 0.872089 0.233134
vt 0.869833 0.232881
vt 0.870869 0.233168
vt 0.872089 0.233134
vt 0.881069 0.234248
vt 0.881298 0.234276
vt 0.882479 0.234287
vt 0.876796 0.233961
vt 0.875754 0.233971
vt 0.878031 0.234087
vt 0.870869 0.233168
vt 0.870669 0.233348
vt 0.873138 0.233492
vt 0.874838 0.233755
vt 0.874186 0.233808
vt 0.876796 0.233961
vt 0.870669 0.233348
vt 0.872822 0.233648
vt 0.873138 0.233492
vt 0.874186 0.233808
vt 0.875754 0.233971
vt 0.876796 0.233961
vt 0.875754 0.233971
vt 0.877644 0.234127
vt 0.878031 0.234087
vt 0.87934 0.234181
vt 0.879901 0.234239
vt 0.881069 0.234248
vt 0.869162 0.233038
vt 0.868534 0.233076
vt 0.870669 0.233348
vt 0.877644 0.234127
vt 0.879901 0.234239
vt 0.87934 0.234181
vt 0.870669 0.233348
vt 0.868534 0.233076
vt 0.871059 0.233488
vt 0.872822 0.233648
vt 0.871059 0.233488
vt 0.873268 0.233767
vt 0.866368 0.232685
vt 0.867854 0.232981
vt 0.868534 0.233076
vt 0.867854 0.232981
vt 0.870029 0.233342
vt 0.868534 0.233076
vt 0.87528 0.233959
vt 0.876703 0.234053
vt 0.877644 0.234127
vt 0.877644 0.234127
vt 0.878836 0.234185
vt 0.879901 0.234239
vt 0.870029 0.233342
vt 0.872787 0.233688
vt 0.871059 0.233488
vt 0.867854 0.232981
vt 0.866684 0.232689
vt 0.869692 0.233241
vt 0.876703 0.234053
vt 0.878836 0.234185
vt 0.877644 0.234127
vt 0.873268 0.233767
vt 0.872787 0.233688
vt 0.87528 0.233959
vt 0.866684 0.232689
vt 0.868807 0.232976
vt 0.869692 0.233241
vt 0.872787 0.233688
vt 0.87525 0.233871
vt 0.87528 0.233959
vt 0.868807 0.232976
vt 0.871211 0.233335
vt 0.869692 0.233241
vt 0.872943 0.233632
vt 0.87525 0.233871
vt 0.872787 0.233688
vt 0.871211 0.233335
vt 0.873255 0.233554
vt 0.872943 0.233632
vt 0.872309 0.23332
vt 0.872079 0.232975
vt 0.873987 0.233328
vt 0.868807 0.232976
vt 0.869833 0.232973
vt 0.871211 0.233335
vt 0.869833 0.232973
vt 0.872309 0.23332
vt 0.871211 0.233335
vt 0.871211 0.233335
vt 0.872309 0.23332
vt 0.873255 0.233554
vt 0.873255 0.233554
vt 0.874619 0.233644
vt 0.872943 0.233632
vt 0.872943 0.233632
vt 0.874619 0.233644
vt 0.87525 0.233871
vt 0.87525 0.233871
vt 0.878046 0.234064
vt 0.876703 0.234053
vt 0.879827 0.234186
vt 0.881913 0.234267
vt 0.879901 0.234239
vt 0.869833 0.232973
vt 0.870936 0.232982
vt 0.872309 0.23332
vt 0.872309 0.23332
vt 0.874619 0.233644
vt 0.873255 0.233554
vt 0.873987 0.233328
vt 0.873914 0.232977
vt 0.875982 0.233334
vt 0.873987 0.233328
vt 0.875915 0.233622
vt 0.874619 0.233644
vt 0.875915 0.233622
vt 0.877664 0.233754
vt 0.876566 0.233869
vt 0.878155 0.233316
vt 0.879445 0.232936
vt 0.880775 0.23334
vt 0.873987 0.233328
vt 0.875982 0.233334
vt 0.875915 0.233622
vt 0.875982 0.233334
vt 0.8773 0.233558
vt 0.875915 0.233622
vt 0.877664 0.233754
vt 0.878941 0.233974
vt 0.876566 0.233869
vt 0.8773 0.233558
vt 0.877664 0.233754
vt 0.875915 0.233622
vt 0.873914 0.232977
vt 0.875508 0.232979
vt 0.875982 0.233334
vt 0.880422 0.234123
vt 0.88291 0.234226
vt 0.879827 0.234186
vt 0.875982 0.233334
vt 0.878155 0.233316
vt 0.8773 0.233558
vt 0.879267 0.233756
vt 0.881157 0.233874
vt 0.878941 0.233974
vt 0.881157 0.233874
vt 0.881271 0.234051
vt 0.878941 0.233974
vt 0.878941 0.233974
vt 0.881271 0.234051
vt 0.880422 0.234123
vt 0.880422 0.234123
vt 0.883074 0.234129
vt 0.88291 0.234226
vt 0.894525 0.233495
vt 0.896907 0.233305
vt 0.895188 0.233553
vt 0.879696 0.233554
vt 0.88176 0.233628
vt 0.879267 0.233756
vt 0.879267 0.233756
vt 0.88176 0.233628
vt 0.881157 0.233874
vt 0.881157 0.233874
vt 0.882828 0.233966
vt 0.881271 0.234051
vt 0.879445 0.232936
vt 0.882169 0.232972
vt 0.880775 0.23334
vt 0.883721 0.233235
vt 0.885076 0.233517
vt 0.88176 0.233628
vt 0.884291 0.233759
vt 0.886046 0.23392
vt 0.882828 0.233966
vt 0.882828 0.233966
vt 0.886046 0.23392
vt 0.884931 0.234043
vt 0.882828 0.233966
vt 0.884931 0.234043
vt 0.883074 0.234129
vt 0.884931 0.234043
vt 0.885541 0.234188
vt 0.883074 0.234129
vt 0.885076 0.233517
vt 0.886868 0.233748
vt 0.884291 0.233759
vt 0.88291 0.234226
vt 0.885435 0.234249
vt 0.884755 0.234278
vt 0.889029 0.232692
vt 0.888696 0.233158
vt 0.885706 0.232957
vt 0.885706 0.232957
vt 0.888696 0.233158
vt 0.886588 0.23332
vt 0.888696 0.233158
vt 0.888848 0.233495
vt 0.886588 0.23332
vt 0.887321 0.23401
vt 0.886528 0.234125
vt 0.884931 0.234043
vt 0.886868 0.233748
vt 0.888622 0.233744
vt 0.886046 0.23392
vt 0.890891 0.232976
vt 0.891131 0.233335
vt 0.888696 0.233158
vt 0.888622 0.233744
vt 0.889039 0.233865
vt 0.886046 0.23392
vt 0.891131 0.233335
vt 0.89102 0.233628
vt 0.888848 0.233495
vt 0.888848 0.233495
vt 0.89102 0.233628
vt 0.888622 0.233744
vt 0.889039 0.233865
vt 0.889419 0.233957
vt 0.887321 0.23401
vt 0.884755 0.234278
vt 0.884477 0.234294
vt 0.883129 0.234297
vt 0.887321 0.23401
vt 0.889419 0.233957
vt 0.88814 0.234087
vt 0.893798 0.233169
vt 0.892902 0.233486
vt 0.891131 0.233335
vt 0.891131 0.233335
vt 0.892902 0.233486
vt 0.89102 0.233628
vt 0.89102 0.233628
vt 0.891833 0.233753
vt 0.889039 0.233865
vt 0.889039 0.233865
vt 0.891833 0.233753
vt 0.889419 0.233957
vt 0.88814 0.234087
vt 0.887513 0.234182
vt 0.886528 0.234125
vt 0.885541 0.234188
vt 0.887513 0.234182
vt 0.885435 0.234249
vt 0.894411 0.232883
vt 0.896035 0.232981
vt 0.893798 0.233169
vt 0.893798 0.233169
vt 0.894468 0.233328
vt 0.892902 0.233486
vt 0.893798 0.233169
vt 0.896035 0.232981
vt 0.894468 0.233328
vt 0.891833 0.233753
vt 0.890413 0.233964
vt 0.889419 0.233957
vt 0.892902 0.233486
vt 0.894525 0.233495
vt 0.891833 0.233753
vt 0.894525 0.233495
vt 0.892703 0.233766
vt 0.891833 0.233753
vt 0.897519 0.232881
vt 0.898367 0.232955
vt 0.896476 0.233177
vt 0.898367 0.232955
vt 0.896907 0.233305
vt 0.896476 0.233177
vt 0.898989 0.232959
vt 0.896516 0.233401
vt 0.896907 0.233305
vt 0.889232 0.23413
vt 0.88715 0.234233
vt 0.887513 0.234182
vt 0.895188 0.233553
vt 0.893283 0.233801
vt 0.892703 0.233766
vt 0.898367 0.232955
vt 0.898989 0.232959
vt 0.896907 0.233305
vt 0.884755 0.234278
vt 0.885835 0.234266
vt 0.884477 0.234294
vt 0.893283 0.233801
vt 0.891495 0.233968
vt 0.890429 0.234024
vt 0.895642 0.233473
vt 0.896876 0.233145
vt 0.894747 0.233481
vt 0.895188 0.233553
vt 0.896516 0.233401
vt 0.893283 0.233801
vt 0.896516 0.233401
vt 0.895642 0.233473
vt 0.893626 0.233752
vt 0.893626 0.233752
vt 0.892626 0.233773
vt 0.891495 0.233968
vt 0.891495 0.233968
vt 0.890668 0.233968
vt 0.889344 0.234113
vt 0.889344 0.234113
vt 0.887424 0.234185
vt 0.88715 0.234233
vt 0.894747 0.233481
vt 0.895468 0.233172
vt 0.894055 0.233409
vt 0.895642 0.233473
vt 0.894747 0.233481
vt 0.892626 0.233773
vt 0.892626 0.233773
vt 0.890668 0.233968
vt 0.891495 0.233968
vt 0.89857 0.232892
vt 0.897084 0.232883
vt 0.896876 0.233145
vt 0.890668 0.233968
vt 0.889173 0.234054
vt 0.889344 0.234113
vt 0.894747 0.233481
vt 0.892843 0.233618
vt 0.892626 0.233773
vt 0.897084 0.232883
vt 0.895468 0.233172
vt 0.896876 0.233145
vt 0.881969 0.231572
vt 0.883312 0.231673
vt 0.883459 0.231562
vt 0.894055 0.233409
vt 0.892843 0.233618
vt 0.894747 0.233481
vt 0.892626 0.233773
vt 0.890331 0.233867
vt 0.890668 0.233968
vt 0.897084 0.232883
vt 0.894827 0.232994
vt 0.895468 0.233172
vt 0.894827 0.232994
vt 0.893523 0.233245
vt 0.895468 0.233172
vt 0.892843 0.233618
vt 0.892085 0.233479
vt 0.891031 0.233692
vt 0.890331 0.233867
vt 0.88792 0.234056
vt 0.889173 0.234054
vt 0.88792 0.234056
vt 0.88559 0.234145
vt 0.887424 0.234185
vt 0.890331 0.233867
vt 0.88871 0.233766
vt 0.888299 0.233917
vt 0.885835 0.234266
vt 0.884896 0.234229
vt 0.884149 0.234277
vt 0.892198 0.233143
vt 0.889898 0.233247
vt 0.890555 0.233481
vt 0.892986 0.232882
vt 0.890243 0.232971
vt 0.892198 0.233143
vt 0.889898 0.233247
vt 0.888667 0.233489
vt 0.890555 0.233481
vt 0.890555 0.233481
vt 0.888667 0.233489
vt 0.88871 0.233766
vt 0.888299 0.233917
vt 0.886199 0.233951
vt 0.88792 0.234056
vt 0.886199 0.233951
vt 0.88559 0.234145
vt 0.88792 0.234056
vt 0.890243 0.232971
vt 0.888242 0.232983
vt 0.889898 0.233247
vt 0.886117 0.233338
vt 0.886561 0.233635
vt 0.888667 0.233489
vt 0.888242 0.232983
vt 0.885853 0.232974
vt 0.886117 0.233338
vt 0.885072 0.233752
vt 0.883011 0.233934
vt 0.886199 0.233951
vt 0.886199 0.233951
vt 0.883404 0.234047
vt 0.88559 0.234145
vt 0.885853 0.232974
vt 0.883452 0.232999
vt 0.886117 0.233338
vt 0.886117 0.233338
vt 0.883265 0.233681
vt 0.886561 0.233635
vt 0.88559 0.234145
vt 0.882757 0.234216
vt 0.884896 0.234229
vt 0.884149 0.234277
vt 0.882479 0.234287
vt 0.884477 0.234294
vt 0.883452 0.232999
vt 0.882858 0.233328
vt 0.886117 0.233338
vt 0.885072 0.233752
vt 0.883265 0.233681
vt 0.883011 0.233934
vt 0.882115 0.231482
vt 0.883459 0.231562
vt 0.883459 0.231497
vt 0.880807 0.231596
vt 0.882115 0.231482
vt 0.880217 0.231486
vt 0.877422 0.231482
vt 0.878442 0.231595
vt 0.879333 0.23151
vt 0.880807 0.231596
vt 0.879333 0.23151
vt 0.879851 0.231692
vt 0.879851 0.231692
vt 0.879333 0.23151
vt 0.878442 0.231595
vt 0.876419 0.231603
vt 0.877422 0.231482
vt 0.876097 0.231497
vt 0.871342 0.231568
vt 0.872427 0.23148
vt 0.870967 0.231499
vt 0.876419 0.231603
vt 0.875158 0.231547
vt 0.87507 0.231674
vt 0.876097 0.231497
vt 0.874305 0.231481
vt 0.875158 0.231547
vt 0.875158 0.231547
vt 0.874305 0.231481
vt 0.874096 0.231618
vt 0.873423 0.231675
vt 0.874096 0.231618
vt 0.87329 0.23152
vt 0.874096 0.231618
vt 0.874305 0.231481
vt 0.87329 0.23152
vt 0.872405 0.231619
vt 0.871342 0.231568
vt 0.871633 0.231669
vt 0.870684 0.231698
vt 0.871342 0.231568
vt 0.870528 0.231568
vt 0.870528 0.231568
vt 0.869709 0.231483
vt 0.869632 0.231586
vt 0.86876 0.231568
vt 0.869361 0.231705
vt 0.869632 0.231586
vt 0.86876 0.231568
vt 0.869709 0.231483
vt 0.868536 0.231499
vt 0.867621 0.231499
vt 0.868133 0.231597
vt 0.868536 0.231499
vt 0.868581 0.231676
vt 0.86876 0.231568
vt 0.868133 0.231597
vt 0.867062 0.231522
vt 0.867394 0.231677
vt 0.86754 0.231585
vt 0.866522 0.2315
vt 0.866688 0.231568
vt 0.866828 0.231483
vt 0.86754 0.231585
vt 0.867621 0.231499
vt 0.867062 0.231522
vt 0.866725 0.231672
vt 0.867062 0.231522
vt 0.866688 0.231568
vt 0.866472 0.231669
vt 0.866688 0.231568
vt 0.866357 0.231593
vt 0.866163 0.231681
vt 0.866226 0.231519
vt 0.866264 0.231543
vt 0.866522 0.2315
vt 0.866382 0.231481
vt 0.866357 0.231593
vt 0.866382 0.231481
vt 0.866226 0.231519
vt 0.866184 0.231619
vt 0.866184 0.231619
vt 0.866226 0.231519
vt 0.866133 0.231681
vt 0.867181 0.2315
vt 0.866685 0.231568
vt 0.866622 0.231499
vt 0.866234 0.231662
vt 0.866264 0.231543
vt 0.866441 0.231568
vt 0.866264 0.231543
vt 0.866322 0.231483
vt 0.866622 0.231499
vt 0.866447 0.231677
vt 0.866441 0.231568
vt 0.866685 0.231568
vt 0.86678 0.231672
vt 0.866685 0.231568
vt 0.867051 0.231615
vt 0.868125 0.231597
vt 0.867806 0.231497
vt 0.868312 0.231482
vt 0.867181 0.2315
vt 0.867806 0.231497
vt 0.867518 0.231574
vt 0.869133 0.231695
vt 0.868778 0.231547
vt 0.869418 0.231564
vt 0.868125 0.231597
vt 0.868778 0.231547
vt 0.868571 0.231679
vt 0.868312 0.231482
vt 0.869484 0.231483
vt 0.868778 0.231547
vt 0.871951 0.231498
vt 0.870925 0.231568
vt 0.871079 0.23148
vt 0.868778 0.231547
vt 0.869484 0.231483
vt 0.869418 0.231564
vt 0.869936 0.231685
vt 0.869418 0.231564
vt 0.870089 0.23152
vt 0.869418 0.231564
vt 0.869484 0.231483
vt 0.870089 0.23152
vt 0.870676 0.231676
vt 0.870089 0.23152
vt 0.870925 0.231568
vt 0.87159 0.231672
vt 0.870925 0.231568
vt 0.871986 0.231585
vt 0.876226 0.231593
vt 0.874722 0.231499
vt 0.876811 0.231497
vt 0.871986 0.231585
vt 0.873218 0.231522
vt 0.872592 0.231668
vt 0.873218 0.231522
vt 0.87415 0.231568
vt 0.873392 0.231674
vt 0.873218 0.231522
vt 0.874722 0.231499
vt 0.87415 0.231568
vt 0.878542 0.23148
vt 0.877323 0.231568
vt 0.876811 0.231497
vt 0.877418 0.231682
vt 0.877323 0.231568
vt 0.878483 0.231597
vt 0.879604 0.231568
vt 0.878542 0.23148
vt 0.880346 0.231497
vt 0.880781 0.231601
vt 0.882115 0.231483
vt 0.881979 0.231568
vt 0.87984 0.231669
vt 0.879604 0.231568
vt 0.880781 0.231601
vt 0.880781 0.231601
vt 0.881979 0.231568
vt 0.882156 0.231665
vt 0.882156 0.231665
vt 0.883179 0.231547
vt 0.883393 0.231674
vt 0.885549 0.231568
vt 0.884343 0.231484
vt 0.886155 0.231499
vt 0.882115 0.231483
vt 0.884343 0.231484
vt 0.883179 0.231547
vt 0.883179 0.231547
vt 0.884343 0.231484
vt 0.884333 0.231596
vt 0.884333 0.231596
vt 0.885549 0.231568
vt 0.885663 0.231673
vt 0.885663 0.231673
vt 0.886726 0.231568
vt 0.886783 0.231681
vt 0.886726 0.231568
vt 0.888428 0.231497
vt 0.887862 0.231594
vt 0.893251 0.231482
vt 0.892303 0.231597
vt 0.891646 0.231485
vt 0.887862 0.231594
vt 0.889329 0.231589
vt 0.889073 0.231693
vt 0.889329 0.231589
vt 0.888428 0.231497
vt 0.890078 0.231522
vt 0.890312 0.231702
vt 0.890078 0.231522
vt 0.891248 0.23162
vt 0.897835 0.231564
vt 0.896922 0.231499
vt 0.898092 0.231497
vt 0.893274 0.231572
vt 0.894238 0.231522
vt 0.893492 0.231661
vt 0.894238 0.231522
vt 0.895142 0.231483
vt 0.895131 0.231596
vt 0.895131 0.231596
vt 0.895985 0.231522
vt 0.895796 0.231692
vt 0.895985 0.231522
vt 0.896922 0.231499
vt 0.896927 0.231589
vt 0.896927 0.231589
vt 0.897835 0.231564
vt 0.897445 0.231674
vt 0.900444 0.231695
vt 0.900565 0.231568
vt 0.900621 0.231679
vt 0.898076 0.231701
vt 0.897835 0.231564
vt 0.89861 0.231619
vt 0.89861 0.231619
vt 0.898092 0.231497
vt 0.898964 0.231522
vt 0.899281 0.23168
vt 0.898964 0.231522
vt 0.899622 0.231584
vt 0.899622 0.231584
vt 0.899347 0.231483
vt 0.900022 0.23152
vt 0.899622 0.231584
vt 0.900022 0.23152
vt 0.899912 0.231682
vt 0.900022 0.23152
vt 0.900348 0.231519
vt 0.900234 0.231671
vt 0.900403 0.231622
vt 0.89994 0.231483
vt 0.900073 0.231568
vt 0.900348 0.231519
vt 0.900606 0.231497
vt 0.900565 0.231568
vt 0.90075 0.231594
vt 0.900606 0.231497
vt 0.900633 0.231499
vt 0.90071 0.231596
vt 0.900633 0.231499
vt 0.900542 0.231517
vt 0.900655 0.231684
vt 0.900542 0.231517
vt 0.900403 0.231622
vt 0.900403 0.231622
vt 0.900073 0.231568
vt 0.900132 0.231677
vt 0.899761 0.231621
vt 0.89994 0.231483
vt 0.899412 0.231499
vt 0.898834 0.23167
vt 0.899264 0.231568
vt 0.898608 0.231568
vt 0.899761 0.231621
vt 0.899264 0.231568
vt 0.899329 0.23168
vt 0.899264 0.231568
vt 0.89855 0.231481
vt 0.898608 0.231568
vt 0.89766 0.231592
vt 0.89855 0.231481
vt 0.897531 0.231504
vt 0.898608 0.231568
vt 0.89766 0.231592
vt 0.898334 0.231678
vt 0.895989 0.231568
vt 0.896506 0.231479
vt 0.895538 0.231499
vt 0.89766 0.231592
vt 0.897531 0.231504
vt 0.896788 0.231592
vt 0.897531 0.231504
vt 0.896506 0.231479
vt 0.896788 0.231592
vt 0.895139 0.231568
vt 0.895912 0.231678
vt 0.895989 0.231568
vt 0.894235 0.231568
vt 0.8951 0.231678
vt 0.895139 0.231568
vt 0.894164 0.231483
vt 0.895139 0.231568
vt 0.895538 0.231499
vt 0.893238 0.231622
vt 0.894164 0.231483
vt 0.892737 0.231501
vt 0.894165 0.231677
vt 0.894235 0.231568
vt 0.893238 0.231622
vt 0.891209 0.231568
vt 0.892737 0.231501
vt 0.890614 0.231499
vt 0.89237 0.231618
vt 0.891209 0.231568
vt 0.891458 0.231676
vt 0.890412 0.231618
vt 0.888714 0.231497
vt 0.888845 0.231587
vt 0.887311 0.231568
vt 0.888714 0.231497
vt 0.886742 0.231499
vt 0.887726 0.231681
vt 0.888845 0.231587
vt 0.887311 0.231568
vt 0.884942 0.231525
vt 0.886317 0.231672
vt 0.886141 0.231568
vt 0.886317 0.231672
vt 0.887311 0.231568
vt 0.886141 0.231568
vt 0.867621 0.231499
vt 0.866828 0.231483
vt 0.867062 0.231522
vt 0.886141 0.231568
vt 0.886742 0.231499
vt 0.884942 0.231525
vt 0.884942 0.231525
vt 0.883459 0.231562
vt 0.884653 0.231674
vt 0.884942 0.231525
vt 0.883459 0.231497
vt 0.883459 0.231562
vt 0.877422 0.231482
vt 0.879333 0.23151
vt 0.880217 0.231486
vt 0.877422 0.231482
vt 0.874305 0.231481
vt 0.876097 0.231497
vt 0.872427 0.23148
vt 0.87329 0.23152
vt 0.874305 0.231481
vt 0.872427 0.23148
vt 0.869709 0.231483
vt 0.870967 0.231499
vt 0.868211 0.231475
vt 0.867621 0.231499
vt 0.868536 0.231499
vt 0.866382 0.231481
vt 0.866522 0.2315
vt 0.866828 0.231483
vt 0.867806 0.231497
vt 0.866916 0.231475
vt 0.868312 0.231482
vt 0.868211 0.231475
vt 0.868536 0.231499
vt 0.869709 0.231483
vt 0.866382 0.231481
vt 0.866322 0.231483
vt 0.866226 0.231519
vt 0.866916 0.231475
vt 0.866622 0.231499
vt 0.866322 0.231483
vt 0.866916 0.231475
vt 0.867181 0.2315
vt 0.866622 0.231499
vt 0.874719 0.231475
vt 0.871951 0.231498
vt 0.871079 0.23148
vt 0.896922 0.231499
vt 0.895142 0.231483
vt 0.897534 0.231475
vt 0.884343 0.231484
vt 0.887834 0.231475
vt 0.886155 0.231499
vt 0.887834 0.231475
vt 0.890078 0.231522
vt 0.888428 0.231497
vt 0.898092 0.231497
vt 0.899347 0.231483
vt 0.898964 0.231522
vt 0.900633 0.231499
vt 0.900286 0.231481
vt 0.900542 0.231517
vt 0.900118 0.231482
vt 0.900022 0.23152
vt 0.899347 0.231483
vt 0.900118 0.231482
vt 0.900534 0.231475
vt 0.900348 0.231519
vt 0.900534 0.231475
vt 0.900633 0.231499
vt 0.900606 0.231497
vt 0.883459 0.231497
vt 0.88639 0.231475
vt 0.882115 0.231482
vt 0.89994 0.231483
vt 0.89855 0.231481
vt 0.899412 0.231499
vt 0.89855 0.231481
vt 0.896506 0.231479
vt 0.897531 0.231504
vt 0.894164 0.231483
vt 0.890619 0.231475
vt 0.892737 0.231501
vt 0.890614 0.231499
vt 0.892737 0.231501
vt 0.890619 0.231475
vt 0.879758 0.232647
vt 0.878069 0.232499
vt 0.877602 0.232583
vt 0.88639 0.231475
vt 0.884942 0.231525
vt 0.886742 0.231499
vt 0.88639 0.231475
vt 0.886742 0.231499
vt 0.888714 0.231497
vt 0.88346 0.232545
vt 0.881984 0.232664
vt 0.883454 0.232664
vt 0.88346 0.232545
vt 0.8821 0.23248
vt 0.881683 0.232584
vt 0.88346 0.232545
vt 0.881683 0.232584
vt 0.881984 0.232664
vt 0.881683 0.232584
vt 0.879758 0.232647
vt 0.881984 0.232664
vt 0.880322 0.23248
vt 0.879758 0.232647
vt 0.881683 0.232584
vt 0.877098 0.232483
vt 0.875758 0.23259
vt 0.877602 0.232583
vt 0.879758 0.232647
vt 0.877602 0.232583
vt 0.878157 0.232661
vt 0.878069 0.232499
vt 0.877098 0.232483
vt 0.877602 0.232583
vt 0.875758 0.23259
vt 0.874535 0.232486
vt 0.874581 0.232649
vt 0.875758 0.23259
vt 0.874581 0.232649
vt 0.876539 0.232664
vt 0.873413 0.232647
vt 0.874535 0.232486
vt 0.873274 0.232482
vt 0.87131 0.232632
vt 0.870387 0.23248
vt 0.870332 0.232648
vt 0.873413 0.232647
vt 0.872185 0.23253
vt 0.87234 0.232667
vt 0.872185 0.23253
vt 0.87131 0.232632
vt 0.87234 0.232667
vt 0.871445 0.232487
vt 0.87131 0.232632
vt 0.872185 0.23253
vt 0.870332 0.232648
vt 0.869335 0.232483
vt 0.869069 0.232621
vt 0.868142 0.232646
vt 0.868624 0.232481
vt 0.868084 0.232465
vt 0.869069 0.232621
vt 0.86934 0.232669
vt 0.870332 0.232648
vt 0.869335 0.232483
vt 0.868624 0.232481
vt 0.869069 0.232621
vt 0.866672 0.232647
vt 0.866908 0.232488
vt 0.866581 0.232488
vt 0.868084 0.232465
vt 0.867589 0.232486
vt 0.868142 0.232646
vt 0.868142 0.232646
vt 0.867297 0.232537
vt 0.867579 0.232665
vt 0.867297 0.232537
vt 0.866908 0.232488
vt 0.867038 0.232646
vt 0.866672 0.232647
vt 0.866319 0.232464
vt 0.866273 0.232583
vt 0.866174 0.232485
vt 0.866183 0.23259
vt 0.866273 0.232583
vt 0.866672 0.232647
vt 0.866273 0.232583
vt 0.866404 0.23266
vt 0.866273 0.232583
vt 0.866247 0.232648
vt 0.866404 0.23266
vt 0.866772 0.23259
vt 0.867265 0.232487
vt 0.867489 0.232618
vt 0.866183 0.23259
vt 0.866345 0.232666
vt 0.866247 0.232648
vt 0.866164 0.232488
vt 0.866358 0.232595
vt 0.866183 0.23259
vt 0.866164 0.232488
vt 0.866303 0.232485
vt 0.866358 0.232595
vt 0.866303 0.232485
vt 0.86648 0.232485
vt 0.866358 0.232595
vt 0.866358 0.232595
vt 0.866772 0.23259
vt 0.866588 0.232648
vt 0.86648 0.232485
vt 0.866784 0.232486
vt 0.866772 0.23259
vt 0.870735 0.232665
vt 0.869931 0.232554
vt 0.870639 0.232554
vt 0.866772 0.23259
vt 0.867489 0.232618
vt 0.867187 0.232663
vt 0.867763 0.23248
vt 0.868377 0.232634
vt 0.867489 0.232618
vt 0.868312 0.232484
vt 0.868977 0.232596
vt 0.868377 0.232634
vt 0.868977 0.232596
vt 0.869534 0.232665
vt 0.868377 0.232634
vt 0.868977 0.232596
vt 0.869931 0.232554
vt 0.869534 0.232665
vt 0.873633 0.232663
vt 0.874364 0.232534
vt 0.875016 0.232662
vt 0.870639 0.232554
vt 0.871211 0.232487
vt 0.871792 0.232583
vt 0.870639 0.232554
vt 0.871792 0.232583
vt 0.870735 0.232665
vt 0.871211 0.232487
vt 0.871982 0.232483
vt 0.871792 0.232583
vt 0.873176 0.232564
vt 0.873633 0.232663
vt 0.872236 0.232661
vt 0.876579 0.232665
vt 0.878043 0.23259
vt 0.878146 0.232663
vt 0.875207 0.232485
vt 0.875968 0.232596
vt 0.874364 0.232534
vt 0.875968 0.232596
vt 0.876579 0.232665
vt 0.875016 0.232662
vt 0.876095 0.232477
vt 0.877079 0.232484
vt 0.875968 0.232596
vt 0.885075 0.232647
vt 0.886142 0.232485
vt 0.886382 0.23259
vt 0.877079 0.232484
vt 0.878163 0.232482
vt 0.878043 0.23259
vt 0.878163 0.232482
vt 0.879506 0.232477
vt 0.878043 0.23259
vt 0.879506 0.232477
vt 0.880677 0.232531
vt 0.879638 0.232626
vt 0.879638 0.232626
vt 0.880677 0.232531
vt 0.880767 0.232664
vt 0.881738 0.232478
vt 0.882405 0.232647
vt 0.880677 0.232531
vt 0.866368 0.232685
vt 0.866404 0.23266
vt 0.866247 0.232648
vt 0.867187 0.232663
vt 0.866684 0.232689
vt 0.866588 0.232648
vt 0.868193 0.232678
vt 0.867187 0.232663
vt 0.867489 0.232618
vt 0.869534 0.232665
vt 0.868193 0.232678
vt 0.868377 0.232634
vt 0.880767 0.232664
vt 0.878146 0.232663
vt 0.879638 0.232626
vt 0.884638 0.232464
vt 0.885075 0.232647
vt 0.883712 0.232553
vt 0.897328 0.232618
vt 0.898411 0.232486
vt 0.898562 0.232596
vt 0.886382 0.23259
vt 0.886367 0.232665
vt 0.885075 0.232647
vt 0.886382 0.23259
vt 0.887702 0.232632
vt 0.886367 0.232665
vt 0.887237 0.232485
vt 0.887702 0.232632
vt 0.886382 0.23259
vt 0.888298 0.232492
vt 0.889024 0.232632
vt 0.887702 0.232632
vt 0.888298 0.232492
vt 0.889273 0.232488
vt 0.889024 0.232632
vt 0.889273 0.232488
vt 0.890313 0.232489
vt 0.89052 0.23259
vt 0.890313 0.232489
vt 0.891527 0.232467
vt 0.89052 0.23259
vt 0.89052 0.23259
vt 0.892584 0.23259
vt 0.890833 0.232666
vt 0.891527 0.232467
vt 0.892754 0.232483
vt 0.892584 0.23259
vt 0.892754 0.232483
vt 0.893875 0.232483
vt 0.892584 0.23259
vt 0.892584 0.23259
vt 0.894263 0.232584
vt 0.893062 0.232646
vt 0.894263 0.232584
vt 0.894671 0.232661
vt 0.893062 0.232646
vt 0.894897 0.232488
vt 0.895796 0.23259
vt 0.894263 0.232584
vt 0.895796 0.23259
vt 0.895733 0.232667
vt 0.894671 0.232661
vt 0.895796 0.23259
vt 0.896796 0.232663
vt 0.895733 0.232667
vt 0.89657 0.232482
vt 0.897328 0.232618
vt 0.895796 0.23259
vt 0.89943 0.232666
vt 0.898562 0.232596
vt 0.899573 0.232568
vt 0.898562 0.232596
vt 0.898385 0.232664
vt 0.897328 0.232618
vt 0.898411 0.232486
vt 0.899309 0.232468
vt 0.898562 0.232596
vt 0.899573 0.232568
vt 0.900068 0.232665
vt 0.89943 0.232666
vt 0.899951 0.232479
vt 0.900186 0.23259
vt 0.899573 0.232568
vt 0.900431 0.232647
vt 0.900314 0.232486
vt 0.900098 0.232586
vt 0.900186 0.23259
vt 0.900446 0.232664
vt 0.900068 0.232665
vt 0.900334 0.232483
vt 0.900573 0.232596
vt 0.900186 0.23259
vt 0.900573 0.232596
vt 0.900654 0.232658
vt 0.900446 0.232664
vt 0.900573 0.232596
vt 0.900746 0.232554
vt 0.900654 0.232658
vt 0.900746 0.232554
vt 0.900782 0.232463
vt 0.900699 0.23259
vt 0.900746 0.232554
vt 0.900699 0.23259
vt 0.900654 0.232658
vt 0.900782 0.232463
vt 0.900728 0.232486
vt 0.900699 0.23259
vt 0.900728 0.232486
vt 0.900577 0.232484
vt 0.900699 0.23259
vt 0.900003 0.232481
vt 0.899437 0.23259
vt 0.900098 0.232586
vt 0.900098 0.232586
vt 0.899851 0.232668
vt 0.900431 0.232647
vt 0.899437 0.23259
vt 0.89879 0.232491
vt 0.898557 0.23259
vt 0.899437 0.23259
vt 0.898942 0.232663
vt 0.899851 0.232668
vt 0.89528 0.232631
vt 0.895988 0.232462
vt 0.8952 0.232486
vt 0.898557 0.23259
vt 0.898025 0.232665
vt 0.898942 0.232663
vt 0.898147 0.232485
vt 0.897298 0.232623
vt 0.898557 0.23259
vt 0.897494 0.232486
vt 0.896742 0.232489
vt 0.897298 0.232623
vt 0.896742 0.232489
vt 0.895988 0.232462
vt 0.896191 0.232627
vt 0.88667 0.23259
vt 0.88842 0.232481
vt 0.886734 0.23248
vt 0.89433 0.23254
vt 0.892605 0.232583
vt 0.893594 0.232664
vt 0.892605 0.232583
vt 0.891751 0.232663
vt 0.893594 0.232664
vt 0.892043 0.232479
vt 0.890517 0.23259
vt 0.892605 0.232583
vt 0.890517 0.23259
vt 0.890378 0.232664
vt 0.891751 0.232663
vt 0.890517 0.23259
vt 0.888891 0.232657
vt 0.890378 0.232664
vt 0.889737 0.232483
vt 0.888626 0.232594
vt 0.890517 0.23259
vt 0.887372 0.232665
vt 0.888626 0.232594
vt 0.88667 0.23259
vt 0.870646 0.231403
vt 0.870805 0.23128
vt 0.870753 0.231381
vt 0.886734 0.23248
vt 0.885214 0.232486
vt 0.88667 0.23259
vt 0.88667 0.23259
vt 0.884793 0.232626
vt 0.885729 0.232663
vt 0.885214 0.232486
vt 0.884237 0.232489
vt 0.884793 0.232626
vt 0.884237 0.232489
vt 0.88346 0.232545
vt 0.884793 0.232626
vt 0.900725 0.23246
vt 0.900782 0.232463
vt 0.900746 0.232554
vt 0.890833 0.232666
vt 0.889029 0.232692
vt 0.889024 0.232632
vt 0.894671 0.232661
vt 0.893002 0.232688
vt 0.893062 0.232646
vt 0.898385 0.232664
vt 0.896796 0.232663
vt 0.897328 0.232618
vt 0.883454 0.232664
vt 0.885729 0.232663
vt 0.884793 0.232626
vt 0.871163 0.231281
vt 0.871125 0.231439
vt 0.871123 0.231381
vt 0.870753 0.231381
vt 0.870949 0.231303
vt 0.870779 0.231442
vt 0.871163 0.231281
vt 0.871123 0.231381
vt 0.870949 0.231303
vt 0.871123 0.231381
vt 0.871125 0.231439
vt 0.870779 0.231442
vt 0.871547 0.23145
vt 0.872317 0.231381
vt 0.872404 0.231446
vt 0.871553 0.231279
vt 0.871756 0.23138
vt 0.871125 0.231439
vt 0.871553 0.231279
vt 0.872063 0.231281
vt 0.871756 0.23138
vt 0.875355 0.231439
vt 0.875572 0.231281
vt 0.875576 0.231381
vt 0.872063 0.231281
vt 0.872694 0.2313
vt 0.872317 0.231381
vt 0.872317 0.231381
vt 0.872694 0.2313
vt 0.872404 0.231446
vt 0.873436 0.231281
vt 0.873329 0.231428
vt 0.872694 0.2313
vt 0.874153 0.231332
vt 0.874342 0.23145
vt 0.873329 0.231428
vt 0.874153 0.231332
vt 0.875355 0.231439
vt 0.874342 0.23145
vt 0.877155 0.231381
vt 0.878524 0.23145
vt 0.876845 0.231446
vt 0.875576 0.231381
vt 0.876377 0.231304
vt 0.876845 0.231446
vt 0.87717 0.231282
vt 0.877155 0.231381
vt 0.876377 0.231304
vt 0.880043 0.231428
vt 0.878888 0.231279
vt 0.880078 0.231281
vt 0.878888 0.231279
vt 0.87885 0.23138
vt 0.87804 0.231329
vt 0.883771 0.23143
vt 0.885035 0.23128
vt 0.885016 0.231381
vt 0.880043 0.231428
vt 0.880986 0.231303
vt 0.881228 0.231436
vt 0.881976 0.231281
vt 0.881898 0.231381
vt 0.880986 0.231303
vt 0.881898 0.231381
vt 0.882441 0.231465
vt 0.881228 0.231436
vt 0.883105 0.231347
vt 0.88364 0.23126
vt 0.883771 0.23143
vt 0.886836 0.231281
vt 0.887388 0.231435
vt 0.886878 0.231381
vt 0.883771 0.23143
vt 0.885016 0.231381
vt 0.885161 0.231465
vt 0.885016 0.231381
vt 0.885929 0.231303
vt 0.886243 0.231436
vt 0.886836 0.231281
vt 0.886878 0.231381
vt 0.885929 0.231303
vt 0.886878 0.231381
vt 0.887388 0.231435
vt 0.886243 0.231436
vt 0.892757 0.23143
vt 0.893478 0.231281
vt 0.893543 0.231381
vt 0.888026 0.231279
vt 0.88866 0.23143
vt 0.887388 0.231435
vt 0.888026 0.231279
vt 0.889181 0.23128
vt 0.88866 0.23143
vt 0.88866 0.23143
vt 0.889759 0.231381
vt 0.88993 0.231465
vt 0.889181 0.23128
vt 0.890298 0.2313
vt 0.889759 0.231381
vt 0.889759 0.231381
vt 0.890298 0.2313
vt 0.890834 0.231436
vt 0.891342 0.231281
vt 0.891338 0.231381
vt 0.890298 0.2313
vt 0.891338 0.231381
vt 0.891847 0.231465
vt 0.890834 0.231436
vt 0.892695 0.231278
vt 0.892757 0.23143
vt 0.892028 0.231331
vt 0.895789 0.231439
vt 0.895752 0.231281
vt 0.895791 0.231381
vt 0.892757 0.23143
vt 0.893543 0.231381
vt 0.893801 0.231467
vt 0.893543 0.231381
vt 0.89406 0.231304
vt 0.893987 0.231436
vt 0.89455 0.231282
vt 0.894622 0.231428
vt 0.89406 0.231304
vt 0.895095 0.231334
vt 0.895367 0.23145
vt 0.894622 0.231428
vt 0.895095 0.231334
vt 0.895789 0.231439
vt 0.895367 0.23145
vt 0.896123 0.231281
vt 0.896251 0.23138
vt 0.896161 0.231381
vt 0.895791 0.231381
vt 0.895965 0.231303
vt 0.896119 0.231436
vt 0.896123 0.231281
vt 0.896161 0.231381
vt 0.895965 0.231303
vt 0.896161 0.231381
vt 0.896298 0.23145
vt 0.896119 0.231436
vt 0.895791 0.231381
vt 0.895361 0.231279
vt 0.895284 0.231376
vt 0.896251 0.23138
vt 0.896368 0.231466
vt 0.896298 0.23145
vt 0.896251 0.23138
vt 0.8962 0.23133
vt 0.896368 0.231466
vt 0.8962 0.23133
vt 0.896109 0.23128
vt 0.896198 0.231428
vt 0.896198 0.231428
vt 0.895965 0.231303
vt 0.896008 0.231436
vt 0.895752 0.231281
vt 0.895791 0.231381
vt 0.895965 0.231303
vt 0.895791 0.231381
vt 0.895846 0.231465
vt 0.896008 0.231436
vt 0.893478 0.231281
vt 0.892725 0.23138
vt 0.893543 0.231381
vt 0.895284 0.231376
vt 0.895043 0.231448
vt 0.895846 0.231465
vt 0.895361 0.231279
vt 0.894851 0.23128
vt 0.895284 0.231376
vt 0.895284 0.231376
vt 0.894597 0.231381
vt 0.895043 0.231448
vt 0.894851 0.23128
vt 0.89422 0.2313
vt 0.894597 0.231381
vt 0.894597 0.231381
vt 0.89422 0.2313
vt 0.894302 0.231436
vt 0.893478 0.231281
vt 0.893543 0.231381
vt 0.89422 0.2313
vt 0.893543 0.231381
vt 0.893714 0.231465
vt 0.894302 0.231436
vt 0.893714 0.231465
vt 0.892725 0.23138
vt 0.892572 0.23145
vt 0.892725 0.23138
vt 0.891839 0.231279
vt 0.891824 0.231381
vt 0.88993 0.231465
vt 0.88869 0.231334
vt 0.88839 0.23145
vt 0.892725 0.23138
vt 0.891824 0.231381
vt 0.892572 0.23145
vt 0.891824 0.231381
vt 0.891042 0.231329
vt 0.891139 0.231446
vt 0.891042 0.231329
vt 0.890483 0.231306
vt 0.891139 0.231446
vt 0.889725 0.231331
vt 0.88993 0.231465
vt 0.891139 0.231446
vt 0.887299 0.231435
vt 0.886836 0.231281
vt 0.886878 0.231381
vt 0.88869 0.231334
vt 0.887299 0.231435
vt 0.88839 0.23145
vt 0.884938 0.231281
vt 0.88377 0.23138
vt 0.885016 0.231381
vt 0.886878 0.231381
vt 0.885929 0.231303
vt 0.886243 0.231436
vt 0.884938 0.231281
vt 0.885016 0.231381
vt 0.885929 0.231303
vt 0.885016 0.231381
vt 0.885161 0.231465
vt 0.886243 0.231436
vt 0.885161 0.231465
vt 0.88377 0.23138
vt 0.883457 0.23145
vt 0.880078 0.231281
vt 0.879616 0.231435
vt 0.880036 0.231381
vt 0.88377 0.23138
vt 0.882884 0.23133
vt 0.883457 0.23145
vt 0.882884 0.23133
vt 0.881879 0.23128
vt 0.881875 0.231428
vt 0.881875 0.231428
vt 0.880986 0.231303
vt 0.880671 0.231436
vt 0.880078 0.231281
vt 0.880036 0.231381
vt 0.880986 0.231303
vt 0.880036 0.231381
vt 0.879616 0.231435
vt 0.880671 0.231436
vt 0.874189 0.23138
vt 0.873436 0.231281
vt 0.873329 0.231428
vt 0.878888 0.231279
vt 0.878272 0.23138
vt 0.879616 0.231435
vt 0.878888 0.231279
vt 0.877733 0.23128
vt 0.878272 0.23138
vt 0.878272 0.23138
vt 0.877155 0.231381
vt 0.877516 0.23145
vt 0.877733 0.23128
vt 0.876616 0.2313
vt 0.877155 0.231381
vt 0.877155 0.231381
vt 0.876616 0.2313
vt 0.876552 0.231436
vt 0.875572 0.231281
vt 0.875567 0.231428
vt 0.876616 0.2313
vt 0.874887 0.231331
vt 0.874342 0.23145
vt 0.875567 0.231428
vt 0.874219 0.231278
vt 0.874189 0.23138
vt 0.874887 0.231331
vt 0.872333 0.231467
vt 0.87182 0.231334
vt 0.871547 0.23145
vt 0.873329 0.231428
vt 0.872854 0.231304
vt 0.872612 0.231436
vt 0.872364 0.231282
vt 0.872317 0.231381
vt 0.872854 0.231304
vt 0.872317 0.231381
vt 0.872333 0.231467
vt 0.872612 0.231436
vt 0.871125 0.231439
vt 0.871163 0.231281
vt 0.871123 0.231381
vt 0.87182 0.231334
vt 0.871125 0.231439
vt 0.871547 0.23145
vt 0.871547 0.23145
vt 0.870757 0.231475
vt 0.871125 0.231439
vt 0.871123 0.231381
vt 0.870949 0.231303
vt 0.870779 0.231442
vt 0.870791 0.23128
vt 0.870725 0.231363
vt 0.870949 0.231303
vt 0.870725 0.231363
vt 0.870606 0.231451
vt 0.870779 0.231442
vt 0.870725 0.231363
vt 0.870703 0.231301
vt 0.870646 0.231403
vt 0.870606 0.231451
vt 0.870646 0.231403
vt 0.870528 0.231469
vt 0.870528 0.231469
vt 0.870779 0.231442
vt 0.870757 0.231475
vt 0.873812 0.231475
vt 0.872404 0.231446
vt 0.873329 0.231428
vt 0.870757 0.231475
vt 0.870779 0.231442
vt 0.871125 0.231439
vt 0.873812 0.231475
vt 0.875355 0.231439
vt 0.876218 0.231475
vt 0.878524 0.23145
vt 0.876218 0.231475
vt 0.876845 0.231446
vt 0.873812 0.231475
vt 0.873329 0.231428
vt 0.874342 0.23145
vt 0.871547 0.23145
vt 0.872404 0.231446
vt 0.871852 0.231475
vt 0.894622 0.231428
vt 0.893801 0.231467
vt 0.893987 0.231436
vt 0.878524 0.23145
vt 0.880043 0.231428
vt 0.879455 0.231475
vt 0.880043 0.231428
vt 0.881228 0.231436
vt 0.879455 0.231475
vt 0.879455 0.231475
vt 0.881228 0.231436
vt 0.882441 0.231465
vt 0.875355 0.231439
vt 0.876845 0.231446
vt 0.876218 0.231475
vt 0.887388 0.231435
vt 0.887848 0.231475
vt 0.885161 0.231465
vt 0.887848 0.231475
vt 0.887388 0.231435
vt 0.88866 0.23143
vt 0.88993 0.231465
vt 0.890834 0.231436
vt 0.891847 0.231465
vt 0.89523 0.231475
vt 0.895789 0.231439
vt 0.896236 0.231475
vt 0.89523 0.231475
vt 0.894622 0.231428
vt 0.895367 0.23145
vt 0.896368 0.231466
vt 0.896008 0.231436
vt 0.895846 0.231465
vt 0.895789 0.231439
vt 0.896119 0.231436
vt 0.896236 0.231475
vt 0.896236 0.231475
vt 0.896119 0.231436
vt 0.896298 0.23145
vt 0.882822 0.231475
vt 0.880671 0.231436
vt 0.879455 0.231475
vt 0.89523 0.231475
vt 0.895846 0.231465
vt 0.895043 0.231448
vt 0.895043 0.231448
vt 0.894302 0.231436
vt 0.893714 0.231465
vt 0.892572 0.23145
vt 0.891139 0.231446
vt 0.892205 0.231475
vt 0.887299 0.231435
vt 0.886243 0.231436
vt 0.885161 0.231465
vt 0.883457 0.23145
vt 0.881875 0.231428
vt 0.882822 0.231475
vt 0.88839 0.23145
vt 0.887299 0.231435
vt 0.887848 0.231475
vt 0.879455 0.231475
vt 0.880671 0.231436
vt 0.879616 0.231435
vt 0.874342 0.23145
vt 0.876218 0.231475
vt 0.875567 0.231428
vt 0.879455 0.231475
vt 0.879616 0.231435
vt 0.878818 0.231451
vt 0.878818 0.231451
vt 0.877516 0.23145
vt 0.879455 0.231475
vt 0.877516 0.23145
vt 0.876552 0.231436
vt 0.876218 0.231475
vt 0.872333 0.231467
vt 0.873329 0.231428
vt 0.872612 0.231436
vt 0.876218 0.231475
vt 0.876552 0.231436
vt 0.875567 0.231428
vt 0.874342 0.23145
vt 0.873329 0.231428
vt 0.873812 0.231475
vt 0.870552 0.231475
vt 0.871125 0.231439
vt 0.870779 0.231442
vt 0.871547 0.23145
vt 0.871125 0.231439
vt 0.871198 0.231475
vt 0.870552 0.231475
vt 0.870779 0.231442
vt 0.870606 0.231451
vt 0.883801 0.223212
vt 0.885691 0.223212
vt 0.885325 0.223069
vt 0.891562 0.223102
vt 0.890149 0.223103
vt 0.890692 0.223206
vt 0.893677 0.223102
vt 0.893749 0.223232
vt 0.894643 0.223222
vt 0.894643 0.223222
vt 0.895337 0.223225
vt 0.895213 0.223098
vt 0.895337 0.223225
vt 0.895795 0.223225
vt 0.895645 0.223095
vt 0.89616 0.223225
vt 0.895963 0.223225
vt 0.895901 0.223095
vt 0.874216 0.223073
vt 0.874074 0.223205
vt 0.873419 0.223208
vt 0.870933 0.223222
vt 0.871281 0.223224
vt 0.871316 0.223105
vt 0.871281 0.223224
vt 0.871805 0.223224
vt 0.871931 0.223098
vt 0.872526 0.223204
vt 0.873601 0.223204
vt 0.873521 0.223062
vt 0.873601 0.223204
vt 0.87495 0.223206
vt 0.874573 0.223067
vt 0.895895 0.219652
vt 0.871206 0.219645
vt 0.888329 0.219647
vt 0.872692 0.219658
vt 0.872579 0.219838
vt 0.872087 0.219834
vt 0.874448 0.219768
vt 0.873298 0.219771
vt 0.873747 0.219648
vt 0.893882 0.219647
vt 0.894026 0.219768
vt 0.893182 0.2198
vt 0.896014 0.219724
vt 0.896072 0.219833
vt 0.896057 0.219835
vt 0.895828 0.219835
vt 0.896072 0.219833
vt 0.896014 0.219724
vt 0.895413 0.21983
vt 0.895828 0.219835
vt 0.89564 0.219653
vt 0.894968 0.219834
vt 0.895413 0.21983
vt 0.895266 0.219677
vt 0.891099 0.219827
vt 0.892148 0.21984
vt 0.892107 0.219684
vt 0.890212 0.219848
vt 0.891099 0.219827
vt 0.890879 0.219661
vt 0.883777 0.21984
vt 0.88526 0.21984
vt 0.885051 0.219658
vt 0.882082 0.219827
vt 0.883777 0.21984
vt 0.883378 0.219671
vt 0.879636 0.21985
vt 0.879975 0.219666
vt 0.878412 0.219657
vt 0.876898 0.219789
vt 0.877672 0.219792
vt 0.878412 0.219657
vt 0.875015 0.219853
vt 0.87596 0.219836
vt 0.875911 0.219647
vt 0.872862 0.219826
vt 0.873319 0.219724
vt 0.872221 0.219671
vt 0.870987 0.219733
vt 0.871599 0.219709
vt 0.871576 0.219648
vt 0.870884 0.219836
vt 0.870987 0.219733
vt 0.870955 0.219664
vt 0.871206 0.219645
vt 0.872692 0.219658
vt 0.872018 0.219681
vt 0.912862 0.225552
vt 0.912737 0.225557
vt 0.908385 0.226025
vt 0.870006 0.226034
vt 0.865908 0.226146
vt 0.868207 0.22638
vt 0.914976 0.217611
vt 0.914891 0.217749
vt 0.914258 0.217764
vt 0.914338 0.217612
vt 0.914258 0.217764
vt 0.91365 0.217761
vt 0.91015 0.217612
vt 0.910661 0.217755
vt 0.909145 0.217756
vt 0.908675 0.217652
vt 0.90631 0.217715
vt 0.90621 0.217583
vt 0.900992 0.217613
vt 0.903308 0.217714
vt 0.90241 0.217759
vt 0.900992 0.217613
vt 0.900898 0.217758
vt 0.899346 0.21776
vt 0.891662 0.217612
vt 0.894833 0.217714
vt 0.893574 0.217758
vt 0.882479 0.217588
vt 0.884206 0.217658
vt 0.883963 0.217766
vt 0.87747 0.217613
vt 0.879716 0.217612
vt 0.878902 0.217756
vt 0.866069 0.217582
vt 0.868889 0.217587
vt 0.868481 0.217713
vt 0.8642 0.217757
vt 0.861677 0.217766
vt 0.862125 0.217611
vt 0.856761 0.217613
vt 0.858186 0.217612
vt 0.857751 0.217754
vt 0.852575 0.217612
vt 0.853708 0.217714
vt 0.853267 0.217758
vt 0.852082 0.217613
vt 0.852575 0.217612
vt 0.852581 0.217757
vt 0.851642 0.217582
vt 0.851434 0.217582
vt 0.85164 0.217716
vt 0.852084 0.217613
vt 0.851991 0.217759
vt 0.852595 0.217758
vt 0.852576 0.217612
vt 0.852595 0.217758
vt 0.853504 0.217765
vt 0.854436 0.217611
vt 0.853487 0.217612
vt 0.853504 0.217765
vt 0.85673 0.217589
vt 0.856253 0.217755
vt 0.858089 0.217757
vt 0.858187 0.217612
vt 0.858089 0.217757
vt 0.859838 0.21776
vt 0.877475 0.217613
vt 0.877124 0.217758
vt 0.879794 0.217764
vt 0.879794 0.217764
vt 0.88278 0.217757
vt 0.882707 0.217612
vt 0.889232 0.217582
vt 0.886309 0.217583
vt 0.887153 0.217652
vt 0.891783 0.217761
vt 0.894713 0.217763
vt 0.894543 0.217612
vt 0.894543 0.217612
vt 0.894713 0.217763
vt 0.896806 0.217756
vt 0.900993 0.217613
vt 0.90047 0.217753
vt 0.90242 0.217759
vt 0.908728 0.217611
vt 0.906619 0.217612
vt 0.907219 0.217757
vt 0.914339 0.217611
vt 0.91344 0.217591
vt 0.913615 0.217759
vt 0.914977 0.217612
vt 0.914339 0.217611
vt 0.914333 0.217758
vt 0.914932 0.217758
vt 0.915224 0.217769
vt 0.915359 0.21759
vt 0.915397 0.217613
vt 0.915359 0.21759
vt 0.915224 0.217769
vt 0.915244 0.208724
vt 0.915291 0.208723
vt 0.915398 0.208876
vt 0.914932 0.208731
vt 0.915244 0.208724
vt 0.91533 0.208877
vt 0.914333 0.208731
vt 0.914932 0.208731
vt 0.914944 0.208845
vt 0.913428 0.208725
vt 0.914333 0.208731
vt 0.914339 0.208878
vt 0.912524 0.208724
vt 0.913428 0.208725
vt 0.913427 0.208877
vt 0.911461 0.208724
vt 0.912524 0.208724
vt 0.912482 0.208878
vt 0.910134 0.208771
vt 0.911575 0.208909
vt 0.908152 0.208902
vt 0.906947 0.208723
vt 0.908152 0.208902
vt 0.905468 0.208898
vt 0.900992 0.208876
vt 0.90047 0.208736
vt 0.90242 0.20873
vt 0.891661 0.208878
vt 0.891783 0.208728
vt 0.893934 0.208726
vt 0.889441 0.208876
vt 0.888843 0.208734
vt 0.891783 0.208728
vt 0.877699 0.208907
vt 0.877598 0.208771
vt 0.880116 0.208783
vt 0.873341 0.208731
vt 0.875646 0.208732
vt 0.875252 0.208878
vt 0.864246 0.208734
vt 0.866945 0.208735
vt 0.865922 0.208876
vt 0.862262 0.208732
vt 0.864246 0.208734
vt 0.863903 0.208878
vt 0.858234 0.208725
vt 0.859838 0.208729
vt 0.858669 0.208903
vt 0.856758 0.208877
vt 0.856832 0.208729
vt 0.858234 0.208725
vt 0.855863 0.208726
vt 0.856832 0.208729
vt 0.856758 0.208877
vt 0.852494 0.208907
vt 0.852762 0.208773
vt 0.853692 0.208775
vt 0.852083 0.208876
vt 0.851991 0.20873
vt 0.852439 0.208731
vt 0.851737 0.208724
vt 0.851724 0.208878
vt 0.851513 0.208877
vt 0.854437 0.208878
vt 0.854918 0.208731
vt 0.853922 0.208729
vt 0.859696 0.208732
vt 0.858221 0.208726
vt 0.858186 0.208878
vt 0.864026 0.208725
vt 0.862122 0.208731
vt 0.863081 0.208902
vt 0.867163 0.208906
vt 0.865918 0.208771
vt 0.863899 0.208837
vt 0.87045 0.208724
vt 0.870106 0.208878
vt 0.872258 0.208899
vt 0.874621 0.20873
vt 0.872429 0.208719
vt 0.872258 0.208899
vt 0.877473 0.208876
vt 0.878548 0.20873
vt 0.876274 0.208731
vt 0.880718 0.208724
vt 0.879717 0.208877
vt 0.882708 0.208831
vt 0.885428 0.208902
vt 0.885415 0.208723
vt 0.88272 0.208719
vt 0.891268 0.208732
vt 0.888316 0.208731
vt 0.889442 0.208876
vt 0.893574 0.208731
vt 0.891268 0.208732
vt 0.891661 0.208877
vt 0.904652 0.208732
vt 0.902669 0.208733
vt 0.903013 0.208878
vt 0.908728 0.208878
vt 0.908825 0.208732
vt 0.907077 0.208729
vt 0.914339 0.208878
vt 0.91432 0.20873
vt 0.91365 0.208728
vt 0.914977 0.208878
vt 0.914924 0.20873
vt 0.91432 0.20873
vt 0.915177 0.208724
vt 0.914924 0.20873
vt 0.914977 0.208878
vt 0.915244 0.212292
vt 0.915291 0.21229
vt 0.915398 0.212443
vt 0.914932 0.212298
vt 0.915244 0.212292
vt 0.91533 0.212445
vt 0.914331 0.2123
vt 0.914932 0.212298
vt 0.914977 0.212445
vt 0.913642 0.212297
vt 0.914331 0.2123
vt 0.914339 0.212445
vt 0.908861 0.212301
vt 0.910692 0.212302
vt 0.910152 0.212443
vt 0.907219 0.212299
vt 0.908861 0.212301
vt 0.908728 0.212445
vt 0.900988 0.212444
vt 0.90047 0.212303
vt 0.90242 0.212297
vt 0.891949 0.21234
vt 0.894809 0.212343
vt 0.894049 0.212474
vt 0.889442 0.212443
vt 0.888605 0.212296
vt 0.89064 0.212298
vt 0.88653 0.212299
vt 0.887197 0.212445
vt 0.884206 0.212444
vt 0.881837 0.212445
vt 0.881061 0.212296
vt 0.884216 0.212298
vt 0.875646 0.212299
vt 0.878324 0.212297
vt 0.877467 0.212444
vt 0.872682 0.212292
vt 0.875646 0.212299
vt 0.875253 0.212445
vt 0.870106 0.212445
vt 0.869763 0.212291
vt 0.872682 0.212292
vt 0.864246 0.212301
vt 0.866945 0.212302
vt 0.865922 0.212443
vt 0.862262 0.212299
vt 0.864246 0.212301
vt 0.863901 0.212445
vt 0.856762 0.212443
vt 0.856382 0.212299
vt 0.857769 0.2123
vt 0.852575 0.212445
vt 0.852815 0.212297
vt 0.853329 0.212295
vt 0.851819 0.212302
vt 0.85231 0.212296
vt 0.852082 0.212444
vt 0.851819 0.212302
vt 0.851724 0.212445
vt 0.851485 0.212465
vt 0.852581 0.212299
vt 0.851982 0.212298
vt 0.852083 0.212443
vt 0.853266 0.212298
vt 0.852581 0.212299
vt 0.852576 0.212445
vt 0.854441 0.212343
vt 0.853708 0.212342
vt 0.853419 0.212475
vt 0.858053 0.212301
vt 0.856222 0.212302
vt 0.856762 0.212443
vt 0.858053 0.212301
vt 0.858186 0.212445
vt 0.859585 0.21247
vt 0.863901 0.212445
vt 0.8642 0.212299
vt 0.862102 0.212296
vt 0.865922 0.212443
vt 0.866894 0.212301
vt 0.8642 0.212299
vt 0.875253 0.212445
vt 0.875596 0.212298
vt 0.873352 0.212295
vt 0.877473 0.212443
vt 0.878548 0.212297
vt 0.875596 0.212298
vt 0.880718 0.212291
vt 0.879717 0.212445
vt 0.882451 0.212463
vt 0.885445 0.21247
vt 0.885415 0.21229
vt 0.88272 0.212286
vt 0.891268 0.212299
vt 0.888316 0.212298
vt 0.889442 0.212443
vt 0.893574 0.212298
vt 0.891268 0.212299
vt 0.891661 0.212445
vt 0.900852 0.212338
vt 0.898458 0.212348
vt 0.898116 0.212471
vt 0.905198 0.212291
vt 0.902669 0.212301
vt 0.903013 0.212445
vt 0.907077 0.212296
vt 0.905198 0.212291
vt 0.905471 0.212444
vt 0.90828 0.212298
vt 0.907077 0.212296
vt 0.907237 0.212445
vt 0.911338 0.212293
vt 0.909778 0.212301
vt 0.910241 0.21247
vt 0.912427 0.212344
vt 0.911977 0.212472
vt 0.913514 0.212475
vt 0.914977 0.212445
vt 0.914924 0.212297
vt 0.91432 0.212297
vt 0.915177 0.212291
vt 0.914924 0.212297
vt 0.914977 0.212445
vt 0.914392 0.210447
vt 0.914119 0.210582
vt 0.913209 0.210572
vt 0.910152 0.210479
vt 0.910383 0.210618
vt 0.908513 0.210627
vt 0.908513 0.210627
vt 0.906954 0.210629
vt 0.907234 0.210477
vt 0.903011 0.210477
vt 0.905671 0.210582
vt 0.904652 0.210623
vt 0.90063 0.210453
vt 0.903011 0.210477
vt 0.902669 0.210621
vt 0.89446 0.210451
vt 0.894476 0.210634
vt 0.89249 0.210629
vt 0.889436 0.210478
vt 0.890292 0.210623
vt 0.887145 0.21062
vt 0.887145 0.21062
vt 0.883972 0.210631
vt 0.884544 0.210475
vt 0.877097 0.210589
vt 0.874965 0.210582
vt 0.875268 0.210447
vt 0.874965 0.210582
vt 0.872122 0.21058
vt 0.872047 0.210447
vt 0.858148 0.210449
vt 0.860813 0.210447
vt 0.860125 0.21058
vt 0.856758 0.210478
vt 0.858558 0.210579
vt 0.857886 0.210627
vt 0.853698 0.210449
vt 0.853472 0.210579
vt 0.852625 0.210517
vt 0.851794 0.210631
vt 0.851623 0.210636
vt 0.851492 0.210459
vt 0.851492 0.210459
vt 0.851623 0.210636
vt 0.851649 0.210627
vt 0.851529 0.210452
vt 0.851649 0.210627
vt 0.851851 0.210623
vt 0.852576 0.210477
vt 0.852717 0.210627
vt 0.853391 0.210629
vt 0.856876 0.210584
vt 0.858525 0.210576
vt 0.858757 0.210454
vt 0.861378 0.21045
vt 0.861243 0.210582
vt 0.863669 0.210583
vt 0.875068 0.210449
vt 0.871561 0.210447
vt 0.872916 0.21058
vt 0.879794 0.210629
vt 0.882068 0.210627
vt 0.880288 0.210449
vt 0.889441 0.210479
vt 0.888843 0.210621
vt 0.891003 0.210625
vt 0.892006 0.210576
vt 0.894849 0.210572
vt 0.89513 0.210449
vt 0.900997 0.210478
vt 0.90047 0.210619
vt 0.90312 0.210627
vt 0.90312 0.210627
vt 0.905588 0.210631
vt 0.905473 0.210477
vt 0.907241 0.210477
vt 0.905473 0.210477
vt 0.905588 0.210631
vt 0.910152 0.210479
vt 0.908728 0.210477
vt 0.909028 0.210627
vt 0.912442 0.210624
vt 0.913431 0.210631
vt 0.913427 0.210478
vt 0.913427 0.210478
vt 0.913431 0.210631
vt 0.914098 0.210622
vt 0.915398 0.210478
vt 0.915331 0.210477
vt 0.915267 0.210622
vt 0.913206 0.215909
vt 0.914142 0.215907
vt 0.914431 0.216042
vt 0.903015 0.215971
vt 0.905642 0.215908
vt 0.90462 0.216041
vt 0.899529 0.215867
vt 0.901828 0.21587
vt 0.900997 0.216011
vt 0.873341 0.215865
vt 0.875646 0.215866
vt 0.875252 0.216012
vt 0.862262 0.215867
vt 0.864246 0.215868
vt 0.863903 0.216012
vt 0.858186 0.216012
vt 0.858089 0.215866
vt 0.859838 0.215863
vt 0.856758 0.216011
vt 0.856253 0.215868
vt 0.858089 0.215866
vt 0.853859 0.215865
vt 0.854836 0.215857
vt 0.854432 0.216012
vt 0.852574 0.216012
vt 0.852595 0.215864
vt 0.853264 0.215862
vt 0.852083 0.21601
vt 0.851991 0.215864
vt 0.852595 0.215864
vt 0.851552 0.216012
vt 0.8517 0.215863
vt 0.851616 0.215856
vt 0.852084 0.216011
vt 0.852307 0.215864
vt 0.851949 0.215866
vt 0.857631 0.215868
vt 0.856245 0.215866
vt 0.856764 0.216011
vt 0.863901 0.216012
vt 0.8642 0.215866
vt 0.862102 0.215863
vt 0.865922 0.21601
vt 0.866894 0.215868
vt 0.8642 0.215866
vt 0.875253 0.216012
vt 0.875596 0.215865
vt 0.873352 0.215862
vt 0.877473 0.21601
vt 0.878548 0.215864
vt 0.875596 0.215865
vt 0.880718 0.215858
vt 0.879717 0.216012
vt 0.882708 0.215966
vt 0.885415 0.215857
vt 0.88272 0.215853
vt 0.882708 0.215966
vt 0.891268 0.215866
vt 0.888316 0.215865
vt 0.889441 0.21601
vt 0.893574 0.215866
vt 0.891268 0.215866
vt 0.891661 0.216012
vt 0.901027 0.215903
vt 0.899753 0.216041
vt 0.903334 0.216042
vt 0.905149 0.215908
vt 0.903308 0.215909
vt 0.903334 0.216042
vt 0.908825 0.215867
vt 0.906695 0.215857
vt 0.907237 0.216012
vt 0.910152 0.21601
vt 0.910661 0.215868
vt 0.908825 0.215867
vt 0.912491 0.215908
vt 0.911973 0.21604
vt 0.913446 0.216042
vt 0.914339 0.216012
vt 0.91432 0.215864
vt 0.91365 0.215862
vt 0.914977 0.216012
vt 0.914924 0.215864
vt 0.91432 0.215864
vt 0.914924 0.215864
vt 0.914977 0.216012
vt 0.915353 0.216031
vt 0.914152 0.214149
vt 0.913222 0.214147
vt 0.913365 0.214016
vt 0.910152 0.214046
vt 0.911571 0.214145
vt 0.911051 0.214195
vt 0.910152 0.214046
vt 0.910082 0.214193
vt 0.90868 0.214196
vt 0.908675 0.214085
vt 0.90868 0.214196
vt 0.907223 0.214193
vt 0.90687 0.214043
vt 0.907223 0.214193
vt 0.905558 0.2142
vt 0.889436 0.214045
vt 0.891659 0.214044
vt 0.890649 0.214188
vt 0.876656 0.214162
vt 0.874908 0.214143
vt 0.875271 0.214015
vt 0.8701 0.214044
vt 0.872374 0.214045
vt 0.872201 0.214196
vt 0.868029 0.214044
vt 0.8701 0.214044
vt 0.870108 0.214189
vt 0.865921 0.214046
vt 0.868029 0.214044
vt 0.867839 0.214188
vt 0.863206 0.214194
vt 0.861516 0.214204
vt 0.862167 0.214021
vt 0.858187 0.214045
vt 0.860295 0.214045
vt 0.859967 0.214199
vt 0.856762 0.214046
vt 0.858187 0.214045
vt 0.858366 0.214195
vt 0.854472 0.214191
vt 0.853486 0.214197
vt 0.853487 0.214045
vt 0.852575 0.214044
vt 0.853487 0.214045
vt 0.853486 0.214197
vt 0.852083 0.214046
vt 0.852575 0.214044
vt 0.852581 0.21419
vt 0.852083 0.214046
vt 0.851991 0.214192
vt 0.852478 0.214191
vt 0.856764 0.214045
vt 0.85639 0.214191
vt 0.858089 0.21419
vt 0.858187 0.214045
vt 0.858089 0.21419
vt 0.859838 0.214193
vt 0.863901 0.214044
vt 0.861243 0.214149
vt 0.862262 0.21419
vt 0.865683 0.214015
vt 0.866062 0.214151
vt 0.868456 0.214141
vt 0.877473 0.214046
vt 0.877124 0.214191
vt 0.879794 0.214197
vt 0.879718 0.214044
vt 0.879794 0.214197
vt 0.882068 0.214194
vt 0.88805 0.214052
vt 0.888843 0.214188
vt 0.891003 0.214192
vt 0.892007 0.214143
vt 0.894849 0.214139
vt 0.894914 0.214015
vt 0.898833 0.214085
vt 0.896808 0.214044
vt 0.896806 0.214189
vt 0.903013 0.214044
vt 0.902714 0.21419
vt 0.904813 0.214193
vt 0.908728 0.214044
vt 0.907237 0.214044
vt 0.907219 0.21419
vt 0.911483 0.214196
vt 0.912772 0.214202
vt 0.912479 0.214044
vt 0.91434 0.214044
vt 0.913427 0.214045
vt 0.913615 0.214192
vt 0.914944 0.214077
vt 0.915259 0.214147
vt 0.915426 0.214015
vt 0.852956 0.214009
vt 0.851693 0.214015
vt 0.852083 0.214046
vt 0.913938 0.207423
vt 0.914169 0.207581
vt 0.913241 0.207579
vt 0.90382 0.207391
vt 0.903324 0.207527
vt 0.901582 0.20749
vt 0.894439 0.207393
vt 0.893469 0.207525
vt 0.891616 0.207495
vt 0.861996 0.207402
vt 0.864274 0.207401
vt 0.863494 0.207579
vt 0.85376 0.207393
vt 0.853606 0.207524
vt 0.852722 0.207495
vt 0.852749 0.207429
vt 0.852185 0.207405
vt 0.852221 0.207578
vt 0.853299 0.207398
vt 0.852749 0.207429
vt 0.852745 0.207582
vt 0.854585 0.207578
vt 0.855585 0.207524
vt 0.855343 0.207423
vt 0.858738 0.2074
vt 0.857229 0.207402
vt 0.857797 0.207594
vt 0.861158 0.207534
vt 0.862277 0.207524
vt 0.863094 0.207391
vt 0.869458 0.207394
vt 0.866071 0.207394
vt 0.866904 0.207504
vt 0.875966 0.207401
vt 0.875307 0.207531
vt 0.877463 0.207578
vt 0.891465 0.207429
vt 0.888661 0.207405
vt 0.889556 0.207578
vt 0.893197 0.207398
vt 0.891465 0.207429
vt 0.891841 0.207582
vt 0.90382 0.207391
vt 0.900844 0.207394
vt 0.90141 0.207508
vt 0.90382 0.207391
vt 0.904034 0.20751
vt 0.906471 0.207517
vt 0.910038 0.219472
vt 0.908389 0.219481
vt 0.908762 0.219609
vt 0.908762 0.219609
vt 0.908389 0.219481
vt 0.906806 0.219475
vt 0.894855 0.219606
vt 0.894833 0.219476
vt 0.891988 0.219474
vt 0.874965 0.219474
vt 0.872123 0.219476
vt 0.871456 0.219599
vt 0.863697 0.219473
vt 0.861212 0.219484
vt 0.861182 0.219606
vt 0.85379 0.219599
vt 0.853708 0.219476
vt 0.852773 0.219474
vt 0.880316 0.223217
vt 0.882053 0.223224
vt 0.881939 0.223101
vt 0.851554 0.219576
vt 0.851485 0.219598
vt 0.851614 0.219425
vt 0.852342 0.219599
vt 0.852068 0.219436
vt 0.852525 0.219431
vt 0.852772 0.21948
vt 0.853705 0.219484
vt 0.853527 0.219606
vt 0.854989 0.219605
vt 0.85538 0.219473
vt 0.856876 0.219472
vt 0.858239 0.219538
vt 0.858234 0.219427
vt 0.859838 0.21943
vt 0.858239 0.219538
vt 0.860649 0.219484
vt 0.860446 0.219606
vt 0.863119 0.2196
vt 0.863669 0.219473
vt 0.865394 0.219462
vt 0.875281 0.219595
vt 0.872081 0.219476
vt 0.873323 0.219432
vt 0.875281 0.219595
vt 0.875407 0.219428
vt 0.878397 0.219442
vt 0.882788 0.219598
vt 0.882951 0.219425
vt 0.885066 0.219432
vt 0.890964 0.2196
vt 0.88633 0.219563
vt 0.88738 0.219432
vt 0.892006 0.21948
vt 0.894848 0.219484
vt 0.895458 0.219599
vt 0.902999 0.219596
vt 0.902888 0.219428
vt 0.904645 0.21943
vt 0.908227 0.219606
vt 0.908356 0.219477
vt 0.910016 0.21947
vt 0.914402 0.219609
vt 0.913385 0.219611
vt 0.913442 0.219477
vt 0.914972 0.219575
vt 0.914145 0.21948
vt 0.914443 0.219434
vt 0.91539 0.21957
vt 0.915328 0.219576
vt 0.91527 0.219432
vt 0.915364 0.219597
vt 0.915337 0.219614
vt 0.915328 0.219576
vt 0.898618 0.216059
vt 0.901486 0.216051
vt 0.899753 0.216041
vt 0.86761 0.216051
vt 0.871987 0.216042
vt 0.866912 0.216047
vt 0.864588 0.216049
vt 0.866912 0.216047
vt 0.861979 0.216042
vt 0.91765 0.216052
vt 0.916939 0.216052
vt 0.915032 0.21603
vt 0.898161 0.217587
vt 0.903044 0.217582
vt 0.903712 0.217571
vt 0.874076 0.21757
vt 0.872324 0.217582
vt 0.876664 0.217576
vt 0.859822 0.217576
vt 0.857716 0.217565
vt 0.85536 0.217571
vt 0.852401 0.217576
vt 0.854237 0.217576
vt 0.851664 0.217567
vt 0.851434 0.217582
vt 0.851642 0.217582
vt 0.849681 0.217574
vt 0.877147 0.217576
vt 0.876339 0.217571
vt 0.882251 0.217573
vt 0.868889 0.217587
vt 0.867872 0.217574
vt 0.871642 0.217571
vt 0.860663 0.217566
vt 0.862539 0.217576
vt 0.858556 0.217576
vt 0.89808 0.217589
vt 0.895172 0.217582
vt 0.896389 0.217564
vt 0.908928 0.217582
vt 0.90621 0.217583
vt 0.908674 0.217566
vt 0.911908 0.217587
vt 0.913312 0.217571
vt 0.914922 0.217569
vt 0.914845 0.217576
vt 0.916882 0.217571
vt 0.917439 0.217573
vt 0.89106 0.212475
vt 0.894049 0.212474
vt 0.895299 0.212483
vt 0.851483 0.214023
vt 0.851693 0.214015
vt 0.849681 0.214007
vt 0.8563 0.214004
vt 0.858545 0.214009
vt 0.855543 0.214016
vt 0.904224 0.214003
vt 0.903102 0.214015
vt 0.898962 0.214016
vt 0.905406 0.214024
vt 0.907429 0.213998
vt 0.908992 0.213998
vt 0.915426 0.214015
vt 0.915414 0.214009
vt 0.917439 0.214005
vt 0.911547 0.208919
vt 0.911165 0.208906
vt 0.907537 0.208913
vt 0.908904 0.208917
vt 0.907537 0.208913
vt 0.904955 0.208905
vt 0.904955 0.208905
vt 0.899751 0.208906
vt 0.901472 0.208916
vt 0.883592 0.208917
vt 0.885428 0.208902
vt 0.881939 0.208907
vt 0.854637 0.208916
vt 0.856827 0.208907
vt 0.854377 0.208913
vt 0.852649 0.208915
vt 0.854377 0.208913
vt 0.852508 0.208913
vt 0.908152 0.208902
vt 0.911575 0.208909
vt 0.912056 0.208923
vt 0.880865 0.208925
vt 0.880596 0.208902
vt 0.884964 0.208907
vt 0.854451 0.210439
vt 0.856339 0.210449
vt 0.858757 0.210454
vt 0.852297 0.21045
vt 0.849826 0.210441
vt 0.85139 0.210438
vt 0.86884 0.210454
vt 0.864378 0.210447
vt 0.865355 0.210438
vt 0.915084 0.214199
vt 0.91512 0.215859
vt 0.91466 0.215863
vt 0.914152 0.214149
vt 0.914667 0.21419
vt 0.91466 0.215863
vt 0.91365 0.214194
vt 0.914152 0.214149
vt 0.914142 0.215907
vt 0.913222 0.214147
vt 0.91365 0.214194
vt 0.913648 0.215865
vt 0.912518 0.214198
vt 0.913222 0.214147
vt 0.913206 0.215909
vt 0.911571 0.214145
vt 0.912518 0.214198
vt 0.912514 0.215861
vt 0.911051 0.214195
vt 0.911571 0.214145
vt 0.911562 0.215915
vt 0.910134 0.215906
vt 0.910082 0.214193
vt 0.911051 0.214195
vt 0.859967 0.214199
vt 0.861516 0.214204
vt 0.860649 0.215917
vt 0.852581 0.21419
vt 0.853486 0.214197
vt 0.853264 0.215862
vt 0.851645 0.214144
vt 0.851775 0.214139
vt 0.851775 0.215913
vt 0.851775 0.215913
vt 0.851775 0.214139
vt 0.851982 0.214191
vt 0.851991 0.215864
vt 0.851982 0.214191
vt 0.852581 0.21419
vt 0.855308 0.214152
vt 0.854163 0.214204
vt 0.8544 0.215861
vt 0.857631 0.215868
vt 0.858089 0.21419
vt 0.85639 0.214191
vt 0.8642 0.215866
vt 0.864246 0.214188
vt 0.862262 0.21419
vt 0.868456 0.214141
vt 0.867568 0.214193
vt 0.866894 0.215868
vt 0.866062 0.214151
vt 0.864246 0.214188
vt 0.8642 0.215866
vt 0.874798 0.214189
vt 0.872916 0.214147
vt 0.873352 0.215862
vt 0.908825 0.215867
vt 0.908861 0.214188
vt 0.907219 0.21419
vt 0.912491 0.215908
vt 0.912772 0.214202
vt 0.911483 0.214196
vt 0.910134 0.214151
vt 0.908861 0.214188
vt 0.908825 0.215867
vt 0.914098 0.214189
vt 0.913615 0.214192
vt 0.91365 0.215862
vt 0.905702 0.214139
vt 0.904813 0.214193
vt 0.905149 0.215908
vt 0.9152 0.217715
vt 0.915298 0.217766
vt 0.91527 0.219432
vt 0.908356 0.219477
vt 0.907649 0.217766
vt 0.909145 0.217756
vt 0.90241 0.217759
vt 0.902888 0.219428
vt 0.900997 0.219472
vt 0.872123 0.217714
vt 0.874126 0.217759
vt 0.873323 0.219432
vt 0.87045 0.217765
vt 0.872123 0.217714
vt 0.872081 0.219476
vt 0.868481 0.217713
vt 0.87045 0.217765
vt 0.870439 0.219428
vt 0.867574 0.217763
vt 0.868481 0.217713
vt 0.868456 0.219482
vt 0.862262 0.219433
vt 0.861677 0.217766
vt 0.8642 0.217757
vt 0.859419 0.217766
vt 0.861677 0.217766
vt 0.860649 0.219484
vt 0.851775 0.219484
vt 0.851775 0.217711
vt 0.85164 0.217716
vt 0.851982 0.219432
vt 0.851991 0.217759
vt 0.851775 0.217711
vt 0.85244 0.219435
vt 0.852595 0.217758
vt 0.851991 0.217759
vt 0.853267 0.219432
vt 0.853504 0.217765
vt 0.852595 0.217758
vt 0.8544 0.219427
vt 0.854726 0.217765
vt 0.853504 0.217765
vt 0.856253 0.217755
vt 0.854726 0.217765
vt 0.855352 0.219482
vt 0.857646 0.219437
vt 0.858089 0.217757
vt 0.856253 0.217755
vt 0.859838 0.21776
vt 0.858089 0.217757
vt 0.858503 0.219473
vt 0.864813 0.217753
vt 0.863669 0.217718
vt 0.863697 0.219473
vt 0.863669 0.217718
vt 0.861717 0.217765
vt 0.862102 0.21943
vt 0.868456 0.217708
vt 0.866945 0.217754
vt 0.866895 0.219435
vt 0.866895 0.219435
vt 0.866945 0.217754
vt 0.864813 0.217753
vt 0.876274 0.219432
vt 0.877124 0.217758
vt 0.874799 0.217756
vt 0.874799 0.217756
vt 0.872916 0.217714
vt 0.873352 0.219429
vt 0.913615 0.217759
vt 0.912772 0.217769
vt 0.913209 0.219484
vt 0.909365 0.207595
vt 0.909163 0.208735
vt 0.908399 0.208779
vt 0.882951 0.208723
vt 0.882893 0.207582
vt 0.885345 0.207581
vt 0.880116 0.208783
vt 0.880022 0.207582
vt 0.882893 0.207582
vt 0.877237 0.207643
vt 0.880022 0.207582
vt 0.879239 0.208727
vt 0.873341 0.208731
vt 0.872651 0.207583
vt 0.875283 0.207525
vt 0.870759 0.207515
vt 0.872651 0.207583
vt 0.872081 0.208775
vt 0.862262 0.208732
vt 0.861694 0.207584
vt 0.863494 0.207579
vt 0.859838 0.208729
vt 0.859463 0.207576
vt 0.861694 0.207584
vt 0.855863 0.208726
vt 0.855322 0.207641
vt 0.856676 0.207523
vt 0.854396 0.208723
vt 0.854258 0.207515
vt 0.855322 0.207641
vt 0.853264 0.208728
vt 0.852934 0.207643
vt 0.853606 0.207524
vt 0.852439 0.208731
vt 0.852218 0.207538
vt 0.852934 0.207643
vt 0.851655 0.207515
vt 0.851774 0.207642
vt 0.851737 0.208724
vt 0.853692 0.208775
vt 0.853606 0.207524
vt 0.854258 0.207515
vt 0.851861 0.207579
vt 0.851638 0.207583
vt 0.851647 0.208774
vt 0.852221 0.207578
vt 0.851861 0.207579
vt 0.851846 0.208731
vt 0.854585 0.207578
vt 0.854117 0.207513
vt 0.853922 0.208729
vt 0.856065 0.208733
vt 0.856539 0.207584
vt 0.855585 0.207524
vt 0.853922 0.208729
vt 0.854117 0.207513
vt 0.853424 0.20758
vt 0.862277 0.207524
vt 0.862122 0.208731
vt 0.864026 0.208725
vt 0.866904 0.207504
vt 0.865591 0.207586
vt 0.865918 0.208771
vt 0.880718 0.208724
vt 0.881779 0.207597
vt 0.879588 0.207529
vt 0.896121 0.207512
vt 0.894502 0.207573
vt 0.894833 0.208775
vt 0.89808 0.207597
vt 0.896121 0.207512
vt 0.896451 0.208724
vt 0.911051 0.208727
vt 0.911592 0.207641
vt 0.90993 0.207541
vt 0.912518 0.208724
vt 0.912656 0.207515
vt 0.911592 0.207641
vt 0.91365 0.208728
vt 0.91398 0.207643
vt 0.913309 0.207524
vt 0.915289 0.20758
vt 0.91514 0.207642
vt 0.915177 0.208724
vt 0.913216 0.208774
vt 0.913309 0.207524
vt 0.912656 0.207515
vt 0.896542 0.210581
vt 0.898433 0.210578
vt 0.898337 0.212338
vt 0.896542 0.210581
vt 0.896475 0.212294
vt 0.894809 0.212343
vt 0.881061 0.212296
vt 0.881232 0.210632
vt 0.883972 0.210631
vt 0.873352 0.210627
vt 0.874965 0.210582
vt 0.875646 0.212299
vt 0.87045 0.210631
vt 0.872122 0.21058
vt 0.872682 0.212292
vt 0.866945 0.212302
vt 0.866895 0.210621
vt 0.868481 0.210578
vt 0.864818 0.210622
vt 0.866895 0.210621
vt 0.866945 0.212302
vt 0.862262 0.212299
vt 0.861677 0.210632
vt 0.863698 0.210583
vt 0.860125 0.21058
vt 0.861677 0.210632
vt 0.861243 0.21234
vt 0.857769 0.2123
vt 0.857886 0.210627
vt 0.858558 0.210579
vt 0.855387 0.210584
vt 0.856511 0.210621
vt 0.856382 0.212299
vt 0.853472 0.210579
vt 0.854235 0.210632
vt 0.853701 0.21235
vt 0.851616 0.212289
vt 0.851623 0.210636
vt 0.851794 0.210631
vt 0.863669 0.210583
vt 0.862262 0.210623
vt 0.862102 0.212296
vt 0.866894 0.212301
vt 0.866945 0.21062
vt 0.864813 0.210619
vt 0.868481 0.212344
vt 0.868456 0.210574
vt 0.866945 0.21062
vt 0.87045 0.212291
vt 0.871017 0.210635
vt 0.868456 0.210574
vt 0.874926 0.210582
vt 0.872916 0.21058
vt 0.873352 0.212295
vt 0.911523 0.210582
vt 0.911338 0.212293
vt 0.912427 0.212344
vt 0.914098 0.210622
vt 0.913431 0.210631
vt 0.913481 0.212347
vt 0.915683 0.216161
vt 0.915801 0.216051
vt 0.914103 0.216051
vt 0.912287 0.216049
vt 0.910104 0.216052
vt 0.910626 0.216154
vt 0.909119 0.216191
vt 0.910104 0.216052
vt 0.907024 0.216052
vt 0.906746 0.21619
vt 0.907024 0.216052
vt 0.904221 0.21605
vt 0.904306 0.216173
vt 0.904221 0.21605
vt 0.901486 0.216051
vt 0.898618 0.216059
vt 0.895345 0.216086
vt 0.895678 0.216245
vt 0.892526 0.216244
vt 0.895678 0.216245
vt 0.895345 0.216086
vt 0.890053 0.216241
vt 0.892526 0.216244
vt 0.892197 0.216121
vt 0.886429 0.216049
vt 0.881842 0.216054
vt 0.882906 0.216176
vt 0.877039 0.216152
vt 0.87764 0.216049
vt 0.874809 0.216065
vt 0.874651 0.216156
vt 0.874809 0.216065
vt 0.871615 0.21605
vt 0.868968 0.216209
vt 0.871563 0.216161
vt 0.871615 0.21605
vt 0.866902 0.216155
vt 0.86761 0.216051
vt 0.864588 0.216049
vt 0.856463 0.216246
vt 0.85815 0.216243
vt 0.8577 0.216054
vt 0.854856 0.216243
vt 0.856463 0.216246
vt 0.856231 0.216089
vt 0.849722 0.216241
vt 0.85029 0.216244
vt 0.850278 0.216121
vt 0.849138 0.216247
vt 0.849083 0.216246
vt 0.849227 0.216054
vt 0.849728 0.216152
vt 0.849826 0.216048
vt 0.850343 0.216065
vt 0.850343 0.216065
vt 0.851549 0.216049
vt 0.851231 0.216161
vt 0.854762 0.216151
vt 0.854414 0.21605
vt 0.856533 0.216049
vt 0.856533 0.216049
vt 0.859258 0.216053
vt 0.857795 0.216191
vt 0.860169 0.21619
vt 0.859258 0.216053
vt 0.862693 0.21605
vt 0.862608 0.216173
vt 0.862693 0.21605
vt 0.865423 0.21605
vt 0.865533 0.216169
vt 0.865423 0.21605
vt 0.868305 0.21605
vt 0.874389 0.216244
vt 0.871236 0.216245
vt 0.87157 0.216086
vt 0.876861 0.216241
vt 0.874389 0.216244
vt 0.874717 0.216121
vt 0.889875 0.216152
vt 0.889273 0.216049
vt 0.892105 0.216065
vt 0.892105 0.216065
vt 0.895504 0.216049
vt 0.895351 0.216161
vt 0.902307 0.216151
vt 0.901395 0.216049
vt 0.904222 0.216051
vt 0.904222 0.216051
vt 0.907004 0.21605
vt 0.906314 0.216191
vt 0.907577 0.216199
vt 0.907004 0.21605
vt 0.909071 0.216049
vt 0.9177 0.217376
vt 0.917511 0.217569
vt 0.917718 0.21754
vt 0.913306 0.21757
vt 0.915161 0.217564
vt 0.914708 0.217468
vt 0.912152 0.217473
vt 0.911547 0.21757
vt 0.913306 0.21757
vt 0.911547 0.21757
vt 0.911256 0.21743
vt 0.910181 0.217431
vt 0.909531 0.21757
vt 0.909037 0.217432
vt 0.907865 0.217425
vt 0.899294 0.217572
vt 0.903712 0.217571
vt 0.902307 0.217473
vt 0.89528 0.217571
vt 0.899294 0.217572
vt 0.897946 0.217414
vt 0.892263 0.217467
vt 0.890575 0.217571
vt 0.89528 0.217571
vt 0.877638 0.217574
vt 0.877854 0.217471
vt 0.874651 0.217467
vt 0.866772 0.21757
vt 0.870525 0.217564
vt 0.869231 0.217468
vt 0.864608 0.217473
vt 0.863943 0.217569
vt 0.866772 0.21757
vt 0.863943 0.217569
vt 0.863254 0.21743
vt 0.861852 0.217431
vt 0.853602 0.217571
vt 0.85536 0.217571
vt 0.854761 0.217472
vt 0.853602 0.217571
vt 0.853364 0.217469
vt 0.852281 0.217414
vt 0.850375 0.217571
vt 0.851664 0.217567
vt 0.851246 0.217444
vt 0.849573 0.217471
vt 0.849681 0.217574
vt 0.850375 0.217571
vt 0.849159 0.21739
vt 0.849235 0.217502
vt 0.849188 0.217538
vt 0.849573 0.217471
vt 0.849982 0.217571
vt 0.849318 0.217573
vt 0.851379 0.21757
vt 0.849982 0.217571
vt 0.850258 0.217467
vt 0.852206 0.217468
vt 0.85279 0.21757
vt 0.851379 0.21757
vt 0.854409 0.217572
vt 0.854762 0.217473
vt 0.855658 0.21743
vt 0.860482 0.217368
vt 0.860663 0.217566
vt 0.859225 0.217538
vt 0.871642 0.217571
vt 0.867872 0.217574
vt 0.869231 0.217468
vt 0.874651 0.217467
vt 0.876339 0.217571
vt 0.871642 0.217571
vt 0.882251 0.217573
vt 0.876339 0.217571
vt 0.877854 0.217471
vt 0.889385 0.217573
vt 0.88906 0.217471
vt 0.892263 0.217467
vt 0.900143 0.21757
vt 0.896389 0.217564
vt 0.897684 0.217468
vt 0.902307 0.217473
vt 0.902955 0.21757
vt 0.900143 0.21757
vt 0.902955 0.21757
vt 0.90366 0.21743
vt 0.905062 0.217431
vt 0.905586 0.21757
vt 0.906406 0.217432
vt 0.90765 0.217425
vt 0.913312 0.217571
vt 0.911057 0.217572
vt 0.912152 0.217473
vt 0.913312 0.217571
vt 0.91355 0.217469
vt 0.914633 0.217414
vt 0.917439 0.217573
vt 0.916882 0.217571
vt 0.917187 0.217471
vt 0.917834 0.217379
vt 0.917718 0.21754
vt 0.917688 0.217538
vt 0.917187 0.212585
vt 0.917573 0.212589
vt 0.917462 0.212481
vt 0.915683 0.212594
vt 0.91582 0.212487
vt 0.914039 0.212482
vt 0.909119 0.212624
vt 0.909525 0.212498
vt 0.907381 0.212482
vt 0.906746 0.212623
vt 0.907381 0.212482
vt 0.904221 0.212483
vt 0.904306 0.212606
vt 0.904221 0.212483
vt 0.901491 0.212483
vt 0.898618 0.212492
vt 0.895345 0.212518
vt 0.895678 0.212678
vt 0.892526 0.212677
vt 0.895678 0.212678
vt 0.895345 0.212518
vt 0.890053 0.212674
vt 0.892526 0.212677
vt 0.892197 0.212554
vt 0.886431 0.212482
vt 0.881839 0.212485
vt 0.882906 0.212609
vt 0.877039 0.212585
vt 0.877639 0.212482
vt 0.874809 0.212498
vt 0.874651 0.212589
vt 0.874809 0.212498
vt 0.871607 0.212482
vt 0.868968 0.212642
vt 0.871563 0.212594
vt 0.871607 0.212482
vt 0.866902 0.212587
vt 0.86762 0.212485
vt 0.864586 0.212481
vt 0.861331 0.212484
vt 0.858227 0.212488
vt 0.859337 0.212632
vt 0.85029 0.212677
vt 0.851316 0.212678
vt 0.851304 0.212518
vt 0.849722 0.212674
vt 0.85029 0.212677
vt 0.850315 0.212487
vt 0.849138 0.21268
vt 0.849078 0.21269
vt 0.849231 0.212485
vt 0.849728 0.212585
vt 0.849826 0.212481
vt 0.850343 0.212498
vt 0.850343 0.212498
vt 0.851549 0.212482
vt 0.851231 0.212594
vt 0.854762 0.212584
vt 0.854412 0.212484
vt 0.856797 0.212485
vt 0.857795 0.212624
vt 0.856797 0.212485
vt 0.860061 0.212482
vt 0.864388 0.212676
vt 0.862155 0.212679
vt 0.8626 0.212517
vt 0.865533 0.212601
vt 0.865365 0.212483
vt 0.868398 0.212482
vt 0.874389 0.212677
vt 0.871236 0.212678
vt 0.87157 0.212519
vt 0.876861 0.212674
vt 0.874389 0.212677
vt 0.87477 0.212489
vt 0.880841 0.212483
vt 0.885075 0.212485
vt 0.884009 0.212609
vt 0.889875 0.212585
vt 0.889273 0.212481
vt 0.892105 0.212498
vt 0.892263 0.212589
vt 0.892105 0.212498
vt 0.895299 0.212483
vt 0.897946 0.212642
vt 0.895351 0.212594
vt 0.895299 0.212483
vt 0.902307 0.212584
vt 0.901394 0.212482
vt 0.904222 0.212484
vt 0.904222 0.212484
vt 0.907023 0.212487
vt 0.906314 0.212624
vt 0.908729 0.212623
vt 0.907577 0.212632
vt 0.907023 0.212487
vt 0.912058 0.212676
vt 0.910451 0.212679
vt 0.910655 0.212517
vt 0.912772 0.212602
vt 0.912463 0.212483
vt 0.914155 0.212482
vt 0.9177 0.213808
vt 0.917511 0.214002
vt 0.917718 0.213973
vt 0.913306 0.214003
vt 0.915161 0.213997
vt 0.914708 0.213901
vt 0.912152 0.213906
vt 0.911547 0.214003
vt 0.913306 0.214003
vt 0.911547 0.214003
vt 0.911256 0.213863
vt 0.910181 0.213864
vt 0.909531 0.214003
vt 0.909037 0.213865
vt 0.907865 0.213857
vt 0.895328 0.21399
vt 0.898589 0.214003
vt 0.897684 0.213901
vt 0.892629 0.214006
vt 0.895328 0.21399
vt 0.895351 0.213895
vt 0.88906 0.213904
vt 0.887402 0.214004
vt 0.892629 0.214006
vt 0.881116 0.213823
vt 0.880922 0.213973
vt 0.883451 0.213998
vt 0.877638 0.214007
vt 0.877854 0.213904
vt 0.874651 0.2139
vt 0.866772 0.214003
vt 0.870525 0.213997
vt 0.869231 0.213901
vt 0.864608 0.213906
vt 0.863943 0.214001
vt 0.866772 0.214003
vt 0.863943 0.214001
vt 0.863254 0.213863
vt 0.861852 0.213864
vt 0.853602 0.214003
vt 0.85536 0.214004
vt 0.854761 0.213905
vt 0.853602 0.214003
vt 0.853364 0.213901
vt 0.852281 0.213847
vt 0.850375 0.214004
vt 0.851664 0.214
vt 0.851246 0.213877
vt 0.849573 0.213904
vt 0.849681 0.214007
vt 0.850375 0.214004
vt 0.849159 0.213823
vt 0.849235 0.213935
vt 0.849188 0.213971
vt 0.849573 0.213904
vt 0.849982 0.214004
vt 0.849318 0.214006
vt 0.851379 0.214003
vt 0.849982 0.214004
vt 0.850258 0.2139
vt 0.852206 0.213901
vt 0.853018 0.214007
vt 0.851379 0.214003
vt 0.8563 0.214004
vt 0.856733 0.213864
vt 0.857877 0.213865
vt 0.863975 0.214004
vt 0.860888 0.213998
vt 0.861951 0.213864
vt 0.866782 0.214003
vt 0.863975 0.214004
vt 0.863888 0.213906
vt 0.874651 0.2139
vt 0.876334 0.214004
vt 0.871539 0.214004
vt 0.88225 0.214006
vt 0.876334 0.214004
vt 0.877854 0.213904
vt 0.895326 0.214003
vt 0.89058 0.214004
vt 0.892263 0.2139
vt 0.897684 0.213901
vt 0.899042 0.214007
vt 0.895326 0.214003
vt 0.904224 0.214003
vt 0.905062 0.213864
vt 0.906406 0.213865
vt 0.908992 0.213998
vt 0.907429 0.213998
vt 0.90766 0.213806
vt 0.912152 0.213906
vt 0.912277 0.214006
vt 0.910623 0.213991
vt 0.917439 0.214005
vt 0.916882 0.214004
vt 0.917187 0.213904
vt 0.917834 0.213812
vt 0.917718 0.213973
vt 0.917688 0.213971
vt 0.914633 0.209075
vt 0.914917 0.208919
vt 0.913312 0.208918
vt 0.912152 0.209016
vt 0.91355 0.20902
vt 0.913312 0.208918
vt 0.904759 0.209112
vt 0.906722 0.209109
vt 0.906026 0.208924
vt 0.902526 0.209109
vt 0.904759 0.209112
vt 0.90429 0.208955
vt 0.890053 0.209107
vt 0.892526 0.20911
vt 0.89212 0.208949
vt 0.874285 0.208916
vt 0.871586 0.208932
vt 0.871563 0.209027
vt 0.868968 0.209075
vt 0.871563 0.209027
vt 0.871586 0.208932
vt 0.86269 0.208919
vt 0.85921 0.208917
vt 0.8606 0.209057
vt 0.854856 0.209109
vt 0.856463 0.209112
vt 0.856259 0.208949
vt 0.854141 0.209034
vt 0.854637 0.208916
vt 0.852649 0.208915
vt 0.85029 0.20911
vt 0.851316 0.209111
vt 0.851304 0.208951
vt 0.849722 0.209106
vt 0.85029 0.20911
vt 0.850317 0.208927
vt 0.849138 0.209113
vt 0.849078 0.209123
vt 0.849225 0.208921
vt 0.850258 0.209022
vt 0.849982 0.208918
vt 0.851379 0.208919
vt 0.852281 0.209075
vt 0.851231 0.209027
vt 0.851379 0.208919
vt 0.854762 0.209016
vt 0.854409 0.208917
vt 0.856296 0.208919
vt 0.856296 0.208919
vt 0.858662 0.208919
vt 0.857795 0.209057
vt 0.862155 0.209112
vt 0.860193 0.209109
vt 0.860888 0.208924
vt 0.864388 0.209109
vt 0.862155 0.209112
vt 0.862624 0.208955
vt 0.874389 0.20911
vt 0.871236 0.209111
vt 0.87157 0.208952
vt 0.876861 0.209107
vt 0.874389 0.20911
vt 0.87475 0.208924
vt 0.889875 0.209018
vt 0.889276 0.208915
vt 0.892105 0.208931
vt 0.892263 0.209022
vt 0.892105 0.208931
vt 0.89528 0.208918
vt 0.897946 0.209075
vt 0.895351 0.209027
vt 0.89528 0.208918
vt 0.902307 0.209016
vt 0.900013 0.20902
vt 0.899294 0.208917
vt 0.910451 0.209112
vt 0.908764 0.209109
vt 0.909198 0.208924
vt 0.912058 0.209109
vt 0.910451 0.209112
vt 0.910683 0.208955
vt 0.912058 0.209109
vt 0.912056 0.208923
vt 0.913058 0.208923
vt 0.9177 0.210241
vt 0.917513 0.210413
vt 0.917758 0.210368
vt 0.914708 0.210334
vt 0.914104 0.210439
vt 0.915801 0.210438
vt 0.909532 0.210435
vt 0.912049 0.210438
vt 0.911256 0.210296
vt 0.909532 0.210435
vt 0.909037 0.210298
vt 0.907865 0.21029
vt 0.902307 0.210338
vt 0.901486 0.210439
vt 0.904222 0.210438
vt 0.898609 0.210439
vt 0.897946 0.21028
vt 0.895872 0.210291
vt 0.889065 0.210425
vt 0.892615 0.21044
vt 0.892263 0.210333
vt 0.886431 0.21044
vt 0.889065 0.210425
vt 0.88906 0.210337
vt 0.883351 0.210439
vt 0.886431 0.21044
vt 0.885556 0.210316
vt 0.877639 0.21044
vt 0.877854 0.210337
vt 0.874651 0.210333
vt 0.874809 0.210424
vt 0.874651 0.210333
vt 0.872466 0.210299
vt 0.869231 0.210334
vt 0.868406 0.210437
vt 0.871607 0.21044
vt 0.86552 0.21044
vt 0.864608 0.210338
vt 0.863254 0.210296
vt 0.858515 0.21044
vt 0.862016 0.210437
vt 0.860508 0.210298
vt 0.856288 0.210334
vt 0.856291 0.210424
vt 0.858515 0.21044
vt 0.854761 0.210338
vt 0.854451 0.210439
vt 0.856291 0.210424
vt 0.852655 0.21044
vt 0.852281 0.21028
vt 0.851411 0.210291
vt 0.849573 0.210337
vt 0.849685 0.210441
vt 0.850374 0.210438
vt 0.849159 0.210256
vt 0.849235 0.210368
vt 0.849188 0.210404
vt 0.849826 0.210441
vt 0.849324 0.21044
vt 0.849235 0.210368
vt 0.849826 0.210441
vt 0.849573 0.210337
vt 0.850258 0.210333
vt 0.850343 0.210424
vt 0.850258 0.210333
vt 0.850897 0.210299
vt 0.852206 0.210334
vt 0.853018 0.21044
vt 0.85139 0.210438
vt 0.856298 0.210439
vt 0.856733 0.210297
vt 0.857877 0.210298
vt 0.864608 0.210338
vt 0.865355 0.210438
vt 0.862026 0.210437
vt 0.871544 0.210439
vt 0.868296 0.210439
vt 0.868968 0.21028
vt 0.874651 0.210333
vt 0.874809 0.210424
vt 0.871544 0.210439
vt 0.877307 0.21044
vt 0.874809 0.210424
vt 0.874651 0.210333
vt 0.877307 0.21044
vt 0.877854 0.210337
vt 0.881358 0.210316
vt 0.889605 0.210441
vt 0.88906 0.210337
vt 0.892263 0.210333
vt 0.892105 0.210424
vt 0.892263 0.210333
vt 0.894448 0.210299
vt 0.904222 0.210438
vt 0.901491 0.210439
vt 0.902307 0.210338
vt 0.904222 0.210438
vt 0.905062 0.210297
vt 0.906406 0.210298
vt 0.908991 0.210433
vt 0.907442 0.210433
vt 0.90766 0.210239
vt 0.912152 0.210338
vt 0.91279 0.210441
vt 0.910623 0.210424
vt 0.915002 0.21044
vt 0.91279 0.210441
vt 0.91355 0.210335
vt 0.916948 0.21044
vt 0.917187 0.210336
vt 0.917573 0.210333
vt 0.917758 0.210368
vt 0.917623 0.210412
vt 0.917775 0.210232
vt 0.9177 0.217376
vt 0.917775 0.216256
vt 0.917484 0.216308
vt 0.917465 0.217317
vt 0.917484 0.216308
vt 0.916862 0.216309
vt 0.916862 0.216309
vt 0.915914 0.216308
vt 0.916018 0.217433
vt 0.915472 0.217375
vt 0.915914 0.216308
vt 0.914633 0.216209
vt 0.914571 0.217319
vt 0.914633 0.216209
vt 0.912999 0.216308
vt 0.912999 0.216308
vt 0.911045 0.216308
vt 0.911256 0.21743
vt 0.910181 0.217431
vt 0.911045 0.216308
vt 0.909119 0.216191
vt 0.909037 0.217432
vt 0.909119 0.216191
vt 0.907938 0.216199
vt 0.907865 0.217425
vt 0.907938 0.216199
vt 0.906746 0.21619
vt 0.887075 0.217374
vt 0.887674 0.216241
vt 0.885404 0.216179
vt 0.882906 0.216176
vt 0.881428 0.216247
vt 0.881116 0.21739
vt 0.881116 0.21739
vt 0.881428 0.216247
vt 0.878473 0.216308
vt 0.878348 0.217316
vt 0.878473 0.216308
vt 0.875281 0.216309
vt 0.875281 0.216309
vt 0.872087 0.216308
vt 0.872466 0.217433
vt 0.870937 0.217375
vt 0.872087 0.216308
vt 0.868968 0.216209
vt 0.868805 0.217319
vt 0.868968 0.216209
vt 0.865847 0.216308
vt 0.865847 0.216308
vt 0.86292 0.216308
vt 0.863254 0.21743
vt 0.861852 0.217431
vt 0.86292 0.216308
vt 0.8606 0.216191
vt 0.860508 0.217432
vt 0.8606 0.216191
vt 0.859337 0.216199
vt 0.859264 0.217424
vt 0.859337 0.216199
vt 0.85815 0.216243
vt 0.849269 0.217374
vt 0.849333 0.216241
vt 0.849144 0.216179
vt 0.849083 0.216246
vt 0.849138 0.216247
vt 0.849159 0.21739
vt 0.849159 0.21739
vt 0.849138 0.216247
vt 0.84943 0.216308
vt 0.849449 0.217316
vt 0.84943 0.216308
vt 0.850053 0.216309
vt 0.850053 0.216309
vt 0.851 0.216308
vt 0.850897 0.217433
vt 0.851452 0.217425
vt 0.851 0.216308
vt 0.852286 0.216306
vt 0.852343 0.217319
vt 0.852286 0.216306
vt 0.853915 0.216308
vt 0.853915 0.216308
vt 0.85587 0.216308
vt 0.855658 0.21743
vt 0.856733 0.217431
vt 0.85587 0.216308
vt 0.857795 0.216191
vt 0.857877 0.217432
vt 0.857795 0.216191
vt 0.858976 0.216199
vt 0.859044 0.217373
vt 0.858976 0.216199
vt 0.860169 0.21619
vt 0.879839 0.217374
vt 0.87924 0.216241
vt 0.88185 0.216251
vt 0.884009 0.216176
vt 0.885486 0.216247
vt 0.885798 0.21739
vt 0.885798 0.21739
vt 0.885486 0.216247
vt 0.888441 0.216308
vt 0.888566 0.217316
vt 0.888441 0.216308
vt 0.891633 0.216309
vt 0.891633 0.216309
vt 0.894827 0.216308
vt 0.894448 0.217433
vt 0.895977 0.217375
vt 0.894827 0.216308
vt 0.897988 0.216306
vt 0.89811 0.217319
vt 0.897988 0.216306
vt 0.901067 0.216308
vt 0.901067 0.216308
vt 0.903994 0.216308
vt 0.90366 0.21743
vt 0.905062 0.217431
vt 0.903994 0.216308
vt 0.906314 0.216191
vt 0.906406 0.217432
vt 0.906314 0.216191
vt 0.907577 0.216199
vt 0.90765 0.217425
vt 0.907577 0.216199
vt 0.908764 0.216243
vt 0.917775 0.217367
vt 0.917737 0.216247
vt 0.917825 0.216192
vt 0.9177 0.213808
vt 0.917775 0.212689
vt 0.917484 0.212741
vt 0.917465 0.213749
vt 0.917484 0.212741
vt 0.916862 0.212742
vt 0.916862 0.212742
vt 0.915914 0.212741
vt 0.916018 0.213866
vt 0.915472 0.213808
vt 0.915914 0.212741
vt 0.914633 0.212642
vt 0.914571 0.213752
vt 0.914633 0.212642
vt 0.912999 0.21274
vt 0.912999 0.21274
vt 0.911045 0.212741
vt 0.911256 0.213863
vt 0.910181 0.213864
vt 0.911045 0.212741
vt 0.909119 0.212624
vt 0.909037 0.213865
vt 0.909119 0.212624
vt 0.907938 0.212632
vt 0.907865 0.213857
vt 0.907938 0.212632
vt 0.906746 0.212623
vt 0.887075 0.213807
vt 0.887674 0.212674
vt 0.885404 0.212612
vt 0.882906 0.212609
vt 0.881428 0.21268
vt 0.881116 0.213823
vt 0.881116 0.213823
vt 0.881428 0.21268
vt 0.878473 0.212741
vt 0.878348 0.213749
vt 0.878473 0.212741
vt 0.875281 0.212742
vt 0.875281 0.212742
vt 0.872087 0.212741
vt 0.872466 0.213866
vt 0.870937 0.213808
vt 0.872087 0.212741
vt 0.868968 0.212642
vt 0.868805 0.213752
vt 0.868968 0.212642
vt 0.865847 0.21274
vt 0.865847 0.21274
vt 0.86292 0.212741
vt 0.863254 0.213863
vt 0.861852 0.213864
vt 0.86292 0.212741
vt 0.8606 0.212624
vt 0.860508 0.213865
vt 0.8606 0.212624
vt 0.859337 0.212632
vt 0.859264 0.213857
vt 0.859337 0.212632
vt 0.85815 0.212676
vt 0.849269 0.213807
vt 0.849333 0.212674
vt 0.849078 0.21269
vt 0.849076 0.213799
vt 0.849078 0.21269
vt 0.849138 0.21268
vt 0.849159 0.213823
vt 0.849138 0.21268
vt 0.84943 0.212741
vt 0.849449 0.213749
vt 0.84943 0.212741
vt 0.850053 0.212742
vt 0.850053 0.212742
vt 0.851 0.212741
vt 0.850897 0.213866
vt 0.851452 0.213858
vt 0.851 0.212741
vt 0.852286 0.212739
vt 0.852343 0.213752
vt 0.852286 0.212739
vt 0.853915 0.212741
vt 0.853915 0.212741
vt 0.85587 0.212741
vt 0.855658 0.213863
vt 0.856733 0.213864
vt 0.85587 0.212741
vt 0.857795 0.212624
vt 0.857877 0.213865
vt 0.857795 0.212624
vt 0.858976 0.212632
vt 0.859049 0.213857
vt 0.858976 0.212632
vt 0.860169 0.212623
vt 0.879839 0.213807
vt 0.87924 0.212674
vt 0.88151 0.212612
vt 0.884009 0.212609
vt 0.885486 0.21268
vt 0.885798 0.213823
vt 0.885798 0.213823
vt 0.885486 0.21268
vt 0.888441 0.212741
vt 0.888566 0.213749
vt 0.888441 0.212741
vt 0.891633 0.212742
vt 0.891633 0.212742
vt 0.894827 0.212741
vt 0.894448 0.213866
vt 0.895978 0.213858
vt 0.894827 0.212741
vt 0.897946 0.212642
vt 0.89811 0.213752
vt 0.897946 0.212642
vt 0.901067 0.21274
vt 0.901067 0.21274
vt 0.903994 0.212741
vt 0.90366 0.213863
vt 0.905062 0.213864
vt 0.903994 0.212741
vt 0.906314 0.212624
vt 0.906406 0.213865
vt 0.906314 0.212624
vt 0.907577 0.212632
vt 0.90766 0.213806
vt 0.907577 0.212632
vt 0.908729 0.212623
vt 0.917775 0.2138
vt 0.917737 0.21268
vt 0.917825 0.212624
vt 0.9177 0.210241
vt 0.917775 0.209122
vt 0.917484 0.209174
vt 0.917465 0.210182
vt 0.917484 0.209174
vt 0.916862 0.209175
vt 0.916862 0.209175
vt 0.915914 0.209174
vt 0.916018 0.210299
vt 0.915462 0.210291
vt 0.915914 0.209174
vt 0.914633 0.209075
vt 0.914571 0.210185
vt 0.914633 0.209075
vt 0.912999 0.209173
vt 0.912999 0.209173
vt 0.911045 0.209174
vt 0.911256 0.210296
vt 0.910181 0.210297
vt 0.911045 0.209174
vt 0.909119 0.209057
vt 0.909037 0.210298
vt 0.909119 0.209057
vt 0.907938 0.209064
vt 0.907865 0.21029
vt 0.907938 0.209064
vt 0.906722 0.209109
vt 0.887075 0.21024
vt 0.887674 0.209107
vt 0.885064 0.209117
vt 0.882906 0.209042
vt 0.881428 0.209113
vt 0.881116 0.210256
vt 0.881116 0.210256
vt 0.881428 0.209113
vt 0.878473 0.209174
vt 0.878348 0.210182
vt 0.878473 0.209174
vt 0.875281 0.209175
vt 0.875281 0.209175
vt 0.872087 0.209174
vt 0.872466 0.210299
vt 0.870936 0.210291
vt 0.872087 0.209174
vt 0.868968 0.209075
vt 0.868805 0.210185
vt 0.868968 0.209075
vt 0.865847 0.209173
vt 0.865847 0.209173
vt 0.86292 0.209174
vt 0.863254 0.210296
vt 0.861852 0.210297
vt 0.86292 0.209174
vt 0.8606 0.209057
vt 0.860508 0.210298
vt 0.8606 0.209057
vt 0.859337 0.209065
vt 0.858886 0.21031
vt 0.859337 0.209065
vt 0.858185 0.209056
vt 0.849269 0.21024
vt 0.849333 0.209107
vt 0.849078 0.209123
vt 0.849076 0.210232
vt 0.849078 0.209123
vt 0.849138 0.209113
vt 0.849159 0.210256
vt 0.849138 0.209113
vt 0.84943 0.209174
vt 0.849449 0.210182
vt 0.84943 0.209174
vt 0.850053 0.209175
vt 0.850053 0.209175
vt 0.851 0.209174
vt 0.850897 0.210299
vt 0.851452 0.210291
vt 0.851 0.209174
vt 0.852281 0.209075
vt 0.852343 0.210185
vt 0.852281 0.209075
vt 0.853915 0.209173
vt 0.853915 0.209173
vt 0.85587 0.209174
vt 0.855658 0.210296
vt 0.856733 0.210297
vt 0.85587 0.209174
vt 0.857795 0.209057
vt 0.857877 0.210298
vt 0.857795 0.209057
vt 0.858976 0.209064
vt 0.859425 0.21031
vt 0.858976 0.209064
vt 0.860193 0.209109
vt 0.879839 0.21024
vt 0.87924 0.209107
vt 0.88185 0.209117
vt 0.884009 0.209042
vt 0.885486 0.209113
vt 0.885798 0.210256
vt 0.885798 0.210256
vt 0.885486 0.209113
vt 0.888441 0.209174
vt 0.888566 0.210182
vt 0.888441 0.209174
vt 0.891633 0.209175
vt 0.891633 0.209175
vt 0.894827 0.209174
vt 0.894448 0.210299
vt 0.895977 0.210241
vt 0.894827 0.209174
vt 0.897946 0.209075
vt 0.89811 0.210185
vt 0.897946 0.209075
vt 0.901067 0.209173
vt 0.901067 0.209173
vt 0.903994 0.209174
vt 0.90366 0.210296
vt 0.905062 0.210297
vt 0.903994 0.209174
vt 0.906314 0.209057
vt 0.906406 0.210298
vt 0.906314 0.209057
vt 0.907577 0.209064
vt 0.90766 0.210239
vt 0.907577 0.209064
vt 0.908764 0.209109
vt 0.917775 0.210232
vt 0.917737 0.209113
vt 0.917825 0.209057
vt 0.84571 0.223687
vt 0.845634 0.223541
vt 0.845989 0.223542
vt 0.847818 0.223683
vt 0.847458 0.223644
vt 0.84857 0.223546
vt 0.850161 0.223539
vt 0.851176 0.223551
vt 0.851539 0.223688
vt 0.851539 0.223688
vt 0.851176 0.223551
vt 0.852608 0.223532
vt 0.866506 0.223646
vt 0.863169 0.22365
vt 0.864269 0.223487
vt 0.866506 0.223646
vt 0.866527 0.223504
vt 0.869176 0.223486
vt 0.873303 0.223661
vt 0.87357 0.223553
vt 0.877156 0.223625
vt 0.882486 0.223671
vt 0.878214 0.223688
vt 0.880143 0.223546
vt 0.883626 0.223534
vt 0.885367 0.223556
vt 0.885663 0.223687
vt 0.886684 0.223496
vt 0.888481 0.22351
vt 0.888456 0.223682
vt 0.891036 0.223677
vt 0.888456 0.223682
vt 0.888481 0.22351
vt 0.894053 0.223648
vt 0.891036 0.223677
vt 0.891217 0.223484
vt 0.901873 0.223653
vt 0.899365 0.223681
vt 0.89992 0.223495
vt 0.911127 0.223682
vt 0.909172 0.223656
vt 0.909724 0.223491
vt 0.91352 0.223587
vt 0.911127 0.223682
vt 0.911621 0.223496
vt 0.913271 0.223687
vt 0.91352 0.223587
vt 0.915045 0.22359
vt 0.915386 0.223481
vt 0.91693 0.223503
vt 0.916684 0.223678
vt 0.917879 0.22366
vt 0.916684 0.223678
vt 0.91693 0.223503
vt 0.919128 0.223486
vt 0.9197 0.223497
vt 0.919632 0.223655
vt 0.851176 0.223551
vt 0.85113 0.219766
vt 0.852386 0.219801
vt 0.853968 0.219773
vt 0.855039 0.219765
vt 0.855119 0.223545
vt 0.925372 0.223677
vt 0.925434 0.223686
vt 0.946216 0.223688
vt 0.921745 0.223684
vt 0.921817 0.223579
vt 0.919806 0.223615
vt 0.922289 0.223578
vt 0.921817 0.223579
vt 0.921745 0.223684
vt 0.923319 0.223616
vt 0.922494 0.223549
vt 0.922257 0.223682
vt 0.92182 0.223682
vt 0.919664 0.223685
vt 0.919806 0.223615
vt 0.922284 0.223684
vt 0.922506 0.223542
vt 0.923319 0.223616
vt 0.924876 0.223537
vt 0.925332 0.223561
vt 0.925434 0.223686
vt 0.845208 0.223548
vt 0.845193 0.223681
vt 0.845691 0.223688
vt 0.84836 0.223546
vt 0.847638 0.22354
vt 0.847303 0.223681
vt 0.850247 0.223535
vt 0.849576 0.223687
vt 0.851539 0.223688
vt 0.852635 0.223544
vt 0.85143 0.223551
vt 0.851539 0.223688
vt 0.85752 0.22368
vt 0.856075 0.223539
vt 0.854962 0.223582
vt 0.866522 0.223687
vt 0.865551 0.223545
vt 0.863796 0.223552
vt 0.869101 0.223547
vt 0.867338 0.223547
vt 0.866522 0.223687
vt 0.879649 0.223496
vt 0.876902 0.223502
vt 0.877162 0.223657
vt 0.881647 0.223483
vt 0.879649 0.223496
vt 0.880147 0.223661
vt 0.886517 0.223498
vt 0.885708 0.223653
vt 0.888456 0.223682
vt 0.906544 0.22356
vt 0.904314 0.223544
vt 0.903795 0.223686
vt 0.911127 0.223682
vt 0.911599 0.223498
vt 0.909946 0.223499
vt 0.913312 0.223676
vt 0.913566 0.22349
vt 0.911599 0.223498
vt 0.877162 0.223657
vt 0.873303 0.223661
vt 0.873871 0.223687
vt 0.919806 0.223615
vt 0.919832 0.2235
vt 0.919698 0.223501
vt 0.919806 0.223615
vt 0.919632 0.223655
vt 0.9197 0.223497
vt 0.925574 0.223495
vt 0.9433 0.223523
vt 0.943486 0.223611
vt 0.943486 0.223611
vt 0.943499 0.223682
vt 0.925434 0.223686
vt 0.942821 0.223616
vt 0.943215 0.223527
vt 0.925395 0.22351
vt 0.943322 0.223682
vt 0.944404 0.223685
vt 0.944031 0.223635
vt 0.921745 0.219621
vt 0.91971 0.219624
vt 0.919806 0.21969
vt 0.922191 0.219728
vt 0.922257 0.219623
vt 0.921745 0.219621
vt 0.923319 0.219689
vt 0.923262 0.219619
vt 0.922257 0.219623
vt 0.919806 0.21969
vt 0.919693 0.219623
vt 0.92182 0.219623
vt 0.919806 0.21969
vt 0.921831 0.219726
vt 0.921611 0.219813
vt 0.923319 0.219689
vt 0.922491 0.219759
vt 0.922285 0.219621
vt 0.923475 0.219799
vt 0.923319 0.219689
vt 0.923813 0.219653
vt 0.924875 0.219752
vt 0.924605 0.219631
vt 0.92543 0.219616
vt 0.850204 0.21976
vt 0.849681 0.219643
vt 0.851311 0.219617
vt 0.855039 0.219765
vt 0.853968 0.219773
vt 0.854026 0.219616
vt 0.858719 0.219759
vt 0.857005 0.219628
vt 0.860392 0.219616
vt 0.873733 0.219766
vt 0.871256 0.219618
vt 0.876118 0.219616
vt 0.882764 0.21962
vt 0.886007 0.219653
vt 0.885877 0.219809
vt 0.886007 0.219653
vt 0.889969 0.219747
vt 0.888667 0.219822
vt 0.892015 0.219766
vt 0.889969 0.219747
vt 0.88944 0.219617
vt 0.89592 0.219616
vt 0.899367 0.219645
vt 0.898451 0.219766
vt 0.912086 0.219767
vt 0.910538 0.219619
vt 0.913355 0.219616
vt 0.9166 0.219616
vt 0.918447 0.219645
vt 0.917622 0.219766
vt 0.845003 0.219815
vt 0.845146 0.219629
vt 0.845148 0.219653
vt 0.918648 0.219807
vt 0.918447 0.219645
vt 0.919634 0.219652
vt 0.856341 0.21963
vt 0.85463 0.219696
vt 0.85443 0.219817
vt 0.868036 0.219799
vt 0.868298 0.21962
vt 0.865507 0.219648
vt 0.87124 0.219818
vt 0.871545 0.21963
vt 0.868298 0.21962
vt 0.877743 0.219696
vt 0.874121 0.219727
vt 0.87526 0.219822
vt 0.881047 0.219798
vt 0.881512 0.219622
vt 0.877743 0.219696
vt 0.900528 0.219616
vt 0.897493 0.219616
vt 0.898357 0.219765
vt 0.908877 0.219624
vt 0.905898 0.219746
vt 0.90704 0.21982
vt 0.911187 0.219622
vt 0.908877 0.219624
vt 0.909154 0.219803
vt 0.912981 0.219659
vt 0.911187 0.219622
vt 0.911425 0.219801
vt 0.917854 0.219622
vt 0.916362 0.219649
vt 0.916889 0.219826
vt 0.918947 0.219653
vt 0.917854 0.219622
vt 0.918173 0.21981
vt 0.91971 0.219624
vt 0.917854 0.219622
vt 0.918947 0.219653
vt 0.919178 0.219815
vt 0.919716 0.219808
vt 0.919633 0.219652
vt 0.919701 0.219809
vt 0.919634 0.219652
vt 0.919806 0.21969
vt 0.939702 0.219866
vt 0.940421 0.219683
vt 0.925446 0.219634
vt 0.94603 0.219799
vt 0.946472 0.219693
vt 0.940421 0.219683
vt 0.946472 0.219693
vt 0.946748 0.219846
vt 0.94723 0.219839
vt 0.948168 0.219633
vt 0.947499 0.219662
vt 0.947685 0.219837
vt 0.948792 0.219833
vt 0.949019 0.219635
vt 0.948168 0.219633
vt 0.950838 0.219654
vt 0.951133 0.21963
vt 0.951184 0.219834
vt 0.950351 0.219637
vt 0.950838 0.219654
vt 0.950855 0.219827
vt 0.947972 0.219624
vt 0.949382 0.219631
vt 0.948707 0.219798
vt 0.946563 0.219802
vt 0.94646 0.219692
vt 0.946943 0.219621
vt 0.94646 0.219692
vt 0.92547 0.21969
vt 0.92543 0.219616
vt 0.921817 0.223579
vt 0.921831 0.219726
vt 0.921608 0.219802
vt 0.92214 0.22351
vt 0.922191 0.219728
vt 0.921831 0.219726
vt 0.922494 0.223549
vt 0.9225 0.219756
vt 0.922354 0.219798
vt 0.922354 0.219798
vt 0.922191 0.219728
vt 0.92214 0.22351
vt 0.9225 0.219756
vt 0.922494 0.223549
vt 0.922898 0.223493
vt 0.923327 0.223505
vt 0.923328 0.219799
vt 0.922923 0.219813
vt 0.923628 0.219798
vt 0.923328 0.219799
vt 0.923327 0.223505
vt 0.924017 0.2198
vt 0.923628 0.219798
vt 0.923627 0.223508
vt 0.925395 0.22351
vt 0.925398 0.219796
vt 0.924844 0.21976
vt 0.919831 0.219808
vt 0.91983 0.2235
vt 0.9197 0.223497
vt 0.945404 0.222757
vt 0.944031 0.223635
vt 0.945552 0.223277
vt 0.94786 0.22279
vt 0.94708 0.223278
vt 0.947641 0.223289
vt 0.948379 0.222949
vt 0.949089 0.222973
vt 0.948411 0.223301
vt 0.947852 0.222783
vt 0.948379 0.222949
vt 0.947994 0.223174
vt 0.94716 0.222766
vt 0.947852 0.222783
vt 0.946928 0.223267
vt 0.949396 0.222553
vt 0.948604 0.223078
vt 0.948955 0.223087
vt 0.949773 0.222564
vt 0.948955 0.223087
vt 0.949481 0.222976
vt 0.949868 0.222729
vt 0.949898 0.222718
vt 0.949481 0.222976
vt 0.94949 0.222715
vt 0.949868 0.222729
vt 0.949261 0.223091
vt 0.948748 0.222689
vt 0.94949 0.222715
vt 0.949089 0.222973
vt 0.946098 0.222389
vt 0.946774 0.222451
vt 0.945993 0.223082
vt 0.948317 0.222373
vt 0.94786 0.22279
vt 0.948521 0.222819
vt 0.950257 0.222433
vt 0.950286 0.222421
vt 0.949898 0.222718
vt 0.949863 0.222419
vt 0.950257 0.222433
vt 0.949868 0.222729
vt 0.949506 0.222225
vt 0.949863 0.222419
vt 0.94949 0.222715
vt 0.947726 0.222171
vt 0.948613 0.222371
vt 0.947852 0.222783
vt 0.947987 0.22184
vt 0.947473 0.2225
vt 0.948317 0.222373
vt 0.949877 0.222076
vt 0.949396 0.222553
vt 0.949773 0.222564
vt 0.95027 0.222087
vt 0.949773 0.222564
vt 0.950286 0.222421
vt 0.950607 0.222095
vt 0.950634 0.222082
vt 0.950286 0.222421
vt 0.950198 0.222083
vt 0.950607 0.222095
vt 0.950257 0.222433
vt 0.949529 0.221683
vt 0.949169 0.222208
vt 0.949877 0.222076
vt 0.950155 0.221697
vt 0.949877 0.222076
vt 0.95027 0.222087
vt 0.95027 0.222087
vt 0.950634 0.222082
vt 0.950823 0.221713
vt 0.950951 0.221707
vt 0.950634 0.222082
vt 0.950607 0.222095
vt 0.950482 0.221703
vt 0.950904 0.221714
vt 0.950607 0.222095
vt 0.950013 0.221497
vt 0.950482 0.221703
vt 0.950198 0.222083
vt 0.944758 0.219881
vt 0.943057 0.223438
vt 0.944225 0.222976
vt 0.948352 0.221043
vt 0.947987 0.22184
vt 0.948652 0.22185
vt 0.949051 0.221048
vt 0.948652 0.22185
vt 0.949529 0.221683
vt 0.949732 0.221266
vt 0.949529 0.221683
vt 0.950155 0.221697
vt 0.950373 0.221276
vt 0.950155 0.221697
vt 0.950559 0.221707
vt 0.950786 0.221283
vt 0.950559 0.221707
vt 0.950823 0.221713
vt 0.951057 0.221287
vt 0.950823 0.221713
vt 0.950951 0.221707
vt 0.95114 0.221288
vt 0.951187 0.221279
vt 0.950951 0.221707
vt 0.950706 0.221281
vt 0.95114 0.221288
vt 0.950904 0.221714
vt 0.94603 0.219799
vt 0.944225 0.222976
vt 0.945322 0.222184
vt 0.947141 0.220667
vt 0.948016 0.220568
vt 0.9474 0.221683
vt 0.951334 0.22083
vt 0.950956 0.220826
vt 0.951167 0.220352
vt 0.948792 0.219833
vt 0.948586 0.220347
vt 0.949422 0.220351
vt 0.951167 0.220352
vt 0.951184 0.219834
vt 0.951399 0.21982
vt 0.950863 0.220352
vt 0.950855 0.219827
vt 0.951184 0.219834
vt 0.949439 0.220587
vt 0.94941 0.219821
vt 0.949917 0.219786
vt 0.949939 0.22059
vt 0.949917 0.219786
vt 0.950411 0.219816
vt 0.948728 0.220589
vt 0.948707 0.219798
vt 0.94941 0.219821
vt 0.948016 0.220568
vt 0.948044 0.219824
vt 0.948707 0.219798
vt 0.878031 0.234087
vt 0.87965 0.234087
vt 0.878357 0.233967
vt 0.87934 0.234181
vt 0.880988 0.234181
vt 0.87965 0.234087
vt 0.878836 0.234185
vt 0.876703 0.234053
vt 0.878046 0.234064
vt 0.872309 0.23332
vt 0.870936 0.232982
vt 0.872079 0.232975
vt 0.873987 0.233328
vt 0.872079 0.232975
vt 0.873914 0.232977
vt 0.878155 0.233316
vt 0.877154 0.232965
vt 0.879445 0.232936
vt 0.894525 0.233495
vt 0.896476 0.233177
vt 0.896907 0.233305
vt 0.898989 0.232959
vt 0.899013 0.232991
vt 0.896516 0.233401
vt 0.895642 0.233473
vt 0.8981 0.233087
vt 0.896876 0.233145
vt 0.894747 0.233481
vt 0.896876 0.233145
vt 0.895468 0.233172
vt 0.881969 0.231572
vt 0.881871 0.231694
vt 0.883312 0.231673
vt 0.882115 0.231482
vt 0.881969 0.231572
vt 0.883459 0.231562
vt 0.880807 0.231596
vt 0.881969 0.231572
vt 0.882115 0.231482
vt 0.877422 0.231482
vt 0.877206 0.231623
vt 0.878442 0.231595
vt 0.876419 0.231603
vt 0.877206 0.231623
vt 0.877422 0.231482
vt 0.871342 0.231568
vt 0.872405 0.231619
vt 0.872427 0.23148
vt 0.870684 0.231698
vt 0.871633 0.231669
vt 0.871342 0.231568
vt 0.870528 0.231568
vt 0.870967 0.231499
vt 0.869709 0.231483
vt 0.86876 0.231568
vt 0.868581 0.231676
vt 0.869361 0.231705
vt 0.86876 0.231568
vt 0.869632 0.231586
vt 0.869709 0.231483
vt 0.867621 0.231499
vt 0.86754 0.231585
vt 0.868133 0.231597
vt 0.867062 0.231522
vt 0.867021 0.231696
vt 0.867394 0.231677
vt 0.866522 0.2315
vt 0.866357 0.231593
vt 0.866688 0.231568
vt 0.866163 0.231681
vt 0.866133 0.231681
vt 0.866226 0.231519
vt 0.867181 0.2315
vt 0.867051 0.231615
vt 0.866685 0.231568
vt 0.868125 0.231597
vt 0.867518 0.231574
vt 0.867806 0.231497
vt 0.869133 0.231695
vt 0.868571 0.231679
vt 0.868778 0.231547
vt 0.871951 0.231498
vt 0.871986 0.231585
vt 0.870925 0.231568
vt 0.876226 0.231593
vt 0.875111 0.231621
vt 0.874722 0.231499
vt 0.878542 0.23148
vt 0.878483 0.231597
vt 0.877323 0.231568
vt 0.879604 0.231568
vt 0.878483 0.231597
vt 0.878542 0.23148
vt 0.880781 0.231601
vt 0.880346 0.231497
vt 0.882115 0.231483
vt 0.882156 0.231665
vt 0.881979 0.231568
vt 0.883179 0.231547
vt 0.885549 0.231568
vt 0.884333 0.231596
vt 0.884343 0.231484
vt 0.885663 0.231673
vt 0.885549 0.231568
vt 0.886726 0.231568
vt 0.886726 0.231568
vt 0.886155 0.231499
vt 0.888428 0.231497
vt 0.893251 0.231482
vt 0.893274 0.231572
vt 0.892303 0.231597
vt 0.897835 0.231564
vt 0.896927 0.231589
vt 0.896922 0.231499
vt 0.900444 0.231695
vt 0.900348 0.231519
vt 0.900565 0.231568
vt 0.900403 0.231622
vt 0.900286 0.231481
vt 0.89994 0.231483
vt 0.899761 0.231621
vt 0.900073 0.231568
vt 0.89994 0.231483
vt 0.898834 0.23167
vt 0.899329 0.23168
vt 0.899264 0.231568
vt 0.899264 0.231568
vt 0.899412 0.231499
vt 0.89855 0.231481
vt 0.89766 0.231592
vt 0.898608 0.231568
vt 0.89855 0.231481
vt 0.895989 0.231568
vt 0.896788 0.231592
vt 0.896506 0.231479
vt 0.895139 0.231568
vt 0.8951 0.231678
vt 0.895912 0.231678
vt 0.894235 0.231568
vt 0.894165 0.231677
vt 0.8951 0.231678
vt 0.894164 0.231483
vt 0.894235 0.231568
vt 0.895139 0.231568
vt 0.893238 0.231622
vt 0.894235 0.231568
vt 0.894164 0.231483
vt 0.891209 0.231568
vt 0.89237 0.231618
vt 0.892737 0.231501
vt 0.890412 0.231618
vt 0.890614 0.231499
vt 0.888714 0.231497
vt 0.887311 0.231568
vt 0.888845 0.231587
vt 0.888714 0.231497
vt 0.884942 0.231525
vt 0.884653 0.231674
vt 0.886317 0.231672
vt 0.867621 0.231499
vt 0.868211 0.231475
vt 0.866828 0.231483
vt 0.867806 0.231497
vt 0.867181 0.2315
vt 0.866916 0.231475
vt 0.874719 0.231475
vt 0.873218 0.231522
vt 0.871951 0.231498
vt 0.896922 0.231499
vt 0.895985 0.231522
vt 0.895142 0.231483
vt 0.898092 0.231497
vt 0.897534 0.231475
vt 0.899347 0.231483
vt 0.900633 0.231499
vt 0.900534 0.231475
vt 0.900286 0.231481
vt 0.883459 0.231497
vt 0.884942 0.231525
vt 0.88639 0.231475
vt 0.879758 0.232647
vt 0.879107 0.232482
vt 0.878069 0.232499
vt 0.877098 0.232483
vt 0.875871 0.232481
vt 0.875758 0.23259
vt 0.875758 0.23259
vt 0.875871 0.232481
vt 0.874535 0.232486
vt 0.873413 0.232647
vt 0.874581 0.232649
vt 0.874535 0.232486
vt 0.87131 0.232632
vt 0.871445 0.232487
vt 0.870387 0.23248
vt 0.870332 0.232648
vt 0.870387 0.23248
vt 0.869335 0.232483
vt 0.868142 0.232646
vt 0.869069 0.232621
vt 0.868624 0.232481
vt 0.866672 0.232647
vt 0.867038 0.232646
vt 0.866908 0.232488
vt 0.866672 0.232647
vt 0.866581 0.232488
vt 0.866319 0.232464
vt 0.866174 0.232485
vt 0.866137 0.232488
vt 0.866183 0.23259
vt 0.866772 0.23259
vt 0.866784 0.232486
vt 0.867265 0.232487
vt 0.870735 0.232665
vt 0.869534 0.232665
vt 0.869931 0.232554
vt 0.873633 0.232663
vt 0.873176 0.232564
vt 0.874364 0.232534
vt 0.876579 0.232665
vt 0.875968 0.232596
vt 0.878043 0.23259
vt 0.885075 0.232647
vt 0.884638 0.232464
vt 0.886142 0.232485
vt 0.897328 0.232618
vt 0.897459 0.232489
vt 0.898411 0.232486
vt 0.89943 0.232666
vt 0.898385 0.232664
vt 0.898562 0.232596
vt 0.899573 0.232568
vt 0.900186 0.23259
vt 0.900068 0.232665
vt 0.900431 0.232647
vt 0.900577 0.232484
vt 0.900314 0.232486
vt 0.900003 0.232481
vt 0.89949 0.232485
vt 0.899437 0.23259
vt 0.899437 0.23259
vt 0.89949 0.232485
vt 0.89879 0.232491
vt 0.89528 0.232631
vt 0.896191 0.232627
vt 0.895988 0.232462
vt 0.88667 0.23259
vt 0.888626 0.232594
vt 0.88842 0.232481
vt 0.887372 0.232665
vt 0.888891 0.232657
vt 0.888626 0.232594
vt 0.870646 0.231403
vt 0.870703 0.231301
vt 0.870805 0.23128
vt 0.871163 0.231281
vt 0.871553 0.231279
vt 0.871125 0.231439
vt 0.871547 0.23145
vt 0.871756 0.23138
vt 0.872317 0.231381
vt 0.875355 0.231439
vt 0.874671 0.231278
vt 0.875572 0.231281
vt 0.877155 0.231381
vt 0.87804 0.231329
vt 0.878524 0.23145
vt 0.880043 0.231428
vt 0.87885 0.23138
vt 0.878888 0.231279
vt 0.883771 0.23143
vt 0.88364 0.23126
vt 0.885035 0.23128
vt 0.886836 0.231281
vt 0.888026 0.231279
vt 0.887388 0.231435
vt 0.892757 0.23143
vt 0.892695 0.231278
vt 0.893478 0.231281
vt 0.895789 0.231439
vt 0.895361 0.231279
vt 0.895752 0.231281
vt 0.896123 0.231281
vt 0.896205 0.231277
vt 0.896251 0.23138
vt 0.895791 0.231381
vt 0.895752 0.231281
vt 0.895361 0.231279
vt 0.893478 0.231281
vt 0.892695 0.231278
vt 0.892725 0.23138
vt 0.893714 0.231465
vt 0.893543 0.231381
vt 0.892725 0.23138
vt 0.892725 0.23138
vt 0.892695 0.231278
vt 0.891839 0.231279
vt 0.88993 0.231465
vt 0.889725 0.231331
vt 0.88869 0.231334
vt 0.887299 0.231435
vt 0.888026 0.231279
vt 0.886836 0.231281
vt 0.884938 0.231281
vt 0.883679 0.231277
vt 0.88377 0.23138
vt 0.885161 0.231465
vt 0.885016 0.231381
vt 0.88377 0.23138
vt 0.880078 0.231281
vt 0.878888 0.231279
vt 0.879616 0.231435
vt 0.874189 0.23138
vt 0.874219 0.231278
vt 0.873436 0.231281
vt 0.872333 0.231467
vt 0.872317 0.231381
vt 0.87182 0.231334
vt 0.871125 0.231439
vt 0.871553 0.231279
vt 0.871163 0.231281
vt 0.871547 0.23145
vt 0.871852 0.231475
vt 0.870757 0.231475
vt 0.873812 0.231475
vt 0.871852 0.231475
vt 0.872404 0.231446
vt 0.873812 0.231475
vt 0.874342 0.23145
vt 0.875355 0.231439
vt 0.878524 0.23145
vt 0.879455 0.231475
vt 0.876218 0.231475
vt 0.894622 0.231428
vt 0.89523 0.231475
vt 0.893801 0.231467
vt 0.89523 0.231475
vt 0.895367 0.23145
vt 0.895789 0.231439
vt 0.896368 0.231466
vt 0.896198 0.231428
vt 0.896008 0.231436
vt 0.882822 0.231475
vt 0.881875 0.231428
vt 0.880671 0.231436
vt 0.874342 0.23145
vt 0.873812 0.231475
vt 0.876218 0.231475
vt 0.872333 0.231467
vt 0.873812 0.231475
vt 0.873329 0.231428
vt 0.870552 0.231475
vt 0.871198 0.231475
vt 0.871125 0.231439
f 141/1 65/2 64/3
f 6/4 4/5 64/6
f 8/7 7/8 134/9
f 7/10 65/11 136/12
f 58/13 144/14 6/15
f 146/16 58/17 63/18
f 147/19 63/20 59/21
f 60/22 150/23 59/24
f 139/25 65/26 141/27
f 6/28 144/29 4/30
f 141/31 64/32 4/33
f 8/34 134/35 133/36
f 136/37 65/38 139/39
f 134/40 7/41 136/42
f 144/43 58/44 146/45
f 146/46 63/47 147/48
f 147/49 59/50 150/51
f 150/52 60/53 5/54
f 5/55 60/56 69/57
f 53/58 15/59 57/60
f 55/61 57/62 72/63
f 69/64 60/65 51/66
f 52/67 13/68 51/69
f 53/70 26/71 9/72
f 14/73 56/74 54/75
f 50/76 80/77 54/78
f 80/79 50/80 12/81
f 52/82 55/83 13/84
f 9/85 15/86 53/87
f 57/88 15/89 72/90
f 13/91 70/92 51/93
f 69/94 51/95 70/96
f 55/97 72/98 13/99
f 56/100 10/101 26/102
f 54/103 80/104 11/105
f 54/106 11/107 14/108
f 26/109 10/110 9/111
f 56/112 14/113 10/114
f 130/115 20/116 19/117
f 68/118 108/119 21/120
f 68/121 20/122 113/123
f 120/124 19/125 22/126
f 67/127 121/128 22/129
f 18/130 16/131 66/132
f 67/133 66/134 123/135
f 17/136 126/137 18/138
f 21/139 108/140 39/141
f 130/142 113/143 20/144
f 132/145 19/146 116/147
f 130/148 19/149 132/150
f 116/151 19/152 118/153
f 108/154 68/155 129/156
f 39/157 108/158 107/159
f 129/160 68/161 113/162
f 118/163 19/164 120/165
f 120/166 22/167 121/168
f 133/169 17/170 8/171
f 121/172 67/173 123/174
f 123/175 66/176 16/177
f 16/178 18/179 126/180
f 126/181 17/182 131/183
f 17/184 133/185 131/186
f 413/187 48/188 383/189
f 382/190 1/191 39/192
f 41/193 413/194 382/195
f 383/196 38/197 347/198
f 46/199 384/200 347/201
f 46/202 385/203 384/204
f 385/205 46/206 45/207
f 29/208 23/209 385/210
f 17/211 3/212 62/213
f 387/214 51/215 412/216
f 386/217 25/218 53/219
f 347/220 28/221 46/222
f 347/223 38/224 28/225
f 29/226 385/227 45/228
f 48/229 27/230 383/231
f 48/232 413/233 42/234
f 38/235 383/236 47/237
f 383/238 27/239 47/240
f 386/241 55/242 387/243
f 51/244 60/245 412/246
f 412/247 60/248 59/249
f 382/250 49/251 41/252
f 41/253 42/254 413/255
f 40/256 382/257 39/258
f 40/259 49/260 382/261
f 39/262 1/263 21/264
f 55/265 52/266 387/267
f 51/268 387/269 52/270
f 26/271 53/272 25/273
f 386/274 57/275 55/276
f 386/277 53/278 57/279
f 412/280 63/281 388/282
f 58/283 411/284 388/285
f 411/286 64/287 61/288
f 3/289 18/290 66/291
f 67/292 3/293 66/294
f 2/295 22/296 381/297
f 2/298 3/299 22/300
f 20/301 381/302 19/303
f 1/304 381/305 68/306
f 20/307 68/308 381/309
f 3/310 17/311 18/312
f 63/313 412/314 59/315
f 388/316 63/317 58/318
f 411/319 6/320 64/321
f 58/322 6/323 411/324
f 381/325 22/326 19/327
f 1/328 68/329 21/330
f 22/331 3/332 67/333
f 12/334 50/335 43/336
f 84/337 43/338 44/339
f 30/340 44/341 45/342
f 87/343 45/344 46/345
f 28/346 32/347 46/348
f 38/349 91/350 28/351
f 33/352 38/353 47/354
f 48/355 36/356 27/357
f 100/358 48/359 42/360
f 100/361 42/362 41/363
f 49/364 102/365 41/366
f 40/367 37/368 49/369
f 39/370 99/371 40/372
f 27/373 34/374 47/375
f 43/376 84/377 12/378
f 84/379 44/380 30/381
f 87/382 30/383 45/384
f 32/385 31/386 46/387
f 28/388 91/389 32/390
f 33/391 91/392 38/393
f 31/394 87/395 46/396
f 47/397 34/398 33/399
f 27/400 35/401 34/402
f 48/403 100/404 36/405
f 35/406 27/407 36/408
f 37/409 102/410 49/411
f 100/412 41/413 101/414
f 102/415 101/416 41/417
f 103/418 40/419 99/420
f 107/421 99/422 39/423
f 40/424 103/425 37/426
f 23/427 43/428 50/429
f 23/430 29/431 43/432
f 50/433 24/434 23/435
f 54/436 24/437 50/438
f 54/439 25/440 24/441
f 56/442 25/443 54/444
f 25/445 56/446 26/447
f 65/448 61/449 64/450
f 7/451 62/452 61/453
f 17/454 62/455 8/456
f 62/457 7/458 8/459
f 7/460 61/461 65/462
f 70/463 13/464 82/465
f 72/466 74/467 73/468
f 72/469 15/470 74/471
f 15/472 76/473 75/474
f 9/475 76/476 15/477
f 77/478 76/479 9/480
f 10/481 77/482 9/483
f 14/484 11/485 78/486
f 81/487 79/488 11/489
f 30/490 88/491 86/492
f 87/493 89/494 88/495
f 91/496 93/497 92/498
f 33/499 159/500 93/501
f 34/502 159/503 33/504
f 36/505 106/506 94/507
f 36/508 100/509 106/510
f 95/511 106/512 100/513
f 101/514 95/515 100/516
f 102/517 97/518 96/519
f 102/520 37/521 97/522
f 103/523 98/524 37/525
f 104/526 105/527 99/528
f 99/529 107/530 104/531
f 113/532 114/533 112/534
f 116/535 115/536 132/537
f 117/538 115/539 116/540
f 116/541 118/542 117/543
f 124/544 122/545 121/546
f 16/547 124/548 123/549
f 16/550 127/551 125/552
f 126/553 131/554 127/555
f 109/556 107/557 108/558
f 154/559 131/560 133/561
f 154/562 128/563 131/564
f 134/565 154/566 133/567
f 134/568 135/569 154/570
f 141/571 4/572 142/573
f 147/574 150/575 149/576
f 150/577 152/578 151/579
f 69/580 152/581 5/582
f 152/583 69/584 158/585
f 177/586 192/587 186/588
f 242/589 227/590 177/591
f 177/592 199/593 192/594
f 183/595 180/596 177/597
f 186/598 192/599 189/600
f 186/601 183/602 177/603
f 177/604 155/605 251/606
f 177/607 251/608 249/609
f 243/610 242/611 157/612
f 157/613 242/614 177/615
f 177/616 249/617 157/618
f 242/619 239/620 237/621
f 237/622 235/623 242/624
f 230/625 242/626 235/627
f 196/628 192/629 199/630
f 199/631 177/632 204/633
f 177/634 206/635 204/636
f 206/637 210/638 156/639
f 204/640 202/641 199/642
f 222/643 227/644 224/645
f 229/646 242/647 230/648
f 222/649 220/650 215/651
f 213/652 210/653 215/654
f 253/655 127/656 128/657
f 154/658 252/659 128/660
f 254/661 125/662 127/663
f 125/664 254/665 124/666
f 122/667 124/668 255/669
f 160/670 122/671 181/672
f 160/673 184/674 119/675
f 115/676 117/677 256/678
f 117/679 119/680 256/681
f 252/682 154/683 267/684
f 252/685 253/686 128/687
f 114/688 132/689 257/690
f 132/691 115/692 187/693
f 112/694 114/695 258/696
f 112/697 190/698 111/699
f 159/700 34/701 172/702
f 94/703 106/704 203/705
f 34/706 35/707 172/708
f 35/709 94/710 203/711
f 89/712 31/713 214/714
f 31/715 90/716 214/717
f 92/718 93/719 208/720
f 90/721 92/722 211/723
f 93/724 159/725 208/726
f 194/727 104/728 109/729
f 174/730 105/731 104/732
f 110/733 111/734 190/735
f 175/736 109/737 110/738
f 95/739 96/740 201/741
f 260/742 106/743 95/744
f 259/745 103/746 105/747
f 198/748 97/749 98/750
f 173/751 98/752 103/753
f 200/754 96/755 97/756
f 127/757 253/758 254/759
f 122/760 255/761 181/762
f 160/763 181/764 182/765
f 255/766 124/767 254/768
f 160/769 182/770 184/771
f 119/772 184/773 176/774
f 119/775 176/776 256/777
f 187/778 115/779 256/780
f 132/781 187/782 257/783
f 114/784 257/785 258/786
f 190/787 112/788 258/789
f 110/790 190/791 175/792
f 174/793 104/794 194/795
f 194/796 109/797 175/798
f 105/799 174/800 259/801
f 98/802 173/803 198/804
f 173/805 103/806 259/807
f 97/808 198/809 200/810
f 96/811 200/812 201/813
f 260/814 95/815 201/816
f 35/817 203/818 205/819
f 159/820 172/821 171/822
f 172/823 35/824 205/825
f 159/826 171/827 208/828
f 209/829 92/830 208/831
f 90/832 211/833 214/834
f 211/835 92/836 209/837
f 203/838 106/839 260/840
f 86/841 218/842 85/843
f 85/844 219/845 83/846
f 88/847 89/848 216/849
f 86/850 216/851 218/852
f 86/853 88/854 216/855
f 83/856 169/857 81/858
f 79/859 167/860 78/861
f 79/862 81/863 168/864
f 77/865 78/866 262/867
f 214/868 216/869 89/870
f 76/871 77/872 226/873
f 228/874 74/875 75/876
f 75/877 76/878 226/879
f 73/880 231/881 71/882
f 74/883 231/884 73/885
f 234/886 82/887 71/888
f 149/889 151/890 163/891
f 149/892 162/893 148/894
f 154/895 135/896 267/897
f 135/898 137/899 265/900
f 137/901 138/902 265/903
f 151/904 152/905 238/906
f 161/907 153/908 148/909
f 152/910 158/911 164/912
f 241/913 145/914 153/915
f 82/916 236/917 158/918
f 245/919 143/920 145/921
f 143/922 247/923 142/924
f 247/925 140/926 142/927
f 265/928 138/929 140/930
f 85/931 218/932 219/933
f 83/934 170/935 169/936
f 170/937 83/938 219/939
f 81/940 169/941 168/942
f 79/943 168/944 167/945
f 78/946 261/947 262/948
f 261/949 78/950 167/951
f 226/952 77/953 262/954
f 75/955 226/956 166/957
f 75/958 166/959 228/960
f 74/961 228/962 231/963
f 165/964 71/965 231/966
f 71/967 165/968 234/969
f 164/970 158/971 236/972
f 152/973 164/974 238/975
f 240/976 151/977 238/978
f 149/979 163/980 162/981
f 148/982 162/983 161/984
f 153/985 161/986 241/987
f 263/988 145/989 241/990
f 163/991 151/992 240/993
f 145/994 263/995 245/996
f 143/997 245/998 247/999
f 140/1000 247/1001 264/1002
f 140/1003 264/1004 265/1005
f 135/1006 265/1007 266/1008
f 267/1009 135/1010 266/1011
f 236/1012 82/1013 234/1014
f 267/1015 155/1016 252/1017
f 177/1018 253/1019 252/1020
f 253/1021 178/1022 254/1023
f 254/1024 179/1025 255/1026
f 180/1027 182/1028 181/1029
f 176/1030 185/1031 256/1032
f 185/1033 186/1034 187/1035
f 186/1036 188/1037 187/1038
f 188/1039 258/1040 257/1041
f 258/1042 189/1043 190/1044
f 190/1045 191/1046 175/1047
f 192/1048 193/1049 191/1050
f 193/1051 194/1052 175/1053
f 193/1054 174/1055 194/1056
f 193/1057 196/1058 195/1059
f 174/1060 195/1061 259/1062
f 196/1063 197/1064 195/1065
f 197/1066 173/1067 259/1068
f 198/1069 199/1070 200/1071
f 201/1072 202/1073 260/1074
f 260/1075 204/1076 203/1077
f 156/1078 171/1079 172/1080
f 207/1081 208/1082 171/1083
f 209/1084 210/1085 211/1086
f 210/1087 213/1088 212/1089
f 213/1090 215/1091 212/1092
f 219/1093 220/1094 170/1095
f 220/1096 222/1097 221/1098
f 170/1099 221/1100 169/1101
f 221/1102 168/1103 169/1104
f 222/1105 223/1106 221/1107
f 223/1108 167/1109 168/1110
f 262/1111 225/1112 226/1113
f 226/1114 227/1115 166/1116
f 227/1117 229/1118 228/1119
f 228/1120 230/1121 231/1122
f 234/1123 233/1124 236/1125
f 237/1126 164/1127 236/1128
f 241/1129 244/1130 263/1131
f 241/1132 243/1133 244/1134
f 244/1135 245/1136 263/1137
f 157/1138 246/1139 244/1140
f 247/1141 248/1142 264/1143
f 264/1144 248/1145 265/1146
f 251/1147 155/1148 250/1149
f 186/1150 185/1151 183/1152
f 196/1153 199/1154 197/1155
f 266/1156 265/1157 250/1158
f 222/1159 224/1160 223/1161
f 409/1162 283/1163 402/1164
f 285/1165 403/1166 402/1167
f 400/1168 399/1169 286/1170
f 269/1171 268/1172 399/1173
f 409/1174 401/1175 283/1176
f 400/1177 286/1178 401/1179
f 404/1180 403/1181 2981/1182
f 405/1183 404/1184 3040/1185
f 377/1186 405/1187 287/1188
f 377/1189 288/1190 406/1191
f 271/1192 272/1193 290/1194
f 269/1195 270/1196 291/1197
f 271/1198 291/1199 270/1200
f 389/1201 292/1202 376/1203
f 292/1204 398/1205 376/1206
f 272/1207 398/1208 290/1209
f 406/1210 294/1211 410/1212
f 410/1213 294/1214 407/1215
f 407/1216 296/1217 378/1218
f 378/1219 297/1220 379/1221
f 379/1222 298/1223 408/1224
f 2977/1225 397/1226 408/1227
f 397/1228 299/1229 390/1230
f 390/1231 300/1232 391/1233
f 391/1234 301/1235 380/1236
f 380/1237 302/1238 392/1239
f 394/1240 274/1241 304/1242
f 389/1243 273/1244 305/1245
f 273/1246 394/1247 305/1248
f 306/1249 275/1250 276/1251
f 274/1252 275/1253 308/1254
f 392/1255 302/1256 282/1257
f 282/1258 309/1259 281/1260
f 281/1261 310/1262 280/1263
f 2904/1264 393/1265 280/1266
f 311/1267 279/1268 393/1269
f 312/1270 278/1271 395/1272
f 313/1273 277/1274 278/1275
f 315/1276 396/1277 279/1278
f 395/1279 396/1280 316/1281
f 313/1282 276/1283 277/1284
f 305/1285 292/1286 389/1287
f 398/1288 293/1289 290/1290
f 398/1291 292/1292 293/1293
f 271/1294 290/1295 291/1296
f 269/1297 291/1298 268/1299
f 399/1300 268/1301 286/1302
f 401/1303 286/1304 283/1305
f 402/1306 283/1307 285/1308
f 403/1309 285/1310 284/1311
f 405/1312 3040/1313 287/1314
f 404/1315 2981/1316 3040/1317
f 377/1318 287/1319 288/1320
f 406/1321 288/1322 289/1323
f 407/1324 294/1325 295/1326
f 407/1327 295/1328 296/1329
f 378/1330 296/1331 297/1332
f 379/1333 297/1334 298/1335
f 406/1336 289/1337 294/1338
f 403/1339 284/1340 2981/1341
f 397/1342 2977/1343 299/1344
f 390/1345 299/1346 300/1347
f 391/1348 300/1349 301/1350
f 380/1351 301/1352 302/1353
f 282/1354 302/1355 309/1356
f 281/1357 309/1358 2898/1359
f 281/1360 2898/1361 310/1362
f 280/1363 310/1364 2904/1365
f 393/1366 2904/1367 311/1368
f 279/1369 311/1370 315/1371
f 396/1372 315/1373 316/1374
f 395/1375 316/1376 312/1377
f 278/1378 312/1379 314/1380
f 278/1381 314/1382 313/1383
f 275/1384 306/1385 308/1386
f 274/1387 308/1388 307/1389
f 394/1390 304/1391 303/1392
f 394/1393 303/1394 305/1395
f 274/1396 307/1397 304/1398
f 276/1399 313/1400 306/1401
f 317/1402 318/1403 375/1404
f 320/1405 322/1406 61/1407
f 321/1408 322/1409 319/1410
f 321/1411 324/1412 322/1413
f 323/1414 324/1415 321/1416
f 323/1417 326/1418 324/1419
f 325/1420 326/1421 323/1422
f 325/1423 328/1424 327/1425
f 330/1426 329/1427 328/1428
f 330/1429 332/1430 329/1431
f 331/1432 332/1433 330/1434
f 334/1435 336/1436 386/1437
f 335/1438 336/1439 333/1440
f 335/1441 337/1442 336/1443
f 340/1444 339/1445 338/1446
f 343/1447 341/1448 340/1449
f 342/1450 344/1451 343/1452
f 350/1453 351/1454 348/1455
f 350/1456 352/1457 351/1458
f 355/1459 356/1460 353/1461
f 357/1462 356/1463 355/1464
f 357/1465 358/1466 356/1467
f 359/1468 358/1469 357/1470
f 359/1471 361/1472 358/1473
f 360/1474 361/1475 359/1476
f 363/1477 366/1478 364/1479
f 365/1480 366/1481 362/1482
f 365/1483 367/1484 366/1485
f 374/1486 372/1487 371/1488
f 373/1489 375/1490 374/1491
f 317/1492 408/1493 397/1494
f 320/1495 397/1496 390/1497
f 319/1498 390/1499 391/1500
f 319/1501 391/1502 380/1503
f 321/1504 380/1505 392/1506
f 323/1507 392/1508 282/1509
f 323/1510 282/1511 281/1512
f 325/1513 281/1514 280/1515
f 317/1516 373/1517 408/1518
f 320/1519 317/1520 397/1521
f 319/1522 320/1523 390/1524
f 323/1525 321/1526 392/1527
f 319/1528 380/1529 321/1530
f 328/1531 280/1532 393/1533
f 280/1534 328/1535 325/1536
f 328/1537 393/1538 330/1539
f 281/1540 325/1541 323/1542
f 330/1543 393/1544 279/1545
f 331/1546 279/1547 396/1548
f 334/1549 396/1550 395/1551
f 333/1552 395/1553 278/1554
f 335/1555 278/1556 277/1557
f 337/1558 277/1559 276/1560
f 338/1561 276/1562 275/1563
f 338/1564 275/1565 274/1566
f 331/1567 330/1568 279/1569
f 334/1570 395/1571 333/1572
f 331/1573 396/1574 334/1575
f 335/1576 333/1577 278/1578
f 337/1579 335/1580 277/1581
f 338/1582 337/1583 276/1584
f 340/1585 338/1586 274/1587
f 343/1588 274/1589 394/1590
f 343/1591 340/1592 274/1593
f 342/1594 343/1595 394/1596
f 389/1597 342/1598 273/1599
f 273/1600 342/1601 394/1602
f 62/1603 318/1604 61/1605
f 411/1606 324/1607 388/1608
f 412/1609 326/1610 327/1611
f 412/1612 327/1613 329/1614
f 387/1615 329/1616 332/1617
f 322/1618 411/1619 61/1620
f 412/1621 388/1622 326/1623
f 329/1624 387/1625 412/1626
f 387/1627 332/1628 386/1629
f 25/1630 336/1631 339/1632
f 385/1633 341/1634 344/1635
f 339/1636 24/1637 25/1638
f 341/1639 385/1640 23/1641
f 345/1642 389/1643 376/1644
f 345/1645 376/1646 398/1647
f 348/1648 398/1649 272/1650
f 348/1651 272/1652 271/1653
f 350/1654 271/1655 270/1656
f 350/1657 270/1658 269/1659
f 352/1660 269/1661 399/1662
f 353/1663 399/1664 400/1665
f 353/1666 400/1667 401/1668
f 355/1669 401/1670 409/1671
f 345/1672 342/1673 389/1674
f 349/1675 345/1676 398/1677
f 348/1678 349/1679 398/1680
f 352/1681 350/1682 269/1683
f 355/1684 353/1685 401/1686
f 352/1687 399/1688 353/1689
f 348/1690 271/1691 350/1692
f 357/1693 409/1694 402/1695
f 357/1696 355/1697 409/1698
f 359/1699 357/1700 402/1701
f 359/1702 402/1703 403/1704
f 360/1705 403/1706 404/1707
f 363/1708 404/1709 405/1710
f 362/1711 405/1712 377/1713
f 365/1714 377/1715 406/1716
f 367/1717 406/1718 410/1719
f 368/1720 410/1721 407/1722
f 371/1723 407/1724 378/1725
f 360/1726 359/1727 403/1728
f 363/1729 360/1730 404/1731
f 362/1732 363/1733 405/1734
f 367/1735 365/1736 406/1737
f 371/1738 368/1739 407/1740
f 367/1741 410/1742 368/1743
f 362/1744 377/1745 365/1746
f 374/1747 378/1748 379/1749
f 374/1750 371/1751 378/1752
f 373/1753 374/1754 379/1755
f 408/1756 373/1757 379/1758
f 346/1759 384/1760 344/1761
f 351/1762 383/1763 347/1764
f 413/1765 354/1766 356/1767
f 354/1768 413/1769 383/1770
f 356/1771 382/1772 413/1773
f 358/1774 1/1775 382/1776
f 1/1777 358/1778 361/1779
f 1/1780 361/1781 364/1782
f 364/1783 381/1784 1/1785
f 381/1786 364/1787 366/1788
f 369/1789 3/1790 2/1791
f 375/1792 62/1793 3/1794
f 1707/1795 416/1796 415/1797
f 419/1798 1520/1799 1521/1800
f 420/1801 422/1802 1520/1803
f 421/1804 423/1805 422/1806
f 422/1807 423/1808 1520/1809
f 426/1810 424/1811 1705/1812
f 427/1813 429/1814 428/1815
f 517/1816 430/1817 429/1818
f 430/1819 431/1820 1519/1821
f 433/1822 432/1823 1703/1824
f 433/1825 435/1826 434/1827
f 522/1828 523/1829 435/1830
f 437/1831 436/1832 523/1833
f 439/1834 438/1835 437/1836
f 1702/1837 441/1838 1517/1839
f 1701/1840 443/1841 526/1842
f 1700/1843 447/1844 1515/1845
f 444/1846 446/1847 447/1848
f 445/1849 448/1850 446/1851
f 449/1852 1514/1853 448/1854
f 451/1855 453/1856 452/1857
f 1697/1858 455/1859 1698/1860
f 457/1861 456/1862 1697/1863
f 457/1864 459/1865 458/1866
f 463/1867 462/1868 1693/1869
f 1692/1870 464/1871 463/1872
f 1691/1873 467/1874 465/1875
f 465/1876 467/1877 466/1878
f 473/1879 475/1880 474/1881
f 1690/1882 476/1883 475/1884
f 1687/1885 479/1886 1688/1887
f 1687/1888 480/1889 479/1890
f 1687/1891 481/1892 480/1893
f 1686/1894 483/1895 481/1896
f 481/1897 483/1898 482/1899
f 1682/1900 487/1901 485/1902
f 529/1903 488/1904 487/1905
f 530/1906 1681/1907 492/1908
f 493/1909 531/1910 494/1911
f 496/1912 539/1913 531/1914
f 1679/1915 499/1916 500/1917
f 1678/1918 501/1919 499/1920
f 499/1921 501/1922 500/1923
f 504/1924 503/1925 502/1926
f 533/1927 1676/1928 507/1929
f 534/1930 508/1931 1676/1932
f 510/1933 508/1934 534/1935
f 418/1936 1521/1937 1522/1938
f 1520/1939 423/1940 425/1941
f 436/1942 1518/1943 435/1944
f 436/1945 438/1946 1518/1947
f 1518/1948 434/1949 435/1950
f 442/1951 1516/1952 441/1953
f 1516/1954 442/1955 443/1956
f 450/1957 1513/1958 449/1959
f 542/1960 452/1961 453/1962
f 452/1963 1513/1964 450/1965
f 542/1966 453/1967 454/1968
f 455/1969 541/1970 454/1971
f 458/1972 541/1973 456/1974
f 449/1975 1513/1976 1514/1977
f 542/1978 1513/1979 452/1980
f 454/1981 541/1982 542/1983
f 466/1984 467/1985 1511/1986
f 471/1987 1511/1988 469/1989
f 469/1990 1511/1991 467/1992
f 471/1993 472/1994 1511/1995
f 472/1996 471/1997 474/1998
f 472/1999 474/2000 475/2001
f 479/2002 478/2003 477/2004
f 478/2005 479/2006 480/2007
f 484/2008 482/2009 483/2010
f 488/2011 489/2012 487/2013
f 492/2014 540/2015 491/2016
f 489/2017 488/2018 491/2019
f 476/2020 472/2021 475/2022
f 540/2023 489/2024 491/2025
f 495/2026 540/2027 492/2028
f 498/2029 538/2030 496/2031
f 538/2032 539/2033 496/2034
f 538/2035 498/2036 500/2037
f 506/2038 1510/2039 504/2040
f 507/2041 1510/2042 506/2043
f 1509/2044 512/2045 514/2046
f 512/2047 1509/2048 511/2049
f 501/2050 503/2051 500/2052
f 1510/2053 503/2054 504/2055
f 510/2056 511/2057 508/2058
f 414/2059 415/2060 515/2061
f 544/2062 681/2063 546/2064
f 681/2065 547/2066 546/2067
f 550/2068 552/2069 551/2070
f 556/2071 1595/2072 558/2073
f 679/2074 562/2075 561/2076
f 566/2077 567/2078 1756/2079
f 568/2080 569/2081 567/2082
f 676/2083 573/2084 572/2085
f 575/2086 576/2087 1760/2088
f 1760/2089 577/2090 578/2091
f 1761/2092 583/2093 661/2094
f 586/2095 589/2096 587/2097
f 589/2098 590/2099 588/2100
f 596/2101 1765/2102 595/2103
f 597/2104 1592/2105 599/2106
f 599/2107 600/2108 1766/2109
f 599/2110 1592/2111 600/2112
f 1766/2113 600/2114 601/2115
f 602/2116 603/2117 601/2118
f 604/2119 605/2120 603/2121
f 607/2122 608/2123 663/2124
f 608/2125 610/2126 609/2127
f 610/2128 612/2129 609/2130
f 615/2131 673/2132 1767/2133
f 1589/2134 619/2135 618/2136
f 1589/2137 621/2138 619/2139
f 664/2140 623/2141 624/2142
f 627/2143 665/2144 626/2145
f 630/2146 632/2147 633/2148
f 666/2149 638/2150 667/2151
f 638/2152 640/2153 639/2154
f 639/2155 640/2156 641/2157
f 640/2158 642/2159 641/2160
f 644/2161 645/2162 1771/2163
f 646/2164 671/2165 648/2166
f 671/2167 650/2168 648/2169
f 671/2170 651/2171 650/2172
f 651/2173 652/2174 1772/2175
f 657/2176 543/2177 669/2178
f 544/2179 658/2180 659/2181
f 681/2182 544/2183 659/2184
f 547/2185 681/2186 680/2187
f 552/2188 548/2189 680/2190
f 564/2191 563/2192 678/2193
f 566/2194 565/2195 678/2196
f 565/2197 564/2198 678/2199
f 566/2200 678/2201 677/2202
f 573/2203 676/2204 574/2205
f 576/2206 574/2207 675/2208
f 577/2209 576/2210 675/2211
f 579/2212 577/2213 674/2214
f 581/2215 579/2216 674/2217
f 585/2218 583/2219 586/2220
f 589/2221 586/2222 1594/2223
f 596/2224 594/2225 1593/2226
f 577/2227 675/2228 674/2229
f 581/2230 674/2231 582/2232
f 1593/2233 594/2234 593/2235
f 1592/2236 597/2237 1593/2238
f 604/2239 602/2240 1591/2241
f 602/2242 600/2243 1591/2244
f 600/2245 1592/2246 1591/2247
f 604/2248 1591/2249 1590/2250
f 608/2251 606/2252 1590/2253
f 625/2254 623/2255 1587/2256
f 627/2257 625/2258 1587/2259
f 623/2260 1588/2261 1587/2262
f 608/2263 1590/2264 610/2265
f 612/2266 610/2267 614/2268
f 1588/2269 621/2270 1589/2271
f 627/2272 1587/2273 1586/2274
f 634/2275 632/2276 1585/2277
f 637/2278 635/2279 1585/2280
f 635/2281 634/2282 1585/2283
f 632/2284 631/2285 1585/2286
f 646/2287 645/2288 672/2289
f 645/2290 1584/2291 672/2292
f 656/2293 655/2294 670/2295
f 657/2296 656/2297 670/2298
f 658/2299 657/2300 659/2301
f 640/2302 638/2303 637/2304
f 642/2305 640/2306 1584/2307
f 646/2308 672/2309 671/2310
f 651/2311 671/2312 653/2313
f 659/2314 657/2315 670/2316
f 670/2317 655/2318 653/2319
f 1811/2320 688/2321 1812/2322
f 1814/2323 693/2324 1815/2325
f 696/2326 698/2327 1818/2328
f 698/2329 699/2330 697/2331
f 706/2332 707/2333 705/2334
f 711/2335 712/2336 1809/2337
f 719/2338 720/2339 1820/2340
f 726/2341 727/2342 805/2343
f 805/2344 728/2345 806/2346
f 730/2347 1822/2348 807/2349
f 731/2350 732/2351 1822/2352
f 734/2353 735/2354 736/2355
f 1543/2356 742/2357 741/2358
f 741/2359 742/2360 743/2361
f 749/2362 750/2363 751/2364
f 755/2365 757/2366 811/2367
f 761/2368 763/2369 762/2370
f 763/2371 764/2372 812/2373
f 769/2374 770/2375 768/2376
f 773/2377 774/2378 775/2379
f 1827/2380 780/2381 813/2382
f 816/2383 783/2384 782/2385
f 786/2386 787/2387 789/2388
f 791/2389 794/2390 793/2391
f 792/2392 794/2393 791/2394
f 795/2395 797/2396 798/2397
f 801/2398 802/2399 814/2400
f 682/2401 803/2402 1546/2403
f 682/2404 1546/2405 823/2406
f 686/2407 823/2408 822/2409
f 1559/2410 691/2411 821/2412
f 695/2413 693/2414 696/2415
f 706/2416 704/2417 820/2418
f 698/2419 696/2420 702/2421
f 819/2422 706/2423 820/2424
f 819/2425 710/2426 708/2427
f 715/2428 713/2429 818/2430
f 712/2431 710/2432 818/2433
f 717/2434 818/2435 817/2436
f 718/2437 717/2438 817/2439
f 721/2440 720/2441 723/2442
f 720/2443 718/2444 817/2445
f 725/2446 722/2447 723/2448
f 722/2449 721/2450 723/2451
f 730/2452 729/2453 1557/2454
f 731/2455 730/2456 1545/2457
f 733/2458 731/2459 1545/2460
f 723/2461 720/2462 817/2463
f 727/2464 725/2465 1557/2466
f 1545/2467 730/2468 1557/2469
f 735/2470 733/2471 1544/2472
f 1543/2473 738/2474 1544/2475
f 748/2476 746/2477 1542/2478
f 753/2479 750/2480 1541/2481
f 754/2482 753/2483 1541/2484
f 754/2485 1541/2486 756/2487
f 767/2488 766/2489 1538/2490
f 769/2491 767/2492 1538/2493
f 766/2494 1539/2495 1538/2496
f 760/2497 758/2498 1540/2499
f 757/2500 756/2501 1540/2502
f 1539/2503 763/2504 761/2505
f 769/2506 1538/2507 771/2508
f 761/2509 760/2510 1540/2511
f 777/2512 774/2513 776/2514
f 1537/2515 778/2516 776/2517
f 778/2518 777/2519 776/2520
f 774/2521 1553/2522 776/2523
f 784/2524 783/2525 816/2526
f 787/2527 785/2528 788/2529
f 785/2530 784/2531 788/2532
f 799/2533 797/2534 815/2535
f 801/2536 799/2537 815/2538
f 803/2539 801/2540 1546/2541
f 788/2542 784/2543 816/2544
f 787/2545 788/2546 790/2547
f 1546/2548 801/2549 815/2550
f 815/2551 797/2552 796/2553
f 826/2554 827/2555 825/2556
f 1863/2557 830/2558 829/2559
f 923/2560 832/2561 830/2562
f 830/2563 832/2564 831/2565
f 835/2566 834/2567 1862/2568
f 835/2569 837/2570 836/2571
f 928/2572 838/2573 927/2574
f 839/2575 838/2576 928/2577
f 841/2578 843/2579 842/2580
f 932/2581 847/2582 846/2583
f 847/2584 1605/2585 846/2586
f 934/2587 1604/2588 851/2589
f 852/2590 853/2591 1604/2592
f 854/2593 855/2594 853/2595
f 853/2596 855/2597 1604/2598
f 856/2599 855/2600 854/2601
f 859/2602 857/2603 935/2604
f 862/2605 865/2606 863/2607
f 868/2608 1857/2609 869/2610
f 870/2611 947/2612 1857/2613
f 873/2614 936/2615 874/2616
f 877/2617 875/2618 936/2619
f 1852/2620 879/2621 878/2622
f 1851/2623 881/2624 879/2625
f 881/2626 882/2627 879/2628
f 880/2629 1850/2630 881/2631
f 885/2632 883/2633 937/2634
f 884/2635 886/2636 885/2637
f 938/2638 889/2639 886/2640
f 886/2641 889/2642 887/2643
f 1846/2644 895/2645 893/2646
f 893/2647 895/2648 894/2649
f 1845/2650 895/2651 1846/2652
f 897/2653 896/2654 1844/2655
f 940/2656 899/2657 897/2658
f 897/2659 899/2660 898/2661
f 1843/2662 900/2663 899/2664
f 1840/2665 904/2666 903/2667
f 1839/2668 905/2669 904/2670
f 1838/2671 907/2672 905/2673
f 905/2674 907/2675 906/2676
f 1835/2677 912/2678 910/2679
f 945/2680 918/2681 916/2682
f 917/2683 918/2684 945/2685
f 1833/2686 919/2687 917/2688
f 1610/2689 920/2690 824/2691
f 845/2692 1606/2693 844/2694
f 832/2695 1609/2696 831/2697
f 837/2698 1608/2699 836/2700
f 842/2701 1607/2702 839/2703
f 1606/2704 1607/2705 844/2706
f 846/2707 1605/2708 1606/2709
f 857/2710 1604/2711 855/2712
f 861/2713 857/2714 859/2715
f 865/2716 1621/2717 863/2718
f 870/2719 871/2720 947/2721
f 874/2722 875/2723 872/2724
f 878/2725 875/2726 877/2727
f 889/2728 890/2729 887/2730
f 895/2731 896/2732 894/2733
f 900/2734 902/2735 899/2736
f 906/2737 903/2738 904/2739
f 908/2740 906/2741 907/2742
f 909/2743 1620/2744 908/2745
f 912/2746 1603/2747 910/2748
f 915/2749 1602/2750 914/2751
f 918/2752 1602/2753 916/2754
f 916/2755 1602/2756 915/2757
f 913/2758 1603/2759 912/2760
f 908/2761 1620/2762 906/2763
f 909/2764 1603/2765 1620/2766
f 913/2767 914/2768 1603/2769
f 918/2770 920/2771 1602/2772
f 1068/2773 948/2774 1067/2775
f 949/2776 1092/2777 950/2778
f 952/2779 953/2780 1069/2781
f 954/2782 955/2783 956/2784
f 955/2785 957/2786 956/2787
f 957/2788 1628/2789 1627/2790
f 958/2791 959/2792 1628/2793
f 960/2794 962/2795 1629/2796
f 967/2797 968/2798 969/2799
f 969/2800 970/2801 1070/2802
f 970/2803 971/2804 1631/2805
f 971/2806 972/2807 1631/2808
f 972/2809 1632/2810 1631/2811
f 974/2812 973/2813 1632/2814
f 974/2815 976/2816 975/2817
f 975/2818 976/2819 977/2820
f 976/2821 979/2822 977/2823
f 1634/2824 981/2825 982/2826
f 982/2827 983/2828 1635/2829
f 983/2830 1086/2831 984/2832
f 1086/2833 985/2834 984/2835
f 987/2836 988/2837 1637/2838
f 993/2839 994/2840 992/2841
f 1639/2842 996/2843 997/2844
f 1001/2845 1003/2846 1002/2847
f 1006/2848 1007/2849 1008/2850
f 1010/2851 1011/2852 1073/2853
f 1074/2854 1013/2855 1640/2856
f 1013/2857 1494/2858 1014/2859
f 1017/2860 1076/2861 1016/2862
f 1018/2863 1019/2864 1076/2865
f 1025/2866 1641/2867 1024/2868
f 1026/2869 1027/2870 1641/2871
f 1033/2872 1078/2873 1642/2874
f 1079/2875 1038/2876 1039/2877
f 1643/2878 1045/2879 1044/2880
f 1045/2881 1489/2882 1046/2883
f 1046/2884 1489/2885 1047/2886
f 1057/2887 1059/2888 1058/2889
f 1083/2890 1068/2891 1067/2892
f 958/2893 957/2894 1090/2895
f 970/2896 968/2897 1089/2898
f 953/2899 1091/2900 955/2901
f 957/2902 955/2903 1090/2904
f 958/2905 1090/2906 961/2907
f 971/2908 970/2909 1089/2910
f 972/2911 971/2912 1088/2913
f 974/2914 1088/2915 976/2916
f 979/2917 976/2918 1087/2919
f 987/2920 985/2921 986/2922
f 993/2923 991/2924 989/2925
f 996/2926 995/2927 1085/2928
f 999/2929 998/2930 1497/2931
f 985/2932 1086/2933 986/2934
f 989/2935 987/2936 986/2937
f 993/2938 989/2939 1085/2940
f 996/2941 1085/2942 1497/2943
f 1001/2944 999/2945 1497/2946
f 1005/2947 1003/2948 1496/2949
f 1495/2950 1007/2951 1496/2952
f 1010/2953 1009/2954 1495/2955
f 1012/2956 1010/2957 1495/2958
f 1017/2959 1015/2960 1493/2961
f 1018/2962 1017/2963 1493/2964
f 1020/2965 1018/2966 1493/2967
f 1025/2968 1023/2969 1492/2970
f 1026/2971 1025/2972 1492/2973
f 1032/2974 1030/2975 1491/2976
f 1033/2977 1032/2978 1491/2979
f 1030/2980 1028/2981 1491/2982
f 1023/2983 1021/2984 1492/2985
f 1013/2986 1012/2987 1494/2988
f 1493/2989 1015/2990 1494/2991
f 1021/2992 1020/2993 1492/2994
f 1028/2995 1026/2996 1492/2997
f 1033/2998 1491/2999 1035/3000
f 1040/3001 1038/3002 1490/3003
f 1043/3004 1041/3005 1490/3006
f 1041/3007 1040/3008 1490/3009
f 1038/3010 1037/3011 1490/3012
f 1053/3013 1052/3014 1084/3015
f 1057/3016 1055/3017 1084/3018
f 1064/3019 1063/3020 1488/3021
f 1063/3022 1061/3023 1488/3024
f 1055/3025 1053/3026 1084/3027
f 1489/3028 1045/3029 1043/3030
f 1052/3031 1051/3032 1084/3033
f 1064/3034 1488/3035 1083/3036
f 1001/3037 1496/3038 1003/3039
f 1206/3040 1095/3041 1094/3042
f 1099/3043 1102/3044 1100/3045
f 1101/3046 1104/3047 1102/3048
f 1104/3049 1106/3050 1105/3051
f 1110/3052 1108/3053 1107/3054
f 1210/3055 1112/3056 1111/3057
f 1211/3058 1114/3059 1112/3060
f 1112/3061 1114/3062 1113/3063
f 1117/3064 1116/3065 1673/3066
f 1213/3067 1119/3068 1235/3069
f 1672/3070 1121/3071 1215/3072
f 1216/3073 1121/3074 1672/3075
f 1122/3076 1565/3077 1216/3078
f 1122/3079 1564/3080 1565/3081
f 1217/3082 1218/3083 1122/3084
f 1218/3085 1123/3086 1564/3087
f 1125/3088 1124/3089 1220/3090
f 1224/3091 1130/3092 1128/3093
f 1142/3094 1140/3095 1139/3096
f 1668/3097 1149/3098 1148/3099
f 1150/3100 1149/3101 1668/3102
f 1667/3103 1151/3104 1150/3105
f 1666/3106 1153/3107 1151/3108
f 1151/3109 1153/3110 1152/3111
f 1664/3112 1154/3113 1665/3114
f 1663/3115 1155/3116 1664/3117
f 1663/3118 1156/3119 1155/3120
f 1663/3121 1158/3122 1156/3123
f 1157/3124 1160/3125 1158/3126
f 1158/3127 1160/3128 1159/3129
f 1165/3130 1163/3131 1661/3132
f 1165/3133 1167/3134 1166/3135
f 1226/3136 1660/3137 1167/3138
f 1656/3139 1170/3140 1233/3141
f 1654/3142 1172/3143 1170/3144
f 1177/3145 1179/3146 1176/3147
f 1182/3148 1184/3149 1183/3150
f 1185/3151 1187/3152 1186/3153
f 1190/3154 1188/3155 1187/3156
f 1648/3157 1193/3158 1191/3159
f 1647/3160 1196/3161 1194/3162
f 1197/3163 1561/3164 1196/3165
f 1230/3166 1202/3167 1201/3168
f 1231/3169 1202/3170 1230/3171
f 1232/3172 1093/3173 1204/3174
f 1567/3175 1204/3176 1093/3177
f 1094/3178 1567/3179 1093/3180
f 1108/3181 1110/3182 1111/3183
f 1113/3184 1114/3185 1116/3186
f 1105/3187 1100/3188 1102/3189
f 1117/3190 1235/3191 1116/3192
f 1119/3193 1566/3194 1235/3195
f 1565/3196 1566/3197 1121/3198
f 1125/3199 1563/3200 1124/3201
f 1123/3202 1124/3203 1564/3204
f 1562/3205 1127/3206 1129/3207
f 1130/3208 1562/3209 1129/3210
f 1134/3211 1133/3212 1136/3213
f 1138/3214 1134/3215 1136/3216
f 1146/3217 1144/3218 1143/3219
f 1149/3220 1144/3221 1147/3222
f 1144/3223 1146/3224 1147/3225
f 1562/3226 1563/3227 1127/3228
f 1130/3229 1131/3230 1562/3231
f 1134/3232 1131/3233 1133/3234
f 1138/3235 1140/3236 1134/3237
f 1143/3238 1144/3239 1141/3240
f 1155/3241 1234/3242 1154/3243
f 1156/3244 1234/3245 1155/3246
f 1161/3247 1162/3248 1160/3249
f 1163/3250 1162/3251 1161/3252
f 1166/3253 1162/3254 1163/3255
f 1233/3256 1170/3257 1171/3258
f 1172/3259 1171/3260 1170/3261
f 1176/3262 1171/3263 1174/3264
f 1156/3265 1159/3266 1234/3267
f 1162/3268 1159/3269 1160/3270
f 1167/3271 1168/3272 1166/3273
f 1181/3274 1178/3275 1179/3276
f 1194/3277 1195/3278 1193/3279
f 1193/3280 1195/3281 1191/3282
f 1199/3283 1560/3284 1198/3285
f 1198/3286 1560/3287 1197/3288
f 1201/3289 1203/3290 1199/3291
f 1188/3292 1183/3293 1184/3294
f 1190/3295 1191/3296 1188/3297
f 1194/3298 1561/3299 1195/3300
f 1560/3301 1561/3302 1197/3303
f 1199/3304 1203/3305 1560/3306
f 1342/3307 1237/3308 1341/3309
f 1238/3310 1240/3311 1239/3312
f 1344/3313 1241/3314 1343/3315
f 1242/3316 1243/3317 1344/3318
f 1244/3319 1245/3320 1242/3321
f 1244/3322 1246/3323 1245/3324
f 1346/3325 1808/3326 1246/3327
f 1808/3328 1248/3329 1246/3330
f 1247/3331 1249/3332 1248/3333
f 1347/3334 1249/3335 1247/3336
f 1807/3337 1249/3338 1347/3339
f 1807/3340 1250/3341 1249/3342
f 1252/3343 1254/3344 1253/3345
f 1255/3346 1257/3347 1254/3348
f 1256/3349 1255/3350 1350/3351
f 1256/3352 1257/3353 1255/3354
f 1259/3355 1261/3356 1258/3357
f 1260/3358 1262/3359 1261/3360
f 1264/3361 1263/3362 1262/3363
f 1805/3364 1264/3365 1353/3366
f 1803/3367 1267/3368 1266/3369
f 1802/3370 1268/3371 1267/3372
f 1271/3373 1269/3374 1268/3375
f 1272/3376 1271/3377 1270/3378
f 1801/3379 1277/3380 1275/3381
f 1276/3382 1277/3383 1801/3384
f 1800/3385 1278/3386 1276/3387
f 1279/3388 1278/3389 1800/3390
f 1279/3391 1281/3392 1278/3393
f 1280/3394 1282/3395 1281/3396
f 1283/3397 1285/3398 1282/3399
f 1284/3400 1285/3401 1283/3402
f 1797/3403 1287/3404 1286/3405
f 1288/3406 1289/3407 1287/3408
f 1290/3409 1291/3410 1289/3411
f 1292/3412 1291/3413 1290/3414
f 1794/3415 1292/3416 1795/3417
f 1793/3418 1293/3419 1794/3420
f 1791/3421 1790/3422 1295/3423
f 1297/3424 1296/3425 1790/3426
f 1787/3427 1301/3428 1300/3429
f 1787/3430 1786/3431 1301/3432
f 1302/3433 1303/3434 1785/3435
f 1304/3436 1305/3437 1302/3438
f 1309/3439 1310/3440 1308/3441
f 1311/3442 1310/3443 1783/3444
f 1317/3445 1318/3446 1315/3447
f 1780/3448 1317/3449 1316/3450
f 1779/3451 1319/3452 1780/3453
f 1322/3454 1777/3455 1321/3456
f 1324/3457 1323/3458 1777/3459
f 1776/3460 1324/3461 1356/3462
f 1325/3463 1326/3464 1776/3465
f 1775/3466 1327/3467 1325/3468
f 1357/3469 1329/3470 1327/3471
f 1330/3472 1331/3473 1329/3474
f 1359/3475 1333/3476 1330/3477
f 1332/3478 1867/3479 1333/3480
f 1334/3481 1335/3482 1867/3483
f 1336/3484 1335/3485 1334/3486
f 1337/3487 1335/3488 1336/3489
f 1362/3490 1339/3491 1337/3492
f 1338/3493 1340/3494 1339/3495
f 1244/3496 1345/3497 1346/3498
f 1251/3499 1807/3500 1348/3501
f 1242/3502 1344/3503 1345/3504
f 1242/3505 1345/3506 1244/3507
f 1252/3508 1348/3509 1349/3510
f 1252/3511 1251/3512 1348/3513
f 1255/3514 1252/3515 1349/3516
f 1351/3517 1258/3518 1256/3519
f 1259/3520 1351/3521 1352/3522
f 1260/3523 1352/3524 1806/3525
f 1273/3526 1272/3527 1354/3528
f 1258/3529 1351/3530 1259/3531
f 1352/3532 1260/3533 1259/3534
f 1799/3535 1280/3536 1279/3537
f 1797/3538 1286/3539 1798/3540
f 1796/3541 1288/3542 1797/3543
f 1804/3544 1265/3545 1805/3546
f 1804/3547 1803/3548 1265/3549
f 1354/3550 1272/3551 1270/3552
f 1283/3553 1280/3554 1799/3555
f 1796/3556 1290/3557 1288/3558
f 1286/3559 1284/3560 1798/3561
f 1359/3562 1330/3563 1358/3564
f 1359/3565 1360/3566 1332/3567
f 1362/3568 1337/3569 1361/3570
f 1363/3571 1338/3572 1362/3573
f 1330/3574 1329/3575 1358/3576
f 1334/3577 1332/3578 1360/3579
f 1363/3580 1364/3581 1338/3582
f 1337/3583 1336/3584 1361/3585
f 1745/3586 1368/3587 1367/3588
f 1743/3589 1370/3590 1744/3591
f 1463/3592 1371/3593 1372/3594
f 1742/3595 1374/3596 1371/3597
f 1373/3598 1464/3599 1374/3600
f 1740/3601 1380/3602 1377/3603
f 1377/3604 1380/3605 1378/3606
f 1740/3607 1379/3608 1380/3609
f 1466/3610 1381/3611 1379/3612
f 1379/3613 1381/3614 1380/3615
f 1385/3616 1383/3617 1468/3618
f 1384/3619 1387/3620 1385/3621
f 1739/3622 1388/3623 1387/3624
f 1737/3625 1393/3626 1392/3627
f 1469/3628 1396/3629 1393/3630
f 1394/3631 1396/3632 1469/3633
f 1398/3634 1400/3635 1399/3636
f 1401/3637 1402/3638 1400/3639
f 1735/3640 1402/3641 1401/3642
f 1471/3643 1406/3644 1405/3645
f 1472/3646 1408/3647 1406/3648
f 1407/3649 1409/3650 1408/3651
f 1408/3652 1409/3653 1406/3654
f 1412/3655 2875/3656 1474/3657
f 1411/3658 1412/3659 1475/3660
f 1410/3661 1413/3662 1411/3663
f 1476/3664 1414/3665 1413/3666
f 1416/3667 1415/3668 1733/3669
f 1477/3670 1418/3671 1417/3672
f 1478/3673 1419/3674 1418/3675
f 1731/3676 1423/3677 1420/3678
f 1421/3679 1422/3680 1423/3681
f 1730/3682 1482/3683 1422/3684
f 1425/3685 1426/3686 1482/3687
f 1484/3688 1429/3689 1427/3690
f 1729/3691 1428/3692 1429/3693
f 1726/3694 1430/3695 1728/3696
f 1432/3697 1430/3698 1726/3699
f 1433/3700 1432/3701 1431/3702
f 1433/3703 1435/3704 1434/3705
f 1438/3706 1437/3707 1486/3708
f 1439/3709 1441/3710 1440/3711
f 1487/3712 1444/3713 1443/3714
f 1719/3715 1718/3716 1444/3717
f 1447/3718 1445/3719 1718/3720
f 1717/3721 1452/3722 1449/3723
f 1450/3724 1451/3725 1452/3726
f 1716/3727 1453/3728 1451/3729
f 1714/3730 1454/3731 1453/3732
f 1455/3733 1454/3734 1714/3735
f 1458/3736 1460/3737 1459/3738
f 1710/3739 1460/3740 1711/3741
f 1709/3742 1462/3743 1710/3744
f 1371/3745 1375/3746 1372/3747
f 1417/3748 1418/3749 1416/3750
f 1430/3751 1432/3752 1434/3753
f 1439/3754 1440/3755 1438/3756
f 1454/3757 1455/3758 1456/3759
f 1084/3760 1504/3761 1505/3762
f 1881/3763 1878/3764 1051/3765
f 1049/3766 1993/3767 1881/3768
f 1043/3769 1995/3770 1887/3771
f 1037/3772 1895/3773 1507/3774
f 1035/3775 1898/3776 1895/3777
f 1083/3778 1498/3779 1068/3780
f 1870/3781 1488/3782 1506/3783
f 1994/3784 1993/3785 1489/3786
f 1490/3787 1507/3788 1995/3789
f 1491/3790 1903/3791 1898/3792
f 1905/3793 1903/3794 1028/3795
f 1493/3796 1996/3797 1911/3798
f 1917/3799 1996/3800 1493/3801
f 989/3802 1999/3803 1940/3804
f 1999/3805 986/3806 1944/3807
f 1962/3808 1088/3809 1501/3810
f 1012/3811 1503/3812 1920/3813
f 1012/3814 1920/3815 1494/3816
f 1926/3817 1503/3818 1012/3819
f 1496/3820 1998/3821 1997/3822
f 1496/3823 1997/3824 1495/3825
f 1495/3826 1997/3827 1926/3828
f 1494/3829 1920/3830 1917/3831
f 963/3832 1974/3833 1971/3834
f 1980/3835 955/3836 1499/3837
f 1987/3838 951/3839 1989/3840
f 1083/3841 1488/3842 1870/3843
f 1488/3844 1061/3845 1506/3846
f 1061/3847 1057/3848 1506/3849
f 1084/3850 1051/3851 1878/3852
f 1085/3853 1937/3854 1497/3855
f 1043/3856 1490/3857 1995/3858
f 1490/3859 1037/3860 1507/3861
f 1035/3862 1491/3863 1898/3864
f 1491/3865 1028/3866 1903/3867
f 1020/3868 1493/3869 1911/3870
f 1496/3871 1001/3872 1998/3873
f 1932/3874 1001/3875 1497/3876
f 1940/3877 1937/3878 1085/3879
f 1085/3880 989/3881 1940/3882
f 986/3883 1508/3884 1944/3885
f 1086/3886 1956/3887 2000/3888
f 1086/3889 2000/3890 1950/3891
f 1086/3892 1950/3893 1508/3894
f 1508/3895 986/3896 1086/3897
f 976/3898 1502/3899 1956/3900
f 1962/3901 1502/3902 976/3903
f 1088/3904 1962/3905 976/3906
f 963/3907 1971/3908 965/3909
f 955/3910 1980/3911 1500/3912
f 1090/3913 1500/3914 1976/3915
f 1091/3916 1987/3917 1499/3918
f 1956/3919 1086/3920 1087/3921
f 1501/3922 1088/3923 971/3924
f 1501/3925 971/3926 1089/3927
f 1968/3928 1089/3929 965/3930
f 1974/3931 963/3932 961/3933
f 1976/3934 961/3935 1090/3936
f 1500/3937 1090/3938 955/3939
f 1499/3940 955/3941 1091/3942
f 1989/3943 951/3944 1092/3945
f 415/3946 2106/3947 515/3948
f 515/3949 2106/3950 1509/3951
f 1509/3952 2020/3953 511/3954
f 511/3955 2022/3956 508/3957
f 508/3958 2027/3959 1510/3960
f 2029/3961 503/3962 1510/3963
f 1535/3964 538/3965 500/3966
f 1534/3967 539/3968 538/3969
f 1534/3970 495/3971 539/3972
f 1533/3973 540/3974 495/3975
f 540/3976 1532/3977 489/3978
f 485/3979 2042/3980 484/3981
f 484/3982 2044/3983 482/3984
f 482/3985 1529/3986 478/3987
f 1528/3988 472/3989 476/3990
f 2057/3991 466/3992 1511/3993
f 1512/3994 1526/3995 462/3996
f 462/3997 2063/3998 461/3999
f 461/4000 2063/4001 458/4002
f 541/4003 1523/4004 542/4005
f 458/4006 1525/4007 541/4008
f 2070/4009 1514/4010 1513/4011
f 2107/4012 447/4013 1514/4014
f 2077/4015 1516/4016 1515/4017
f 1517/4018 2109/4019 438/4020
f 438/4021 2083/4022 1518/4023
f 1518/4024 2085/4025 434/4026
f 432/4027 2088/4028 1519/4029
f 1519/4030 2092/4031 428/4032
f 2095/4033 1520/4034 425/4035
f 2110/4036 1522/4037 1521/4038
f 2158/4039 2275/4040 815/4041
f 796/4042 2161/4043 2158/4044
f 780/4045 2174/4046 2276/4047
f 1553/4048 2181/4049 2278/4050
f 2163/4051 2161/4052 790/4053
f 816/4054 1552/4055 2169/4056
f 1537/4057 2277/4058 2174/4059
f 776/4060 2278/4061 2277/4062
f 1538/4063 2189/4064 2184/4065
f 1553/4066 2278/4067 776/4068
f 816/4069 2276/4070 1552/4071
f 1540/4072 1551/4073 2196/4074
f 756/4075 2199/4076 1551/4077
f 1539/4078 2194/4079 2191/4080
f 1540/4081 2194/4082 761/4083
f 1554/4084 2201/4085 2199/4086
f 1541/4087 1554/4088 2199/4089
f 2189/4090 1539/4091 2191/4092
f 1556/4093 733/4094 2279/4095
f 2225/4096 723/4097 1548/4098
f 2233/4099 818/4100 2234/4101
f 2206/4102 1554/4103 748/4104
f 1542/4105 1550/4106 2206/4107
f 1555/4108 1550/4109 742/4110
f 1558/4111 702/4112 2244/4113
f 693/4114 2249/4115 2246/4116
f 2249/4117 1559/4118 2251/4119
f 2258/4120 821/4121 2262/4122
f 823/4123 2268/4124 2266/4125
f 1546/4126 815/4127 2155/4128
f 796/4129 792/4130 2161/4131
f 790/4132 788/4133 2163/4134
f 733/4135 1556/4136 1544/4137
f 1537/4138 776/4139 2277/4140
f 771/4141 1538/4142 2184/4143
f 1538/4144 1539/4145 2189/4146
f 1540/4147 756/4148 1551/4149
f 1541/4150 750/4151 1554/4152
f 756/4153 1541/4154 2199/4155
f 1542/4156 742/4157 1550/4158
f 742/4159 1543/4160 1555/4161
f 1556/4162 1543/4163 1544/4164
f 750/4165 748/4166 1554/4167
f 1557/4168 2279/4169 1545/4170
f 723/4171 2225/4172 1549/4173
f 817/4174 1548/4175 723/4176
f 1549/4177 1557/4178 725/4179
f 1549/4180 725/4181 723/4182
f 818/4183 2231/4184 1548/4185
f 818/4186 2233/4187 2231/4188
f 819/4189 2237/4190 710/4191
f 710/4192 2237/4193 2234/4194
f 710/4195 2234/4196 818/4197
f 820/4198 1547/4199 819/4200
f 2251/4201 1559/4202 2254/4203
f 821/4204 2258/4205 2254/4206
f 688/4207 2262/4208 821/4209
f 2266/4210 2262/4211 822/4212
f 1546/4213 2155/4214 2269/4215
f 2268/4216 823/4217 2269/4218
f 693/4219 2246/4220 696/4221
f 2244/4222 702/4223 696/4224
f 2266/4225 822/4226 823/4227
f 2269/4228 823/4229 1546/4230
f 2280/4231 2279/4232 1557/4233
f 1204/4234 2298/4235 1203/4236
f 1203/4237 1583/4238 1560/4239
f 1560/4240 2304/4241 1561/4242
f 1561/4243 1582/4244 1195/4245
f 2307/4246 1191/4247 1195/4248
f 2309/4249 1188/4250 1191/4251
f 2312/4252 1183/4253 1188/4254
f 1580/4255 1181/4256 1183/4257
f 1580/4258 1178/4259 1181/4260
f 2318/4261 1176/4262 1178/4263
f 1176/4264 2319/4265 1171/4266
f 1171/4267 1579/4268 1233/4269
f 1233/4270 2324/4271 1169/4272
f 1169/4273 2326/4274 1168/4275
f 1168/4276 2329/4277 1166/4278
f 2338/4279 1234/4280 1159/4281
f 2332/4282 1159/4283 1162/4284
f 1576/4285 1152/4286 1234/4287
f 1166/4288 2329/4289 1162/4290
f 1150/4291 1575/4292 1149/4293
f 1149/4294 1574/4295 1144/4296
f 1144/4297 1573/4298 1141/4299
f 1141/4300 1572/4301 1140/4302
f 2351/4303 1562/4304 1131/4305
f 2356/4306 1563/4307 1562/4308
f 2359/4309 1124/4310 1563/4311
f 1571/4312 1564/4313 1124/4314
f 1570/4315 1565/4316 1564/4317
f 1134/4318 2350/4319 1131/4320
f 1565/4321 1570/4322 1566/4323
f 1566/4324 1569/4325 1235/4326
f 1235/4327 2366/4328 1116/4329
f 1113/4330 2369/4331 1111/4332
f 2384/4333 1105/4334 1108/4335
f 2375/4336 1100/4337 1105/4338
f 2385/4339 1097/4340 1100/4341
f 2378/4342 1567/4343 1097/4344
f 659/4345 1601/4346 2536/4347
f 670/4348 2433/4349 1601/4350
f 653/4351 2435/4352 2433/4353
f 671/4354 2438/4355 2435/4356
f 671/4357 2440/4358 2438/4359
f 637/4360 2450/4361 640/4362
f 1585/4363 2450/4364 637/4365
f 631/4366 2538/4367 1585/4368
f 1587/4369 2540/4370 2457/4371
f 1588/4372 2541/4373 2540/4374
f 1589/4375 2468/4376 2541/4377
f 673/4378 2542/4379 2468/4380
f 610/4381 2543/4382 614/4383
f 1592/4384 2481/4385 1591/4386
f 1593/4387 2545/4388 2484/4389
f 593/4390 2546/4391 2545/4392
f 1594/4393 2490/4394 2546/4395
f 586/4396 2547/4397 2490/4398
f 583/4399 1600/4400 2547/4401
f 583/4402 2548/4403 1600/4404
f 674/4405 2497/4406 582/4407
f 675/4408 2502/4409 674/4410
f 574/4411 2507/4412 675/4413
f 676/4414 1599/4415 574/4416
f 570/4417 2509/4418 676/4419
f 677/4420 1598/4421 2511/4422
f 678/4423 2517/4424 1598/4425
f 1595/4426 1597/4427 2522/4428
f 1595/4429 2522/4430 2519/4431
f 563/4432 2519/4433 2517/4434
f 553/4435 1597/4436 556/4437
f 680/4438 1596/4439 552/4440
f 681/4441 2533/4442 680/4443
f 659/4444 2536/4445 681/4446
f 1593/4447 2484/4448 1592/4449
f 1603/4450 2581/4451 2582/4452
f 1620/4453 2584/4454 2586/4455
f 2584/4456 1620/4457 2582/4458
f 906/4459 2586/4460 1619/4461
f 902/4462 1618/4463 2594/4464
f 898/4465 2594/4466 2665/4467
f 896/4468 2665/4469 2597/4470
f 2574/4471 1602/4472 920/4473
f 2574/4474 2664/4475 1602/4476
f 2581/4477 1603/4478 2580/4479
f 1603/4480 2577/4481 2580/4482
f 903/4483 1618/4484 902/4485
f 896/4486 2597/4487 1617/4488
f 892/4489 1616/4490 2602/4491
f 1617/4492 1616/4493 892/4494
f 1617/4495 892/4496 894/4497
f 1614/4498 878/4499 2609/4500
f 2628/4501 2667/4502 857/4503
f 851/4504 2631/4505 2668/4506
f 2668/4507 2637/4508 849/4509
f 2637/4510 2669/4511 1605/4512
f 2640/4513 2643/4514 839/4515
f 2649/4516 2650/4517 1609/4518
f 2650/4519 2670/4520 1609/4521
f 1602/4522 2577/4523 914/4524
f 1603/4525 2582/4526 1620/4527
f 1611/4528 1621/4529 1612/4530
f 899/4531 2594/4532 898/4533
f 892/4534 2602/4535 890/4536
f 890/4537 2602/4538 887/4539
f 887/4540 2604/4541 946/4542
f 946/4543 2604/4544 883/4545
f 882/4546 2609/4547 879/4548
f 878/4549 2615/4550 875/4551
f 875/4552 2615/4553 872/4554
f 872/4555 1613/4556 871/4557
f 2620/4558 947/4559 871/4560
f 1611/4561 863/4562 1621/4563
f 2626/4564 861/4565 1622/4566
f 1622/4567 861/4568 863/4569
f 861/4570 2628/4571 857/4572
f 2626/4573 2628/4574 861/4575
f 849/4576 2637/4577 1605/4578
f 1605/4579 2669/4580 1606/4581
f 2659/4582 828/4583 2655/4584
f 829/4585 2655/4586 828/4587
f 1610/4588 1623/4589 920/4590
f 2659/4591 1623/4592 1610/4593
f 828/4594 2659/4595 1610/4596
f 2670/4597 2655/4598 831/4599
f 2648/4600 1608/4601 2646/4602
f 2668/4603 849/4604 851/4605
f 2643/4606 1608/4607 838/4608
f 2640/4609 1607/4610 1606/4611
f 2670/4612 831/4613 1609/4614
f 2655/4615 829/4616 831/4617
f 1205/4618 949/4619 1206/4620
f 1208/4621 1627/4622 1209/4623
f 1209/4624 1628/4625 1109/4626
f 1109/4627 1628/4628 1210/4629
f 960/4630 1112/4631 1210/4632
f 1112/4633 1629/4634 1211/4635
f 1115/4636 1630/4637 1673/4638
f 1673/4639 966/4640 1212/4641
f 1211/4642 1629/4643 1115/4644
f 1212/4645 967/4646 1213/4647
f 969/4648 1214/4649 1213/4650
f 1214/4651 1070/4652 1118/4653
f 1672/4654 1632/4655 1216/4656
f 1215/4657 1632/4658 1672/4659
f 1118/4660 1631/4661 1215/4662
f 1122/4663 973/4664 1217/4665
f 1217/4666 1633/4667 1218/4668
f 1220/4669 980/4670 1221/4671
f 1219/4672 978/4673 1220/4674
f 1218/4675 977/4676 1219/4677
f 1221/4678 982/4679 1222/4680
f 1222/4681 982/4682 1223/4683
f 1224/4684 1637/4685 1225/4686
f 1128/4687 1636/4688 1224/4689
f 1223/4690 984/4691 1128/4692
f 1132/4693 1071/4694 1135/4695
f 1135/4696 1638/4697 1137/4698
f 1137/4699 992/4700 1139/4701
f 994/4702 1671/4703 1139/4704
f 1668/4705 1004/4706 1667/4707
f 1671/4708 1639/4709 1670/4710
f 1216/4711 973/4712 1122/4713
f 1667/4714 1006/4715 1151/4716
f 1151/4717 1006/4718 1666/4719
f 1666/4720 1073/4721 1665/4722
f 1665/4723 1011/4724 1664/4725
f 1158/4726 1075/4727 1157/4728
f 1662/4729 1076/4730 1661/4731
f 1664/4732 1074/4733 1663/4734
f 1165/4735 1077/4736 1164/4737
f 1660/4738 1024/4739 1659/4740
f 1658/4741 1641/4742 1657/4743
f 1657/4744 1027/4745 1656/4746
f 1655/4747 1031/4748 1654/4749
f 1654/4750 1642/4751 1173/4752
f 1173/4753 1078/4754 1653/4755
f 1661/4756 1019/4757 1165/4758
f 1175/4759 1079/4760 1177/4761
f 1177/4762 1039/4763 1652/4764
f 1652/4765 1080/4766 1180/4767
f 1651/4768 1042/4769 1650/4770
f 1180/4771 1080/4772 1651/4773
f 1182/4774 1044/4775 1649/4776
f 1185/4777 1081/4778 1187/4779
f 1649/4780 1046/4781 1185/4782
f 1187/4783 1047/4784 1189/4785
f 1189/4786 1082/4787 1227/4788
f 1650/4789 1643/4790 1182/4791
f 1648/4792 1644/4793 1192/4794
f 1196/4795 1056/4796 1228/4797
f 1229/4798 1060/4799 1646/4800
f 1200/4801 1645/4802 1230/4803
f 1230/4804 1065/4805 1231/4806
f 1231/4807 1066/4808 1232/4809
f 1653/4810 1036/4811 1175/4812
f 1707/4813 1710/4814 516/4815
f 516/4816 1712/4817 417/4818
f 417/4819 1458/4820 1706/4821
f 1706/4822 1457/4823 419/4824
f 419/4825 1713/4826 420/4827
f 420/4828 1713/4829 422/4830
f 422/4831 1714/4832 421/4833
f 421/4834 1453/4835 1705/4836
f 426/4837 1450/4838 427/4839
f 427/4840 1717/4841 517/4842
f 517/4843 1448/4844 430/4845
f 430/4846 1446/4847 518/4848
f 519/4849 1719/4850 1704/4851
f 520/4852 1487/4853 1703/4854
f 1704/4855 1444/4856 520/4857
f 433/4858 1442/4859 521/4860
f 521/4861 1721/4862 522/4863
f 523/4864 1723/4865 524/4866
f 437/4867 1724/4868 525/4869
f 524/4870 1723/4871 437/4872
f 522/4873 1722/4874 523/4875
f 1703/4876 1720/4877 433/4878
f 525/4879 1725/4880 1702/4881
f 1702/4882 1436/4883 440/4884
f 526/4885 1485/4886 1701/4887
f 440/4888 1436/4889 526/4890
f 445/4891 1727/4892 448/4893
f 448/4894 1728/4895 527/4896
f 1424/4897 1699/4898 451/4899
f 1698/4900 1422/4901 1697/4902
f 1699/4903 1482/4904 1698/4905
f 457/4906 1481/4907 1696/4908
f 1696/4909 1480/4910 1695/4911
f 1693/4912 1477/4913 1692/4914
f 1694/4915 1477/4916 1693/4917
f 1695/4918 1478/4919 1694/4920
f 1697/4921 1731/4922 457/4923
f 1692/4924 1732/4925 464/4926
f 1684/4927 1398/4928 1683/4929
f 1683/4930 1397/4931 1682/4932
f 529/4933 1469/4934 490/4935
f 490/4936 1737/4937 530/4938
f 1688/4939 1471/4940 1687/4941
f 530/4942 1738/4943 1681/4944
f 1681/4945 1390/4946 493/4947
f 531/4948 1739/4949 1680/4950
f 1680/4951 1384/4952 497/4953
f 493/4954 1389/4955 531/4956
f 497/4957 1468/4958 1679/4959
f 499/4960 1382/4961 1678/4962
f 1679/4963 1467/4964 499/4965
f 1678/4966 1466/4967 532/4968
f 502/4969 1740/4970 1677/4971
f 532/4972 1379/4973 502/4974
f 1677/4975 1377/4976 505/4977
f 505/4978 1465/4979 533/4980
f 1676/4981 1373/4982 1675/4983
f 534/4984 1742/4985 509/4986
f 1675/4987 1374/4988 534/4989
f 533/4990 1464/4991 1676/4992
f 535/4993 1743/4994 536/4995
f 537/4996 1366/4997 1708/4998
f 513/4999 1745/5000 537/5001
f 536/5002 1744/5003 513/5004
f 1364/5005 545/5006 1341/5007
f 1341/5008 1746/5009 1342/5010
f 1342/5011 1747/5012 1238/5013
f 1238/5014 1748/5015 1343/5016
f 1749/5017 1344/5018 1343/5019
f 1344/5020 1750/5021 1345/5022
f 1808/5023 554/5024 1247/5025
f 1345/5026 551/5027 1346/5028
f 1247/5029 557/5030 1347/5031
f 1807/5032 1752/5033 1348/5034
f 1347/5035 558/5036 1807/5037
f 1348/5038 559/5039 1349/5040
f 1349/5041 561/5042 1255/5043
f 1350/5044 1754/5045 1256/5046
f 1256/5047 1755/5048 1351/5049
f 1352/5050 567/5051 1806/5052
f 1351/5053 1756/5054 1352/5055
f 1255/5056 562/5057 1350/5058
f 1804/5059 1758/5060 1803/5061
f 1268/5062 1760/5063 1270/5064
f 1270/5065 578/5066 1354/5067
f 1354/5068 580/5069 1273/5070
f 662/5071 1800/5072 1276/5073
f 1800/5074 1762/5075 1279/5076
f 1797/5077 595/5078 1796/5079
f 1793/5080 601/5081 1792/5082
f 1792/5083 603/5084 1791/5085
f 1789/5086 607/5087 1298/5088
f 1788/5089 609/5090 1355/5091
f 1355/5092 611/5093 1787/5094
f 1786/5095 1767/5096 1785/5097
f 1302/5098 617/5099 1784/5100
f 1768/5101 1306/5102 1304/5103
f 1306/5104 619/5105 1307/5106
f 1307/5107 620/5108 1309/5109
f 622/5110 1783/5111 1309/5112
f 1311/5113 624/5114 1782/5115
f 1783/5116 664/5117 1311/5118
f 1782/5119 626/5120 1314/5121
f 1787/5122 615/5123 1786/5124
f 1316/5125 630/5126 1780/5127
f 1779/5128 636/5129 1778/5130
f 1778/5131 1769/5132 1322/5133
f 1780/5134 633/5135 1779/5136
f 1356/5137 1770/5138 1776/5139
f 1325/5140 668/5141 1775/5142
f 1327/5143 643/5144 1357/5145
f 1775/5146 668/5147 1327/5148
f 1776/5149 641/5150 1325/5151
f 1329/5152 1771/5153 1358/5154
f 1358/5155 647/5156 1359/5157
f 1361/5158 1773/5159 1362/5160
f 1362/5161 1774/5162 1363/5163
f 1357/5164 644/5165 1329/5166
f 1781/5167 629/5168 1316/5169
f 921/5170 683/5171 826/5172
f 1866/5173 1810/5174 922/5175
f 922/5176 687/5177 1865/5178
f 826/5179 685/5180 1866/5181
f 1864/5182 1812/5183 1863/5184
f 830/5185 1813/5186 923/5187
f 1863/5188 689/5189 830/5190
f 923/5191 692/5192 924/5193
f 924/5194 804/5195 1862/5196
f 1865/5197 1811/5198 1864/5199
f 835/5200 1815/5201 925/5202
f 925/5203 694/5204 1861/5205
f 1818/5206 927/5207 926/5208
f 1861/5209 1817/5210 926/5211
f 929/5212 700/5213 840/5214
f 840/5215 701/5216 841/5217
f 705/5218 930/5219 841/5220
f 1819/5221 931/5222 930/5223
f 1862/5224 1814/5225 835/5226
f 932/5227 711/5228 847/5229
f 1809/5230 933/5231 847/5232
f 933/5233 714/5234 848/5235
f 850/5236 716/5237 934/5238
f 852/5239 719/5240 853/5241
f 856/5242 724/5243 935/5244
f 805/5245 862/5246 860/5247
f 1860/5248 806/5249 864/5250
f 1859/5251 1822/5252 866/5253
f 1858/5254 808/5255 868/5256
f 736/5257 1857/5258 868/5259
f 1857/5260 739/5261 1856/5262
f 1854/5263 743/5264 873/5265
f 873/5266 744/5267 936/5268
f 936/5269 747/5270 876/5271
f 876/5272 809/5273 1853/5274
f 1853/5275 810/5276 1852/5277
f 1852/5278 749/5279 1851/5280
f 1851/5281 751/5282 881/5283
f 881/5284 752/5285 880/5286
f 880/5287 752/5288 1850/5289
f 1850/5290 1823/5291 1849/5292
f 1849/5293 1823/5294 1848/5295
f 1848/5296 755/5297 937/5298
f 937/5299 755/5300 885/5301
f 885/5302 811/5303 884/5304
f 886/5305 759/5306 938/5307
f 893/5308 1825/5309 1846/5310
f 1846/5311 768/5312 1845/5313
f 1844/5314 772/5315 897/5316
f 1845/5317 770/5318 1844/5319
f 891/5320 764/5321 1847/5322
f 897/5323 773/5324 940/5325
f 940/5326 775/5327 1843/5328
f 1843/5329 779/5330 901/5331
f 901/5332 779/5333 1842/5334
f 1842/5335 1826/5336 1841/5337
f 1841/5338 1827/5339 1840/5340
f 1840/5341 813/5342 1839/5343
f 1839/5344 781/5345 905/5346
f 905/5347 1828/5348 1838/5349
f 1838/5350 1829/5351 1837/5352
f 1837/5353 1830/5354 1836/5355
f 1836/5356 1831/5357 1835/5358
f 911/5359 789/5360 1834/5361
f 1835/5362 786/5363 911/5364
f 1834/5365 793/5366 941/5367
f 942/5368 1832/5369 943/5370
f 944/5371 798/5372 945/5373
f 945/5374 800/5375 917/5376
f 1833/5377 802/5378 921/5379
f 917/5380 814/5381 1833/5382
f 1245/5383 1241/5384 1243/5385
f 1245/5386 1246/5387 1248/5388
f 1239/5389 1245/5390 1236/5391
f 1245/5392 1239/5393 1241/5394
f 1257/5395 1261/5396 1245/5397
f 1262/5398 1245/5399 1261/5400
f 1245/5401 1250/5402 1253/5403
f 1245/5404 1254/5405 1257/5406
f 1245/5407 1253/5408 1254/5409
f 1248/5410 1250/5411 1245/5412
f 1335/5413 1339/5414 1245/5415
f 1335/5416 1245/5417 1867/5418
f 1339/5419 1340/5420 1245/5421
f 1333/5422 1867/5423 1245/5424
f 1328/5425 1331/5426 1245/5427
f 1331/5428 1333/5429 1245/5430
f 1245/5431 1326/5432 1328/5433
f 1326/5434 1245/5435 1323/5436
f 1245/5437 1321/5438 1323/5439
f 1319/5440 1245/5441 1318/5442
f 1319/5443 1321/5444 1245/5445
f 1245/5446 1340/5447 1236/5448
f 1262/5449 1263/5450 1245/5451
f 1263/5452 1266/5453 1245/5454
f 1245/5455 1267/5456 1269/5457
f 1245/5458 1266/5459 1267/5460
f 1245/5461 1269/5462 1271/5463
f 1271/5464 1274/5465 1245/5466
f 1274/5467 1275/5468 1245/5469
f 1245/5470 1275/5471 1278/5472
f 1282/5473 1245/5474 1281/5475
f 1281/5476 1245/5477 1278/5478
f 1285/5479 1287/5480 1245/5481
f 1287/5482 1289/5483 1245/5484
f 1282/5485 1285/5486 1245/5487
f 1291/5488 1245/5489 1289/5490
f 1245/5491 1305/5492 1308/5493
f 1303/5494 1305/5495 1245/5496
f 1303/5497 1245/5498 1301/5499
f 1313/5500 1315/5501 1245/5502
f 1312/5503 1245/5504 1310/5505
f 1245/5506 1312/5507 1313/5508
f 1308/5509 1310/5510 1245/5511
f 1318/5512 1245/5513 1315/5514
f 1296/5515 1245/5516 1295/5517
f 1291/5518 1293/5519 1245/5520
f 1293/5521 1295/5522 1245/5523
f 1300/5524 1301/5525 1245/5526
f 1245/5527 1296/5528 1299/5529
f 1300/5530 1245/5531 1299/5532
f 1992/5533 1871/5534 1869/5535
f 1870/5536 1872/5537 1871/5538
f 1506/5539 1873/5540 1872/5541
f 1505/5542 1876/5543 1875/5544
f 1504/5545 1877/5546 1876/5547
f 1881/5548 1883/5549 1882/5550
f 1887/5551 1886/5552 1994/5553
f 1995/5554 1892/5555 1891/5556
f 1894/5557 1893/5558 1892/5559
f 1895/5560 1899/5561 1896/5562
f 1896/5563 1899/5564 1897/5565
f 1898/5566 1900/5567 1899/5568
f 1905/5569 1907/5570 1906/5571
f 1911/5572 1910/5573 1909/5574
f 1911/5575 1996/5576 1913/5577
f 1921/5578 1918/5579 1917/5580
f 1920/5581 1922/5582 1921/5583
f 1920/5584 1923/5585 1922/5586
f 1503/5587 1924/5588 1923/5589
f 1503/5590 1926/5591 1924/5592
f 1929/5593 1928/5594 1926/5595
f 1998/5596 1929/5597 1997/5598
f 1931/5599 1933/5600 2724/5601
f 1932/5602 1934/5603 1933/5604
f 1937/5605 1939/5606 1938/5607
f 1940/5608 1942/5609 1941/5610
f 1944/5611 1947/5612 1946/5613
f 1955/5614 1953/5615 2000/5616
f 1956/5617 1502/5618 1957/5619
f 1959/5620 1960/5621 1502/5622
f 1963/5623 1961/5624 1959/5625
f 1962/5626 1964/5627 1963/5628
f 1963/5629 1964/5630 2730/5631
f 1501/5632 1965/5633 1964/5634
f 1968/5635 1970/5636 1969/5637
f 1971/5638 1973/5639 1972/5640
f 1980/5641 1983/5642 1981/5643
f 1499/5644 1983/5645 1980/5646
f 1986/5647 1984/5648 1499/5649
f 1985/5650 1986/5651 1499/5652
f 1988/5653 2002/5654 2003/5655
f 1987/5656 1989/5657 1988/5658
f 1989/5659 2001/5660 2002/5661
f 1990/5662 2001/5663 1989/5664
f 1498/5665 1991/5666 1990/5667
f 1498/5668 1868/5669 1991/5670
f 1992/5671 1498/5672 1870/5673
f 1872/5674 1870/5675 1506/5676
f 1892/5677 1995/5678 1507/5679
f 1995/5680 1890/5681 1887/5682
f 1901/5683 1898/5684 1903/5685
f 1916/5686 1996/5687 1917/5688
f 1921/5689 1917/5690 1920/5691
f 1871/5692 2017/5693 1869/5694
f 1872/5695 2016/5696 2017/5697
f 2715/5698 2016/5699 1873/5700
f 1874/5701 1875/5702 2715/5703
f 1876/5704 2716/5705 1875/5706
f 2015/5707 2716/5708 1877/5709
f 1879/5710 1880/5711 2015/5712
f 1899/5713 2719/5714 1897/5715
f 1900/5716 2720/5717 2719/5718
f 2013/5719 2720/5720 1902/5721
f 1904/5722 1906/5723 2013/5724
f 1907/5725 2721/5726 1906/5727
f 2722/5728 2721/5729 1908/5730
f 1910/5731 1912/5732 2722/5733
f 1931/5734 1998/5735 1932/5736
f 1939/5737 1937/5738 1940/5739
f 1935/5740 1932/5741 1937/5742
f 1955/5743 2000/5744 1956/5745
f 1962/5746 1959/5747 1502/5748
f 1966/5749 1501/5750 1968/5751
f 1970/5752 1968/5753 1971/5754
f 1985/5755 1499/5756 1987/5757
f 1990/5758 1989/5759 1498/5760
f 1933/5761 2725/5762 2724/5763
f 1934/5764 2726/5765 2725/5766
f 2727/5767 2726/5768 1936/5769
f 2727/5770 1938/5771 2012/5772
f 1941/5773 2728/5774 2012/5775
f 1942/5776 2729/5777 2728/5778
f 1945/5779 2729/5780 1943/5781
f 1964/5782 2009/5783 2730/5784
f 1965/5785 2008/5786 2009/5787
f 2007/5788 2008/5789 1967/5790
f 1969/5791 2006/5792 2007/5793
f 1972/5794 2005/5795 2006/5796
f 2004/5797 2005/5798 1973/5799
f 1975/5800 1977/5801 2004/5802
f 2106/5803 2019/5804 2020/5805
f 2762/5806 2022/5807 2020/5808
f 2755/5809 2152/5810 2029/5811
f 2029/5812 2030/5813 1536/5814
f 2037/5815 2038/5816 1534/5817
f 2754/5818 2146/5819 2038/5820
f 2146/5821 2145/5822 2039/5823
f 2039/5824 2040/5825 1532/5826
f 2142/5827 2042/5828 1531/5829
f 2752/5830 2136/5831 2047/5832
f 2047/5833 2048/5834 2049/5835
f 2056/5836 2058/5837 2057/5838
f 2130/5839 2059/5840 2058/5841
f 2059/5842 2060/5843 1526/5844
f 1524/5845 2065/5846 1523/5847
f 2120/5848 2068/5849 2067/5850
f 2069/5851 2071/5852 2070/5853
f 2070/5854 2072/5855 2073/5856
f 2074/5857 2107/5858 2073/5859
f 2116/5860 2746/5861 2081/5862
f 2081/5863 2082/5864 2083/5865
f 2743/5866 2086/5867 2085/5868
f 2739/5869 2738/5870 2093/5871
f 2093/5872 2094/5873 2095/5874
f 2099/5875 2100/5876 2110/5877
f 2110/5878 2101/5879 2102/5880
f 2104/5881 2105/5882 2111/5883
f 1533/5884 1534/5885 2038/5886
f 2039/5887 1532/5888 1533/5889
f 2058/5890 1526/5891 2057/5892
f 2019/5893 2764/5894 2763/5895
f 2762/5896 2021/5897 2763/5898
f 2024/5899 2760/5900 2759/5901
f 2758/5902 2026/5903 2759/5904
f 2030/5905 2152/5906 2151/5907
f 2032/5908 2150/5909 2033/5910
f 2036/5911 2149/5912 2148/5913
f 2147/5914 2037/5915 2148/5916
f 2150/5917 2031/5918 2151/5919
f 2040/5920 2144/5921 2143/5922
f 2142/5923 2041/5924 2143/5925
f 2045/5926 2141/5927 2140/5928
f 2139/5929 2046/5930 2140/5931
f 2048/5932 2136/5933 2135/5934
f 2051/5935 2134/5936 2052/5937
f 2055/5938 2133/5939 2132/5940
f 2131/5941 2056/5942 2132/5943
f 2134/5944 2050/5945 2135/5946
f 2068/5947 2069/5948 2067/5949
f 2073/5950 2107/5951 2070/5952
f 2081/5953 2083/5954 2109/5955
f 2111/5956 2105/5957 2018/5958
f 2111/5959 2018/5960 2106/5961
f 2061/5962 2128/5963 2127/5964
f 2126/5965 2062/5966 2127/5967
f 2065/5968 2124/5969 2123/5970
f 2066/5971 2123/5972 2122/5973
f 2119/5974 2072/5975 2071/5976
f 2074/5977 2119/5978 2749/5979
f 2075/5980 2749/5981 2748/5982
f 2747/5983 2076/5984 2748/5985
f 2078/5986 2747/5987 2118/5988
f 2079/5989 2118/5990 2117/5991
f 2082/5992 2745/5993 2744/5994
f 2743/5995 2084/5996 2744/5997
f 2089/5998 2114/5999 2742/6000
f 2741/6001 2090/6002 2742/6003
f 2094/6004 2738/6005 2737/6006
f 2098/6007 2736/6008 2735/6009
f 2100/6010 2735/6011 2734/6012
f 2103/6013 2733/6014 2732/6015
f 2104/6016 2732/6017 2731/6018
f 2733/6019 2101/6020 2734/6021
f 2736/6022 2096/6023 2737/6024
f 2274/6025 2156/6026 2154/6027
f 2158/6028 2159/6029 2275/6030
f 2161/6031 2164/6032 2162/6033
f 2163/6034 2165/6035 2164/6036
f 2166/6037 2167/6038 2163/6039
f 2169/6040 2171/6041 2170/6042
f 2174/6043 2173/6044 2276/6045
f 2277/6046 2177/6047 2176/6048
f 2180/6049 2179/6050 2177/6051
f 2181/6052 2185/6053 2182/6054
f 2182/6055 2185/6056 2183/6057
f 2184/6058 2186/6059 2185/6060
f 2191/6061 2193/6062 2192/6063
f 2196/6064 2197/6065 2194/6066
f 1551/6067 2200/6068 2292/6069
f 2199/6070 2202/6071 2200/6072
f 2204/6073 2203/6074 2201/6075
f 2205/6076 2204/6077 1554/6078
f 2207/6079 2208/6080 1550/6081
f 1555/6082 2780/6083 2207/6084
f 2209/6085 2210/6086 2781/6087
f 1556/6088 2211/6089 2210/6090
f 2279/6091 2215/6092 2214/6093
f 2280/6094 2217/6095 2216/6096
f 1549/6097 2222/6098 2221/6099
f 1549/6100 2223/6101 2222/6102
f 2229/6103 2228/6104 1548/6105
f 2236/6106 2235/6107 2233/6108
f 2237/6109 2239/6110 2238/6111
f 2238/6112 2239/6113 2286/6114
f 1547/6115 2240/6116 2239/6117
f 2244/6118 2247/6119 2245/6120
f 2246/6121 2248/6122 2247/6123
f 2254/6124 2256/6125 2255/6126
f 2264/6127 2263/6128 2262/6129
f 2266/6130 2267/6131 2265/6132
f 2268/6133 2270/6134 2267/6135
f 2271/6136 2270/6137 2268/6138
f 2273/6139 2271/6140 2269/6141
f 2273/6142 2272/6143 2271/6144
f 2273/6145 2153/6146 2272/6147
f 2166/6148 2163/6149 2169/6150
f 2177/6151 2277/6152 2278/6153
f 2277/6154 2175/6155 2174/6156
f 2187/6157 2184/6158 2189/6159
f 2205/6160 1554/6161 2206/6162
f 2207/6163 1550/6164 1555/6165
f 2156/6166 2296/6167 2154/6168
f 2157/6169 2295/6170 2296/6171
f 2294/6172 2295/6173 2159/6174
f 2160/6175 2162/6176 2294/6177
f 2164/6178 2293/6179 2162/6180
f 2767/6181 2293/6182 2165/6183
f 2167/6184 2168/6185 2767/6186
f 2185/6187 2773/6188 2183/6189
f 2186/6190 2774/6191 2773/6192
f 2775/6193 2774/6194 2188/6195
f 2190/6196 2192/6197 2775/6198
f 2193/6199 2776/6200 2192/6201
f 2777/6202 2776/6203 2195/6204
f 2197/6205 2198/6206 2777/6207
f 2209/6208 1555/6209 1556/6210
f 2215/6211 2279/6212 2280/6213
f 2212/6214 1556/6215 2279/6216
f 2223/6217 1549/6218 2225/6219
f 2231/6220 2229/6221 1548/6222
f 2241/6223 1547/6224 1558/6225
f 2256/6226 2254/6227 2258/6228
f 2266/6229 2264/6230 2262/6231
f 2269/6232 2274/6233 2273/6234
f 2269/6235 2155/6236 2274/6237
f 2210/6238 2782/6239 2781/6240
f 2211/6241 2783/6242 2782/6243
f 2784/6244 2783/6245 2213/6246
f 2784/6247 2214/6248 2785/6249
f 2216/6250 2786/6251 2785/6252
f 2217/6253 2787/6254 2786/6255
f 2220/6256 2787/6257 2219/6258
f 2239/6259 2285/6260 2286/6261
f 2240/6262 2284/6263 2285/6264
f 2283/6265 2284/6266 2242/6267
f 2243/6268 2245/6269 2283/6270
f 2247/6271 2282/6272 2245/6273
f 2281/6274 2282/6275 2248/6276
f 2250/6277 2252/6278 2281/6279
f 2298/6280 2299/6281 1583/6282
f 2427/6283 2301/6284 1583/6285
f 2423/6286 2422/6287 2307/6288
f 2307/6289 2308/6290 2309/6291
f 2309/6292 2310/6293 1581/6294
f 2311/6295 2312/6296 1581/6297
f 2416/6298 2319/6299 2318/6300
f 2320/6301 2321/6302 1579/6303
f 2412/6304 2324/6305 2323/6306
f 2812/6307 2407/6308 2330/6309
f 2330/6310 2331/6311 2332/6312
f 2340/6313 2341/6314 1576/6315
f 2401/6316 2342/6317 2341/6318
f 2342/6319 2343/6320 1575/6321
f 1572/6322 2347/6323 2348/6324
f 2811/6325 2810/6326 2351/6327
f 2355/6328 2357/6329 2356/6330
f 2804/6331 2803/6332 2362/6333
f 2362/6334 2363/6335 1569/6336
f 2366/6337 2367/6338 2368/6339
f 2370/6340 2371/6341 2372/6342
f 2374/6343 2375/6344 2384/6345
f 2375/6346 2376/6347 2385/6348
f 2385/6349 2377/6350 2378/6351
f 2380/6352 2382/6353 2381/6354
f 1580/6355 2312/6356 2315/6357
f 2320/6358 1579/6359 2319/6360
f 2341/6361 1575/6362 1576/6363
f 2299/6364 2821/6365 2820/6366
f 2427/6367 2300/6368 2820/6369
f 2303/6370 2818/6371 2426/6372
f 2817/6373 2305/6374 2426/6375
f 2310/6376 2308/6377 2421/6378
f 2311/6379 2421/6380 2420/6381
f 2314/6382 2419/6383 2418/6384
f 2419/6385 2313/6386 2420/6387
f 2316/6388 2418/6389 2417/6390
f 2816/6391 2317/6392 2417/6393
f 2321/6394 2414/6395 2413/6396
f 2412/6397 2322/6398 2413/6399
f 2327/6400 2411/6401 2813/6402
f 2410/6403 2328/6404 2813/6405
f 2331/6406 2407/6407 2406/6408
f 2335/6409 2405/6410 2336/6411
f 2339/6412 2404/6413 2403/6414
f 2402/6415 2340/6416 2403/6417
f 2405/6418 2333/6419 2406/6420
f 2357/6421 2359/6422 2356/6423
f 2348/6424 2349/6425 1572/6426
f 2362/6427 1569/6428 1570/6429
f 2372/6430 2384/6431 2370/6432
f 2368/6433 1568/6434 2366/6435
f 2381/6436 2382/6437 2297/6438
f 2381/6439 2297/6440 2298/6441
f 2344/6442 2399/6443 2398/6444
f 2397/6445 2345/6446 2398/6447
f 2347/6448 2395/6449 2394/6450
f 2348/6451 2394/6452 2393/6453
f 2809/6454 2354/6455 2352/6456
f 2355/6457 2809/6458 2808/6459
f 2357/6460 2808/6461 2807/6462
f 2806/6463 2358/6464 2807/6465
f 2360/6466 2806/6467 2805/6468
f 2361/6469 2805/6470 2390/6471
f 2363/6472 2802/6473 2801/6474
f 2800/6475 2364/6476 2801/6477
f 2367/6478 2799/6479 2798/6480
f 2797/6481 2368/6482 2798/6483
f 2371/6484 2793/6485 2792/6486
f 2374/6487 2791/6488 2387/6489
f 2376/6490 2387/6491 2790/6492
f 2379/6493 2789/6494 2788/6495
f 2380/6496 2788/6497 2386/6498
f 2789/6499 2377/6500 2790/6501
f 2791/6502 2373/6503 2792/6504
f 2428/6505 2431/6506 2430/6507
f 1601/6508 2432/6509 2431/6510
f 2433/6511 2434/6512 2432/6513
f 2435/6514 2436/6515 2433/6516
f 2435/6517 2437/6518 2436/6519
f 2442/6520 2443/6521 2440/6522
f 2442/6523 2446/6524 2445/6525
f 2451/6526 2448/6527 2537/6528
f 2450/6529 2830/6530 2451/6531
f 2450/6532 2452/6533 2830/6534
f 2450/6535 2454/6536 2452/6537
f 2455/6538 2565/6539 2538/6540
f 2458/6541 2456/6542 2455/6543
f 2457/6544 2460/6545 2458/6546
f 2458/6547 2460/6548 2459/6549
f 2541/6550 2466/6551 2465/6552
f 2542/6553 2472/6554 2471/6555
f 2542/6556 2473/6557 2472/6558
f 2477/6559 2476/6560 2544/6561
f 2482/6562 2483/6563 2481/6564
f 2484/6565 2563/6566 2482/6567
f 2485/6568 2486/6569 2838/6570
f 2545/6571 2487/6572 2486/6573
f 2490/6574 2492/6575 2491/6576
f 2547/6577 2493/6578 2492/6579
f 2548/6580 2497/6581 2496/6582
f 2504/6583 2503/6584 2500/6585
f 2505/6586 2504/6587 2502/6588
f 2509/6589 2508/6590 1599/6591
f 2512/6592 2510/6593 2509/6594
f 2511/6595 2513/6596 2512/6597
f 2512/6598 2513/6599 2559/6600
f 1598/6601 2514/6602 2513/6603
f 2519/6604 2520/6605 2557/6606
f 1597/6607 2523/6608 2522/6609
f 1597/6610 2526/6611 2525/6612
f 2531/6613 2552/6614 2529/6615
f 2530/6616 2531/6617 2529/6618
f 2532/6619 2550/6620 2551/6621
f 1596/6622 2533/6623 2532/6624
f 2533/6625 2534/6626 2550/6627
f 2535/6628 2534/6629 2533/6630
f 2536/6631 2549/6632 2535/6633
f 2536/6634 2429/6635 2549/6636
f 2428/6637 2536/6638 1601/6639
f 2432/6640 1601/6641 2433/6642
f 2447/6643 2446/6644 2537/6645
f 2451/6646 2537/6647 2450/6648
f 2454/6649 2450/6650 2538/6651
f 2455/6652 2538/6653 2539/6654
f 2461/6655 2457/6656 2540/6657
f 2463/6658 2540/6659 2541/6660
f 2467/6661 2541/6662 2468/6663
f 2473/6664 2542/6665 2543/6666
f 2477/6667 2544/6668 2479/6669
f 2482/6670 2481/6671 2484/6672
f 2431/6673 2571/6674 2430/6675
f 2432/6676 2570/6677 2571/6678
f 2569/6679 2570/6680 2434/6681
f 2436/6682 2437/6683 2569/6684
f 2439/6685 2827/6686 2437/6687
f 2568/6688 2827/6689 2441/6690
f 2443/6691 2444/6692 2568/6693
f 2460/6694 2831/6695 2459/6696
f 2461/6697 2832/6698 2831/6699
f 2833/6700 2832/6701 2462/6702
f 2464/6703 2465/6704 2833/6705
f 2466/6706 2834/6707 2465/6708
f 2835/6709 2834/6710 2467/6711
f 2469/6712 2470/6713 2835/6714
f 2485/6715 2484/6716 2545/6717
f 2498/6718 2497/6719 2500/6720
f 2507/6721 2505/6722 2502/6723
f 2515/6724 1598/6725 2517/6726
f 2527/6727 2526/6728 2528/6729
f 2530/6730 2529/6731 1596/6732
f 2535/6733 2533/6734 2536/6735
f 2486/6736 2839/6737 2838/6738
f 2487/6739 2840/6740 2839/6741
f 2841/6742 2840/6743 2488/6744
f 2841/6745 2489/6746 2491/6747
f 2492/6748 2842/6749 2491/6750
f 2493/6751 2843/6752 2842/6753
f 2495/6754 2843/6755 2494/6756
f 2513/6757 2844/6758 2559/6759
f 2514/6760 2845/6761 2844/6762
f 2558/6763 2845/6764 2516/6765
f 2518/6766 2557/6767 2558/6768
f 2520/6769 2556/6770 2557/6771
f 2846/6772 2556/6773 2521/6774
f 2523/6775 2524/6776 2846/6777
f 2572/6778 2573/6779 2574/6780
f 2575/6781 2664/6782 2574/6783
f 2577/6784 2578/6785 2580/6786
f 2712/6787 2711/6788 2582/6789
f 2582/6790 2583/6791 2584/6792
f 2587/6793 1619/6794 2586/6795
f 2590/6796 2591/6797 1618/6798
f 2704/6799 2703/6800 2595/6801
f 2595/6802 2596/6803 2597/6804
f 1616/6805 2601/6806 2602/6807
f 2608/6808 2609/6809 2666/6810
f 2612/6811 2613/6812 1614/6813
f 2614/6814 2616/6815 2615/6816
f 2688/6817 2617/6818 2616/6819
f 2617/6820 2618/6821 1613/6822
f 1611/6823 2624/6824 2625/6825
f 2626/6826 2679/6827 2628/6828
f 2630/6829 2631/6830 2667/6831
f 2825/6832 2826/6833 2638/6834
f 2638/6835 2639/6836 2640/6837
f 2644/6838 2645/6839 2646/6840
f 2650/6841 2651/6842 2652/6843
f 2655/6844 2656/6845 2657/6846
f 2657/6847 2658/6848 2659/6849
f 2662/6850 2663/6851 1623/6852
f 2572/6853 2574/6854 1623/6855
f 2593/6856 2594/6857 1618/6858
f 1618/6859 1619/6860 2590/6861
f 2595/6862 2597/6863 2665/6864
f 2599/6865 1617/6866 2597/6867
f 2606/6868 2666/6869 2604/6870
f 2612/6871 1614/6872 2609/6873
f 2616/6874 1613/6875 2615/6876
f 2573/6877 2873/6878 2872/6879
f 2714/6880 2575/6881 2872/6882
f 2578/6883 2870/6884 2869/6885
f 2868/6886 2579/6887 2869/6888
f 2583/6889 2711/6890 2710/6891
f 2587/6892 2709/6893 2588/6894
f 2590/6895 2589/6896 2708/6897
f 2591/6898 2708/6899 2707/6900
f 2706/6901 2592/6902 2707/6903
f 2709/6904 2585/6905 2710/6906
f 2596/6907 2702/6908 2866/6909
f 2701/6910 2598/6911 2866/6912
f 2601/6913 2699/6914 2698/6915
f 2697/6916 2603/6917 2698/6918
f 2605/6919 2693/6920 2692/6921
f 2608/6922 2691/6923 2610/6924
f 2612/6925 2611/6926 2690/6927
f 2613/6928 2690/6929 2689/6930
f 2865/6931 2614/6932 2689/6933
f 2691/6934 2607/6935 2692/6936
f 2622/6937 1612/6938 2620/6939
f 2625/6940 1622/6941 1611/6942
f 2635/6943 2637/6944 2668/6945
f 2638/6946 2640/6947 2669/6948
f 2644/6949 2646/6950 2643/6951
f 2642/6952 2643/6953 2640/6954
f 2652/6955 2670/6956 2650/6957
f 2657/6958 2659/6959 2655/6960
f 2662/6961 1623/6962 2659/6963
f 2619/6964 2686/6965 2685/6966
f 2684/6967 2621/6968 2685/6969
f 2624/6970 2682/6971 2681/6972
f 2625/6973 2681/6974 2823/6975
f 2627/6976 2824/6977 2863/6978
f 2629/6979 2863/6980 2862/6981
f 2632/6982 2630/6983 2862/6984
f 2634/6985 2861/6986 2860/6987
f 2636/6988 2860/6989 2678/6990
f 2639/6991 2858/6992 2677/6993
f 2857/6994 2641/6995 2677/6996
f 2645/6997 2856/6998 2675/6999
f 2855/7000 2647/7001 2675/7002
f 2651/7003 2852/7004 2851/7005
f 2654/7006 2850/7007 2673/7008
f 2656/7009 2673/7010 2849/7011
f 2660/7012 2672/7013 2848/7014
f 2661/7015 2848/7016 2847/7017
f 2672/7018 2658/7019 2849/7020
f 2850/7021 2653/7022 2851/7023
f 1869/7024 2112/7025 1868/7026
f 2014/7027 2152/7028 1883/7029
f 1884/7030 2151/7031 2014/7032
f 1885/7033 2151/7034 1884/7035
f 1886/7036 2150/7037 1885/7038
f 1888/7039 2150/7040 1886/7041
f 1889/7042 2033/7043 1888/7044
f 2717/7045 2149/7046 1889/7047
f 2718/7048 2148/7049 2717/7050
f 1893/7051 2148/7052 2718/7053
f 1915/7054 2136/7055 1914/7056
f 2723/7057 2135/7058 1915/7059
f 1918/7060 2134/7061 2723/7062
f 1919/7063 2134/7064 1918/7065
f 1922/7066 2052/7067 1919/7068
f 1923/7069 2053/7070 1922/7071
f 1925/7072 2133/7073 1923/7074
f 1927/7075 2132/7076 1925/7077
f 1928/7078 2132/7079 1927/7080
f 1896/7081 2146/7082 1894/7083
f 1948/7084 2750/7085 1947/7086
f 1949/7087 2071/7088 1948/7089
f 2011/7090 2119/7091 1949/7092
f 1951/7093 2119/7094 2011/7095
f 1952/7096 2749/7097 1951/7098
f 1953/7099 2749/7100 1952/7101
f 1954/7102 2748/7103 1953/7104
f 2010/7105 2747/7106 1954/7107
f 1958/7108 2118/7109 2010/7110
f 1960/7111 2118/7112 1958/7113
f 1981/7114 2738/7115 1979/7116
f 1982/7117 2737/7118 1981/7119
f 1983/7120 2737/7121 1982/7122
f 1984/7123 2736/7124 1983/7125
f 1986/7126 2735/7127 1984/7128
f 2003/7129 2735/7130 1986/7131
f 2002/7132 2734/7133 2003/7134
f 2001/7135 2733/7136 2002/7137
f 1991/7138 2732/7139 2001/7140
f 1963/7141 2116/7142 1961/7143
f 1930/7144 2130/7145 1929/7146
f 2154/7147 2766/7148 2153/7149
f 2768/7150 2422/7151 2171/7152
f 2172/7153 2308/7154 2768/7155
f 2769/7156 2421/7157 2172/7158
f 2173/7159 2421/7160 2769/7161
f 2770/7162 2420/7163 2173/7164
f 2771/7165 2419/7166 2770/7167
f 2772/7168 2418/7169 2771/7170
f 2178/7171 2417/7172 2772/7173
f 2179/7174 2417/7175 2178/7176
f 2200/7177 2407/7178 2292/7179
f 2291/7180 2406/7181 2200/7182
f 2202/7183 2406/7184 2291/7185
f 2203/7186 2405/7187 2202/7188
f 2204/7189 2336/7190 2203/7191
f 2779/7192 2336/7193 2204/7194
f 2290/7195 2404/7196 2779/7197
f 2289/7198 2403/7199 2290/7200
f 2208/7201 2403/7202 2289/7203
f 2182/7204 2415/7205 2180/7206
f 2224/7207 2810/7208 2222/7209
f 2288/7210 2809/7211 2224/7212
f 2226/7213 2809/7214 2288/7215
f 2227/7216 2808/7217 2226/7218
f 2228/7219 2808/7220 2227/7221
f 2230/7222 2807/7223 2228/7224
f 2232/7225 2806/7226 2230/7227
f 2287/7228 2805/7229 2232/7230
f 2235/7231 2805/7232 2287/7233
f 2257/7234 2793/7235 2255/7236
f 2259/7237 2792/7238 2257/7239
f 2260/7240 2791/7241 2259/7242
f 2261/7243 2791/7244 2260/7245
f 2263/7246 2387/7247 2261/7248
f 2265/7249 2387/7250 2263/7251
f 2267/7252 2790/7253 2265/7254
f 2270/7255 2789/7256 2267/7257
f 2272/7258 2788/7259 2270/7260
f 2238/7261 2804/7262 2236/7263
f 2430/7264 2671/7265 2429/7266
f 2829/7267 2711/7268 2828/7269
f 2567/7270 2710/7271 2829/7272
f 2448/7273 2709/7274 2567/7275
f 2449/7276 2709/7277 2448/7278
f 2830/7279 2588/7280 2449/7281
f 2452/7282 2589/7283 2830/7284
f 2453/7285 2708/7286 2452/7287
f 2566/7288 2707/7289 2453/7290
f 2565/7291 2707/7292 2566/7293
f 2836/7294 2693/7295 2472/7296
f 2474/7297 2692/7298 2836/7299
f 2475/7300 2691/7301 2474/7302
f 2564/7303 2691/7304 2475/7305
f 2476/7306 2610/7307 2564/7308
f 2478/7309 2610/7310 2476/7311
f 2480/7312 2690/7313 2478/7314
f 2837/7315 2689/7316 2480/7317
f 2483/7318 2689/7319 2837/7320
f 2458/7321 2704/7322 2456/7323
f 2499/7324 2824/7325 2562/7326
f 2501/7327 2863/7328 2499/7329
f 2503/7330 2862/7331 2501/7332
f 2504/7333 2632/7334 2503/7335
f 2506/7336 2632/7337 2504/7338
f 2561/7339 2861/7340 2506/7341
f 2560/7342 2860/7343 2561/7344
f 2508/7345 2860/7346 2560/7347
f 2554/7348 2852/7349 2555/7350
f 2553/7351 2851/7352 2554/7353
f 2552/7354 2850/7355 2553/7356
f 2531/7357 2673/7358 2552/7359
f 2551/7360 2673/7361 2531/7362
f 2550/7363 2849/7364 2551/7365
f 2534/7366 2672/7367 2550/7368
f 2549/7369 2848/7370 2534/7371
f 2512/7372 2825/7373 2510/7374
f 1426/7375 3151/7376 3346/7377
f 3340/7378 1420/7379 1423/7380
f 1427/7381 3158/7382 3151/7383
f 1426/7384 3346/7385 1423/7386
f 3151/7387 1426/7388 1427/7389
f 1419/7390 3145/7391 3140/7392
f 1416/7393 1418/7394 3140/7395
f 3138/7396 1416/7397 3140/7398
f 3145/7399 1419/7400 1420/7401
f 1420/7402 3340/7403 3145/7404
f 3140/7405 1418/7406 1419/7407
f 3348/7408 3165/7409 1435/7410
f 3165/7411 2878/7412 1434/7413
f 1434/7414 3158/7415 1430/7416
f 3174/7417 3348/7418 1438/7419
f 1437/7420 1438/7421 3348/7422
f 1429/7423 1430/7424 3158/7425
f 1427/7426 1429/7427 3158/7428
f 1435/7429 1437/7430 3348/7431
f 1435/7432 3165/7433 1434/7434
f 3355/7435 1415/7436 2877/7437
f 1416/7438 3138/7439 2877/7440
f 2877/7441 1415/7442 1416/7443
f 3355/7444 1412/7445 1414/7446
f 3355/7447 1414/7448 1415/7449
f 3209/7450 1412/7451 3355/7452
f 1412/7453 3209/7454 2875/7455
f 3215/7456 1406/7457 2875/7458
f 3219/7459 1405/7460 3215/7461
f 1405/7462 1406/7463 3215/7464
f 1405/7465 3219/7466 1404/7467
f 3219/7468 1400/7469 1402/7470
f 1402/7471 1404/7472 3219/7473
f 1400/7474 3219/7475 3220/7476
f 1399/7477 1400/7478 3223/7479
f 1396/7480 1399/7481 3223/7482
f 1393/7483 1396/7484 3227/7485
f 1393/7486 3227/7487 3230/7488
f 3227/7489 1396/7490 3223/7491
f 3223/7492 1400/7493 3220/7494
f 3231/7495 1392/7496 3230/7497
f 1391/7498 1392/7499 3231/7500
f 1392/7501 1393/7502 3230/7503
f 3174/7504 1438/7505 1440/7506
f 3349/7507 1441/7508 3179/7509
f 1440/7510 1441/7511 3349/7512
f 3183/7513 1445/7514 3189/7515
f 1443/7516 3183/7517 3179/7518
f 1441/7519 1443/7520 3179/7521
f 1445/7522 3183/7523 1443/7524
f 3189/7525 1445/7526 1447/7527
f 3189/7528 1447/7529 1449/7530
f 1449/7531 3350/7532 3189/7533
f 1449/7534 1452/7535 3350/7536
f 2879/7537 1452/7538 1454/7539
f 1454/7540 1456/7541 3351/7542
f 2879/7543 1454/7544 3351/7545
f 1461/7546 1367/7547 3345/7548
f 1383/7549 1386/7550 3237/7551
f 1381/7552 1383/7553 3237/7554
f 1386/7555 1388/7556 3236/7557
f 3353/7558 1380/7559 3354/7560
f 3353/7561 1378/7562 1380/7563
f 3354/7564 1380/7565 1381/7566
f 3342/7567 1376/7568 1378/7569
f 1388/7570 1391/7571 3341/7572
f 2876/7573 3341/7574 1391/7575
f 3231/7576 2876/7577 1391/7578
f 3237/7579 1386/7580 3236/7581
f 3341/7582 3236/7583 1388/7584
f 3237/7585 3354/7586 1381/7587
f 3345/7588 1367/7589 1369/7590
f 3108/7591 1369/7592 1372/7593
f 1375/7594 1376/7595 3243/7596
f 3353/7597 3342/7598 1378/7599
f 3246/7600 1372/7601 1375/7602
f 3246/7603 1375/7604 3243/7605
f 2942/7606 2880/7607 2936/7608
f 2884/7609 2886/7610 2885/7611
f 2938/7612 2886/7613 2937/7614
f 2887/7615 2888/7616 2938/7617
f 2889/7618 2888/7619 2887/7620
f 2939/7621 2940/7622 2892/7623
f 2893/7624 2894/7625 2945/7626
f 2895/7627 2893/7628 2946/7629
f 2897/7630 2896/7631 2895/7632
f 2897/7633 2899/7634 2898/7635
f 2899/7636 2901/7637 310/7638
f 2900/7639 2949/7640 2901/7641
f 2902/7642 2901/7643 2949/7644
f 2905/7645 2906/7646 2950/7647
f 2905/7648 2951/7649 2906/7650
f 2912/7651 2910/7652 2952/7653
f 2916/7654 2915/7655 2914/7656
f 2918/7657 2917/7658 2916/7659
f 2974/7660 2918/7661 2954/7662
f 2955/7663 2920/7664 2919/7665
f 2922/7666 2978/7667 2920/7668
f 2956/7669 2922/7670 2921/7671
f 2923/7672 2924/7673 2956/7674
f 2931/7675 2930/7676 2929/7677
f 2932/7678 2934/7679 2933/7680
f 2934/7681 2935/7682 2933/7683
f 2966/7684 2895/7685 2946/7686
f 2892/7687 2894/7688 2891/7689
f 2896/7690 2894/7691 2893/7692
f 2966/7693 2947/7694 2895/7695
f 2896/7696 2897/7697 2898/7698
f 2958/7699 2929/7700 2957/7701
f 2960/7702 2934/7703 2932/7704
f 2915/7705 2917/7706 2913/7707
f 2919/7708 2978/7709 2918/7710
f 2922/7711 2924/7712 2926/7713
f 2929/7714 2927/7715 2957/7716
f 2934/7717 3093/7718 2935/7719
f 2933/7720 2935/7721 2931/7722
f 2884/7723 2963/7724 2943/7725
f 2937/7726 2943/7727 3148/7728
f 2887/7729 2938/7730 3150/7731
f 2938/7732 2937/7733 2964/7734
f 3150/7735 2889/7736 2887/7737
f 2936/7738 2941/7739 2962/7740
f 3141/7741 3142/7742 2962/7743
f 2962/7744 2941/7745 3322/7746
f 3142/7747 2936/7748 2962/7749
f 3144/7750 2881/7751 3142/7752
f 2936/7753 3142/7754 2942/7755
f 2942/7756 3142/7757 2881/7758
f 3146/7759 2884/7760 2883/7761
f 3148/7762 2943/7763 2963/7764
f 2961/7765 2965/7766 2889/7767
f 2965/7768 2890/7769 2889/7770
f 2964/7771 3150/7772 2938/7773
f 2961/7774 2889/7775 3150/7776
f 3148/7777 2964/7778 2937/7779
f 3144/7780 2883/7781 2881/7782
f 3157/7783 2945/7784 2940/7785
f 3159/7786 2946/7787 2945/7788
f 2966/7789 2946/7790 3160/7791
f 2948/7792 2947/7793 3201/7794
f 3154/7795 2939/7796 2944/7797
f 3157/7798 2940/7799 3156/7800
f 3160/7801 2946/7802 3159/7803
f 3161/7804 2966/7805 3160/7806
f 3157/7807 3159/7808 2945/7809
f 3168/7810 2949/7811 2900/7812
f 3169/7813 2903/7814 2949/7815
f 2905/7816 2950/7817 3172/7818
f 2903/7819 2968/7820 2950/7821
f 3154/7822 2944/7823 3153/7824
f 2963/7825 2884/7826 3146/7827
f 3144/7828 3146/7829 2883/7830
f 2947/7831 2966/7832 3201/7833
f 3162/7834 2966/7835 3161/7836
f 2966/7837 3162/7838 3201/7839
f 2967/7840 2948/7841 3163/7842
f 2903/7843 3169/7844 2968/7845
f 3172/7846 2950/7847 3170/7848
f 3169/7849 2949/7850 3168/7851
f 3168/7852 2900/7853 3167/7854
f 2948/7855 3201/7856 3163/7857
f 2967/7858 3163/7859 3164/7860
f 3167/7861 2900/7862 3164/7863
f 3170/7864 2950/7865 2968/7866
f 2951/7867 2905/7868 3172/7869
f 3175/7870 2907/7871 3173/7872
f 2907/7873 2951/7874 3173/7875
f 3177/7876 2952/7877 2969/7878
f 3175/7879 2969/7880 2907/7881
f 2971/7882 2911/7883 2970/7884
f 3178/7885 2972/7886 2953/7887
f 2914/7888 2953/7889 2972/7890
f 2971/7891 2953/7892 2911/7893
f 3177/7894 2970/7895 2952/7896
f 2973/7897 2954/7898 2916/7899
f 3200/7900 2916/7901 2914/7902
f 3188/7903 2956/7904 2921/7905
f 3191/7906 2925/7907 2923/7908
f 2957/7909 2925/7910 2976/7911
f 2932/7912 2959/7913 3198/7914
f 3195/7915 2959/7916 2958/7917
f 2971/7918 2970/7919 3177/7920
f 3175/7921 3177/7922 2969/7923
f 2954/7924 2973/7925 2974/7926
f 2975/7927 2974/7928 3184/7929
f 2920/7930 2955/7931 3187/7932
f 2975/7933 2955/7934 2974/7935
f 3178/7936 2953/7937 2971/7938
f 2921/7939 2920/7940 3187/7941
f 2973/7942 2916/7943 3200/7944
f 3181/7945 3200/7946 2914/7947
f 3181/7948 2914/7949 2972/7950
f 2955/7951 2975/7952 3185/7953
f 3187/7954 3188/7955 2921/7956
f 3184/7957 2974/7958 2973/7959
f 2956/7960 3188/7961 3190/7962
f 2925/7963 3192/7964 2976/7965
f 2957/7966 2976/7967 3194/7968
f 2959/7969 3196/7970 3198/7971
f 3196/7972 2959/7973 3195/7974
f 3192/7975 2925/7976 3191/7977
f 3331/7978 2960/7979 3259/7980
f 2958/7981 3194/7982 3195/7983
f 2960/7984 3199/7985 3259/7986
f 2951/7987 3172/7988 3173/7989
f 289/7990 3028/7991 294/7992
f 3028/7993 289/7994 3031/7995
f 294/7996 3026/7997 295/7998
f 3025/7999 295/8000 3026/8001
f 3028/8002 3026/8003 294/8004
f 287/8005 2980/8006 288/8007
f 3034/8008 288/8009 2980/8010
f 288/8011 3032/8012 289/8013
f 3031/8014 289/8015 3032/8016
f 3032/8017 288/8018 3034/8019
f 298/8020 297/8021 3019/8022
f 2977/8023 298/8024 3016/8025
f 3016/8026 298/8027 3019/8028
f 3022/8029 296/8030 3025/8031
f 296/8032 295/8033 3025/8034
f 3022/8035 297/8036 296/8037
f 284/8038 285/8039 3048/8040
f 3048/8041 285/8042 3050/8043
f 3050/8044 285/8045 283/8046
f 2982/8047 3050/8048 283/8049
f 287/8050 3036/8051 2980/8052
f 3040/8053 3036/8054 287/8055
f 283/8056 3055/8057 2982/8058
f 286/8059 3055/8060 283/8061
f 286/8062 3058/8063 3055/8064
f 2977/8065 3016/8066 2880/8067
f 2880/8068 2882/8069 2977/8070
f 2977/8071 2882/8072 299/8073
f 2882/8074 2885/8075 299/8076
f 2885/8077 300/8078 299/8079
f 301/8080 300/8081 2888/8082
f 301/8083 2888/8084 2891/8085
f 302/8086 301/8087 2891/8088
f 2891/8089 2894/8090 302/8091
f 2896/8092 302/8093 2894/8094
f 309/8095 302/8096 2896/8097
f 2898/8098 309/8099 2896/8100
f 310/8101 2901/8102 2904/8103
f 2917/8104 316/8105 2913/8106
f 2978/8107 312/8108 2918/8109
f 316/8110 2917/8111 312/8112
f 2917/8113 2918/8114 312/8115
f 2904/8116 2908/8117 311/8118
f 2910/8119 311/8120 2908/8121
f 2910/8122 315/8123 311/8124
f 2912/8125 316/8126 315/8127
f 2912/8128 2913/8129 316/8130
f 2912/8131 315/8132 2910/8133
f 286/8134 2983/8135 3058/8136
f 268/8137 3062/8138 2983/8139
f 286/8140 268/8141 2983/8142
f 3062/8143 291/8144 3065/8145
f 291/8146 3067/8147 3065/8148
f 291/8149 3062/8150 268/8151
f 291/8152 290/8153 3067/8154
f 3069/8155 3067/8156 290/8157
f 3072/8158 3069/8159 290/8160
f 3089/8161 3072/8162 290/8163
f 290/8164 293/8165 3089/8166
f 293/8167 2984/8168 3089/8169
f 293/8170 292/8171 2979/8172
f 2984/8173 293/8174 2987/8175
f 2979/8176 2987/8177 293/8178
f 292/8179 2994/8180 2979/8181
f 2994/8182 292/8183 2996/8184
f 3103/8185 2996/8186 3481/8187
f 3099/8188 3103/8189 3481/8190
f 3481/8191 3098/8192 3099/8193
f 3481/8194 3096/8195 3098/8196
f 3096/8197 3481/8198 3097/8199
f 305/8200 2996/8201 292/8202
f 304/8203 307/8204 2935/8205
f 307/8206 308/8207 2931/8208
f 2931/8209 2935/8210 307/8211
f 303/8212 304/8213 3008/8214
f 305/8215 303/8216 3011/8217
f 304/8218 2935/8219 3002/8220
f 3005/8221 304/8222 3002/8223
f 2922/8224 2926/8225 313/8226
f 2978/8227 2922/8228 314/8229
f 314/8230 2922/8231 313/8232
f 2928/8233 2930/8234 308/8235
f 2931/8236 308/8237 2930/8238
f 2926/8239 306/8240 313/8241
f 2928/8242 306/8243 2926/8244
f 308/8245 306/8246 2928/8247
f 314/8248 312/8249 2978/8250
f 3095/8251 3477/8252 3479/8253
f 3014/8254 2996/8255 305/8256
f 3095/8257 3479/8258 3014/8259
f 3480/8260 3481/8261 3479/8262
f 3477/8263 3478/8264 3479/8265
f 3008/8266 304/8267 3005/8268
f 3011/8269 303/8270 3008/8271
f 3014/8272 305/8273 3011/8274
f 3091/8275 3090/8276 2997/8277
f 2986/8278 2987/8279 2988/8280
f 2989/8281 2990/8282 2991/8283
f 2990/8284 3324/8285 2991/8286
f 2990/8287 2979/8288 2992/8289
f 2992/8290 2999/8291 3324/8292
f 2993/8293 2994/8294 2995/8295
f 2994/8296 2996/8297 2995/8298
f 3332/8299 3337/8300 3001/8301
f 3003/8302 3002/8303 3337/8304
f 3003/8305 3005/8306 3002/8307
f 3338/8308 3004/8309 3003/8310
f 3007/8311 3006/8312 3334/8313
f 3007/8314 3009/8315 3006/8316
f 3339/8317 3009/8318 3007/8319
f 3010/8320 3011/8321 3009/8322
f 3008/8323 3009/8324 3011/8325
f 3016/8326 3017/8327 3301/8328
f 3025/8329 3075/8330 3024/8331
f 3025/8332 3076/8333 3075/8334
f 3027/8335 3028/8336 3029/8337
f 3031/8338 3079/8339 3302/8340
f 3032/8341 3080/8342 3079/8343
f 3032/8344 3034/8345 3080/8346
f 3081/8347 2980/8348 3082/8349
f 3303/8350 3036/8351 3037/8352
f 3036/8353 3039/8354 3037/8355
f 3039/8356 3041/8357 3038/8358
f 3039/8359 3042/8360 3041/8361
f 3084/8362 3044/8363 3045/8364
f 284/8365 3046/8366 3044/8367
f 3046/8368 3047/8369 3045/8370
f 3048/8371 3050/8372 3049/8373
f 3049/8374 3050/8375 3052/8376
f 2982/8377 3054/8378 3052/8379
f 3054/8380 3086/8381 3053/8382
f 3055/8383 3056/8384 3086/8385
f 3057/8386 3058/8387 3059/8388
f 2983/8389 3061/8390 3087/8391
f 3061/8392 3305/8393 3060/8394
f 3065/8395 3066/8396 3064/8397
f 3067/8398 3069/8399 3066/8400
f 3068/8401 3069/8402 3070/8403
f 3069/8404 3072/8405 3071/8406
f 3071/8407 3072/8408 3073/8409
f 2941/8410 3016/8411 3301/8412
f 3030/8413 3078/8414 3029/8415
f 3022/8416 3021/8417 297/8418
f 3039/8419 3036/8420 3040/8421
f 3073/8422 3092/8423 3088/8424
f 3092/8425 3073/8426 3072/8427
f 3072/8428 3089/8429 3092/8430
f 3371/8431 3370/8432 3013/8433
f 2996/8434 3103/8435 3102/8436
f 3100/8437 3358/8438 3000/8439
f 3476/8440 3095/8441 3094/8442
f 3477/8443 3095/8444 3476/8445
f 3100/8446 3102/8447 3101/8448
f 3329/8449 3118/8450 3257/8451
f 3117/8452 3116/8453 3328/8454
f 3116/8455 3115/8456 3106/8457
f 3114/8458 3109/8459 3106/8460
f 3109/8461 3327/8462 3113/8463
f 3113/8464 3111/8465 3109/8466
f 3326/8467 3325/8468 3112/8469
f 3108/8470 3109/8471 3110/8472
f 3112/8473 3110/8474 3111/8475
f 3120/8476 3124/8477 3122/8478
f 3343/8479 3124/8480 3120/8481
f 3129/8482 3130/8483 3128/8484
f 3131/8485 3133/8486 3132/8487
f 3134/8488 3133/8489 3131/8490
f 3135/8491 3335/8492 3133/8493
f 3131/8494 3126/8495 3344/8496
f 3131/8497 3344/8498 3134/8499
f 3344/8500 3345/8501 3134/8502
f 3139/8503 3141/8504 2962/8505
f 3140/8506 3143/8507 3141/8508
f 3146/8509 3144/8510 3143/8511
f 3145/8512 3146/8513 3143/8514
f 3147/8515 2963/8516 3145/8517
f 3340/8518 2964/8519 3147/8520
f 3147/8521 2964/8522 3148/8523
f 3340/8524 3149/8525 2964/8526
f 3149/8527 2961/8528 3150/8529
f 3151/8530 3152/8531 3346/8532
f 3154/8533 3153/8534 3152/8535
f 3155/8536 3157/8537 3156/8538
f 3155/8539 3159/8540 3157/8541
f 3155/8542 3160/8543 3159/8544
f 3347/8545 3162/8546 3158/8547
f 3163/8548 3201/8549 3347/8550
f 2878/8551 3166/8552 3163/8553
f 3163/8554 3166/8555 3164/8556
f 3165/8557 3168/8558 3166/8559
f 3166/8560 3168/8561 3167/8562
f 3348/8563 3171/8564 3170/8565
f 3171/8566 3173/8567 3172/8568
f 3171/8569 3174/8570 3173/8571
f 3179/8572 3200/8573 3180/8574
f 3180/8575 3200/8576 3181/8577
f 2975/8578 3184/8579 3182/8580
f 3183/8581 3186/8582 3185/8583
f 3186/8584 3188/8585 3187/8586
f 3191/8587 3190/8588 3189/8589
f 2879/8590 3193/8591 2976/8592
f 3193/8593 3195/8594 3194/8595
f 3139/8596 3138/8597 3140/8598
f 3145/8599 3143/8600 3140/8601
f 3148/8602 2963/8603 3147/8604
f 3349/8605 3176/8606 3174/8607
f 3183/8608 3182/8609 3179/8610
f 2879/8611 3351/8612 3193/8613
f 3197/8614 3352/8615 3258/8616
f 3138/8617 3203/8618 2877/8619
f 3255/8620 3205/8621 2877/8622
f 3204/8623 3205/8624 3255/8625
f 3204/8626 3206/8627 3205/8628
f 3210/8629 3208/8630 3211/8631
f 3210/8632 3211/8633 3209/8634
f 3211/8635 3321/8636 3320/8637
f 3209/8638 3320/8639 3213/8640
f 3212/8641 3214/8642 3213/8643
f 3214/8644 3215/8645 3213/8646
f 3215/8647 3216/8648 3217/8649
f 3217/8650 3318/8651 3218/8652
f 3254/8653 3317/8654 3218/8655
f 3317/8656 3220/8657 3219/8658
f 3220/8659 3316/8660 3222/8661
f 3253/8662 3226/8663 3225/8664
f 3226/8665 3227/8666 3225/8667
f 3227/8668 3228/8669 3230/8670
f 3232/8671 3233/8672 3231/8673
f 3313/8674 3234/8675 3233/8676
f 2876/8677 3312/8678 3341/8679
f 3312/8680 3311/8681 3235/8682
f 3341/8683 3235/8684 3236/8685
f 3309/8686 3238/8687 3237/8688
f 3238/8689 3251/8690 3354/8691
f 3241/8692 3242/8693 3243/8694
f 3241/8695 3250/8696 3242/8697
f 3242/8698 3306/8699 3244/8700
f 3138/8701 3322/8702 3202/8703
f 3207/8704 3206/8705 3204/8706
f 3233/8707 2876/8708 3231/8709
f 3243/8710 3342/8711 3241/8712
f 3244/8713 3246/8714 3243/8715
f 3330/8716 3257/8717 3256/8718
f 3256/8719 3257/8720 3356/8721
f 3474/8722 3483/8723 3137/8724
f 3262/8725 3266/8726 3265/8727
f 3270/8728 3269/8729 3271/8730
f 3270/8731 3271/8732 3272/8733
f 3271/8734 3273/8735 3274/8736
f 3274/8737 3275/8738 3276/8739
f 3276/8740 3277/8741 3278/8742
f 3278/8743 3296/8744 3279/8745
f 3280/8746 3281/8747 3279/8748
f 3282/8749 3357/8750 3281/8751
f 3285/8752 3287/8753 3286/8754
f 3288/8755 3294/8756 3289/8757
f 3291/8758 3290/8759 3293/8760
f 3290/8761 3300/8762 3293/8763
f 3261/8764 3265/8765 3112/8766
f 3266/8767 3267/8768 3265/8769
f 3274/8770 3276/8771 3272/8772
f 3279/8773 3276/8774 3278/8775
f 3281/8776 3357/8777 3279/8778
f 3284/8779 3286/8780 3357/8781
f 3474/8782 3136/8783 3292/8784
f 3075/8785 3321/8786 3024/8787
f 3023/8788 3208/8789 3074/8790
f 3208/8791 3023/8792 3024/8793
f 3077/8794 3027/8795 3214/8796
f 3027/8797 3029/8798 3319/8799
f 3077/8800 3212/8801 3076/8802
f 3076/8803 3321/8804 3075/8805
f 3322/8806 2941/8807 3301/8808
f 3301/8809 3017/8810 3203/8811
f 3074/8812 3207/8813 3020/8814
f 3018/8815 3255/8816 3017/8817
f 3020/8818 3204/8819 3018/8820
f 3253/8821 3303/8822 3037/8823
f 3082/8824 3303/8825 3224/8826
f 3081/8827 3082/8828 3316/8829
f 3038/8830 3253/8831 3037/8832
f 3229/8833 3304/8834 3083/8835
f 3304/8836 3315/8837 3041/8838
f 3041/8839 3253/8840 3038/8841
f 3079/8842 3318/8843 3302/8844
f 3080/8845 3254/8846 3079/8847
f 3078/8848 3319/8849 3029/8850
f 3302/8851 3318/8852 3078/8853
f 3033/8854 3035/8855 3221/8856
f 3316/8857 3035/8858 3081/8859
f 3033/8860 3317/8861 3080/8862
f 3322/8863 3301/8864 3202/8865
f 3203/8866 3017/8867 3255/8868
f 3202/8869 3301/8870 3203/8871
f 3212/8872 3077/8873 3214/8874
f 3076/8875 3212/8876 3320/8877
f 3027/8878 3319/8879 3214/8880
f 3255/8881 3018/8882 3204/8883
f 3204/8884 3020/8885 3207/8886
f 3321/8887 3208/8888 3024/8889
f 3320/8890 3321/8891 3076/8892
f 3207/8893 3074/8894 3208/8895
f 3253/8896 3224/8897 3303/8898
f 3224/8899 3316/8900 3082/8901
f 3315/8902 3226/8903 3041/8904
f 3226/8905 3253/8906 3041/8907
f 3318/8908 3319/8909 3078/8910
f 3080/8911 3317/8912 3254/8913
f 3318/8914 3079/8915 3254/8916
f 3033/8917 3221/8918 3317/8919
f 3316/8920 3221/8921 3035/8922
f 3315/8923 3304/8924 3229/8925
f 3084/8926 3314/8927 3083/8928
f 3045/8929 3232/8930 3084/8931
f 3085/8932 3313/8933 3047/8934
f 3049/8935 3234/8936 3085/8937
f 3051/8938 3312/8939 3049/8940
f 3047/8941 3313/8942 3045/8943
f 3052/8944 3311/8945 3051/8946
f 3053/8947 3311/8948 3052/8949
f 3057/8950 3309/8951 3056/8952
f 3056/8953 3252/8954 3086/8955
f 3086/8956 3235/8957 3053/8958
f 3059/8959 3308/8960 3057/8961
f 3087/8962 3251/8963 3059/8964
f 3307/8965 3087/8966 3060/8967
f 3063/8968 3240/8969 3305/8970
f 3305/8971 3239/8972 3060/8973
f 3063/8974 3064/8975 3250/8976
f 3066/8977 3250/8978 3064/8979
f 3249/8980 3068/8981 3070/8982
f 3306/8983 3066/8984 3068/8985
f 3071/8986 3245/8987 3070/8988
f 3234/8989 3049/8990 3312/8991
f 3311/8992 3312/8993 3051/8994
f 3235/8995 3086/8996 3310/8997
f 3252/8998 3310/8999 3086/9000
f 3252/9001 3056/9002 3309/9003
f 3311/9004 3053/9005 3235/9006
f 3232/9007 3045/9008 3313/9009
f 3232/9010 3314/9011 3084/9012
f 3234/9013 3313/9014 3085/9015
f 3251/9016 3308/9017 3059/9018
f 3309/9019 3057/9020 3308/9021
f 3239/9022 3307/9023 3060/9024
f 3240/9025 3239/9026 3305/9027
f 3071/9028 3073/9029 3248/9030
f 3073/9031 3088/9032 3330/9033
f 3248/9034 3073/9035 3330/9036
f 3250/9037 3240/9038 3063/9039
f 3307/9040 3251/9041 3087/9042
f 3249/9043 3306/9044 3068/9045
f 3250/9046 3066/9047 3306/9048
f 3249/9049 3070/9050 3245/9051
f 3071/9052 3248/9053 3245/9054
f 3229/9055 3083/9056 3314/9057
f 3091/9058 3323/9059 3330/9060
f 3323/9061 3091/9062 3329/9063
f 3327/9064 2999/9065 3113/9066
f 3113/9067 2993/9068 3326/9069
f 3121/9070 3337/9071 3332/9072
f 3338/9073 3003/9074 3123/9075
f 3004/9076 3338/9077 3125/9078
f 3119/9079 3121/9080 3332/9081
f 3338/9082 3123/9083 3124/9084
f 3004/9085 3125/9086 3127/9087
f 3127/9088 3334/9089 3333/9090
f 3334/9091 3128/9092 3130/9093
f 3339/9094 3007/9095 3132/9096
f 3012/9097 3015/9098 3137/9099
f 3015/9100 3010/9101 3335/9102
f 3334/9103 3127/9104 3128/9105
f 3133/9106 3335/9107 3339/9108
f 3010/9109 3339/9110 3335/9111
f 3137/9112 3015/9113 3135/9114
f 3013/9115 3012/9116 3137/9117
f 3015/9118 3335/9119 3135/9120
f 3483/9121 3013/9122 3137/9123
f 3013/9124 3483/9125 3371/9126
f 3000/9127 3358/9128 3463/9129
f 3000/9130 3463/9131 3325/9132
f 3347/9133 3158/9134 1434/9135
f 3340/9136 1423/9137 3346/9138
f 3347/9139 1434/9140 2878/9141
f 1440/9142 3349/9143 3174/9144
f 2875/9145 3209/9146 3213/9147
f 3215/9148 2875/9149 3213/9150
f 3219/9151 3215/9152 3217/9153
f 3227/9154 3223/9155 3225/9156
f 3350/9157 1452/9158 2879/9159
f 1456/9160 3352/9161 3351/9162
f 3126/9163 1456/9164 1459/9165
f 3126/9166 1459/9167 1461/9168
f 3120/9169 3352/9170 1456/9171
f 3343/9172 1456/9173 3126/9174
f 3126/9175 1461/9176 3344/9177
f 1461/9178 3345/9179 3344/9180
f 3289/9181 3291/9182 3293/9183
f 3286/9184 3289/9185 3293/9186
f 3293/9187 3357/9188 3286/9189
f 3293/9190 3279/9191 3357/9192
f 1456/9193 3343/9194 3120/9195
f 1372/9196 3246/9197 3356/9198
f 3105/9199 3108/9200 3104/9201
f 3345/9202 1369/9203 3110/9204
f 3356/9205 3108/9206 1372/9207
f 3356/9208 3104/9209 3108/9210
f 3243/9211 1376/9212 3342/9213
f 3265/9214 3267/9215 3345/9216
f 3270/9217 3345/9218 3267/9219
f 3279/9220 3345/9221 3276/9222
f 3276/9223 3345/9224 3272/9225
f 3270/9226 3272/9227 3345/9228
f 3293/9229 3345/9230 3279/9231
f 3345/9232 3112/9233 3265/9234
f 3345/9235 3110/9236 3112/9237
f 3108/9238 3110/9239 1369/9240
f 3365/9241 3373/9242 3364/9243
f 3366/9244 3374/9245 3365/9246
f 3366/9247 3375/9248 3374/9249
f 3366/9250 3376/9251 3375/9252
f 3367/9253 3378/9254 3377/9255
f 3359/9256 3391/9257 3101/9258
f 3361/9259 3381/9260 3360/9261
f 3372/9262 3383/9263 3363/9264
f 3374/9265 3375/9266 3384/9267
f 3379/9268 3380/9269 3388/9270
f 3368/9271 3369/9272 3389/9273
f 3370/9274 3371/9275 3390/9276
f 3400/9277 3358/9278 3100/9279
f 3386/9280 3387/9281 3398/9282
f 3391/9283 3401/9284 3400/9285
f 3381/9286 3402/9287 3391/9288
f 3392/9289 3403/9290 3381/9291
f 3393/9292 3405/9293 3383/9294
f 3398/9295 3410/9296 3409/9297
f 3388/9298 3399/9299 3411/9300
f 3369/9301 3390/9302 3412/9303
f 3390/9304 3371/9305 3413/9306
f 3402/9307 3414/9308 3391/9309
f 3408/9310 3409/9311 3421/9312
f 3410/9313 3423/9314 3422/9315
f 3410/9316 3411/9317 3423/9318
f 3399/9319 3389/9320 3424/9321
f 3389/9322 3412/9323 3425/9324
f 3403/9325 3427/9326 3402/9327
f 3415/9328 3427/9329 3403/9330
f 3409/9331 3422/9332 3435/9333
f 3411/9334 3424/9335 3436/9336
f 3434/9337 3435/9338 3446/9339
f 3423/9340 3436/9341 3447/9342
f 3425/9343 3412/9344 3448/9345
f 3449/9346 3475/9347 3401/9348
f 3427/9349 3450/9350 3414/9351
f 3438/9352 3451/9353 3427/9354
f 3441/9355 3452/9356 3440/9357
f 3442/9358 3453/9359 3441/9360
f 3443/9361 3454/9362 3442/9363
f 3444/9364 3455/9365 3443/9366
f 3445/9367 3457/9368 3456/9369
f 3446/9370 3458/9371 3457/9372
f 3435/9373 3459/9374 3458/9375
f 3447/9376 3460/9377 3459/9378
f 3447/9379 3461/9380 3460/9381
f 3436/9382 3462/9383 3461/9384
f 3426/9385 3371/9386 3483/9387
f 3358/9388 3437/9389 3463/9390
f 3439/9391 3465/9392 3464/9393
f 3452/9394 3467/9395 3466/9396
f 3453/9397 3468/9398 3467/9399
f 3454/9400 3469/9401 3468/9402
f 3455/9403 3470/9404 3469/9405
f 3458/9406 3473/9407 3457/9408
f 3412/9409 3474/9410 3448/9411
f 3413/9412 3474/9413 3412/9414
f 3100/9415 3101/9416 3400/9417
f 3364/9418 3096/9419 3097/9420
f 3097/9421 3481/9422 3366/9423
f 3099/9424 3482/9425 3360/9426
f 3098/9427 3361/9428 3482/9429
f 3096/9430 3363/9431 3098/9432
f 3099/9433 3360/9434 3359/9435
f 3482/9436 3361/9437 3360/9438
f 3098/9439 3362/9440 3361/9441
f 3098/9442 3363/9443 3362/9444
f 3096/9445 3364/9446 3363/9447
f 3097/9448 3365/9449 3364/9450
f 3097/9451 3366/9452 3365/9453
f 3480/9454 3376/9455 3481/9456
f 3367/9457 3480/9458 3479/9459
f 3366/9460 3481/9461 3376/9462
f 3479/9463 3478/9464 3378/9465
f 3477/9466 3380/9467 3478/9468
f 3369/9469 3476/9470 3094/9471
f 3476/9472 3368/9473 3477/9474
f 3480/9475 3367/9476 3376/9477
f 3478/9478 3379/9479 3378/9480
f 3479/9481 3378/9482 3367/9483
f 3478/9484 3380/9485 3379/9486
f 3477/9487 3368/9488 3380/9489
f 3476/9490 3369/9491 3368/9492
f 3094/9493 3370/9494 3390/9495
f 3094/9496 3390/9497 3369/9498
f 3450/9499 3298/9500 3264/9501
f 3451/9502 3297/9503 3298/9504
f 3464/9505 3268/9506 3297/9507
f 3466/9508 3271/9509 3269/9510
f 3466/9511 3273/9512 3271/9513
f 3467/9514 3275/9515 3273/9516
f 3468/9517 3277/9518 3275/9519
f 3469/9520 3296/9521 3277/9522
f 3470/9523 3280/9524 3296/9525
f 3280/9526 3471/9527 3282/9528
f 3283/9529 3458/9530 3285/9531
f 3300/9532 3448/9533 3474/9534
f 3299/9535 3462/9536 3300/9537
f 3474/9538 3426/9539 3483/9540
f 29/9541 44/9542 43/9543
f 29/9544 45/9545 44/9546
f 13/9547 73/9548 71/9549
f 82/9550 13/9551 71/9552
f 78/9553 10/9554 14/9555
f 74/9556 15/9557 75/9558
f 81/9559 12/9560 83/9561
f 78/9562 11/9563 79/9564
f 80/9565 81/9566 11/9567
f 12/9568 85/9569 83/9570
f 84/9571 86/9572 85/9573
f 32/9574 92/9575 90/9576
f 30/9577 87/9578 88/9579
f 87/9580 31/9581 89/9582
f 32/9583 90/9584 31/9585
f 119/9586 120/9587 160/9588
f 91/9589 33/9590 93/9591
f 36/9592 94/9593 35/9594
f 101/9595 96/9596 95/9597
f 102/9598 96/9599 101/9600
f 97/9601 37/9602 98/9603
f 99/9604 105/9605 103/9606
f 104/9607 107/9608 109/9609
f 108/9610 110/9611 109/9612
f 129/9613 110/9614 108/9615
f 129/9616 111/9617 110/9618
f 129/9619 113/9620 111/9621
f 111/9622 113/9623 112/9624
f 113/9625 130/9626 114/9627
f 130/9628 132/9629 114/9630
f 117/9631 118/9632 119/9633
f 136/9634 138/9635 137/9636
f 120/9637 121/9638 160/9639
f 121/9640 122/9641 160/9642
f 123/9643 124/9644 121/9645
f 16/9646 125/9647 124/9648
f 16/9649 126/9650 127/9651
f 131/9652 128/9653 127/9654
f 134/9655 136/9656 137/9657
f 134/9658 137/9659 135/9660
f 139/9661 142/9662 138/9663
f 4/9664 145/9665 143/9666
f 138/9667 142/9668 140/9669
f 142/9670 4/9671 143/9672
f 144/9673 153/9674 145/9675
f 210/9676 227/9677 215/9678
f 146/9679 148/9680 153/9681
f 147/9682 148/9683 146/9684
f 147/9685 149/9686 148/9687
f 149/9688 150/9689 151/9690
f 150/9691 5/9692 152/9693
f 242/9694 229/9695 227/9696
f 177/9697 210/9698 206/9699
f 180/9700 255/9701 179/9702
f 227/9703 222/9704 215/9705
f 155/9706 177/9707 252/9708
f 177/9709 178/9710 253/9711
f 254/9712 178/9713 179/9714
f 176/9715 183/9716 185/9717
f 180/9718 183/9719 182/9720
f 182/9721 176/9722 184/9723
f 206/9724 203/9725 204/9726
f 256/9727 185/9728 187/9729
f 187/9730 188/9731 257/9732
f 258/9733 188/9734 189/9735
f 190/9736 189/9737 191/9738
f 191/9739 193/9740 175/9741
f 174/9742 193/9743 195/9744
f 195/9745 197/9746 259/9747
f 197/9748 198/9749 173/9750
f 197/9751 199/9752 198/9753
f 201/9754 200/9755 202/9756
f 200/9757 199/9758 202/9759
f 202/9760 204/9761 260/9762
f 212/9763 211/9764 210/9765
f 172/9766 205/9767 156/9768
f 205/9769 206/9770 156/9771
f 156/9772 207/9773 171/9774
f 207/9775 209/9776 208/9777
f 209/9778 207/9779 210/9780
f 216/9781 212/9782 215/9783
f 218/9784 215/9785 217/9786
f 219/9787 217/9788 220/9789
f 261/9790 223/9791 224/9792
f 170/9793 220/9794 221/9795
f 221/9796 223/9797 168/9798
f 262/9799 224/9800 225/9801
f 165/9802 230/9803 232/9804
f 226/9805 225/9806 227/9807
f 166/9808 227/9809 228/9810
f 228/9811 229/9812 230/9813
f 234/9814 232/9815 233/9816
f 164/9817 239/9818 238/9819
f 233/9820 232/9821 235/9822
f 236/9823 233/9824 237/9825
f 233/9826 235/9827 237/9828
f 163/9829 239/9830 242/9831
f 238/9832 239/9833 240/9834
f 161/9835 242/9836 241/9837
f 163/9838 242/9839 162/9840
f 245/9841 246/9842 247/9843
f 241/9844 242/9845 243/9846
f 243/9847 157/9848 244/9849
f 250/9850 249/9851 251/9852
f 246/9853 248/9854 247/9855
f 248/9856 246/9857 249/9858
f 265/9859 248/9860 250/9861
f 266/9862 155/9863 267/9864
f 177/9865 179/9866 178/9867
f 342/9868 346/9869 344/9870
f 186/9871 189/9872 188/9873
f 192/9874 191/9875 189/9876
f 192/9877 196/9878 193/9879
f 156/9880 210/9881 207/9882
f 215/9883 220/9884 217/9885
f 230/9886 235/9887 232/9888
f 224/9889 227/9890 225/9891
f 157/9892 249/9893 246/9894
f 298/9895 2977/9896 408/9897
f 373/9898 317/9899 375/9900
f 317/9901 320/9902 318/9903
f 320/9904 61/9905 318/9906
f 319/9907 322/9908 320/9909
f 325/9910 327/9911 326/9912
f 328/9913 329/9914 327/9915
f 331/9916 334/9917 332/9918
f 334/9919 386/9920 332/9921
f 333/9922 336/9923 334/9924
f 337/9925 339/9926 336/9927
f 337/9928 338/9929 339/9930
f 340/9931 341/9932 339/9933
f 343/9934 344/9935 341/9936
f 366/9937 2/9938 381/9939
f 345/9940 349/9941 346/9942
f 346/9943 349/9944 347/9945
f 349/9946 351/9947 347/9948
f 348/9949 351/9950 349/9951
f 351/9952 352/9953 354/9954
f 352/9955 353/9956 354/9957
f 353/9958 356/9959 354/9960
f 360/9961 363/9962 361/9963
f 363/9964 364/9965 361/9966
f 362/9967 366/9968 363/9969
f 367/9970 369/9971 366/9972
f 367/9973 368/9974 370/9975
f 367/9976 370/9977 369/9978
f 368/9979 371/9980 370/9981
f 371/9982 372/9983 370/9984
f 374/9985 375/9986 372/9987
f 411/9988 322/9989 324/9990
f 388/9991 324/9992 326/9993
f 25/9994 386/9995 336/9996
f 23/9997 24/9998 339/9999
f 23/10000 339/10001 341/10002
f 384/10003 385/10004 344/10005
f 347/10006 384/10007 346/10008
f 383/10009 351/10010 354/10011
f 382/10012 356/10013 358/10014
f 416/10015 417/10016 418/10017
f 3/10018 369/10019 370/10020
f 3/10021 370/10022 372/10023
f 3/10024 372/10025 375/10026
f 62/10027 375/10028 318/10029
f 1708/10030 1707/10031 414/10032
f 1707/10033 415/10034 414/10035
f 1707/10036 516/10037 416/10038
f 418/10039 1706/10040 419/10041
f 423/10042 1705/10043 424/10044
f 419/10045 1521/10046 418/10047
f 419/10048 420/10049 1520/10050
f 424/10051 428/10052 425/10053
f 424/10054 425/10055 423/10056
f 426/10057 427/10058 424/10059
f 431/10060 518/10061 519/10062
f 427/10063 517/10064 429/10065
f 429/10066 430/10067 1519/10068
f 431/10069 1704/10070 520/10071
f 435/10072 521/10073 522/10074
f 520/10075 432/10076 431/10077
f 1703/10078 432/10079 520/10080
f 433/10081 434/10082 432/10083
f 1517/10084 525/10085 1702/10086
f 435/10087 523/10088 436/10089
f 524/10090 437/10091 523/10092
f 437/10093 438/10094 436/10095
f 525/10096 439/10097 437/10098
f 439/10099 1517/10100 438/10101
f 442/10102 440/10103 526/10104
f 1702/10105 440/10106 441/10107
f 1514/10108 446/10109 448/10110
f 526/10111 443/10112 442/10113
f 1701/10114 1700/10115 443/10116
f 1700/10117 1515/10118 443/10119
f 1700/10120 444/10121 447/10122
f 527/10123 450/10124 449/10125
f 527/10126 449/10127 448/10128
f 454/10129 1699/10130 1698/10131
f 528/10132 452/10133 450/10134
f 528/10135 451/10136 452/10137
f 451/10138 1699/10139 453/10140
f 459/10141 1696/10142 1695/10143
f 1698/10144 455/10145 454/10146
f 1697/10147 456/10148 455/10149
f 457/10150 458/10151 456/10152
f 460/10153 1695/10154 1694/10155
f 466/10156 464/10157 465/10158
f 1694/10159 1693/10160 460/10161
f 1693/10162 462/10163 460/10164
f 1692/10165 463/10166 1693/10167
f 463/10168 1512/10169 462/10170
f 463/10171 464/10172 1512/10173
f 467/10174 468/10175 469/10176
f 469/10177 470/10178 471/10179
f 474/10180 470/10181 473/10182
f 476/10183 1689/10184 477/10185
f 473/10186 1690/10187 475/10188
f 477/10189 1688/10190 479/10191
f 488/10192 490/10193 491/10194
f 480/10195 481/10196 482/10197
f 1686/10198 1685/10199 483/10200
f 1685/10201 1684/10202 483/10203
f 1684/10204 484/10205 483/10206
f 1683/10207 484/10208 1684/10209
f 1683/10210 1682/10211 484/10212
f 1682/10213 485/10214 484/10215
f 1682/10216 486/10217 487/10218
f 486/10219 529/10220 487/10221
f 490/10222 492/10223 491/10224
f 539/10225 494/10226 531/10227
f 492/10228 1681/10229 495/10230
f 1681/10231 493/10232 494/10233
f 1681/10234 494/10235 495/10236
f 1680/10237 498/10238 496/10239
f 1680/10240 496/10241 531/10242
f 498/10243 1679/10244 500/10245
f 501/10246 532/10247 502/10248
f 507/10249 505/10250 533/10251
f 502/10252 503/10253 501/10254
f 1677/10255 504/10256 502/10257
f 1677/10258 506/10259 504/10260
f 1677/10261 505/10262 506/10263
f 512/10264 535/10265 536/10266
f 507/10267 1676/10268 508/10269
f 1675/10270 534/10271 1676/10272
f 509/10273 510/10274 534/10275
f 509/10276 511/10277 510/10278
f 509/10279 535/10280 511/10281
f 514/10282 536/10283 513/10284
f 513/10285 515/10286 514/10287
f 414/10288 537/10289 1708/10290
f 545/10291 658/10292 544/10293
f 1522/10294 416/10295 418/10296
f 1522/10297 415/10298 416/10299
f 428/10300 429/10301 1519/10302
f 1519/10303 431/10304 432/10305
f 1516/10306 1517/10307 441/10308
f 1515/10309 1516/10310 443/10311
f 541/10312 455/10313 456/10314
f 461/10315 458/10316 459/10317
f 461/10318 460/10319 462/10320
f 461/10321 459/10322 460/10323
f 482/10324 478/10325 480/10326
f 478/10327 476/10328 477/10329
f 489/10330 485/10331 487/10332
f 515/10333 1509/10334 514/10335
f 508/10336 1510/10337 507/10338
f 1746/10339 544/10340 546/10341
f 1747/10342 546/10343 547/10344
f 1748/10345 547/10346 548/10347
f 1749/10348 548/10349 549/10350
f 1750/10351 549/10352 550/10353
f 551/10354 553/10355 554/10356
f 1750/10357 550/10358 551/10359
f 551/10360 554/10361 1751/10362
f 555/10363 556/10364 557/10365
f 554/10366 553/10367 555/10368
f 560/10369 1752/10370 558/10371
f 557/10372 556/10373 558/10374
f 564/10375 1754/10376 562/10377
f 558/10378 1595/10379 560/10380
f 560/10381 1753/10382 559/10383
f 560/10384 679/10385 1753/10386
f 1753/10387 679/10388 561/10389
f 679/10390 563/10391 562/10392
f 565/10393 1755/10394 564/10395
f 562/10396 563/10397 564/10398
f 676/10399 571/10400 570/10401
f 565/10402 566/10403 1756/10404
f 566/10405 568/10406 567/10407
f 566/10408 677/10409 568/10410
f 569/10411 568/10412 570/10413
f 568/10414 677/10415 570/10416
f 569/10417 570/10418 571/10419
f 1757/10420 571/10421 572/10422
f 1759/10423 573/10424 575/10425
f 572/10426 573/10427 1758/10428
f 580/10429 579/10430 581/10431
f 573/10432 574/10433 575/10434
f 575/10435 574/10436 576/10437
f 1760/10438 576/10439 577/10440
f 578/10441 577/10442 579/10443
f 660/10444 581/10445 1761/10446
f 662/10447 583/10448 584/10449
f 581/10450 582/10451 1761/10452
f 1761/10453 582/10454 583/10455
f 585/10456 662/10457 584/10458
f 1763/10459 585/10460 587/10461
f 584/10462 583/10463 585/10464
f 593/10465 590/10466 1594/10467
f 585/10468 586/10469 587/10470
f 587/10471 589/10472 588/10473
f 589/10474 1594/10475 590/10476
f 591/10477 590/10478 592/10479
f 594/10480 1764/10481 592/10482
f 1765/10483 597/10484 598/10485
f 592/10486 593/10487 594/10488
f 594/10489 596/10490 595/10491
f 606/10492 605/10493 604/10494
f 598/10495 597/10496 599/10497
f 600/10498 602/10499 601/10500
f 602/10501 604/10502 603/10503
f 613/10504 612/10505 615/10506
f 607/10507 606/10508 608/10509
f 663/10510 608/10511 609/10512
f 609/10513 612/10514 611/10515
f 617/10516 673/10517 616/10518
f 612/10519 614/10520 615/10521
f 615/10522 614/10523 673/10524
f 1589/10525 616/10526 673/10527
f 617/10528 616/10529 618/10530
f 620/10531 1588/10532 622/10533
f 618/10534 619/10535 1768/10536
f 619/10537 621/10538 620/10539
f 664/10540 1588/10541 623/10542
f 625/10543 624/10544 623/10545
f 665/10546 628/10547 629/10548
f 625/10549 627/10550 626/10551
f 631/10552 629/10553 628/10554
f 627/10555 1586/10556 628/10557
f 636/10558 634/10559 635/10560
f 628/10561 1586/10562 631/10563
f 630/10564 631/10565 632/10566
f 633/10567 632/10568 634/10569
f 1769/10570 635/10571 666/10572
f 643/10573 642/10574 644/10575
f 635/10576 637/10577 666/10578
f 666/10579 637/10580 638/10581
f 667/10582 638/10583 639/10584
f 1770/10585 639/10586 641/10587
f 641/10588 642/10589 668/10590
f 646/10591 1771/10592 645/10593
f 642/10594 1584/10595 644/10596
f 644/10597 1584/10598 645/10599
f 655/10600 654/10601 652/10602
f 647/10603 646/10604 648/10605
f 648/10606 650/10607 649/10608
f 650/10609 651/10610 1772/10611
f 651/10612 653/10613 652/10614
f 656/10615 1773/10616 655/10617
f 652/10618 653/10619 655/10620
f 669/10621 656/10622 657/10623
f 683/10624 803/10625 682/10626
f 543/10627 657/10628 658/10629
f 680/10630 548/10631 547/10632
f 552/10633 549/10634 548/10635
f 552/10636 550/10637 549/10638
f 679/10639 560/10640 1595/10641
f 1593/10642 597/10643 596/10644
f 606/10645 604/10646 1590/10647
f 685/10648 682/10649 684/10650
f 1810/10651 684/10652 686/10653
f 687/10654 686/10655 1811/10656
f 692/10657 690/10658 691/10659
f 686/10660 822/10661 1811/10662
f 1811/10663 822/10664 688/10665
f 1812/10666 688/10667 689/10668
f 1813/10669 689/10670 690/10671
f 689/10672 688/10673 690/10674
f 804/10675 691/10676 1814/10677
f 695/10678 1816/10679 694/10680
f 691/10681 1559/10682 1814/10683
f 1814/10684 1559/10685 693/10686
f 1815/10687 693/10688 694/10689
f 701/10690 702/10691 820/10692
f 694/10693 693/10694 695/10695
f 695/10696 1818/10697 1817/10698
f 695/10699 696/10700 1818/10701
f 1818/10702 698/10703 697/10704
f 698/10705 702/10706 699/10707
f 700/10708 699/10709 701/10710
f 704/10711 703/10712 701/10713
f 707/10714 708/10715 1819/10716
f 701/10717 820/10718 704/10719
f 704/10720 706/10721 705/10722
f 709/10723 1819/10724 708/10725
f 714/10726 713/10727 715/10728
f 711/10729 709/10730 712/10731
f 1809/10732 712/10733 713/10734
f 716/10735 715/10736 717/10737
f 718/10738 716/10739 717/10740
f 724/10741 721/10742 722/10743
f 719/10744 718/10745 720/10746
f 1820/10747 720/10748 721/10749
f 1821/10750 722/10751 726/10752
f 729/10753 806/10754 728/10755
f 722/10756 725/10757 726/10758
f 726/10759 725/10760 727/10761
f 805/10762 727/10763 728/10764
f 735/10765 808/10766 732/10767
f 729/10768 730/10769 807/10770
f 730/10771 731/10772 1822/10773
f 731/10774 733/10775 732/10776
f 739/10777 737/10778 738/10779
f 732/10780 733/10781 735/10782
f 736/10783 735/10784 737/10785
f 739/10786 1543/10787 740/10788
f 747/10789 745/10790 746/10791
f 740/10792 1543/10793 741/10794
f 744/10795 743/10796 745/10797
f 743/10798 742/10799 745/10800
f 809/10801 746/10802 810/10803
f 749/10804 748/10805 750/10806
f 746/10807 748/10808 810/10809
f 1823/10810 753/10811 754/10812
f 752/10813 751/10814 753/10815
f 751/10816 750/10817 753/10818
f 1823/10819 756/10820 755/10821
f 758/10822 811/10823 757/10824
f 756/10825 757/10826 755/10827
f 760/10828 759/10829 758/10830
f 766/10831 765/10832 764/10833
f 760/10834 762/10835 1824/10836
f 760/10837 761/10838 762/10839
f 762/10840 763/10841 812/10842
f 763/10843 1539/10844 764/10845
f 767/10846 1825/10847 766/10848
f 764/10849 1539/10850 766/10851
f 770/10852 771/10853 772/10854
f 767/10855 769/10856 768/10857
f 1553/10858 772/10859 771/10860
f 779/10861 777/10862 778/10863
f 773/10864 1553/10865 774/10866
f 775/10867 774/10868 777/10869
f 1826/10870 778/10871 1827/10872
f 782/10873 780/10874 816/10875
f 778/10876 1537/10877 1827/10878
f 1827/10879 1537/10880 780/10881
f 813/10882 780/10883 781/10884
f 1828/10885 781/10886 782/10887
f 1830/10888 783/10889 784/10890
f 782/10891 783/10892 1829/10893
f 1831/10894 784/10895 785/10896
f 786/10897 785/10898 787/10899
f 793/10900 790/10901 791/10902
f 789/10903 787/10904 790/10905
f 794/10906 796/10907 795/10908
f 790/10909 792/10910 791/10911
f 794/10912 795/10913 1832/10914
f 799/10915 798/10916 797/10917
f 795/10918 796/10919 797/10920
f 814/10921 799/10922 801/10923
f 828/10924 1864/10925 829/10926
f 802/10927 801/10928 803/10929
f 684/10930 682/10931 823/10932
f 686/10933 684/10934 823/10935
f 821/10936 690/10937 688/10938
f 691/10939 690/10940 821/10941
f 708/10942 706/10943 819/10944
f 709/10945 708/10946 710/10947
f 712/10948 709/10949 710/10950
f 713/10951 712/10952 818/10953
f 818/10954 717/10955 715/10956
f 728/10957 727/10958 1557/10959
f 1557/10960 729/10961 728/10962
f 738/10963 737/10964 1544/10965
f 737/10966 735/10967 1544/10968
f 1542/10969 745/10970 742/10971
f 746/10972 745/10973 1542/10974
f 758/10975 757/10976 1540/10977
f 921/10978 825/10979 824/10980
f 921/10981 826/10982 825/10983
f 826/10984 1866/10985 827/10986
f 1866/10987 922/10988 827/10989
f 922/10990 828/10991 827/10992
f 1865/10993 1864/10994 922/10995
f 832/10996 924/10997 833/10998
f 1864/10999 1863/11000 829/11001
f 829/11002 830/11003 831/11004
f 924/11005 834/11006 833/11007
f 837/11008 925/11009 1861/11010
f 835/11011 836/11012 834/11013
f 1608/11014 1861/11015 926/11016
f 839/11017 840/11018 842/11019
f 926/11020 927/11021 1608/11022
f 927/11023 838/11024 1608/11025
f 929/11026 839/11027 928/11028
f 843/11029 930/11030 844/11031
f 840/11032 841/11033 842/11034
f 930/11035 845/11036 844/11037
f 933/11038 849/11039 1605/11040
f 931/11041 846/11042 845/11043
f 931/11044 932/11045 846/11046
f 847/11047 933/11048 1605/11049
f 848/11050 851/11051 849/11052
f 850/11053 934/11054 848/11055
f 863/11056 860/11057 862/11058
f 934/11059 852/11060 1604/11061
f 856/11062 935/11063 855/11064
f 935/11065 857/11066 855/11067
f 858/11068 859/11069 935/11070
f 858/11071 860/11072 859/11073
f 860/11074 861/11075 859/11076
f 865/11077 1860/11078 864/11079
f 867/11080 869/11081 947/11082
f 864/11083 1859/11084 865/11085
f 1859/11086 1621/11087 865/11088
f 866/11089 1621/11090 1859/11091
f 866/11092 1858/11093 1621/11094
f 1858/11095 867/11096 1621/11097
f 1858/11098 868/11099 869/11100
f 1856/11101 871/11102 870/11103
f 869/11104 1857/11105 947/11106
f 1856/11107 870/11108 1857/11109
f 871/11110 1854/11111 872/11112
f 872/11113 873/11114 874/11115
f 877/11116 1853/11117 1852/11118
f 874/11119 936/11120 875/11121
f 876/11122 877/11123 936/11124
f 1850/11125 883/11126 882/11127
f 1852/11128 878/11129 877/11130
f 1852/11131 1851/11132 879/11133
f 881/11134 1850/11135 882/11136
f 1849/11137 1848/11138 1850/11139
f 946/11140 886/11141 887/11142
f 937/11143 883/11144 1848/11145
f 885/11146 946/11147 883/11148
f 894/11149 1847/11150 893/11151
f 938/11152 888/11153 889/11154
f 888/11155 939/11156 889/11157
f 939/11158 890/11159 889/11160
f 891/11161 890/11162 939/11163
f 891/11164 1847/11165 890/11166
f 1847/11167 892/11168 890/11169
f 1845/11170 896/11171 895/11172
f 900/11173 901/11174 1842/11175
f 897/11176 898/11177 896/11178
f 940/11179 1843/11180 899/11181
f 1842/11182 903/11183 902/11184
f 1842/11185 902/11186 900/11187
f 1841/11188 1840/11189 1842/11190
f 907/11191 1837/11192 908/11193
f 1840/11194 1839/11195 904/11196
f 904/11197 905/11198 906/11199
f 1837/11200 909/11201 908/11202
f 910/11203 1836/11204 1835/11205
f 913/11206 911/11207 1834/11208
f 1835/11209 911/11210 912/11211
f 942/11212 915/11213 914/11214
f 1834/11215 941/11216 913/11217
f 941/11218 914/11219 913/11220
f 942/11221 914/11222 941/11223
f 915/11224 944/11225 916/11226
f 824/11227 1833/11228 921/11229
f 944/11230 945/11231 916/11232
f 917/11233 919/11234 918/11235
f 952/11236 951/11237 1091/11238
f 1610/11239 824/11240 825/11241
f 1610/11242 825/11243 827/11244
f 828/11245 1610/11246 827/11247
f 1609/11248 833/11249 834/11250
f 1609/11251 834/11252 836/11253
f 1609/11254 832/11255 833/11256
f 1607/11257 843/11258 844/11259
f 1607/11260 842/11261 843/11262
f 1606/11263 845/11264 846/11265
f 1603/11266 909/11267 910/11268
f 920/11269 918/11270 919/11271
f 920/11272 919/11273 824/11274
f 949/11275 948/11276 1092/11277
f 948/11278 1068/11279 1092/11280
f 1092/11281 1624/11282 950/11283
f 1092/11284 951/11285 1624/11286
f 1624/11287 952/11288 1625/11289
f 962/11290 961/11291 963/11292
f 952/11293 1091/11294 953/11295
f 1069/11296 953/11297 954/11298
f 954/11299 953/11300 955/11301
f 1626/11302 954/11303 956/11304
f 956/11305 957/11306 1627/11307
f 957/11308 958/11309 1628/11310
f 959/11311 958/11312 961/11313
f 960/11314 959/11315 962/11316
f 1630/11317 964/11318 966/11319
f 1629/11320 962/11321 964/11322
f 962/11323 963/11324 964/11325
f 980/11326 979/11327 1634/11328
f 964/11329 965/11330 966/11331
f 966/11332 965/11333 967/11334
f 965/11335 968/11336 967/11337
f 969/11338 968/11339 970/11340
f 1070/11341 970/11342 1631/11343
f 972/11344 974/11345 1632/11346
f 972/11347 1088/11348 974/11349
f 973/11350 974/11351 975/11352
f 1633/11353 975/11354 977/11355
f 977/11356 979/11357 978/11358
f 1637/11359 985/11360 987/11361
f 979/11362 1087/11363 1634/11364
f 1634/11365 1087/11366 981/11367
f 982/11368 981/11369 983/11370
f 1635/11371 983/11372 984/11373
f 984/11374 985/11375 1636/11376
f 990/11377 1071/11378 988/11379
f 988/11380 987/11381 989/11382
f 991/11383 1638/11384 990/11385
f 988/11386 989/11387 990/11388
f 1639/11389 995/11390 996/11391
f 991/11392 993/11393 992/11394
f 993/11395 995/11396 994/11397
f 998/11398 997/11399 996/11400
f 999/11401 1072/11402 998/11403
f 1005/11404 1004/11405 1003/11406
f 999/11407 1002/11408 1000/11409
f 999/11410 1001/11411 1002/11412
f 1002/11413 1003/11414 1004/11415
f 1009/11416 1008/11417 1007/11418
f 1006/11419 1005/11420 1007/11421
f 1016/11422 1015/11423 1017/11424
f 1009/11425 1010/11426 1073/11427
f 1010/11428 1074/11429 1011/11430
f 1010/11431 1012/11432 1074/11433
f 1074/11434 1012/11435 1013/11436
f 1640/11437 1013/11438 1014/11439
f 1075/11440 1014/11441 1015/11442
f 1014/11443 1494/11444 1015/11445
f 1021/11446 1077/11447 1019/11448
f 1017/11449 1018/11450 1076/11451
f 1018/11452 1020/11453 1019/11454
f 1023/11455 1022/11456 1021/11457
f 1019/11458 1020/11459 1021/11460
f 1030/11461 1029/11462 1027/11463
f 1023/11464 1025/11465 1024/11466
f 1025/11467 1026/11468 1641/11469
f 1026/11470 1028/11471 1027/11472
f 1032/11473 1031/11474 1030/11475
f 1027/11476 1028/11477 1030/11478
f 1078/11479 1034/11480 1036/11481
f 1032/11482 1033/11483 1642/11484
f 1079/11485 1034/11486 1037/11487
f 1033/11488 1035/11489 1034/11490
f 1080/11491 1040/11492 1041/11493
f 1034/11494 1035/11495 1037/11496
f 1079/11497 1037/11498 1038/11499
f 1039/11500 1038/11501 1040/11502
f 1042/11503 1041/11504 1643/11505
f 1047/11506 1049/11507 1082/11508
f 1041/11509 1043/11510 1643/11511
f 1643/11512 1043/11513 1045/11514
f 1044/11515 1045/11516 1046/11517
f 1081/11518 1046/11519 1047/11520
f 1047/11521 1082/11522 1048/11523
f 1050/11524 1049/11525 1051/11526
f 1054/11527 1052/11528 1053/11529
f 1644/11530 1050/11531 1052/11532
f 1050/11533 1051/11534 1052/11535
f 1055/11536 1054/11537 1053/11538
f 1059/11539 1061/11540 1060/11541
f 1055/11542 1058/11543 1056/11544
f 1055/11545 1057/11546 1058/11547
f 1063/11548 1062/11549 1060/11550
f 1064/11551 1645/11552 1063/11553
f 1060/11554 1061/11555 1063/11556
f 1065/11557 1083/11558 1066/11559
f 1096/11560 1100/11561 1097/11562
f 1066/11563 1083/11564 1067/11565
f 963/11566 965/11567 964/11568
f 1089/11569 968/11570 965/11571
f 981/11572 1087/11573 1086/11574
f 1086/11575 983/11576 981/11577
f 991/11578 990/11579 989/11580
f 995/11581 993/11582 1085/11583
f 998/11584 996/11585 1497/11586
f 1496/11587 1007/11588 1005/11589
f 1009/11590 1007/11591 1495/11592
f 1205/11593 1094/11594 1093/11595
f 1205/11596 1206/11597 1094/11598
f 1206/11599 1207/11600 1095/11601
f 1207/11602 1096/11603 1095/11604
f 1096/11605 1097/11606 1095/11607
f 1098/11608 1099/11609 1096/11610
f 1106/11611 1103/11612 1208/11613
f 1099/11614 1101/11615 1102/11616
f 1102/11617 1104/11618 1105/11619
f 1106/11620 1209/11621 1107/11622
f 1107/11623 1109/11624 1110/11625
f 1107/11626 1108/11627 1106/11628
f 1110/11629 1210/11630 1111/11631
f 1120/11632 1118/11633 1215/11634
f 1111/11635 1112/11636 1113/11637
f 1211/11638 1115/11639 1114/11640
f 1115/11641 1673/11642 1114/11643
f 1673/11644 1116/11645 1114/11646
f 1212/11647 1117/11648 1673/11649
f 1212/11650 1213/11651 1117/11652
f 1213/11653 1235/11654 1117/11655
f 1213/11656 1214/11657 1119/11658
f 1214/11659 1118/11660 1119/11661
f 1219/11662 1124/11663 1123/11664
f 1215/11665 1121/11666 1120/11667
f 1216/11668 1565/11669 1121/11670
f 1122/11671 1218/11672 1564/11673
f 1218/11674 1219/11675 1123/11676
f 1126/11677 1221/11678 1222/11679
f 1221/11680 1125/11681 1220/11682
f 1127/11683 1222/11684 1223/11685
f 1129/11686 1223/11687 1128/11688
f 1224/11689 1131/11690 1130/11691
f 1128/11692 1130/11693 1129/11694
f 1136/11695 1132/11696 1135/11697
f 1225/11698 1133/11699 1131/11700
f 1225/11701 1132/11702 1133/11703
f 1138/11704 1135/11705 1137/11706
f 1671/11707 1143/11708 1142/11709
f 1137/11710 1139/11711 1138/11712
f 1139/11713 1140/11714 1138/11715
f 1671/11716 1142/11717 1139/11718
f 1146/11719 1670/11720 1145/11721
f 1147/11722 1145/11723 1669/11724
f 1153/11725 1665/11726 1154/11727
f 1669/11728 1148/11729 1147/11730
f 1148/11731 1149/11732 1147/11733
f 1667/11734 1150/11735 1668/11736
f 1150/11737 1151/11738 1152/11739
f 1160/11740 1662/11741 1161/11742
f 1664/11743 1155/11744 1154/11745
f 1156/11746 1158/11747 1159/11748
f 1161/11749 1661/11750 1163/11751
f 1167/11752 1164/11753 1226/11754
f 1165/11755 1166/11756 1163/11757
f 1168/11758 1658/11759 1169/11760
f 1167/11761 1660/11762 1168/11763
f 1659/11764 1658/11765 1660/11766
f 1172/11767 1173/11768 1174/11769
f 1657/11770 1169/11771 1658/11772
f 1657/11773 1656/11774 1169/11775
f 1656/11776 1233/11777 1169/11778
f 1656/11779 1655/11780 1170/11781
f 1655/11782 1654/11783 1170/11784
f 1174/11785 1653/11786 1175/11787
f 1179/11788 1180/11789 1651/11790
f 1175/11791 1176/11792 1174/11793
f 1175/11794 1177/11795 1176/11796
f 1176/11797 1179/11798 1178/11799
f 1177/11800 1652/11801 1179/11802
f 1651/11803 1183/11804 1181/11805
f 1651/11806 1181/11807 1179/11808
f 1650/11809 1182/11810 1651/11811
f 1186/11812 1649/11813 1185/11814
f 1182/11815 1649/11816 1184/11817
f 1190/11818 1227/11819 1648/11820
f 1184/11821 1186/11822 1188/11823
f 1186/11824 1187/11825 1188/11826
f 1189/11827 1190/11828 1187/11829
f 1194/11830 1192/11831 1647/11832
f 1648/11833 1191/11834 1190/11835
f 1648/11836 1192/11837 1193/11838
f 1228/11839 1198/11840 1197/11841
f 1194/11842 1196/11843 1561/11844
f 1228/11845 1197/11846 1196/11847
f 1201/11848 1646/11849 1200/11850
f 1229/11851 1199/11852 1198/11853
f 1229/11854 1646/11855 1199/11856
f 1202/11857 1204/11858 1203/11859
f 1200/11860 1230/11861 1201/11862
f 1201/11863 1202/11864 1203/11865
f 1231/11866 1232/11867 1202/11868
f 1234/11869 1153/11870 1154/11871
f 1232/11872 1205/11873 1093/11874
f 1567/11875 1094/11876 1095/11877
f 1097/11878 1567/11879 1095/11880
f 1105/11881 1106/11882 1108/11883
f 1566/11884 1120/11885 1121/11886
f 1566/11887 1119/11888 1120/11889
f 1563/11890 1125/11891 1126/11892
f 1563/11893 1126/11894 1127/11895
f 1141/11896 1140/11897 1142/11898
f 1141/11899 1142/11900 1143/11901
f 1240/11902 1343/11903 1241/11904
f 1171/11905 1172/11906 1174/11907
f 1364/11908 1341/11909 1236/11910
f 1341/11911 1237/11912 1236/11913
f 1342/11914 1239/11915 1237/11916
f 1342/11917 1238/11918 1239/11919
f 1250/11920 1251/11921 1253/11922
f 1344/11923 1243/11924 1241/11925
f 1242/11926 1245/11927 1243/11928
f 1244/11929 1346/11930 1246/11931
f 1808/11932 1247/11933 1248/11934
f 1249/11935 1250/11936 1248/11937
f 1257/11938 1258/11939 1261/11940
f 1251/11941 1252/11942 1253/11943
f 1252/11944 1255/11945 1254/11946
f 1275/11947 1273/11948 1801/11949
f 1259/11950 1260/11951 1261/11952
f 1260/11953 1806/11954 1262/11955
f 1806/11956 1353/11957 1262/11958
f 1353/11959 1264/11960 1262/11961
f 1805/11962 1265/11963 1264/11964
f 1265/11965 1266/11966 1264/11967
f 1265/11968 1803/11969 1266/11970
f 1803/11971 1802/11972 1267/11973
f 1267/11974 1268/11975 1269/11976
f 1270/11977 1271/11978 1268/11979
f 1272/11980 1274/11981 1271/11982
f 1272/11983 1273/11984 1274/11985
f 1285/11986 1286/11987 1287/11988
f 1277/11989 1278/11990 1275/11991
f 1276/11992 1278/11993 1277/11994
f 1279/11995 1280/11996 1281/11997
f 1280/11998 1283/11999 1282/12000
f 1294/12001 1793/12002 1792/12003
f 1797/12004 1288/12005 1287/12006
f 1288/12007 1290/12008 1289/12009
f 1795/12010 1292/12011 1290/12012
f 1794/12013 1293/12014 1292/12015
f 1295/12016 1792/12017 1791/12018
f 1789/12019 1297/12020 1790/12021
f 1295/12022 1790/12023 1296/12024
f 1300/12025 1355/12026 1787/12027
f 1298/12028 1299/12029 1297/12030
f 1788/12031 1299/12032 1298/12033
f 1788/12034 1355/12035 1299/12036
f 1786/12037 1303/12038 1301/12039
f 1308/12040 1304/12041 1306/12042
f 1302/12043 1305/12044 1303/12045
f 1784/12046 1304/12047 1302/12048
f 1312/12049 1782/12050 1313/12051
f 1306/12052 1307/12053 1309/12054
f 1306/12055 1309/12056 1308/12057
f 1783/12058 1310/12059 1309/12060
f 1311/12061 1312/12062 1310/12063
f 1320/12064 1779/12065 1778/12066
f 1782/12067 1314/12068 1313/12069
f 1313/12070 1314/12071 1315/12072
f 1314/12073 1781/12074 1315/12075
f 1781/12076 1316/12077 1315/12078
f 1316/12079 1317/12080 1315/12081
f 1780/12082 1319/12083 1317/12084
f 1321/12085 1778/12086 1322/12087
f 1328/12088 1325/12089 1327/12090
f 1321/12091 1777/12092 1323/12093
f 1356/12094 1324/12095 1777/12096
f 1776/12097 1326/12098 1324/12099
f 1328/12100 1329/12101 1331/12102
f 1464/12103 1376/12104 1375/12105
f 1330/12106 1333/12107 1331/12108
f 1359/12109 1332/12110 1333/12111
f 1332/12112 1334/12113 1867/12114
f 1337/12115 1339/12116 1335/12117
f 1362/12118 1338/12119 1339/12120
f 1338/12121 1364/12122 1340/12123
f 1364/12124 1236/12125 1340/12126
f 1236/12127 1237/12128 1239/12129
f 1239/12130 1240/12131 1241/12132
f 1263/12133 1264/12134 1266/12135
f 1291/12136 1292/12137 1293/12138
f 1293/12139 1294/12140 1295/12141
f 1296/12142 1297/12143 1299/12144
f 1318/12145 1317/12146 1319/12147
f 1319/12148 1320/12149 1321/12150
f 1323/12151 1324/12152 1326/12153
f 1366/12154 1367/12155 1365/12156
f 1366/12157 1745/12158 1367/12159
f 1745/12160 1744/12161 1368/12162
f 1744/12163 1370/12164 1368/12165
f 1743/12166 1463/12167 1370/12168
f 1463/12169 1372/12170 1370/12171
f 1463/12172 1742/12173 1371/12174
f 1371/12175 1374/12176 1375/12177
f 1374/12178 1464/12179 1375/12180
f 1741/12181 1465/12182 1464/12183
f 1376/12184 1377/12185 1378/12186
f 1386/12187 1387/12188 1388/12189
f 1466/12190 1382/12191 1381/12192
f 1382/12193 1467/12194 1381/12195
f 1467/12196 1383/12197 1381/12198
f 1468/12199 1383/12200 1467/12201
f 1385/12202 1386/12203 1383/12204
f 1395/12205 1399/12206 1396/12207
f 1739/12208 1389/12209 1388/12210
f 1389/12211 1390/12212 1388/12213
f 1390/12214 1391/12215 1388/12216
f 1738/12217 1391/12218 1390/12219
f 1738/12220 1392/12221 1391/12222
f 1738/12223 1737/12224 1392/12225
f 1737/12226 1469/12227 1393/12228
f 1394/12229 1395/12230 1396/12231
f 1736/12232 1397/12233 1395/12234
f 1403/12235 1405/12236 1404/12237
f 1397/12238 1398/12239 1399/12240
f 1398/12241 1401/12242 1400/12243
f 1735/12244 1403/12245 1402/12246
f 1403/12247 1404/12248 1402/12249
f 1470/12250 1471/12251 1403/12252
f 1412/12253 1413/12254 1414/12255
f 1471/12256 1472/12257 1406/12258
f 1407/12259 1473/12260 1409/12261
f 1473/12262 1474/12263 1409/12264
f 1474/12265 2875/12266 1409/12267
f 1475/12268 1412/12269 1474/12270
f 69/12271 82/12272 158/12273
f 1417/12274 1732/12275 1477/12276
f 1476/12277 1734/12278 1414/12279
f 1734/12280 1733/12281 1414/12282
f 1733/12283 1415/12284 1414/12285
f 1732/12286 1416/12287 1733/12288
f 1419/12289 1479/12290 1480/12291
f 1477/12292 1478/12293 1418/12294
f 1480/12295 1420/12296 1419/12297
f 1481/12298 1731/12299 1480/12300
f 1423/12301 1482/12302 1426/12303
f 1731/12304 1421/12305 1423/12306
f 1425/12307 1483/12308 1484/12309
f 1424/12310 1425/12311 1482/12312
f 1425/12313 1427/12314 1426/12315
f 1429/12316 1728/12317 1430/12318
f 1484/12319 1729/12320 1429/12321
f 1435/12322 1674/12323 1485/12324
f 1727/12325 1726/12326 1728/12327
f 1431/12328 1432/12329 1726/12330
f 1433/12331 1434/12332 1432/12333
f 1435/12334 1436/12335 1437/12336
f 1438/12337 1724/12338 1439/12339
f 1436/12340 1486/12341 1437/12342
f 1725/12343 1438/12344 1486/12345
f 1441/12346 1723/12347 1722/12348
f 1724/12349 1723/12350 1439/12351
f 1721/12352 1443/12353 1441/12354
f 1722/12355 1721/12356 1441/12357
f 1442/12358 1720/12359 1721/12360
f 1447/12361 1448/12362 1717/12363
f 1720/12364 1487/12365 1443/12366
f 1443/12367 1444/12368 1445/12369
f 1444/12370 1718/12371 1445/12372
f 1446/12373 1447/12374 1718/12375
f 1452/12376 1453/12377 1454/12378
f 1717/12379 1449/12380 1447/12381
f 1717/12382 1450/12383 1452/12384
f 1459/12385 1457/12386 1458/12387
f 1715/12388 1714/12389 1453/12390
f 1713/12391 1455/12392 1714/12393
f 1713/12394 1457/12395 1455/12396
f 1457/12397 1456/12398 1455/12399
f 1460/12400 1712/12401 1711/12402
f 1365/12403 1709/12404 1366/12405
f 1710/12406 1462/12407 1460/12408
f 1367/12409 1462/12410 1365/12411
f 1367/12412 1368/12413 1369/12414
f 1369/12415 1370/12416 1372/12417
f 1369/12418 1368/12419 1370/12420
f 1406/12421 1409/12422 2875/12423
f 1887/12424 1489/12425 1043/12426
f 1461/12427 1460/12428 1462/12429
f 1459/12430 1460/12431 1461/12432
f 1083/12433 1870/12434 1498/12435
f 1057/12436 1505/12437 1506/12438
f 1049/12439 1489/12440 1993/12441
f 1051/12442 1049/12443 1881/12444
f 1084/12445 1878/12446 1504/12447
f 1057/12448 1084/12449 1505/12450
f 1905/12451 1492/12452 1909/12453
f 1035/12454 1895/12455 1037/12456
f 1909/12457 1020/12458 1911/12459
f 1498/12460 1092/12461 1068/12462
f 1493/12463 1494/12464 1917/12465
f 1012/12466 1495/12467 1926/12468
f 1001/12469 1932/12470 1998/12471
f 1497/12472 1937/12473 1932/12474
f 989/12475 986/12476 1999/12477
f 1087/12478 976/12479 1956/12480
f 1089/12481 1968/12482 1501/12483
f 965/12484 1971/12485 1968/12486
f 961/12487 1976/12488 1974/12489
f 1091/12490 951/12491 1987/12492
f 500/12493 1536/12494 1535/12495
f 1509/12496 2106/12497 2020/12498
f 508/12499 2022/12500 2025/12501
f 1510/12502 2027/12503 2028/12504
f 1510/12505 2028/12506 2029/12507
f 508/12508 2025/12509 2027/12510
f 511/12511 2020/12512 2022/12513
f 2029/12514 1536/12515 503/12516
f 1531/12517 489/12518 1532/12519
f 1535/12520 2035/12521 538/12522
f 2035/12523 1534/12524 538/12525
f 1534/12526 1533/12527 495/12528
f 540/12529 1533/12530 1532/12531
f 478/12532 2049/12533 476/12534
f 484/12535 2042/12536 2044/12537
f 482/12538 1530/12539 1529/12540
f 482/12541 2044/12542 1530/12543
f 485/12544 1531/12545 2042/12546
f 1529/12547 2047/12548 478/12549
f 1511/12550 2054/12551 1527/12552
f 2049/12553 1528/12554 476/12555
f 1528/12556 2054/12557 472/12558
f 1512/12559 2057/12560 1526/12561
f 1527/12562 2057/12563 1511/12564
f 1516/12565 2109/12566 1517/12567
f 462/12568 1526/12569 2063/12570
f 458/12571 2063/12572 1525/12573
f 541/12574 1525/12575 1524/12576
f 541/12577 1524/12578 1523/12579
f 542/12580 1523/12581 2067/12582
f 2069/12583 2070/12584 1513/12585
f 2070/12586 2107/12587 1514/12588
f 2077/12589 2108/12590 1516/12591
f 447/12592 2077/12593 1515/12594
f 2069/12595 542/12596 2067/12597
f 432/12598 2086/12599 2088/12600
f 438/12601 2109/12602 2083/12603
f 1518/12604 2083/12605 2085/12606
f 425/12607 2093/12608 2095/12609
f 1519/12610 2091/12611 2092/12612
f 428/12613 2092/12614 2093/12615
f 1519/12616 2088/12617 2091/12618
f 434/12619 2085/12620 2086/12621
f 1520/12622 2099/12623 1521/12624
f 2095/12625 2097/12626 1520/12627
f 1522/12628 2111/12629 415/12630
f 2099/12631 2110/12632 1521/12633
f 2110/12634 2102/12635 1522/12636
f 820/12637 1558/12638 1547/12639
f 2111/12640 2106/12641 415/12642
f 815/12643 2275/12644 2155/12645
f 796/12646 2158/12647 815/12648
f 788/12649 2169/12650 2163/12651
f 788/12652 816/12653 2169/12654
f 792/12655 790/12656 2161/12657
f 816/12658 780/12659 2276/12660
f 780/12661 1537/12662 2174/12663
f 771/12664 2181/12665 1553/12666
f 771/12667 2184/12668 2181/12669
f 761/12670 2194/12671 1539/12672
f 1540/12673 2196/12674 2194/12675
f 748/12676 1542/12677 2206/12678
f 1543/12679 1556/12680 1555/12681
f 733/12682 1545/12683 2279/12684
f 1557/12685 2218/12686 2280/12687
f 1557/12688 1549/12689 2218/12690
f 817/12691 818/12692 1548/12693
f 819/12694 1547/12695 2237/12696
f 1150/12697 1576/12698 1575/12699
f 696/12700 2246/12701 2244/12702
f 693/12703 1559/12704 2249/12705
f 1559/12706 821/12707 2254/12708
f 688/12709 822/12710 2262/12711
f 1203/12712 2298/12713 1583/12714
f 1560/12715 2301/12716 2304/12717
f 1195/12718 1582/12719 2306/12720
f 1195/12721 2306/12722 2307/12723
f 1561/12724 2304/12725 1582/12726
f 1560/12727 1583/12728 2301/12729
f 2307/12730 2309/12731 1191/12732
f 2309/12733 1581/12734 1188/12735
f 1581/12736 2312/12737 1188/12738
f 1580/12739 2318/12740 1178/12741
f 2312/12742 1580/12743 1183/12744
f 1171/12745 2319/12746 1579/12747
f 1233/12748 1579/12749 2323/12750
f 1169/12751 2324/12752 2326/12753
f 1168/12754 1578/12755 2329/12756
f 1168/12757 2326/12758 1578/12759
f 1233/12760 2323/12761 2324/12762
f 2329/12763 2330/12764 1162/12765
f 2330/12766 2332/12767 1162/12768
f 2332/12769 2334/12770 1159/12771
f 2334/12772 2338/12773 1159/12774
f 2338/12775 1577/12776 1234/12777
f 1577/12778 1576/12779 1234/12780
f 2349/12781 1140/12782 1572/12783
f 2318/12784 2319/12785 1176/12786
f 1149/12787 1575/12788 1574/12789
f 1144/12790 1574/12791 1573/12792
f 1141/12793 1573/12794 1572/12795
f 1568/12796 1116/12797 2366/12798
f 1134/12799 2349/12800 2350/12801
f 2350/12802 2351/12803 1131/12804
f 2351/12805 2353/12806 1562/12807
f 2353/12808 2356/12809 1562/12810
f 2356/12811 2359/12812 1563/12813
f 2359/12814 1571/12815 1124/12816
f 1571/12817 1570/12818 1564/12819
f 1566/12820 1570/12821 1569/12822
f 1235/12823 1569/12824 2383/12825
f 1235/12826 2383/12827 2366/12828
f 1111/12829 2370/12830 1108/12831
f 1113/12832 1568/12833 2369/12834
f 1204/12835 2381/12836 2298/12837
f 2370/12838 2384/12839 1108/12840
f 2384/12841 2375/12842 1105/12843
f 2375/12844 2385/12845 1100/12846
f 2385/12847 2378/12848 1097/12849
f 2378/12850 2381/12851 1567/12852
f 2440/12853 672/12854 2442/12855
f 659/12856 670/12857 1601/12858
f 670/12859 653/12860 2433/12861
f 653/12862 671/12863 2435/12864
f 2442/12865 1584/12866 2446/12867
f 1584/12868 2537/12869 2446/12870
f 2539/12871 1586/12872 2457/12873
f 640/12874 2450/12875 2537/12876
f 1585/12877 2538/12878 2450/12879
f 631/12880 2539/12881 2538/12882
f 2543/12883 1590/12884 2544/12885
f 1586/12886 1587/12887 2457/12888
f 1587/12889 1588/12890 2540/12891
f 1588/12892 1589/12893 2541/12894
f 1589/12895 673/12896 2468/12897
f 614/12898 2543/12899 2542/12900
f 2544/12901 1591/12902 2479/12903
f 553/12904 2528/12905 2526/12906
f 1591/12907 2481/12908 2479/12909
f 1592/12910 2484/12911 2481/12912
f 673/12913 614/12914 2542/12915
f 593/12916 1594/12917 2546/12918
f 1593/12919 593/12920 2545/12921
f 1594/12922 586/12923 2490/12924
f 586/12925 583/12926 2547/12927
f 583/12928 582/12929 2548/12930
f 582/12931 2497/12932 2548/12933
f 674/12934 2500/12935 2497/12936
f 674/12937 2502/12938 2500/12939
f 675/12940 2507/12941 2502/12942
f 574/12943 1599/12944 2507/12945
f 676/12946 2509/12947 1599/12948
f 677/12949 678/12950 1598/12951
f 678/12952 563/12953 2517/12954
f 563/12955 679/12956 2519/12957
f 679/12958 1595/12959 2519/12960
f 1595/12961 556/12962 1597/12963
f 553/12964 2526/12965 1597/12966
f 2509/12967 677/12968 2511/12969
f 552/12970 2529/12971 2528/12972
f 552/12973 1596/12974 2529/12975
f 680/12976 2533/12977 1596/12978
f 681/12979 2536/12980 2533/12981
f 2666/12982 883/12983 2604/12984
f 1623/12985 2574/12986 920/12987
f 2664/12988 2577/12989 1602/12990
f 2577/12991 1603/12992 914/12993
f 903/12994 906/12995 1619/12996
f 899/12997 902/12998 2594/12999
f 903/13000 1619/13001 1618/13002
f 2665/13003 896/13004 898/13005
f 896/13006 1617/13007 894/13008
f 906/13009 1620/13010 2586/13011
f 1615/13012 2604/13013 887/13014
f 2602/13015 1615/13016 887/13017
f 947/13018 1612/13019 867/13020
f 882/13021 2666/13022 2609/13023
f 879/13024 2609/13025 878/13026
f 872/13027 2615/13028 1613/13029
f 878/13030 1614/13031 2615/13032
f 1613/13033 2620/13034 871/13035
f 1612/13036 1621/13037 867/13038
f 1604/13039 2667/13040 2631/13041
f 1611/13042 1622/13043 863/13044
f 1206/13045 950/13046 1207/13047
f 1604/13048 2631/13049 851/13050
f 2669/13051 2640/13052 1606/13053
f 2640/13054 839/13055 1607/13056
f 839/13057 2643/13058 838/13059
f 2643/13060 2646/13061 1608/13062
f 1608/13063 2648/13064 836/13065
f 2649/13066 1609/13067 836/13068
f 2648/13069 2649/13070 836/13071
f 1205/13072 1067/13073 948/13074
f 1205/13075 948/13076 949/13077
f 1096/13078 950/13079 1624/13080
f 1098/13081 1624/13082 1625/13083
f 1099/13084 1625/13085 952/13086
f 1101/13087 952/13088 1069/13089
f 1104/13090 1069/13091 954/13092
f 1103/13093 954/13094 1626/13095
f 956/13096 1103/13097 1626/13098
f 1132/13099 988/13100 1071/13101
f 1208/13102 956/13103 1627/13104
f 1627/13105 1628/13106 1209/13107
f 1210/13108 959/13109 960/13110
f 1112/13111 960/13112 1629/13113
f 1115/13114 1629/13115 1630/13116
f 1212/13117 966/13118 967/13119
f 1673/13120 1630/13121 966/13122
f 1213/13123 967/13124 969/13125
f 1214/13126 969/13127 1070/13128
f 1118/13129 1070/13130 1631/13131
f 1215/13132 1631/13133 1632/13134
f 1216/13135 1632/13136 973/13137
f 1210/13138 1628/13139 959/13140
f 1217/13141 973/13142 975/13143
f 1217/13144 975/13145 1633/13146
f 1218/13147 1633/13148 977/13149
f 1219/13150 977/13151 978/13152
f 1220/13153 978/13154 980/13155
f 1221/13156 980/13157 1634/13158
f 1221/13159 1634/13160 982/13161
f 1223/13162 982/13163 1635/13164
f 1223/13165 1635/13166 984/13167
f 1128/13168 984/13169 1636/13170
f 1224/13171 1636/13172 1637/13173
f 1225/13174 1637/13175 988/13176
f 1145/13177 997/13178 1072/13179
f 1135/13180 1071/13181 1638/13182
f 1671/13183 994/13184 1639/13185
f 1139/13186 992/13187 994/13188
f 1137/13189 1638/13190 992/13191
f 1670/13192 1639/13193 997/13194
f 1668/13195 1002/13196 1004/13197
f 1002/13198 1669/13199 1000/13200
f 1000/13201 1145/13202 1072/13203
f 1158/13204 1640/13205 1014/13206
f 1667/13207 1004/13208 1006/13209
f 1666/13210 1006/13211 1008/13212
f 1073/13213 1011/13214 1665/13215
f 1664/13216 1011/13217 1074/13218
f 1666/13219 1008/13220 1073/13221
f 1663/13222 1074/13223 1640/13224
f 1016/13225 1157/13226 1075/13227
f 1014/13228 1075/13229 1158/13230
f 1022/13231 1164/13232 1077/13233
f 1016/13234 1076/13235 1662/13236
f 1661/13237 1076/13238 1019/13239
f 1165/13240 1019/13241 1077/13242
f 1658/13243 1024/13244 1641/13245
f 1660/13246 1022/13247 1024/13248
f 1655/13249 1029/13250 1031/13251
f 1656/13252 1027/13253 1029/13254
f 1054/13255 1192/13256 1644/13257
f 1653/13258 1078/13259 1036/13260
f 1173/13261 1642/13262 1078/13263
f 1654/13264 1031/13265 1642/13266
f 1657/13267 1641/13268 1027/13269
f 1175/13270 1036/13271 1079/13272
f 1177/13273 1079/13274 1039/13275
f 1652/13276 1039/13277 1080/13278
f 1651/13279 1080/13280 1042/13281
f 1650/13282 1042/13283 1643/13284
f 1182/13285 1643/13286 1044/13287
f 1649/13288 1044/13289 1046/13290
f 1046/13291 1081/13292 1185/13293
f 1189/13294 1047/13295 1048/13296
f 1227/13297 1082/13298 1050/13299
f 1189/13300 1048/13301 1082/13302
f 1187/13303 1081/13304 1047/13305
f 1059/13306 1228/13307 1058/13308
f 1196/13309 1054/13310 1056/13311
f 1228/13312 1056/13313 1058/13314
f 1200/13315 1062/13316 1645/13317
f 1646/13318 1060/13319 1062/13320
f 1648/13321 1050/13322 1644/13323
f 1232/13324 1066/13325 1067/13326
f 1231/13327 1065/13328 1066/13329
f 1230/13330 1645/13331 1065/13332
f 1229/13333 1059/13334 1060/13335
f 1707/13336 1709/13337 1710/13338
f 1067/13339 1205/13340 1232/13341
f 1708/13342 1366/13343 1709/13344
f 1451/13345 1705/13346 1716/13347
f 516/13348 1710/13349 1711/13350
f 516/13351 1711/13352 1712/13353
f 1706/13354 1458/13355 1457/13356
f 1712/13357 1458/13358 417/13359
f 421/13360 1714/13361 1715/13362
f 422/13363 1713/13364 1714/13365
f 1705/13366 1453/13367 1716/13368
f 1451/13369 1450/13370 426/13371
f 518/13372 1718/13373 519/13374
f 421/13375 1715/13376 1453/13377
f 419/13378 1457/13379 1713/13380
f 517/13381 1717/13382 1448/13383
f 1700/13384 1674/13385 1433/13386
f 430/13387 1448/13388 1446/13389
f 519/13390 1718/13391 1719/13392
f 1704/13393 1719/13394 1444/13395
f 520/13396 1444/13397 1487/13398
f 1703/13399 1487/13400 1720/13401
f 433/13402 1720/13403 1442/13404
f 521/13405 1442/13406 1721/13407
f 522/13408 1721/13409 1722/13410
f 523/13411 1722/13412 1723/13413
f 437/13414 1723/13415 1724/13416
f 525/13417 1724/13418 1725/13419
f 427/13420 1450/13421 1717/13422
f 1702/13423 1725/13424 1486/13425
f 1702/13426 1486/13427 1436/13428
f 526/13429 1436/13430 1485/13431
f 1485/13432 1674/13433 1701/13434
f 444/13435 1433/13436 1431/13437
f 446/13438 1431/13439 1726/13440
f 445/13441 1726/13442 1727/13443
f 1729/13444 527/13445 1428/13446
f 527/13447 1728/13448 1428/13449
f 451/13450 1484/13451 1483/13452
f 528/13453 1729/13454 1484/13455
f 448/13456 1727/13457 1728/13458
f 1733/13459 464/13460 1732/13461
f 1699/13462 1424/13463 1482/13464
f 451/13465 1483/13466 1424/13467
f 1698/13468 1482/13469 1730/13470
f 1698/13471 1730/13472 1422/13473
f 1697/13474 1422/13475 1421/13476
f 1697/13477 1421/13478 1731/13479
f 457/13480 1731/13481 1481/13482
f 1696/13483 1481/13484 1480/13485
f 1695/13486 1480/13487 1479/13488
f 1695/13489 1479/13490 1478/13491
f 1694/13492 1478/13493 1477/13494
f 1692/13495 1477/13496 1732/13497
f 1734/13498 465/13499 1733/13500
f 1476/13501 1691/13502 1734/13503
f 1410/13504 468/13505 1413/13506
f 468/13507 1476/13508 1413/13509
f 1475/13510 470/13511 1411/13512
f 470/13513 1410/13514 1411/13515
f 1690/13516 1474/13517 1473/13518
f 473/13519 1475/13520 1474/13521
f 1407/13522 1690/13523 1473/13524
f 1688/13525 1408/13526 1472/13527
f 1689/13528 1407/13529 1408/13530
f 1686/13531 1403/13532 1735/13533
f 1688/13534 1472/13535 1471/13536
f 1687/13537 1471/13538 1470/13539
f 481/13540 1470/13541 1403/13542
f 1684/13543 1401/13544 1398/13545
f 1401/13546 1686/13547 1735/13548
f 1394/13549 486/13550 1395/13551
f 1682/13552 1397/13553 1736/13554
f 486/13555 1736/13556 1395/13557
f 535/13558 1463/13559 1743/13560
f 490/13561 1469/13562 1737/13563
f 529/13564 1394/13565 1469/13566
f 1683/13567 1398/13568 1397/13569
f 1681/13570 1738/13571 1390/13572
f 493/13573 1390/13574 1389/13575
f 531/13576 1389/13577 1739/13578
f 1680/13579 1739/13580 1387/13581
f 1680/13582 1387/13583 1384/13584
f 497/13585 1384/13586 1385/13587
f 497/13588 1385/13589 1468/13590
f 1679/13591 1468/13592 1467/13593
f 499/13594 1467/13595 1382/13596
f 1678/13597 1382/13598 1466/13599
f 532/13600 1466/13601 1379/13602
f 502/13603 1379/13604 1740/13605
f 1677/13606 1740/13607 1377/13608
f 505/13609 1377/13610 1465/13611
f 533/13612 1465/13613 1741/13614
f 533/13615 1741/13616 1464/13617
f 1676/13618 1464/13619 1373/13620
f 1675/13621 1373/13622 1374/13623
f 534/13624 1374/13625 1742/13626
f 509/13627 1742/13628 1463/13629
f 1346/13630 554/13631 1808/13632
f 536/13633 1743/13634 1744/13635
f 513/13636 1744/13637 1745/13638
f 537/13639 1745/13640 1366/13641
f 530/13642 1737/13643 1738/13644
f 1364/13645 543/13646 545/13647
f 1341/13648 545/13649 1746/13650
f 1342/13651 1746/13652 1747/13653
f 1238/13654 1747/13655 1748/13656
f 1343/13657 1748/13658 1749/13659
f 1749/13660 1750/13661 1344/13662
f 1345/13663 1750/13664 551/13665
f 1346/13666 551/13667 1751/13668
f 1247/13669 554/13670 555/13671
f 569/13672 1806/13673 567/13674
f 1347/13675 557/13676 558/13677
f 1807/13678 558/13679 1752/13680
f 1348/13681 1752/13682 559/13683
f 1349/13684 559/13685 1753/13686
f 1349/13687 1753/13688 561/13689
f 1255/13690 561/13691 562/13692
f 1350/13693 562/13694 1754/13695
f 1256/13696 1754/13697 1755/13698
f 1351/13699 1755/13700 1756/13701
f 1352/13702 1756/13703 567/13704
f 571/13705 1353/13706 569/13707
f 1247/13708 555/13709 557/13710
f 1804/13711 1757/13712 572/13713
f 1805/13714 571/13715 1757/13716
f 1759/13717 1803/13718 1758/13719
f 1804/13720 572/13721 1758/13722
f 1268/13723 575/13724 1760/13725
f 1802/13726 1759/13727 575/13728
f 660/13729 1273/13730 580/13731
f 1270/13732 1760/13733 578/13734
f 1354/13735 578/13736 580/13737
f 661/13738 1801/13739 1761/13740
f 1801/13741 660/13742 1761/13743
f 1763/13744 1279/13745 1762/13746
f 1800/13747 662/13748 1762/13749
f 1276/13750 661/13751 662/13752
f 588/13753 1799/13754 587/13755
f 591/13756 1284/13757 590/13758
f 1799/13759 1763/13760 587/13761
f 1764/13762 1798/13763 592/13764
f 1290/13765 1765/13766 598/13767
f 1798/13768 591/13769 592/13770
f 590/13771 1283/13772 588/13773
f 1796/13774 595/13775 1765/13776
f 1797/13777 1764/13778 595/13779
f 1794/13780 599/13781 1766/13782
f 598/13783 1795/13784 1290/13785
f 1795/13786 598/13787 599/13788
f 1793/13789 1766/13790 601/13791
f 1792/13792 601/13793 603/13794
f 1789/13795 605/13796 607/13797
f 663/13798 1298/13799 607/13800
f 605/13801 1791/13802 603/13803
f 1355/13804 609/13805 611/13806
f 1787/13807 611/13808 613/13809
f 1787/13810 613/13811 615/13812
f 1788/13813 663/13814 609/13815
f 1785/13816 617/13817 1302/13818
f 1786/13819 615/13820 1767/13821
f 1784/13822 617/13823 618/13824
f 1304/13825 618/13826 1768/13827
f 665/13828 1314/13829 626/13830
f 1307/13831 619/13832 620/13833
f 1306/13834 1768/13835 619/13836
f 1783/13837 622/13838 664/13839
f 1311/13840 664/13841 624/13842
f 1781/13843 665/13844 629/13845
f 1777/13846 666/13847 667/13848
f 1782/13849 624/13850 626/13851
f 1309/13852 620/13853 622/13854
f 1316/13855 629/13856 630/13857
f 1780/13858 630/13859 633/13860
f 1779/13861 633/13862 636/13863
f 1778/13864 636/13865 1769/13866
f 1322/13867 1769/13868 666/13869
f 1356/13870 667/13871 639/13872
f 649/13873 1359/13874 648/13875
f 1356/13876 639/13877 1770/13878
f 1776/13879 1770/13880 641/13881
f 1325/13882 641/13883 668/13884
f 1327/13885 668/13886 643/13887
f 1357/13888 643/13889 644/13890
f 1329/13891 644/13892 1771/13893
f 1358/13894 1771/13895 647/13896
f 1772/13897 1360/13898 650/13899
f 654/13900 1336/13901 652/13902
f 1360/13903 649/13904 650/13905
f 1359/13906 647/13907 648/13908
f 1364/13909 669/13910 543/13911
f 1361/13912 654/13913 1773/13914
f 652/13915 1334/13916 1772/13917
f 1363/13918 1774/13919 669/13920
f 1362/13921 1773/13922 1774/13923
f 928/13924 1818/13925 697/13926
f 921/13927 802/13928 683/13929
f 826/13930 683/13931 685/13932
f 1866/13933 685/13934 1810/13935
f 1810/13936 687/13937 922/13938
f 1865/13939 687/13940 1811/13941
f 1864/13942 1811/13943 1812/13944
f 1863/13945 1812/13946 689/13947
f 830/13948 689/13949 1813/13950
f 923/13951 1813/13952 692/13953
f 924/13954 692/13955 804/13956
f 1862/13957 804/13958 1814/13959
f 835/13960 1814/13961 1815/13962
f 925/13963 1815/13964 694/13965
f 1861/13966 694/13967 1816/13968
f 1861/13969 1816/13970 1817/13971
f 926/13972 1817/13973 1818/13974
f 928/13975 699/13976 929/13977
f 929/13978 699/13979 700/13980
f 841/13981 701/13982 703/13983
f 840/13984 700/13985 701/13986
f 930/13987 705/13988 707/13989
f 930/13990 707/13991 1819/13992
f 841/13993 703/13994 705/13995
f 711/13996 931/13997 1819/13998
f 850/13999 714/14000 716/14001
f 847/14002 711/14003 1809/14004
f 933/14005 1809/14006 714/14007
f 852/14008 716/14009 719/14010
f 1820/14011 853/14012 719/14013
f 856/14014 1820/14015 724/14016
f 1821/14017 935/14018 724/14019
f 860/14020 726/14021 805/14022
f 858/14023 1821/14024 726/14025
f 806/14026 862/14027 805/14028
f 1859/14029 807/14030 1822/14031
f 1858/14032 732/14033 808/14034
f 1822/14035 732/14036 866/14037
f 864/14038 806/14039 807/14040
f 740/14041 1856/14042 739/14043
f 868/14044 734/14045 736/14046
f 868/14047 808/14048 734/14049
f 1857/14050 736/14051 739/14052
f 886/14053 811/14054 759/14055
f 1854/14056 740/14057 741/14058
f 741/14059 743/14060 1854/14061
f 873/14062 743/14063 744/14064
f 1853/14065 809/14066 810/14067
f 876/14068 747/14069 809/14070
f 936/14071 744/14072 747/14073
f 1851/14074 749/14075 751/14076
f 881/14077 751/14078 752/14079
f 1848/14080 1823/14081 755/14082
f 1850/14083 752/14084 1823/14085
f 1852/14086 810/14087 749/14088
f 1824/14089 938/14090 759/14091
f 762/14092 888/14093 1824/14094
f 812/14095 939/14096 762/14097
f 893/14098 765/14099 1825/14100
f 891/14101 812/14102 764/14103
f 1847/14104 764/14105 765/14106
f 941/14107 794/14108 942/14109
f 1846/14110 1825/14111 768/14112
f 1845/14113 768/14114 770/14115
f 1844/14116 770/14117 772/14118
f 885/14119 755/14120 811/14121
f 940/14122 773/14123 775/14124
f 1841/14125 1826/14126 1827/14127
f 1842/14128 779/14129 1826/14130
f 1843/14131 775/14132 779/14133
f 1839/14134 813/14135 781/14136
f 1838/14137 1828/14138 782/14139
f 905/14140 781/14141 1828/14142
f 1837/14143 1829/14144 1830/14145
f 1838/14146 782/14147 1829/14148
f 1840/14149 1827/14150 813/14151
f 1835/14152 1831/14153 786/14154
f 911/14155 786/14156 789/14157
f 1834/14158 789/14159 793/14160
f 942/14161 794/14162 1832/14163
f 944/14164 795/14165 798/14166
f 943/14167 1832/14168 795/14169
f 1874/14170 1505/14171 1875/14172
f 945/14173 798/14174 800/14175
f 917/14176 800/14177 814/14178
f 1833/14179 814/14180 802/14181
f 1836/14182 1830/14183 1831/14184
f 897/14185 772/14186 773/14187
f 740/14188 1854/14189 1855/14190
f 1992/14191 1869/14192 1868/14193
f 1992/14194 1870/14195 1871/14196
f 1506/14197 1874/14198 1873/14199
f 1504/14200 1879/14201 1877/14202
f 1505/14203 1504/14204 1876/14205
f 1880/14206 1881/14207 1882/14208
f 1878/14209 1880/14210 1879/14211
f 1883/14212 1993/14213 1884/14214
f 1884/14215 1994/14216 1886/14217
f 1883/14218 1884/14219 2014/14220
f 1887/14221 1889/14222 1888/14223
f 1884/14224 1886/14225 1885/14226
f 1887/14227 1888/14228 1886/14229
f 2717/14230 1890/14231 1891/14232
f 1890/14233 1995/14234 1891/14235
f 2718/14236 1891/14237 1892/14238
f 1507/14239 1896/14240 1894/14241
f 1892/14242 1893/14243 2718/14244
f 1507/14245 1894/14246 1892/14247
f 1900/14248 1901/14249 1902/14250
f 1895/14251 1898/14252 1899/14253
f 1902/14254 1903/14255 1904/14256
f 1906/14257 1903/14258 1905/14259
f 1907/14260 1909/14261 1908/14262
f 1915/14263 1996/14264 1916/14265
f 1909/14266 1910/14267 1908/14268
f 1911/14269 1912/14270 1910/14271
f 1911/14272 1913/14273 1912/14274
f 1913/14275 1996/14276 1914/14277
f 2723/14278 1916/14279 1918/14280
f 1916/14281 1917/14282 1918/14283
f 1927/14284 1924/14285 1926/14286
f 1921/14287 1919/14288 1918/14289
f 1921/14290 1922/14291 1919/14292
f 1920/14293 1503/14294 1923/14295
f 1923/14296 1924/14297 1925/14298
f 2724/14299 1998/14300 1931/14301
f 1926/14302 1928/14303 1927/14304
f 1997/14305 1929/14306 1926/14307
f 1998/14308 1930/14309 1929/14310
f 1934/14311 1935/14312 1936/14313
f 1931/14314 1932/14315 1933/14316
f 1935/14317 1938/14318 1936/14319
f 1942/14320 1999/14321 1943/14322
f 1939/14323 1940/14324 1941/14325
f 1999/14326 1945/14327 1943/14328
f 1947/14329 1508/14330 1949/14331
f 1944/14332 1946/14333 1945/14334
f 1949/14335 1950/14336 1951/14337
f 1947/14338 1949/14339 1948/14340
f 1951/14341 2000/14342 1953/14343
f 1949/14344 1951/14345 2011/14346
f 2010/14347 1955/14348 1957/14349
f 1953/14350 1952/14351 1951/14352
f 1955/14353 1954/14354 1953/14355
f 1955/14356 1956/14357 1957/14358
f 1958/14359 1957/14360 1502/14361
f 1965/14362 1966/14363 1967/14364
f 1502/14365 1960/14366 1958/14367
f 1959/14368 1961/14369 1960/14370
f 1962/14371 1963/14372 1959/14373
f 1962/14374 1501/14375 1964/14376
f 1966/14377 1969/14378 1967/14379
f 1973/14380 1974/14381 1975/14382
f 1970/14383 1971/14384 1972/14385
f 1974/14386 1977/14387 1975/14388
f 1978/14389 1500/14390 1981/14391
f 1976/14392 1978/14393 1977/14394
f 2765/14395 2018/14396 2112/14397
f 1978/14398 1981/14399 1979/14400
f 1500/14401 1980/14402 1981/14403
f 1981/14404 1983/14405 1982/14406
f 1499/14407 1984/14408 1983/14409
f 1985/14410 2003/14411 1986/14412
f 1985/14413 1987/14414 1988/14415
f 1985/14416 1988/14417 2003/14418
f 1988/14419 1989/14420 2002/14421
f 1990/14422 1991/14423 2001/14424
f 1498/14425 1992/14426 1868/14427
f 2016/14428 1872/14429 1873/14430
f 2017/14431 1871/14432 1872/14433
f 2715/14434 1873/14435 1874/14436
f 2716/14437 1876/14438 1877/14439
f 2015/14440 1877/14441 1879/14442
f 2720/14443 1900/14444 1902/14445
f 2719/14446 1899/14447 1900/14448
f 2013/14449 1902/14450 1904/14451
f 2721/14452 1907/14453 1908/14454
f 2722/14455 1908/14456 1910/14457
f 2725/14458 1933/14459 1934/14460
f 2727/14461 1936/14462 1938/14463
f 2726/14464 1934/14465 1936/14466
f 2012/14467 1938/14468 1939/14469
f 2012/14470 1939/14471 1941/14472
f 2728/14473 1941/14474 1942/14475
f 2729/14476 1942/14477 1943/14478
f 2009/14479 1964/14480 1965/14481
f 2007/14482 1967/14483 1969/14484
f 2008/14485 1965/14486 1967/14487
f 2006/14488 1969/14489 1970/14490
f 2006/14491 1970/14492 1972/14493
f 2005/14494 1972/14495 1973/14496
f 2004/14497 1973/14498 1975/14499
f 2025/14500 2023/14501 2024/14502
f 2106/14503 2765/14504 2019/14505
f 2019/14506 2021/14507 2020/14508
f 2021/14509 2762/14510 2020/14511
f 2762/14512 2761/14513 2022/14514
f 2022/14515 2761/14516 2023/14517
f 2026/14518 2025/14519 2024/14520
f 2027/14521 2757/14522 2028/14523
f 2026/14524 2758/14525 2027/14526
f 2028/14527 2755/14528 2029/14529
f 2757/14530 2756/14531 2028/14532
f 1535/14533 2031/14534 2032/14535
f 2029/14536 2152/14537 2030/14538
f 1536/14539 2030/14540 2031/14541
f 2035/14542 2033/14543 2034/14544
f 2032/14545 2033/14546 1535/14547
f 2036/14548 2035/14549 2034/14550
f 1532/14551 2041/14552 1531/14553
f 1534/14554 2036/14555 2037/14556
f 2037/14557 2147/14558 2038/14559
f 2147/14560 2754/14561 2038/14562
f 2038/14563 2146/14564 1533/14565
f 1533/14566 2146/14567 2039/14568
f 2039/14569 2145/14570 2040/14571
f 2044/14572 2043/14573 2045/14574
f 2041/14575 2142/14576 1531/14577
f 2142/14578 2753/14579 2042/14580
f 2042/14581 2753/14582 2043/14583
f 2046/14584 2044/14585 2045/14586
f 1530/14587 2138/14588 1529/14589
f 2046/14590 2139/14591 1530/14592
f 1528/14593 2050/14594 2051/14595
f 2138/14596 2137/14597 1529/14598
f 2137/14599 2752/14600 1529/14601
f 1529/14602 2752/14603 2047/14604
f 2047/14605 2136/14606 2048/14607
f 2049/14608 2048/14609 2050/14610
f 1528/14611 2052/14612 2054/14613
f 1527/14614 2053/14615 2055/14616
f 2052/14617 2053/14618 2054/14619
f 2056/14620 1527/14621 2055/14622
f 2129/14623 2059/14624 2130/14625
f 2056/14626 2131/14627 2058/14628
f 2131/14629 2130/14630 2058/14631
f 2061/14632 1526/14633 2060/14634
f 1525/14635 2062/14636 2126/14637
f 2060/14638 2129/14639 2061/14640
f 2061/14641 2062/14642 2063/14643
f 2064/14644 1525/14645 2125/14646
f 2126/14647 2125/14648 1525/14649
f 1523/14650 2122/14651 2067/14652
f 1524/14653 2064/14654 2065/14655
f 1523/14656 2065/14657 2066/14658
f 2750/14659 2068/14660 2751/14661
f 2122/14662 2121/14663 2067/14664
f 2121/14665 2120/14666 2067/14667
f 2120/14668 2751/14669 2068/14670
f 2077/14671 2075/14672 2076/14673
f 2069/14674 2750/14675 2071/14676
f 2070/14677 2071/14678 2072/14679
f 2072/14680 2074/14681 2073/14682
f 2074/14683 2075/14684 2107/14685
f 2078/14686 2077/14687 2076/14688
f 2109/14689 2079/14690 2080/14691
f 2108/14692 2078/14693 2079/14694
f 2083/14695 2084/14696 2085/14697
f 2079/14698 2117/14699 2080/14700
f 2080/14701 2116/14702 2109/14703
f 2109/14704 2116/14705 2081/14706
f 2081/14707 2746/14708 2082/14709
f 2088/14710 2087/14711 2089/14712
f 2084/14713 2743/14714 2085/14715
f 2743/14716 2115/14717 2086/14718
f 2086/14719 2115/14720 2087/14721
f 2090/14722 2088/14723 2089/14724
f 2091/14725 2113/14726 2092/14727
f 2090/14728 2741/14729 2091/14730
f 2092/14731 2739/14732 2093/14733
f 2113/14734 2740/14735 2092/14736
f 2097/14737 2096/14738 2098/14739
f 2093/14740 2738/14741 2094/14742
f 2095/14743 2094/14744 2096/14745
f 2097/14746 2735/14747 2099/14748
f 2111/14749 2103/14750 2104/14751
f 2735/14752 2100/14753 2099/14754
f 2110/14755 2100/14756 2101/14757
f 2102/14758 2101/14759 2103/14760
f 2112/14761 2105/14762 2731/14763
f 2104/14764 2731/14765 2105/14766
f 2157/14767 2155/14768 2275/14769
f 2058/14770 2059/14771 1526/14772
f 2019/14773 2765/14774 2764/14775
f 2021/14776 2019/14777 2763/14778
f 2023/14779 2761/14780 2760/14781
f 2026/14782 2024/14783 2759/14784
f 2024/14785 2023/14786 2760/14787
f 2151/14788 2031/14789 2030/14790
f 2150/14791 2032/14792 2031/14793
f 2149/14794 2036/14795 2034/14796
f 2148/14797 2037/14798 2036/14799
f 2040/14800 2145/14801 2144/14802
f 2041/14803 2040/14804 2143/14805
f 2043/14806 2753/14807 2141/14808
f 2046/14809 2045/14810 2140/14811
f 2045/14812 2043/14813 2141/14814
f 2135/14815 2050/14816 2048/14817
f 2134/14818 2051/14819 2050/14820
f 2133/14821 2055/14822 2053/14823
f 2132/14824 2056/14825 2055/14826
f 2061/14827 2129/14828 2128/14829
f 2062/14830 2061/14831 2127/14832
f 2064/14833 2125/14834 2124/14835
f 2065/14836 2064/14837 2124/14838
f 2066/14839 2065/14840 2123/14841
f 2119/14842 2074/14843 2072/14844
f 2748/14845 2076/14846 2075/14847
f 2749/14848 2075/14849 2074/14850
f 2747/14851 2078/14852 2076/14853
f 2118/14854 2079/14855 2078/14856
f 2082/14857 2746/14858 2745/14859
f 2084/14860 2082/14861 2744/14862
f 2087/14863 2115/14864 2114/14865
f 2089/14866 2087/14867 2114/14868
f 2090/14869 2089/14870 2742/14871
f 2736/14872 2098/14873 2096/14874
f 2733/14875 2103/14876 2101/14877
f 2732/14878 2104/14879 2103/14880
f 2734/14881 2101/14882 2100/14883
f 2737/14884 2096/14885 2094/14886
f 2274/14887 2154/14888 2153/14889
f 2274/14890 2155/14891 2156/14892
f 2160/14893 2161/14894 2162/14895
f 2275/14896 2159/14897 2157/14898
f 2158/14899 2160/14900 2159/14901
f 2168/14902 2169/14903 2170/14904
f 2161/14905 2163/14906 2164/14907
f 2163/14908 2167/14909 2165/14910
f 2166/14911 2168/14912 2167/14913
f 2171/14914 1552/14915 2172/14916
f 2172/14917 2276/14918 2173/14919
f 2171/14920 2172/14921 2768/14922
f 2174/14923 2771/14924 2770/14925
f 2172/14926 2173/14927 2769/14928
f 2174/14929 2770/14930 2173/14931
f 2772/14932 2175/14933 2176/14934
f 2175/14935 2277/14936 2176/14937
f 2178/14938 2176/14939 2177/14940
f 2278/14941 2182/14942 2180/14943
f 2177/14944 2179/14945 2178/14946
f 2278/14947 2180/14948 2177/14949
f 2186/14950 2187/14951 2188/14952
f 2181/14953 2184/14954 2185/14955
f 2188/14956 2189/14957 2190/14958
f 2192/14959 2189/14960 2191/14961
f 2193/14962 2194/14963 2195/14964
f 2196/14965 2778/14966 2198/14967
f 2194/14968 2197/14969 2195/14970
f 2196/14971 2198/14972 2197/14973
f 2290/14974 2205/14975 2206/14976
f 2778/14977 1551/14978 2292/14979
f 1551/14980 2199/14981 2200/14982
f 2200/14983 2202/14984 2291/14985
f 2199/14986 2201/14987 2202/14988
f 2201/14989 2203/14990 2202/14991
f 1554/14992 2204/14993 2201/14994
f 2205/14995 2779/14996 2204/14997
f 2289/14998 2206/14999 1550/15000
f 2781/15001 1555/15002 2209/15003
f 1550/15004 2208/15005 2289/15006
f 2207/15007 2780/15008 2208/15009
f 2211/15010 2212/15011 2213/15012
f 2209/15013 1556/15014 2210/15015
f 2212/15016 2214/15017 2213/15018
f 2217/15019 2218/15020 2219/15021
f 2215/15022 2280/15023 2216/15024
f 2220/15025 1549/15026 2221/15027
f 2218/15028 2220/15029 2219/15030
f 2288/15031 2223/15032 2226/15033
f 2222/15034 2223/15035 2224/15036
f 2223/15037 2225/15038 2226/15039
f 2226/15040 1548/15041 2228/15042
f 2232/15043 2229/15044 2231/15045
f 2228/15046 2227/15047 2226/15048
f 2229/15049 2230/15050 2228/15051
f 2287/15052 2231/15053 2233/15054
f 2234/15055 2238/15056 2236/15057
f 2233/15058 2235/15059 2287/15060
f 2234/15061 2236/15062 2233/15063
f 2240/15064 2241/15065 2242/15066
f 2237/15067 1547/15068 2239/15069
f 2242/15070 1558/15071 2243/15072
f 2245/15073 1558/15074 2244/15075
f 2248/15076 2249/15077 2250/15078
f 2244/15079 2246/15080 2247/15081
f 2249/15082 2252/15083 2250/15084
f 2255/15085 2251/15086 2254/15087
f 2251/15088 2253/15089 2252/15090
f 2259/15091 2256/15092 2260/15093
f 2255/15094 2256/15095 2257/15096
f 2256/15097 2258/15098 2260/15099
f 2260/15100 2262/15101 2263/15102
f 2822/15103 2297/15104 2766/15105
f 2263/15106 2261/15107 2260/15108
f 2264/15109 2265/15110 2263/15111
f 2264/15112 2266/15113 2265/15114
f 2266/15115 2268/15116 2267/15117
f 2269/15118 2271/15119 2268/15120
f 2271/15121 2272/15122 2270/15123
f 2273/15124 2274/15125 2153/15126
f 2295/15127 2157/15128 2159/15129
f 2296/15130 2156/15131 2157/15132
f 2294/15133 2159/15134 2160/15135
f 2293/15136 2164/15137 2165/15138
f 2767/15139 2165/15140 2167/15141
f 2774/15142 2186/15143 2188/15144
f 2773/15145 2185/15146 2186/15147
f 2775/15148 2188/15149 2190/15150
f 2776/15151 2193/15152 2195/15153
f 2777/15154 2195/15155 2197/15156
f 2782/15157 2210/15158 2211/15159
f 2784/15160 2213/15161 2214/15162
f 2783/15163 2211/15164 2213/15165
f 2785/15166 2214/15167 2215/15168
f 2785/15169 2215/15170 2216/15171
f 2786/15172 2216/15173 2217/15174
f 2787/15175 2217/15176 2219/15177
f 2285/15178 2239/15179 2240/15180
f 2283/15181 2242/15182 2243/15183
f 2284/15184 2240/15185 2242/15186
f 2282/15187 2247/15188 2248/15189
f 2281/15190 2248/15191 2250/15192
f 2304/15193 2302/15194 2303/15195
f 2298/15196 2822/15197 2299/15198
f 2299/15199 2300/15200 1583/15201
f 2300/15202 2427/15203 1583/15204
f 2427/15205 2819/15206 2301/15207
f 2301/15208 2819/15209 2302/15210
f 2305/15211 2304/15212 2303/15213
f 1582/15214 2425/15215 2306/15216
f 2305/15217 2817/15218 1582/15219
f 2306/15220 2423/15221 2307/15222
f 2425/15223 2424/15224 2306/15225
f 2315/15226 2313/15227 2314/15228
f 2307/15229 2422/15230 2308/15231
f 2309/15232 2308/15233 2310/15234
f 2310/15235 2311/15236 1581/15237
f 2311/15238 2313/15239 2312/15240
f 1580/15241 2314/15242 2316/15243
f 2317/15244 1580/15245 2316/15246
f 2815/15247 2319/15248 2415/15249
f 2317/15250 2416/15251 2318/15252
f 2317/15253 2816/15254 2416/15255
f 2416/15256 2415/15257 2319/15258
f 1579/15259 2322/15260 2323/15261
f 2320/15262 2815/15263 2321/15264
f 2326/15265 2325/15266 2327/15267
f 2322/15268 2412/15269 2323/15270
f 2412/15271 2814/15272 2324/15273
f 2324/15274 2814/15275 2325/15276
f 2328/15277 2326/15278 2327/15279
f 1578/15280 2409/15281 2329/15282
f 2328/15283 2410/15284 1578/15285
f 2334/15286 2333/15287 2335/15288
f 2409/15289 2408/15290 2329/15291
f 2408/15292 2812/15293 2329/15294
f 2329/15295 2812/15296 2330/15297
f 2330/15298 2407/15299 2331/15300
f 2332/15301 2331/15302 2333/15303
f 2334/15304 2336/15305 2338/15306
f 1577/15307 2337/15308 2339/15309
f 2336/15310 2337/15311 2338/15312
f 2340/15313 1577/15314 2339/15315
f 2400/15316 2342/15317 2401/15318
f 2340/15319 2402/15320 2341/15321
f 2402/15322 2401/15323 2341/15324
f 2344/15325 1575/15326 2343/15327
f 1573/15328 2345/15329 2397/15330
f 2343/15331 2400/15332 2344/15333
f 2344/15334 2345/15335 1574/15336
f 2346/15337 1573/15338 2396/15339
f 2397/15340 2396/15341 1573/15342
f 2349/15343 2391/15344 2350/15345
f 1572/15346 2346/15347 2347/15348
f 2348/15349 2393/15350 2349/15351
f 2393/15352 2392/15353 2349/15354
f 2353/15355 2352/15356 2354/15357
f 2391/15358 2811/15359 2350/15360
f 2350/15361 2811/15362 2351/15363
f 2351/15364 2810/15365 2352/15366
f 2356/15367 2354/15368 2355/15369
f 2360/15370 2359/15371 2358/15372
f 2357/15373 2358/15374 2359/15375
f 1570/15376 2361/15377 2389/15378
f 1571/15379 2360/15380 2361/15381
f 2383/15382 2364/15383 2800/15384
f 2361/15385 2390/15386 2389/15387
f 2389/15388 2804/15389 1570/15390
f 1570/15391 2804/15392 2362/15393
f 2362/15394 2803/15395 2363/15396
f 2363/15397 2364/15398 1569/15399
f 2365/15400 2383/15401 2388/15402
f 2800/15403 2388/15404 2383/15405
f 1568/15406 2795/15407 2369/15408
f 2366/15409 2365/15410 2367/15411
f 2368/15412 2797/15413 1568/15414
f 2797/15415 2796/15416 1568/15417
f 2370/15418 2794/15419 2793/15420
f 2795/15421 2794/15422 2369/15423
f 2373/15424 2372/15425 2371/15426
f 2370/15427 2793/15428 2371/15429
f 2381/15430 2379/15431 2380/15432
f 2373/15433 2374/15434 2384/15435
f 2374/15436 2387/15437 2375/15438
f 2387/15439 2376/15440 2375/15441
f 2385/15442 2376/15443 2377/15444
f 2378/15445 2377/15446 2379/15447
f 2766/15448 2382/15449 2386/15450
f 2380/15451 2386/15452 2382/15453
f 2437/15454 2438/15455 2439/15456
f 2341/15457 2342/15458 1575/15459
f 2299/15460 2822/15461 2821/15462
f 2300/15463 2299/15464 2820/15465
f 2302/15466 2819/15467 2818/15468
f 2305/15469 2303/15470 2426/15471
f 2303/15472 2302/15473 2818/15474
f 2421/15475 2311/15476 2310/15477
f 2420/15478 2313/15479 2311/15480
f 2419/15481 2314/15482 2313/15483
f 2418/15484 2316/15485 2314/15486
f 2417/15487 2317/15488 2316/15489
f 2321/15490 2815/15491 2414/15492
f 2322/15493 2321/15494 2413/15495
f 2325/15496 2814/15497 2411/15498
f 2328/15499 2327/15500 2813/15501
f 2327/15502 2325/15503 2411/15504
f 2406/15505 2333/15506 2331/15507
f 2405/15508 2335/15509 2333/15510
f 2404/15511 2339/15512 2337/15513
f 2403/15514 2340/15515 2339/15516
f 2344/15517 2400/15518 2399/15519
f 2345/15520 2344/15521 2398/15522
f 2346/15523 2396/15524 2395/15525
f 2347/15526 2346/15527 2395/15528
f 2348/15529 2347/15530 2394/15531
f 2809/15532 2355/15533 2354/15534
f 2807/15535 2358/15536 2357/15537
f 2808/15538 2357/15539 2355/15540
f 2806/15541 2360/15542 2358/15543
f 2805/15544 2361/15545 2360/15546
f 2363/15547 2803/15548 2802/15549
f 2364/15550 2363/15551 2801/15552
f 2365/15553 2388/15554 2799/15555
f 2367/15556 2365/15557 2799/15558
f 2368/15559 2367/15560 2798/15561
f 2791/15562 2374/15563 2373/15564
f 2789/15565 2379/15566 2377/15567
f 2788/15568 2380/15569 2379/15570
f 2790/15571 2377/15572 2376/15573
f 2792/15574 2373/15575 2371/15576
f 2428/15577 2430/15578 2429/15579
f 2428/15580 1601/15581 2431/15582
f 2433/15583 2436/15584 2434/15585
f 2441/15586 2438/15587 2440/15588
f 2829/15589 2446/15590 2447/15591
f 2440/15592 2443/15593 2441/15594
f 2442/15595 2444/15596 2443/15597
f 2442/15598 2445/15599 2444/15600
f 2445/15601 2446/15602 2828/15603
f 2567/15604 2447/15605 2448/15606
f 2447/15607 2537/15608 2448/15609
f 2566/15610 2454/15611 2538/15612
f 2451/15613 2449/15614 2448/15615
f 2451/15616 2830/15617 2449/15618
f 2452/15619 2454/15620 2453/15621
f 2540/15622 2464/15623 2462/15624
f 2538/15625 2565/15626 2566/15627
f 2455/15628 2456/15629 2565/15630
f 2539/15631 2458/15632 2455/15633
f 2539/15634 2457/15635 2458/15636
f 2457/15637 2461/15638 2460/15639
f 2540/15640 2462/15641 2461/15642
f 2465/15643 2463/15644 2541/15645
f 2468/15646 2470/15647 2469/15648
f 2541/15649 2467/15650 2466/15651
f 2468/15652 2469/15653 2467/15654
f 2474/15655 2473/15656 2475/15657
f 2542/15658 2471/15659 2470/15660
f 2472/15661 2473/15662 2836/15663
f 2473/15664 2543/15665 2475/15666
f 2475/15667 2544/15668 2476/15669
f 2480/15670 2477/15671 2479/15672
f 2476/15673 2564/15674 2475/15675
f 2477/15676 2478/15677 2476/15678
f 2837/15679 2479/15680 2481/15681
f 2838/15682 2484/15683 2485/15684
f 2481/15685 2483/15686 2837/15687
f 2482/15688 2563/15689 2483/15690
f 2488/15691 2546/15692 2489/15693
f 2485/15694 2545/15695 2486/15696
f 2545/15697 2488/15698 2487/15699
f 2491/15700 2546/15701 2490/15702
f 2493/15703 1600/15704 2494/15705
f 2490/15706 2547/15707 2492/15708
f 1600/15709 2495/15710 2494/15711
f 2499/15712 2497/15713 2498/15714
f 2548/15715 2496/15716 2495/15717
f 2496/15718 2497/15719 2562/15720
f 2501/15721 2498/15722 2500/15723
f 2561/15724 2505/15725 2507/15726
f 2500/15727 2503/15728 2501/15729
f 2502/15730 2504/15731 2500/15732
f 2505/15733 2506/15734 2504/15735
f 2560/15736 2507/15737 1599/15738
f 2514/15739 2515/15740 2516/15741
f 1599/15742 2508/15743 2560/15744
f 2509/15745 2510/15746 2508/15747
f 2511/15748 2512/15749 2509/15750
f 2511/15751 1598/15752 2513/15753
f 2516/15754 2517/15755 2518/15756
f 2557/15757 2517/15758 2519/15759
f 2521/15760 2519/15761 2522/15762
f 2554/15763 2526/15764 2527/15765
f 2522/15766 2523/15767 2521/15768
f 1597/15769 2524/15770 2523/15771
f 1597/15772 2525/15773 2524/15774
f 2525/15775 2526/15776 2555/15777
f 2553/15778 2527/15779 2528/15780
f 2553/15781 2529/15782 2552/15783
f 2874/15784 2663/15785 2671/15786
f 2530/15787 2551/15788 2531/15789
f 2530/15790 1596/15791 2532/15792
f 2530/15793 2532/15794 2551/15795
f 2532/15796 2533/15797 2550/15798
f 2535/15799 2549/15800 2534/15801
f 2536/15802 2428/15803 2429/15804
f 2570/15805 2432/15806 2434/15807
f 2571/15808 2431/15809 2432/15810
f 2569/15811 2434/15812 2436/15813
f 2827/15814 2439/15815 2441/15816
f 2568/15817 2441/15818 2443/15819
f 2832/15820 2461/15821 2462/15822
f 2831/15823 2460/15824 2461/15825
f 2833/15826 2462/15827 2464/15828
f 2834/15829 2466/15830 2467/15831
f 2835/15832 2467/15833 2469/15834
f 2839/15835 2486/15836 2487/15837
f 2841/15838 2488/15839 2489/15840
f 2840/15841 2487/15842 2488/15843
f 2842/15844 2492/15845 2493/15846
f 2843/15847 2493/15848 2494/15849
f 2844/15850 2513/15851 2514/15852
f 2558/15853 2516/15854 2518/15855
f 2845/15856 2514/15857 2516/15858
f 2556/15859 2520/15860 2521/15861
f 2846/15862 2521/15863 2523/15864
f 1623/15865 2663/15866 2572/15867
f 2576/15868 2664/15869 2871/15870
f 2572/15871 2874/15872 2573/15873
f 2573/15874 2575/15875 2574/15876
f 2575/15877 2714/15878 2664/15879
f 2714/15880 2871/15881 2664/15882
f 2581/15883 2868/15884 2713/15885
f 2577/15886 2576/15887 2578/15888
f 2580/15889 2578/15890 2579/15891
f 2579/15892 2868/15893 2580/15894
f 2581/15895 2712/15896 2582/15897
f 2713/15898 2867/15899 2581/15900
f 2585/15901 2584/15902 2583/15903
f 2582/15904 2711/15905 2583/15906
f 1619/15907 2589/15908 2590/15909
f 2585/15910 2587/15911 2586/15912
f 2587/15913 2588/15914 1619/15915
f 2593/15916 2591/15917 2592/15918
f 2594/15919 2592/15920 2705/15921
f 2665/15922 2705/15923 2704/15924
f 2592/15925 2706/15926 2705/15927
f 2597/15928 2598/15929 2599/15930
f 2665/15931 2704/15932 2595/15933
f 2595/15934 2703/15935 2596/15936
f 2599/15937 2701/15938 1617/15939
f 2600/15940 1617/15941 2700/15942
f 2701/15943 2700/15944 1617/15945
f 2602/15946 2697/15947 1615/15948
f 1616/15949 2600/15950 2601/15951
f 2602/15952 2601/15953 2603/15954
f 2604/15955 2695/15956 2694/15957
f 2697/15958 2696/15959 1615/15960
f 2696/15961 2695/15962 1615/15963
f 2605/15964 2604/15965 2694/15966
f 2607/15967 2606/15968 2605/15969
f 2694/15970 2693/15971 2605/15972
f 2609/15973 2611/15974 2612/15975
f 2607/15976 2608/15977 2666/15978
f 2608/15979 2610/15980 2609/15981
f 2614/15982 1614/15983 2613/15984
f 2687/15985 2617/15986 2688/15987
f 2614/15988 2865/15989 2616/15990
f 2865/15991 2688/15992 2616/15993
f 2620/15994 2618/15995 2619/15996
f 2620/15997 2621/15998 2622/15999
f 2618/16000 2687/16001 2619/16002
f 2622/16003 2684/16004 1612/16005
f 2623/16006 1612/16007 2683/16008
f 2684/16009 2683/16010 1612/16011
f 1622/16012 2864/16013 2626/16014
f 1611/16015 2623/16016 2624/16017
f 2625/16018 2823/16019 1622/16020
f 2823/16021 2680/16022 1622/16023
f 2629/16024 2628/16025 2627/16026
f 2864/16027 2679/16028 2626/16029
f 2628/16030 2679/16031 2627/16032
f 2679/16033 2824/16034 2627/16035
f 2668/16036 2632/16037 2633/16038
f 2629/16039 2630/16040 2667/16041
f 2630/16042 2632/16043 2631/16044
f 2634/16045 2668/16046 2633/16047
f 2637/16048 2634/16049 2636/16050
f 2637/16051 2859/16052 2669/16053
f 2640/16054 2641/16055 2642/16056
f 2636/16057 2678/16058 2859/16059
f 2859/16060 2825/16061 2669/16062
f 2669/16063 2825/16064 2638/16065
f 2638/16066 2826/16067 2639/16068
f 2642/16069 2857/16070 2643/16071
f 2648/16072 2647/16073 2855/16074
f 2857/16075 2676/16076 2643/16077
f 2643/16078 2676/16079 2644/16080
f 2646/16081 2645/16082 2647/16083
f 2648/16084 2674/16085 2649/16086
f 2855/16087 2854/16088 2648/16089
f 2650/16090 2853/16091 2852/16092
f 2674/16093 2853/16094 2649/16095
f 2653/16096 2652/16097 2651/16098
f 2650/16099 2852/16100 2651/16101
f 2655/16102 2654/16103 2673/16104
f 2653/16105 2654/16106 2670/16107
f 2659/16108 2661/16109 2662/16110
f 2673/16111 2656/16112 2655/16113
f 2657/16114 2656/16115 2658/16116
f 2659/16117 2658/16118 2660/16119
f 2663/16120 2847/16121 2671/16122
f 2661/16123 2847/16124 2662/16125
f 2765/16126 2017/16127 2764/16128
f 2616/16129 2617/16130 1613/16131
f 2573/16132 2874/16133 2873/16134
f 2575/16135 2573/16136 2872/16137
f 2576/16138 2871/16139 2870/16140
f 2579/16141 2578/16142 2869/16143
f 2578/16144 2576/16145 2870/16146
f 2710/16147 2585/16148 2583/16149
f 2709/16150 2587/16151 2585/16152
f 2708/16153 2591/16154 2590/16155
f 2707/16156 2592/16157 2591/16158
f 2596/16159 2703/16160 2702/16161
f 2598/16162 2596/16163 2866/16164
f 2600/16165 2700/16166 2699/16167
f 2603/16168 2601/16169 2698/16170
f 2601/16171 2600/16172 2699/16173
f 2692/16174 2607/16175 2605/16176
f 2691/16177 2608/16178 2607/16179
f 2690/16180 2613/16181 2612/16182
f 2689/16183 2614/16184 2613/16185
f 2619/16186 2687/16187 2686/16188
f 2621/16189 2619/16190 2685/16191
f 2623/16192 2683/16193 2682/16194
f 2624/16195 2623/16196 2682/16197
f 2625/16198 2624/16199 2681/16200
f 2862/16201 2630/16202 2629/16203
f 2863/16204 2629/16205 2627/16206
f 2861/16207 2634/16208 2633/16209
f 2860/16210 2636/16211 2634/16212
f 2639/16213 2826/16214 2858/16215
f 2641/16216 2639/16217 2677/16218
f 2644/16219 2676/16220 2856/16221
f 2645/16222 2644/16223 2856/16224
f 2647/16225 2645/16226 2675/16227
f 2850/16228 2654/16229 2653/16230
f 2672/16231 2660/16232 2658/16233
f 2848/16234 2661/16235 2660/16236
f 2849/16237 2658/16238 2656/16239
f 2851/16240 2653/16241 2651/16242
f 1869/16243 2765/16244 2112/16245
f 2764/16246 2016/16247 2763/16248
f 2016/16249 2762/16250 2763/16251
f 2761/16252 1875/16253 2760/16254
f 2715/16255 2761/16256 2762/16257
f 2760/16258 2716/16259 2759/16260
f 2716/16261 2758/16262 2759/16263
f 2757/16264 1880/16265 2756/16266
f 2015/16267 2757/16268 2758/16269
f 2756/16270 1882/16271 2755/16272
f 2755/16273 1883/16274 2152/16275
f 2147/16276 1894/16277 2754/16278
f 2014/16279 2151/16280 2152/16281
f 1888/16282 2033/16283 2150/16284
f 1885/16285 2150/16286 2151/16287
f 1889/16288 2149/16289 2034/16290
f 2717/16291 2148/16292 2149/16293
f 1893/16294 2147/16295 2148/16296
f 1896/16297 2145/16298 2146/16299
f 1894/16300 2146/16301 2754/16302
f 1889/16303 2034/16304 2033/16305
f 2145/16306 2719/16307 2144/16308
f 2144/16309 2720/16310 2143/16311
f 2720/16312 2142/16313 2143/16314
f 2753/16315 1906/16316 2141/16317
f 2013/16318 2753/16319 2142/16320
f 2141/16321 2721/16322 2140/16323
f 2721/16324 2139/16325 2140/16326
f 2138/16327 1912/16328 2137/16329
f 2722/16330 2138/16331 2139/16332
f 2137/16333 1913/16334 2752/16335
f 2752/16336 1914/16337 2136/16338
f 2131/16339 1929/16340 2130/16341
f 1915/16342 2135/16343 2136/16344
f 1919/16345 2052/16346 2134/16347
f 2723/16348 2134/16349 2135/16350
f 1923/16351 2133/16352 2053/16353
f 1925/16354 2132/16355 2133/16356
f 1928/16357 2131/16358 2132/16359
f 1930/16360 2129/16361 2130/16362
f 1922/16363 2053/16364 2052/16365
f 2129/16366 2725/16367 2128/16368
f 2128/16369 2726/16370 2127/16371
f 2726/16372 2126/16373 2127/16374
f 2125/16375 2012/16376 2124/16377
f 2727/16378 2125/16379 2126/16380
f 2124/16381 2728/16382 2123/16383
f 2728/16384 2122/16385 2123/16386
f 2121/16387 1945/16388 2120/16389
f 2729/16390 2121/16391 2122/16392
f 2120/16393 1946/16394 2751/16395
f 2751/16396 1947/16397 2750/16398
f 2117/16399 1961/16400 2080/16401
f 1949/16402 2119/16403 2071/16404
f 1948/16405 2071/16406 2750/16407
f 1951/16408 2749/16409 2119/16410
f 1953/16411 2748/16412 2749/16413
f 1954/16414 2747/16415 2748/16416
f 2010/16417 2118/16418 2747/16419
f 1960/16420 2117/16421 2118/16422
f 1963/16423 2746/16424 2116/16425
f 1961/16426 2116/16427 2080/16428
f 2746/16429 2009/16430 2745/16431
f 2745/16432 2008/16433 2744/16434
f 2008/16435 2743/16436 2744/16437
f 2115/16438 2006/16439 2114/16440
f 2007/16441 2115/16442 2743/16443
f 2114/16444 2005/16445 2742/16446
f 2005/16447 2741/16448 2742/16449
f 2113/16450 1977/16451 2740/16452
f 2004/16453 2113/16454 2741/16455
f 2740/16456 1978/16457 2739/16458
f 2739/16459 1979/16460 2738/16461
f 2731/16462 1868/16463 2112/16464
f 1981/16465 2737/16466 2738/16467
f 1984/16468 2735/16469 2736/16470
f 1983/16471 2736/16472 2737/16473
f 2002/16474 2733/16475 2734/16476
f 2822/16477 2296/16478 2821/16479
f 1991/16480 2731/16481 2732/16482
f 2001/16483 2732/16484 2733/16485
f 2003/16486 2734/16487 2735/16488
f 2154/16489 2822/16490 2766/16491
f 2821/16492 2295/16493 2820/16494
f 2295/16495 2427/16496 2820/16497
f 2819/16498 2162/16499 2818/16500
f 2294/16501 2819/16502 2427/16503
f 2818/16504 2293/16505 2426/16506
f 2293/16507 2817/16508 2426/16509
f 2425/16510 2168/16511 2424/16512
f 2767/16513 2425/16514 2817/16515
f 2424/16516 2170/16517 2423/16518
f 2423/16519 2171/16520 2422/16521
f 2816/16522 2180/16523 2416/16524
f 2172/16525 2421/16526 2308/16527
f 2768/16528 2308/16529 2422/16530
f 2173/16531 2420/16532 2421/16533
f 2770/16534 2419/16535 2420/16536
f 2771/16537 2418/16538 2419/16539
f 2772/16540 2417/16541 2418/16542
f 2179/16543 2816/16544 2417/16545
f 2182/16546 2815/16547 2415/16548
f 2180/16549 2415/16550 2416/16551
f 2815/16552 2773/16553 2414/16554
f 2414/16555 2774/16556 2413/16557
f 2774/16558 2412/16559 2413/16560
f 2814/16561 2192/16562 2411/16563
f 2775/16564 2814/16565 2412/16566
f 2411/16567 2776/16568 2813/16569
f 2776/16570 2410/16571 2813/16572
f 2409/16573 2198/16574 2408/16575
f 2777/16576 2409/16577 2410/16578
f 2408/16579 2778/16580 2812/16581
f 2812/16582 2292/16583 2407/16584
f 2402/16585 2780/16586 2401/16587
f 2200/16588 2406/16589 2407/16590
f 2203/16591 2336/16592 2405/16593
f 2202/16594 2405/16595 2406/16596
f 2779/16597 2404/16598 2337/16599
f 2290/16600 2403/16601 2404/16602
f 2208/16603 2402/16604 2403/16605
f 2401/16606 2781/16607 2400/16608
f 2779/16609 2337/16610 2336/16611
f 2400/16612 2782/16613 2399/16614
f 2399/16615 2783/16616 2398/16617
f 2783/16618 2397/16619 2398/16620
f 2396/16621 2785/16622 2395/16623
f 2784/16624 2396/16625 2397/16626
f 2395/16627 2786/16628 2394/16629
f 2786/16630 2393/16631 2394/16632
f 2392/16633 2220/16634 2391/16635
f 2787/16636 2392/16637 2393/16638
f 2391/16639 2221/16640 2811/16641
f 2811/16642 2222/16643 2810/16644
f 2390/16645 2236/16646 2389/16647
f 2224/16648 2809/16649 2352/16650
f 2224/16651 2352/16652 2810/16653
f 2226/16654 2808/16655 2809/16656
f 2228/16657 2807/16658 2808/16659
f 2230/16660 2806/16661 2807/16662
f 2232/16663 2805/16664 2806/16665
f 2235/16666 2390/16667 2805/16668
f 2238/16669 2803/16670 2804/16671
f 2236/16672 2804/16673 2389/16674
f 2803/16675 2285/16676 2802/16677
f 2802/16678 2284/16679 2801/16680
f 2284/16681 2800/16682 2801/16683
f 2388/16684 2245/16685 2799/16686
f 2283/16687 2388/16688 2800/16689
f 2799/16690 2282/16691 2798/16692
f 2282/16693 2797/16694 2798/16695
f 2796/16696 2252/16697 2795/16698
f 2281/16699 2796/16700 2797/16701
f 2795/16702 2253/16703 2794/16704
f 2794/16705 2255/16706 2793/16707
f 2386/16708 2153/16709 2766/16710
f 2257/16711 2792/16712 2793/16713
f 2261/16714 2387/16715 2791/16716
f 2259/16717 2791/16718 2792/16719
f 2267/16720 2789/16721 2790/16722
f 2874/16723 2571/16724 2873/16725
f 2272/16726 2386/16727 2788/16728
f 2270/16729 2788/16730 2789/16731
f 2265/16732 2790/16733 2387/16734
f 2430/16735 2874/16736 2671/16737
f 2873/16738 2570/16739 2872/16740
f 2570/16741 2714/16742 2872/16743
f 2871/16744 2437/16745 2870/16746
f 2569/16747 2871/16748 2714/16749
f 2870/16750 2827/16751 2869/16752
f 2827/16753 2868/16754 2869/16755
f 2713/16756 2444/16757 2867/16758
f 2568/16759 2713/16760 2868/16761
f 2867/16762 2445/16763 2712/16764
f 2712/16765 2828/16766 2711/16767
f 2706/16768 2456/16769 2705/16770
f 2829/16771 2710/16772 2711/16773
f 2449/16774 2588/16775 2709/16776
f 2567/16777 2709/16778 2710/16779
f 2452/16780 2708/16781 2589/16782
f 2453/16783 2707/16784 2708/16785
f 2565/16786 2706/16787 2707/16788
f 2458/16789 2703/16790 2704/16791
f 2456/16792 2704/16793 2705/16794
f 2830/16795 2589/16796 2588/16797
f 2703/16798 2831/16799 2702/16800
f 2702/16801 2832/16802 2866/16803
f 2832/16804 2701/16805 2866/16806
f 2700/16807 2465/16808 2699/16809
f 2833/16810 2700/16811 2701/16812
f 2699/16813 2834/16814 2698/16815
f 2834/16816 2697/16817 2698/16818
f 2696/16819 2470/16820 2695/16821
f 2835/16822 2696/16823 2697/16824
f 2695/16825 2471/16826 2694/16827
f 2694/16828 2472/16829 2693/16830
f 2865/16831 2563/16832 2688/16833
f 2836/16834 2692/16835 2693/16836
f 2564/16837 2610/16838 2691/16839
f 2474/16840 2691/16841 2692/16842
f 2478/16843 2690/16844 2611/16845
f 2480/16846 2689/16847 2690/16848
f 2483/16849 2865/16850 2689/16851
f 2688/16852 2838/16853 2687/16854
f 2478/16855 2611/16856 2610/16857
f 2687/16858 2839/16859 2686/16860
f 2686/16861 2840/16862 2685/16863
f 2840/16864 2684/16865 2685/16866
f 2683/16867 2491/16868 2682/16869
f 2841/16870 2683/16871 2684/16872
f 2682/16873 2842/16874 2681/16875
f 2842/16876 2823/16877 2681/16878
f 2680/16879 2495/16880 2864/16881
f 2843/16882 2680/16883 2823/16884
f 2864/16885 2496/16886 2679/16887
f 2679/16888 2562/16889 2824/16890
f 2678/16891 2510/16892 2859/16893
f 2499/16894 2863/16895 2824/16896
f 2503/16897 2632/16898 2862/16899
f 2501/16900 2862/16901 2863/16902
f 2506/16903 2861/16904 2633/16905
f 2561/16906 2860/16907 2861/16908
f 2508/16909 2678/16910 2860/16911
f 2512/16912 2826/16913 2825/16914
f 2510/16915 2825/16916 2859/16917
f 2506/16918 2633/16919 2632/16920
f 2826/16921 2844/16922 2858/16923
f 2858/16924 2845/16925 2677/16926
f 2845/16927 2857/16928 2677/16929
f 2676/16930 2557/16931 2856/16932
f 2558/16933 2676/16934 2857/16935
f 2856/16936 2556/16937 2675/16938
f 2556/16939 2855/16940 2675/16941
f 2854/16942 2524/16943 2674/16944
f 2846/16945 2854/16946 2855/16947
f 2674/16948 2525/16949 2853/16950
f 2853/16951 2555/16952 2852/16953
f 2847/16954 2429/16955 2671/16956
f 2554/16957 2851/16958 2852/16959
f 2552/16960 2673/16961 2850/16962
f 2553/16963 2850/16964 2851/16965
f 2550/16966 2672/16967 2849/16968
f 2882/16969 2883/16970 2885/16971
f 2549/16972 2847/16973 2848/16974
f 2534/16975 2848/16976 2672/16977
f 2551/16978 2849/16979 2673/16980
f 2936/16981 2880/16982 2941/16983
f 2942/16984 2882/16985 2880/16986
f 2942/16987 2881/16988 2882/16989
f 300/16990 2938/16991 2888/16992
f 2883/16993 2884/16994 2885/16995
f 2884/16996 2943/16997 2886/16998
f 2943/16999 2937/17000 2886/17001
f 2889/17002 2891/17003 2888/17004
f 2891/17005 2944/17006 2892/17007
f 2899/17008 2948/17009 2967/17010
f 2944/17011 2939/17012 2892/17013
f 2892/17014 2940/17015 2894/17016
f 2940/17017 2945/17018 2894/17019
f 2946/17020 2893/17021 2945/17022
f 2895/17023 2896/17024 2893/17025
f 2947/17026 2897/17027 2895/17028
f 2947/17029 2948/17030 2897/17031
f 2899/17032 2900/17033 2901/17034
f 2902/17035 2906/17036 2908/17037
f 2903/17038 2902/17039 2949/17040
f 2950/17041 2906/17042 2903/17043
f 2909/17044 2951/17045 2907/17046
f 2906/17047 2951/17048 2908/17049
f 2969/17050 2910/17051 2909/17052
f 2907/17053 2969/17054 2909/17055
f 2970/17056 2912/17057 2952/17058
f 2913/17059 2911/17060 2953/17061
f 2915/17062 2953/17063 2914/17064
f 2919/17065 2974/17066 2955/17067
f 2916/17068 2917/17069 2915/17070
f 2954/17071 2918/17072 2916/17073
f 2926/17074 2923/17075 2925/17076
f 2919/17077 2920/17078 2978/17079
f 2921/17080 2922/17081 2920/17082
f 2956/17083 2924/17084 2922/17085
f 2927/17086 2925/17087 2957/17088
f 2928/17089 2929/17090 2930/17091
f 2926/17092 2927/17093 2928/17094
f 2958/17095 2931/17096 2929/17097
f 2933/17098 2959/17099 2932/17100
f 2960/17101 3093/17102 2934/17103
f 2880/17104 3016/17105 2941/17106
f 2885/17107 2886/17108 300/17109
f 2898/17110 2899/17111 310/17112
f 2902/17113 2904/17114 2901/17115
f 2904/17116 2902/17117 2908/17118
f 2910/17119 2908/17120 2909/17121
f 2890/17122 3153/17123 2944/17124
f 3154/17125 2940/17126 2939/17127
f 2996/17128 3479/17129 3481/17130
f 2900/17131 2967/17132 3164/17133
f 3187/17134 2955/17135 3185/17136
f 3190/17137 2923/17138 2956/17139
f 3190/17140 3191/17141 2923/17142
f 2958/17143 2957/17144 3194/17145
f 3199/17146 2960/17147 2932/17148
f 2932/17149 3198/17150 3199/17151
f 2984/17152 3090/17153 3089/17154
f 2997/17155 3090/17156 2985/17157
f 2986/17158 2984/17159 2987/17160
f 2985/17161 2986/17162 2998/17163
f 2990/17164 2987/17165 2979/17166
f 2988/17167 2990/17168 2989/17169
f 3002/17170 3001/17171 3337/17172
f 3324/17173 2990/17174 2992/17175
f 2992/17176 2993/17177 2999/17178
f 2993/17179 2992/17180 2994/17181
f 2995/17182 2996/17183 3000/17184
f 2979/17185 2994/17186 2992/17187
f 3336/17188 3332/17189 3001/17190
f 3005/17191 3006/17192 3008/17193
f 3003/17194 3004/17195 3005/17196
f 3333/17197 3006/17198 3004/17199
f 3015/17200 3014/17201 3011/17202
f 3333/17203 3334/17204 3006/17205
f 3006/17206 3009/17207 3008/17208
f 3339/17209 3010/17210 3009/17211
f 3010/17212 3015/17213 3011/17214
f 3017/17215 3019/17216 3018/17217
f 3024/17218 3022/17219 3025/17220
f 3020/17221 3018/17222 3021/17223
f 3018/17224 3019/17225 3021/17226
f 3020/17227 3021/17228 3074/17229
f 3074/17230 3021/17231 3022/17232
f 3074/17233 3022/17234 3023/17235
f 3076/17236 3026/17237 3077/17238
f 3027/17239 3026/17240 3028/17241
f 3031/17242 3030/17243 3028/17244
f 3029/17245 3028/17246 3030/17247
f 2980/17248 3035/17249 3034/17250
f 3078/17251 3031/17252 3302/17253
f 3031/17254 3032/17255 3079/17256
f 3080/17257 3034/17258 3033/17259
f 3033/17260 3034/17261 3035/17262
f 3303/17263 2980/17264 3036/17265
f 3083/17266 3042/17267 3043/17268
f 3037/17269 3039/17270 3038/17271
f 3041/17272 3042/17273 3304/17274
f 3084/17275 3043/17276 3044/17277
f 3047/17278 3048/17279 3085/17280
f 3044/17281 3043/17282 284/17283
f 3044/17284 3046/17285 3045/17286
f 3087/17287 3058/17288 2983/17289
f 3085/17290 3048/17291 3049/17292
f 3051/17293 3049/17294 3052/17295
f 3052/17296 3050/17297 2982/17298
f 3052/17299 3054/17300 3053/17301
f 3054/17302 3055/17303 3086/17304
f 3056/17305 3055/17306 3057/17307
f 3057/17308 3055/17309 3058/17310
f 3062/17311 3305/17312 3061/17313
f 3087/17314 3061/17315 3060/17316
f 3065/17317 3063/17318 3062/17319
f 3042/17320 3040/17321 2981/17322
f 3065/17323 3067/17324 3066/17325
f 3066/17326 3069/17327 3068/17328
f 3070/17329 3069/17330 3071/17331
f 297/17332 3021/17333 3019/17334
f 3090/17335 3088/17336 3092/17337
f 2981/17338 3043/17339 3042/17340
f 3043/17341 2981/17342 284/17343
f 284/17344 3048/17345 3046/17346
f 2982/17347 3055/17348 3054/17349
f 2983/17350 3062/17351 3061/17352
f 3001/17353 3331/17354 3336/17355
f 3092/17356 3089/17357 3090/17358
f 3013/17359 3094/17360 3012/17361
f 3001/17362 2935/17363 3093/17364
f 3094/17365 3014/17366 3012/17367
f 3102/17368 3000/17369 2996/17370
f 3103/17371 3359/17372 3101/17373
f 3098/17374 3482/17375 3099/17376
f 3104/17377 3257/17378 3118/17379
f 3101/17380 3102/17381 3103/17382
f 3323/17383 3329/17384 3257/17385
f 3328/17386 3104/17387 3118/17388
f 3106/17389 3105/17390 3116/17391
f 3328/17392 3116/17393 3105/17394
f 3260/17395 3120/17396 3122/17397
f 3115/17398 3107/17399 3106/17400
f 3106/17401 3107/17402 3114/17403
f 3106/17404 3109/17405 3108/17406
f 3109/17407 3114/17408 3327/17409
f 3113/17410 3326/17411 3111/17412
f 3111/17413 3326/17414 3112/17415
f 3109/17416 3111/17417 3110/17418
f 3260/17419 3121/17420 3119/17421
f 3129/17422 3343/17423 3126/17424
f 3122/17425 3124/17426 3123/17427
f 3343/17428 3125/17429 3124/17430
f 3130/17431 3131/17432 3132/17433
f 3125/17434 3129/17435 3127/17436
f 3129/17437 3128/17438 3127/17439
f 3126/17440 3131/17441 3129/17442
f 3135/17443 3345/17444 3136/17445
f 3134/17446 3135/17447 3133/17448
f 2961/17449 3346/17450 2965/17451
f 3135/17452 3136/17453 3137/17454
f 3139/17455 3140/17456 3141/17457
f 3141/17458 3143/17459 3142/17460
f 3143/17461 3144/17462 3142/17463
f 3145/17464 2963/17465 3146/17466
f 3145/17467 3340/17468 3147/17469
f 2964/17470 3149/17471 3150/17472
f 3156/17473 3151/17474 3155/17475
f 3346/17476 3152/17477 2965/17478
f 3152/17479 3153/17480 2965/17481
f 3151/17482 3154/17483 3152/17484
f 3160/17485 3158/17486 3162/17487
f 2968/17488 3348/17489 3170/17490
f 3162/17491 3161/17492 3160/17493
f 3347/17494 3201/17495 3162/17496
f 3347/17497 2878/17498 3163/17499
f 2878/17500 3165/17501 3166/17502
f 3165/17503 3169/17504 3168/17505
f 3165/17506 2968/17507 3169/17508
f 3174/17509 3177/17510 3175/17511
f 3170/17512 3171/17513 3172/17514
f 3173/17515 3174/17516 3175/17517
f 3176/17518 2971/17519 3177/17520
f 3349/17521 3178/17522 3176/17523
f 2972/17524 3349/17525 3180/17526
f 3179/17527 2973/17528 3200/17529
f 2972/17530 3180/17531 3181/17532
f 3192/17533 2879/17534 2976/17535
f 3182/17536 3184/17537 2973/17538
f 3183/17539 2975/17540 3182/17541
f 3183/17542 3185/17543 2975/17544
f 3185/17545 3186/17546 3187/17547
f 3186/17548 3189/17549 3188/17550
f 3188/17551 3189/17552 3190/17553
f 3350/17554 3191/17555 3189/17556
f 3350/17557 3192/17558 3191/17559
f 3351/17560 3198/17561 3196/17562
f 2976/17563 3193/17564 3194/17565
f 3193/17566 3351/17567 3195/17568
f 3351/17569 3196/17570 3195/17571
f 3322/17572 3139/17573 2962/17574
f 3197/17575 3199/17576 3198/17577
f 3340/17578 3346/17579 3149/17580
f 3199/17581 3258/17582 3259/17583
f 3151/17584 3158/17585 3155/17586
f 3164/17587 3166/17588 3167/17589
f 3348/17590 3174/17591 3171/17592
f 3349/17593 3179/17594 3180/17595
f 3183/17596 3189/17597 3186/17598
f 3197/17599 3351/17600 3352/17601
f 3217/17602 3319/17603 3318/17604
f 3138/17605 3202/17606 3203/17607
f 2877/17608 3203/17609 3255/17610
f 3205/17611 3206/17612 3355/17613
f 3206/17614 3210/17615 3355/17616
f 3206/17617 3207/17618 3210/17619
f 3207/17620 3208/17621 3210/17622
f 3211/17623 3208/17624 3321/17625
f 3209/17626 3211/17627 3320/17628
f 3320/17629 3212/17630 3213/17631
f 3214/17632 3216/17633 3215/17634
f 3214/17635 3319/17636 3216/17637
f 3224/17638 3222/17639 3316/17640
f 3218/17641 3318/17642 3254/17643
f 3218/17644 3317/17645 3219/17646
f 3317/17647 3221/17648 3220/17649
f 3221/17650 3316/17651 3220/17652
f 3253/17653 3223/17654 3224/17655
f 3228/17656 3315/17657 3229/17658
f 3226/17659 3228/17660 3227/17661
f 3314/17662 3228/17663 3229/17664
f 3230/17665 3228/17666 3231/17667
f 3237/17668 3310/17669 3252/17670
f 3231/17671 3314/17672 3232/17673
f 3232/17674 3313/17675 3233/17676
f 3233/17677 3234/17678 2876/17679
f 2876/17680 3234/17681 3312/17682
f 3341/17683 3312/17684 3235/17685
f 3235/17686 3310/17687 3236/17688
f 3353/17689 3307/17690 3239/17691
f 3252/17692 3309/17693 3237/17694
f 3309/17695 3308/17696 3238/17697
f 3238/17698 3308/17699 3251/17700
f 3354/17701 3251/17702 3353/17703
f 3342/17704 3239/17705 3240/17706
f 3241/17707 3240/17708 3250/17709
f 3246/17710 3249/17711 3245/17712
f 3242/17713 3250/17714 3306/17715
f 3243/17716 3242/17717 3244/17718
f 3306/17719 3249/17720 3244/17721
f 3247/17722 3245/17723 3248/17724
f 3356/17725 3247/17726 3256/17727
f 3355/17728 2877/17729 3205/17730
f 3210/17731 3209/17732 3355/17733
f 3218/17734 3219/17735 3217/17736
f 3222/17737 3223/17738 3220/17739
f 3238/17740 3354/17741 3237/17742
f 3248/17743 3256/17744 3247/17745
f 3259/17746 3260/17747 3119/17748
f 3257/17749 3330/17750 3323/17751
f 3463/17752 3112/17753 3325/17754
f 3258/17755 3352/17756 3260/17757
f 3474/17758 3137/17759 3136/17760
f 3263/17761 3261/17762 3463/17763
f 3261/17764 3262/17765 3265/17766
f 3262/17767 3264/17768 3266/17769
f 3263/17770 3475/17771 3262/17772
f 3267/17773 3298/17774 3297/17775
f 3264/17776 3298/17777 3266/17778
f 3268/17779 3267/17780 3297/17781
f 3284/17782 3295/17783 3283/17784
f 3270/17785 3268/17786 3269/17787
f 3272/17788 3271/17789 3274/17790
f 3274/17791 3273/17792 3275/17793
f 3276/17794 3275/17795 3277/17796
f 3278/17797 3277/17798 3296/17799
f 3279/17800 3296/17801 3280/17802
f 3280/17803 3282/17804 3281/17805
f 3282/17806 3295/17807 3357/17808
f 3286/17809 3283/17810 3285/17811
f 3291/17812 3294/17813 3290/17814
f 3286/17815 3287/17816 3289/17817
f 3287/17818 3288/17819 3289/17820
f 3474/17821 3293/17822 3300/17823
f 3294/17824 3299/17825 3290/17826
f 3299/17827 3300/17828 3290/17829
f 3292/17830 3345/17831 3293/17832
f 3437/17833 3263/17834 3463/17835
f 2985/17836 3329/17837 2997/17838
f 3088/17839 3091/17840 3330/17841
f 3329/17842 3091/17843 2997/17844
f 2998/17845 3118/17846 2985/17847
f 2988/17848 3117/17849 2986/17850
f 3117/17851 2998/17852 2986/17853
f 3116/17854 2989/17855 3115/17856
f 2991/17857 3115/17858 2989/17859
f 3114/17860 2991/17861 3324/17862
f 3327/17863 3324/17864 2999/17865
f 3000/17866 3326/17867 2995/17868
f 3113/17869 2999/17870 2993/17871
f 3326/17872 2993/17873 2995/17874
f 3119/17875 3331/17876 3259/17877
f 3391/17878 3360/17879 3381/17880
f 3119/17881 3332/17882 3336/17883
f 3123/17884 3003/17885 3337/17886
f 3004/17887 3127/17888 3333/17889
f 3121/17890 3122/17891 3337/17892
f 3123/17893 3337/17894 3122/17895
f 3125/17896 3338/17897 3124/17898
f 3007/17899 3334/17900 3130/17901
f 3132/17902 3007/17903 3130/17904
f 3133/17905 3339/17906 3132/17907
f 3364/17908 3372/17909 3363/17910
f 3364/17911 3373/17912 3372/17913
f 3365/17914 3374/17915 3373/17916
f 3376/17917 3367/17918 3377/17919
f 3101/17920 3391/17921 3400/17922
f 3382/17923 3363/17924 3383/17925
f 3362/17926 3382/17927 3361/17928
f 3386/17929 3376/17930 3377/17931
f 3374/17932 3384/17933 3373/17934
f 3375/17935 3376/17936 3385/17937
f 3387/17938 3377/17939 3378/17940
f 3388/17941 3378/17942 3379/17943
f 3393/17944 3373/17945 3394/17946
f 3361/17947 3392/17948 3381/17949
f 3361/17950 3382/17951 3392/17952
f 3372/17953 3393/17954 3383/17955
f 3394/17956 3384/17957 3395/17958
f 3396/17959 3384/17960 3375/17961
f 3397/17962 3375/17963 3385/17964
f 3398/17965 3385/17966 3386/17967
f 3389/17968 3380/17969 3368/17970
f 3388/17971 3380/17972 3399/17973
f 3404/17974 3383/17975 3405/17976
f 3381/17977 3403/17978 3402/17979
f 3382/17980 3404/17981 3392/17982
f 3407/17983 3395/17984 3396/17985
f 3395/17986 3406/17987 3394/17988
f 3408/17989 3396/17990 3397/17991
f 3409/17992 3397/17993 3398/17994
f 3411/17995 3387/17996 3388/17997
f 3398/17998 3387/17999 3410/18000
f 3415/18001 3404/18002 3416/18003
f 3389/18004 3369/18005 3412/18006
f 3391/18007 3414/18008 3401/18009
f 3392/18010 3415/18011 3403/18012
f 3417/18013 3394/18014 3418/18015
f 3404/18016 3405/18017 3416/18018
f 3393/18019 3417/18020 3405/18021
f 3418/18022 3406/18023 3419/18024
f 3420/18025 3406/18026 3407/18027
f 3421/18028 3407/18029 3408/18030
f 3428/18031 3417/18032 3429/18033
f 3409/18034 3410/18035 3422/18036
f 3411/18037 3399/18038 3424/18039
f 3412/18040 3390/18041 3413/18042
f 3413/18043 3371/18044 3426/18045
f 3414/18046 3449/18047 3401/18048
f 3402/18049 3427/18050 3414/18051
f 3405/18052 3428/18053 3416/18054
f 3429/18055 3418/18056 3430/18057
f 3418/18058 3431/18059 3430/18060
f 3432/18061 3420/18062 3433/18063
f 3419/18064 3432/18065 3431/18066
f 3434/18067 3420/18068 3421/18069
f 3435/18070 3421/18071 3409/18072
f 3437/18073 3400/18074 3263/18075
f 3423/18076 3411/18077 3436/18078
f 3424/18079 3389/18080 3425/18081
f 3438/18082 3416/18083 3439/18084
f 3415/18085 3438/18086 3427/18087
f 3439/18088 3428/18089 3440/18090
f 3440/18091 3429/18092 3441/18093
f 3441/18094 3430/18095 3442/18096
f 3442/18097 3431/18098 3443/18099
f 3443/18100 3432/18101 3444/18102
f 3445/18103 3432/18104 3433/18105
f 3446/18106 3433/18107 3434/18108
f 3263/18109 3401/18110 3475/18111
f 3435/18112 3422/18113 3447/18114
f 3422/18115 3423/18116 3447/18117
f 3448/18118 3424/18119 3425/18120
f 3414/18121 3450/18122 3449/18123
f 3427/18124 3451/18125 3450/18126
f 3440/18127 3466/18128 3439/18129
f 3440/18130 3452/18131 3466/18132
f 3441/18133 3453/18134 3452/18135
f 3442/18136 3454/18137 3453/18138
f 3443/18139 3455/18140 3454/18141
f 3444/18142 3456/18143 3455/18144
f 3444/18145 3445/18146 3456/18147
f 3445/18148 3446/18149 3457/18150
f 3446/18151 3435/18152 3458/18153
f 3435/18154 3447/18155 3459/18156
f 3447/18157 3436/18158 3461/18159
f 3436/18160 3424/18161 3462/18162
f 3456/18163 3472/18164 3471/18165
f 3451/18166 3438/18167 3464/18168
f 3438/18169 3439/18170 3464/18171
f 3439/18172 3466/18173 3465/18174
f 3452/18175 3453/18176 3467/18177
f 3453/18178 3454/18179 3468/18180
f 3454/18181 3455/18182 3469/18183
f 3455/18184 3456/18185 3470/18186
f 3456/18187 3471/18188 3470/18189
f 3268/18190 3465/18191 3269/18192
f 3457/18193 3473/18194 3472/18195
f 3413/18196 3426/18197 3474/18198
f 3475/18199 3449/18200 3264/18201
f 3449/18202 3450/18203 3264/18204
f 3451/18205 3464/18206 3297/18207
f 3450/18208 3451/18209 3298/18210
f 3472/18211 3282/18212 3471/18213
f 3466/18214 3467/18215 3273/18216
f 3465/18217 3466/18218 3269/18219
f 3467/18220 3468/18221 3275/18222
f 3468/18223 3469/18224 3277/18225
f 3469/18226 3470/18227 3296/18228
f 3280/18229 3470/18230 3471/18231
f 3473/18232 3295/18233 3472/18234
f 3460/18235 3287/18236 3459/18237
f 3459/18238 3285/18239 3458/18240
f 3461/18241 3288/18242 3460/18243
f 3283/18244 3473/18245 3458/18246
f 3462/18247 3294/18248 3461/18249
f 3300/18250 3462/18251 3448/18252
f 3484/18253 4126/18254 4105/18255
f 4126/18256 4107/18257 4108/18258
f 4126/18259 3484/18260 4107/18261
f 4105/18262 4106/18263 3484/18264
f 3542/18265 3529/18266 3539/18267
f 3486/18268 4108/18269 3485/18270
f 4111/18271 4126/18272 4108/18273
f 3486/18274 4109/18275 4111/18276
f 4111/18277 4109/18278 4110/18279
f 3487/18280 4110/18281 4109/18282
f 4108/18283 3486/18284 4111/18285
f 4111/18286 4118/18287 3507/18288
f 3509/18289 4105/18290 4126/18291
f 4111/18292 4123/18293 4126/18294
f 4124/18295 4125/18296 4126/18297
f 4123/18298 4124/18299 4126/18300
f 4123/18301 3507/18302 4122/18303
f 4121/18304 3506/18305 3502/18306
f 4122/18307 3507/18308 3508/18309
f 3506/18310 3504/18311 3505/18312
f 3506/18313 4121/18314 3504/18315
f 3502/18316 3506/18317 3507/18318
f 4123/18319 4111/18320 3507/18321
f 4111/18322 4112/18323 4113/18324
f 4118/18325 4111/18326 4113/18327
f 4115/18328 4113/18329 4114/18330
f 4115/18331 4116/18332 4113/18333
f 4113/18334 4117/18335 4118/18336
f 4117/18337 4113/18338 4116/18339
f 4118/18340 4117/18341 3488/18342
f 3507/18343 4118/18344 4119/18345
f 3495/18346 3507/18347 4119/18348
f 3491/18349 3489/18350 3490/18351
f 4119/18352 3491/18353 3492/18354
f 3489/18355 3491/18356 4119/18357
f 4120/18358 3499/18359 3500/18360
f 3499/18361 3497/18362 3498/18363
f 4120/18364 3501/18365 3499/18366
f 3507/18367 3499/18368 3502/18369
f 3502/18370 3499/18371 3501/18372
f 3502/18373 3503/18374 4121/18375
f 3494/18376 3492/18377 3493/18378
f 3499/18379 3507/18380 3495/18381
f 3496/18382 3497/18383 3499/18384
f 3496/18385 3499/18386 3495/18387
f 3492/18388 3494/18389 3495/18390
f 3492/18391 3495/18392 4119/18393
f 3513/18394 3510/18395 3684/18396
f 3521/18397 3520/18398 3511/18399
f 3513/18400 3517/18401 3510/18402
f 3518/18403 3517/18404 3513/18405
f 3521/18406 3531/18407 3520/18408
f 3520/18409 3538/18410 3516/18411
f 3526/18412 3523/18413 3519/18414
f 3531/18415 3543/18416 3520/18417
f 3530/18418 3531/18419 3521/18420
f 3523/18421 3527/18422 3519/18423
f 3526/18424 3533/18425 3523/18426
f 3522/18427 3532/18428 3525/18429
f 3532/18430 3526/18431 3525/18432
f 3536/18433 3533/18434 3532/18435
f 3536/18436 3541/18437 3533/18438
f 3541/18439 3537/18440 3535/18441
f 3537/18442 3539/18443 3535/18444
f 3540/18445 3541/18446 3536/18447
f 3541/18448 3547/18449 3537/18450
f 3544/18451 3540/18452 3534/18453
f 3547/18454 3548/18455 3537/18456
f 3544/18457 3546/18458 3540/18459
f 3554/18460 3545/18461 3542/18462
f 3564/18463 3565/18464 3543/18465
f 3551/18466 3547/18467 3546/18468
f 3547/18469 3555/18470 3548/18471
f 3555/18472 3549/18473 3548/18474
f 3555/18475 3557/18476 3549/18477
f 3557/18478 3554/18479 3549/18480
f 3565/18481 3617/18482 3538/18483
f 3553/18484 3551/18485 3550/18486
f 3556/18487 3555/18488 3551/18489
f 3552/18490 3559/18491 3553/18492
f 3559/18493 3556/18494 3553/18495
f 3559/18496 3563/18497 3556/18498
f 3566/18499 3560/18500 3557/18501
f 3562/18502 3563/18503 3559/18504
f 3578/18505 3564/18506 3561/18507
f 3596/18508 3565/18509 3564/18510
f 3596/18511 3617/18512 3565/18513
f 3572/18514 3577/18515 3566/18516
f 3577/18517 3571/18518 3566/18519
f 3575/18520 3572/18521 3570/18522
f 3577/18523 3582/18524 3571/18525
f 3576/18526 3577/18527 3572/18528
f 3582/18529 3585/18530 3571/18531
f 3585/18532 3578/18533 3571/18534
f 3584/18535 3582/18536 3580/18537
f 3594/18538 3596/18539 3578/18540
f 3581/18541 3588/18542 3579/18543
f 3583/18544 3584/18545 3580/18546
f 3587/18547 3588/18548 3581/18549
f 3588/18550 3589/18551 3583/18552
f 3589/18553 3584/18554 3583/18555
f 3590/18556 3599/18557 3585/18558
f 3591/18559 3589/18560 3588/18561
f 3591/18562 3592/18563 3589/18564
f 3598/18565 3599/18566 3590/18567
f 3595/18568 3597/18569 3591/18570
f 3597/18571 3592/18572 3591/18573
f 3592/18574 3601/18575 3593/18576
f 3601/18577 3598/18578 3593/18579
f 3604/18580 3601/18581 3592/18582
f 3594/18583 3637/18584 3596/18585
f 3637/18586 3617/18587 3596/18588
f 3600/18589 3597/18590 3595/18591
f 3600/18592 3603/18593 3597/18594
f 3603/18595 3604/18596 3597/18597
f 3609/18598 3594/18599 3599/18600
f 3606/18601 3608/18602 3601/18603
f 3603/18604 3611/18605 3604/18606
f 3611/18607 3606/18608 3604/18609
f 3609/18610 3629/18611 3594/18612
f 3608/18613 3618/18614 3605/18615
f 3619/18616 3609/18617 3605/18618
f 3610/18619 3607/18620 3602/18621
f 3611/18622 3613/18623 3606/18624
f 3612/18625 3611/18626 3607/18627
f 3616/18628 3618/18629 3608/18630
f 4104/18631 3615/18632 3610/18633
f 3615/18634 3612/18635 3610/18636
f 3622/18637 3616/18638 3613/18639
f 3618/18640 3628/18641 3619/18642
f 3614/18643 3615/18644 4104/18645
f 3621/18646 3612/18647 3615/18648
f 3614/18649 3621/18650 3615/18651
f 3633/18652 3609/18653 3619/18654
f 3625/18655 3627/18656 3622/18657
f 3630/18658 3628/18659 3623/18660
f 3626/18661 3632/18662 3625/18663
f 3620/18664 3631/18665 3626/18666
f 3634/18667 3630/18668 3627/18669
f 3630/18670 3636/18671 3628/18672
f 3636/18673 3633/18674 3628/18675
f 3624/18676 3631/18677 3620/18678
f 3631/18679 3632/18680 3626/18681
f 3633/18682 3649/18683 3629/18684
f 3649/18685 3637/18686 3629/18687
f 3634/18688 3636/18689 3630/18690
f 3641/18691 3634/18692 3632/18693
f 3636/18694 3644/18695 3633/18696
f 3640/18697 3636/18698 3634/18699
f 3649/18700 3668/18701 3637/18702
f 3648/18703 3644/18704 3636/18705
f 3643/18706 3641/18707 3639/18708
f 3643/18709 3645/18710 3640/18711
f 3645/18712 3648/18713 3640/18714
f 3648/18715 3651/18716 3644/18717
f 3651/18718 3649/18719 3644/18720
f 3642/18721 3647/18722 3643/18723
f 3647/18724 3650/18725 3643/18726
f 3650/18727 3656/18728 3645/18729
f 3646/18730 3653/18731 3647/18732
f 3663/18733 3668/18734 3649/18735
f 3661/18736 3663/18737 3651/18738
f 3662/18739 3661/18740 3655/18741
f 3660/18742 3662/18743 3656/18744
f 3667/18745 3662/18746 3660/18747
f 3671/18748 3663/18749 3661/18750
f 3516/18751 3682/18752 3668/18753
f 3665/18754 3659/18755 3657/18756
f 3665/18757 3666/18758 3659/18759
f 3666/18760 3660/18761 3659/18762
f 3673/18763 3671/18764 3662/18765
f 3664/18766 3669/18767 3658/18768
f 3669/18769 3665/18770 3658/18771
f 3669/18772 3666/18773 3665/18774
f 3667/18775 3672/18776 3662/18777
f 3686/18778 3681/18779 3663/18780
f 3681/18781 3668/18782 3663/18783
f 3669/18784 3670/18785 3666/18786
f 3670/18787 3667/18788 3666/18789
f 3670/18790 3672/18791 3667/18792
f 3674/18793 3675/18794 3669/18795
f 3676/18796 3678/18797 3672/18798
f 3672/18799 3679/18800 3673/18801
f 3678/18802 3679/18803 3672/18804
f 3677/18805 3685/18806 3675/18807
f 3685/18808 3676/18809 3675/18810
f 3678/18811 3683/18812 3679/18813
f 3512/18814 3683/18815 3678/18816
f 3515/18817 3511/18818 3679/18819
f 3617/18820 3682/18821 3538/18822
f 3510/18823 3512/18824 3685/18825
f 3511/18826 3520/18827 3686/18828
f 3520/18829 3516/18830 3681/18831
f 3684/18832 4042/18833 3965/18834
f 3513/18835 3967/18836 3969/18837
f 3689/18838 3997/18839 3558/18840
f 3513/18841 3965/18842 3967/18843
f 3997/18844 3690/18845 3558/18846
f 3518/18847 3969/18848 3971/18849
f 3525/18850 3971/18851 3973/18852
f 3525/18853 3973/18854 3974/18855
f 3552/18856 3688/18857 3991/18858
f 4020/18859 3586/18860 4021/18861
f 4022/18862 4013/18863 3587/18864
f 4021/18865 3587/18866 4013/18867
f 3595/18868 4018/18869 4043/18870
f 4018/18871 3595/18872 4020/18873
f 3574/18874 3692/18875 4024/18876
f 3574/18877 3691/18878 3692/18879
f 4023/18880 4022/18881 3581/18882
f 4024/18883 4023/18884 3573/18885
f 3567/18886 3690/18887 3691/18888
f 3513/18889 3969/18890 3518/18891
f 3687/18892 3522/18893 3974/18894
f 3965/18895 3513/18896 3684/18897
f 3977/18898 3528/18899 3687/18900
f 3981/18901 3534/18902 4025/18903
f 3544/18904 3981/18905 3982/18906
f 4025/18907 3528/18908 3977/18909
f 3518/18910 3971/18911 3525/18912
f 3525/18913 3974/18914 3522/18915
f 3687/18916 3528/18917 3522/18918
f 4025/18919 3534/18920 3528/18921
f 3981/18922 3544/18923 3534/18924
f 3544/18925 3982/18926 3983/18927
f 3550/18928 3985/18929 3986/18930
f 3688/18931 3550/18932 3986/18933
f 3550/18934 3544/18935 3985/18936
f 3983/18937 3985/18938 3544/18939
f 3552/18940 3991/18941 3689/18942
f 3558/18943 3690/18944 3567/18945
f 3567/18946 3691/18947 3569/18948
f 3574/18949 3569/18950 3691/18951
f 3574/18952 4024/18953 3573/18954
f 3581/18955 4022/18956 3587/18957
f 3586/18958 3587/18959 4021/18960
f 3595/18961 3586/18962 4020/18963
f 3573/18964 4023/18965 3581/18966
f 3595/18967 4043/18968 3600/18969
f 3600/18970 4043/18971 4044/18972
f 4063/18973 3624/18974 4060/18975
f 3624/18976 4057/18977 4060/18978
f 4100/18979 3638/18980 4101/18981
f 4063/18982 4101/18983 3635/18984
f 3610/18985 4051/18986 4104/18987
f 4057/18988 3620/18989 4102/18990
f 3614/18991 4103/18992 4102/18993
f 4100/18994 4067/18995 3642/18996
f 4069/18997 3642/18998 4067/18999
f 4069/19000 4070/19001 3642/19002
f 3647/19003 4070/19004 4099/19005
f 4073/19006 3646/19007 4099/19008
f 4073/19009 4075/19010 3652/19011
f 3652/19012 4075/19013 4078/19014
f 4098/19015 3658/19016 4078/19017
f 4082/19018 3664/19019 4098/19020
f 3602/19021 3600/19022 4045/19023
f 3600/19024 4044/19025 4045/19026
f 3610/19027 3602/19028 4051/19029
f 3614/19030 4104/19031 4103/19032
f 3620/19033 3614/19034 4102/19035
f 3620/19036 4057/19037 3624/19038
f 3635/19039 3624/19040 4063/19041
f 3638/19042 3635/19043 4101/19044
f 4070/19045 3647/19046 3642/19047
f 4099/19048 3646/19049 3647/19050
f 3642/19051 3638/19052 4100/19053
f 3646/19054 4073/19055 3652/19056
f 3674/19057 4085/19058 4086/19059
f 4086/19060 4090/19061 3674/19062
f 3677/19063 4090/19064 4091/19065
f 3693/19066 3680/19067 4091/19068
f 3693/19069 4042/19070 3684/19071
f 3658/19072 3652/19073 4078/19074
f 3658/19075 4098/19076 3664/19077
f 3674/19078 3664/19079 4085/19080
f 4090/19081 3677/19082 3674/19083
f 3693/19084 3684/19085 3680/19086
f 3680/19087 3677/19088 4091/19089
f 3664/19090 4082/19091 4085/19092
f 3836/19093 3712/19094 3839/19095
f 3711/19096 3839/19097 3712/19098
f 3841/19099 3839/19100 3711/19101
f 3824/19102 3713/19103 3833/19104
f 3713/19105 3712/19106 3833/19107
f 3836/19108 3833/19109 3712/19110
f 4157/19111 3713/19112 3824/19113
f 3856/19114 3694/19115 4183/19116
f 3856/19117 4186/19118 3862/19119
f 4186/19120 3695/19121 3862/19122
f 4173/19123 3841/19124 3711/19125
f 3694/19126 3841/19127 4173/19128
f 4183/19129 4186/19130 3856/19131
f 4183/19132 3694/19133 4173/19134
f 3816/19135 3702/19136 3822/19137
f 4157/19138 3824/19139 3822/19140
f 3702/19141 3816/19142 4276/19143
f 4157/19144 3822/19145 3702/19146
f 3703/19147 3811/19148 3804/19149
f 3811/19150 4276/19151 3816/19152
f 3703/19153 4276/19154 3811/19155
f 3704/19156 3804/19157 3799/19158
f 3704/19159 3799/19160 3705/19161
f 3796/19162 3706/19163 3705/19164
f 3788/19165 3707/19166 3706/19167
f 3705/19168 3799/19169 3796/19170
f 3706/19171 3796/19172 3792/19173
f 3706/19174 3792/19175 3788/19176
f 3785/19177 3707/19178 3788/19179
f 3703/19180 3804/19181 3704/19182
f 4190/19183 3696/19184 3695/19185
f 3877/19186 3696/19187 4193/19188
f 3879/19189 3877/19190 4197/19191
f 3695/19192 4186/19193 4190/19194
f 4193/19195 3696/19196 4190/19197
f 3879/19198 4197/19199 4199/19200
f 4199/19201 4202/19202 3698/19203
f 4197/19204 3877/19205 4193/19206
f 4202/19207 3710/19208 3698/19209
f 4199/19210 3698/19211 3697/19212
f 3879/19213 4199/19214 3697/19215
f 3895/19216 3698/19217 3710/19218
f 3898/19219 3710/19220 4213/19221
f 3699/19222 4213/19223 4217/19224
f 3898/19225 4213/19226 3699/19227
f 3895/19228 3710/19229 3898/19230
f 3937/19231 4249/19232 3707/19233
f 4249/19234 3937/19235 3708/19236
f 3928/19237 4242/19238 3708/19239
f 3924/19240 3709/19241 4242/19242
f 3707/19243 3785/19244 3937/19245
f 3937/19246 3928/19247 3708/19248
f 4242/19249 3928/19250 3924/19251
f 3919/19252 4232/19253 3709/19254
f 3700/19255 4217/19256 4223/19257
f 3701/19258 4223/19259 4229/19260
f 4217/19261 3700/19262 3699/19263
f 3701/19264 3700/19265 4223/19266
f 4229/19267 3915/19268 3701/19269
f 4229/19270 4232/19271 3915/19272
f 3924/19273 3919/19274 3709/19275
f 4232/19276 3919/19277 3915/19278
f 4026/19279 3714/19280 3715/19281
f 4027/19282 3715/19283 3716/19284
f 3783/19285 3716/19286 3717/19287
f 4028/19288 3791/19289 3718/19290
f 3782/19291 3718/19292 3719/19293
f 4029/19294 3719/19295 3797/19296
f 4030/19297 3720/19298 3800/19299
f 4030/19300 3797/19301 3720/19302
f 4028/19303 3717/19304 3791/19305
f 3975/19306 3800/19307 3721/19308
f 4031/19309 3721/19310 3722/19311
f 4032/19312 3722/19313 3723/19314
f 3979/19315 3723/19316 3724/19317
f 4033/19318 3724/19319 3725/19320
f 4034/19321 3725/19322 3812/19323
f 4035/19324 3812/19325 3813/19326
f 4036/19327 3813/19328 3726/19329
f 3984/19330 3726/19331 3817/19332
f 3781/19333 3820/19334 3728/19335
f 3781/19336 3727/19337 3820/19338
f 4038/19339 3728/19340 3729/19341
f 4038/19342 3729/19343 3825/19344
f 4039/19345 3825/19346 3828/19347
f 3994/19348 3828/19349 3939/19350
f 3996/19351 3830/19352 3940/19353
f 3998/19354 3940/19355 3730/19356
f 3994/19357 3939/19358 3830/19359
f 3780/19360 3730/19361 3731/19362
f 3779/19363 3731/19364 3732/19365
f 4005/19366 3842/19367 3845/19368
f 4041/19369 3733/19370 3842/19371
f 3778/19372 3845/19373 3941/19374
f 4007/19375 3942/19376 3734/19377
f 3777/19378 3941/19379 3942/19380
f 4010/19381 3734/19382 3850/19383
f 4010/19384 3850/19385 3943/19386
f 3775/19387 3854/19388 3944/19389
f 3774/19390 3944/19391 3945/19392
f 3776/19393 3943/19394 3854/19395
f 4001/19396 3732/19397 3733/19398
f 4037/19399 3817/19400 3727/19401
f 4026/19402 3964/19403 3714/19404
f 4026/19405 3715/19406 4027/19407
f 4027/19408 3716/19409 3783/19410
f 3783/19411 3717/19412 3968/19413
f 3968/19414 3717/19415 4028/19416
f 3718/19417 3782/19418 4028/19419
f 3782/19420 3719/19421 4029/19422
f 4039/19423 3828/19424 4040/19425
f 3994/19426 4040/19427 3828/19428
f 3728/19429 4038/19430 3988/19431
f 3825/19432 4039/19433 4038/19434
f 3996/19435 3994/19436 3830/19437
f 4029/19438 3797/19439 4030/19440
f 3800/19441 3975/19442 4030/19443
f 3721/19444 4031/19445 3975/19446
f 3722/19447 4032/19448 4031/19449
f 3978/19450 4032/19451 3723/19452
f 3723/19453 3979/19454 3978/19455
f 3724/19456 4033/19457 3979/19458
f 3984/19459 3817/19460 4037/19461
f 3781/19462 4037/19463 3727/19464
f 4034/19465 4033/19466 3725/19467
f 4035/19468 3813/19469 4036/19470
f 4035/19471 4034/19472 3812/19473
f 3984/19474 4036/19475 3726/19476
f 3781/19477 3728/19478 3988/19479
f 4016/19480 3945/19481 3946/19482
f 3945/19483 4016/19484 3774/19485
f 3774/19486 3775/19487 3944/19488
f 3943/19489 3776/19490 4011/19491
f 3776/19492 3854/19493 3775/19494
f 3943/19495 4011/19496 4010/19497
f 4016/19498 3946/19499 3773/19500
f 3773/19501 3946/19502 3861/19503
f 4017/19504 3861/19505 3947/19506
f 4017/19507 3773/19508 3861/19509
f 3772/19510 3947/19511 3948/19512
f 3772/19513 4017/19514 3947/19515
f 3731/19516 3779/19517 3780/19518
f 3779/19519 3732/19520 4001/19521
f 3733/19522 4041/19523 4001/19524
f 3940/19525 3998/19526 3996/19527
f 3780/19528 3998/19529 3730/19530
f 4007/19531 3777/19532 3942/19533
f 4010/19534 4009/19535 3734/19536
f 4009/19537 4007/19538 3734/19539
f 4041/19540 3842/19541 4005/19542
f 4005/19543 3845/19544 3778/19545
f 3778/19546 3941/19547 3777/19548
f 3772/19549 3948/19550 3867/19551
f 3771/19552 3867/19553 3869/19554
f 4048/19555 3949/19556 3872/19557
f 3768/19558 3872/19559 3875/19560
f 3770/19561 3869/19562 3949/19563
f 3767/19564 3875/19565 3876/19566
f 3767/19567 3876/19568 3950/19569
f 4052/19570 3950/19571 3881/19572
f 3766/19573 3881/19574 3883/19575
f 3765/19576 3883/19577 3951/19578
f 3763/19579 3951/19580 3952/19581
f 3762/19582 3952/19583 3888/19584
f 3762/19585 3888/19586 3953/19587
f 3760/19588 3891/19589 3892/19590
f 3761/19591 3953/19592 3891/19593
f 3760/19594 3892/19595 3896/19596
f 4061/19597 3896/19598 3954/19599
f 3758/19600 3899/19601 3902/19602
f 3757/19603 3902/19604 3955/19605
f 3759/19606 3954/19607 3899/19608
f 3756/19609 3955/19610 3956/19611
f 3755/19612 3956/19613 3957/19614
f 3754/19615 3957/19616 3958/19617
f 3753/19618 3958/19619 3735/19620
f 3752/19621 3735/19622 3911/19623
f 3751/19624 3911/19625 3913/19626
f 3750/19627 3913/19628 3959/19629
f 3750/19630 3959/19631 3960/19632
f 3749/19633 3960/19634 3961/19635
f 3748/19636 3961/19637 3962/19638
f 3747/19639 3736/19640 3737/19641
f 3747/19642 3962/19643 3736/19644
f 4081/19645 3737/19646 3738/19647
f 4083/19648 3739/19649 3740/19650
f 4095/19651 3738/19652 3739/19653
f 4083/19654 3740/19655 3963/19656
f 3746/19657 3963/19658 3741/19659
f 4087/19660 3741/19661 3742/19662
f 4096/19663 3742/19664 3931/19665
f 4097/19666 3931/19667 3935/19668
f 3760/19669 3761/19670 3891/19671
f 4061/19672 3760/19673 3896/19674
f 3762/19675 3763/19676 3952/19677
f 3761/19678 3762/19679 3953/19680
f 3757/19681 3955/19682 3756/19683
f 3757/19684 3758/19685 3902/19686
f 3758/19687 3759/19688 3899/19689
f 4061/19690 3954/19691 3759/19692
f 4048/19693 3769/19694 3949/19695
f 3769/19696 3770/19697 3949/19698
f 3768/19699 4048/19700 3872/19701
f 3770/19702 3771/19703 3869/19704
f 3772/19705 3867/19706 3771/19707
f 3765/19708 3766/19709 3883/19710
f 3764/19711 3765/19712 3951/19713
f 3767/19714 3768/19715 3875/19716
f 4052/19717 3767/19718 3950/19719
f 3766/19720 4052/19721 3881/19722
f 3763/19723 3764/19724 3951/19725
f 3754/19726 3755/19727 3957/19728
f 3753/19729 3754/19730 3958/19731
f 3752/19732 3753/19733 3735/19734
f 3751/19735 3752/19736 3911/19737
f 3750/19738 3751/19739 3913/19740
f 3750/19741 3960/19742 3749/19743
f 3935/19744 3743/19745 3745/19746
f 3743/19747 3714/19748 3744/19749
f 3748/19750 3749/19751 3961/19752
f 3748/19753 3962/19754 4076/19755
f 3755/19756 3756/19757 3956/19758
f 3747/19759 4076/19760 3962/19761
f 4094/19762 3747/19763 3737/19764
f 4081/19765 4094/19766 3737/19767
f 4095/19768 4081/19769 3738/19770
f 4083/19771 4095/19772 3739/19773
f 3746/19774 4083/19775 3963/19776
f 4087/19777 3746/19778 3741/19779
f 4087/19780 3742/19781 4096/19782
f 4097/19783 4096/19784 3931/19785
f 3714/19786 3964/19787 3744/19788
f 3744/19789 3745/19790 3743/19791
f 3745/19792 4097/19793 3935/19794
f 3786/19795 3787/19796 3715/19797
f 3788/19798 3790/19799 3787/19800
f 3793/19801 3795/19802 3794/19803
f 3795/19804 3797/19805 3719/19806
f 3720/19807 3798/19808 3800/19809
f 3798/19810 3799/19811 3800/19812
f 3802/19813 3803/19814 3801/19815
f 3803/19816 3805/19817 3722/19818
f 3806/19819 3807/19820 3808/19821
f 3813/19822 3814/19823 3726/19824
f 3814/19825 3816/19826 3815/19827
f 3726/19828 3815/19829 3817/19830
f 3822/19831 3820/19832 3818/19833
f 3824/19834 3823/19835 3821/19836
f 3823/19837 3825/19838 3729/19839
f 3825/19840 3826/19841 3828/19842
f 3823/19843 3827/19844 3826/19845
f 3826/19846 3827/19847 3829/19848
f 3828/19849 3829/19850 3939/19851
f 3830/19852 3831/19853 3832/19854
f 3832/19855 3940/19856 3830/19857
f 3832/19858 3835/19859 3940/19860
f 3836/19861 3837/19862 3835/19863
f 3732/19864 3838/19865 3733/19866
f 3733/19867 3840/19868 3842/19869
f 3840/19870 3841/19871 3843/19872
f 3842/19873 3843/19874 3845/19875
f 3844/19876 3847/19877 3846/19878
f 3847/19879 3942/19880 3941/19881
f 3848/19882 3734/19883 3942/19884
f 3848/19885 3850/19886 3734/19887
f 3849/19888 3850/19889 3848/19890
f 3852/19891 3853/19892 3854/19893
f 3852/19894 3851/19895 3853/19896
f 3855/19897 3857/19898 3945/19899
f 3857/19900 3858/19901 3859/19902
f 3862/19903 3863/19904 3860/19905
f 3863/19906 3864/19907 3947/19908
f 3866/19909 3868/19910 3865/19911
f 3868/19912 3871/19913 3869/19914
f 3870/19915 3873/19916 3871/19917
f 3873/19918 3874/19919 3875/19920
f 3874/19921 3877/19922 3876/19923
f 3876/19924 3877/19925 3878/19926
f 3878/19927 3880/19928 3881/19929
f 3879/19930 3882/19931 3880/19932
f 3882/19933 3883/19934 3881/19935
f 3882/19936 3884/19937 3883/19938
f 3697/19939 3885/19940 3884/19941
f 3885/19942 3887/19943 3951/19944
f 3889/19945 3953/19946 3888/19947
f 3889/19948 3890/19949 3891/19950
f 3891/19951 3893/19952 3892/19953
f 3893/19954 3895/19955 3894/19956
f 3897/19957 3954/19958 3896/19959
f 3898/19960 3900/19961 3897/19962
f 3900/19963 3899/19964 3954/19965
f 3901/19966 3904/19967 3902/19968
f 3903/19969 3904/19970 3901/19971
f 3904/19972 3903/19973 3905/19974
f 3905/19975 3906/19976 3907/19977
f 3907/19978 3908/19979 3957/19980
f 3908/19981 3700/19982 3958/19983
f 3909/19984 3911/19985 3735/19986
f 3910/19987 3912/19988 3911/19989
f 3914/19990 3960/19991 3959/19992
f 3918/19993 3920/19994 3736/19995
f 3920/19996 3921/19997 3922/19998
f 3925/19999 3740/20000 3739/20001
f 3926/20002 3741/20003 3963/20004
f 3927/20005 3741/20006 3926/20007
f 3931/20008 3932/20009 3935/20010
f 3932/20011 3933/20012 3934/20013
f 3938/20014 3714/20015 3743/20016
f 3787/20017 3716/20018 3715/20019
f 3789/20020 3717/20021 3716/20022
f 3794/20023 3718/20024 3791/20025
f 3722/20026 3805/20027 3723/20028
f 3789/20029 3791/20030 3717/20031
f 3719/20032 3718/20033 3794/20034
f 3808/20035 3725/20036 3724/20037
f 3809/20038 3725/20039 3808/20040
f 3809/20041 3812/20042 3725/20043
f 3727/20044 3817/20045 3818/20046
f 3731/20047 3730/20048 3835/20049
f 3944/20050 3854/20051 3855/20052
f 3946/20053 3945/20054 3859/20055
f 3820/20056 3727/20057 3818/20058
f 3835/20059 3730/20060 3940/20061
f 3841/20062 3840/20063 3839/20064
f 3845/20065 3846/20066 3941/20067
f 3854/20068 3943/20069 3852/20070
f 3852/20071 3943/20072 3850/20073
f 3861/20074 3946/20075 3859/20076
f 3945/20077 3944/20078 3855/20079
f 3694/20080 3849/20081 3847/20082
f 3694/20083 3851/20084 3849/20085
f 3856/20086 3851/20087 3694/20088
f 3862/20089 3858/20090 3856/20091
f 3864/20092 3948/20093 3947/20094
f 3871/20095 3949/20096 3869/20097
f 3873/20098 3875/20099 3872/20100
f 3884/20101 3951/20102 3883/20103
f 3867/20104 3948/20105 3864/20106
f 3872/20107 3949/20108 3871/20109
f 3887/20110 3888/20111 3952/20112
f 3878/20113 3950/20114 3876/20115
f 3881/20116 3950/20117 3878/20118
f 3887/20119 3952/20120 3951/20121
f 3894/20122 3896/20123 3892/20124
f 3955/20125 3902/20126 3904/20127
f 3956/20128 3955/20129 3905/20130
f 3957/20131 3956/20132 3907/20133
f 3962/20134 3961/20135 3916/20136
f 3696/20137 3870/20138 3866/20139
f 3877/20140 3874/20141 3696/20142
f 3879/20143 3697/20144 3882/20145
f 3698/20146 3890/20147 3886/20148
f 3905/20149 3955/20150 3904/20151
f 3907/20152 3956/20153 3905/20154
f 3699/20155 3903/20156 3900/20157
f 3918/20158 3962/20159 3916/20160
f 3916/20161 3961/20162 3960/20163
f 3742/20164 3741/20165 3930/20166
f 3742/20167 3930/20168 3931/20169
f 3924/20170 3921/20171 3919/20172
f 3736/20173 3962/20174 3918/20175
f 3928/20176 3929/20177 3927/20178
f 3937/20179 3929/20180 3928/20181
f 4027/20182 3966/20183 4026/20184
f 3783/20185 3967/20186 4027/20187
f 3970/20188 3971/20189 3969/20190
f 3972/20191 3971/20192 3970/20193
f 4030/20194 3975/20195 3974/20196
f 4034/20197 4035/20198 3981/20199
f 4035/20200 3983/20201 3982/20202
f 3781/20203 3987/20204 4037/20205
f 3990/20206 3989/20207 3987/20208
f 4038/20209 3990/20210 3988/20211
f 3992/20212 3991/20213 3990/20214
f 3992/20215 3993/20216 3991/20217
f 4040/20218 3995/20219 3992/20220
f 3995/20221 3997/20222 3993/20223
f 3998/20224 3999/20225 3996/20226
f 3780/20227 4000/20228 3998/20229
f 3779/20230 4002/20231 3780/20232
f 4001/20233 4002/20234 3779/20235
f 4001/20236 4003/20237 4002/20238
f 4006/20239 4024/20240 3692/20241
f 4008/20242 4006/20243 3778/20244
f 4008/20245 4024/20246 4006/20247
f 4009/20248 4008/20249 4007/20250
f 4012/20251 4022/20252 4009/20253
f 4011/20254 4012/20255 4010/20256
f 3776/20257 4014/20258 4012/20259
f 3774/20260 4015/20261 4014/20262
f 4014/20263 4015/20264 4021/20265
f 4018/20266 4020/20267 4016/20268
f 4017/20269 4018/20270 3773/20271
f 3977/20272 3687/20273 3976/20274
f 3981/20275 4025/20276 3980/20277
f 3991/20278 3688/20279 3989/20280
f 4004/20281 4041/20282 4005/20283
f 4003/20284 4041/20285 4004/20286
f 4003/20287 4001/20288 4041/20289
f 4007/20290 4008/20291 3777/20292
f 3778/20293 3777/20294 4008/20295
f 4019/20296 4018/20297 4017/20298
f 3991/20299 3993/20300 3689/20301
f 3690/20302 3999/20303 4000/20304
f 4018/20305 4019/20306 4043/20307
f 4044/20308 4043/20309 4019/20310
f 3770/20311 4046/20312 3771/20313
f 3769/20314 4047/20315 3770/20316
f 4048/20317 4050/20318 4049/20319
f 4050/20320 4051/20321 4049/20322
f 3767/20323 4053/20324 4050/20325
f 4053/20326 4054/20327 4051/20328
f 3766/20329 4055/20330 4053/20331
f 3765/20332 4055/20333 3766/20334
f 4056/20335 4103/20336 4055/20337
f 3764/20338 4056/20339 3765/20340
f 3763/20341 4056/20342 3764/20343
f 4058/20344 4057/20345 4056/20346
f 3762/20347 4058/20348 3763/20349
f 3760/20350 4062/20351 4059/20352
f 3759/20353 4064/20354 4061/20355
f 4065/20356 4100/20357 4064/20358
f 3758/20359 4065/20360 3759/20361
f 3757/20362 4065/20363 3758/20364
f 3757/20365 4066/20366 4065/20367
f 4068/20368 4069/20369 4067/20370
f 3754/20371 4070/20372 4068/20373
f 4068/20374 4070/20375 4069/20376
f 3752/20377 4071/20378 3753/20379
f 4072/20380 4099/20381 4071/20382
f 4074/20383 4073/20384 4072/20385
f 3749/20386 4074/20387 3750/20388
f 4077/20389 4075/20390 4074/20391
f 3748/20392 4077/20393 3749/20394
f 4076/20395 4079/20396 4077/20397
f 4077/20398 4079/20399 4078/20400
f 4094/20401 4081/20402 4080/20403
f 4081/20404 4082/20405 4080/20406
f 4095/20407 4084/20408 4081/20409
f 4083/20410 4084/20411 4095/20412
f 4088/20413 4085/20414 4084/20415
f 3746/20416 4088/20417 4083/20418
f 4087/20419 4088/20420 3746/20421
f 4089/20422 4090/20423 4088/20424
f 4096/20425 4089/20426 4087/20427
f 4092/20428 3693/20429 4091/20430
f 3745/20431 4093/20432 4092/20433
f 4019/20434 4017/20435 3772/20436
f 4062/20437 3760/20438 4061/20439
f 3602/20440 4047/20441 4049/20442
f 4104/20443 4051/20444 4054/20445
f 3602/20446 4045/20447 4047/20448
f 4077/20449 4078/20450 4075/20451
f 4079/20452 4098/20453 4078/20454
f 4098/20455 4079/20456 4080/20457
f 4098/20458 4080/20459 4082/20460
f 3964/20461 4042/20462 4093/20463
f 4289/20464 4112/20465 4130/20466
f 4252/20467 4111/20468 4254/20469
f 4290/20470 4112/20471 4252/20472
f 4290/20473 4130/20474 4112/20475
f 4288/20476 4243/20477 4114/20478
f 4131/20479 4288/20480 4113/20481
f 4131/20482 4113/20483 4289/20484
f 4292/20485 4260/20486 4109/20487
f 4265/20488 3485/20489 4293/20490
f 3486/20491 4265/20492 4292/20493
f 4110/20494 4291/20495 4256/20496
f 4111/20497 4256/20498 4254/20499
f 4291/20500 3487/20501 4260/20502
f 4133/20503 3489/20504 4222/20505
f 4222/20506 3489/20507 4225/20508
f 4225/20509 4119/20510 4226/20511
f 4286/20512 3491/20513 4136/20514
f 4136/20515 3490/20516 4135/20517
f 4134/20518 4135/20519 3490/20520
f 4134/20521 3490/20522 4133/20523
f 4239/20524 4115/20525 4241/20526
f 4235/20527 4117/20528 4238/20529
f 4116/20530 4239/20531 4238/20532
f 4287/20533 4114/20534 4243/20535
f 4287/20536 4241/20537 4115/20538
f 3488/20539 4233/20540 4132/20541
f 4235/20542 4233/20543 4117/20544
f 4132/20545 4226/20546 4118/20547
f 4106/20548 4297/20549 4128/20550
f 4128/20551 4272/20552 4106/20553
f 4297/20554 4105/20555 4127/20556
f 4295/20557 4294/20558 4108/20559
f 3484/20560 4272/20561 4296/20562
f 4107/20563 4296/20564 4129/20565
f 4107/20566 4129/20567 4295/20568
f 4298/20569 3509/20570 4155/20571
f 4105/20572 3509/20573 4298/20574
f 4127/20575 4105/20576 4298/20577
f 4105/20578 4297/20579 4106/20580
f 3484/20581 4106/20582 4272/20583
f 4108/20584 4107/20585 4295/20586
f 3484/20587 4296/20588 4107/20589
f 4108/20590 4294/20591 3485/20592
f 4294/20593 4293/20594 3485/20595
f 3486/20596 3485/20597 4265/20598
f 4292/20599 4109/20600 3486/20601
f 3487/20602 4109/20603 4260/20604
f 4110/20605 3487/20606 4291/20607
f 4256/20608 4111/20609 4110/20610
f 4112/20611 4111/20612 4252/20613
f 4113/20614 4112/20615 4289/20616
f 4288/20617 4114/20618 4113/20619
f 4115/20620 4114/20621 4287/20622
f 4117/20623 4116/20624 4238/20625
f 3488/20626 4117/20627 4233/20628
f 4115/20629 4239/20630 4116/20631
f 4118/20632 3488/20633 4132/20634
f 3489/20635 4119/20636 4225/20637
f 4118/20638 4226/20639 4119/20640
f 3489/20641 4133/20642 3490/20643
f 3490/20644 4136/20645 3491/20646
f 4140/20647 3497/20648 4139/20649
f 4141/20650 3498/20651 4140/20652
f 4201/20653 3496/20654 4204/20655
f 4201/20656 4139/20657 3497/20658
f 4141/20659 4142/20660 3499/20661
f 3500/20662 4142/20663 4143/20664
f 4120/20665 4143/20666 4144/20667
f 4137/20668 3492/20669 4214/20670
f 3492/20671 4137/20672 4138/20673
f 4208/20674 3493/20675 4138/20676
f 4214/20677 3491/20678 4286/20679
f 4206/20680 3494/20681 4285/20682
f 4204/20683 3495/20684 4206/20685
f 4285/20686 3494/20687 4208/20688
f 4145/20689 3501/20690 4144/20691
f 3502/20692 4145/20693 4146/20694
f 3502/20695 4146/20696 4284/20697
f 3503/20698 4147/20699 4148/20700
f 3502/20701 4284/20702 4147/20703
f 4148/20704 4149/20705 4121/20706
f 4150/20707 4121/20708 4149/20709
f 4150/20710 4178/20711 3504/20712
f 3505/20713 4178/20714 4177/20715
f 4177/20716 4174/20717 3505/20718
f 4151/20719 4152/20720 3507/20721
f 3506/20722 4174/20723 4151/20724
f 4152/20725 4153/20726 3508/20727
f 3491/20728 4214/20729 3492/20730
f 3493/20731 3492/20732 4138/20733
f 3495/20734 3494/20735 4206/20736
f 3493/20737 4208/20738 3494/20739
f 3496/20740 3495/20741 4204/20742
f 3498/20743 3497/20744 4140/20745
f 3496/20746 4201/20747 3497/20748
f 3499/20749 3498/20750 4141/20751
f 4120/20752 3500/20753 4143/20754
f 3499/20755 4142/20756 3500/20757
f 3501/20758 4120/20759 4144/20760
f 3501/20761 4145/20762 3502/20763
f 3503/20764 3502/20765 4147/20766
f 4121/20767 3503/20768 4148/20769
f 3505/20770 3504/20771 4178/20772
f 4121/20773 4150/20774 3504/20775
f 3506/20776 3505/20777 4174/20778
f 3508/20779 3507/20780 4152/20781
f 3506/20782 4151/20783 3507/20784
f 4282/20785 4122/20786 4283/20787
f 4122/20788 4282/20789 4166/20790
f 4166/20791 4163/20792 4123/20793
f 4162/20794 4124/20795 4163/20796
f 4154/20797 4126/20798 4281/20799
f 4281/20800 4125/20801 4162/20802
f 4122/20803 3508/20804 4283/20805
f 4123/20806 4122/20807 4166/20808
f 4125/20809 4124/20810 4162/20811
f 4126/20812 4125/20813 4281/20814
f 4123/20815 4163/20816 4124/20817
f 4155/20818 3509/20819 4280/20820
f 3509/20821 4126/20822 4280/20823
f 4280/20824 4126/20825 4154/20826
f 4283/20827 3508/20828 4153/20829
f 4158/20830 4159/20831 4156/20832
f 4156/20833 4159/20834 4157/20835
f 4280/20836 4154/20837 4158/20838
f 4160/20839 4159/20840 4154/20841
f 4164/20842 4165/20843 4161/20844
f 4163/20845 4167/20846 4164/20847
f 4169/20848 4168/20849 4166/20850
f 4283/20851 4169/20852 4282/20853
f 4153/20854 4172/20855 4283/20856
f 4152/20857 4151/20858 4171/20859
f 4171/20860 4176/20861 4172/20862
f 4175/20863 4176/20864 4151/20865
f 4177/20866 4175/20867 4174/20868
f 4179/20869 4180/20870 4177/20871
f 4179/20872 4181/20873 4180/20874
f 4150/20875 4149/20876 4181/20877
f 4184/20878 4182/20879 4149/20880
f 4185/20881 4184/20882 4148/20883
f 4185/20884 4186/20885 4184/20886
f 4187/20887 4186/20888 4185/20889
f 4284/20890 4146/20891 4188/20892
f 4188/20893 4189/20894 4190/20895
f 4191/20896 4189/20897 4146/20898
f 4143/20899 4195/20900 4194/20901
f 4195/20902 4196/20903 4197/20904
f 4198/20905 4196/20906 4142/20907
f 4140/20908 4198/20909 4141/20910
f 4140/20911 4199/20912 4198/20913
f 4200/20914 4199/20915 4140/20916
f 4203/20917 4205/20918 4202/20919
f 4201/20920 4204/20921 4203/20922
f 4207/20923 4205/20924 4204/20925
f 4285/20926 4207/20927 4206/20928
f 4208/20929 4211/20930 4285/20931
f 4138/20932 4137/20933 4210/20934
f 4210/20935 4212/20936 4211/20937
f 4215/20938 4212/20939 4137/20940
f 4218/20941 4216/20942 4215/20943
f 4286/20944 4136/20945 4218/20946
f 4136/20947 4219/20948 4217/20949
f 4135/20950 4134/20951 4219/20952
f 4221/20953 4220/20954 4134/20955
f 4224/20956 4223/20957 4221/20958
f 4225/20959 4227/20960 4224/20961
f 4227/20962 4230/20963 4228/20964
f 4231/20965 4230/20966 4226/20967
f 4237/20968 4240/20969 4236/20970
f 4235/20971 4238/20972 4237/20973
f 4241/20974 4240/20975 4239/20976
f 4243/20977 4246/20978 4287/20979
f 4245/20980 4247/20981 4246/20982
f 4288/20983 4131/20984 4245/20985
f 4248/20986 4247/20987 4131/20988
f 4130/20989 4290/20990 4250/20991
f 4290/20992 4253/20993 4251/20994
f 4252/20995 4254/20996 4253/20997
f 4257/20998 4255/20999 4254/21000
f 4261/21001 4259/21002 4258/21003
f 4261/21004 4263/21005 4259/21006
f 4260/21007 4262/21008 4261/21009
f 4262/21010 4264/21011 4263/21012
f 4266/21013 4264/21014 4292/21015
f 4293/21016 4266/21017 4265/21018
f 4267/21019 4268/21020 4293/21021
f 4267/21022 4269/21023 4268/21024
f 4295/21025 4129/21026 4269/21027
f 4271/21028 4270/21029 4129/21030
f 4272/21031 4271/21032 4296/21033
f 4128/21034 4275/21035 4272/21036
f 4297/21037 4127/21038 4274/21039
f 4274/21040 4277/21041 4275/21042
f 4278/21043 4277/21044 4127/21045
f 4278/21046 4156/21047 4279/21048
f 4185/21049 4148/21050 4147/21051
f 4187/21052 4190/21053 4186/21054
f 4192/21055 4190/21056 4189/21057
f 4194/21058 4197/21059 4193/21060
f 4200/21061 4202/21062 4199/21063
f 4213/21064 4216/21065 4217/21066
f 4155/21067 4278/21068 4298/21069
f 4228/21070 4232/21071 4229/21072
f 4232/21073 4236/21074 3709/21075
f 4240/21076 4242/21077 3709/21078
f 4242/21079 4244/21080 3708/21081
f 4246/21082 4249/21083 3708/21084
f 4249/21085 4251/21086 3707/21087
f 4263/21088 3705/21089 3706/21090
f 4279/21091 4157/21092 3702/21093
f 3703/21094 4273/21095 4276/21096
f 3510/21097 3517/21098 3512/21099
f 3512/21100 3514/21101 3515/21102
f 3517/21103 3514/21104 3512/21105
f 3515/21106 3521/21107 3511/21108
f 3517/21109 3519/21110 3514/21111
f 3514/21112 3524/21113 3515/21114
f 3515/21115 3524/21116 3521/21117
f 3518/21118 3519/21119 3517/21120
f 3514/21121 3527/21122 3524/21123
f 3525/21124 3526/21125 3518/21126
f 3518/21127 3526/21128 3519/21129
f 3519/21130 3527/21131 3514/21132
f 3520/21133 3543/21134 3538/21135
f 3524/21136 3529/21137 3521/21138
f 3521/21139 3529/21140 3530/21141
f 3527/21142 3529/21143 3524/21144
f 3526/21145 3532/21146 3533/21147
f 3523/21148 3533/21149 3527/21150
f 3522/21151 3528/21152 3532/21153
f 3533/21154 3535/21155 3527/21156
f 3527/21157 3535/21158 3529/21159
f 3528/21160 3536/21161 3532/21162
f 3545/21163 3530/21164 3542/21165
f 3561/21166 3571/21167 3578/21168
f 3531/21169 3545/21170 3543/21171
f 3535/21172 3539/21173 3529/21174
f 3533/21175 3541/21176 3535/21177
f 3528/21178 3534/21179 3536/21180
f 3534/21181 3540/21182 3536/21183
f 3543/21184 3565/21185 3538/21186
f 3539/21187 3549/21188 3542/21189
f 3540/21190 3546/21191 3541/21192
f 3537/21193 3548/21194 3539/21195
f 3546/21196 3547/21197 3541/21198
f 3548/21199 3549/21200 3539/21201
f 3549/21202 3554/21203 3542/21204
f 3545/21205 3564/21206 3543/21207
f 3544/21208 3550/21209 3546/21210
f 3554/21211 3564/21212 3545/21213
f 3546/21214 3550/21215 3551/21216
f 3547/21217 3551/21218 3555/21219
f 3688/21220 3552/21221 3550/21222
f 3552/21223 3553/21224 3550/21225
f 3557/21226 3560/21227 3554/21228
f 3554/21229 3561/21230 3564/21231
f 3553/21232 3556/21233 3551/21234
f 3552/21235 3689/21236 3559/21237
f 3560/21238 3561/21239 3554/21240
f 3555/21241 3556/21242 3557/21243
f 3689/21244 3558/21245 3559/21246
f 3556/21247 3566/21248 3557/21249
f 3558/21250 3562/21251 3559/21252
f 3563/21253 3566/21254 3556/21255
f 3562/21256 3568/21257 3563/21258
f 3570/21259 3574/21260 3575/21261
f 3558/21262 3567/21263 3562/21264
f 3567/21265 3570/21266 3562/21267
f 3562/21268 3570/21269 3568/21270
f 3568/21271 3572/21272 3563/21273
f 3563/21274 3572/21275 3566/21276
f 3566/21277 3571/21278 3560/21279
f 3578/21280 3596/21281 3564/21282
f 3567/21283 3569/21284 3570/21285
f 3570/21286 3572/21287 3568/21288
f 3575/21289 3573/21290 3579/21291
f 3575/21292 3576/21293 3572/21294
f 3576/21295 3580/21296 3577/21297
f 3588/21298 3586/21299 3591/21300
f 3575/21301 3579/21302 3576/21303
f 3579/21304 3583/21305 3576/21306
f 3580/21307 3582/21308 3577/21309
f 3583/21310 3580/21311 3576/21312
f 3573/21313 3581/21314 3579/21315
f 3585/21316 3594/21317 3578/21318
f 3579/21319 3588/21320 3583/21321
f 3584/21322 3593/21323 3582/21324
f 3593/21325 3590/21326 3582/21327
f 3582/21328 3590/21329 3585/21330
f 3585/21331 3599/21332 3594/21333
f 3632/21334 3639/21335 3641/21336
f 3589/21337 3592/21338 3584/21339
f 3584/21340 3592/21341 3593/21342
f 3593/21343 3598/21344 3590/21345
f 3586/21346 3595/21347 3591/21348
f 3597/21349 3604/21350 3592/21351
f 3601/21352 3608/21353 3598/21354
f 3598/21355 3608/21356 3605/21357
f 3598/21358 3605/21359 3599/21360
f 3605/21361 3609/21362 3599/21363
f 3604/21364 3606/21365 3601/21366
f 3594/21367 3629/21368 3637/21369
f 3602/21370 3607/21371 3600/21372
f 3600/21373 3607/21374 3603/21375
f 3607/21376 3611/21377 3603/21378
f 3618/21379 3619/21380 3605/21381
f 3606/21382 3613/21383 3608/21384
f 3610/21385 3612/21386 3607/21387
f 3613/21388 3616/21389 3608/21390
f 3612/21391 3622/21392 3611/21393
f 3611/21394 3622/21395 3613/21396
f 3616/21397 3623/21398 3618/21399
f 3637/21400 3682/21401 3617/21402
f 3618/21403 3623/21404 3628/21405
f 3621/21406 3625/21407 3612/21408
f 3612/21409 3625/21410 3622/21411
f 3622/21412 3627/21413 3616/21414
f 3616/21415 3627/21416 3623/21417
f 3628/21418 3633/21419 3619/21420
f 3609/21421 3633/21422 3629/21423
f 3614/21424 3620/21425 3621/21426
f 3621/21427 3626/21428 3625/21429
f 3621/21430 3620/21431 3626/21432
f 3627/21433 3630/21434 3623/21435
f 3625/21436 3632/21437 3627/21438
f 3632/21439 3634/21440 3627/21441
f 3624/21442 3635/21443 3631/21444
f 3635/21445 3639/21446 3631/21447
f 3638/21448 3643/21449 3639/21450
f 3644/21451 3649/21452 3633/21453
f 3641/21454 3640/21455 3634/21456
f 3635/21457 3638/21458 3639/21459
f 3637/21460 3668/21461 3682/21462
f 3640/21463 3648/21464 3636/21465
f 3650/21466 3653/21467 3654/21468
f 3641/21469 3643/21470 3640/21471
f 3643/21472 3650/21473 3645/21474
f 3645/21475 3656/21476 3648/21477
f 3648/21478 3655/21479 3651/21480
f 3651/21481 3663/21482 3649/21483
f 3654/21484 3657/21485 3659/21486
f 3650/21487 3654/21488 3656/21489
f 3656/21490 3655/21491 3648/21492
f 3646/21493 3652/21494 3653/21495
f 3655/21496 3661/21497 3651/21498
f 3654/21499 3660/21500 3656/21501
f 3652/21502 3657/21503 3653/21504
f 3786/21505 3714/21506 3938/21507
f 3659/21508 3660/21509 3654/21510
f 3656/21511 3662/21512 3655/21513
f 3652/21514 3658/21515 3657/21516
f 3658/21517 3665/21518 3657/21519
f 3660/21520 3666/21521 3667/21522
f 3662/21523 3671/21524 3661/21525
f 3671/21526 3686/21527 3663/21528
f 3662/21529 3672/21530 3673/21531
f 3668/21532 3681/21533 3516/21534
f 3669/21535 3675/21536 3670/21537
f 3664/21538 3674/21539 3669/21540
f 3675/21541 3676/21542 3670/21543
f 3670/21544 3676/21545 3672/21546
f 3673/21547 3679/21548 3671/21549
f 3679/21550 3686/21551 3671/21552
f 3674/21553 3677/21554 3675/21555
f 3685/21556 3678/21557 3676/21558
f 3677/21559 3680/21560 3685/21561
f 3683/21562 3515/21563 3679/21564
f 3679/21565 3511/21566 3686/21567
f 3680/21568 3684/21569 3685/21570
f 3685/21571 3512/21572 3678/21573
f 3686/21574 3520/21575 3681/21576
f 3516/21577 3538/21578 3682/21579
f 3684/21580 3510/21581 3685/21582
f 3683/21583 3512/21584 3515/21585
f 3785/21586 3938/21587 3784/21588
f 3787/21589 3785/21590 3788/21591
f 3792/21592 3789/21593 3790/21594
f 3787/21595 3790/21596 3716/21597
f 3716/21598 3790/21599 3789/21600
f 3794/21601 3792/21602 3793/21603
f 3801/21604 3799/21605 3802/21606
f 3794/21607 3795/21608 3719/21609
f 3793/21610 3796/21611 3795/21612
f 3795/21613 3796/21614 3797/21615
f 3720/21616 3797/21617 3798/21618
f 3797/21619 3796/21620 3798/21621
f 3800/21622 3801/21623 3721/21624
f 3722/21625 3801/21626 3803/21627
f 3803/21628 3804/21629 3805/21630
f 3806/21631 3723/21632 3805/21633
f 3806/21634 3804/21635 3807/21636
f 3810/21637 3808/21638 3807/21639
f 3724/21640 3806/21641 3808/21642
f 3814/21643 3812/21644 3809/21645
f 3819/21646 3815/21647 3816/21648
f 3809/21649 3810/21650 3814/21651
f 3726/21652 3814/21653 3815/21654
f 3817/21655 3815/21656 3818/21657
f 3729/21658 3821/21659 3823/21660
f 3819/21661 3822/21662 3818/21663
f 3822/21664 3821/21665 3820/21666
f 3820/21667 3821/21668 3728/21669
f 3831/21670 3829/21671 3827/21672
f 3825/21673 3823/21674 3826/21675
f 3823/21676 3824/21677 3827/21678
f 3828/21679 3826/21680 3829/21681
f 3939/21682 3829/21683 3830/21684
f 3835/21685 3834/21686 3836/21687
f 3831/21688 3834/21689 3832/21690
f 3732/21691 3837/21692 3838/21693
f 3835/21694 3837/21695 3731/21696
f 3836/21697 3839/21698 3837/21699
f 3844/21700 3843/21701 3841/21702
f 3837/21703 3839/21704 3838/21705
f 3733/21706 3838/21707 3840/21708
f 3838/21709 3839/21710 3840/21711
f 3842/21712 3840/21713 3843/21714
f 3845/21715 3843/21716 3846/21717
f 3852/21718 3849/21719 3851/21720
f 3846/21721 3847/21722 3941/21723
f 3847/21724 3848/21725 3942/21726
f 3847/21727 3849/21728 3848/21729
f 3856/21730 3853/21731 3851/21732
f 3854/21733 3853/21734 3855/21735
f 3857/21736 3856/21737 3858/21738
f 3859/21739 3862/21740 3860/21741
f 3945/21742 3857/21743 3859/21744
f 3859/21745 3860/21746 3861/21747
f 3861/21748 3863/21749 3947/21750
f 3865/21751 3695/21752 3866/21753
f 3862/21754 3695/21755 3863/21756
f 3863/21757 3695/21758 3864/21759
f 3864/21760 3865/21761 3867/21762
f 3867/21763 3868/21764 3869/21765
f 3868/21766 3870/21767 3871/21768
f 3879/21769 3878/21770 3877/21771
f 3871/21772 3873/21773 3872/21774
f 3873/21775 3870/21776 3874/21777
f 3875/21778 3874/21779 3876/21780
f 3889/21781 3886/21782 3890/21783
f 3880/21784 3882/21785 3881/21786
f 3882/21787 3697/21788 3884/21789
f 3884/21790 3885/21791 3951/21792
f 3885/21793 3886/21794 3887/21795
f 3887/21796 3889/21797 3888/21798
f 3899/21799 3901/21800 3902/21801
f 3953/21802 3889/21803 3891/21804
f 3891/21805 3890/21806 3893/21807
f 3892/21808 3893/21809 3894/21810
f 3894/21811 3895/21812 3897/21813
f 3894/21814 3897/21815 3896/21816
f 3897/21817 3900/21818 3954/21819
f 3958/21820 3701/21821 3909/21822
f 3900/21823 3903/21824 3901/21825
f 3905/21826 3903/21827 3906/21828
f 3907/21829 3906/21830 3908/21831
f 3957/21832 3908/21833 3958/21834
f 3958/21835 3909/21836 3735/21837
f 3911/21838 3701/21839 3910/21840
f 3959/21841 3912/21842 3914/21843
f 3911/21844 3912/21845 3913/21846
f 3912/21847 3915/21848 3914/21849
f 3916/21850 3915/21851 3917/21852
f 3914/21853 3916/21854 3960/21855
f 3920/21856 3919/21857 3921/21858
f 3916/21859 3917/21860 3918/21861
f 3917/21862 3919/21863 3918/21864
f 3922/21865 3736/21866 3920/21867
f 3923/21868 3737/21869 3922/21870
f 3924/21871 3922/21872 3921/21873
f 3739/21874 3924/21875 3925/21876
f 3738/21877 3923/21878 3739/21879
f 3926/21880 3925/21881 3927/21882
f 3740/21883 3926/21884 3963/21885
f 3741/21886 3929/21887 3930/21888
f 3932/21889 3929/21890 3933/21891
f 3931/21892 3930/21893 3932/21894
f 3936/21895 3935/21896 3934/21897
f 3935/21898 3932/21899 3934/21900
f 3810/21901 3816/21902 3814/21903
f 3934/21904 3933/21905 3936/21906
f 3936/21907 3938/21908 3743/21909
f 3936/21910 3784/21911 3938/21912
f 3792/21913 3790/21914 3788/21915
f 3792/21916 3796/21917 3793/21918
f 3799/21919 3798/21920 3796/21921
f 3799/21922 3804/21923 3802/21924
f 3811/21925 3810/21926 3807/21927
f 3822/21928 3819/21929 3816/21930
f 3834/21931 3833/21932 3836/21933
f 3811/21934 3807/21935 3804/21936
f 3822/21937 3824/21938 3821/21939
f 3833/21940 3827/21941 3824/21942
f 3833/21943 3831/21944 3827/21945
f 3694/21946 3844/21947 3841/21948
f 3886/21949 3697/21950 3698/21951
f 3695/21952 3696/21953 3866/21954
f 3696/21955 3874/21956 3870/21957
f 3890/21958 3895/21959 3893/21960
f 3906/21961 3700/21962 3908/21963
f 3898/21964 3897/21965 3895/21966
f 3898/21967 3699/21968 3900/21969
f 3699/21970 3906/21971 3903/21972
f 3784/21973 3937/21974 3785/21975
f 3701/21976 3915/21977 3910/21978
f 3915/21979 3919/21980 3917/21981
f 3924/21982 3928/21983 3925/21984
f 3927/21985 3925/21986 3928/21987
f 3967/21988 3968/21989 3970/21990
f 3937/21991 3936/21992 3933/21993
f 3937/21994 3933/21995 3929/21996
f 3964/21997 3965/21998 4042/21999
f 3964/22000 4026/22001 3966/22002
f 3964/22003 3966/22004 3965/22005
f 3966/22006 3967/22007 3965/22008
f 4027/22009 3967/22010 3966/22011
f 4028/22012 3972/22013 3970/22014
f 3967/22015 3970/22016 3969/22017
f 3968/22018 4028/22019 3970/22020
f 3972/22021 4029/22022 3973/22023
f 3972/22024 3973/22025 3971/22026
f 3974/22027 4029/22028 4030/22029
f 3976/22030 4032/22031 3977/22032
f 3974/22033 3975/22034 3687/22035
f 3975/22036 3976/22037 3687/22038
f 4031/22039 3976/22040 3975/22041
f 3977/22042 3978/22043 3980/22044
f 3981/22045 3979/22046 4033/22047
f 3980/22048 4025/22049 3977/22050
f 3978/22051 3979/22052 3980/22053
f 3985/22054 4036/22055 3984/22056
f 4033/22057 4034/22058 3981/22059
f 3981/22060 4035/22061 3982/22062
f 4035/22063 4036/22064 3983/22065
f 3985/22066 4037/22067 3987/22068
f 3781/22069 3990/22070 3987/22071
f 3985/22072 3987/22073 3986/22074
f 3987/22075 3989/22076 3986/22077
f 3995/22078 3996/22079 3999/22080
f 3990/22081 3991/22082 3989/22083
f 4038/22084 3992/22085 3990/22086
f 4038/22087 4039/22088 3992/22089
f 4039/22090 4040/22091 3992/22092
f 3992/22093 3995/22094 3993/22095
f 4040/22096 3994/22097 3995/22098
f 3692/22099 4003/22100 4004/22101
f 3995/22102 3999/22103 3997/22104
f 3998/22105 4000/22106 3999/22107
f 3780/22108 4002/22109 4000/22110
f 4002/22111 3691/22112 4000/22113
f 4002/22114 4003/22115 3691/22116
f 4023/22117 4009/22118 4022/22119
f 4004/22120 4005/22121 4006/22122
f 4004/22123 4006/22124 3692/22125
f 4005/22126 3778/22127 4006/22128
f 4008/22129 4023/22130 4024/22131
f 4013/22132 4014/22133 4021/22134
f 4010/22135 4012/22136 4009/22137
f 4012/22138 4013/22139 4022/22140
f 4011/22141 3776/22142 4012/22143
f 4044/22144 3771/22145 4046/22146
f 3776/22147 3775/22148 4014/22149
f 3775/22150 3774/22151 4014/22152
f 3774/22153 4016/22154 4015/22155
f 4015/22156 4016/22157 4020/22158
f 3773/22159 4018/22160 4016/22161
f 3688/22162 3986/22163 3989/22164
f 3997/22165 3689/22166 3993/22167
f 3690/22168 3997/22169 3999/22170
f 3691/22171 3690/22172 4000/22173
f 4020/22174 4021/22175 4015/22176
f 3772/22177 4044/22178 4019/22179
f 4058/22180 3761/22181 4059/22182
f 4046/22183 4045/22184 4044/22185
f 4046/22186 4047/22187 4045/22188
f 3770/22189 4047/22190 4046/22191
f 3769/22192 4049/22193 4047/22194
f 3769/22195 4048/22196 4049/22197
f 4048/22198 3768/22199 4050/22200
f 3768/22201 3767/22202 4050/22203
f 4050/22204 4053/22205 4051/22206
f 3767/22207 4052/22208 4053/22209
f 4052/22210 3766/22211 4053/22212
f 4053/22213 4055/22214 4054/22215
f 4055/22216 4103/22217 4054/22218
f 3765/22219 4056/22220 4055/22221
f 4056/22222 4102/22223 4103/22224
f 4056/22225 4057/22226 4102/22227
f 3763/22228 4058/22229 4056/22230
f 4063/22231 4059/22232 4062/22233
f 4059/22234 4060/22235 4058/22236
f 3761/22237 3760/22238 4059/22239
f 4062/22240 4101/22241 4063/22242
f 4061/22243 4064/22244 4062/22245
f 4070/22246 3753/22247 4071/22248
f 4064/22249 4100/22250 4101/22251
f 3759/22252 4065/22253 4064/22254
f 4065/22255 4067/22256 4100/22257
f 4065/22258 4066/22259 4067/22260
f 4066/22261 3756/22262 4068/22263
f 4066/22264 4068/22265 4067/22266
f 3756/22267 3755/22268 4068/22269
f 3755/22270 3754/22271 4068/22272
f 3752/22273 4072/22274 4071/22275
f 4071/22276 4099/22277 4070/22278
f 4072/22279 3750/22280 4074/22281
f 4072/22282 4073/22283 4099/22284
f 4080/22285 3747/22286 4094/22287
f 4074/22288 4075/22289 4073/22290
f 3749/22291 4077/22292 4074/22293
f 3748/22294 4076/22295 4077/22296
f 4076/22297 3747/22298 4079/22299
f 4092/22300 4096/22301 4097/22302
f 4081/22303 4084/22304 4082/22305
f 4084/22306 4085/22307 4082/22308
f 4083/22309 4088/22310 4084/22311
f 4088/22312 4086/22313 4085/22314
f 4088/22315 4090/22316 4086/22317
f 4087/22318 4089/22319 4088/22320
f 4091/22321 4089/22322 4092/22323
f 4156/22324 4280/22325 4158/22326
f 4097/22327 3745/22328 4092/22329
f 4092/22330 4093/22331 3693/22332
f 3745/22333 3744/22334 4093/22335
f 3744/22336 3964/22337 4093/22338
f 3757/22339 3756/22340 4066/22341
f 4051/22342 3602/22343 4049/22344
f 4103/22345 4104/22346 4054/22347
f 4060/22348 4057/22349 4058/22350
f 4042/22351 3693/22352 4093/22353
f 4281/22354 4161/22355 4160/22356
f 4158/22357 4154/22358 4159/22359
f 4281/22360 4160/22361 4154/22362
f 4160/22363 4161/22364 4159/22365
f 4165/22366 4167/22367 4168/22368
f 4162/22369 4164/22370 4161/22371
f 4162/22372 4163/22373 4164/22374
f 4172/22375 4152/22376 4171/22377
f 4163/22378 4166/22379 4167/22380
f 4167/22381 4166/22382 4168/22383
f 4282/22384 4169/22385 4166/22386
f 4283/22387 4170/22388 4169/22389
f 4283/22390 4172/22391 4170/22392
f 4175/22393 4180/22394 4176/22395
f 4171/22396 4151/22397 4176/22398
f 4174/22399 4175/22400 4151/22401
f 4181/22402 4178/22403 4150/22404
f 4178/22405 4179/22406 4177/22407
f 4187/22408 4284/22409 4188/22410
f 4181/22411 4149/22412 4182/22413
f 4148/22414 4184/22415 4149/22416
f 4184/22417 4186/22418 4182/22419
f 4185/22420 4147/22421 4187/22422
f 4145/22423 4192/22424 4191/22425
f 4187/22426 4188/22427 4190/22428
f 4188/22429 4146/22430 4189/22431
f 4145/22432 4191/22433 4146/22434
f 4191/22435 4192/22436 4189/22437
f 4200/22438 4201/22439 4203/22440
f 4144/22441 4194/22442 4192/22443
f 4144/22444 4143/22445 4194/22446
f 4194/22447 4195/22448 4197/22449
f 4143/22450 4142/22451 4195/22452
f 4195/22453 4142/22454 4196/22455
f 4141/22456 4198/22457 4142/22458
f 4198/22459 4199/22460 4196/22461
f 4139/22462 4200/22463 4140/22464
f 4211/22465 4138/22466 4210/22467
f 4200/22468 4203/22469 4202/22470
f 4203/22471 4204/22472 4205/22473
f 4206/22474 4207/22475 4204/22476
f 4285/22477 4209/22478 4207/22479
f 4285/22480 4211/22481 4209/22482
f 4214/22483 4218/22484 4215/22485
f 4210/22486 4137/22487 4212/22488
f 4214/22489 4215/22490 4137/22491
f 4215/22492 4216/22493 4212/22494
f 4221/22495 4222/22496 4224/22497
f 4218/22498 4217/22499 4216/22500
f 4218/22501 4136/22502 4217/22503
f 4136/22504 4135/22505 4219/22506
f 4219/22507 4134/22508 4220/22509
f 4133/22510 4221/22511 4134/22512
f 4221/22513 4223/22514 4220/22515
f 4132/22516 4234/22517 4231/22518
f 4224/22519 4228/22520 4223/22521
f 4222/22522 4225/22523 4224/22524
f 4224/22525 4227/22526 4228/22527
f 4225/22528 4226/22529 4227/22530
f 4227/22531 4226/22532 4230/22533
f 4132/22534 4231/22535 4226/22536
f 4231/22537 4232/22538 4230/22539
f 4232/22540 4234/22541 4236/22542
f 4234/22543 4235/22544 4237/22545
f 4242/22546 4287/22547 4244/22548
f 4234/22549 4237/22550 4236/22551
f 4237/22552 4238/22553 4240/22554
f 4238/22555 4239/22556 4240/22557
f 4241/22558 4242/22559 4240/22560
f 4246/22561 4288/22562 4245/22563
f 4287/22564 4246/22565 4244/22566
f 4289/22567 4250/22568 4248/22569
f 4245/22570 4131/22571 4247/22572
f 4289/22573 4248/22574 4131/22575
f 4248/22576 4249/22577 4247/22578
f 4249/22579 4250/22580 4251/22581
f 4256/22582 4258/22583 4257/22584
f 4250/22585 4290/22586 4251/22587
f 4290/22588 4252/22589 4253/22590
f 4253/22591 4254/22592 4255/22593
f 4256/22594 4257/22595 4254/22596
f 4257/22597 4258/22598 4255/22599
f 4267/22600 4295/22601 4269/22602
f 4291/22603 4261/22604 4258/22605
f 4291/22606 4260/22607 4261/22608
f 4261/22609 4262/22610 4263/22611
f 4260/22612 4292/22613 4262/22614
f 4262/22615 4292/22616 4264/22617
f 4265/22618 4266/22619 4292/22620
f 4293/22621 4268/22622 4266/22623
f 4294/22624 4267/22625 4293/22626
f 3703/22627 4272/22628 4273/22629
f 4269/22630 4129/22631 4270/22632
f 4296/22633 4271/22634 4129/22635
f 4271/22636 3703/22637 4270/22638
f 4275/22639 4297/22640 4274/22641
f 4272/22642 4275/22643 4273/22644
f 4165/22645 3713/22646 4161/22647
f 4274/22648 4127/22649 4277/22650
f 4298/22651 4278/22652 4127/22653
f 4278/22654 4279/22655 4277/22656
f 4278/22657 4155/22658 4156/22659
f 4279/22660 4156/22661 4157/22662
f 4157/22663 4159/22664 3713/22665
f 3711/22666 4168/22667 4169/22668
f 3713/22669 4159/22670 4161/22671
f 3711/22672 4172/22673 4173/22674
f 4180/22675 4173/22676 4176/22677
f 3711/22678 4169/22679 4170/22680
f 4165/22681 4168/22682 3712/22683
f 4207/22684 4202/22685 4205/22686
f 4180/22687 4181/22688 4183/22689
f 4181/22690 4182/22691 4183/22692
f 4183/22693 4182/22694 4186/22695
f 4172/22696 4176/22697 4173/22698
f 4192/22699 4193/22700 4190/22701
f 4193/22702 4192/22703 4194/22704
f 4197/22705 4196/22706 4199/22707
f 3710/22708 4211/22709 4213/22710
f 3710/22711 4207/22712 4209/22713
f 4217/22714 4220/22715 4223/22716
f 4211/22717 4212/22718 4213/22719
f 4213/22720 4212/22721 4216/22722
f 3707/22723 4255/22724 3706/22725
f 4229/22726 4223/22727 4228/22728
f 4228/22729 4230/22730 4232/22731
f 4236/22732 4240/22733 3709/22734
f 4246/22735 4247/22736 4249/22737
f 4251/22738 4253/22739 3707/22740
f 4244/22741 4246/22742 3708/22743
f 3706/22744 4255/22745 4258/22746
f 4268/22747 3705/22748 4266/22749
f 3706/22750 4258/22751 4259/22752
f 4259/22753 4263/22754 3706/22755
f 4263/22756 4264/22757 3705/22758
f 3703/22759 4269/22760 4270/22761
f 3705/22762 4264/22763 4266/22764
f 4268/22765 4269/22766 3704/22767
f 3702/22768 4275/22769 4277/22770
f 4273/22771 4275/22772 4276/22773
f 3702/22774 4277/22775 4279/22776
f 13/22777 72/22778 73/22779
f 78/22780 77/22781 10/22782
f 81/22783 80/22784 12/22785
f 12/22786 84/22787 85/22788
f 84/22789 30/22790 86/22791
f 32/22792 91/22793 92/22794
f 119/22795 118/22796 120/22797
f 136/22798 139/22799 138/22800
f 139/22801 141/22802 142/22803
f 4/22804 144/22805 145/22806
f 144/22807 146/22808 153/22809
f 210/22810 177/22811 227/22812
f 180/22813 181/22814 255/22815
f 176/22816 182/22817 183/22818
f 206/22819 205/22820 203/22821
f 212/22822 214/22823 211/22824
f 216/22825 214/22826 212/22827
f 218/22828 216/22829 215/22830
f 219/22831 218/22832 217/22833
f 261/22834 167/22835 223/22836
f 262/22837 261/22838 224/22839
f 165/22840 231/22841 230/22842
f 234/22843 165/22844 232/22845
f 164/22846 237/22847 239/22848
f 163/22849 240/22850 239/22851
f 161/22852 162/22853 242/22854
f 245/22855 244/22856 246/22857
f 250/22858 248/22859 249/22860
f 266/22861 250/22862 155/22863
f 177/22864 180/22865 179/22866
f 342/22867 345/22868 346/22869
f 366/22870 369/22871 2/22872
f 416/22873 516/22874 417/22875
f 418/22876 417/22877 1706/22878
f 423/22879 421/22880 1705/22881
f 424/22882 427/22883 428/22884
f 431/22885 430/22886 518/22887
f 431/22888 519/22889 1704/22890
f 435/22891 433/22892 521/22893
f 1517/22894 439/22895 525/22896
f 442/22897 441/22898 440/22899
f 1514/22900 447/22901 446/22902
f 527/22903 528/22904 450/22905
f 454/22906 453/22907 1699/22908
f 459/22909 457/22910 1696/22911
f 460/22912 459/22913 1695/22914
f 466/22915 1512/22916 464/22917
f 467/22918 1691/22919 468/22920
f 469/22921 468/22922 470/22923
f 474/22924 471/22925 470/22926
f 476/22927 1690/22928 1689/22929
f 477/22930 1689/22931 1688/22932
f 488/22933 529/22934 490/22935
f 490/22936 530/22937 492/22938
f 539/22939 495/22940 494/22941
f 1680/22942 497/22943 498/22944
f 498/22945 497/22946 1679/22947
f 501/22948 1678/22949 532/22950
f 507/22951 506/22952 505/22953
f 512/22954 511/22955 535/22956
f 514/22957 512/22958 536/22959
f 513/22960 537/22961 515/22962
f 414/22963 515/22964 537/22965
f 545/22966 543/22967 658/22968
f 1746/22969 545/22970 544/22971
f 1747/22972 1746/22973 546/22974
f 1748/22975 1747/22976 547/22977
f 1749/22978 1748/22979 548/22980
f 1750/22981 1749/22982 549/22983
f 551/22984 552/22985 553/22986
f 555/22987 553/22988 556/22989
f 560/22990 559/22991 1752/22992
f 564/22993 1755/22994 1754/22995
f 565/22996 1756/22997 1755/22998
f 676/22999 572/23000 571/23001
f 1759/23002 1758/23003 573/23004
f 580/23005 578/23006 579/23007
f 660/23008 580/23009 581/23010
f 662/23011 661/23012 583/23013
f 585/23014 1762/23015 662/23016
f 1763/23017 1762/23018 585/23019
f 593/23020 592/23021 590/23022
f 594/23023 595/23024 1764/23025
f 1765/23026 596/23027 597/23028
f 606/23029 607/23030 605/23031
f 613/23032 611/23033 612/23034
f 617/23035 1767/23036 673/23037
f 1589/23038 618/23039 616/23040
f 620/23041 621/23042 1588/23043
f 664/23044 622/23045 1588/23046
f 625/23047 626/23048 624/23049
f 665/23050 627/23051 628/23052
f 631/23053 630/23054 629/23055
f 636/23056 633/23057 634/23058
f 1769/23059 636/23060 635/23061
f 643/23062 668/23063 642/23064
f 646/23065 647/23066 1771/23067
f 655/23068 1773/23069 654/23070
f 656/23071 1774/23072 1773/23073
f 669/23074 1774/23075 656/23076
f 683/23077 802/23078 803/23079
f 685/23080 683/23081 682/23082
f 1810/23083 685/23084 684/23085
f 687/23086 1810/23087 686/23088
f 692/23089 1813/23090 690/23091
f 804/23092 692/23093 691/23094
f 695/23095 1817/23096 1816/23097
f 701/23098 699/23099 702/23100
f 704/23101 705/23102 703/23103
f 707/23104 706/23105 708/23106
f 709/23107 711/23108 1819/23109
f 714/23110 1809/23111 713/23112
f 716/23113 714/23114 715/23115
f 718/23116 719/23117 716/23118
f 724/23119 1820/23120 721/23121
f 1821/23122 724/23123 722/23124
f 729/23125 807/23126 806/23127
f 735/23128 734/23129 808/23130
f 739/23131 736/23132 737/23133
f 739/23134 738/23135 1543/23136
f 747/23137 744/23138 745/23139
f 809/23140 747/23141 746/23142
f 749/23143 810/23144 748/23145
f 1823/23146 752/23147 753/23148
f 1823/23149 754/23150 756/23151
f 758/23152 759/23153 811/23154
f 760/23155 1824/23156 759/23157
f 766/23158 1825/23159 765/23160
f 767/23161 768/23162 1825/23163
f 770/23164 769/23165 771/23166
f 1553/23167 773/23168 772/23169
f 779/23170 775/23171 777/23172
f 1826/23173 779/23174 778/23175
f 782/23176 781/23177 780/23178
f 1830/23179 1829/23180 783/23181
f 1831/23182 1830/23183 784/23184
f 786/23185 1831/23186 785/23187
f 793/23188 789/23189 790/23190
f 794/23191 792/23192 796/23193
f 799/23194 800/23195 798/23196
f 814/23197 800/23198 799/23199
f 828/23200 922/23201 1864/23202
f 832/23203 923/23204 924/23205
f 924/23206 1862/23207 834/23208
f 837/23209 835/23210 925/23211
f 1608/23212 837/23213 1861/23214
f 839/23215 929/23216 840/23217
f 843/23218 841/23219 930/23220
f 930/23221 931/23222 845/23223
f 933/23224 848/23225 849/23226
f 848/23227 934/23228 851/23229
f 863/23230 861/23231 860/23232
f 865/23233 862/23234 1860/23235
f 867/23236 1858/23237 869/23238
f 1856/23239 1855/23240 871/23241
f 871/23242 1855/23243 1854/23244
f 872/23245 1854/23246 873/23247
f 877/23248 876/23249 1853/23250
f 1850/23251 1848/23252 883/23253
f 946/23254 885/23255 886/23256
f 894/23257 892/23258 1847/23259
f 1845/23260 1844/23261 896/23262
f 900/23263 1843/23264 901/23265
f 1842/23266 1840/23267 903/23268
f 907/23269 1838/23270 1837/23271
f 1837/23272 1836/23273 909/23274
f 910/23275 909/23276 1836/23277
f 913/23278 912/23279 911/23280
f 942/23281 943/23282 915/23283
f 915/23284 943/23285 944/23286
f 824/23287 919/23288 1833/23289
f 952/23290 1624/23291 951/23292
f 962/23293 959/23294 961/23295
f 1630/23296 1629/23297 964/23298
f 980/23299 978/23300 979/23301
f 1637/23302 1636/23303 985/23304
f 990/23305 1638/23306 1071/23307
f 991/23308 992/23309 1638/23310
f 1639/23311 994/23312 995/23313
f 998/23314 1072/23315 997/23316
f 999/23317 1000/23318 1072/23319
f 1005/23320 1006/23321 1004/23322
f 1009/23323 1073/23324 1008/23325
f 1016/23326 1075/23327 1015/23328
f 1021/23329 1022/23330 1077/23331
f 1023/23332 1024/23333 1022/23334
f 1030/23335 1031/23336 1029/23337
f 1032/23338 1642/23339 1031/23340
f 1078/23341 1033/23342 1034/23343
f 1079/23344 1036/23345 1034/23346
f 1080/23347 1039/23348 1040/23349
f 1042/23350 1080/23351 1041/23352
f 1047/23353 1489/23354 1049/23355
f 1050/23356 1082/23357 1049/23358
f 1054/23359 1644/23360 1052/23361
f 1055/23362 1056/23363 1054/23364
f 1059/23365 1057/23366 1061/23367
f 1063/23368 1645/23369 1062/23370
f 1064/23371 1065/23372 1645/23373
f 1065/23374 1064/23375 1083/23376
f 1096/23377 1099/23378 1100/23379
f 1106/23380 1104/23381 1103/23382
f 1106/23383 1208/23384 1209/23385
f 1107/23386 1209/23387 1109/23388
f 1110/23389 1109/23390 1210/23391
f 1120/23392 1119/23393 1118/23394
f 1219/23395 1220/23396 1124/23397
f 1126/23398 1125/23399 1221/23400
f 1127/23401 1126/23402 1222/23403
f 1129/23404 1127/23405 1223/23406
f 1224/23407 1225/23408 1131/23409
f 1136/23410 1133/23411 1132/23412
f 1138/23413 1136/23414 1135/23415
f 1671/23416 1670/23417 1143/23418
f 1146/23419 1143/23420 1670/23421
f 1147/23422 1146/23423 1145/23424
f 1153/23425 1666/23426 1665/23427
f 1160/23428 1157/23429 1662/23430
f 1161/23431 1662/23432 1661/23433
f 1167/23434 1165/23435 1164/23436
f 1168/23437 1660/23438 1658/23439
f 1172/23440 1654/23441 1173/23442
f 1174/23443 1173/23444 1653/23445
f 1179/23446 1652/23447 1180/23448
f 1651/23449 1182/23450 1183/23451
f 1186/23452 1184/23453 1649/23454
f 1190/23455 1189/23456 1227/23457
f 1194/23458 1193/23459 1192/23460
f 1228/23461 1229/23462 1198/23463
f 1201/23464 1199/23465 1646/23466
f 1202/23467 1232/23468 1204/23469
f 1234/23470 1152/23471 1153/23472
f 1240/23473 1238/23474 1343/23475
f 1250/23476 1807/23477 1251/23478
f 1257/23479 1256/23480 1258/23481
f 1275/23482 1274/23483 1273/23484
f 1285/23485 1284/23486 1286/23487
f 1294/23488 1293/23489 1793/23490
f 1295/23491 1294/23492 1792/23493
f 1789/23494 1298/23495 1297/23496
f 1300/23497 1299/23498 1355/23499
f 1786/23500 1785/23501 1303/23502
f 1308/23503 1305/23504 1304/23505
f 1312/23506 1311/23507 1782/23508
f 1320/23509 1319/23510 1779/23511
f 1321/23512 1320/23513 1778/23514
f 1328/23515 1326/23516 1325/23517
f 1328/23518 1327/23519 1329/23520
f 1464/23521 1465/23522 1376/23523
f 1376/23524 1465/23525 1377/23526
f 1386/23527 1385/23528 1387/23529
f 1395/23530 1397/23531 1399/23532
f 1403/23533 1471/23534 1405/23535
f 1412/23536 1411/23537 1413/23538
f 69/23539 70/23540 82/23541
f 1417/23542 1416/23543 1732/23544
f 1419/23545 1478/23546 1479/23547
f 1480/23548 1731/23549 1420/23550
f 1423/23551 1422/23552 1482/23553
f 1425/23554 1424/23555 1483/23556
f 1425/23557 1484/23558 1427/23559
f 1429/23560 1428/23561 1728/23562
f 1435/23563 1433/23564 1674/23565
f 1435/23566 1485/23567 1436/23568
f 1438/23569 1725/23570 1724/23571
f 1441/23572 1439/23573 1723/23574
f 1721/23575 1720/23576 1443/23577
f 1447/23578 1446/23579 1448/23580
f 1452/23581 1451/23582 1453/23583
f 1459/23584 1456/23585 1457/23586
f 1460/23587 1458/23588 1712/23589
f 1365/23590 1462/23591 1709/23592
f 1367/23593 1461/23594 1462/23595
f 1887/23596 1994/23597 1489/23598
f 1905/23599 1028/23600 1492/23601
f 1909/23602 1492/23603 1020/23604
f 1498/23605 1989/23606 1092/23607
f 500/23608 503/23609 1536/23610
f 1531/23611 485/23612 489/23613
f 478/23614 2047/23615 2049/23616
f 1511/23617 472/23618 2054/23619
f 1512/23620 466/23621 2057/23622
f 1516/23623 2108/23624 2109/23625
f 447/23626 2107/23627 2077/23628
f 2069/23629 1513/23630 542/23631
f 432/23632 434/23633 2086/23634
f 425/23635 428/23636 2093/23637
f 1520/23638 2097/23639 2099/23640
f 1522/23641 2102/23642 2111/23643
f 820/23644 702/23645 1558/23646
f 1150/23647 1152/23648 1576/23649
f 2349/23650 1134/23651 1140/23652
f 1568/23653 1113/23654 1116/23655
f 1111/23656 2369/23657 2370/23658
f 1204/23659 1567/23660 2381/23661
f 2440/23662 671/23663 672/23664
f 2442/23665 672/23666 1584/23667
f 1584/23668 640/23669 2537/23670
f 2539/23671 631/23672 1586/23673
f 2543/23674 610/23675 1590/23676
f 2544/23677 1590/23678 1591/23679
f 553/23680 552/23681 2528/23682
f 2509/23683 570/23684 677/23685
f 2666/23686 882/23687 883/23688
f 947/23689 2620/23690 1612/23691
f 1604/23692 857/23693 2667/23694
f 1206/23695 949/23696 950/23697
f 1096/23698 1207/23699 950/23700
f 1098/23701 1096/23702 1624/23703
f 1099/23704 1098/23705 1625/23706
f 1101/23707 1099/23708 952/23709
f 1104/23710 1101/23711 1069/23712
f 1103/23713 1104/23714 954/23715
f 956/23716 1208/23717 1103/23718
f 1132/23719 1225/23720 988/23721
f 1145/23722 1670/23723 997/23724
f 1668/23725 1148/23726 1002/23727
f 1002/23728 1148/23729 1669/23730
f 1000/23731 1669/23732 1145/23733
f 1158/23734 1663/23735 1640/23736
f 1016/23737 1662/23738 1157/23739
f 1022/23740 1226/23741 1164/23742
f 1658/23743 1659/23744 1024/23745
f 1660/23746 1226/23747 1022/23748
f 1655/23749 1656/23750 1029/23751
f 1054/23752 1647/23753 1192/23754
f 1059/23755 1229/23756 1228/23757
f 1196/23758 1647/23759 1054/23760
f 1200/23761 1646/23762 1062/23763
f 1648/23764 1227/23765 1050/23766
f 1707/23767 1708/23768 1709/23769
f 1451/23770 426/23771 1705/23772
f 518/23773 1446/23774 1718/23775
f 1700/23776 1701/23777 1674/23778
f 444/23779 1700/23780 1433/23781
f 446/23782 444/23783 1431/23784
f 445/23785 446/23786 1726/23787
f 1729/23788 528/23789 527/23790
f 451/23791 528/23792 1484/23793
f 1733/23794 465/23795 464/23796
f 1734/23797 1691/23798 465/23799
f 1476/23800 468/23801 1691/23802
f 1410/23803 470/23804 468/23805
f 1475/23806 473/23807 470/23808
f 1690/23809 473/23810 1474/23811
f 1407/23812 1689/23813 1690/23814
f 1688/23815 1689/23816 1408/23817
f 1686/23818 481/23819 1403/23820
f 481/23821 1687/23822 1470/23823
f 1684/23824 1685/23825 1401/23826
f 1401/23827 1685/23828 1686/23829
f 1394/23830 529/23831 486/23832
f 486/23833 1682/23834 1736/23835
f 535/23836 509/23837 1463/23838
f 1346/23839 1751/23840 554/23841
f 569/23842 1353/23843 1806/23844
f 571/23845 1805/23846 1353/23847
f 1804/23848 1805/23849 1757/23850
f 1759/23851 1802/23852 1803/23853
f 1268/23854 1802/23855 575/23856
f 660/23857 1801/23858 1273/23859
f 661/23860 1276/23861 1801/23862
f 1763/23863 1799/23864 1279/23865
f 588/23866 1283/23867 1799/23868
f 591/23869 1798/23870 1284/23871
f 1764/23872 1797/23873 1798/23874
f 1290/23875 1796/23876 1765/23877
f 590/23878 1284/23879 1283/23880
f 1794/23881 1795/23882 599/23883
f 1793/23884 1794/23885 1766/23886
f 1789/23887 1790/23888 605/23889
f 663/23890 1788/23891 1298/23892
f 605/23893 1790/23894 1791/23895
f 1785/23896 1767/23897 617/23898
f 1304/23899 1784/23900 618/23901
f 665/23902 1781/23903 1314/23904
f 1777/23905 1322/23906 666/23907
f 1356/23908 1777/23909 667/23910
f 649/23911 1360/23912 1359/23913
f 1772/23914 1334/23915 1360/23916
f 654/23917 1361/23918 1336/23919
f 1364/23920 1363/23921 669/23922
f 652/23923 1336/23924 1334/23925
f 928/23926 927/23927 1818/23928
f 928/23929 697/23930 699/23931
f 711/23932 932/23933 931/23934
f 850/23935 848/23936 714/23937
f 852/23938 934/23939 716/23940
f 1820/23941 854/23942 853/23943
f 856/23944 854/23945 1820/23946
f 1821/23947 858/23948 935/23949
f 860/23950 858/23951 726/23952
f 806/23953 1860/23954 862/23955
f 1859/23956 864/23957 807/23958
f 1858/23959 866/23960 732/23961
f 740/23962 1855/23963 1856/23964
f 886/23965 884/23966 811/23967
f 1824/23968 888/23969 938/23970
f 762/23971 939/23972 888/23973
f 812/23974 891/23975 939/23976
f 893/23977 1847/23978 765/23979
f 941/23980 793/23981 794/23982
f 944/23983 943/23984 795/23985
f 1874/23986 1506/23987 1505/23988
f 1504/23989 1878/23990 1879/23991
f 1880/23992 1878/23993 1881/23994
f 1883/23995 1881/23996 1993/23997
f 1884/23998 1993/23999 1994/24000
f 1887/24001 1890/24002 1889/24003
f 2717/24004 1889/24005 1890/24006
f 2718/24007 2717/24008 1891/24009
f 1507/24010 1895/24011 1896/24012
f 1900/24013 1898/24014 1901/24015
f 1902/24016 1901/24017 1903/24018
f 1906/24019 1904/24020 1903/24021
f 1907/24022 1905/24023 1909/24024
f 1915/24025 1914/24026 1996/24027
f 2723/24028 1915/24029 1916/24030
f 1927/24031 1925/24032 1924/24033
f 2724/24034 1930/24035 1998/24036
f 1934/24037 1932/24038 1935/24039
f 1935/24040 1937/24041 1938/24042
f 1942/24043 1940/24044 1999/24045
f 1999/24046 1944/24047 1945/24048
f 1947/24049 1944/24050 1508/24051
f 1949/24052 1508/24053 1950/24054
f 1951/24055 1950/24056 2000/24057
f 2010/24058 1954/24059 1955/24060
f 1958/24061 2010/24062 1957/24063
f 1965/24064 1501/24065 1966/24066
f 1966/24067 1968/24068 1969/24069
f 1973/24070 1971/24071 1974/24072
f 1974/24073 1976/24074 1977/24075
f 1978/24076 1976/24077 1500/24078
f 2765/24079 2106/24080 2018/24081
f 2025/24082 2022/24083 2023/24084
f 2026/24085 2027/24086 2025/24087
f 2027/24088 2758/24089 2757/24090
f 2028/24091 2756/24092 2755/24093
f 1535/24094 1536/24095 2031/24096
f 2035/24097 1535/24098 2033/24099
f 2036/24100 1534/24101 2035/24102
f 1532/24103 2040/24104 2041/24105
f 2044/24106 2042/24107 2043/24108
f 2046/24109 1530/24110 2044/24111
f 1530/24112 2139/24113 2138/24114
f 1528/24115 2049/24116 2050/24117
f 1528/24118 2051/24119 2052/24120
f 1527/24121 2054/24122 2053/24123
f 2056/24124 2057/24125 1527/24126
f 2129/24127 2060/24128 2059/24129
f 2061/24130 2063/24131 1526/24132
f 1525/24133 2063/24134 2062/24135
f 2064/24136 1524/24137 1525/24138
f 1523/24139 2066/24140 2122/24141
f 2750/24142 2069/24143 2068/24144
f 2077/24145 2107/24146 2075/24147
f 2078/24148 2108/24149 2077/24150
f 2109/24151 2108/24152 2079/24153
f 2083/24154 2082/24155 2084/24156
f 2088/24157 2086/24158 2087/24159
f 2090/24160 2091/24161 2088/24162
f 2091/24163 2741/24164 2113/24165
f 2092/24166 2740/24167 2739/24168
f 2097/24169 2095/24170 2096/24171
f 2097/24172 2098/24173 2735/24174
f 2111/24175 2102/24176 2103/24177
f 2112/24178 2018/24179 2105/24180
f 2157/24181 2156/24182 2155/24183
f 2160/24184 2158/24185 2161/24186
f 2168/24187 2166/24188 2169/24189
f 2171/24190 2169/24191 1552/24192
f 2172/24193 1552/24194 2276/24195
f 2174/24196 2175/24197 2771/24198
f 2772/24199 2771/24200 2175/24201
f 2178/24202 2772/24203 2176/24204
f 2278/24205 2181/24206 2182/24207
f 2186/24208 2184/24209 2187/24210
f 2188/24211 2187/24212 2189/24213
f 2192/24214 2190/24215 2189/24216
f 2193/24217 2191/24218 2194/24219
f 2196/24220 1551/24221 2778/24222
f 2290/24223 2779/24224 2205/24225
f 2289/24226 2290/24227 2206/24228
f 2781/24229 2780/24230 1555/24231
f 2211/24232 1556/24233 2212/24234
f 2212/24235 2279/24236 2214/24237
f 2217/24238 2280/24239 2218/24240
f 2220/24241 2218/24242 1549/24243
f 2288/24244 2224/24245 2223/24246
f 2226/24247 2225/24248 1548/24249
f 2232/24250 2230/24251 2229/24252
f 2287/24253 2232/24254 2231/24255
f 2234/24256 2237/24257 2238/24258
f 2240/24259 1547/24260 2241/24261
f 2242/24262 2241/24263 1558/24264
f 2245/24265 2243/24266 1558/24267
f 2248/24268 2246/24269 2249/24270
f 2249/24271 2251/24272 2252/24273
f 2255/24274 2253/24275 2251/24276
f 2259/24277 2257/24278 2256/24279
f 2260/24280 2258/24281 2262/24282
f 2822/24283 2298/24284 2297/24285
f 2304/24286 2301/24287 2302/24288
f 2305/24289 1582/24290 2304/24291
f 1582/24292 2817/24293 2425/24294
f 2306/24295 2424/24296 2423/24297
f 2315/24298 2312/24299 2313/24300
f 1580/24301 2315/24302 2314/24303
f 2317/24304 2318/24305 1580/24306
f 2815/24307 2320/24308 2319/24309
f 1579/24310 2321/24311 2322/24312
f 2326/24313 2324/24314 2325/24315
f 2328/24316 1578/24317 2326/24318
f 1578/24319 2410/24320 2409/24321
f 2334/24322 2332/24323 2333/24324
f 2334/24325 2335/24326 2336/24327
f 1577/24328 2338/24329 2337/24330
f 2340/24331 1576/24332 1577/24333
f 2400/24334 2343/24335 2342/24336
f 2344/24337 1574/24338 1575/24339
f 1573/24340 1574/24341 2345/24342
f 2346/24343 1572/24344 1573/24345
f 2349/24346 2392/24347 2391/24348
f 2353/24349 2351/24350 2352/24351
f 2356/24352 2353/24353 2354/24354
f 2360/24355 1571/24356 2359/24357
f 1570/24358 1571/24359 2361/24360
f 2383/24361 1569/24362 2364/24363
f 2365/24364 2366/24365 2383/24366
f 1568/24367 2796/24368 2795/24369
f 2370/24370 2369/24371 2794/24372
f 2373/24373 2384/24374 2372/24375
f 2381/24376 2378/24377 2379/24378
f 2766/24379 2297/24380 2382/24381
f 2437/24382 2435/24383 2438/24384
f 2441/24385 2439/24386 2438/24387
f 2829/24388 2828/24389 2446/24390
f 2567/24391 2829/24392 2447/24393
f 2566/24394 2453/24395 2454/24396
f 2540/24397 2463/24398 2464/24399
f 2465/24400 2464/24401 2463/24402
f 2468/24403 2542/24404 2470/24405
f 2474/24406 2836/24407 2473/24408
f 2475/24409 2543/24410 2544/24411
f 2480/24412 2478/24413 2477/24414
f 2837/24415 2480/24416 2479/24417
f 2838/24418 2563/24419 2484/24420
f 2488/24421 2545/24422 2546/24423
f 2491/24424 2489/24425 2546/24426
f 2493/24427 2547/24428 1600/24429
f 1600/24430 2548/24431 2495/24432
f 2499/24433 2562/24434 2497/24435
f 2501/24436 2499/24437 2498/24438
f 2561/24439 2506/24440 2505/24441
f 2560/24442 2561/24443 2507/24444
f 2514/24445 1598/24446 2515/24447
f 2516/24448 2515/24449 2517/24450
f 2557/24451 2518/24452 2517/24453
f 2521/24454 2520/24455 2519/24456
f 2554/24457 2555/24458 2526/24459
f 2553/24460 2554/24461 2527/24462
f 2553/24463 2528/24464 2529/24465
f 2874/24466 2572/24467 2663/24468
f 2576/24469 2577/24470 2664/24471
f 2581/24472 2580/24473 2868/24474
f 2581/24475 2867/24476 2712/24477
f 2585/24478 2586/24479 2584/24480
f 1619/24481 2588/24482 2589/24483
f 2593/24484 1618/24485 2591/24486
f 2594/24487 2593/24488 2592/24489
f 2665/24490 2594/24491 2705/24492
f 2597/24493 2596/24494 2598/24495
f 2599/24496 2598/24497 2701/24498
f 2600/24499 1616/24500 1617/24501
f 2602/24502 2603/24503 2697/24504
f 2604/24505 1615/24506 2695/24507
f 2605/24508 2606/24509 2604/24510
f 2607/24511 2666/24512 2606/24513
f 2609/24514 2610/24515 2611/24516
f 2614/24517 2615/24518 1614/24519
f 2687/24520 2618/24521 2617/24522
f 2620/24523 1613/24524 2618/24525
f 2620/24526 2619/24527 2621/24528
f 2622/24529 2621/24530 2684/24531
f 2623/24532 1611/24533 1612/24534
f 1622/24535 2680/24536 2864/24537
f 2629/24538 2667/24539 2628/24540
f 2668/24541 2631/24542 2632/24543
f 2634/24544 2635/24545 2668/24546
f 2637/24547 2635/24548 2634/24549
f 2637/24550 2636/24551 2859/24552
f 2640/24553 2639/24554 2641/24555
f 2642/24556 2641/24557 2857/24558
f 2648/24559 2646/24560 2647/24561
f 2648/24562 2854/24563 2674/24564
f 2650/24565 2649/24566 2853/24567
f 2653/24568 2670/24569 2652/24570
f 2655/24571 2670/24572 2654/24573
f 2659/24574 2660/24575 2661/24576
f 2663/24577 2662/24578 2847/24579
f 2765/24580 1869/24581 2017/24582
f 2764/24583 2017/24584 2016/24585
f 2016/24586 2715/24587 2762/24588
f 2761/24589 2715/24590 1875/24591
f 2760/24592 1875/24593 2716/24594
f 2716/24595 2015/24596 2758/24597
f 2757/24598 2015/24599 1880/24600
f 2756/24601 1880/24602 1882/24603
f 2755/24604 1882/24605 1883/24606
f 2147/24607 1893/24608 1894/24609
f 1896/24610 1897/24611 2145/24612
f 2145/24613 1897/24614 2719/24615
f 2144/24616 2719/24617 2720/24618
f 2720/24619 2013/24620 2142/24621
f 2753/24622 2013/24623 1906/24624
f 2141/24625 1906/24626 2721/24627
f 2721/24628 2722/24629 2139/24630
f 2138/24631 2722/24632 1912/24633
f 2137/24634 1912/24635 1913/24636
f 2752/24637 1913/24638 1914/24639
f 2131/24640 1928/24641 1929/24642
f 1930/24643 2724/24644 2129/24645
f 2129/24646 2724/24647 2725/24648
f 2128/24649 2725/24650 2726/24651
f 2726/24652 2727/24653 2126/24654
f 2125/24655 2727/24656 2012/24657
f 2124/24658 2012/24659 2728/24660
f 2728/24661 2729/24662 2122/24663
f 2121/24664 2729/24665 1945/24666
f 2120/24667 1945/24668 1946/24669
f 2751/24670 1946/24671 1947/24672
f 2117/24673 1960/24674 1961/24675
f 1963/24676 2730/24677 2746/24678
f 2746/24679 2730/24680 2009/24681
f 2745/24682 2009/24683 2008/24684
f 2008/24685 2007/24686 2743/24687
f 2115/24688 2007/24689 2006/24690
f 2114/24691 2006/24692 2005/24693
f 2005/24694 2004/24695 2741/24696
f 2113/24697 2004/24698 1977/24699
f 2740/24700 1977/24701 1978/24702
f 2739/24703 1978/24704 1979/24705
f 2731/24706 1991/24707 1868/24708
f 2822/24709 2154/24710 2296/24711
f 2821/24712 2296/24713 2295/24714
f 2295/24715 2294/24716 2427/24717
f 2819/24718 2294/24719 2162/24720
f 2818/24721 2162/24722 2293/24723
f 2293/24724 2767/24725 2817/24726
f 2425/24727 2767/24728 2168/24729
f 2424/24730 2168/24731 2170/24732
f 2423/24733 2170/24734 2171/24735
f 2816/24736 2179/24737 2180/24738
f 2182/24739 2183/24740 2815/24741
f 2815/24742 2183/24743 2773/24744
f 2414/24745 2773/24746 2774/24747
f 2774/24748 2775/24749 2412/24750
f 2814/24751 2775/24752 2192/24753
f 2411/24754 2192/24755 2776/24756
f 2776/24757 2777/24758 2410/24759
f 2409/24760 2777/24761 2198/24762
f 2408/24763 2198/24764 2778/24765
f 2812/24766 2778/24767 2292/24768
f 2402/24769 2208/24770 2780/24771
f 2401/24772 2780/24773 2781/24774
f 2400/24775 2781/24776 2782/24777
f 2399/24778 2782/24779 2783/24780
f 2783/24781 2784/24782 2397/24783
f 2396/24784 2784/24785 2785/24786
f 2395/24787 2785/24788 2786/24789
f 2786/24790 2787/24791 2393/24792
f 2392/24793 2787/24794 2220/24795
f 2391/24796 2220/24797 2221/24798
f 2811/24799 2221/24800 2222/24801
f 2390/24802 2235/24803 2236/24804
f 2238/24805 2286/24806 2803/24807
f 2803/24808 2286/24809 2285/24810
f 2802/24811 2285/24812 2284/24813
f 2284/24814 2283/24815 2800/24816
f 2388/24817 2283/24818 2245/24819
f 2799/24820 2245/24821 2282/24822
f 2282/24823 2281/24824 2797/24825
f 2796/24826 2281/24827 2252/24828
f 2795/24829 2252/24830 2253/24831
f 2794/24832 2253/24833 2255/24834
f 2386/24835 2272/24836 2153/24837
f 2874/24838 2430/24839 2571/24840
f 2873/24841 2571/24842 2570/24843
f 2570/24844 2569/24845 2714/24846
f 2871/24847 2569/24848 2437/24849
f 2870/24850 2437/24851 2827/24852
f 2827/24853 2568/24854 2868/24855
f 2713/24856 2568/24857 2444/24858
f 2867/24859 2444/24860 2445/24861
f 2712/24862 2445/24863 2828/24864
f 2706/24865 2565/24866 2456/24867
f 2458/24868 2459/24869 2703/24870
f 2703/24871 2459/24872 2831/24873
f 2702/24874 2831/24875 2832/24876
f 2832/24877 2833/24878 2701/24879
f 2700/24880 2833/24881 2465/24882
f 2699/24883 2465/24884 2834/24885
f 2834/24886 2835/24887 2697/24888
f 2696/24889 2835/24890 2470/24891
f 2695/24892 2470/24893 2471/24894
f 2694/24895 2471/24896 2472/24897
f 2865/24898 2483/24899 2563/24900
f 2688/24901 2563/24902 2838/24903
f 2687/24904 2838/24905 2839/24906
f 2686/24907 2839/24908 2840/24909
f 2840/24910 2841/24911 2684/24912
f 2683/24913 2841/24914 2491/24915
f 2682/24916 2491/24917 2842/24918
f 2842/24919 2843/24920 2823/24921
f 2680/24922 2843/24923 2495/24924
f 2864/24925 2495/24926 2496/24927
f 2679/24928 2496/24929 2562/24930
f 2678/24931 2508/24932 2510/24933
f 2512/24934 2559/24935 2826/24936
f 2826/24937 2559/24938 2844/24939
f 2858/24940 2844/24941 2845/24942
f 2845/24943 2558/24944 2857/24945
f 2676/24946 2558/24947 2557/24948
f 2856/24949 2557/24950 2556/24951
f 2556/24952 2846/24953 2855/24954
f 2854/24955 2846/24956 2524/24957
f 2674/24958 2524/24959 2525/24960
f 2853/24961 2525/24962 2555/24963
f 2847/24964 2549/24965 2429/24966
f 2882/24967 2881/24968 2883/24969
f 300/24970 2886/24971 2938/24972
f 2889/24973 2890/24974 2891/24975
f 2891/24976 2890/24977 2944/24978
f 2899/24979 2897/24980 2948/24981
f 2899/24982 2967/24983 2900/24984
f 2902/24985 2903/24986 2906/24987
f 2909/24988 2908/24989 2951/24990
f 2969/24991 2952/24992 2910/24993
f 2970/24994 2911/24995 2912/24996
f 2913/24997 2912/24998 2911/24999
f 2915/25000 2913/25001 2953/25002
f 2919/25003 2918/25004 2974/25005
f 2926/25006 2924/25007 2923/25008
f 2927/25009 2926/25010 2925/25011
f 2928/25012 2927/25013 2929/25014
f 2958/25015 2959/25016 2931/25017
f 2933/25018 2931/25019 2959/25020
f 2960/25021 3331/25022 3093/25023
f 2890/25024 2965/25025 3153/25026
f 3154/25027 3156/25028 2940/25029
f 2996/25030 3014/25031 3479/25032
f 2984/25033 2985/25034 3090/25035
f 2986/25036 2985/25037 2984/25038
f 2990/25039 2988/25040 2987/25041
f 3002/25042 2935/25043 3001/25044
f 3005/25045 3004/25046 3006/25047
f 3015/25048 3012/25049 3014/25050
f 3017/25051 3016/25052 3019/25053
f 3024/25054 3023/25055 3022/25056
f 3076/25057 3025/25058 3026/25059
f 3027/25060 3077/25061 3026/25062
f 3031/25063 3078/25064 3030/25065
f 2980/25066 3081/25067 3035/25068
f 3303/25069 3082/25070 2980/25071
f 3083/25072 3304/25073 3042/25074
f 3084/25075 3083/25076 3043/25077
f 3047/25078 3046/25079 3048/25080
f 3087/25081 3059/25082 3058/25083
f 3062/25084 3063/25085 3305/25086
f 3065/25087 3064/25088 3063/25089
f 3042/25090 3039/25091 3040/25092
f 3090/25093 3091/25094 3088/25095
f 3001/25096 3093/25097 3331/25098
f 3013/25099 3370/25100 3094/25101
f 3094/25102 3095/25103 3014/25104
f 3102/25105 3100/25106 3000/25107
f 3103/25108 3099/25109 3359/25110
f 3104/25111 3356/25112 3257/25113
f 3328/25114 3105/25115 3104/25116
f 3106/25117 3108/25118 3105/25119
f 3260/25120 3352/25121 3120/25122
f 3260/25123 3122/25124 3121/25125
f 3129/25126 3125/25127 3343/25128
f 3130/25129 3129/25130 3131/25131
f 3135/25132 3134/25133 3345/25134
f 2961/25135 3149/25136 3346/25137
f 3156/25138 3154/25139 3151/25140
f 3160/25141 3155/25142 3158/25143
f 2968/25144 3165/25145 3348/25146
f 3174/25147 3176/25148 3177/25149
f 3176/25150 3178/25151 2971/25152
f 2972/25153 3178/25154 3349/25155
f 3179/25156 3182/25157 2973/25158
f 3192/25159 3350/25160 2879/25161
f 3351/25162 3197/25163 3198/25164
f 3322/25165 3138/25166 3139/25167
f 3199/25168 3197/25169 3258/25170
f 3217/25171 3216/25172 3319/25173
f 3224/25174 3223/25175 3222/25176
f 3253/25177 3225/25178 3223/25179
f 3228/25180 3226/25181 3315/25182
f 3314/25183 3231/25184 3228/25185
f 3237/25186 3236/25187 3310/25188
f 3353/25189 3251/25190 3307/25191
f 3342/25192 3353/25193 3239/25194
f 3241/25195 3342/25196 3240/25197
f 3246/25198 3244/25199 3249/25200
f 3247/25201 3246/25202 3245/25203
f 3356/25204 3246/25205 3247/25206
f 3248/25207 3330/25208 3256/25209
f 3259/25210 3258/25211 3260/25212
f 3463/25213 3261/25214 3112/25215
f 3263/25216 3262/25217 3261/25218
f 3262/25219 3475/25220 3264/25221
f 3267/25222 3266/25223 3298/25224
f 3268/25225 3270/25226 3267/25227
f 3284/25228 3357/25229 3295/25230
f 3286/25231 3284/25232 3283/25233
f 3291/25234 3289/25235 3294/25236
f 3474/25237 3292/25238 3293/25239
f 3292/25240 3136/25241 3345/25242
f 2985/25243 3118/25244 3329/25245
f 2998/25246 3328/25247 3118/25248
f 2988/25249 3116/25250 3117/25251
f 3117/25252 3328/25253 2998/25254
f 3116/25255 2988/25256 2989/25257
f 2991/25258 3107/25259 3115/25260
f 3114/25261 3107/25262 2991/25263
f 3327/25264 3114/25265 3324/25266
f 3000/25267 3325/25268 3326/25269
f 3119/25270 3336/25271 3331/25272
f 3391/25273 3359/25274 3360/25275
f 3382/25276 3362/25277 3363/25278
f 3386/25279 3385/25280 3376/25281
f 3387/25282 3386/25283 3377/25284
f 3388/25285 3387/25286 3378/25287
f 3393/25288 3372/25289 3373/25290
f 3394/25291 3373/25292 3384/25293
f 3396/25294 3395/25295 3384/25296
f 3397/25297 3396/25298 3375/25299
f 3398/25300 3397/25301 3385/25302
f 3389/25303 3399/25304 3380/25305
f 3404/25306 3382/25307 3383/25308
f 3407/25309 3406/25310 3395/25311
f 3408/25312 3407/25313 3396/25314
f 3409/25315 3408/25316 3397/25317
f 3411/25318 3410/25319 3387/25320
f 3415/25321 3392/25322 3404/25323
f 3417/25324 3393/25325 3394/25326
f 3418/25327 3394/25328 3406/25329
f 3420/25330 3419/25331 3406/25332
f 3421/25333 3420/25334 3407/25335
f 3428/25336 3405/25337 3417/25338
f 3429/25339 3417/25340 3418/25341
f 3418/25342 3419/25343 3431/25344
f 3432/25345 3419/25346 3420/25347
f 3434/25348 3433/25349 3420/25350
f 3435/25351 3434/25352 3421/25353
f 3437/25354 3358/25355 3400/25356
f 3438/25357 3415/25358 3416/25359
f 3439/25360 3416/25361 3428/25362
f 3440/25363 3428/25364 3429/25365
f 3441/25366 3429/25367 3430/25368
f 3442/25369 3430/25370 3431/25371
f 3443/25372 3431/25373 3432/25374
f 3445/25375 3444/25376 3432/25377
f 3446/25378 3445/25379 3433/25380
f 3263/25381 3400/25382 3401/25383
f 3448/25384 3462/25385 3424/25386
f 3456/25387 3457/25388 3472/25389
f 3268/25390 3464/25391 3465/25392
f 3472/25393 3295/25394 3282/25395
f 3473/25396 3283/25397 3295/25398
f 3460/25399 3288/25400 3287/25401
f 3459/25402 3287/25403 3285/25404
f 3461/25405 3294/25406 3288/25407
f 3462/25408 3299/25409 3294/25410
f 3542/25411 3530/25412 3529/25413
f 3545/25414 3531/25415 3530/25416
f 3561/25417 3560/25418 3571/25419
f 3570/25420 3569/25421 3574/25422
f 3575/25423 3574/25424 3573/25425
f 3588/25426 3587/25427 3586/25428
f 3632/25429 3631/25430 3639/25431
f 3638/25432 3642/25433 3643/25434
f 3650/25435 3647/25436 3653/25437
f 3654/25438 3653/25439 3657/25440
f 3786/25441 3715/25442 3714/25443
f 3785/25444 3786/25445 3938/25446
f 3787/25447 3786/25448 3785/25449
f 3792/25450 3791/25451 3789/25452
f 3794/25453 3791/25454 3792/25455
f 3801/25456 3800/25457 3799/25458
f 3722/25459 3721/25460 3801/25461
f 3803/25462 3802/25463 3804/25464
f 3806/25465 3724/25466 3723/25467
f 3806/25468 3805/25469 3804/25470
f 3810/25471 3809/25472 3808/25473
f 3814/25474 3813/25475 3812/25476
f 3819/25477 3818/25478 3815/25479
f 3729/25480 3728/25481 3821/25482
f 3831/25483 3830/25484 3829/25485
f 3835/25486 3832/25487 3834/25488
f 3732/25489 3731/25490 3837/25491
f 3844/25492 3846/25493 3843/25494
f 3852/25495 3850/25496 3849/25497
f 3856/25498 3855/25499 3853/25500
f 3857/25501 3855/25502 3856/25503
f 3859/25504 3858/25505 3862/25506
f 3861/25507 3860/25508 3863/25509
f 3865/25510 3864/25511 3695/25512
f 3867/25513 3865/25514 3868/25515
f 3868/25516 3866/25517 3870/25518
f 3879/25519 3880/25520 3878/25521
f 3889/25522 3887/25523 3886/25524
f 3899/25525 3900/25526 3901/25527
f 3958/25528 3700/25529 3701/25530
f 3911/25531 3909/25532 3701/25533
f 3959/25534 3913/25535 3912/25536
f 3912/25537 3910/25538 3915/25539
f 3916/25540 3914/25541 3915/25542
f 3920/25543 3918/25544 3919/25545
f 3922/25546 3737/25547 3736/25548
f 3923/25549 3738/25550 3737/25551
f 3924/25552 3923/25553 3922/25554
f 3739/25555 3923/25556 3924/25557
f 3926/25558 3740/25559 3925/25560
f 3741/25561 3927/25562 3929/25563
f 3932/25564 3930/25565 3929/25566
f 3936/25567 3743/25568 3935/25569
f 3810/25570 3811/25571 3816/25572
f 3834/25573 3831/25574 3833/25575
f 3694/25576 3847/25577 3844/25578
f 3886/25579 3885/25580 3697/25581
f 3890/25582 3698/25583 3895/25584
f 3906/25585 3699/25586 3700/25587
f 3784/25588 3936/25589 3937/25590
f 3967/25591 3783/25592 3968/25593
f 4028/25594 3782/25595 3972/25596
f 3972/25597 3782/25598 4029/25599
f 3974/25600 3973/25601 4029/25602
f 3976/25603 4031/25604 4032/25605
f 3977/25606 4032/25607 3978/25608
f 3981/25609 3980/25610 3979/25611
f 3985/25612 3983/25613 4036/25614
f 3985/25615 3984/25616 4037/25617
f 3781/25618 3988/25619 3990/25620
f 3995/25621 3994/25622 3996/25623
f 3692/25624 3691/25625 4003/25626
f 4023/25627 4008/25628 4009/25629
f 4013/25630 4012/25631 4014/25632
f 4044/25633 3772/25634 3771/25635
f 4058/25636 3762/25637 3761/25638
f 4063/25639 4060/25640 4059/25641
f 4062/25642 4064/25643 4101/25644
f 4070/25645 3754/25646 3753/25647
f 3752/25648 3751/25649 4072/25650
f 4072/25651 3751/25652 3750/25653
f 4080/25654 4079/25655 3747/25656
f 4092/25657 4089/25658 4096/25659
f 4091/25660 4090/25661 4089/25662
f 4156/25663 4155/25664 4280/25665
f 4281/25666 4162/25667 4161/25668
f 4165/25669 4164/25670 4167/25671
f 4172/25672 4153/25673 4152/25674
f 4175/25675 4177/25676 4180/25677
f 4181/25678 4179/25679 4178/25680
f 4187/25681 4147/25682 4284/25683
f 4145/25684 4144/25685 4192/25686
f 4200/25687 4139/25688 4201/25689
f 4211/25690 4208/25691 4138/25692
f 4214/25693 4286/25694 4218/25695
f 4221/25696 4133/25697 4222/25698
f 4132/25699 4233/25700 4234/25701
f 4232/25702 4231/25703 4234/25704
f 4234/25705 4233/25706 4235/25707
f 4242/25708 4241/25709 4287/25710
f 4246/25711 4243/25712 4288/25713
f 4289/25714 4130/25715 4250/25716
f 4249/25717 4248/25718 4250/25719
f 4256/25720 4291/25721 4258/25722
f 4267/25723 4294/25724 4295/25725
f 3703/25726 4271/25727 4272/25728
f 4275/25729 4128/25730 4297/25731
f 4165/25732 3712/25733 3713/25734
f 3711/25735 3712/25736 4168/25737
f 3711/25738 4170/25739 4172/25740
f 4180/25741 4183/25742 4173/25743
f 4207/25744 3710/25745 4202/25746
f 3710/25747 4209/25748 4211/25749
f 4217/25750 4219/25751 4220/25752
f 3707/25753 4253/25754 4255/25755
f 4268/25756 3704/25757 3705/25758
f 3703/25759 3704/25760 4269/25761
f 3702/25762 4276/25763 4275/25764
