o Blender002_Jug001
v 0.034323 0.0358825 0.005399
v 0.035511 0.0058105 0.005396
v 0.034529 -0.0119595 0.005333
v 0.035507 0.0152335 -0.00997
v 0.032736 0.0465185 0.005423
v 0.033529 0.0421625 0.005409
v 0.034297 0.0358795 -0.009821
v 0.015415 0.0647745 -0.00985
v 0.000596 0.0668775 -0.009862
v -0.017485 0.0678425 -0.009819
v -0.031007 0.0676455 -0.009853
v -0.039268 0.0672095 -0.009723
v -0.044081 0.0668135 -0.009945
v -0.055527 0.0653355 -0.009874
v -0.059383 0.0644845 -0.00982
v -0.062488 0.0634775 -0.009865
v -0.07314 0.0539515 -0.00998
v -0.074337 0.0510355 -0.009874
v -0.078258 0.0188415 -0.009853
v -0.078302 0.0045005 -0.009844
v -0.075605 -0.0246305 -0.009848
v 0.033741 -0.0190995 -0.009814
v 0.033679 -0.0195335 0.005382
v 0.027373 -0.0367595 0.005385
v 0.018655 -0.0420745 0.00536
v 0.010045 -0.0440325 0.0054
v -0.017506 -0.0460805 0.00536
v -0.029468 -0.0459505 0.005354
v -0.058074 -0.0430325 0.005386
v 0.034956 0.0216745 -0.010226
v 0.032831 0.0447355 -0.010198
v 0.025326 0.0601025 -0.010189
v -0.066501 0.0612465 -0.010194
v -0.068192 -0.0381885 -0.01022
v -0.052391 -0.0437715 -0.01022
v -0.018908 -0.0458475 -0.010196
v 0.01392 -0.0430755 -0.010197
v 0.034211 -0.0096155 0.005771
v -0.07131 0.0566775 0.005744
v -0.052391 0.0655345 0.005762
v 0.01392 0.0648375 0.005738
v 0.034741 0.0280065 0.005701
v 0.035186 0.0241535 0.005375
v 0.035553 0.0141665 0.005407
v 0.035228 0.0052925 0.005745
v 0.035302 0.0144945 0.005741
v 0.03468 -0.0080875 0.005671
v 0.03518 -0.0022645 0.005402
v 0.034212 -0.0096115 0.005774
v 0.034683 -0.0064605 -0.010195
v 0.035186 -0.0023905 -0.009834
v 0.035251 0.0055695 -0.010194
v 0.035553 0.0075955 -0.009866
v 0.03518 0.0240275 -0.009861
v 0.034319 -0.0141075 -0.009863
v 0.03477 0.0302765 -0.00999
v -0.078136 0.0182445 0.005633
v -0.078302 0.0172585 0.005386
v -0.077352 0.0299665 0.00575
v -0.078 0.0242135 0.005392
v -0.077341 0.0324055 0.005625
v -0.077552 0.0312145 0.005401
v -0.076916 0.0379835 0.005385
v -0.076424 0.0415345 0.005518
v -0.075783 0.0438355 0.005759
v -0.075262 0.0473445 0.005626
v -0.075605 0.0463955 0.00539
v -0.073833 0.0516835 0.005742
v -0.074381 0.0509055 0.005417
v -0.07294 0.0541765 0.005614
v -0.071677 0.0566025 0.005408
v -0.070406 0.0582395 0.005496
v -0.068646 0.0598605 0.005614
v -0.068192 0.0599515 0.005761
v -0.066416 0.0613385 0.00571
v -0.066663 0.0614535 0.005404
v -0.064585 0.0625625 0.00552
v -0.063226 0.0628115 0.005761
v -0.06286 0.0633275 0.005417
v -0.061029 0.0637685 0.005695
v -0.05988 0.0643335 0.005404
v -0.056673 0.0648955 0.0057
v -0.049195 0.0661975 0.005626
v -0.050602 0.0661335 0.005385
v -0.039281 0.0668565 0.00577
v -0.044421 0.0667925 0.005394
v -0.036434 0.0673725 0.005465
v -0.022832 0.0676155 0.005747
v -0.024655 0.0678625 0.005368
v -0.008625 0.0672805 0.005702
v 0.002994 0.0664365 0.005729
v 0.00821 0.0660685 0.005436
v 0.010063 0.0655835 0.005695
v 0.017057 0.0643175 0.005396
v 0.017748 0.0638955 0.005702
v 0.020786 0.0626435 0.005766
v 0.021438 0.0627155 0.00551
v 0.02334 0.0614985 0.005701
v 0.025592 0.0602045 0.0054
v 0.025285 0.0601285 0.005732
v 0.027224 0.0582915 0.00574
v 0.027305 0.0585855 0.005394
v 0.028655 0.0565305 0.005695
v 0.029517 0.0555345 0.005402
v 0.030343 0.0536405 0.005639
v 0.030942 0.0526065 0.005391
v 0.030701 0.0523865 0.005757
v 0.031828 0.0499425 0.005506
v 0.032407 0.0470375 0.005695
v 0.033677 0.0404315 0.005625
v 0.033478 0.0401605 0.005767
v -0.073043 0.0542515 0.005393
v -0.068727 0.0599545 0.005399
v -0.055335 0.0653795 0.005394
v -0.018478 0.0678245 0.00551
v -0.008446 0.0675085 0.005353
v 0.001607 0.0667955 0.005389
v 0.013806 0.0651385 0.00535
v 0.019642 0.0634865 0.005397
v -0.078073 0.0116765 0.005762
v 0.023458 0.0616835 0.005403
v 0.028489 0.0571155 0.0054
v 0.033543 0.0406245 -0.010154
v 0.032629 0.0470205 -0.009845
v 0.031903 0.0490555 -0.010154
v 0.031493 0.0511305 -0.009837
v 0.030751 0.0523455 -0.010203
v 0.029117 0.0557785 -0.010184
v 0.028748 0.0567455 -0.009887
v 0.027251 0.0582795 -0.010187
v 0.02549 0.0602885 -0.009851
v 0.023335 0.0615025 -0.010159
v 0.023454 0.0616825 -0.009868
v 0.020785 0.0626435 -0.010224
v 0.021507 0.0626835 -0.009969
v 0.019624 0.0634965 -0.009846
v 0.017747 0.0638955 -0.010161
v 0.010064 0.0655835 -0.010154
v 0.01392 0.0648375 -0.010197
v 0.010686 0.0656935 -0.009856
v 0.006123 0.0663315 -0.009847
v 0.003315 0.0663985 -0.010189
v -0.008192 0.0672695 -0.010154
v -0.007352 0.0674365 -0.009841
v -0.020605 0.0677685 -0.010073
v -0.017963 0.0674995 -0.010218
v -0.02427 0.0678605 -0.009829
v -0.030399 0.0674125 -0.010197
v -0.047192 0.0662635 -0.010202
v -0.051146 0.0660525 -0.009859
v -0.054685 0.0652985 -0.010154
v -0.060251 0.0639835 -0.010196
v -0.063417 0.0627935 -0.010208
v -0.064241 0.0627075 -0.009991
v -0.065892 0.0619115 -0.009859
v -0.06751 0.0608835 -0.009869
v -0.068572 0.0597745 -0.010184
v -0.070233 0.0584165 -0.009979
v -0.071111 0.0573965 -0.009866
v -0.071311 0.0566765 -0.010202
v -0.072205 0.0557695 -0.009863
v -0.073832 0.0516825 -0.010201
v -0.075061 0.0484875 -0.009978
v -0.075515 0.0457175 -0.010161
v -0.075848 0.0451495 -0.009844
v -0.075999 0.0420845 -0.010229
v -0.077247 0.0321955 -0.010187
v -0.077529 0.0317525 -0.009815
v -0.078067 0.0182305 -0.010158
v 0.034082 0.0358955 -0.010168
v 0.033678 0.0413055 -0.00984
v 0.030052 0.0545745 -0.009837
v -0.076627 0.0401935 -0.009955
v -0.078408 0.0103785 -0.009893
v -0.078073 0.0100865 -0.010221
v 0.027387 0.0585075 -0.009842
v -0.069081 0.0596305 -0.009849
v -0.078136 0.0035185 -0.010092
v -0.077352 -0.0082045 -0.010209
v -0.078 -0.0024505 -0.00985
v -0.077341 -0.0106425 -0.010084
v -0.077552 -0.0094525 -0.00986
v -0.076918 -0.0161945 -0.009845
v -0.076424 -0.0197695 -0.009976
v -0.075262 -0.0255815 -0.010084
v -0.075783 -0.0220735 -0.010217
v -0.073833 -0.0299215 -0.010201
v -0.074381 -0.0291425 -0.009876
v -0.07294 -0.0324135 -0.010073
v -0.073043 -0.0324885 -0.009852
v -0.071678 -0.0348395 -0.009866
v -0.070406 -0.0364765 -0.009955
v -0.07131 -0.0349155 -0.010202
v -0.068646 -0.0380975 -0.010072
v -0.068727 -0.0381915 -0.009857
v -0.066416 -0.0395765 -0.010168
v -0.066663 -0.0396905 -0.009862
v -0.064583 -0.0408005 -0.009978
v -0.063226 -0.0410485 -0.010219
v -0.061029 -0.0420055 -0.010154
v -0.059817 -0.0425865 -0.009869
v -0.056673 -0.0431325 -0.010159
v -0.055738 -0.0435295 -0.009872
v -0.049195 -0.0444345 -0.010085
v -0.03818 -0.0452665 -0.010198
v -0.036825 -0.0456065 -0.009808
v -0.027438 -0.0460145 -0.009818
v -0.027135 -0.0457585 -0.010197
v -0.008625 -0.0455185 -0.01016
v 0.002994 -0.0446735 -0.010187
v 0.001609 -0.0450335 -0.009848
v 0.010063 -0.0438215 -0.010154
v 0.017058 -0.0425545 -0.009855
v 0.017748 -0.0421325 -0.010161
v 0.019642 -0.0417235 -0.009855
v 0.020786 -0.0408805 -0.010224
v 0.023457 -0.0399215 -0.009861
v 0.02334 -0.0397365 -0.010159
v 0.025285 -0.0383655 -0.010191
v 0.025587 -0.0384465 -0.009859
v 0.027224 -0.0365285 -0.010199
v 0.027293 -0.0368355 -0.009852
v 0.028655 -0.0347675 -0.010154
v 0.029511 -0.0337825 -0.009861
v 0.030343 -0.0318785 -0.010098
v 0.030935 -0.0308605 -0.00985
v 0.030701 -0.0306235 -0.010215
v 0.031822 -0.0281995 -0.009964
v 0.032407 -0.0252745 -0.010154
v 0.033169 -0.0210335 -0.010196
v 0.033926 -0.0158435 -0.010152
v -0.062805 -0.0415885 -0.00987
v -0.051553 -0.0442435 -0.009842
v -0.045451 -0.0449335 -0.009854
v -0.020483 -0.0461225 -0.009859
v -0.008446 -0.0457465 -0.009811
v 0.008211 -0.0443055 -0.009895
v 0.013806 -0.0433765 -0.009809
v 0.021438 -0.0409525 -0.009968
v 0.032737 -0.0247555 -0.009881
v 0.028474 -0.0353745 -0.009857
v 0.033713 -0.0176045 0.005701
v 0.032831 -0.0229725 0.00574
v 0.032631 -0.0252515 0.005384
v 0.031903 -0.0272925 0.005695
v 0.031482 -0.0294035 0.005377
v 0.03069 -0.0306505 0.005768
v 0.030043 -0.0328285 0.005379
v 0.029117 -0.0340155 0.005725
v 0.028744 -0.0349885 0.005429
v 0.027251 -0.0365175 0.005729
v 0.025485 -0.0385295 0.005393
v 0.023335 -0.0397395 0.005701
v 0.025326 -0.0383395 0.005731
v 0.023453 -0.0399205 0.00541
v 0.021077 -0.0408805 0.005731
v 0.01773 -0.0420975 0.005733
v 0.014941 -0.0431035 0.005486
v 0.011539 -0.0435405 0.005736
v 0.003361 -0.0448785 0.005416
v 0.003315 -0.0446365 0.00573
v -0.008192 -0.0455065 0.005696
v -0.007356 -0.0456735 0.005382
v -0.020605 -0.0460055 0.005614
v -0.017963 -0.0457375 0.005759
v -0.024284 -0.0460975 0.005371
v -0.030399 -0.0456505 0.005739
v -0.039697 -0.0454175 0.005369
v -0.042268 -0.0450185 0.005688
v -0.04725 -0.0447605 0.005389
v -0.048876 -0.0443005 0.005746
v -0.051751 -0.0441945 0.005425
v -0.054989 -0.0436475 0.005525
v -0.056295 -0.0430665 0.005758
v -0.060454 -0.0421945 0.005698
v -0.064239 -0.0409455 0.005533
v -0.064121 -0.0406765 0.005757
v -0.06589 -0.0401495 0.0054
v -0.066501 -0.0394835 0.005735
v -0.067509 -0.0391215 0.005411
v -0.068572 -0.0380115 0.005725
v -0.070233 -0.0366535 0.005521
v -0.071111 -0.0356345 0.005407
v -0.071311 -0.0349145 0.005744
v -0.072205 -0.0340065 0.005404
v -0.07314 -0.0321895 0.005521
v -0.073833 -0.0299195 0.005742
v -0.075263 -0.0255815 0.005626
v -0.075746 -0.0223335 0.005752
v -0.076627 -0.0184315 0.005496
v -0.077247 -0.0104335 0.005729
v -0.078067 0.0035325 0.005699
v -0.078342 0.0060175 0.005379
v -0.061806 -0.0419765 0.005388
v -0.074338 -0.0292725 0.005415
v -0.075599 -0.0246985 0.005374
v -0.077529 -0.0099885 0.005356
v -0.0781 -0.0004195 0.005384
v -0.078406 0.0116045 0.005438
v 0.021266 -0.0410625 0.005401
v -0.069081 -0.0378675 0.00539
v 0.034173 0.0358735 -0.020231
v 0.034603 0.0355935 -0.020208
v 0.034472 0.0360835 -0.01986
v -0.070936 0.0574185 -0.010597
v -0.051502 0.0659695 -0.010575
v -0.040983 0.0670755 -0.010671
v -0.00808 0.0674835 -0.010622
v 0.000185 0.0669255 -0.010599
v 0.019832 0.0634765 -0.010607
v 0.02998 0.0549445 -0.010515
v 0.033823 0.0414065 -0.01062
v 0.028644 0.0571435 -0.019823
v 0.027071 0.0590065 -0.019809
v 0.02102 0.0630225 -0.019787
v 0.011687 0.0655605 -0.019834
v 0.005331 0.0664525 -0.019856
v -0.00509 0.0673255 -0.019723
v -0.043433 0.0668825 -0.019833
v -0.052448 0.0658555 -0.019874
v -0.072147 0.0556075 -0.01983
v -0.07345 0.0529355 -0.019948
v -0.074701 0.0493855 -0.019837
v -0.076616 0.0392405 -0.01986
v -0.077925 0.0224285 -0.019861
v -0.078182 0.0156745 -0.019854
v -0.078243 0.0091615 -0.019859
v 0.015659 0.0643955 -0.020229
v 0.029769 0.0547745 -0.02022
v 0.016434 -0.0425005 -0.020201
v 0.020203 -0.0412685 -0.020221
v 0.028076 -0.0355775 -0.020224
v 0.031714 -0.0282735 -0.020213
v 0.033252 -0.0210855 -0.020212
v 0.034176 -0.0139145 -0.02023
v -0.038018 -0.0452675 -0.01026
v 0.021223 0.0625445 -0.010246
v 0.015386 0.0645585 -0.010263
v -0.068347 0.0597015 -0.010249
v 0.038863 0.0104255 -0.02077
v 0.037997 0.0131905 -0.020443
v 0.036673 0.0129325 -0.020246
v 0.038893 -0.0049765 -0.021138
v 0.038602 -5.05e-05 -0.020775
v 0.037451 -0.0034175 -0.020425
v 0.035879 -0.0137385 -0.020273
v 0.038057 -0.0135735 -0.020974
v 0.031903 -0.0285655 -0.010613
v 0.029634 -0.0338575 -0.010598
v 0.02747 -0.0368185 -0.010607
v 0.013964 -0.0433765 -0.010649
v -0.002688 -0.0453955 -0.010629
v -0.02158 -0.0461175 -0.01062
v -0.026988 -0.0460115 -0.010516
v -0.044343 -0.0450175 -0.010595
v -0.055242 -0.0436065 -0.010612
v -0.059766 -0.0425545 -0.01059
v -0.074175 -0.0292765 -0.010585
v -0.077981 0.0002515 -0.019832
v -0.077417 -0.0091325 -0.019852
v -0.075099 -0.0260695 -0.019861
v -0.074334 -0.0287795 -0.019851
v -0.071607 -0.0347135 -0.019829
v -0.057754 -0.0430635 -0.019874
v 0.030074 -0.0330445 -0.019848
v 0.038617 0.0254095 -0.02085
v 0.035984 0.0354955 -0.020278
v 0.039516 0.0107445 -0.021183
v 0.038883 0.0341915 -0.02164
v 0.03995 0.0103855 -0.021643
v 0.034731 -0.0141195 -0.010589
v 0.034773 0.0358805 -0.019861
v 0.038015 -0.0140965 -0.010611
v 0.038865 -0.0137375 -0.010652
v 0.039374 -0.0131245 -0.010586
v 0.039648 0.0341955 -0.010605
v 0.037981 0.0358525 -0.020493
v 0.038228 0.0356845 -0.010375
v 0.038997 0.0349565 -0.01025
v 0.039374 0.0348875 -0.010586
v 0.038865 0.0355005 -0.010652
v 0.038015 0.0358595 -0.010611
v 0.038208 -0.0138175 -0.010276
v 0.038936 -0.0133475 -0.010293
v 0.039507 -0.0125625 -0.010384
v 0.039252 -0.0126975 -0.010241
v 0.039939 0.0251365 -0.010239
v 0.040158 0.0251195 -0.010363
v 0.040445 0.0220465 -0.010596
v 0.040386 0.0110025 -0.010234
v 0.040686 0.0144205 -0.010503
v 0.040725 0.0081475 -0.010625
v 0.040376 0.0028155 -0.010299
v 0.040449 -0.0002125 -0.010596
v 0.039648 -0.0124325 -0.010605
v 0.039378 0.0344415 -0.01031
v 0.037222 -0.0137425 -0.020563
v 0.036189 -0.0139635 -0.020176
v 0.036424 -0.0141035 -0.019973
v 0.034719 -0.0141255 -0.019851
v 0.040141 -0.0037495 -0.021585
v 0.040181 -0.0055055 -0.021313
v 0.039308 -0.0122705 -0.021709
v 0.040642 0.0050615 -0.021419
v 0.039787 0.0013695 -0.021688
v 0.040325 0.0062265 -0.021755
v -0.078157 0.0055695 -0.010522
v -0.077957 0.0108915 -0.010248
v -0.077433 -0.0089375 -0.010607
v -0.077318 -0.0072295 -0.01027
v -0.076787 -0.0159475 -0.010616
v -0.076539 -0.0162495 -0.010305
v -0.075763 -0.0215045 -0.010259
v -0.075134 -0.0259365 -0.010632
v -0.07473 -0.0265215 -0.010269
v -0.073615 -0.0300865 -0.010262
v -0.07298 -0.0321865 -0.010479
v -0.072031 -0.0340315 -0.0106
v -0.071475 -0.0345015 -0.010293
v -0.069623 -0.0371825 -0.010601
v -0.070421 -0.0358875 -0.010254
v -0.067349 -0.0391205 -0.01059
v -0.06803 -0.0381885 -0.010239
v -0.066255 -0.0395765 -0.01029
v -0.062695 -0.0415665 -0.010583
v -0.064002 -0.0407595 -0.010258
v -0.060868 -0.0420055 -0.010305
v -0.056512 -0.0431325 -0.0103
v -0.050357 -0.0443825 -0.010617
v -0.052047 -0.0437765 -0.01023
v -0.049034 -0.0444345 -0.010374
v -0.028968 -0.0456235 -0.010246
v -0.018746 -0.0458475 -0.010262
v -0.014391 -0.0459935 -0.010598
v -0.008464 -0.0455185 -0.010298
v 0.003105 -0.0445815 -0.010247
v 0.004182 -0.0447695 -0.010467
v 0.009584 -0.0441295 -0.010595
v 0.010224 -0.0438215 -0.010305
v 0.014081 -0.0430755 -0.010262
v 0.017211 -0.0425565 -0.010603
v 0.017894 -0.0421015 -0.01027
v 0.022654 -0.0401835 -0.010262
v 0.023608 -0.0399265 -0.010596
v 0.025747 -0.0384495 -0.010603
v 0.025447 -0.0383655 -0.010268
v 0.027306 -0.0367005 -0.01031
v 0.028436 -0.0350605 -0.010238
v 0.031005 -0.0310575 -0.010593
v 0.030412 -0.0318285 -0.010268
v 0.03188 -0.0278505 -0.010275
v 0.032886 -0.0248095 -0.010576
v 0.032988 -0.0229925 -0.010261
v 0.033725 -0.0201855 -0.010596
v 0.033677 -0.0190245 -0.010302
v -0.077876 -0.0017365 -0.010641
v -0.075985 -0.0217725 -0.010607
v -0.06525 -0.0404295 -0.010608
v -0.036603 -0.0456025 -0.010636
v 0.019848 -0.0417085 -0.010608
v 0.021626 -0.0409385 -0.010488
v 0.03445 -0.0144375 -0.010622
v -0.070918 -0.0356755 -0.010593
v -0.06851 -0.0381795 -0.010471
v 0.028647 -0.0353105 -0.010477
v -0.077599 -0.0049615 -0.020075
v -0.077161 -0.0078195 -0.020217
v -0.076451 -0.0167115 -0.020189
v -0.076833 -0.0154815 -0.019855
v -0.075705 -0.0221255 -0.020154
v -0.076108 -0.0210115 -0.01989
v -0.074879 -0.0258755 -0.020199
v -0.073695 -0.0305355 -0.019975
v -0.0736 -0.0298285 -0.020222
v -0.072668 -0.0328805 -0.019848
v -0.072073 -0.0335055 -0.020186
v -0.069707 -0.0367825 -0.020186
v -0.067502 -0.0390175 -0.01984
v -0.067304 -0.0388255 -0.020199
v -0.065352 -0.0400235 -0.020224
v -0.065105 -0.0404805 -0.019944
v -0.060628 -0.0420345 -0.020205
v -0.06174 -0.0419475 -0.019831
v -0.055925 -0.0433445 -0.020098
v -0.050953 -0.0440045 -0.020207
v -0.048341 -0.0444925 -0.020084
v -0.039723 -0.0451395 -0.020194
v -0.031496 -0.0456435 -0.020157
v -0.022159 -0.0459965 -0.020077
v -0.021965 -0.0457745 -0.020218
v -0.009405 -0.0456655 -0.02009
v -0.009137 -0.0454495 -0.020213
v 0.005424 -0.0445615 -0.020084
v 0.005226 -0.0443815 -0.020208
v 0.006565 -0.0445355 -0.019846
v 0.012759 -0.0433985 -0.020146
v 0.014694 -0.0432015 -0.019852
v 0.021487 -0.0410375 -0.01982
v 0.023801 -0.0395415 -0.020186
v 0.024168 -0.0395935 -0.019861
v 0.026245 -0.0377375 -0.02015
v 0.027724 -0.0364935 -0.019931
v 0.030462 -0.0317975 -0.020171
v 0.031197 -0.0305925 -0.01986
v 0.033142 -0.0229965 -0.020084
v 0.034335 -0.0142035 -0.020096
v -0.070418 -0.0362995 -0.019843
v -0.069073 -0.0377245 -0.019835
v -0.052069 -0.0441655 -0.019841
v -0.043891 -0.0450575 -0.019879
v -0.035259 -0.0456805 -0.019834
v -0.024718 -0.0460835 -0.019876
v -0.016255 -0.0460495 -0.01985
v -0.00633 -0.0456195 -0.019853
v 0.001127 -0.0450805 -0.019884
v 0.010987 -0.0439085 -0.019856
v 0.018554 -0.0421665 -0.019846
v 0.026347 -0.0379325 -0.019818
v 0.02901 -0.0348365 -0.019913
v 0.032534 -0.0263635 -0.019863
v 0.033755 -0.0201145 -0.019856
v 0.033369 0.0420205 -0.010245
v 0.032803 0.0469605 -0.010612
v 0.033385 0.0433335 -0.010366
v 0.032034 0.0498775 -0.010608
v 0.032112 0.0487475 -0.010271
v 0.03105 0.0527225 -0.010603
v 0.030646 0.0530365 -0.010263
v 0.02877 0.0569685 -0.010591
v 0.028567 0.0568195 -0.010271
v 0.027168 0.0588935 -0.0106
v 0.027042 0.0586465 -0.010261
v 0.025144 0.0603925 -0.010274
v 0.021627 0.0627015 -0.010488
v 0.017762 0.0641335 -0.010477
v 0.010549 0.0656805 -0.01045
v 0.006664 0.0660255 -0.010261
v -0.003598 0.0668705 -0.01024
v -0.004183 0.0671305 -0.01036
v -0.020154 0.0676365 -0.010259
v -0.028584 0.0676065 -0.010361
v -0.04025 0.0667895 -0.010247
v -0.04554 0.0665715 -0.010375
v -0.055095 0.0653695 -0.010483
v -0.052745 0.0655025 -0.01025
v -0.059617 0.0643695 -0.010629
v -0.058603 0.0642395 -0.010234
v -0.060216 0.0640635 -0.010375
v -0.064023 0.0627325 -0.010466
v -0.063256 0.0627935 -0.010251
v -0.066339 0.0612465 -0.010265
v -0.068509 0.0599435 -0.010471
v -0.070422 0.0576495 -0.010254
v -0.071476 0.0562645 -0.010293
v -0.073009 0.0538955 -0.010483
v -0.073671 0.0516825 -0.010258
v -0.07493 0.0483855 -0.010483
v -0.075779 0.0445415 -0.010492
v -0.075384 0.0450685 -0.01025
v -0.07652 0.0397465 -0.010493
v -0.076926 0.0332985 -0.010243
v -0.077417 0.0292495 -0.010374
v 0.025681 0.0602635 -0.010607
v 0.023607 0.0616685 -0.010501
v 0.013968 0.0651385 -0.01065
v 0.007043 0.0662555 -0.010636
v -0.019039 0.0678705 -0.01058
v -0.028971 0.0677415 -0.010601
v -0.046988 0.0665335 -0.010611
v -0.06226 0.0634985 -0.010586
v -0.065686 0.0619395 -0.010606
v -0.067348 0.0608845 -0.01059
v -0.069624 0.0589455 -0.010601
v -0.072043 0.0557705 -0.010596
v -0.074193 0.0509765 -0.010578
v -0.077289 0.0327035 -0.010682
v -0.077737 0.0260775 -0.010602
v -0.078141 0.0166925 -0.010517
v -0.078244 0.0112895 -0.010559
v 0.033763 0.0414985 -0.019991
v 0.032812 0.0453925 -0.020217
v 0.03156 0.0506795 -0.020161
v 0.030197 0.0545695 -0.019938
v 0.028594 0.0567355 -0.020199
v 0.026745 0.0589475 -0.020209
v 0.025619 0.0602875 -0.019924
v 0.023956 0.0614515 -0.01995
v 0.022988 0.0616635 -0.020218
v 0.021818 0.0625105 -0.020106
v 0.017997 0.0640615 -0.019987
v 0.015693 0.0647275 -0.019866
v 0.012198 0.0653065 -0.020139
v 0.003295 0.0663975 -0.0202
v -0.002915 0.0671045 -0.020009
v -0.009137 0.0672145 -0.020213
v -0.015838 0.0676675 -0.020089
v -0.013534 0.0677205 -0.019869
v -0.024748 0.0676575 -0.020156
v -0.021022 0.0678845 -0.019869
v -0.027571 0.0677715 -0.019864
v -0.031769 0.0672635 -0.020217
v -0.035576 0.0673845 -0.019964
v -0.044173 0.0666095 -0.020149
v -0.052538 0.0656975 -0.020094
v -0.051455 0.0656425 -0.020221
v -0.057934 0.0645425 -0.020186
v -0.058034 0.0647685 -0.019863
v -0.061933 0.0636415 -0.01984
v -0.061941 0.0634245 -0.020142
v -0.064196 0.0624035 -0.020203
v -0.064812 0.0624005 -0.019846
v -0.067612 0.0603325 -0.020224
v -0.066574 0.0613765 -0.019951
v -0.069558 0.0586345 -0.020201
v -0.07155 0.0561405 -0.020186
v -0.073118 0.0530735 -0.020195
v -0.07569 0.0451245 -0.019857
v -0.075567 0.0446595 -0.020154
v -0.074641 0.0485165 -0.020212
v -0.07648 0.0391535 -0.020091
v -0.076391 0.0380825 -0.02022
v -0.077226 0.0307745 -0.02015
v -0.077435 0.0307155 -0.01984
v -0.077982 0.0182975 -0.020089
v -0.077827 0.0166905 -0.020218
v -0.077989 0.0069375 -0.020172
v 0.032955 0.0461995 -0.019942
v 0.031798 0.0507385 -0.019816
v -0.068233 0.0602155 -0.019842
v -0.069705 0.0588685 -0.019826
v -0.071025 0.0572935 -0.019845
v 0.037094 0.0355075 -0.020523
v 0.036435 0.0357235 -0.020208
v 0.036426 0.0358665 -0.019973
v 0.034703 -0.0138755 -0.010267
v 0.038178 0.0354745 -0.010245
v 0.038009 -0.0140865 -0.020491
v 0.038176 -0.0139575 -0.020775
v 0.038419 -0.0136385 -0.021117
v 0.038792 -0.0137675 -0.020891
v 0.039319 -0.0132205 -0.021145
v 0.039183 -0.0130375 -0.0215
v 0.038879 -0.0129615 -0.021555
v 0.039591 -0.0126505 -0.021307
v 0.039531 -0.0123995 -0.021529
v 0.038886 -0.0124525 -0.021638
v 0.040516 0.0145925 -0.02168
v 0.040252 0.0235985 -0.021594
v 0.040741 0.0110515 -0.021415
v 0.039724 0.0220495 -0.021689
v 0.040464 0.0220885 -0.021341
v 0.038778 0.0355375 -0.020886
v 0.038002 0.0354545 -0.02093
v 0.038285 0.0355945 -0.020943
v 0.039439 0.0348055 -0.021216
v 0.03919 0.0347975 -0.021499
v 0.03888 0.0347245 -0.021555
v 0.039532 0.0341595 -0.021528
v 0.039649 0.0341075 -0.021286
v 0.039297 0.0340435 -0.02171
v 0.034245 -0.0142405 -0.010275
v 0.034454 0.0361325 -0.010591
v 0.03473 0.0356185 -0.010263
v 0.034801 0.0358735 -0.010583
v 0.034236 0.0360155 -0.010266
v 0.034463 -0.0143445 -0.019849
v 0.034637 -0.0139005 -0.020155
v 0.079517 -0.0039015 0.164569
v 0.060858 -0.0038765 0.164512
v 0.079 -0.0034355 0.16365
v 0.060146 -0.0035695 0.163882
v 0.060164 -0.0040755 0.16529
v 0.037891 -0.0141085 -0.010229
v 0.03478 -0.0140865 -0.010229
v 0.034531 -0.0136895 -0.010229
v 0.0401 0.0284965 -0.010229
v 0.040731 0.0146875 -0.010229
v 0.040623 0.0035115 -0.010229
v 0.040016 -0.0078135 -0.010229
v 0.039237 -0.0133825 -0.010229
v 0.035596 0.0185405 -0.010229
v 0.104314 -0.0038635 0.178523
v 0.100068 -0.0040775 0.112997
v 0.102794 -0.0041185 0.178514
v 0.103662 -0.0035475 0.149698
v 0.103476 -0.0040565 0.178613
v 0.095349 -0.0041075 0.146726
v 0.094013 -0.0041005 0.156449
v 0.091907 -0.0041075 0.161124
v 0.074767 -0.0041185 0.047857
v 0.083589 -0.0041175 0.05797
v 0.087796 -0.0041185 0.066704
v 0.090756 -0.0041185 0.079604
v 0.093911 -0.0041185 0.111992
v 0.104359 -0.0023165 0.130262
v 0.106869 -0.0001065 0.140281
v 0.108453 0.0024725 0.140354
v 0.109264 0.0043685 0.140392
v 0.109857 0.0063515 0.140417
v 0.110229 0.0083695 0.140446
v 0.110071 0.0144035 0.140434
v 0.109588 0.0164105 0.1404
v 0.108885 0.0183565 0.140375
v 0.107971 0.0201915 0.140324
v 0.106396 0.0216345 0.12741
v 0.104358 0.0240785 0.130261
v 0.105126 -0.0014265 0.127716
v 0.107173 0.0013495 0.127182
v 0.10978 0.0101305 0.128459
v 0.109616 0.0124065 0.126155
v 0.105126 0.0231895 0.127715
v 0.105612 -0.0002145 0.118374
v 0.107436 0.0029395 0.117189
v 0.108189 0.0048665 0.117137
v 0.108723 0.0068675 0.117094
v 0.108484 0.0159015 0.117114
v 0.10784 0.0178715 0.117162
v 0.106982 0.0197425 0.117222
v 0.108541 0.0083785 0.110734
v 0.108724 0.0103825 0.111138
v 0.108644 0.0123765 0.110732
v 0.108227 0.0145465 0.10892
v 0.103757 -0.0015855 0.108378
v 0.105286 0.0002185 0.1087
v 0.105839 0.0015755 0.10509
v 0.10675 0.0034115 0.105057
v 0.107719 0.0063575 0.105022
v 0.107451 0.0164045 0.105031
v 0.10675 0.0183515 0.105057
v 0.105839 0.0201875 0.10509
v 0.105015 0.0218655 0.108336
v 0.103757 0.0233485 0.108378
v 0.106879 0.0044595 0.101696
v 0.107502 0.0078965 0.099258
v 0.10768 0.0093905 0.099242
v 0.107772 0.0113805 0.099696
v 0.107577 0.0133795 0.099243
v 0.101109 -0.0022725 0.087631
v 0.102465 -0.0008805 0.087697
v 0.103696 0.0009335 0.086559
v 0.104692 0.0027385 0.086537
v 0.105968 0.0059685 0.0875
v 0.106067 0.0073635 0.085612
v 0.106486 0.0103745 0.086369
v 0.106224 0.0133895 0.085603
v 0.106065 0.0154235 0.087595
v 0.105471 0.0174045 0.087611
v 0.104661 0.0193005 0.087634
v 0.10365 0.0210605 0.087663
v 0.102465 0.0226425 0.087697
v 0.10111 0.0240345 0.087635
v 0.100132 -0.0022395 0.078961
v 0.101453 -0.0008735 0.078918
v 0.102632 0.0007115 0.078812
v 0.103637 0.0024735 0.07872
v 0.104619 0.0048495 0.078627
v 0.105244 0.0073625 0.078576
v 0.105504 0.0093805 0.078554
v 0.105585 0.0113805 0.07877
v 0.105401 0.0133895 0.078563
v 0.105032 0.0154085 0.078595
v 0.104442 0.0173925 0.078647
v 0.103637 0.0192895 0.07872
v 0.102632 0.0210515 0.078812
v 0.101453 0.0226365 0.078918
v 0.100134 0.0240015 0.078967
v 0.099191 -0.0022555 0.07329
v 0.100512 -0.0008775 0.073125
v 0.101684 0.0007065 0.072958
v 0.102683 0.0024685 0.072816
v 0.103485 0.0043645 0.072703
v 0.104072 0.0063475 0.07262
v 0.104439 0.0083665 0.07257
v 0.10463 0.0103825 0.072744
v 0.104542 0.0123885 0.072556
v 0.104283 0.0144065 0.072591
v 0.103805 0.0164145 0.072657
v 0.10311 0.0183605 0.072756
v 0.102207 0.0201955 0.072884
v 0.100512 0.0226395 0.073125
v 0.099192 0.0240175 0.073295
v 0.099003 -0.0015885 0.069249
v 0.100846 0.0217355 0.071087
v 0.099003 0.0233515 0.069249
v 0.097602 0.0248135 0.070343
v 0.097125 -0.0022585 0.065027
v 0.099268 -0.0007715 0.067292
v 0.100424 0.0005855 0.067692
v 0.101189 0.0020075 0.067211
v 0.102028 0.0038765 0.067015
v 0.102659 0.0058465 0.066868
v 0.103074 0.0078635 0.06677
v 0.103302 0.0099685 0.066796
v 0.102928 0.0113805 0.065466
v 0.103201 0.0128875 0.066739
v 0.102894 0.0149105 0.066813
v 0.102371 0.0169105 0.066935
v 0.101634 0.0188365 0.067107
v 0.100696 0.0206375 0.067326
v 0.100907 0.0043705 0.06271
v 0.101476 0.0063545 0.062546
v 0.101832 0.0083735 0.062443
v 0.102074 0.0113885 0.062603
v 0.10168 0.0144005 0.062487
v 0.101218 0.0164085 0.06262
v 0.100544 0.0183555 0.062815
v 0.099425 0.0206385 0.06313
v 0.098452 0.0226425 0.064815
v 0.097124 0.0240235 0.065032
v 0.094616 -0.0030085 0.060757
v 0.097332 -0.0012605 0.062522
v 0.098495 0.0002715 0.062143
v 0.099501 0.0019915 0.061816
v 0.094686 -0.0022015 0.058577
v 0.096153 -0.0008735 0.058736
v 0.097255 0.0007105 0.058304
v 0.098195 0.0024735 0.057936
v 0.099131 0.0035305 0.058864
v 0.099665 0.0053565 0.058454
v 0.100117 0.0073655 0.058288
v 0.100362 0.0093845 0.058198
v 0.100464 0.0113805 0.05831
v 0.100265 0.0133855 0.058234
v 0.099917 0.0154065 0.058361
v 0.099362 0.0173905 0.058566
v 0.098603 0.0192885 0.058847
v 0.097656 0.0210515 0.059199
v 0.096836 0.0222505 0.059507
v 0.096096 0.0232585 0.059982
v 0.094686 0.0239645 0.058577
v 0.094287 -0.0015885 0.056344
v 0.095431 -0.0001055 0.055819
v 0.096431 0.0015725 0.05536
v 0.097443 0.0038745 0.054891
v 0.098142 0.0063545 0.054576
v 0.098479 0.0083735 0.054423
v 0.098685 0.0103825 0.054487
v 0.098573 0.0123825 0.054381
v 0.098335 0.0144005 0.054488
v 0.097763 0.0169135 0.054745
v 0.096868 0.0192895 0.05516
v 0.095951 0.0210515 0.055581
v 0.094875 0.0226365 0.056074
v 0.093398 0.0239645 0.055994
v 0.091965 -0.0022025 0.053495
v 0.093441 -0.0008735 0.053483
v 0.094486 0.0007115 0.052926
v 0.095377 0.0024735 0.052452
v 0.096091 0.0043705 0.052073
v 0.096614 0.0063545 0.051795
v 0.096942 0.0083735 0.051622
v 0.09715 0.0103825 0.051672
v 0.097033 0.0123825 0.051574
v 0.096802 0.0144005 0.051696
v 0.096377 0.0164075 0.051921
v 0.095757 0.0183545 0.05225
v 0.094952 0.0201905 0.052678
v 0.093981 0.0218685 0.053195
v 0.091306 -0.0015885 0.051321
v 0.09238 -0.0001055 0.050664
v 0.093319 0.0015725 0.05009
v 0.094097 0.0034085 0.049615
v 0.094925 0.0063545 0.04911
v 0.095242 0.0083735 0.048918
v 0.095452 0.0103825 0.048955
v 0.09533 0.0123815 0.048864
v 0.095107 0.0144005 0.049
v 0.094696 0.0164075 0.04925
v 0.094097 0.0183545 0.049615
v 0.093319 0.0201905 0.05009
v 0.09238 0.0218685 0.050664
v 0.09212 0.0233535 0.052527
v 0.090771 0.0246755 0.053134
v 0.093896 0.0045155 0.048548
v 0.089153 -0.0015895 0.048369
v 0.089929 -0.0004905 0.047815
v 0.09064 0.0007105 0.0473
v 0.09146 0.0024725 0.046711
v 0.091619 0.0043705 0.04563
v 0.092598 0.0063535 0.045894
v 0.0929 0.0083725 0.045678
v 0.09311 0.0103825 0.045697
v 0.092984 0.0123825 0.045619
v 0.092772 0.0144005 0.04577
v 0.09238 0.0164085 0.04605
v 0.091809 0.0183555 0.046459
v 0.091069 0.0201915 0.046992
v 0.090175 0.0218695 0.047634
v 0.089153 0.0233515 0.048369
v 0.087737 -0.0001055 0.044786
v 0.08858 0.0015725 0.044079
v 0.089279 0.0034085 0.043494
v 0.089818 0.0053555 0.043044
v 0.090188 0.0073635 0.042737
v 0.090389 0.0093815 0.04257
v 0.090524 0.0113805 0.042643
v 0.090309 0.0133895 0.042636
v 0.090024 0.0154075 0.042873
v 0.089433 0.0178875 0.04336
v 0.08858 0.0201895 0.04408
v 0.087737 0.0218685 0.044786
v 0.086772 0.0233505 0.045594
v 0.0858 -0.0015905 0.04454
v 0.085658 -0.0001055 0.042646
v 0.087637 0.0053555 0.04079
v 0.087989 0.0073635 0.040462
v 0.088181 0.0093815 0.040284
v 0.088321 0.0113805 0.040351
v 0.088105 0.0133885 0.040354
v 0.087834 0.0154075 0.040607
v 0.087402 0.0173915 0.041011
v 0.086188 0.0184915 0.040441
v 0.081363 -0.0022355 0.041346
v 0.085567 0.0011985 0.041316
v 0.086248 0.0030005 0.04065
v 0.086552 0.0103815 0.03869
v 0.085741 0.0201945 0.041192
v 0.084952 0.0218715 0.041959
v 0.08405 0.0233535 0.042837
v 0.082644 0.0247355 0.043612
v 0.082276 -0.0008825 0.040411
v 0.08231 0.0011245 0.038558
v 0.084231 0.0038835 0.038356
v 0.084663 0.0058535 0.037874
v 0.084946 0.0078725 0.037557
v 0.084257 0.0103735 0.036686
v 0.085032 0.0128785 0.037459
v 0.084823 0.0149025 0.037695
v 0.084465 0.0169035 0.038095
v 0.082801 0.0192905 0.038014
v 0.082133 0.0210525 0.038771
v 0.078111 -0.0022575 0.038861
v 0.079029 -0.0008735 0.037881
v 0.079768 0.0007105 0.036956
v 0.080398 0.0024735 0.036168
v 0.080904 0.0043705 0.035537
v 0.081274 0.0063545 0.035075
v 0.081506 0.0083735 0.034786
v 0.081799 0.0113885 0.034779
v 0.081407 0.0144005 0.034909
v 0.081106 0.0164085 0.035285
v 0.080668 0.0183545 0.035832
v 0.079935 0.0206385 0.036735
v 0.080257 0.0226385 0.038779
v 0.079339 0.0240325 0.039768
v 0.074596 -0.0022525 0.03647
v 0.075484 -0.0008745 0.03546
v 0.076163 0.0007095 0.03449
v 0.076743 0.0024725 0.033663
v 0.077207 0.0043705 0.033
v 0.077548 0.0063555 0.032516
v 0.077762 0.0083755 0.032213
v 0.078003 0.0103825 0.032185
v 0.077822 0.0123795 0.032129
v 0.077671 0.0143985 0.032342
v 0.077393 0.0164075 0.032735
v 0.07699 0.0183555 0.03331
v 0.076467 0.0201915 0.034057
v 0.076002 0.0214595 0.034726
v 0.075484 0.0226375 0.03546
v 0.074612 0.0240115 0.036476
v 0.06969 -0.0022465 0.033658
v 0.070499 -0.0008735 0.032589
v 0.071101 0.0007115 0.03157
v 0.071614 0.0024745 0.030701
v 0.072026 0.0043725 0.030004
v 0.072328 0.0063565 0.029495
v 0.072517 0.0083765 0.029177
v 0.07276 0.0103825 0.029132
v 0.072571 0.0123785 0.029088
v 0.072436 0.0143975 0.029312
v 0.07219 0.0164055 0.029725
v 0.071833 0.0183535 0.030329
v 0.07137 0.0201895 0.031115
v 0.07096 0.0214575 0.031817
v 0.070499 0.0226355 0.032589
v 0.069705 0.0240065 0.033663
v 0.065023 -0.0022345 0.031396
v 0.065738 -0.0008715 0.030279
v 0.066275 0.0007135 0.029224
v 0.066732 0.0024765 0.028325
v 0.067175 0.0048515 0.027445
v 0.067465 0.0073665 0.026888
v 0.067584 0.0093855 0.026656
v 0.067766 0.0113805 0.026684
v 0.067537 0.0133845 0.026748
v 0.067368 0.0154035 0.027077
v 0.067099 0.0173875 0.027605
v 0.066732 0.0192855 0.028325
v 0.066275 0.0210485 0.029224
v 0.065738 0.0226335 0.030279
v 0.065035 0.0239975 0.031401
v 0.060995 -0.0022565 0.029731
v 0.061686 -0.0008725 0.02857
v 0.062175 0.0007125 0.027493
v 0.062592 0.0024745 0.026574
v 0.063061 0.0053565 0.025543
v 0.06326 0.0073635 0.025105
v 0.06337 0.0093815 0.024869
v 0.063574 0.0113805 0.024895
v 0.062926 0.0173905 0.025837
v 0.061162 0.0184815 0.025603
v 0.062394 0.0201885 0.027012
v 0.061938 0.0218675 0.028013
v 0.061417 0.0233505 0.029159
v 0.05579 -0.0022845 0.027856
v 0.061322 0.0042425 0.025252
v 0.061946 0.0138375 0.02447
v 0.061778 0.0158505 0.024853
v 0.059139 0.0247205 0.029889
v 0.056296 -0.0009045 0.026615
v 0.056833 0.0007045 0.025527
v 0.057206 0.0024655 0.024588
v 0.055718 0.0043715 0.023254
v 0.057726 0.0063455 0.023286
v 0.057866 0.0083635 0.022941
v 0.058169 0.0103815 0.022881
v 0.057906 0.0123915 0.022845
v 0.055584 0.0183545 0.023607
v 0.057028 0.0201975 0.025036
v 0.056623 0.0218735 0.026058
v 0.055573 0.0236665 0.027339
v 0.049134 0.0013425 0.022752
v 0.051948 0.0082675 0.021079
v 0.052042 0.0118835 0.020965
v 0.05431 0.0144695 0.021962
v 0.054178 0.0164815 0.022434
v 0.048751 0.0188765 0.0218
v 0.103229 -0.0031155 0.127486
v 0.111052 0.0041995 0.178589
v 0.11033 0.0025155 0.178505
v 0.106774 -0.0022705 0.178493
v 0.050441 -0.0033075 0.027509
v 0.04849 0.0172505 0.021043
v 0.102098 -0.0030255 0.107688
v 0.099925 -0.0031205 0.086277
v 0.098873 -0.0031255 0.077733
v 0.097591 -0.0030545 0.070312
v 0.092246 -0.0030065 0.05584
v 0.089582 -0.0029495 0.051457
v 0.080026 -0.0031195 0.041604
v 0.073697 -0.0031265 0.037147
v 0.058501 -0.0031265 0.029873
v 0.098879 0.0248875 0.077766
v 0.108175 -0.0007945 0.178592
v 0.110322 0.0192655 0.178499
v 0.10938 0.0209155 0.178576
v 0.084101 -0.0029205 0.044924
v 0.086982 -0.0029795 0.048141
v 0.094624 0.0247715 0.060775
v 0.088641 0.0247075 0.050159
v 0.086016 0.0247325 0.047016
v 0.078226 0.0220325 0.160845
v 0.078604 0.0237995 0.162133
v 0.07828 0.0163415 0.158474
v 0.079452 0.0223245 0.160883
v 0.07878 0.0133595 0.157911
v 0.079544 0.0113735 0.15777
v 0.083268 0.0250285 0.162949
v 0.080441 0.0243385 0.16247
v 0.079325 0.0204905 0.159835
v 0.078561 0.0183545 0.159073
v 0.078737 0.0149945 0.158166
v 0.081324 0.0236605 0.161629
v 0.080097 0.0165815 0.158316
v 0.082356 0.0228935 0.160713
v 0.081281 0.0132865 0.157725
v 0.087234 0.0250875 0.161904
v 0.083836 0.0244315 0.16197
v 0.082658 0.0216355 0.15972
v 0.08249 0.0198155 0.15883
v 0.082226 0.0178555 0.158234
v 0.081806 0.0154855 0.157863
v 0.084529 0.0234105 0.160566
v 0.082818 0.0127175 0.157379
v 0.084611 0.0217745 0.159209
v 0.084313 0.0198905 0.158302
v 0.083884 0.0178735 0.157763
v 0.086976 0.0245055 0.160979
v 0.086442 0.0238285 0.160301
v 0.086039 0.0226945 0.159283
v 0.083963 0.0157775 0.157306
v 0.084028 0.0136425 0.157023
v 0.089512 0.0250995 0.160366
v 0.085826 0.0208855 0.158093
v 0.085228 0.0189075 0.157494
v 0.085002 0.0168665 0.157011
v 0.088152 0.0238485 0.159199
v 0.087573 0.0230805 0.158691
v 0.084933 0.0125465 0.156444
v 0.090985 0.0250665 0.158472
v 0.087236 0.0222235 0.158108
v 0.085164 0.0147035 0.1565
v 0.086915 0.0208845 0.157298
v 0.086231 0.0188985 0.156799
v 0.089383 0.0245055 0.159203
v 0.089164 0.0238355 0.158106
v 0.08853 0.0230645 0.157699
v 0.085865 0.0168085 0.156375
v 0.085791 0.0146165 0.155933
v 0.085712 0.0124675 0.155749
v 0.087693 0.0208535 0.15635
v 0.086967 0.0188695 0.155961
v 0.086444 0.0143625 0.155047
v 0.092251 0.0250535 0.155165
v 0.089257 0.0229985 0.156448
v 0.088459 0.0221215 0.156586
v 0.086577 0.0165105 0.155436
v 0.090792 0.0244675 0.156812
v 0.09001 0.0237785 0.156569
v 0.086366 0.0124805 0.154851
v 0.08824 0.0207865 0.155276
v 0.08749 0.0187975 0.155012
v 0.087214 0.0167005 0.154259
v 0.090627 0.0237445 0.154639
v 0.089918 0.0229635 0.154622
v 0.08931 0.0221025 0.154497
v 0.088878 0.0211625 0.153946
v 0.087897 0.0187245 0.153773
v 0.08703 0.0142845 0.153715
v 0.086891 0.0116775 0.153657
v 0.092779 0.0249905 0.150649
v 0.087482 0.0163305 0.153087
v 0.091558 0.0244055 0.153921
v 0.088576 0.0202055 0.153333
v 0.088245 0.0187055 0.152105
v 0.08744 0.0145875 0.152176
v 0.087375 0.0124985 0.151711
v 0.08791 0.0166665 0.151143
v 0.089312 0.0210715 0.151331
v 0.087631 0.0141475 0.150537
v 0.087526 0.0109525 0.150163
v 0.089835 0.0219805 0.151185
v 0.091111 0.0236445 0.151231
v 0.090442 0.0228405 0.151035
v 0.088521 0.0186635 0.149986
v 0.091959 0.0243485 0.150033
v 0.092808 0.0248905 0.145664
v 0.089017 0.0200625 0.149925
v 0.087628 0.0124615 0.148646
v 0.088136 0.0166215 0.148477
v 0.089024 0.0195715 0.146831
v 0.088701 0.0184685 0.145525
v 0.088196 0.0165425 0.145656
v 0.087844 0.0145165 0.147529
v 0.091308 0.0235525 0.146786
v 0.090104 0.0218855 0.146894
v 0.090675 0.0227475 0.146562
v 0.08963 0.0209685 0.146812
v 0.092029 0.0242535 0.145858
v 0.091986 0.0241355 0.139908
v 0.089384 0.0202075 0.139952
v 0.088621 0.0183255 0.140176
v 0.092161 0.0255045 0.158068
v 0.093099 0.0254495 0.15449
v 0.092857 0.0249535 0.14
v 0.078929 0.0249935 0.163381
v 0.084668 0.0098675 0.156585
v 0.090383 0.0220525 0.139807
v 0.088096 0.0164365 0.141353
v 0.080032 0.0258815 0.05282
v 0.066935 0.0258815 0.042761
v 0.099916 0.0258575 0.112427
v 0.096461 0.0258665 0.077793
v 0.089562 0.0258715 0.056455
v 0.05981 0.0258745 0.033038
v 0.057594 0.0253075 0.030252
v 0.060163 0.0256265 0.03201
v 0.070744 0.0258175 0.037892
v 0.064518 0.0251195 0.032686
v 0.06966 0.0256185 0.036409
v 0.070463 0.0251585 0.03571
v 0.076011 0.0256315 0.040387
v 0.076437 0.0253235 0.039787
v 0.081673 0.0256175 0.044868
v 0.082185 0.0252905 0.044314
v 0.086019 0.0258185 0.050722
v 0.085927 0.0253095 0.048267
v 0.086578 0.0256265 0.050165
v 0.089238 0.0253285 0.052587
v 0.090553 0.0256335 0.056071
v 0.093739 0.0258175 0.06484
v 0.092514 0.0251595 0.057505
v 0.093642 0.0256175 0.062431
v 0.094629 0.0253025 0.063017
v 0.096184 0.0252125 0.067161
v 0.095997 0.0256355 0.070203
v 0.098058 0.0252945 0.076529
v 0.097878 0.0256255 0.080652
v 0.09919 0.0253085 0.085799
v 0.101537 0.0252845 0.110158
v 0.102099 0.0247875 0.107687
v 0.099925 0.0248835 0.086278
v 0.076792 0.0248925 0.039189
v 0.079629 0.0258605 0.04435
v 0.1011 0.0256235 0.114486
v 0.090266 -0.0018185 0.117057
v 0.089191 -0.0003305 0.117073
v 0.088219 0.0014295 0.117092
v 0.086765 0.0054455 0.11712
v 0.086336 0.0075075 0.117128
v 0.086686 0.0100265 0.128019
v 0.08704 0.0118385 0.134375
v 0.087215 0.0033985 0.114583
v 0.085929 0.0094965 0.114618
v 0.085883 0.0113315 0.114578
v 0.086017 0.0132375 0.114617
v 0.086439 0.0150685 0.116551
v 0.086945 0.0171305 0.116518
v 0.08765 0.0191535 0.116474
v 0.088528 0.0210385 0.116418
v 0.089335 0.0222835 0.117343
v 0.090265 0.0235795 0.117065
v 0.089217 -0.0018035 0.103674
v 0.088143 -0.0003105 0.103713
v 0.087171 0.0014555 0.103752
v 0.086352 0.0034185 0.103785
v 0.085721 0.0054805 0.10381
v 0.085295 0.0075445 0.103828
v 0.085071 0.0095205 0.103837
v 0.08501 0.0113315 0.103616
v 0.085159 0.0132135 0.103836
v 0.085483 0.0152425 0.103826
v 0.086012 0.0173175 0.103806
v 0.08674 0.0193425 0.103779
v 0.087641 0.0212175 0.103745
v 0.088671 0.0228555 0.103708
v 0.089816 0.0242445 0.103603
v 0.088811 -0.0031215 0.086361
v 0.087522 -0.0018145 0.086369
v 0.08645 -0.0003255 0.086445
v 0.08548 0.0014375 0.086511
v 0.084662 0.0033965 0.086566
v 0.083771 0.0064695 0.08662
v 0.083363 0.0104225 0.0871
v 0.083582 0.0142615 0.086637
v 0.084645 0.0184035 0.086553
v 0.085949 0.0212345 0.086487
v 0.086976 0.0228685 0.086417
v 0.087577 0.0242195 0.081746
v 0.086216 -0.0011065 0.08019
v 0.085191 0.0005275 0.08029
v 0.084089 0.0028755 0.080392
v 0.083276 0.0054585 0.080476
v 0.08285 0.0075215 0.080518
v 0.082625 0.0094975 0.08054
v 0.082578 0.0113315 0.080511
v 0.082714 0.0132365 0.080533
v 0.083038 0.0152645 0.080503
v 0.083567 0.0173385 0.080454
v 0.084293 0.0193605 0.080384
v 0.08519 0.0212325 0.080299
v 0.086216 0.0228665 0.080201
v 0.087317 -0.0024515 0.080018
v 0.085884 -0.0018165 0.075004
v 0.084822 -0.0003275 0.075168
v 0.083861 0.0014335 0.075316
v 0.08305 0.0033915 0.075441
v 0.082424 0.0054515 0.075538
v 0.082 0.0075135 0.075604
v 0.081776 0.0094895 0.075639
v 0.081724 0.0113305 0.075602
v 0.081865 0.0132435 0.075628
v 0.082187 0.0152715 0.07558
v 0.082712 0.0173425 0.075501
v 0.083434 0.0193645 0.075391
v 0.084325 0.0212355 0.075255
v 0.085344 0.0228685 0.075099
v 0.086451 0.0242155 0.074943
v 0.086975 -0.0030545 0.074354
v 0.084732 -0.0018155 0.070275
v 0.083685 -0.0003265 0.070521
v 0.082739 0.0014345 0.070745
v 0.08194 0.0033935 0.070934
v 0.081324 0.0054525 0.071081
v 0.080907 0.0075145 0.07118
v 0.080686 0.0094895 0.071233
v 0.080628 0.0113305 0.071189
v 0.080773 0.0132425 0.071215
v 0.08109 0.0152685 0.071142
v 0.081607 0.0173395 0.071021
v 0.082318 0.0193605 0.070855
v 0.083196 0.0212315 0.070648
v 0.084199 0.0228665 0.070413
v 0.085287 0.0242115 0.070167
v 0.085808 -0.0030665 0.069643
v 0.08316 -0.0018135 0.06575
v 0.082145 -0.0003235 0.066107
v 0.081228 0.0014385 0.066431
v 0.080454 0.0033975 0.066704
v 0.079858 0.0054575 0.066916
v 0.079454 0.0075185 0.067059
v 0.079644 0.0104215 0.068361
v 0.079325 0.0132375 0.067108
v 0.079632 0.0152625 0.067001
v 0.080133 0.0173325 0.066826
v 0.080821 0.0193535 0.066585
v 0.081671 0.0212265 0.066286
v 0.082643 0.0228615 0.065945
v 0.083703 0.0242025 0.065607
v 0.084166 -0.0031165 0.064874
v 0.078817 0.0104215 0.066357
v 0.082592 -0.0031575 0.061537
v 0.081647 -0.0018165 0.062545
v 0.080672 -0.0003285 0.062998
v 0.07979 0.0014345 0.063407
v 0.079045 0.0033925 0.063753
v 0.078235 0.0064655 0.064128
v 0.077882 0.0104215 0.064441
v 0.078064 0.0142595 0.064213
v 0.079031 0.0183985 0.063763
v 0.080216 0.0212295 0.06322
v 0.081151 0.0228645 0.062787
v 0.082168 0.0242275 0.062295
v 0.080247 -0.0018115 0.060116
v 0.07931 -0.0003205 0.060643
v 0.078462 0.0014425 0.06112
v 0.077747 0.0034025 0.061522
v 0.077196 0.0054635 0.061834
v 0.076824 0.0075275 0.062044
v 0.076628 0.0095045 0.062156
v 0.076591 0.0113315 0.062176
v 0.076706 0.0132295 0.062114
v 0.07699 0.0152575 0.061956
v 0.077452 0.0173305 0.061697
v 0.078089 0.0193535 0.061341
v 0.078875 0.0212255 0.0609
v 0.080009 0.0232505 0.060255
v 0.078214 -0.0016935 0.057372
v 0.077452 -0.0003245 0.057986
v 0.076653 0.0014385 0.058541
v 0.075979 0.0033965 0.05901
v 0.07546 0.0054565 0.059373
v 0.075109 0.0075175 0.059618
v 0.074923 0.0094925 0.059748
v 0.074862 0.0113305 0.05974
v 0.074998 0.0132405 0.059699
v 0.075266 0.0152665 0.059515
v 0.075703 0.0173375 0.059213
v 0.076303 0.0193585 0.058797
v 0.077044 0.0212305 0.058284
v 0.077891 0.0228645 0.057697
v 0.078568 0.0238785 0.057234
v 0.079243 -0.0023945 0.057736
v 0.07768 -0.0027905 0.055145
v 0.075336 -0.0018085 0.053983
v 0.074536 -0.0003175 0.054701
v 0.074556 0.0014345 0.05613
v 0.073931 0.0033935 0.056663
v 0.073251 0.0064665 0.057242
v 0.072998 0.0104215 0.05764
v 0.07311 0.0142585 0.057369
v 0.07392 0.0183985 0.056677
v 0.074917 0.0212295 0.055836
v 0.075701 0.0228645 0.055169
v 0.07579 0.0242025 0.053643
v 0.072153 0.0014455 0.053802
v 0.071578 0.0034045 0.054388
v 0.071135 0.0054655 0.05484
v 0.070836 0.0075275 0.055145
v 0.07149 0.0104215 0.056144
v 0.070742 0.0132295 0.055245
v 0.070971 0.0152545 0.055015
v 0.071343 0.0173255 0.054639
v 0.071855 0.0193465 0.05412
v 0.072487 0.0212205 0.053478
v 0.073211 0.0228575 0.052744
v 0.071744 -0.0018095 0.050805
v 0.071034 -0.0003185 0.051613
v 0.069876 0.0104215 0.054727
v 0.072142 0.0242195 0.050386
v 0.072384 -0.0027065 0.050246
v 0.068534 0.0014435 0.050968
v 0.068027 0.0034035 0.051613
v 0.067637 0.0054645 0.052111
v 0.067373 0.0075265 0.052448
v 0.067234 0.0095025 0.052626
v 0.06716 0.0113305 0.052626
v 0.06729 0.0132295 0.052558
v 0.067493 0.0152565 0.052304
v 0.067822 0.0173275 0.051888
v 0.068273 0.0193495 0.051316
v 0.068832 0.0212225 0.050608
v 0.06947 0.0228595 0.049799
v 0.067772 -0.0018105 0.048002
v 0.067148 -0.0003205 0.048877
v 0.068118 0.0242195 0.047541
v 0.06456 0.0014425 0.048453
v 0.064115 0.0034015 0.049142
v 0.063772 0.0054625 0.049673
v 0.06354 0.0075255 0.050033
v 0.063418 0.0095015 0.050223
v 0.063348 0.0113305 0.050232
v 0.063468 0.0132315 0.05015
v 0.063646 0.0152585 0.049878
v 0.063935 0.0173305 0.049434
v 0.064333 0.0193535 0.048823
v 0.064824 0.0212255 0.048066
v 0.065384 0.0228615 0.047202
v 0.063518 -0.0018115 0.045552
v 0.06297 -0.0003215 0.046477
v 0.063 0.0242215 0.044621
v 0.060331 0.0014415 0.046248
v 0.059943 0.0034015 0.04697
v 0.059646 0.0054165 0.047516
v 0.05939 0.0075035 0.047876
v 0.059348 0.0094885 0.048109
v 0.059298 0.0113325 0.048134
v 0.059352 0.0132375 0.048013
v 0.05945 0.0152795 0.047696
v 0.059852 0.0173335 0.047307
v 0.060134 0.0193545 0.046634
v 0.060565 0.0212275 0.045842
v 0.061057 0.0228625 0.044936
v 0.058623 -0.0007405 0.044117
v 0.059275 -0.0024535 0.04289
v 0.056094 0.0043195 0.04561
v 0.055671 0.0196845 0.044549
v 0.055243 0.0217575 0.043217
v 0.056941 0.0235885 0.042515
v 0.05461 0.0243145 0.040897
v 0.091334 0.0233765 0.139959
v 0.087712 0.0143875 0.142302
v 0.087686 0.0131665 0.145682
v 0.054653 -0.0023815 0.041096
v 0.055399 0.0003705 0.043522
v 0.055801 0.0024725 0.044773
v 0.056252 0.0066825 0.046344
v 0.056391 0.0101635 0.046859
v 0.056336 0.0133675 0.046671
v 0.054719 0.0231905 0.041999
v 0.058564 0.0247915 0.041918
v 0.068716 0.0252375 0.046543
v 0.07192 0.0252255 0.048776
v 0.07949 0.0248025 0.05694
v 0.085733 0.0252195 0.067716
v 0.088926 0.0249715 0.086347
v 0.091009 0.0249155 0.108839
v 0.092047 0.0249015 0.125373
v 0.092048 -0.0031395 0.125382
v 0.077838 -0.0034725 0.054092
v 0.08809 0.0033435 0.129006
v 0.079932 -0.0031605 0.05729
v 0.081248 -0.0030305 0.059508
v 0.055003 -0.0012815 0.042214
v 0.081245 0.0247905 0.059507
v 0.078182 -0.0013825 0.161628
v 0.079142 -0.0024465 0.162509
v 0.079296 0.0004525 0.160287
v 0.079078 0.0023795 0.159382
v 0.078546 0.0036265 0.159003
v 0.08114 -0.0017715 0.161556
v 0.080713 -0.0009785 0.160966
v 0.07958 0.0052665 0.158366
v 0.083144 -0.0025725 0.161995
v 0.083137 -0.0003295 0.15991
v 0.080465 0.0071345 0.157929
v 0.082384 0.0014915 0.159064
v 0.083267 -0.0034155 0.163177
v 0.083677 0.0004905 0.159247
v 0.082144 0.0029115 0.158547
v 0.081577 0.0049725 0.158115
v 0.081313 0.0091395 0.157682
v 0.08214 0.0070365 0.157698
v 0.085547 -0.0020465 0.160676
v 0.085107 -0.0012815 0.16005
v 0.085918 -0.0027255 0.161402
v 0.083515 0.0034215 0.158033
v 0.083286 0.0049175 0.157725
v 0.082809 0.0091795 0.157401
v 0.084266 0.0018515 0.158335
v 0.085519 -0.0004675 0.159182
v 0.083274 0.0070615 0.157399
v 0.086455 -0.0033125 0.162167
v 0.087989 -0.0027655 0.160421
v 0.086108 -4.5e-06 0.158518
v 0.084895 0.0034045 0.15749
v 0.084781 0.0049325 0.157128
v 0.084297 0.0071085 0.157003
v 0.084024 0.0103145 0.156914
v 0.087593 -0.0020985 0.159652
v 0.087469 -0.0013255 0.158815
v 0.085827 0.0018295 0.157591
v 0.088661 -0.0033355 0.161075
v 0.08703 0.0004385 0.157537
v 0.08555 0.0060135 0.156391
v 0.085316 0.0082145 0.156237
v 0.089674 -0.0027605 0.158863
v 0.08898 -0.0020865 0.158382
v 0.087809 -0.0004665 0.157565
v 0.085762 0.0038555 0.156791
v 0.087174 0.0014775 0.15663
v 0.086693 0.0028835 0.156332
v 0.088878 -0.0012545 0.157164
v 0.088027 0.0005615 0.156204
v 0.086328 0.0049645 0.155878
v 0.086266 0.0071935 0.155357
v 0.090602 -0.0033235 0.159132
v 0.090868 -0.0027015 0.156635
v 0.089901 -0.0020145 0.156777
v 0.088816 -0.0003185 0.155841
v 0.087969 0.0015145 0.155312
v 0.087445 0.0029655 0.155117
v 0.08687 0.0050925 0.155036
v 0.089602 -0.0012195 0.155617
v 0.090507 -0.0020025 0.155172
v 0.088684 0.0005535 0.154734
v 0.086694 0.0071985 0.154608
v 0.091824 -0.0033065 0.15662
v 0.086921 0.0092995 0.153635
v 0.09154 -0.0026575 0.154026
v 0.090112 -0.0011805 0.153683
v 0.0894 -0.0003225 0.154038
v 0.088755 0.0010445 0.153484
v 0.087901 0.0030265 0.153775
v 0.087409 0.0050645 0.153662
v 0.087086 0.0071515 0.153662
v 0.091045 -0.0019065 0.151978
v 0.092368 -0.0032715 0.154301
v 0.08979 -0.0002385 0.151578
v 0.088716 0.0020635 0.151302
v 0.087973 0.0040295 0.152138
v 0.087574 0.0060885 0.152166
v 0.087215 0.0092195 0.152473
v 0.091971 -0.0025355 0.149346
v 0.090587 -0.0010175 0.148962
v 0.08944 0.0007445 0.149941
v 0.088209 0.0040875 0.150439
v 0.087829 0.0060955 0.15045
v 0.0875 0.0087165 0.15097
v 0.090106 -0.0001355 0.147274
v 0.087832 0.0072235 0.148152
v 0.091282 -0.0017845 0.14744
v 0.089201 0.0017695 0.146885
v 0.088646 0.0031465 0.148043
v 0.087637 0.0093185 0.14851
v 0.08818 0.0051645 0.147273
v 0.09277 -0.0032165 0.150644
v 0.089634 0.0008195 0.146069
v 0.08873 0.0031975 0.145188
v 0.088197 0.0052045 0.144508
v 0.087766 0.0073515 0.143324
v 0.090713 -0.0007715 0.139905
v 0.087582 0.0095165 0.144578
v 0.092049 -0.0024255 0.140202
v 0.091351 -0.0016335 0.139972
v 0.088979 0.0024925 0.140149
v 0.088476 0.0039075 0.140426
v 0.092813 -0.0031325 0.145435
v 0.088053 0.0053525 0.140574
v 0.089849 0.0006295 0.139829
v 0.092885 -0.0032065 0.140245
v 0.087596 0.0112105 0.146439
v 0.086296 0.0098315 0.154908
v 0.08545 0.0101815 0.155967
v 0.081673 0.0114385 0.1576
v 0.078578 0.0073765 0.158056
v 0.077983 0.0014425 0.159919
v 0.077936 -0.0002245 0.160837
v 0.093507 -0.0036245 0.14017
v 0.094151 -0.0039045 0.14039
v 0.093566 -0.0036375 0.147489
v 0.094084 -0.0039235 0.150948
v 0.093038 -0.0037995 0.155873
v 0.09278 -0.0040715 0.159122
v 0.091812 -0.0038505 0.159251
v 0.088181 -0.0041075 0.163964
v 0.09015 -0.0038855 0.16137
v 0.090139 -0.0040315 0.16217
v 0.088443 -0.0038825 0.162569
v 0.086674 -0.0039245 0.16342
v 0.084206 -0.0039255 0.164055
v 0.080195 -0.0040985 0.165459
v 0.093413 -0.0036475 0.151694
v 0.053181 -0.0041025 0.037397
v 0.065366 -0.0040945 0.042589
v 0.057204 -0.0038865 0.03983
v 0.060688 -0.0036005 0.041977
v 0.064159 -0.0038825 0.042946
v 0.067397 -0.0035835 0.045459
v 0.073763 -0.0040615 0.048225
v 0.070942 -0.0038735 0.046998
v 0.07192 -0.0034635 0.048776
v 0.079041 -0.0040585 0.053107
v 0.075272 -0.0035995 0.051223
v 0.07707 -0.0038815 0.052004
v 0.083875 -0.0040625 0.059669
v 0.081614 -0.0038935 0.057395
v 0.081219 -0.0036025 0.057963
v 0.084054 -0.0037895 0.062128
v 0.086591 -0.0040085 0.066526
v 0.089446 -0.0040545 0.075868
v 0.086053 -0.0036175 0.067733
v 0.088283 -0.0038725 0.073767
v 0.08794 -0.0035845 0.075278
v 0.08945 -0.0037555 0.083537
v 0.093069 -0.0040605 0.109938
v 0.092427 -0.0038945 0.110012
v 0.091811 -0.0036115 0.110225
v 0.090863 -0.0030835 0.108237
v 0.087946 -0.0032015 0.078648
v 0.074817 -0.0030935 0.05178
v 0.068453 -0.0030625 0.047006
v 0.064518 -0.0030585 0.044721
v 0.05923 -0.0032005 0.041949
v 0.053717 -0.0032615 0.039792
v 0.053987 -0.0035675 0.039373
v 0.059171 -0.0041095 0.16539
v 0.059125 -0.0038385 0.164324
v 0.078176 0.0201785 0.159839
v 0.059673 0.0232385 0.161686
v 0.059429 0.0249485 0.163337
v 0.060171 0.0258225 0.165174
v 0.059259 0.0253835 0.163922
v 0.080567 0.0258325 0.165212
v 0.079054 0.0255535 0.164245
v 0.083143 0.0254605 0.163703
v 0.08596 0.0255915 0.163409
v 0.086406 0.0258335 0.164223
v 0.088087 0.0256285 0.162698
v 0.092311 0.0258695 0.160651
v 0.092579 0.0257365 0.1585
v 0.093509 0.0257165 0.155683
v 0.094648 0.0258205 0.150448
v 0.093605 0.0254965 0.151082
v 0.093536 0.0253775 0.146804
v 0.09448 0.0257855 0.14005
v 0.091192 0.0257065 0.160504
v 0.09399 0.0258675 0.157131
v 0.095636 0.0258815 0.148014
v 0.089587 0.0257195 0.162065
v 0.05707 0.0255215 0.040155
v 0.064159 0.0256455 0.042946
v 0.063673 0.0251745 0.043742
v 0.070942 0.0256365 0.046998
v 0.065467 0.0258205 0.042796
v 0.07707 0.0256445 0.052005
v 0.075054 0.0252255 0.051348
v 0.07462 0.0258255 0.048869
v 0.077837 0.0252355 0.054091
v 0.081615 0.0256565 0.057395
v 0.081219 0.0253645 0.057963
v 0.080492 0.0258215 0.054784
v 0.084279 0.0256415 0.062013
v 0.08446 0.0258265 0.060811
v 0.086596 0.0257715 0.066536
v 0.088283 0.0256355 0.073768
v 0.087025 0.0252345 0.072147
v 0.088105 0.0252245 0.077491
v 0.08945 0.0255175 0.083537
v 0.089447 0.0258165 0.075869
v 0.092427 0.0256575 0.110011
v 0.091811 0.0253745 0.110225
v 0.093069 0.0258225 0.109926
v 0.093422 0.0258815 0.105168
v 0.088426 0.0258805 0.067812
v 0.083512 0.0252575 0.062283
v 0.093491 0.0253795 0.140089
v 0.040531 0.0008475 0.005293
v 0.040801 -0.0004515 0.00649
v 0.040775 0.0104705 0.004964
v 0.040324 -0.0083275 0.006493
v 0.035293 -0.0036155 -0.010229
v 0.035769 0.0095555 -0.010229
v 0.035066 0.0290515 -0.010229
v 0.034532 0.0355545 -0.010229
v 0.042915 -0.0136905 0.02901
v 0.050185 -0.0104145 0.154917
v 0.049332 -0.0084975 0.121555
v 0.048045 -0.0089845 0.093264
v 0.046775 -0.0080455 0.062934
v 0.045584 -0.0093315 0.046615
v 0.04354 -0.0080735 0.028819
v 0.044885 -0.0081745 0.037836
v 0.044301 -0.0084595 0.033637
v 0.038631 -0.0082845 0.013343
v 0.047279 -0.0033605 0.061532
v 0.050045 -0.0033085 0.11618
v 0.050131 6.75e-05 0.108578
v 0.046337 -0.0031925 0.047282
v 0.044622 -0.0020705 0.031858
v 0.043747 -0.0028655 0.027583
v 0.042915 -0.0046835 0.024567
v 0.042094 -0.0046095 0.021603
v 0.041144 -0.0045285 0.01873
v 0.045563 -0.0014135 0.038125
v 0.047593 0.0004055 0.060792
v 0.040217 -0.0027875 0.015996
v 0.050302 0.0040035 0.104683
v 0.047931 0.0048445 0.061627
v 0.046834 0.0034825 0.0473
v 0.04501 0.0046055 0.031831
v 0.044139 0.0036855 0.027564
v 0.043423 0.0037335 0.024539
v 0.041612 0.0038425 0.01871
v 0.039296 0.0017605 0.013359
v 0.051149 0.0077625 0.11755
v 0.045952 0.0052275 0.038119
v 0.042625 0.0046875 0.021588
v 0.050752 0.0104355 0.108447
v 0.047032 0.0105795 0.047033
v 0.045598 0.0102895 0.034729
v 0.045817 -0.0136715 0.06198
v 0.047991 0.0095305 0.060155
v 0.036036 0.0049715 0.006525
v 0.035707 0.0003605 0.00616
v 0.035272 -0.0089915 0.006483
v 0.04204 -0.0136875 0.024875
v 0.039062 -0.0137085 0.015587
v 0.041293 -0.0136835 0.022009
v 0.034973 -0.0087965 0.00534
v 0.035717 0.0069295 0.005033
v 0.035786 0.0098185 0.005341
v 0.035369 -0.0024655 0.005046
v 0.039594 -0.0126355 -0.010229
v 0.039387 -0.0131685 0.005308
v 0.038609 -0.0138835 -0.010229
v 0.038877 -0.0137295 0.00533
v 0.038367 -0.0139915 0.005108
v 0.037992 -0.0141035 0.006047
v 0.039715 -0.0131495 0.006533
v 0.039853 -0.0125275 0.006248
v 0.039623 -0.0125365 0.005033
v 0.040067 -0.0074365 0.005308
v 0.040079 0.0287705 0.005055
v 0.040561 0.0202145 0.005076
v 0.040901 0.0169085 0.006238
v 0.040574 0.0244095 0.006234
v 0.040191 0.0302335 0.006222
v 0.041015 0.0093065 0.006259
v 0.038111 0.0358455 -0.010229
v 0.038895 0.0354655 -0.010229
v 0.03961 0.0343245 -0.010229
v 0.039381 0.0349115 -0.010229
v 0.039718 0.0349125 0.006535
v 0.038885 0.0354845 0.005329
v 0.038024 0.0358675 0.006154
v 0.039421 0.0349115 0.005416
v 0.039653 0.0341895 0.005287
v 0.039137 0.0354885 0.006479
v 0.038475 0.0357485 0.006078
v 0.034735 -0.0139575 0.005778
v 0.034831 -0.0137015 0.006407
v 0.034553 -0.0137145 0.005272
v 0.034957 -0.0141005 0.005754
v 0.044899 0.0101765 0.030503
v 0.042737 0.0109685 0.021568
v 0.049266 0.0124335 0.081773
v 0.046211 0.0116515 0.039349
v 0.041764 0.0109805 0.018685
v 0.045576 0.0142245 0.034841
v 0.047973 0.0151685 0.060999
v 0.053516 0.0210365 0.17859
v 0.051061 0.0169105 0.118534
v 0.04448 0.0165415 0.028832
v 0.043488 0.0164815 0.02455
v 0.042643 0.0164405 0.021588
v 0.049686 0.0187795 0.094577
v 0.047775 0.0196965 0.061765
v 0.046883 0.0175105 0.047389
v 0.046032 0.0184025 0.039544
v 0.041611 0.0180875 0.018723
v 0.040525 0.0180345 0.015963
v 0.039397 0.0168405 0.013324
v 0.045347 0.0200255 0.034899
v 0.050099 0.0223345 0.109341
v 0.044445 0.0232935 0.030661
v 0.049478 0.0262795 0.107826
v 0.047276 0.0252505 0.061574
v 0.046389 0.0245045 0.047401
v 0.045339 0.0259635 0.03821
v 0.044665 0.0266885 0.03371
v 0.048854 0.0306195 0.111304
v 0.046353 0.0315515 0.059988
v 0.045741 0.0304745 0.047627
v 0.043676 0.0259995 0.027664
v 0.042976 0.0259555 0.02462
v 0.042151 0.0259025 0.021647
v 0.041126 0.0266795 0.018759
v 0.040061 0.0266115 0.015992
v 0.045037 0.0354515 0.047811
v 0.044759 0.0313035 0.038211
v 0.043982 0.0306385 0.031787
v 0.042918 0.0354515 0.029029
v 0.038852 0.0278035 0.013403
v 0.039433 0.0108055 0.01317
v 0.049459 0.0352345 0.159339
v 0.034837 0.0354515 0.006429
v 0.035495 0.0279815 0.006525
v 0.035887 0.0174345 0.006236
v 0.052966 0.0244495 0.178522
v 0.04429 0.0102085 0.027467
v 0.043574 0.0103165 0.024478
v 0.040669 0.0098615 0.015901
v 0.051371 0.0285055 0.161537
v 0.050746 0.0317215 0.165835
v 0.04379 0.0354415 0.034717
v 0.04129 0.0354445 0.022002
v 0.040187 0.0354455 0.018509
v 0.039054 0.0354685 0.01557
v 0.03541 0.0235125 0.005294
v 0.034955 0.0306465 0.005298
v 0.035673 0.0166135 0.00504
v 0.036123 0.0109355 0.006527
v 0.034922 0.0358715 -0.010229
v 0.034547 0.0354785 0.005265
v 0.035107 0.0358695 0.006127
v 0.034976 0.0357175 0.006418
v 0.034768 0.0358015 0.005347
v 0.055338 0.0146605 0.102078
v 0.04439 0.0167525 0.013303
v 0.05797 0.0155115 0.155816
v 0.052883 0.0188195 0.062462
v 0.04558 0.0156435 0.015895
v 0.055121 0.0207965 0.106256
v 0.045197 0.0245885 0.01596
v 0.051711 0.0232755 0.050225
v 0.052265 0.0247475 0.060575
v 0.043938 0.0258985 0.013322
v 0.055111 0.0264335 0.122096
v 0.046408 0.0215945 0.018628
v 0.050836 0.0294445 0.047146
v 0.046893 0.0286215 0.021604
v 0.045954 0.0285185 0.018731
v 0.051788 0.0297485 0.063013
v 0.05131 0.0342745 0.06873
v 0.049627 0.0343615 0.040896
v 0.048967 0.0342505 0.034822
v 0.043094 0.0343815 0.013094
v 0.039946 0.0342715 0.006454
v 0.048377 0.0343145 0.03093
v 0.047803 0.0343045 0.027746
v 0.046799 0.0160995 0.019031
v 0.048156 0.0262025 0.02544
v 0.050105 0.0281325 0.03797
v 0.048637 0.0277265 0.028246
v 0.052942 0.0125665 0.059403
v 0.054493 0.0098175 0.085731
v 0.055876 0.0105925 0.111321
v 0.058057 0.0120045 0.155259
v 0.057089 0.0244645 0.159297
v 0.056829 0.0264595 0.161759
v 0.058462 0.0252865 0.163375
v 0.056681 0.0277675 0.164565
v 0.057158 0.0264375 0.16328
v 0.057701 0.0259955 0.163645
v 0.058331 0.0258085 0.164279
v 0.059108 0.0257025 0.164623
v 0.05789 0.0252485 0.162681
v 0.057239 0.0257805 0.162348
v 0.057122 0.0270275 0.165169
v 0.057982 0.0267245 0.178598
v 0.057655 0.0265165 0.165343
v 0.058382 0.0260765 0.165356
v 0.057168 0.0247915 0.160586
v 0.05758 0.0244335 0.16118
v 0.05859 0.0243255 0.16228
v 0.058126 0.0230405 0.160622
v 0.058769 0.0231725 0.161315
v 0.057465 0.0224915 0.158909
v 0.058967 0.0217775 0.160374
v 0.058148 0.0215035 0.159463
v 0.057914 0.0193605 0.157617
v 0.058204 0.0192335 0.158095
v 0.059189 0.0199255 0.159417
v 0.058663 0.0182615 0.1582
v 0.059378 0.0179455 0.158646
v 0.060354 0.0177625 0.15888
v 0.057639 0.0200035 0.157115
v 0.058188 0.0153025 0.156416
v 0.058476 0.0152325 0.156917
v 0.059309 0.0152255 0.157732
v 0.059851 0.0151235 0.157984
v 0.060485 0.0160205 0.158386
v 0.058899 0.0143455 0.157211
v 0.060607 0.0138025 0.157953
v 0.0584 0.0118485 0.156263
v 0.059655 0.0122375 0.157505
v 0.060676 0.0116585 0.157767
v 0.060148 0.0197275 0.159627
v 0.059884 0.0216295 0.160581
v 0.059483 0.0242395 0.162545
v 0.057697 -0.0041735 0.163487
v 0.057271 -0.0050845 0.164922
v 0.058333 -0.0040475 0.164285
v 0.056952 -0.0049315 0.162988
v 0.057866 -0.0045925 0.165367
v 0.058578 -0.0042505 0.165355
v 0.05826 0.0084765 0.156098
v 0.058738 0.0090495 0.156823
v 0.059165 0.0109955 0.157137
v 0.059387 0.0080665 0.157494
v 0.058476 0.0065305 0.156917
v 0.058802 0.0054615 0.157615
v 0.060152 0.0071105 0.15802
v 0.058075 0.0044695 0.156908
v 0.059514 0.0056915 0.158104
v 0.06049 0.0049155 0.158611
v 0.058204 0.0025295 0.158095
v 0.059378 0.0038175 0.158646
v 0.058578 0.0026025 0.158559
v 0.057715 0.0003895 0.158535
v 0.059189 0.0018365 0.159417
v 0.057597 0.0013835 0.157307
v 0.058148 0.0002585 0.159463
v 0.058967 -1.45e-05 0.160374
v 0.058126 -0.0012785 0.160623
v 0.057552 -0.0018995 0.160352
v 0.058769 -0.0014095 0.161315
v 0.057359 -0.0032495 0.161482
v 0.05791 -0.0028865 0.161972
v 0.058578 -0.0026205 0.16233
v 0.059535 -0.0025745 0.162655
v 0.05686 -0.0044635 0.161397
v 0.05992 0.0099575 0.157572
v 0.057353 -0.0042415 0.162947
v 0.058413 -0.0035795 0.16341
v 0.059385 -0.0032445 0.163411
v 0.059675 -0.0014375 0.161648
v 0.060024 0.0004755 0.160397
v 0.060937 0.0071215 0.15811
v 0.056836 -0.0057235 0.16515
v 0.057298 -0.0060155 0.178541
v 0.101094 -0.0038605 0.114401
v 0.101535 -0.0035215 0.110132
v 0.097873 -0.0038625 0.08061
v 0.096655 -0.0040905 0.078601
v 0.098709 -0.0035365 0.08113
v 0.095986 -0.0038725 0.070155
v 0.09719 -0.0035535 0.072173
v 0.093771 -0.0040985 0.065771
v 0.095904 -0.0034225 0.066111
v 0.093626 -0.0038545 0.062388
v 0.094614 -0.0035395 0.062973
v 0.090289 -0.0040565 0.057126
v 0.090516 -0.0038705 0.056008
v 0.092411 -0.0035395 0.057917
v 0.086511 -0.0038635 0.05008
v 0.085949 -0.0040985 0.050984
v 0.089185 -0.0035665 0.052511
v 0.085851 -0.0035465 0.048179
v 0.081576 -0.0038545 0.044776
v 0.079804 -0.0040535 0.044205
v 0.082086 -0.0035275 0.044221
v 0.075881 -0.0038685 0.040296
v 0.070595 -0.0040545 0.037808
v 0.076305 -0.0035605 0.039695
v 0.069504 -0.0038555 0.036326
v 0.070908 -0.0035465 0.036296
v 0.066708 -0.0033495 0.033697
v 0.059242 -0.0038635 0.031636
v 0.059592 -0.0040555 0.03263
v 0.057561 -0.0035435 0.030237
v 0.074926 -0.0041185 0.041083
v 0.050119 -0.0123575 0.046139
v 0.053254 -0.0126975 0.118977
v 0.051496 -0.0116895 0.069761
v 0.050836 -0.0076825 0.047146
v 0.049022 -0.0064795 0.030567
v 0.045954 -0.0067575 0.018731
v 0.045197 -0.0028265 0.01596
v 0.043993 -0.0032865 0.013331
v 0.05657 -0.0063865 0.164372
v 0.051787 -0.0079865 0.063011
v 0.051711 -0.0015135 0.050225
v 0.054895 -0.0051065 0.11922
v 0.052477 -0.0012175 0.060984
v 0.047022 -0.0049245 0.021486
v 0.054817 -0.0016935 0.106414
v 0.044353 0.0040135 0.013308
v 0.046408 0.0001675 0.018628
v 0.05574 0.0023815 0.116195
v 0.053043 0.0067575 0.061937
v 0.055259 0.0044745 0.103237
v 0.058033 0.0083655 0.155382
v 0.04558 0.0061205 0.015894
v 0.057248 -0.0017395 0.159026
v 0.056332 -0.0096635 0.178485
v 0.05089 -0.0126595 0.06004
v 0.046756 0.0086535 0.018676
v 0.048973 -0.0124715 0.034852
v 0.047802 -0.0125425 0.027728
v 0.057859 0.0045085 0.156161
v 0.047609 -0.0013635 0.022547
v 0.044944 0.0107095 0.014257
v 0.050962 -0.0043005 0.030631
v 0.051486 -0.0041275 0.030316
v 0.050222 -0.0043225 0.029359
v 0.049495 -0.0046855 0.028797
v 0.049005 -0.0052565 0.028645
v 0.049941 -0.0040625 0.028378
v 0.050891 -0.0038795 0.028808
v 0.049698 -0.0036435 0.027453
v 0.0487 -0.0045525 0.027053
v 0.048593 -0.0058885 0.027985
v 0.049366 -0.0055385 0.030487
v 0.050108 -0.0047465 0.030596
v 0.050723 -0.0045075 0.031833
v 0.052862 0.0250035 0.039991
v 0.053693 0.0251135 0.039669
v 0.051459 0.0260245 0.039383
v 0.051948 0.0258215 0.038981
v 0.052536 0.0256365 0.038832
v 0.05095 0.0265375 0.039374
v 0.053135 0.0256845 0.038346
v 0.050512 0.0272925 0.040786
v 0.050379 0.0274515 0.038058
v 0.050663 0.0269985 0.03793
v 0.051069 0.0265775 0.037694
v 0.052323 0.0259265 0.037399
v 0.053072 0.0258735 0.037248
v 0.052012 0.0252185 0.040288
v 0.051223 0.0258785 0.040539
v 0.052355 0.0130965 0.048504
v 0.05283 0.0131935 0.047579
v 0.052197 0.0129975 0.049375
v 0.053544 0.0142845 0.046728
v 0.054294 0.0142525 0.046392
v 0.055071 0.0142635 0.046269
v 0.055366 0.0126675 0.046505
v 0.052468 0.0157055 0.047439
v 0.052982 0.0155865 0.046827
v 0.053372 0.0166785 0.046105
v 0.05411 0.0166245 0.045771
v 0.054875 0.0166395 0.045638
v 0.052191 0.0181615 0.046822
v 0.05264 0.0179575 0.046203
v 0.055621 0.0176815 0.045357
v 0.052033 0.0171935 0.048028
v 0.053135 0.0189105 0.045234
v 0.053856 0.0188325 0.044904
v 0.054605 0.0188425 0.044757
v 0.051692 0.0214645 0.045599
v 0.052154 0.0202275 0.045501
v 0.05484 0.0199545 0.044196
v 0.052642 0.0200925 0.044942
v 0.053209 0.0207625 0.044046
v 0.053864 0.0211195 0.04356
v 0.05157 0.0213935 0.046532
v 0.051908 0.0220215 0.044423
v 0.052423 0.0217505 0.04392
v 0.054491 0.0215555 0.043198
v 0.052929 0.0223235 0.043
v 0.051536 0.0236945 0.043339
v 0.052144 0.0232955 0.042758
v 0.053463 0.0229925 0.042157
v 0.054152 0.0229995 0.042068
v 0.051141 0.0245855 0.043589
v 0.051602 0.0246385 0.041818
v 0.052685 0.0238875 0.041582
v 0.053683 0.0241095 0.040948
v 0.055852 0.0158185 0.046012
v 0.052025 0.0169315 0.048916
v 0.050775 0.0266345 0.040501
v 0.055703 0.0116435 0.046639
v 0.052707 0.0117385 0.04796
v 0.052253 0.0092115 0.049116
v 0.050808 0.0263005 0.042972
v 0.048721 0.0263785 0.027159
v 0.049176 0.0258735 0.027393
v 0.049739 0.0254535 0.027555
v 0.050013 0.0258505 0.028526
v 0.050943 0.0256325 0.028851
v 0.049013 0.0282235 0.030502
v 0.048956 0.0273125 0.028909
v 0.049383 0.0266715 0.029031
v 0.050286 0.0260785 0.02944
v 0.051279 0.0258165 0.029731
v 0.050463 0.0251215 0.027582
v 0.050963 0.0260795 0.030766
v 0.050172 0.0264695 0.030685
v 0.049423 0.0272975 0.030748
v 0.050135 0.0270795 0.034197
v 0.049579 0.0281775 0.034025
v 0.051528 0.0262385 0.037476
v 0.05167 0.0258885 0.03061
v 0.047239 0.0129615 0.019304
v 0.04806 0.0129915 0.019928
v 0.046756 0.0131055 0.018675
v 0.047025 0.0188085 0.019954
v 0.047235 0.0157415 0.019695
v 0.047939 0.0154865 0.020244
v 0.048491 0.0152835 0.020463
v 0.047814 0.0176385 0.020734
v 0.047389 0.0188585 0.020628
v 0.04798 0.0200045 0.021765
v 0.049143 0.0203615 0.022722
v 0.048674 0.0213005 0.023025
v 0.049397 0.0214845 0.023549
v 0.047558 0.0227315 0.022272
v 0.04813 0.0228715 0.023442
v 0.049301 0.0225565 0.024351
v 0.048371 0.0249585 0.025219
v 0.048798 0.0245175 0.025494
v 0.04931 0.0241665 0.025715
v 0.050005 0.0239875 0.025968
v 0.04768 0.0108395 0.0196
v 0.046823 0.0108815 0.018741
v 0.052226 -0.0034965 0.040017
v 0.050225 -0.0062745 0.038891
v 0.05076 -0.0048955 0.040509
v 0.051104 -0.0044325 0.040136
v 0.051396 -0.0043435 0.039242
v 0.052191 -0.0039145 0.038971
v 0.053192 -0.0037815 0.038798
v 0.052265 -0.0041625 0.037681
v 0.050603 -0.0051965 0.041386
v 0.052832 -0.0033385 0.039855
v 0.051249 -0.0030915 0.042476
v 0.051781 -0.0026305 0.041915
v 0.052366 -0.0023485 0.041564
v 0.053185 -0.0022635 0.041154
v 0.053825 -0.0021225 0.041202
v 0.05141 -0.0015965 0.044253
v 0.051858 -0.0011445 0.043589
v 0.052565 -0.0008215 0.04304
v 0.053242 -0.0006835 0.042729
v 0.05418 -0.0006855 0.042514
v 0.051092 -0.0030125 0.043587
v 0.051815 0.0012795 0.046165
v 0.052145 0.0006995 0.044841
v 0.052875 0.0009645 0.044246
v 0.053576 0.0010705 0.043923
v 0.054557 0.0010495 0.04373
v 0.05161 0.0006715 0.046693
v 0.052366 0.0027175 0.045947
v 0.053143 0.0029165 0.045262
v 0.053865 0.0029945 0.044933
v 0.054793 0.0024515 0.044504
v 0.055003 0.0039565 0.045194
v 0.052135 0.0046085 0.047563
v 0.052552 0.0045095 0.046655
v 0.053362 0.0049845 0.046071
v 0.0541 0.0050395 0.045737
v 0.054964 0.0060725 0.045926
v 0.05558 0.0066275 0.046132
v 0.051986 0.0045075 0.048301
v 0.052281 0.0068675 0.048188
v 0.05271 0.0066925 0.047288
v 0.053523 0.0071145 0.04665
v 0.054272 0.0071495 0.046315
v 0.055112 0.0082155 0.046395
v 0.052387 0.0098105 0.048614
v 0.052808 0.0089305 0.047676
v 0.053618 0.0092885 0.046988
v 0.054375 0.0093055 0.046651
v 0.055711 0.0093115 0.046584
v 0.053025 0.0104975 0.047569
v 0.05517 0.0104185 0.046606
v 0.052224 0.0089995 0.049802
v 0.051066 -0.0032245 0.044432
v 0.053624 0.0116395 0.047059
v 0.054376 0.0116335 0.04672
v 0.051646 -0.0037655 0.040282
v 0.048157 -0.0042985 0.025387
v 0.04837 -0.0032035 0.025221
v 0.048796 -0.0027685 0.025504
v 0.049296 -0.0024195 0.025718
v 0.049989 -0.0022275 0.025966
v 0.048977 -0.0011015 0.024334
v 0.04813 -0.0011225 0.023448
v 0.049538 -0.0004655 0.024147
v 0.047199 0.0015085 0.020669
v 0.047847 0.0002005 0.022356
v 0.048666 0.0004335 0.023036
v 0.047501 0.0019905 0.021106
v 0.048022 0.0023375 0.021562
v 0.04875 0.0030175 0.021733
v 0.046839 0.0054845 0.019139
v 0.047539 0.0039665 0.020517
v 0.048118 0.0042165 0.020931
v 0.048537 0.0051695 0.020833
v 0.047236 0.0060195 0.019696
v 0.047935 0.0062645 0.020244
v 0.048367 0.0075475 0.020197
v 0.047239 0.0087995 0.019304
v 0.04802 0.0089415 0.019886
v 0.048434 0.0116185 0.019956
v 0.049152 -0.0040525 0.027289
v 0.050382 -0.0056925 0.038108
v 0.050681 -0.0052195 0.037957
v 0.051088 -0.0047945 0.03788
v 0.051603 -0.0044345 0.037841
v 0.049586 -0.0064135 0.034076
v 0.050245 -0.0051525 0.034186
v 0.057983 0.0264535 0.178759
v 0.053756 0.0006935 0.178761
v 0.050379 0.0355645 0.178768
v 0.103228 0.0248785 0.127463
v 0.104314 0.0256265 0.178523
v 0.103532 0.0258135 0.178586
v 0.103639 0.0253125 0.149319
v 0.059188 0.0258775 0.165425
v 0.102821 0.0258805 0.178513
v 0.08916 0.0258705 0.163435
v 0.081268 0.0258815 0.165833
v 0.042849 -0.0131315 0.013092
v 0.043297 -0.0137205 0.015354
v 0.044191 -0.0131735 0.016278
v 0.042379 -0.0140945 0.015241
v 0.045923 -0.0131855 0.021171
v 0.045573 -0.0136115 0.021294
v 0.044997 -0.0139395 0.021096
v 0.046995 -0.0126755 0.024193
v 0.046152 -0.0139365 0.025268
v 0.047575 -0.0131995 0.027976
v 0.046867 -0.0136365 0.026292
v 0.045214 -0.0141035 0.023701
v 0.048383 -0.0132085 0.032689
v 0.04802 -0.0136235 0.032756
v 0.047586 -0.0139395 0.033029
v 0.049565 -0.0127625 0.040609
v 0.049283 -0.0132645 0.04046
v 0.048871 -0.0137535 0.041181
v 0.047911 -0.0140965 0.039151
v 0.050375 -0.0129355 0.052374
v 0.050457 -0.0132795 0.056891
v 0.049921 -0.0137715 0.056185
v 0.049204 -0.0140965 0.056847
v 0.052407 -0.0126435 0.096125
v 0.052336 -0.0133405 0.102991
v 0.051845 -0.0138015 0.103201
v 0.038819 -0.0139265 0.006578
v 0.039258 -0.0135885 0.006378
v 0.043101 -0.0124035 0.013022
v 0.046303 -0.0125145 0.021574
v 0.044366 -0.0125175 0.016024
v 0.045453 -0.0124895 0.018923
v 0.048372 -0.0125435 0.030889
v 0.055319 -0.0129405 0.178562
v 0.055025 -0.0134095 0.17855
v 0.054465 -0.0138875 0.178531
v 0.052713 -0.0140545 0.141745
v 0.039102 0.0358645 0.014675
v 0.046113 0.0358555 0.027156
v 0.054786 0.0354145 0.178547
v 0.052614 0.0347535 0.104312
v 0.052188 0.0353415 0.104692
v 0.051529 0.0357915 0.106433
v 0.050498 0.0343735 0.052479
v 0.050606 0.0350175 0.060076
v 0.050067 0.0349995 0.05022
v 0.04984 0.0355265 0.054655
v 0.049131 0.0358615 0.055688
v 0.049357 0.0349835 0.040905
v 0.048857 0.0355145 0.041034
v 0.048391 0.0349695 0.032705
v 0.048028 0.0353855 0.032774
v 0.047589 0.0356975 0.032957
v 0.047891 0.0358595 0.038991
v 0.047573 0.0349605 0.027965
v 0.046991 0.0344355 0.024187
v 0.04678 0.0354265 0.02605
v 0.046207 0.0349475 0.022182
v 0.045727 0.0354995 0.022367
v 0.045448 0.0342585 0.018908
v 0.044684 0.0358655 0.021594
v 0.045057 0.0349775 0.018646
v 0.044512 0.0354965 0.018564
v 0.044389 0.0342845 0.016078
v 0.043841 0.0349165 0.015361
v 0.042823 0.0354745 0.014266
v 0.042694 0.0358165 0.015658
v 0.055253 0.0348595 0.178546
v 0.046294 0.0342795 0.021549
v 0.044379 -0.0141015 0.036429
v 0.037734 -0.0139505 0.012221
v 0.039118 -0.0141015 0.014713
v 0.037699 -0.0137025 0.01245
v 0.039957 -0.0139505 0.017446
v 0.040199 -0.0136835 0.018544
v 0.041665 -0.0140955 0.021946
v 0.041814 -0.0139475 0.02338
v 0.043046 -0.0139455 0.029037
v 0.043118 -0.0141005 0.028147
v 0.044163 -0.0139425 0.036558
v 0.043794 -0.0136785 0.034747
v 0.044429 -0.0136825 0.040501
v 0.04549 -0.0139405 0.052535
v 0.045711 -0.0141015 0.052343
v 0.045073 -0.0136855 0.048351
v 0.047641 -0.0139265 0.104957
v 0.047706 -0.0136115 0.109987
v 0.050226 -0.0139055 0.178582
v 0.050117 -0.0136415 0.178505
v 0.037714 0.0357125 0.012179
v 0.037692 0.0354675 0.012433
v 0.039939 0.0357135 0.017397
v 0.041654 0.0358575 0.02191
v 0.041805 0.0357095 0.023346
v 0.043041 0.0357085 0.029015
v 0.043114 0.0358635 0.028129
v 0.044156 0.0357055 0.036499
v 0.044372 0.0358645 0.036378
v 0.045479 0.0357025 0.052352
v 0.045834 0.0354325 0.06241
v 0.0457 0.0358645 0.05218
v 0.047598 0.0356875 0.103836
v 0.047671 0.0353905 0.108849
v 0.047833 0.0358605 0.103912
v 0.050125 0.0354095 0.178523
v 0.044422 0.0354425 0.040437
v 0.042041 0.0354485 0.024881
v 0.10375 -0.0038515 0.178766
v 0.105195 -0.0032955 0.178752
v 0.105493 -0.0032965 0.178535
v 0.054185 0.0115595 0.17851
v 0.054258 0.0152205 0.178756
v 0.054098 0.0147385 0.178527
v 0.05387 0.0178465 0.178528
v 0.053741 0.0209605 0.178755
v 0.052451 0.0279825 0.178754
v 0.052098 0.0287055 0.178626
v 0.051298 0.0317075 0.178575
v 0.105493 0.0250585 0.178535
v 0.106774 0.0240335 0.178494
v 0.10668 0.0238695 0.178766
v 0.108215 0.0225135 0.178579
v 0.107988 0.0225265 0.178756
v 0.110203 0.0191265 0.178764
v 0.111052 0.0175635 0.178589
v 0.111708 0.0153985 0.178583
v 0.111511 0.0153875 0.178758
v 0.112017 0.0137665 0.178583
v 0.112055 0.0114435 0.178764
v 0.112222 0.0099205 0.17856
v 0.112017 0.0079965 0.178583
v 0.111781 0.0077735 0.17876
v 0.111708 0.0063645 0.178583
v 0.110939 0.0044475 0.178766
v 0.109797 0.0018215 0.178736
v 0.109373 0.0008355 0.178575
v 0.108204 -0.0004335 0.178764
v 0.106708 -0.0021455 0.178723
v 0.112187 0.0122815 0.178568
v 0.059789 -0.0041185 0.178538
v 0.105211 0.0250565 0.178746
v 0.103613 0.0256775 0.17875
v 0.054774 -0.0135185 0.178727
v 0.055107 -0.0130375 0.178755
v 0.056351 0.0313725 0.178555
v 0.050469 0.0358325 0.178626
v 0.054774 0.0352815 0.178727
v 0.05511 0.0347995 0.178755
v 0.053967 0.0356875 0.17875
v 0.053717 0.0358685 0.178551
v 0.054244 0.0357405 0.178542
v 0.050279 -0.0136465 0.17873
v 0.052451 -0.0062205 0.178754
v 0.052141 -0.0066765 0.178602
v 0.052794 -0.0035835 0.178529
v 0.053367 -0.0003445 0.178599
v 0.0538 0.0031315 0.178594
v 0.054342 0.0084655 0.178747
v 0.054124 0.0072365 0.178547
v 0.051308 -0.0098475 0.178549
v 0.053994 -0.0139115 0.178753
v 0.053741 -0.0141025 0.178549
v 0.050453 -0.0138415 0.178768
v 0.050449 -0.0140785 0.17861
v 0.050256 0.0354135 0.17871
v 0.050226 0.0356685 0.178582
v 0.059782 0.0258805 0.178535
v 0.059628 0.0257205 0.178767
v 0.058838 0.0260115 0.178722
v 0.058791 0.0261615 0.178551
v 0.057335 0.0276545 0.178545
v 0.057252 0.0274855 0.178746
v 0.058836 -0.0042485 0.178722
v 0.058272 -0.0043645 0.178771
v 0.058357 -0.0046585 0.178542
v 0.057964 -0.0048205 0.178724
v 0.057256 -0.0057145 0.178745
v 0.0577 -0.0052975 0.178542
v 0.05909 -0.0042865 0.178548
v 0.05968 -0.0039835 0.178745
v 0.060637 0.0091155 0.157825
v 0.060285 0.0028535 0.159298
v 0.078251 0.0053615 0.158491
v 0.079077 0.0093045 0.157823
v 0.047888 -0.0141005 0.10516
v 0.053502 -0.0141185 0.178471
v 0.053502 -0.0141185 0.178471
v 0.053502 -0.0141185 0.178471
v -0.019285 0.0267505 0.005051
v -0.010965 0.0236425 0.005051
v -0.007962 0.0204825 0.005051
v -0.005142 0.0087895 0.005051
v -0.009026 0.0010675 0.005051
v -0.016031 -0.0033095 0.005051
v -0.021279 -0.0039005 0.005051
v -0.025603 -0.0029165 0.005051
v -0.033322 0.0033335 0.005051
v -0.035619 0.0114245 0.005051
v -0.03505 0.0154175 0.005051
v -0.031541 0.0217825 0.005051
v -0.028731 0.0242075 0.005051
v -0.024535 0.0261595 0.005051
v -0.005157 0.0095085 0.017511
v -0.010011 0.0154385 0.021818
v -0.033734 0.0187635 0.005051
v -0.035005 0.0072405 0.005051
v -0.029601 -0.0007935 0.005051
v -0.011835 -0.0013585 0.005051
v -0.006832 0.0040865 0.005051
v -0.005125 0.0135225 0.005051
v -0.006153 0.0173485 0.005051
v -0.014963 0.0257655 0.005051
v -0.018457 0.0243165 0.021028
v -0.0186 0.0265875 0.017488
v -0.018451 0.0261585 0.018829
v -0.017841 0.0254405 0.019909
v -0.016737 0.0262475 0.017618
v -0.016992 0.0243695 0.020765
v -0.016926 0.0226095 0.021649
v -0.01646 0.0258325 0.01872
v -0.015151 0.0228605 0.021321
v -0.015036 0.0250465 0.019355
v -0.014746 0.0239965 0.020467
v -0.014786 0.0256435 0.017678
v -0.012846 0.0247755 0.017335
v -0.013311 0.0236295 0.020096
v -0.011836 0.0239655 0.018121
v -0.01238 0.0238185 0.019171
v -0.012843 0.0203665 0.021676
v -0.013747 0.0197735 0.021843
v -0.012245 0.0217875 0.020957
v -0.010267 0.0229665 0.017184
v -0.010545 0.0215005 0.020188
v -0.009494 0.0219685 0.018267
v -0.009973 0.0219055 0.019183
v -0.009852 0.0188415 0.021181
v -0.008192 0.0207585 0.017417
v -0.010842 0.0182755 0.02165
v -0.007599 0.0190365 0.019026
v -0.008192 0.0187635 0.020011
v -0.008861 0.0184145 0.020751
v -0.006892 0.0187125 0.017577
v -0.008461 0.0159475 0.021234
v -0.006066 0.0169165 0.017644
v -0.006031 0.0155805 0.018906
v -0.00698 0.0158385 0.020167
v -0.005348 0.0146675 0.017374
v -0.00882 0.0133215 0.021676
v -0.007682 0.0140485 0.021106
v -0.006566 0.0131835 0.020369
v -0.005829 0.0129795 0.019463
v -0.005277 0.0129875 0.018254
v -0.007526 0.0107365 0.021195
v -0.005008 0.0114785 0.017264
v -0.008365 0.0096945 0.021545
v -0.005311 0.0106085 0.018488
v -0.00664 0.0099485 0.020457
v -0.009588 0.0088885 0.021808
v -0.005928 0.0095875 0.019576
v -0.005799 0.0084295 0.018975
v -0.005495 0.0076795 0.017488
v -0.007308 0.0073595 0.020576
v -0.008452 0.0066975 0.021194
v -0.006434 0.0066705 0.019309
v -0.00962 0.0120555 0.021841
v -0.006098 0.0057945 0.01746
v -0.009909 0.0055305 0.02157
v -0.007124 0.0040135 0.018177
v -0.007581 0.0041305 0.019289
v -0.008533 0.0043345 0.020457
v -0.007562 0.0029265 0.017154
v -0.009939 0.0033325 0.02095
v -0.011333 0.0035355 0.021583
v -0.009507 0.0021335 0.019929
v -0.008472 0.0021745 0.018481
v -0.009161 0.0009885 0.017456
v -0.01027 0.0003165 0.018664
v -0.01093 -0.0006605 0.017299
v -0.012477 0.0006635 0.020839
v -0.014023 0.0011825 0.021562
v -0.011603 0.0001745 0.019906
v -0.013435 0.0030575 0.021846
v -0.01347 -0.0019855 0.018445
v -0.012984 -0.0013335 0.019171
v -0.013934 -0.0010675 0.020164
v -0.013363 -0.0022095 0.017069
v -0.015894 0.0006415 0.021653
v -0.015772 -0.0013695 0.020601
v -0.015077 -0.0029265 0.01727
v -0.015554 -0.0023125 0.019462
v -0.016186 -0.0004785 0.021267
v -0.016558 -0.0031805 0.018336
v -0.019052 0.0006195 0.021829
v -0.016867 -0.0034355 0.017523
v -0.01818 -0.0028825 0.019576
v -0.018401 -0.0018905 0.020714
v -0.019531 -0.0005155 0.021569
v -0.019166 -0.0037985 0.017523
v -0.019353 -0.0034395 0.018728
v -0.020886 -0.0029525 0.019693
v -0.020876 -0.0016005 0.021008
v -0.022092 -0.0037495 0.017324
v -0.021697 -0.0034075 0.018729
v -0.022505 -0.0021965 0.020366
v -0.023881 -0.0031235 0.018549
v -0.02384 -0.0024935 0.019706
v -0.023862 -0.0013735 0.020845
v -0.023134 -0.0002635 0.021518
v -0.025995 -0.0024875 0.018418
v -0.025971 0.0001035 0.021237
v -0.026552 -0.0012205 0.020071
v -0.027892 -0.0018385 0.017109
v -0.027728 -0.0015995 0.018481
v -0.025166 0.0014665 0.021825
v -0.030021 -0.0003165 0.017645
v -0.029484 -3.5e-06 0.019235
v -0.028746 0.0006115 0.02047
v -0.029035 0.0025185 0.021357
v -0.031913 0.0015895 0.017729
v -0.031509 0.0020535 0.019329
v -0.030398 0.0019145 0.020283
v -0.029004 0.0034985 0.021613
v -0.031694 0.0041365 0.020631
v -0.030117 0.0061815 0.021791
v -0.033144 0.0031645 0.017153
v -0.031745 0.0057465 0.021186
v -0.033324 0.0040585 0.018583
v -0.032774 0.0044125 0.019753
v -0.034439 0.0056865 0.017324
v -0.033509 0.0059245 0.019794
v -0.034512 0.0067365 0.018546
v -0.031885 0.0084165 0.021549
v -0.034375 0.0079855 0.01952
v -0.033358 0.0080275 0.020643
v -0.032775 0.0087965 0.021168
v -0.030767 0.0094625 0.021845
v -0.035146 0.0080085 0.017549
v -0.035516 0.0101755 0.017279
v -0.03456 0.0096055 0.019671
v -0.03518 0.0097255 0.018476
v -0.034166 0.0107845 0.020293
v -0.031714 0.0125015 0.021715
v -0.033037 0.0120445 0.021193
v -0.035253 0.0115245 0.018589
v -0.03547 0.0127825 0.017525
v -0.033903 0.0129885 0.020462
v -0.034864 0.0130885 0.019222
v -0.030335 0.0156565 0.021825
v -0.035184 0.0148645 0.017078
v -0.034342 0.0143645 0.019706
v -0.034778 0.0152105 0.01859
v -0.031855 0.0157935 0.021392
v -0.033276 0.0155025 0.02056
v -0.034434 0.0167465 0.018155
v -0.033361 0.0171605 0.019837
v -0.032326 0.0168125 0.020891
v -0.034213 0.0177235 0.017108
v -0.032941 0.0189695 0.01912
v -0.033113 0.0196355 0.017706
v -0.031755 0.0195455 0.020096
v -0.030934 0.0189545 0.021011
v -0.029473 0.0189425 0.021585
v -0.031825 0.0214405 0.017183
v -0.031043 0.0213635 0.019284
v -0.027577 0.0195835 0.021818
v -0.031067 0.0222305 0.017619
v -0.029691 0.0212775 0.020552
v -0.028449 0.0211055 0.021242
v -0.029223 0.0228115 0.019587
v -0.028785 0.0240925 0.01763
v -0.027156 0.0229125 0.020776
v -0.025381 0.0219445 0.021659
v -0.023296 0.0217095 0.021837
v -0.027595 0.0245125 0.018552
v -0.025734 0.0246625 0.019796
v -0.026339 0.0254505 0.017096
v -0.025581 0.0255435 0.018253
v -0.024839 0.0237235 0.020946
v -0.022897 0.0230215 0.021583
v -0.023951 0.0262685 0.017149
v -0.023807 0.0259405 0.018702
v -0.023174 0.0248525 0.020445
v -0.022671 0.0240245 0.021127
v -0.022552 0.0256205 0.019691
v -0.019013 0.0222035 0.021836
v -0.021424 0.0264945 0.018166
v -0.021027 0.0266895 0.017197
v -0.020692 0.0250165 0.020576
v -0.020205 0.0260625 0.0193
v -0.020151 0.0236455 0.021451
v -0.024995 -0.0031155 0.017185
vt 0.948514 0.38453
vt 0.949309 0.357197
vt 0.948467 0.357496
vt 0.950047 0.384489
vt 0.949309 0.357197
vt 0.948514 0.38453
vt 0.950699 0.384545
vt 0.950617 0.357232
vt 0.950047 0.384489
vt 0.950699 0.384545
vt 0.950699 0.357417
vt 0.950617 0.357232
vt 0.950036 0.384536
vt 0.950047 0.357474
vt 0.950624 0.384525
vt 0.948881 0.384414
vt 0.950047 0.357474
vt 0.950036 0.384536
vt 0.748468 0.384507
vt 0.748547 0.35744
vt 0.748284 0.3846
vt 0.749004 0.384517
vt 0.749842 0.357508
vt 0.748547 0.35744
vt 0.750931 0.384505
vt 0.749842 0.357508
vt 0.7498 0.384534
vt 0.750931 0.384505
vt 0.751443 0.357259
vt 0.749842 0.357508
vt 0.760234 0.384546
vt 0.76124 0.357417
vt 0.759297 0.357423
vt 0.762493 0.384704
vt 0.762801 0.357216
vt 0.76124 0.357417
vt 0.769141 0.384539
vt 0.770511 0.357429
vt 0.767637 0.357411
vt 0.769141 0.384539
vt 0.767637 0.357411
vt 0.765476 0.38453
vt 0.772832 0.384745
vt 0.773444 0.357194
vt 0.770511 0.357429
vt 0.789262 0.384522
vt 0.788921 0.357403
vt 0.782072 0.357499
vt 0.808648 0.384521
vt 0.8178 0.35767
vt 0.809252 0.357277
vt 0.832475 0.35744
vt 0.8178 0.35767
vt 0.822835 0.384648
vt 0.843757 0.384476
vt 0.832475 0.35744
vt 0.822835 0.384648
vt 0.854729 0.384728
vt 0.856492 0.357501
vt 0.843757 0.384476
vt 0.890404 0.384513
vt 0.898424 0.35745
vt 0.888607 0.357423
vt 0.912071 0.384444
vt 0.90653 0.357434
vt 0.902132 0.384597
vt 0.912071 0.384444
vt 0.914929 0.357446
vt 0.90653 0.357434
vt 0.939978 0.384537
vt 0.940927 0.357469
vt 0.938612 0.357379
vt 0.938152 0.384532
vt 0.938612 0.357379
vt 0.936195 0.357459
vt 0.943488 0.357467
vt 0.940927 0.357469
vt 0.942508 0.384517
vt 0.948514 0.38453
vt 0.947368 0.357463
vt 0.947104 0.384548
vt 0.809252 0.357277
vt 0.79767 0.384506
vt 0.808648 0.384521
vt 0.8178 0.35767
vt 0.808648 0.384521
vt 0.822835 0.384648
vt 0.947368 0.357463
vt 0.948514 0.38453
vt 0.948467 0.357496
vt 0.939978 0.384537
vt 0.942508 0.384517
vt 0.940927 0.357469
vt 0.938604 0.384584
vt 0.938125 0.357433
vt 0.939968 0.357426
vt 0.943468 0.384492
vt 0.942496 0.357445
vt 0.944072 0.357243
vt 0.936169 0.384506
vt 0.936028 0.357441
vt 0.938125 0.357433
vt 0.920684 0.384462
vt 0.922437 0.357436
vt 0.925322 0.384534
vt 0.920684 0.384462
vt 0.917847 0.357436
vt 0.922437 0.357436
vt 0.914088 0.384684
vt 0.912071 0.357518
vt 0.917847 0.357436
vt 0.893519 0.384562
vt 0.902133 0.357365
vt 0.905392 0.384533
vt 0.893519 0.384562
vt 0.890407 0.35745
vt 0.902133 0.357365
vt 0.948507 0.357422
vt 0.948881 0.384414
vt 0.94737 0.3845
vt 0.948507 0.357422
vt 0.94737 0.3845
vt 0.94748 0.357508
vt 0.856454 0.384461
vt 0.872548 0.357514
vt 0.874483 0.384501
vt 0.856454 0.384461
vt 0.851167 0.357429
vt 0.872548 0.357514
vt 0.835208 0.384451
vt 0.838813 0.357502
vt 0.844416 0.384481
vt 0.844416 0.384481
vt 0.851167 0.357429
vt 0.856454 0.384461
vt 0.803623 0.384514
vt 0.806818 0.357438
vt 0.817039 0.384478
vt 0.789877 0.384754
vt 0.788546 0.357405
vt 0.795981 0.357459
vt 0.784398 0.384507
vt 0.781301 0.357412
vt 0.788546 0.357405
vt 0.817039 0.384478
vt 0.806818 0.357438
vt 0.822141 0.357519
vt 0.777768 0.384511
vt 0.775993 0.35741
vt 0.781301 0.357412
vt 0.770514 0.384533
vt 0.769142 0.357423
vt 0.772836 0.357217
vt 0.764847 0.384515
vt 0.765476 0.357432
vt 0.767638 0.384552
vt 0.759298 0.38454
vt 0.757808 0.357442
vt 0.760234 0.357416
vt 0.76124 0.384545
vt 0.760234 0.357416
vt 0.762494 0.357259
vt 0.757636 0.384748
vt 0.757808 0.357442
vt 0.759298 0.38454
vt 0.777768 0.384511
vt 0.781301 0.357412
vt 0.784398 0.384507
vt 0.751444 0.384703
vt 0.750925 0.357454
vt 0.751803 0.357221
vt 0.749841 0.384455
vt 0.749004 0.357445
vt 0.7498 0.357428
vt 0.748826 0.384505
vt 0.748469 0.357455
vt 0.749004 0.357445
vt 0.748284 0.3846
vt 0.74828 0.357369
vt 0.748396 0.384496
vt 0.942496 0.357445
vt 0.943468 0.384492
vt 0.940913 0.384494
vt 0.939968 0.357426
vt 0.940913 0.384494
vt 0.938604 0.384584
vt 0.760887 0.356819
vt 0.756406 0.356822
vt 0.752559 0.356772
vt 0.766426 0.356789
vt 0.760887 0.356819
vt 0.752559 0.356772
vt 0.752559 0.356772
vt 0.756406 0.356822
vt 0.752942 0.356793
vt 0.750154 0.356808
vt 0.748875 0.356786
vt 0.752559 0.356772
vt 0.752942 0.356793
vt 0.750154 0.356808
vt 0.752559 0.356772
vt 0.794492 0.356788
vt 0.775246 0.356789
vt 0.752559 0.356772
vt 0.752559 0.356772
vt 0.839352 0.356829
vt 0.819733 0.356827
vt 0.752559 0.356772
vt 0.819733 0.356827
vt 0.794492 0.356788
vt 0.752559 0.356772
vt 0.775246 0.356789
vt 0.766426 0.356789
vt 0.750342 0.356846
vt 0.752559 0.356772
vt 0.748875 0.356786
vt 0.752559 0.356772
vt 0.756407 0.356822
vt 0.760885 0.356819
vt 0.760885 0.356819
vt 0.765751 0.356852
vt 0.752559 0.356772
vt 0.76943 0.356834
vt 0.752559 0.356772
vt 0.765751 0.356852
vt 0.76943 0.356834
vt 0.774906 0.35681
vt 0.752559 0.356772
vt 0.774906 0.35681
vt 0.78053 0.356831
vt 0.752559 0.356772
vt 0.752559 0.356772
vt 0.78053 0.356831
vt 0.803726 0.35682
vt 0.833555 0.356829
vt 0.752559 0.356772
vt 0.803726 0.35682
vt 0.839352 0.356829
vt 0.752559 0.356772
vt 0.853965 0.35683
vt 0.853965 0.35683
vt 0.752559 0.356772
vt 0.892866 0.356846
vt 0.892866 0.356846
vt 0.752559 0.356772
vt 0.912273 0.356829
vt 0.752559 0.356772
vt 0.924469 0.35678
vt 0.912273 0.356829
vt 0.924469 0.35678
vt 0.752559 0.356772
vt 0.94208 0.356797
vt 0.935905 0.356825
vt 0.932462 0.35684
vt 0.924469 0.35678
vt 0.935905 0.356825
vt 0.924469 0.35678
vt 0.94208 0.356797
vt 0.94208 0.356797
vt 0.752559 0.356772
vt 0.946464 0.35683
vt 0.949154 0.356832
vt 0.752559 0.356772
vt 0.950163 0.356833
vt 0.752559 0.356772
vt 0.949154 0.356832
vt 0.946464 0.35683
vt 0.949638 0.356777
vt 0.752559 0.356772
vt 0.855644 0.356792
vt 0.949638 0.356777
vt 0.912274 0.356829
vt 0.924468 0.356781
vt 0.949638 0.356777
vt 0.924468 0.356781
vt 0.94217 0.356817
vt 0.893438 0.356843
vt 0.949638 0.356777
vt 0.855644 0.356792
vt 0.912274 0.356829
vt 0.949638 0.356777
vt 0.893438 0.356843
vt 0.833555 0.356829
vt 0.855644 0.356792
vt 0.752559 0.356772
vt 0.94217 0.356817
vt 0.945863 0.356827
vt 0.949638 0.356777
vt 0.924468 0.356781
vt 0.932534 0.356843
vt 0.935952 0.356847
vt 0.924468 0.356781
vt 0.939267 0.356853
vt 0.94217 0.356817
vt 0.935952 0.356847
vt 0.939267 0.356853
vt 0.924468 0.356781
vt 0.752559 0.356772
vt 0.949638 0.356777
vt 0.950163 0.356833
vt 0.760887 0.385143
vt 0.756406 0.38514
vt 0.817778 0.385189
vt 0.766426 0.385174
vt 0.760887 0.385143
vt 0.817778 0.385189
vt 0.817778 0.385189
vt 0.756406 0.38514
vt 0.752942 0.385169
vt 0.750154 0.385154
vt 0.748875 0.385176
vt 0.817778 0.385189
vt 0.752942 0.385169
vt 0.750154 0.385154
vt 0.817778 0.385189
vt 0.794492 0.385175
vt 0.775246 0.385173
vt 0.817778 0.385189
vt 0.817778 0.385189
vt 0.775246 0.385173
vt 0.766426 0.385174
vt 0.817778 0.385189
vt 0.748875 0.385176
vt 0.942062 0.385186
vt 0.750342 0.385117
vt 0.942062 0.385186
vt 0.748875 0.385176
vt 0.942062 0.385186
vt 0.750342 0.385117
vt 0.753007 0.385158
vt 0.942062 0.385186
vt 0.756407 0.38514
vt 0.760885 0.385143
vt 0.760885 0.385143
vt 0.765751 0.38511
vt 0.942062 0.385186
vt 0.753007 0.385158
vt 0.756407 0.38514
vt 0.942062 0.385186
vt 0.76943 0.385128
vt 0.942062 0.385186
vt 0.765751 0.38511
vt 0.76943 0.385128
vt 0.773656 0.385167
vt 0.942062 0.385186
vt 0.773656 0.385167
vt 0.787558 0.385169
vt 0.942062 0.385186
vt 0.942062 0.385186
vt 0.787558 0.385169
vt 0.800734 0.385146
vt 0.833554 0.385134
vt 0.942062 0.385186
vt 0.800734 0.385146
vt 0.817778 0.385189
vt 0.947013 0.385184
vt 0.846995 0.385149
vt 0.846995 0.385149
vt 0.947013 0.385184
vt 0.892866 0.385116
vt 0.892866 0.385116
vt 0.947013 0.385184
vt 0.912273 0.385133
vt 0.947013 0.385184
vt 0.924469 0.385182
vt 0.912273 0.385133
vt 0.924469 0.385182
vt 0.947013 0.385184
vt 0.94208 0.385166
vt 0.935905 0.385137
vt 0.932462 0.385122
vt 0.924469 0.385182
vt 0.935905 0.385137
vt 0.924469 0.385182
vt 0.94208 0.385166
vt 0.950253 0.385138
vt 0.947013 0.385184
vt 0.817778 0.385189
vt 0.942062 0.385186
vt 0.919041 0.385123
vt 0.924987 0.38512
vt 0.942062 0.385186
vt 0.908044 0.385129
vt 0.919041 0.385123
vt 0.942062 0.385186
vt 0.924987 0.38512
vt 0.932534 0.38512
vt 0.893438 0.385119
vt 0.942062 0.385186
vt 0.855643 0.38517
vt 0.908044 0.385129
vt 0.942062 0.385186
vt 0.893438 0.385119
vt 0.833554 0.385134
vt 0.855643 0.38517
vt 0.942062 0.385186
vt 0.942062 0.385186
vt 0.945864 0.385136
vt 0.948315 0.385191
vt 0.948317 0.385197
vt 0.948315 0.385191
vt 0.945864 0.385136
vt 0.817778 0.385189
vt 0.948315 0.385191
vt 0.950122 0.385144
vt 0.942062 0.385186
vt 0.932534 0.38512
vt 0.935952 0.385116
vt 0.935952 0.385116
vt 0.939267 0.38511
vt 0.942062 0.385186
vt 0.950122 0.385144
vt 0.950253 0.385138
vt 0.817778 0.385189
vt 0.949257 0.385067
vt 0.950047 0.384489
vt 0.948514 0.38453
vt 0.948514 0.38453
vt 0.947366 0.384932
vt 0.949257 0.385067
vt 0.947013 0.385184
vt 0.949257 0.385067
vt 0.947366 0.384932
vt 0.948881 0.384414
vt 0.950036 0.384536
vt 0.949148 0.385013
vt 0.948317 0.385197
vt 0.949148 0.385013
vt 0.950122 0.385144
vt 0.949154 0.356832
vt 0.950047 0.357474
vt 0.948507 0.357422
vt 0.949638 0.356777
vt 0.949309 0.357197
vt 0.950617 0.357232
vt 0.948507 0.357422
vt 0.947809 0.356909
vt 0.949154 0.356832
vt 0.748762 0.384946
vt 0.749004 0.384517
vt 0.748468 0.384507
vt 0.748762 0.384946
vt 0.750154 0.385154
vt 0.750175 0.384932
vt 0.7498 0.384534
vt 0.750175 0.384932
vt 0.750931 0.384505
vt 0.751804 0.384741
vt 0.753868 0.384934
vt 0.753258 0.384514
vt 0.751804 0.384741
vt 0.752942 0.385169
vt 0.753868 0.384934
vt 0.753258 0.384514
vt 0.753868 0.384934
vt 0.755432 0.384563
vt 0.762493 0.384704
vt 0.765618 0.384913
vt 0.765476 0.38453
vt 0.766426 0.385174
vt 0.76958 0.385082
vt 0.765618 0.384913
vt 0.775246 0.385173
vt 0.779148 0.385057
vt 0.772832 0.384745
vt 0.779148 0.385057
vt 0.78119 0.38454
vt 0.775896 0.384562
vt 0.78119 0.38454
vt 0.786885 0.385066
vt 0.789262 0.384522
vt 0.786885 0.385066
vt 0.794492 0.385175
vt 0.800168 0.384935
vt 0.800168 0.384935
vt 0.808648 0.384521
vt 0.79767 0.384506
vt 0.800168 0.384935
vt 0.817778 0.385189
vt 0.822835 0.384648
vt 0.817778 0.385189
vt 0.846995 0.385149
vt 0.822835 0.384648
vt 0.846995 0.385149
vt 0.872229 0.385068
vt 0.854729 0.384728
vt 0.890404 0.384513
vt 0.892866 0.385116
vt 0.902132 0.384597
vt 0.917847 0.384526
vt 0.919073 0.385069
vt 0.922437 0.384527
vt 0.919073 0.385069
vt 0.924469 0.385182
vt 0.925627 0.384728
vt 0.924469 0.385182
vt 0.929006 0.385067
vt 0.925627 0.384728
vt 0.938446 0.385057
vt 0.939978 0.384537
vt 0.938152 0.384532
vt 0.941444 0.384958
vt 0.942508 0.384517
vt 0.939978 0.384537
vt 0.941444 0.384958
vt 0.94208 0.385166
vt 0.944083 0.38472
vt 0.94208 0.385166
vt 0.945111 0.385057
vt 0.944083 0.38472
vt 0.947366 0.384932
vt 0.947104 0.384548
vt 0.945696 0.384574
vt 0.748468 0.384507
vt 0.748284 0.3846
vt 0.748762 0.384946
vt 0.748875 0.385176
vt 0.748762 0.384946
vt 0.748284 0.3846
vt 0.775246 0.385173
vt 0.76958 0.385082
vt 0.766426 0.385174
vt 0.892866 0.385116
vt 0.872229 0.385068
vt 0.846995 0.385149
vt 0.935905 0.385137
vt 0.94208 0.385166
vt 0.938446 0.385057
vt 0.947104 0.384548
vt 0.947366 0.384932
vt 0.948514 0.38453
vt 0.947368 0.357463
vt 0.945863 0.356827
vt 0.945505 0.357455
vt 0.944216 0.356905
vt 0.943488 0.357467
vt 0.945505 0.357455
vt 0.943488 0.357467
vt 0.94217 0.356817
vt 0.940927 0.357469
vt 0.939267 0.356853
vt 0.938612 0.357379
vt 0.940927 0.357469
vt 0.938612 0.357379
vt 0.935952 0.356847
vt 0.936195 0.357459
vt 0.928997 0.356895
vt 0.924468 0.356781
vt 0.92575 0.357234
vt 0.924468 0.356781
vt 0.919071 0.356893
vt 0.92575 0.357234
vt 0.919071 0.356893
vt 0.914929 0.357446
vt 0.922406 0.357452
vt 0.893438 0.356843
vt 0.888607 0.357423
vt 0.898424 0.35745
vt 0.872998 0.356905
vt 0.855644 0.356792
vt 0.850951 0.35705
vt 0.856492 0.357501
vt 0.850951 0.35705
vt 0.84444 0.357482
vt 0.833555 0.356829
vt 0.803726 0.35682
vt 0.809252 0.357277
vt 0.803726 0.35682
vt 0.796703 0.35743
vt 0.809252 0.357277
vt 0.796703 0.35743
vt 0.790416 0.356906
vt 0.788921 0.357403
vt 0.782072 0.357499
vt 0.78053 0.356831
vt 0.776556 0.357418
vt 0.78053 0.356831
vt 0.774906 0.35681
vt 0.773444 0.357194
vt 0.774906 0.35681
vt 0.76943 0.356834
vt 0.773444 0.357194
vt 0.76943 0.356834
vt 0.767637 0.357411
vt 0.770511 0.357429
vt 0.767637 0.357411
vt 0.765751 0.356852
vt 0.764846 0.357447
vt 0.765751 0.356852
vt 0.762801 0.357216
vt 0.764846 0.357447
vt 0.76124 0.357417
vt 0.760885 0.356819
vt 0.759297 0.357423
vt 0.754224 0.357217
vt 0.753419 0.356892
vt 0.752827 0.357455
vt 0.753419 0.356892
vt 0.751443 0.357259
vt 0.752827 0.357455
vt 0.752559 0.356772
vt 0.750342 0.356846
vt 0.751443 0.357259
vt 0.751443 0.357259
vt 0.750342 0.356846
vt 0.749842 0.357508
vt 0.924468 0.356781
vt 0.928997 0.356895
vt 0.932534 0.356843
vt 0.912274 0.356829
vt 0.919071 0.356893
vt 0.924468 0.356781
vt 0.912274 0.356829
vt 0.893438 0.356843
vt 0.905425 0.356906
vt 0.78053 0.356831
vt 0.790416 0.356906
vt 0.803726 0.35682
vt 0.748886 0.356898
vt 0.748875 0.356786
vt 0.74828 0.357369
vt 0.748762 0.357016
vt 0.749004 0.357445
vt 0.748469 0.357455
vt 0.748762 0.357016
vt 0.750154 0.356808
vt 0.750175 0.35703
vt 0.7498 0.357428
vt 0.750175 0.35703
vt 0.750925 0.357454
vt 0.751803 0.357221
vt 0.753868 0.357029
vt 0.753258 0.357448
vt 0.751803 0.357221
vt 0.752942 0.356793
vt 0.753868 0.357029
vt 0.753258 0.357448
vt 0.753868 0.357029
vt 0.755432 0.357399
vt 0.762494 0.357259
vt 0.765618 0.35705
vt 0.765476 0.357432
vt 0.766426 0.356789
vt 0.76958 0.35688
vt 0.765618 0.35705
vt 0.775246 0.356789
vt 0.779148 0.356906
vt 0.772836 0.357217
vt 0.779148 0.356906
vt 0.781301 0.357412
vt 0.775993 0.35741
vt 0.781301 0.357412
vt 0.786885 0.356897
vt 0.788546 0.357405
vt 0.786885 0.356897
vt 0.794492 0.356788
vt 0.800168 0.357028
vt 0.800168 0.357028
vt 0.806818 0.357438
vt 0.795981 0.357459
vt 0.838813 0.357502
vt 0.839352 0.356829
vt 0.851167 0.357429
vt 0.890407 0.35745
vt 0.892866 0.356846
vt 0.902133 0.357365
vt 0.917847 0.357436
vt 0.919073 0.356893
vt 0.922437 0.357436
vt 0.919073 0.356893
vt 0.924469 0.35678
vt 0.925627 0.357235
vt 0.924469 0.35678
vt 0.929006 0.356895
vt 0.925627 0.357235
vt 0.938446 0.356905
vt 0.939968 0.357426
vt 0.938125 0.357433
vt 0.941444 0.357005
vt 0.942496 0.357445
vt 0.939968 0.357426
vt 0.941444 0.357005
vt 0.94208 0.356797
vt 0.944072 0.357243
vt 0.94208 0.356797
vt 0.945111 0.356906
vt 0.944072 0.357243
vt 0.946464 0.35683
vt 0.94748 0.357508
vt 0.945696 0.35739
vt 0.748469 0.357455
vt 0.74828 0.357369
vt 0.748762 0.357016
vt 0.775246 0.356789
vt 0.76958 0.35688
vt 0.766426 0.356789
vt 0.892866 0.356846
vt 0.872229 0.356894
vt 0.853965 0.35683
vt 0.935905 0.356825
vt 0.94208 0.356797
vt 0.938446 0.356905
vt 0.94748 0.357508
vt 0.947809 0.356909
vt 0.948507 0.357422
vt 0.949154 0.356832
vt 0.947809 0.356909
vt 0.946464 0.35683
vt 0.94737 0.3845
vt 0.945864 0.385136
vt 0.945509 0.384505
vt 0.944217 0.385057
vt 0.943468 0.384492
vt 0.945509 0.384505
vt 0.943468 0.384492
vt 0.942062 0.385186
vt 0.940913 0.384494
vt 0.939267 0.38511
vt 0.938604 0.384584
vt 0.940913 0.384494
vt 0.938604 0.384584
vt 0.935952 0.385116
vt 0.936169 0.384506
vt 0.919041 0.385123
vt 0.914088 0.384684
vt 0.920684 0.384462
vt 0.919041 0.385123
vt 0.908044 0.385129
vt 0.914088 0.384684
vt 0.872998 0.385057
vt 0.855643 0.38517
vt 0.850951 0.384913
vt 0.856454 0.384461
vt 0.850951 0.384913
vt 0.844416 0.384481
vt 0.833554 0.385134
vt 0.817039 0.384478
vt 0.835208 0.384451
vt 0.817039 0.384478
vt 0.812472 0.385044
vt 0.803623 0.384514
vt 0.800734 0.385146
vt 0.795628 0.384576
vt 0.803623 0.384514
vt 0.787558 0.385169
vt 0.780169 0.385062
vt 0.789877 0.384754
vt 0.784398 0.384507
vt 0.780169 0.385062
vt 0.777768 0.384511
vt 0.780169 0.385062
vt 0.773656 0.385167
vt 0.773446 0.384768
vt 0.773656 0.385167
vt 0.76943 0.385128
vt 0.773446 0.384768
vt 0.76943 0.385128
vt 0.767638 0.384552
vt 0.770514 0.384533
vt 0.767638 0.384552
vt 0.765751 0.38511
vt 0.764847 0.384515
vt 0.765751 0.38511
vt 0.762801 0.384747
vt 0.764847 0.384515
vt 0.76124 0.384545
vt 0.760885 0.385143
vt 0.759298 0.38454
vt 0.753866 0.384934
vt 0.75327 0.384486
vt 0.75551 0.38456
vt 0.753866 0.384934
vt 0.751444 0.384703
vt 0.75327 0.384486
vt 0.753007 0.385158
vt 0.751444 0.384703
vt 0.753866 0.384934
vt 0.753007 0.385158
vt 0.750342 0.385117
vt 0.751444 0.384703
vt 0.751444 0.384703
vt 0.750342 0.385117
vt 0.749841 0.384455
vt 0.748826 0.384505
vt 0.748886 0.385064
vt 0.748396 0.384496
vt 0.924987 0.38512
vt 0.928997 0.385067
vt 0.932534 0.38512
vt 0.773656 0.385167
vt 0.780169 0.385062
vt 0.787558 0.385169
vt 0.950047 0.384489
vt 0.950036 0.357426
vt 0.949309 0.357197
vt 0.950047 0.384489
vt 0.950617 0.357232
vt 0.950036 0.357426
vt 0.950699 0.384545
vt 0.950624 0.384525
vt 0.950699 0.357417
vt 0.950624 0.384525
vt 0.950047 0.357474
vt 0.950699 0.357417
vt 0.948881 0.384414
vt 0.948507 0.357422
vt 0.950047 0.357474
vt 0.748284 0.3846
vt 0.748547 0.35744
vt 0.74828 0.357369
vt 0.748468 0.384507
vt 0.749004 0.384517
vt 0.748547 0.35744
vt 0.749004 0.384517
vt 0.7498 0.384534
vt 0.749842 0.357508
vt 0.750931 0.384505
vt 0.751804 0.384741
vt 0.751443 0.357259
vt 0.753258 0.384514
vt 0.754224 0.357217
vt 0.752827 0.357455
vt 0.757808 0.38452
vt 0.759297 0.357423
vt 0.757636 0.357215
vt 0.760234 0.384546
vt 0.762493 0.384704
vt 0.76124 0.357417
vt 0.757808 0.38452
vt 0.760234 0.384546
vt 0.759297 0.357423
vt 0.765476 0.38453
vt 0.767637 0.357411
vt 0.764846 0.357447
vt 0.769141 0.384539
vt 0.772832 0.384745
vt 0.770511 0.357429
vt 0.78119 0.38454
vt 0.789262 0.384522
vt 0.782072 0.357499
vt 0.79767 0.384506
vt 0.809252 0.357277
vt 0.796703 0.35743
vt 0.843757 0.384476
vt 0.856492 0.357501
vt 0.84444 0.357482
vt 0.843757 0.384476
vt 0.84444 0.357482
vt 0.832475 0.35744
vt 0.854729 0.384728
vt 0.872548 0.384448
vt 0.856492 0.357501
vt 0.872548 0.384448
vt 0.87449 0.357462
vt 0.856492 0.357501
vt 0.890404 0.384513
vt 0.902132 0.384597
vt 0.898424 0.35745
vt 0.902132 0.384597
vt 0.90653 0.357434
vt 0.898424 0.35745
vt 0.912071 0.384444
vt 0.917847 0.384526
vt 0.914929 0.357446
vt 0.936048 0.384522
vt 0.938152 0.384532
vt 0.936195 0.357459
vt 0.938152 0.384532
vt 0.939978 0.384537
vt 0.938612 0.357379
vt 0.942508 0.384517
vt 0.944083 0.38472
vt 0.943488 0.357467
vt 0.940913 0.384494
vt 0.939968 0.357426
vt 0.942496 0.357445
vt 0.920684 0.384462
vt 0.914088 0.384684
vt 0.917847 0.357436
vt 0.914088 0.384684
vt 0.905392 0.384533
vt 0.912071 0.357518
vt 0.925322 0.384534
vt 0.922437 0.357436
vt 0.925627 0.357235
vt 0.938604 0.384584
vt 0.936169 0.384506
vt 0.938125 0.357433
vt 0.905392 0.384533
vt 0.902133 0.357365
vt 0.912071 0.357518
vt 0.844416 0.384481
vt 0.838813 0.357502
vt 0.851167 0.357429
vt 0.835208 0.384451
vt 0.822141 0.357519
vt 0.838813 0.357502
vt 0.835208 0.384451
vt 0.817039 0.384478
vt 0.822141 0.357519
vt 0.803623 0.384514
vt 0.795981 0.357459
vt 0.806818 0.357438
vt 0.789877 0.384754
vt 0.784398 0.384507
vt 0.788546 0.357405
vt 0.803623 0.384514
vt 0.795628 0.384576
vt 0.795981 0.357459
vt 0.770514 0.384533
vt 0.767638 0.384552
vt 0.769142 0.357423
vt 0.767638 0.384552
vt 0.765476 0.357432
vt 0.769142 0.357423
vt 0.773446 0.384768
vt 0.770514 0.384533
vt 0.772836 0.357217
vt 0.762801 0.384747
vt 0.76124 0.384545
vt 0.762494 0.357259
vt 0.76124 0.384545
vt 0.759298 0.38454
vt 0.760234 0.357416
vt 0.751444 0.384703
vt 0.749841 0.384455
vt 0.750925 0.357454
vt 0.749841 0.384455
vt 0.7498 0.357428
vt 0.750925 0.357454
vt 0.749841 0.384455
vt 0.748826 0.384505
vt 0.749004 0.357445
vt 0.748826 0.384505
vt 0.748396 0.384496
vt 0.748469 0.357455
vt 0.748396 0.384496
vt 0.74828 0.357369
vt 0.748469 0.357455
vt 0.795628 0.384576
vt 0.789877 0.384754
vt 0.795981 0.357459
vt 0.942062 0.385186
vt 0.948315 0.385191
vt 0.817778 0.385189
vt 0.948317 0.385197
vt 0.94743 0.385068
vt 0.949148 0.385013
vt 0.947013 0.385184
vt 0.950253 0.385138
vt 0.949257 0.385067
vt 0.94743 0.385068
vt 0.948881 0.384414
vt 0.949148 0.385013
vt 0.950699 0.357417
vt 0.950163 0.356833
vt 0.950617 0.357232
vt 0.950163 0.356833
vt 0.949638 0.356777
vt 0.950617 0.357232
vt 0.950617 0.357232
vt 0.949309 0.357197
vt 0.950036 0.357426
vt 0.949309 0.357197
vt 0.949638 0.356777
vt 0.948086 0.35688
vt 0.948086 0.35688
vt 0.948467 0.357496
vt 0.949309 0.357197
vt 0.748875 0.385176
vt 0.750154 0.385154
vt 0.748762 0.384946
vt 0.750931 0.384505
vt 0.750175 0.384932
vt 0.751804 0.384741
vt 0.753868 0.384934
vt 0.752942 0.385169
vt 0.756406 0.38514
vt 0.755432 0.384563
vt 0.753868 0.384934
vt 0.756406 0.38514
vt 0.757992 0.384913
vt 0.756406 0.38514
vt 0.760887 0.385143
vt 0.760234 0.384546
vt 0.760887 0.385143
vt 0.762493 0.384704
vt 0.769141 0.384539
vt 0.76958 0.385082
vt 0.772832 0.384745
vt 0.772832 0.384745
vt 0.76958 0.385082
vt 0.775246 0.385173
vt 0.772832 0.384745
vt 0.779148 0.385057
vt 0.775896 0.384562
vt 0.779148 0.385057
vt 0.786885 0.385066
vt 0.78119 0.38454
vt 0.794492 0.385175
vt 0.817778 0.385189
vt 0.800168 0.384935
vt 0.808648 0.384521
vt 0.800168 0.384935
vt 0.822835 0.384648
vt 0.822835 0.384648
vt 0.846995 0.385149
vt 0.843757 0.384476
vt 0.843757 0.384476
vt 0.846995 0.385149
vt 0.854729 0.384728
vt 0.854729 0.384728
vt 0.872229 0.385068
vt 0.872548 0.384448
vt 0.902132 0.384597
vt 0.892866 0.385116
vt 0.905423 0.385057
vt 0.922437 0.384527
vt 0.919073 0.385069
vt 0.925627 0.384728
vt 0.925627 0.384728
vt 0.929006 0.385067
vt 0.929215 0.384537
vt 0.938446 0.385057
vt 0.941444 0.384958
vt 0.939978 0.384537
vt 0.938446 0.385057
vt 0.94208 0.385166
vt 0.941444 0.384958
vt 0.942508 0.384517
vt 0.941444 0.384958
vt 0.944083 0.38472
vt 0.944083 0.38472
vt 0.945111 0.385057
vt 0.945696 0.384574
vt 0.945111 0.385057
vt 0.947366 0.384932
vt 0.945696 0.384574
vt 0.945111 0.385057
vt 0.947013 0.385184
vt 0.947366 0.384932
vt 0.912273 0.385133
vt 0.905423 0.385057
vt 0.892866 0.385116
vt 0.912273 0.385133
vt 0.924469 0.385182
vt 0.919073 0.385069
vt 0.924469 0.385182
vt 0.932462 0.385122
vt 0.929006 0.385067
vt 0.94208 0.385166
vt 0.947013 0.385184
vt 0.945111 0.385057
vt 0.947368 0.357463
vt 0.947129 0.356905
vt 0.945863 0.356827
vt 0.945505 0.357455
vt 0.945863 0.356827
vt 0.944216 0.356905
vt 0.943488 0.357467
vt 0.944216 0.356905
vt 0.94217 0.356817
vt 0.940927 0.357469
vt 0.94217 0.356817
vt 0.939267 0.356853
vt 0.939267 0.356853
vt 0.935952 0.356847
vt 0.938612 0.357379
vt 0.929209 0.357413
vt 0.928997 0.356895
vt 0.92575 0.357234
vt 0.92575 0.357234
vt 0.919071 0.356893
vt 0.922406 0.357452
vt 0.914929 0.357446
vt 0.919071 0.356893
vt 0.912274 0.356829
vt 0.855644 0.356792
vt 0.833555 0.356829
vt 0.850951 0.35705
vt 0.832475 0.35744
vt 0.833555 0.356829
vt 0.809252 0.357277
vt 0.796703 0.35743
vt 0.803726 0.35682
vt 0.790416 0.356906
vt 0.776556 0.357418
vt 0.78053 0.356831
vt 0.773444 0.357194
vt 0.773444 0.357194
vt 0.76943 0.356834
vt 0.770511 0.357429
vt 0.767637 0.357411
vt 0.76943 0.356834
vt 0.765751 0.356852
vt 0.765751 0.356852
vt 0.760885 0.356819
vt 0.762801 0.357216
vt 0.762801 0.357216
vt 0.760885 0.356819
vt 0.76124 0.357417
vt 0.759297 0.357423
vt 0.760885 0.356819
vt 0.757636 0.357215
vt 0.760885 0.356819
vt 0.756407 0.356822
vt 0.757636 0.357215
vt 0.757636 0.357215
vt 0.756407 0.356822
vt 0.75551 0.357403
vt 0.756407 0.356822
vt 0.754224 0.357217
vt 0.75551 0.357403
vt 0.756407 0.356822
vt 0.753419 0.356892
vt 0.754224 0.357217
vt 0.753419 0.356892
vt 0.752559 0.356772
vt 0.751443 0.357259
vt 0.94217 0.356817
vt 0.944216 0.356905
vt 0.945863 0.356827
vt 0.855644 0.356792
vt 0.872998 0.356905
vt 0.893438 0.356843
vt 0.832475 0.35744
vt 0.809252 0.357277
vt 0.8178 0.35767
vt 0.756407 0.356822
vt 0.752559 0.356772
vt 0.753419 0.356892
vt 0.748547 0.35744
vt 0.748886 0.356898
vt 0.74828 0.357369
vt 0.750342 0.356846
vt 0.748875 0.356786
vt 0.748886 0.356898
vt 0.748875 0.356786
vt 0.750154 0.356808
vt 0.748762 0.357016
vt 0.750925 0.357454
vt 0.750175 0.35703
vt 0.751803 0.357221
vt 0.753868 0.357029
vt 0.752942 0.356793
vt 0.756406 0.356822
vt 0.755432 0.357399
vt 0.753868 0.357029
vt 0.756406 0.356822
vt 0.757992 0.357049
vt 0.756406 0.356822
vt 0.760887 0.356819
vt 0.760234 0.357416
vt 0.760887 0.356819
vt 0.762494 0.357259
vt 0.769142 0.357423
vt 0.76958 0.35688
vt 0.772836 0.357217
vt 0.772836 0.357217
vt 0.76958 0.35688
vt 0.775246 0.356789
vt 0.772836 0.357217
vt 0.779148 0.356906
vt 0.775993 0.35741
vt 0.779148 0.356906
vt 0.786885 0.356897
vt 0.781301 0.357412
vt 0.794492 0.356788
vt 0.819733 0.356827
vt 0.800168 0.357028
vt 0.851167 0.357429
vt 0.839352 0.356829
vt 0.853965 0.35683
vt 0.902133 0.357365
vt 0.892866 0.356846
vt 0.905423 0.356906
vt 0.922437 0.357436
vt 0.919073 0.356893
vt 0.925627 0.357235
vt 0.925627 0.357235
vt 0.929006 0.356895
vt 0.929213 0.357425
vt 0.938446 0.356905
vt 0.941444 0.357005
vt 0.939968 0.357426
vt 0.938446 0.356905
vt 0.94208 0.356797
vt 0.941444 0.357005
vt 0.942496 0.357445
vt 0.941444 0.357005
vt 0.944072 0.357243
vt 0.944072 0.357243
vt 0.945111 0.356906
vt 0.945696 0.35739
vt 0.945111 0.356906
vt 0.946464 0.35683
vt 0.945696 0.35739
vt 0.946464 0.35683
vt 0.947809 0.356909
vt 0.94748 0.357508
vt 0.748762 0.357016
vt 0.74828 0.357369
vt 0.748875 0.356786
vt 0.912273 0.356829
vt 0.905423 0.356906
vt 0.892866 0.356846
vt 0.912273 0.356829
vt 0.924469 0.35678
vt 0.919073 0.356893
vt 0.924469 0.35678
vt 0.932462 0.35684
vt 0.929006 0.356895
vt 0.94208 0.356797
vt 0.946464 0.35683
vt 0.945111 0.356906
vt 0.94737 0.3845
vt 0.94743 0.385068
vt 0.945864 0.385136
vt 0.945509 0.384505
vt 0.945864 0.385136
vt 0.944217 0.385057
vt 0.943468 0.384492
vt 0.944217 0.385057
vt 0.942062 0.385186
vt 0.940913 0.384494
vt 0.942062 0.385186
vt 0.939267 0.38511
vt 0.939267 0.38511
vt 0.935952 0.385116
vt 0.938604 0.384584
vt 0.914088 0.384684
vt 0.908044 0.385129
vt 0.905392 0.384533
vt 0.855643 0.38517
vt 0.833554 0.385134
vt 0.850951 0.384913
vt 0.817039 0.384478
vt 0.833554 0.385134
vt 0.812472 0.385044
vt 0.812472 0.385044
vt 0.800734 0.385146
vt 0.803623 0.384514
vt 0.795628 0.384576
vt 0.800734 0.385146
vt 0.789877 0.384754
vt 0.789877 0.384754
vt 0.800734 0.385146
vt 0.787558 0.385169
vt 0.789877 0.384754
vt 0.780169 0.385062
vt 0.784398 0.384507
vt 0.777768 0.384511
vt 0.780169 0.385062
vt 0.773446 0.384768
vt 0.773446 0.384768
vt 0.76943 0.385128
vt 0.770514 0.384533
vt 0.767638 0.384552
vt 0.76943 0.385128
vt 0.765751 0.38511
vt 0.765751 0.38511
vt 0.760885 0.385143
vt 0.762801 0.384747
vt 0.762801 0.384747
vt 0.760885 0.385143
vt 0.76124 0.384545
vt 0.759298 0.38454
vt 0.760885 0.385143
vt 0.757636 0.384748
vt 0.760885 0.385143
vt 0.756407 0.38514
vt 0.757636 0.384748
vt 0.757636 0.384748
vt 0.756407 0.38514
vt 0.75551 0.38456
vt 0.756407 0.38514
vt 0.753866 0.384934
vt 0.75551 0.38456
vt 0.756407 0.38514
vt 0.753007 0.385158
vt 0.753866 0.384934
vt 0.942062 0.385186
vt 0.944217 0.385057
vt 0.945864 0.385136
vt 0.855643 0.38517
vt 0.872998 0.385057
vt 0.893438 0.385119
vt 0.800734 0.385146
vt 0.812472 0.385044
vt 0.833554 0.385134
vt 0.748396 0.384496
vt 0.748886 0.385064
vt 0.748284 0.3846
vt 0.748875 0.385176
vt 0.748284 0.3846
vt 0.748886 0.385064
vt 0.750342 0.385117
vt 0.748875 0.385176
vt 0.748886 0.385064
vt 0.969531 0.072566
vt 0.969826 0.068379
vt 0.969504 0.068319
vt 0.969531 0.072566
vt 0.969138 0.068342
vt 0.969069 0.07257
vt 0.969069 0.07257
vt 0.969138 0.068342
vt 0.968614 0.068399
vt 0.968275 0.072574
vt 0.968614 0.068399
vt 0.967888 0.068344
vt 0.968721 0.072572
vt 0.968614 0.068399
vt 0.968275 0.072574
vt 0.967241 0.072579
vt 0.967888 0.068344
vt 0.967184 0.068395
vt 0.962253 0.072631
vt 0.962359 0.068321
vt 0.961315 0.068376
vt 0.963191 0.072572
vt 0.963729 0.068412
vt 0.962359 0.068321
vt 0.960533 0.072553
vt 0.9595 0.068391
vt 0.957395 0.072559
vt 0.954287 0.072576
vt 0.951896 0.068441
vt 0.950541 0.072566
vt 0.950541 0.072566
vt 0.951896 0.068441
vt 0.948069 0.068375
vt 0.945574 0.072585
vt 0.948069 0.068375
vt 0.944676 0.068375
vt 0.941073 0.072575
vt 0.944676 0.068375
vt 0.941708 0.068377
vt 0.941073 0.072575
vt 0.941708 0.068377
vt 0.93808 0.068332
vt 0.969531 0.072566
vt 0.969817 0.072579
vt 0.969826 0.068379
vt 0.967789 0.072614
vt 0.968275 0.072574
vt 0.967888 0.068344
vt 0.967888 0.068344
vt 0.967241 0.072579
vt 0.967789 0.072614
vt 0.941073 0.072575
vt 0.945574 0.072585
vt 0.944676 0.068375
vt 0.935629 0.072543
vt 0.93808 0.068332
vt 0.934519 0.068391
vt 0.932908 0.072571
vt 0.934519 0.068391
vt 0.930433 0.068372
vt 0.927184 0.072562
vt 0.926135 0.068388
vt 0.925986 0.072582
vt 0.924434 0.072573
vt 0.924031 0.068337
vt 0.923681 0.07258
vt 0.924434 0.072573
vt 0.92483 0.068385
vt 0.924031 0.068337
vt 0.921115 0.072628
vt 0.920915 0.068339
vt 0.920579 0.072585
vt 0.919176 0.072538
vt 0.919109 0.068388
vt 0.918972 0.072575
vt 0.918972 0.072575
vt 0.918887 0.068379
vt 0.918789 0.072613
vt 0.918789 0.072613
vt 0.918771 0.068382
vt 0.918743 0.072594
vt 0.961299 0.068212
vt 0.924586 0.068214
vt 0.920847 0.068215
vt 0.961299 0.068212
vt 0.968576 0.068219
vt 0.963359 0.068215
vt 0.920268 0.068225
vt 0.919555 0.06823
vt 0.920847 0.068215
vt 0.922612 0.068231
vt 0.921539 0.068231
vt 0.920847 0.068215
vt 0.920847 0.068215
vt 0.924586 0.068214
vt 0.922612 0.068231
vt 0.920847 0.068215
vt 0.919555 0.06823
vt 0.961299 0.068212
vt 0.961299 0.068212
vt 0.919234 0.068217
vt 0.918932 0.068216
vt 0.919234 0.068217
vt 0.961299 0.068212
vt 0.919555 0.06823
vt 0.9362 0.068227
vt 0.931111 0.068221
vt 0.924586 0.068214
vt 0.961299 0.068212
vt 0.944248 0.068217
vt 0.9362 0.068227
vt 0.923701 0.068225
vt 0.922612 0.068231
vt 0.924586 0.068214
vt 0.931111 0.068221
vt 0.926726 0.068223
vt 0.924586 0.068214
vt 0.924586 0.068214
vt 0.961299 0.068212
vt 0.9362 0.068227
vt 0.919582 0.068216
vt 0.961299 0.068212
vt 0.918932 0.068216
vt 0.920375 0.068219
vt 0.921066 0.068227
vt 0.921776 0.068231
vt 0.921776 0.068231
vt 0.922679 0.068224
vt 0.920375 0.068219
vt 0.920375 0.068219
vt 0.922679 0.068224
vt 0.923561 0.068214
vt 0.919582 0.068216
vt 0.920375 0.068219
vt 0.961299 0.068212
vt 0.927947 0.068231
vt 0.923561 0.068214
vt 0.925109 0.068223
vt 0.930883 0.068215
vt 0.923561 0.068214
vt 0.927947 0.068231
vt 0.939805 0.068217
vt 0.961299 0.068212
vt 0.923561 0.068214
vt 0.923561 0.068214
vt 0.930883 0.068215
vt 0.939805 0.068217
vt 0.950062 0.068219
vt 0.944248 0.068217
vt 0.963359 0.068215
vt 0.963359 0.068215
vt 0.956571 0.068221
vt 0.950062 0.068219
vt 0.961299 0.068212
vt 0.963359 0.068215
vt 0.944248 0.068217
vt 0.963359 0.068215
vt 0.961651 0.068224
vt 0.956571 0.068221
vt 0.966927 0.068214
vt 0.964989 0.068231
vt 0.963359 0.068215
vt 0.963359 0.068215
vt 0.968576 0.068219
vt 0.966927 0.068214
vt 0.968576 0.068219
vt 0.961299 0.068212
vt 0.969273 0.068219
vt 0.969691 0.068211
vt 0.969273 0.068219
vt 0.961299 0.068212
vt 0.970823 0.068204
vt 0.969691 0.068211
vt 0.961299 0.068212
vt 0.966324 0.068221
vt 0.961299 0.068212
vt 0.964621 0.068217
vt 0.955696 0.068225
vt 0.961299 0.068212
vt 0.950062 0.068219
vt 0.939805 0.068217
vt 0.950062 0.068219
vt 0.961299 0.068212
vt 0.961299 0.068212
vt 0.96969 0.068211
vt 0.970823 0.068204
vt 0.970823 0.068204
vt 0.96969 0.068211
vt 0.969885 0.068221
vt 0.967162 0.068225
vt 0.967694 0.068216
vt 0.966324 0.068221
vt 0.967694 0.068216
vt 0.961299 0.068212
vt 0.966324 0.068221
vt 0.967694 0.068216
vt 0.969073 0.068217
vt 0.961299 0.068212
vt 0.969073 0.068217
vt 0.96969 0.068211
vt 0.961299 0.068212
vt 0.972534 0.072577
vt 0.972413 0.06772
vt 0.972622 0.067672
vt 0.972622 0.067672
vt 0.972667 0.067674
vt 0.972659 0.072564
vt 0.972171 0.072573
vt 0.972145 0.067723
vt 0.972413 0.06772
vt 0.972413 0.06772
vt 0.972534 0.072577
vt 0.972171 0.072573
vt 0.972659 0.072564
vt 0.972534 0.072577
vt 0.972622 0.067672
vt 0.972642 0.07262
vt 0.972659 0.072564
vt 0.972667 0.067674
vt 0.972541 0.067708
vt 0.972642 0.07262
vt 0.972667 0.067674
vt 0.972171 0.072573
vt 0.972541 0.067708
vt 0.972172 0.067733
vt 0.972642 0.07262
vt 0.972541 0.067708
vt 0.972533 0.072577
vt 0.972171 0.072573
vt 0.972533 0.072577
vt 0.972541 0.067708
vt 0.922288 0.072732
vt 0.930615 0.072743
vt 0.92084 0.072728
vt 0.923372 0.072739
vt 0.930615 0.072743
vt 0.922288 0.072732
vt 0.919163 0.072725
vt 0.930615 0.072743
vt 0.918873 0.072735
vt 0.919163 0.072725
vt 0.919867 0.07273
vt 0.930615 0.072743
vt 0.92084 0.072728
vt 0.930615 0.072743
vt 0.920335 0.072725
vt 0.919867 0.07273
vt 0.920335 0.072725
vt 0.930615 0.072743
vt 0.941075 0.072736
vt 0.930615 0.072743
vt 0.936973 0.072729
vt 0.945707 0.072728
vt 0.930615 0.072743
vt 0.941075 0.072736
vt 0.925197 0.072731
vt 0.930615 0.072743
vt 0.923372 0.072739
vt 0.930615 0.072743
vt 0.945707 0.072728
vt 0.95561 0.072735
vt 0.920815 0.07273
vt 0.920039 0.072734
vt 0.930615 0.072743
vt 0.920039 0.072734
vt 0.91934 0.072737
vt 0.930615 0.072743
vt 0.918873 0.072735
vt 0.930615 0.072743
vt 0.91934 0.072737
vt 0.927644 0.072741
vt 0.922288 0.072732
vt 0.920815 0.07273
vt 0.923228 0.072734
vt 0.922288 0.072732
vt 0.927644 0.072741
vt 0.924138 0.072727
vt 0.923228 0.072734
vt 0.927644 0.072741
vt 0.924138 0.072727
vt 0.927644 0.072741
vt 0.925535 0.072734
vt 0.920815 0.07273
vt 0.930615 0.072743
vt 0.927644 0.072741
vt 0.927644 0.072741
vt 0.930615 0.072743
vt 0.930299 0.072734
vt 0.930615 0.072743
vt 0.935962 0.072736
vt 0.930299 0.072734
vt 0.935962 0.072736
vt 0.930615 0.072743
vt 0.945069 0.07273
vt 0.952572 0.072738
vt 0.945069 0.07273
vt 0.930615 0.072743
vt 0.95561 0.072735
vt 0.960584 0.072729
vt 0.930615 0.072743
vt 0.960584 0.072729
vt 0.962312 0.072725
vt 0.930615 0.072743
vt 0.930615 0.072743
vt 0.962312 0.072725
vt 0.96447 0.072729
vt 0.96709 0.072739
vt 0.930615 0.072743
vt 0.965735 0.072726
vt 0.96447 0.072729
vt 0.965735 0.072726
vt 0.930615 0.072743
vt 0.972506 0.072741
vt 0.930615 0.072743
vt 0.969722 0.072723
vt 0.930615 0.072743
vt 0.96709 0.072739
vt 0.967985 0.072726
vt 0.930615 0.072743
vt 0.968651 0.072723
vt 0.969153 0.072729
vt 0.969153 0.072729
vt 0.969722 0.072723
vt 0.930615 0.072743
vt 0.972506 0.072741
vt 0.96993 0.072727
vt 0.971992 0.072738
vt 0.96993 0.072727
vt 0.972506 0.072741
vt 0.969722 0.072723
vt 0.968651 0.072723
vt 0.930615 0.072743
vt 0.967985 0.072726
vt 0.96993 0.072727
vt 0.971519 0.072722
vt 0.971992 0.072738
vt 0.972303 0.072739
vt 0.969719 0.072727
vt 0.930615 0.072743
vt 0.966458 0.072729
vt 0.965598 0.072723
vt 0.930615 0.072743
vt 0.930615 0.072743
vt 0.968092 0.072728
vt 0.967149 0.072724
vt 0.966458 0.072729
vt 0.930615 0.072743
vt 0.967149 0.072724
vt 0.957223 0.072729
vt 0.930615 0.072743
vt 0.961176 0.072728
vt 0.957223 0.072729
vt 0.952572 0.072738
vt 0.930615 0.072743
vt 0.963821 0.072736
vt 0.961176 0.072728
vt 0.930615 0.072743
vt 0.965598 0.072723
vt 0.963821 0.072736
vt 0.930615 0.072743
vt 0.969943 0.072728
vt 0.972303 0.072739
vt 0.971876 0.072734
vt 0.972506 0.072741
vt 0.972303 0.072739
vt 0.930615 0.072743
vt 0.968756 0.072724
vt 0.968092 0.072728
vt 0.930615 0.072743
vt 0.930615 0.072743
vt 0.969326 0.072736
vt 0.968756 0.072724
vt 0.971876 0.072734
vt 0.971505 0.072736
vt 0.969943 0.072728
vt 0.969719 0.072727
vt 0.969326 0.072736
vt 0.930615 0.072743
vt 0.969943 0.072728
vt 0.969719 0.072727
vt 0.972303 0.072739
vt 0.972111 0.067779
vt 0.971697 0.067964
vt 0.971816 0.067966
vt 0.971697 0.067964
vt 0.971175 0.068123
vt 0.971423 0.068115
vt 0.971175 0.068123
vt 0.970463 0.068192
vt 0.970823 0.068204
vt 0.971829 0.0678
vt 0.97145 0.067874
vt 0.971697 0.067964
vt 0.972234 0.067551
vt 0.972111 0.067779
vt 0.972308 0.067571
vt 0.971829 0.0678
vt 0.972111 0.067779
vt 0.972234 0.067551
vt 0.971826 0.067573
vt 0.971829 0.0678
vt 0.972234 0.067551
vt 0.97145 0.067874
vt 0.971829 0.0678
vt 0.971826 0.067573
vt 0.971175 0.068123
vt 0.971072 0.06806
vt 0.970463 0.068192
vt 0.918743 0.072594
vt 0.918743 0.068379
vt 0.918782 0.072611
vt 0.918782 0.072611
vt 0.918743 0.068379
vt 0.918862 0.068392
vt 0.918782 0.072611
vt 0.918862 0.068392
vt 0.918909 0.072557
vt 0.91911 0.072572
vt 0.919118 0.068383
vt 0.919403 0.072568
vt 0.920587 0.072582
vt 0.920804 0.068327
vt 0.921128 0.07263
vt 0.921128 0.07263
vt 0.92127 0.068384
vt 0.921559 0.072575
vt 0.921559 0.072575
vt 0.921751 0.068393
vt 0.922063 0.072578
vt 0.922063 0.072578
vt 0.921751 0.068393
vt 0.922289 0.068386
vt 0.921128 0.07263
vt 0.920804 0.068327
vt 0.92127 0.068384
vt 0.922063 0.072578
vt 0.922289 0.068386
vt 0.92265 0.072575
vt 0.927117 0.07258
vt 0.926222 0.068392
vt 0.928029 0.068373
vt 0.929167 0.07257
vt 0.930605 0.068387
vt 0.931381 0.072568
vt 0.937614 0.072559
vt 0.938224 0.068391
vt 0.941972 0.072614
vt 0.941972 0.072614
vt 0.938224 0.068391
vt 0.943001 0.068371
vt 0.944423 0.072566
vt 0.946836 0.068383
vt 0.947681 0.072576
vt 0.941972 0.072614
vt 0.943001 0.068371
vt 0.944423 0.072566
vt 0.952985 0.072562
vt 0.954714 0.068368
vt 0.956098 0.072636
vt 0.956098 0.072636
vt 0.957178 0.068385
vt 0.958546 0.072577
vt 0.958546 0.072577
vt 0.957178 0.068385
vt 0.959182 0.068381
vt 0.963198 0.072572
vt 0.96394 0.068397
vt 0.964004 0.072626
vt 0.963198 0.072572
vt 0.962611 0.068385
vt 0.96394 0.068397
vt 0.962003 0.072574
vt 0.962611 0.068385
vt 0.963198 0.072572
vt 0.965871 0.072574
vt 0.966143 0.068398
vt 0.966652 0.072572
vt 0.968254 0.072579
vt 0.967832 0.068384
vt 0.968341 0.068379
vt 0.967633 0.072576
vt 0.96735 0.068355
vt 0.967832 0.068384
vt 0.968254 0.072579
vt 0.968341 0.068379
vt 0.968661 0.072569
vt 0.969107 0.072586
vt 0.969501 0.06838
vt 0.969487 0.072577
vt 0.969487 0.072577
vt 0.969501 0.06838
vt 0.969815 0.072565
vt 0.968661 0.072569
vt 0.968947 0.068378
vt 0.969107 0.072586
vt 0.964902 0.072577
vt 0.965156 0.068378
vt 0.965871 0.072574
vt 0.967633 0.072576
vt 0.967186 0.072631
vt 0.96735 0.068355
vt 0.968254 0.072579
vt 0.967633 0.072576
vt 0.967832 0.068384
vt 0.969821 0.068384
vt 0.969815 0.072565
vt 0.969501 0.06838
vt 0.971423 0.068115
vt 0.970511 0.068189
vt 0.971014 0.068078
vt 0.971816 0.067966
vt 0.971423 0.068115
vt 0.971704 0.06793
vt 0.971824 0.067572
vt 0.971704 0.06793
vt 0.971425 0.067894
vt 0.970823 0.068204
vt 0.969885 0.068221
vt 0.970511 0.068189
vt 0.971704 0.06793
vt 0.971014 0.068078
vt 0.971425 0.067894
vt 0.972206 0.06755
vt 0.972111 0.067779
vt 0.971704 0.06793
vt 0.972308 0.067571
vt 0.972111 0.067779
vt 0.972206 0.06755
vt 0.972206 0.06755
vt 0.971704 0.06793
vt 0.971824 0.067572
vt 0.97071 0.068328
vt 0.969943 0.07258
vt 0.969937 0.068383
vt 0.969943 0.07258
vt 0.97071 0.068328
vt 0.971431 0.07257
vt 0.971431 0.07257
vt 0.97071 0.068328
vt 0.971428 0.068093
vt 0.970711 0.068327
vt 0.969962 0.068378
vt 0.969975 0.072583
vt 0.969975 0.072583
vt 0.971431 0.07257
vt 0.970711 0.068327
vt 0.971431 0.07257
vt 0.971416 0.068092
vt 0.970711 0.068327
vt 0.972047 0.072582
vt 0.972145 0.067723
vt 0.972171 0.072573
vt 0.972047 0.072582
vt 0.971816 0.072552
vt 0.972022 0.067796
vt 0.971816 0.072552
vt 0.971431 0.07257
vt 0.971428 0.068093
vt 0.971816 0.072552
vt 0.971783 0.067911
vt 0.972022 0.067796
vt 0.972047 0.072582
vt 0.972022 0.067796
vt 0.972145 0.067723
vt 0.971783 0.067911
vt 0.971816 0.072552
vt 0.971428 0.068093
vt 0.972047 0.072582
vt 0.972171 0.072573
vt 0.972077 0.067764
vt 0.972047 0.072582
vt 0.972077 0.067764
vt 0.971816 0.072552
vt 0.971816 0.072552
vt 0.971416 0.068092
vt 0.971431 0.07257
vt 0.971816 0.072552
vt 0.972077 0.067764
vt 0.971777 0.067914
vt 0.972171 0.072573
vt 0.972172 0.067733
vt 0.972077 0.067764
vt 0.971777 0.067914
vt 0.971416 0.068092
vt 0.971816 0.072552
vt 0.971528 0.072677
vt 0.971816 0.072552
vt 0.971431 0.07257
vt 0.971505 0.072736
vt 0.971876 0.072734
vt 0.971528 0.072677
vt 0.972049 0.072707
vt 0.972047 0.072582
vt 0.971876 0.072734
vt 0.971519 0.072722
vt 0.971816 0.072552
vt 0.971849 0.072714
vt 0.972047 0.072582
vt 0.972107 0.072673
vt 0.971849 0.072714
vt 0.972402 0.072683
vt 0.972533 0.072577
vt 0.972171 0.072573
vt 0.972642 0.07262
vt 0.972533 0.072577
vt 0.972402 0.072683
vt 0.972506 0.072741
vt 0.972501 0.072712
vt 0.972642 0.07262
vt 0.972501 0.072712
vt 0.972534 0.072577
vt 0.972659 0.072564
vt 0.972171 0.072573
vt 0.972049 0.072707
vt 0.972402 0.072683
vt 0.971992 0.072738
vt 0.972501 0.072712
vt 0.972506 0.072741
vt 0.97071 0.068328
vt 0.970604 0.068236
vt 0.971504 0.067964
vt 0.970604 0.068236
vt 0.970463 0.068192
vt 0.971072 0.06806
vt 0.971504 0.067964
vt 0.971428 0.068093
vt 0.97071 0.068328
vt 0.9699 0.068245
vt 0.969691 0.068211
vt 0.970463 0.068192
vt 0.970604 0.068236
vt 0.9699 0.068245
vt 0.970463 0.068192
vt 0.969937 0.068383
vt 0.970604 0.068236
vt 0.97071 0.068328
vt 0.9699 0.068245
vt 0.970604 0.068236
vt 0.969937 0.068383
vt 0.972017 0.067541
vt 0.972395 0.067597
vt 0.972118 0.067622
vt 0.972622 0.067672
vt 0.972413 0.06772
vt 0.972395 0.067597
vt 0.919163 0.072725
vt 0.918873 0.072735
vt 0.918782 0.072611
vt 0.920587 0.072582
vt 0.92084 0.072728
vt 0.920335 0.072725
vt 0.920587 0.072582
vt 0.921128 0.07263
vt 0.92084 0.072728
vt 0.921128 0.07263
vt 0.92181 0.072715
vt 0.92084 0.072728
vt 0.922063 0.072578
vt 0.92181 0.072715
vt 0.921559 0.072575
vt 0.922063 0.072578
vt 0.922288 0.072732
vt 0.92181 0.072715
vt 0.92265 0.072575
vt 0.923154 0.072634
vt 0.922288 0.072732
vt 0.924176 0.072716
vt 0.923372 0.072739
vt 0.923154 0.072634
vt 0.924632 0.072572
vt 0.925197 0.072731
vt 0.924176 0.072716
vt 0.92579 0.072583
vt 0.925197 0.072731
vt 0.924632 0.072572
vt 0.927117 0.07258
vt 0.926617 0.072709
vt 0.92579 0.072583
vt 0.934107 0.072578
vt 0.93198 0.072678
vt 0.931381 0.072568
vt 0.941972 0.072614
vt 0.936973 0.072729
vt 0.937614 0.072559
vt 0.941972 0.072614
vt 0.941075 0.072736
vt 0.936973 0.072729
vt 0.944423 0.072566
vt 0.945707 0.072728
vt 0.941972 0.072614
vt 0.941972 0.072614
vt 0.945707 0.072728
vt 0.941075 0.072736
vt 0.947681 0.072576
vt 0.945707 0.072728
vt 0.944423 0.072566
vt 0.952985 0.072562
vt 0.950367 0.072712
vt 0.947681 0.072576
vt 0.952985 0.072562
vt 0.956098 0.072636
vt 0.950367 0.072712
vt 0.956098 0.072636
vt 0.958836 0.072709
vt 0.95561 0.072735
vt 0.963198 0.072572
vt 0.964004 0.072626
vt 0.962312 0.072725
vt 0.967186 0.072631
vt 0.966578 0.072707
vt 0.966652 0.072572
vt 0.967985 0.072726
vt 0.96709 0.072739
vt 0.967186 0.072631
vt 0.968254 0.072579
vt 0.967985 0.072726
vt 0.967633 0.072576
vt 0.969107 0.072586
vt 0.968651 0.072723
vt 0.968661 0.072569
vt 0.924176 0.072716
vt 0.925197 0.072731
vt 0.923372 0.072739
vt 0.950367 0.072712
vt 0.95561 0.072735
vt 0.945707 0.072728
vt 0.969722 0.072723
vt 0.969153 0.072729
vt 0.969465 0.07271
vt 0.918862 0.068392
vt 0.919035 0.068281
vt 0.919118 0.068383
vt 0.919234 0.068217
vt 0.919555 0.06823
vt 0.919035 0.068281
vt 0.919382 0.068381
vt 0.919555 0.06823
vt 0.919711 0.068365
vt 0.920268 0.068225
vt 0.920847 0.068215
vt 0.920804 0.068327
vt 0.920804 0.068327
vt 0.921539 0.068231
vt 0.92127 0.068384
vt 0.92127 0.068384
vt 0.921539 0.068231
vt 0.921751 0.068393
vt 0.922289 0.068386
vt 0.922612 0.068231
vt 0.922899 0.06839
vt 0.924586 0.068214
vt 0.926726 0.068223
vt 0.924697 0.068341
vt 0.928029 0.068373
vt 0.928858 0.068271
vt 0.930605 0.068387
vt 0.928858 0.068271
vt 0.931111 0.068221
vt 0.932295 0.068277
vt 0.932295 0.068277
vt 0.934311 0.06837
vt 0.930605 0.068387
vt 0.934311 0.06837
vt 0.9362 0.068227
vt 0.938224 0.068391
vt 0.939929 0.068244
vt 0.943001 0.068371
vt 0.938224 0.068391
vt 0.939929 0.068244
vt 0.944248 0.068217
vt 0.944161 0.06828
vt 0.944161 0.06828
vt 0.946836 0.068383
vt 0.943001 0.068371
vt 0.946836 0.068383
vt 0.949941 0.068274
vt 0.951334 0.068382
vt 0.949941 0.068274
vt 0.954714 0.068368
vt 0.951334 0.068382
vt 0.954714 0.068368
vt 0.956661 0.068277
vt 0.957178 0.068385
vt 0.957178 0.068385
vt 0.956661 0.068277
vt 0.959182 0.068381
vt 0.959182 0.068381
vt 0.959985 0.068249
vt 0.960862 0.068382
vt 0.960862 0.068382
vt 0.961651 0.068224
vt 0.962611 0.068385
vt 0.962611 0.068385
vt 0.963359 0.068215
vt 0.96394 0.068397
vt 0.966097 0.068247
vt 0.966767 0.068347
vt 0.966143 0.068398
vt 0.966097 0.068247
vt 0.966927 0.068214
vt 0.966767 0.068347
vt 0.966927 0.068214
vt 0.96735 0.068355
vt 0.966767 0.068347
vt 0.966927 0.068214
vt 0.968008 0.068238
vt 0.96735 0.068355
vt 0.968008 0.068238
vt 0.968341 0.068379
vt 0.967832 0.068384
vt 0.968576 0.068219
vt 0.968947 0.068378
vt 0.968341 0.068379
vt 0.969222 0.068277
vt 0.969501 0.06838
vt 0.968947 0.068378
vt 0.969273 0.068219
vt 0.969763 0.068272
vt 0.969222 0.068277
vt 0.919234 0.068217
vt 0.918858 0.068237
vt 0.918932 0.068216
vt 0.939929 0.068244
vt 0.9362 0.068227
vt 0.944248 0.068217
vt 0.969821 0.068384
vt 0.969501 0.06838
vt 0.969763 0.068272
vt 0.969821 0.068384
vt 0.969943 0.07258
vt 0.969815 0.072565
vt 0.969943 0.07258
vt 0.969821 0.068384
vt 0.969937 0.068383
vt 0.969817 0.072579
vt 0.969975 0.072583
vt 0.969826 0.068379
vt 0.969962 0.068378
vt 0.969826 0.068379
vt 0.969975 0.072583
vt 0.969333 0.072681
vt 0.968756 0.072724
vt 0.969326 0.072736
vt 0.969069 0.07257
vt 0.968756 0.072724
vt 0.969333 0.072681
vt 0.968721 0.072572
vt 0.968756 0.072724
vt 0.969069 0.07257
vt 0.968275 0.072574
vt 0.967789 0.072614
vt 0.968092 0.072728
vt 0.967149 0.072724
vt 0.968092 0.072728
vt 0.967789 0.072614
vt 0.964902 0.07262
vt 0.965598 0.072723
vt 0.965842 0.072572
vt 0.958984 0.072643
vt 0.961176 0.072728
vt 0.960533 0.072553
vt 0.941248 0.072684
vt 0.945069 0.07273
vt 0.945574 0.072585
vt 0.930862 0.072587
vt 0.933564 0.072677
vt 0.932908 0.072571
vt 0.930862 0.072587
vt 0.929234 0.072629
vt 0.933564 0.072677
vt 0.926913 0.072677
vt 0.925535 0.072734
vt 0.927644 0.072741
vt 0.925986 0.072582
vt 0.925188 0.072636
vt 0.926913 0.072677
vt 0.924138 0.072727
vt 0.925535 0.072734
vt 0.925188 0.072636
vt 0.923681 0.07258
vt 0.924138 0.072727
vt 0.924434 0.072573
vt 0.923681 0.07258
vt 0.923155 0.072634
vt 0.924138 0.072727
vt 0.922288 0.072732
vt 0.923228 0.072734
vt 0.923155 0.072634
vt 0.922055 0.072577
vt 0.922288 0.072732
vt 0.922649 0.072575
vt 0.921553 0.072577
vt 0.921115 0.072628
vt 0.92181 0.072715
vt 0.918972 0.072575
vt 0.918789 0.072613
vt 0.919118 0.072678
vt 0.957395 0.072559
vt 0.958984 0.072643
vt 0.960533 0.072553
vt 0.969719 0.072727
vt 0.969817 0.072579
vt 0.969531 0.072566
vt 0.969531 0.072566
vt 0.969333 0.072681
vt 0.969719 0.072727
vt 0.920815 0.07273
vt 0.922288 0.072732
vt 0.92181 0.072715
vt 0.969504 0.068319
vt 0.969073 0.068217
vt 0.969138 0.068342
vt 0.969073 0.068217
vt 0.968506 0.068242
vt 0.969138 0.068342
vt 0.968506 0.068242
vt 0.967694 0.068216
vt 0.967888 0.068344
vt 0.964621 0.068217
vt 0.964091 0.068267
vt 0.965059 0.068338
vt 0.964091 0.068267
vt 0.962359 0.068321
vt 0.963729 0.068412
vt 0.962359 0.068321
vt 0.961299 0.068212
vt 0.959731 0.068252
vt 0.961315 0.068376
vt 0.959731 0.068252
vt 0.9595 0.068391
vt 0.959731 0.068252
vt 0.956619 0.068381
vt 0.9595 0.068391
vt 0.955696 0.068225
vt 0.952882 0.068311
vt 0.956619 0.068381
vt 0.950062 0.068219
vt 0.947025 0.068275
vt 0.952882 0.068311
vt 0.947025 0.068275
vt 0.944676 0.068375
vt 0.948069 0.068375
vt 0.942987 0.068245
vt 0.941708 0.068377
vt 0.944676 0.068375
vt 0.942987 0.068245
vt 0.93808 0.068332
vt 0.941708 0.068377
vt 0.939805 0.068217
vt 0.93808 0.068332
vt 0.942987 0.068245
vt 0.93808 0.068332
vt 0.934184 0.068248
vt 0.934519 0.068391
vt 0.925109 0.068223
vt 0.923561 0.068214
vt 0.924031 0.068337
vt 0.924031 0.068337
vt 0.923561 0.068214
vt 0.92328 0.068387
vt 0.921776 0.068231
vt 0.921506 0.068392
vt 0.922014 0.068385
vt 0.921066 0.068227
vt 0.920375 0.068219
vt 0.920915 0.068339
vt 0.918861 0.068275
vt 0.918771 0.068382
vt 0.918887 0.068379
vt 0.964091 0.068267
vt 0.963729 0.068412
vt 0.965059 0.068338
vt 0.951896 0.068441
vt 0.956619 0.068381
vt 0.952882 0.068311
vt 0.951896 0.068441
vt 0.952882 0.068311
vt 0.948069 0.068375
vt 0.96969 0.068211
vt 0.969504 0.068319
vt 0.969826 0.068379
vt 0.964621 0.068217
vt 0.961299 0.068212
vt 0.964091 0.068267
vt 0.961299 0.068212
vt 0.955696 0.068225
vt 0.959731 0.068252
vt 0.939805 0.068217
vt 0.942987 0.068245
vt 0.950062 0.068219
vt 0.920375 0.068219
vt 0.919582 0.068216
vt 0.919956 0.068246
vt 0.918858 0.068237
vt 0.918861 0.068275
vt 0.918932 0.068216
vt 0.970511 0.068189
vt 0.970715 0.068221
vt 0.971014 0.068078
vt 0.970715 0.068221
vt 0.970511 0.068189
vt 0.969885 0.068221
vt 0.969962 0.068378
vt 0.970711 0.068327
vt 0.970715 0.068221
vt 0.969885 0.068221
vt 0.969962 0.068378
vt 0.970715 0.068221
vt 0.971528 0.072677
vt 0.969975 0.072583
vt 0.969943 0.072728
vt 0.97145 0.067874
vt 0.971614 0.067809
vt 0.971072 0.06806
vt 0.971504 0.067964
vt 0.971614 0.067809
vt 0.971783 0.067911
vt 0.97145 0.067874
vt 0.971823 0.067611
vt 0.971614 0.067809
vt 0.971783 0.067911
vt 0.97196 0.067635
vt 0.972022 0.067796
vt 0.971614 0.067809
vt 0.971823 0.067611
vt 0.97196 0.067635
vt 0.972022 0.067796
vt 0.97196 0.067635
vt 0.972145 0.067723
vt 0.97196 0.067635
vt 0.972017 0.067541
vt 0.972118 0.067622
vt 0.971072 0.06806
vt 0.971614 0.067809
vt 0.971504 0.067964
vt 0.972565 0.067554
vt 0.972541 0.067708
vt 0.972667 0.067674
vt 0.972012 0.06754
vt 0.972565 0.067554
vt 0.972478 0.06752
vt 0.972445 0.067593
vt 0.972541 0.067708
vt 0.972565 0.067554
vt 0.972012 0.06754
vt 0.972445 0.067593
vt 0.972565 0.067554
vt 0.971824 0.067572
vt 0.972012 0.06754
vt 0.972206 0.06755
vt 0.971777 0.067914
vt 0.971964 0.067636
vt 0.971554 0.067888
vt 0.972077 0.067764
vt 0.972119 0.067623
vt 0.971964 0.067636
vt 0.971964 0.067636
vt 0.972012 0.06754
vt 0.971823 0.06761
vt 0.969531 0.072566
vt 0.969504 0.068319
vt 0.969138 0.068342
vt 0.968721 0.072572
vt 0.969069 0.07257
vt 0.968614 0.068399
vt 0.965842 0.072572
vt 0.966515 0.072575
vt 0.966471 0.068402
vt 0.965842 0.072572
vt 0.966471 0.068402
vt 0.965813 0.06835
vt 0.963191 0.072572
vt 0.964004 0.072626
vt 0.963729 0.068412
vt 0.962253 0.072631
vt 0.963191 0.072572
vt 0.962359 0.068321
vt 0.960533 0.072553
vt 0.962253 0.072631
vt 0.961315 0.068376
vt 0.957395 0.072559
vt 0.9595 0.068391
vt 0.956619 0.068381
vt 0.954287 0.072576
vt 0.956619 0.068381
vt 0.951896 0.068441
vt 0.954287 0.072576
vt 0.957395 0.072559
vt 0.956619 0.068381
vt 0.945574 0.072585
vt 0.950541 0.072566
vt 0.948069 0.068375
vt 0.960533 0.072553
vt 0.961315 0.068376
vt 0.9595 0.068391
vt 0.935629 0.072543
vt 0.941073 0.072575
vt 0.93808 0.068332
vt 0.929234 0.072629
vt 0.930862 0.072587
vt 0.930433 0.068372
vt 0.929234 0.072629
vt 0.930433 0.068372
vt 0.927902 0.068377
vt 0.927184 0.072562
vt 0.929234 0.072629
vt 0.927902 0.068377
vt 0.930862 0.072587
vt 0.932908 0.072571
vt 0.930433 0.068372
vt 0.932908 0.072571
vt 0.935629 0.072543
vt 0.934519 0.068391
vt 0.927184 0.072562
vt 0.927902 0.068377
vt 0.926135 0.068388
vt 0.924434 0.072573
vt 0.925188 0.072636
vt 0.92483 0.068385
vt 0.923681 0.07258
vt 0.924031 0.068337
vt 0.92328 0.068387
vt 0.920579 0.072585
vt 0.920915 0.068339
vt 0.920348 0.068389
vt 0.923155 0.072634
vt 0.923681 0.07258
vt 0.92328 0.068387
vt 0.920245 0.072628
vt 0.920579 0.072585
vt 0.920348 0.068389
vt 0.919176 0.072538
vt 0.919481 0.068379
vt 0.919109 0.068388
vt 0.919176 0.072538
vt 0.919524 0.072624
vt 0.919481 0.068379
vt 0.918972 0.072575
vt 0.919109 0.068388
vt 0.918887 0.068379
vt 0.918743 0.072594
vt 0.918771 0.068382
vt 0.918743 0.068379
vt 0.918789 0.072613
vt 0.918887 0.068379
vt 0.918771 0.068382
vt 0.920375 0.068219
vt 0.923561 0.068214
vt 0.961299 0.068212
vt 0.971816 0.067966
vt 0.971697 0.067964
vt 0.971423 0.068115
vt 0.971423 0.068115
vt 0.971175 0.068123
vt 0.970823 0.068204
vt 0.972111 0.067779
vt 0.971829 0.0678
vt 0.971697 0.067964
vt 0.971697 0.067964
vt 0.97145 0.067874
vt 0.971072 0.06806
vt 0.971697 0.067964
vt 0.971072 0.06806
vt 0.971175 0.068123
vt 0.970823 0.068204
vt 0.970463 0.068192
vt 0.969691 0.068211
vt 0.91911 0.072572
vt 0.918862 0.068392
vt 0.919118 0.068383
vt 0.919403 0.072568
vt 0.919118 0.068383
vt 0.919382 0.068381
vt 0.91911 0.072572
vt 0.918909 0.072557
vt 0.918862 0.068392
vt 0.920587 0.072582
vt 0.920515 0.068383
vt 0.920804 0.068327
vt 0.921559 0.072575
vt 0.92127 0.068384
vt 0.921751 0.068393
vt 0.92265 0.072575
vt 0.922289 0.068386
vt 0.922899 0.06839
vt 0.923154 0.072634
vt 0.92265 0.072575
vt 0.922899 0.06839
vt 0.927117 0.07258
vt 0.92579 0.072583
vt 0.926222 0.068392
vt 0.929167 0.07257
vt 0.927117 0.07258
vt 0.928029 0.068373
vt 0.929167 0.07257
vt 0.928029 0.068373
vt 0.930605 0.068387
vt 0.944423 0.072566
vt 0.943001 0.068371
vt 0.946836 0.068383
vt 0.947681 0.072576
vt 0.946836 0.068383
vt 0.951334 0.068382
vt 0.952985 0.072562
vt 0.947681 0.072576
vt 0.951334 0.068382
vt 0.952985 0.072562
vt 0.951334 0.068382
vt 0.954714 0.068368
vt 0.956098 0.072636
vt 0.954714 0.068368
vt 0.957178 0.068385
vt 0.960531 0.072553
vt 0.959182 0.068381
vt 0.960862 0.068382
vt 0.960531 0.072553
vt 0.958546 0.072577
vt 0.959182 0.068381
vt 0.965871 0.072574
vt 0.965156 0.068378
vt 0.966143 0.068398
vt 0.966652 0.072572
vt 0.966143 0.068398
vt 0.966767 0.068347
vt 0.971014 0.068078
vt 0.971704 0.06793
vt 0.971423 0.068115
vt 0.968661 0.072569
vt 0.968341 0.068379
vt 0.968947 0.068378
vt 0.969107 0.072586
vt 0.968947 0.068378
vt 0.969501 0.06838
vt 0.971423 0.068115
vt 0.970823 0.068204
vt 0.970511 0.068189
vt 0.972111 0.067779
vt 0.971816 0.067966
vt 0.971704 0.06793
vt 0.971528 0.072677
vt 0.971876 0.072734
vt 0.971816 0.072552
vt 0.971876 0.072734
vt 0.972047 0.072582
vt 0.971816 0.072552
vt 0.972049 0.072707
vt 0.972171 0.072573
vt 0.972047 0.072582
vt 0.971519 0.072722
vt 0.971431 0.07257
vt 0.971816 0.072552
vt 0.971816 0.072552
vt 0.972047 0.072582
vt 0.971849 0.072714
vt 0.971849 0.072714
vt 0.972107 0.072673
vt 0.971992 0.072738
vt 0.972047 0.072582
vt 0.972171 0.072573
vt 0.972107 0.072673
vt 0.971849 0.072714
vt 0.971992 0.072738
vt 0.971519 0.072722
vt 0.972642 0.07262
vt 0.972501 0.072712
vt 0.972659 0.072564
vt 0.971992 0.072738
vt 0.972107 0.072673
vt 0.972501 0.072712
vt 0.972303 0.072739
vt 0.972049 0.072707
vt 0.971876 0.072734
vt 0.972049 0.072707
vt 0.972303 0.072739
vt 0.972402 0.072683
vt 0.971504 0.067964
vt 0.970604 0.068236
vt 0.971072 0.06806
vt 0.972118 0.067622
vt 0.972395 0.067597
vt 0.972413 0.06772
vt 0.971826 0.067573
vt 0.972234 0.067551
vt 0.972017 0.067541
vt 0.972017 0.067541
vt 0.972478 0.06752
vt 0.972395 0.067597
vt 0.972395 0.067597
vt 0.972478 0.06752
vt 0.972622 0.067672
vt 0.972234 0.067551
vt 0.972478 0.06752
vt 0.972017 0.067541
vt 0.972478 0.06752
vt 0.972667 0.067674
vt 0.972622 0.067672
vt 0.972413 0.06772
vt 0.972145 0.067723
vt 0.972118 0.067622
vt 0.972308 0.067571
vt 0.972478 0.06752
vt 0.972234 0.067551
vt 0.972667 0.067674
vt 0.972478 0.06752
vt 0.972565 0.067554
vt 0.918909 0.072557
vt 0.919163 0.072725
vt 0.918782 0.072611
vt 0.918909 0.072557
vt 0.91911 0.072572
vt 0.919163 0.072725
vt 0.920152 0.072561
vt 0.920587 0.072582
vt 0.920335 0.072725
vt 0.921559 0.072575
vt 0.92181 0.072715
vt 0.921128 0.07263
vt 0.922063 0.072578
vt 0.92265 0.072575
vt 0.922288 0.072732
vt 0.922288 0.072732
vt 0.923154 0.072634
vt 0.923372 0.072739
vt 0.92368 0.07258
vt 0.924176 0.072716
vt 0.923154 0.072634
vt 0.92368 0.07258
vt 0.924632 0.072572
vt 0.924176 0.072716
vt 0.92579 0.072583
vt 0.926617 0.072709
vt 0.925197 0.072731
vt 0.927117 0.07258
vt 0.928592 0.072711
vt 0.926617 0.072709
vt 0.927117 0.07258
vt 0.929167 0.07257
vt 0.928592 0.072711
vt 0.928592 0.072711
vt 0.93198 0.072678
vt 0.930615 0.072743
vt 0.93198 0.072678
vt 0.936973 0.072729
vt 0.930615 0.072743
vt 0.947681 0.072576
vt 0.950367 0.072712
vt 0.945707 0.072728
vt 0.950367 0.072712
vt 0.956098 0.072636
vt 0.95561 0.072735
vt 0.956098 0.072636
vt 0.958546 0.072577
vt 0.958836 0.072709
vt 0.962003 0.072574
vt 0.963198 0.072572
vt 0.962312 0.072725
vt 0.962312 0.072725
vt 0.964004 0.072626
vt 0.96447 0.072729
vt 0.964902 0.072577
vt 0.96447 0.072729
vt 0.964004 0.072626
vt 0.967186 0.072631
vt 0.96709 0.072739
vt 0.966578 0.072707
vt 0.967633 0.072576
vt 0.967985 0.072726
vt 0.967186 0.072631
vt 0.969107 0.072586
vt 0.969153 0.072729
vt 0.968651 0.072723
vt 0.918873 0.072735
vt 0.918743 0.072594
vt 0.918782 0.072611
vt 0.919163 0.072725
vt 0.919516 0.072709
vt 0.919867 0.07273
vt 0.92084 0.072728
vt 0.92181 0.072715
vt 0.922288 0.072732
vt 0.95561 0.072735
vt 0.958836 0.072709
vt 0.960584 0.072729
vt 0.965735 0.072726
vt 0.966578 0.072707
vt 0.96709 0.072739
vt 0.919035 0.068281
vt 0.918858 0.068237
vt 0.919234 0.068217
vt 0.919711 0.068365
vt 0.919555 0.06823
vt 0.919893 0.068246
vt 0.920804 0.068327
vt 0.920847 0.068215
vt 0.921539 0.068231
vt 0.924697 0.068341
vt 0.926726 0.068223
vt 0.926222 0.068392
vt 0.928858 0.068271
vt 0.926726 0.068223
vt 0.931111 0.068221
vt 0.930605 0.068387
vt 0.928858 0.068271
vt 0.932295 0.068277
vt 0.934311 0.06837
vt 0.932295 0.068277
vt 0.9362 0.068227
vt 0.932295 0.068277
vt 0.931111 0.068221
vt 0.9362 0.068227
vt 0.9362 0.068227
vt 0.939929 0.068244
vt 0.938224 0.068391
vt 0.943001 0.068371
vt 0.939929 0.068244
vt 0.944161 0.06828
vt 0.944161 0.06828
vt 0.949941 0.068274
vt 0.946836 0.068383
vt 0.954714 0.068368
vt 0.949941 0.068274
vt 0.956661 0.068277
vt 0.959182 0.068381
vt 0.956661 0.068277
vt 0.959985 0.068249
vt 0.956661 0.068277
vt 0.956571 0.068221
vt 0.959985 0.068249
vt 0.959985 0.068249
vt 0.961651 0.068224
vt 0.960862 0.068382
vt 0.962611 0.068385
vt 0.961651 0.068224
vt 0.963359 0.068215
vt 0.96735 0.068355
vt 0.968008 0.068238
vt 0.967832 0.068384
vt 0.968008 0.068238
vt 0.968576 0.068219
vt 0.968341 0.068379
vt 0.968576 0.068219
vt 0.969222 0.068277
vt 0.968947 0.068378
vt 0.968576 0.068219
vt 0.969273 0.068219
vt 0.969222 0.068277
vt 0.969222 0.068277
vt 0.969763 0.068272
vt 0.969501 0.06838
vt 0.969763 0.068272
vt 0.969273 0.068219
vt 0.969691 0.068211
vt 0.920268 0.068225
vt 0.919893 0.068246
vt 0.919555 0.06823
vt 0.961651 0.068224
vt 0.959985 0.068249
vt 0.956571 0.068221
vt 0.966927 0.068214
vt 0.966097 0.068247
vt 0.964989 0.068231
vt 0.966927 0.068214
vt 0.968576 0.068219
vt 0.968008 0.068238
vt 0.969531 0.072566
vt 0.969069 0.07257
vt 0.969333 0.072681
vt 0.967241 0.072579
vt 0.967149 0.072724
vt 0.967789 0.072614
vt 0.963191 0.072572
vt 0.962253 0.072631
vt 0.964004 0.072626
vt 0.962253 0.072631
vt 0.960533 0.072553
vt 0.961176 0.072728
vt 0.958984 0.072643
vt 0.957223 0.072729
vt 0.961176 0.072728
vt 0.957395 0.072559
vt 0.957223 0.072729
vt 0.958984 0.072643
vt 0.952307 0.072684
vt 0.952572 0.072738
vt 0.957223 0.072729
vt 0.954287 0.072576
vt 0.950541 0.072566
vt 0.952307 0.072684
vt 0.952307 0.072684
vt 0.945069 0.07273
vt 0.952572 0.072738
vt 0.941073 0.072575
vt 0.941248 0.072684
vt 0.945574 0.072585
vt 0.941248 0.072684
vt 0.935962 0.072736
vt 0.945069 0.07273
vt 0.941248 0.072684
vt 0.933564 0.072677
vt 0.935962 0.072736
vt 0.935629 0.072543
vt 0.932908 0.072571
vt 0.933564 0.072677
vt 0.933564 0.072677
vt 0.930299 0.072734
vt 0.935962 0.072736
vt 0.933564 0.072677
vt 0.929234 0.072629
vt 0.930299 0.072734
vt 0.929234 0.072629
vt 0.927184 0.072562
vt 0.926913 0.072677
vt 0.927184 0.072562
vt 0.925986 0.072582
vt 0.926913 0.072677
vt 0.926913 0.072677
vt 0.925188 0.072636
vt 0.925535 0.072734
vt 0.924434 0.072573
vt 0.924138 0.072727
vt 0.925188 0.072636
vt 0.924138 0.072727
vt 0.923155 0.072634
vt 0.923228 0.072734
vt 0.922649 0.072575
vt 0.922288 0.072732
vt 0.923155 0.072634
vt 0.922055 0.072577
vt 0.92181 0.072715
vt 0.922288 0.072732
vt 0.922055 0.072577
vt 0.921553 0.072577
vt 0.92181 0.072715
vt 0.921115 0.072628
vt 0.920815 0.07273
vt 0.92181 0.072715
vt 0.920579 0.072585
vt 0.920815 0.07273
vt 0.921115 0.072628
vt 0.920579 0.072585
vt 0.920245 0.072628
vt 0.920815 0.07273
vt 0.920245 0.072628
vt 0.920039 0.072734
vt 0.920815 0.07273
vt 0.920245 0.072628
vt 0.91986 0.072624
vt 0.920039 0.072734
vt 0.919524 0.072624
vt 0.919176 0.072538
vt 0.919118 0.072678
vt 0.919524 0.072624
vt 0.919118 0.072678
vt 0.91934 0.072737
vt 0.919176 0.072538
vt 0.918972 0.072575
vt 0.919118 0.072678
vt 0.969326 0.072736
vt 0.969719 0.072727
vt 0.969333 0.072681
vt 0.918789 0.072613
vt 0.918743 0.072594
vt 0.918873 0.072735
vt 0.969504 0.068319
vt 0.96969 0.068211
vt 0.969073 0.068217
vt 0.969138 0.068342
vt 0.968506 0.068242
vt 0.968614 0.068399
vt 0.968614 0.068399
vt 0.968506 0.068242
vt 0.967888 0.068344
vt 0.966471 0.068402
vt 0.966324 0.068221
vt 0.965813 0.06835
vt 0.964091 0.068267
vt 0.961299 0.068212
vt 0.962359 0.068321
vt 0.961315 0.068376
vt 0.962359 0.068321
vt 0.959731 0.068252
vt 0.959731 0.068252
vt 0.955696 0.068225
vt 0.956619 0.068381
vt 0.955696 0.068225
vt 0.950062 0.068219
vt 0.952882 0.068311
vt 0.952882 0.068311
vt 0.947025 0.068275
vt 0.948069 0.068375
vt 0.947025 0.068275
vt 0.950062 0.068219
vt 0.942987 0.068245
vt 0.944676 0.068375
vt 0.947025 0.068275
vt 0.942987 0.068245
vt 0.93808 0.068332
vt 0.939805 0.068217
vt 0.934184 0.068248
vt 0.934184 0.068248
vt 0.930883 0.068215
vt 0.930392 0.068273
vt 0.930392 0.068273
vt 0.930883 0.068215
vt 0.927947 0.068231
vt 0.92483 0.068385
vt 0.925109 0.068223
vt 0.924031 0.068337
vt 0.920915 0.068339
vt 0.920375 0.068219
vt 0.920348 0.068389
vt 0.919956 0.068246
vt 0.919582 0.068216
vt 0.919542 0.068274
vt 0.919542 0.068274
vt 0.919582 0.068216
vt 0.919204 0.068248
vt 0.919204 0.068248
vt 0.918932 0.068216
vt 0.918861 0.068275
vt 0.969073 0.068217
vt 0.967694 0.068216
vt 0.968506 0.068242
vt 0.930883 0.068215
vt 0.934184 0.068248
vt 0.939805 0.068217
vt 0.925109 0.068223
vt 0.926131 0.068251
vt 0.927947 0.068231
vt 0.918932 0.068216
vt 0.919204 0.068248
vt 0.919582 0.068216
vt 0.969975 0.072583
vt 0.971528 0.072677
vt 0.971431 0.07257
vt 0.969943 0.072728
vt 0.971505 0.072736
vt 0.971528 0.072677
vt 0.971783 0.067911
vt 0.971428 0.068093
vt 0.971504 0.067964
vt 0.971783 0.067911
vt 0.971614 0.067809
vt 0.97196 0.067635
vt 0.97145 0.067874
vt 0.971826 0.067573
vt 0.971823 0.067611
vt 0.972145 0.067723
vt 0.97196 0.067635
vt 0.972118 0.067622
vt 0.97196 0.067635
vt 0.971823 0.067611
vt 0.972017 0.067541
vt 0.971823 0.067611
vt 0.971826 0.067573
vt 0.972017 0.067541
vt 0.972308 0.067571
vt 0.972206 0.06755
vt 0.972478 0.06752
vt 0.972206 0.06755
vt 0.972012 0.06754
vt 0.972478 0.06752
vt 0.972012 0.06754
vt 0.972119 0.067623
vt 0.972445 0.067593
vt 0.971416 0.068092
vt 0.971777 0.067914
vt 0.971554 0.067888
vt 0.971554 0.067888
vt 0.971823 0.06761
vt 0.971425 0.067894
vt 0.971777 0.067914
vt 0.972077 0.067764
vt 0.971964 0.067636
vt 0.971554 0.067888
vt 0.971964 0.067636
vt 0.971823 0.06761
vt 0.971823 0.06761
vt 0.971824 0.067572
vt 0.971425 0.067894
vt 0.972077 0.067764
vt 0.972172 0.067733
vt 0.972119 0.067623
vt 0.971964 0.067636
vt 0.972119 0.067623
vt 0.972012 0.06754
vt 0.972012 0.06754
vt 0.971824 0.067572
vt 0.971823 0.06761
vt 0.969815 0.072565
vt 0.969943 0.07258
vt 0.969722 0.072723
vt 0.969943 0.07258
vt 0.96993 0.072727
vt 0.969722 0.072723
vt 0.969763 0.068272
vt 0.969691 0.068211
vt 0.9699 0.068245
vt 0.947039 0.104111
vt 0.938275 0.103681
vt 0.946731 0.103707
vt 0.938275 0.103681
vt 0.937953 0.103396
vt 0.946497 0.103291
vt 0.947039 0.104111
vt 0.937511 0.104079
vt 0.937961 0.104034
vt 0.928542 0.024489
vt 0.928646 0.024489
vt 0.927966 0.024489
vt 0.928542 0.024489
vt 0.927966 0.024489
vt 0.928322 0.024489
vt 0.928868 0.024489
vt 0.926586 0.024489
vt 0.928646 0.024489
vt 0.927966 0.024489
vt 0.926345 0.024489
vt 0.926521 0.024489
vt 0.927966 0.024489
vt 0.926586 0.024489
vt 0.926345 0.024489
vt 0.927966 0.024489
vt 0.928646 0.024489
vt 0.926586 0.024489
vt 0.926905 0.024489
vt 0.929105 0.024489
vt 0.926689 0.024489
vt 0.926689 0.024489
vt 0.92883 0.024489
vt 0.926344 0.024489
vt 0.928639 0.024489
vt 0.928477 0.024489
vt 0.927867 0.024489
vt 0.927867 0.024489
vt 0.928477 0.024489
vt 0.928192 0.024489
vt 0.926344 0.024489
vt 0.92883 0.024489
vt 0.928639 0.024489
vt 0.929105 0.024489
vt 0.926905 0.024489
vt 0.929154 0.024489
vt 0.927867 0.024489
vt 0.926344 0.024489
vt 0.928639 0.024489
vt 0.926457 0.024489
vt 0.926344 0.024489
vt 0.927867 0.024489
vt 0.958504 0.110036
vt 0.95797 0.110031
vt 0.957674 0.096967
vt 0.957674 0.096967
vt 0.957478 0.086901
vt 0.958504 0.110036
vt 0.957281 0.110027
vt 0.956045 0.080335
vt 0.95759 0.110072
vt 0.95651 0.080971
vt 0.95759 0.110072
vt 0.956045 0.080335
vt 0.95797 0.110031
vt 0.95759 0.110072
vt 0.957674 0.096967
vt 0.95651 0.080971
vt 0.957674 0.096967
vt 0.95759 0.110072
vt 0.953301 0.100027
vt 0.957281 0.110027
vt 0.952347 0.102146
vt 0.947039 0.104111
vt 0.950658 0.103433
vt 0.957281 0.110027
vt 0.952347 0.102146
vt 0.957281 0.110027
vt 0.950658 0.103433
vt 0.957281 0.110027
vt 0.953301 0.100027
vt 0.953907 0.095621
vt 0.957281 0.110027
vt 0.937511 0.104079
vt 0.947039 0.104111
vt 0.951825 0.065201
vt 0.954498 0.064746
vt 0.957281 0.110027
vt 0.950484 0.059355
vt 0.953191 0.058932
vt 0.951825 0.065201
vt 0.944579 0.050813
vt 0.949646 0.05223
vt 0.948577 0.055397
vt 0.940318 0.048426
vt 0.934028 0.042864
vt 0.944651 0.047743
vt 0.953255 0.079879
vt 0.957281 0.110027
vt 0.953907 0.095621
vt 0.957281 0.110027
vt 0.953255 0.079879
vt 0.951825 0.065201
vt 0.956045 0.080335
vt 0.957281 0.110027
vt 0.954498 0.064746
vt 0.940318 0.048426
vt 0.934796 0.046073
vt 0.934028 0.042864
vt 0.958337 0.087005
vt 0.958558 0.082771
vt 0.959127 0.0927
vt 0.959845 0.092733
vt 0.959385 0.082235
vt 0.960213 0.09275
vt 0.960213 0.09275
vt 0.959726 0.082211
vt 0.960482 0.092762
vt 0.960482 0.092762
vt 0.959968 0.082191
vt 0.96065 0.092774
vt 0.959859 0.0822
vt 0.96036 0.092754
vt 0.960578 0.092769
vt 0.959567 0.082222
vt 0.960041 0.092743
vt 0.96036 0.092754
vt 0.959179 0.082249
vt 0.959627 0.092719
vt 0.960041 0.092743
vt 0.958558 0.082771
vt 0.95841 0.078387
vt 0.959265 0.086763
vt 0.959968 0.082191
vt 0.959885 0.079309
vt 0.960446 0.087342
vt 0.960446 0.087342
vt 0.959968 0.079492
vt 0.960372 0.086298
vt 0.959743 0.078487
vt 0.959859 0.0822
vt 0.960372 0.086298
vt 0.957717 0.078241
vt 0.95841 0.078387
vt 0.958558 0.082771
vt 0.95841 0.078387
vt 0.958661 0.076751
vt 0.959385 0.082235
vt 0.959385 0.082235
vt 0.959073 0.076736
vt 0.959726 0.082211
vt 0.958661 0.076751
vt 0.958287 0.078222
vt 0.959179 0.082249
vt 0.959512 0.07672
vt 0.959414 0.074108
vt 0.959885 0.079309
vt 0.959885 0.079309
vt 0.959495 0.074101
vt 0.959968 0.079492
vt 0.959537 0.074307
vt 0.959932 0.079308
vt 0.959968 0.079492
vt 0.959448 0.074101
vt 0.959743 0.078487
vt 0.959932 0.079308
vt 0.956965 0.077929
vt 0.956517 0.068839
vt 0.957717 0.078241
vt 0.957717 0.078241
vt 0.957132 0.068869
vt 0.95841 0.078387
vt 0.95841 0.078387
vt 0.957689 0.068353
vt 0.958661 0.076751
vt 0.958661 0.076751
vt 0.958141 0.068343
vt 0.959073 0.076736
vt 0.959132 0.075213
vt 0.958719 0.068779
vt 0.959512 0.07672
vt 0.958763 0.068823
vt 0.959391 0.076725
vt 0.959743 0.078487
vt 0.958494 0.06883
vt 0.959073 0.076736
vt 0.959391 0.076725
vt 0.958126 0.06884
vt 0.958661 0.076751
vt 0.959073 0.076736
vt 0.957668 0.068853
vt 0.958287 0.078222
vt 0.958661 0.076751
vt 0.957132 0.068869
vt 0.957717 0.078241
vt 0.958287 0.078222
vt 0.956517 0.06884
vt 0.956966 0.077928
vt 0.957717 0.078241
vt 0.958719 0.068779
vt 0.958764 0.067924
vt 0.959414 0.074108
vt 0.959495 0.074101
vt 0.958954 0.068267
vt 0.959537 0.074307
vt 0.958835 0.06792
vt 0.958763 0.068823
vt 0.959448 0.074101
vt 0.957689 0.068353
vt 0.957663 0.064801
vt 0.958141 0.068343
vt 0.958141 0.068343
vt 0.958108 0.064758
vt 0.958719 0.068779
vt 0.958108 0.064758
vt 0.95786 0.062036
vt 0.958391 0.064735
vt 0.958391 0.064735
vt 0.958026 0.062013
vt 0.958509 0.064725
vt 0.958509 0.064725
vt 0.958112 0.062092
vt 0.958545 0.064823
vt 0.958073 0.062007
vt 0.958462 0.064729
vt 0.958545 0.064823
vt 0.957955 0.062023
vt 0.958295 0.064744
vt 0.958462 0.064729
vt 0.957739 0.062053
vt 0.958028 0.064767
vt 0.958295 0.064744
vt 0.957424 0.062097
vt 0.957663 0.0648
vt 0.958028 0.064767
vt 0.957014 0.062156
vt 0.957207 0.064842
vt 0.957663 0.0648
vt 0.955648 0.06234
vt 0.955563 0.060508
vt 0.956246 0.062265
vt 0.95633 0.059636
vt 0.956398 0.061341
vt 0.957014 0.062156
vt 0.955563 0.060508
vt 0.955648 0.062342
vt 0.956246 0.062265
vt 0.954922 0.06099
vt 0.954711 0.058595
vt 0.955563 0.060508
vt 0.957341 0.058794
vt 0.957465 0.059371
vt 0.957511 0.059396
vt 0.955313 0.058499
vt 0.955563 0.060508
vt 0.956398 0.061341
vt 0.954711 0.058597
vt 0.954928 0.061004
vt 0.955563 0.060508
vt 0.954711 0.058595
vt 0.954805 0.05746
vt 0.955682 0.059621
vt 0.956207 0.059803
vt 0.955332 0.057288
vt 0.956553 0.059584
vt 0.956553 0.059584
vt 0.955788 0.05714
vt 0.956934 0.059496
vt 0.956934 0.059496
vt 0.956425 0.057545
vt 0.95722 0.059429
vt 0.95722 0.059429
vt 0.956683 0.05747
vt 0.957407 0.059385
vt 0.957407 0.059385
vt 0.956845 0.057424
vt 0.957511 0.059396
vt 0.957511 0.059396
vt 0.956954 0.057496
vt 0.957341 0.058794
vt 0.956954 0.057496
vt 0.957465 0.059371
vt 0.957341 0.058794
vt 0.956776 0.057444
vt 0.957326 0.059404
vt 0.957465 0.059371
vt 0.956566 0.057504
vt 0.957089 0.05946
vt 0.957326 0.059404
vt 0.956261 0.057592
vt 0.956755 0.059537
vt 0.957089 0.05946
vt 0.955754 0.057735
vt 0.95633 0.059636
vt 0.956755 0.059537
vt 0.955754 0.057735
vt 0.955313 0.058499
vt 0.95633 0.059636
vt 0.955788 0.05714
vt 0.955621 0.055802
vt 0.956425 0.057545
vt 0.956425 0.057545
vt 0.955863 0.055616
vt 0.956683 0.05747
vt 0.956683 0.05747
vt 0.956067 0.05554
vt 0.956845 0.057424
vt 0.956845 0.057424
vt 0.956178 0.0555
vt 0.956954 0.057496
vt 0.956134 0.055516
vt 0.956776 0.057444
vt 0.956954 0.057496
vt 0.955977 0.055574
vt 0.956566 0.057504
vt 0.956776 0.057444
vt 0.955725 0.055667
vt 0.956261 0.057592
vt 0.956566 0.057504
vt 0.955381 0.055794
vt 0.955754 0.057735
vt 0.956261 0.057592
vt 0.954245 0.056308
vt 0.954711 0.058597
vt 0.955313 0.058499
vt 0.953574 0.05666
vt 0.953606 0.055672
vt 0.954805 0.05746
vt 0.954805 0.05746
vt 0.954271 0.055743
vt 0.955332 0.057288
vt 0.955332 0.057288
vt 0.95477 0.055548
vt 0.955788 0.05714
vt 0.955788 0.05714
vt 0.955196 0.055381
vt 0.955621 0.055802
vt 0.953606 0.055672
vt 0.953578 0.056668
vt 0.954245 0.056308
vt 0.953606 0.055672
vt 0.953425 0.05466
vt 0.954271 0.055743
vt 0.954271 0.055743
vt 0.953944 0.054422
vt 0.95477 0.055548
vt 0.95477 0.055548
vt 0.954397 0.054214
vt 0.955196 0.055381
vt 0.955196 0.055381
vt 0.954856 0.054001
vt 0.955621 0.055802
vt 0.955621 0.055802
vt 0.954856 0.054001
vt 0.955863 0.055616
vt 0.955863 0.055616
vt 0.955172 0.053859
vt 0.956067 0.05554
vt 0.956067 0.05554
vt 0.955325 0.053789
vt 0.956178 0.0555
vt 0.956178 0.0555
vt 0.955418 0.053818
vt 0.956224 0.055551
vt 0.955368 0.05377
vt 0.956134 0.055516
vt 0.956224 0.055551
vt 0.95526 0.053819
vt 0.955977 0.055574
vt 0.956134 0.055516
vt 0.955001 0.053935
vt 0.955725 0.055667
vt 0.955977 0.055574
vt 0.953692 0.054537
vt 0.954245 0.056308
vt 0.95458 0.056093
vt 0.9525 0.054431
vt 0.952373 0.053368
vt 0.953425 0.05466
vt 0.953425 0.05466
vt 0.953042 0.053363
vt 0.953944 0.054422
vt 0.953944 0.054422
vt 0.953515 0.053111
vt 0.954397 0.054214
vt 0.954397 0.054214
vt 0.953919 0.052896
vt 0.954856 0.054001
vt 0.954092 0.052804
vt 0.954595 0.054123
vt 0.955001 0.053935
vt 0.953727 0.052998
vt 0.954179 0.054314
vt 0.954595 0.054123
vt 0.953287 0.053233
vt 0.953692 0.054537
vt 0.954179 0.054314
vt 0.952443 0.05293
vt 0.953022 0.054501
vt 0.953692 0.054537
vt 0.952373 0.053368
vt 0.952074 0.052383
vt 0.953042 0.053363
vt 0.953042 0.053363
vt 0.952561 0.052086
vt 0.953515 0.053111
vt 0.953515 0.053111
vt 0.952986 0.051825
vt 0.953919 0.052896
vt 0.953919 0.052896
vt 0.953339 0.05161
vt 0.954243 0.052724
vt 0.952561 0.052086
vt 0.952443 0.05293
vt 0.953287 0.053233
vt 0.951293 0.052445
vt 0.951099 0.051045
vt 0.952074 0.052383
vt 0.952561 0.052086
vt 0.951772 0.050561
vt 0.952986 0.051825
vt 0.952986 0.051825
vt 0.952144 0.050294
vt 0.953339 0.05161
vt 0.953248 0.051126
vt 0.95266 0.049924
vt 0.953714 0.051381
vt 0.952144 0.050294
vt 0.952216 0.049804
vt 0.953248 0.051126
vt 0.950115 0.050942
vt 0.949579 0.04931
vt 0.951099 0.051045
vt 0.95145 0.050794
vt 0.950457 0.049422
vt 0.951772 0.050561
vt 0.951772 0.050561
vt 0.950839 0.049101
vt 0.952144 0.050294
vt 0.952144 0.050294
vt 0.951156 0.048836
vt 0.952216 0.049804
vt 0.952216 0.049804
vt 0.9514 0.048632
vt 0.95266 0.049924
vt 0.95266 0.049924
vt 0.951567 0.048493
vt 0.952797 0.049826
vt 0.952797 0.049826
vt 0.951658 0.048417
vt 0.952892 0.049835
vt 0.95172 0.04845
vt 0.952835 0.049799
vt 0.952892 0.049835
vt 0.951622 0.048447
vt 0.952738 0.049867
vt 0.952835 0.049799
vt 0.951493 0.048554
vt 0.952561 0.049994
vt 0.952738 0.049867
vt 0.951225 0.048775
vt 0.952302 0.05018
vt 0.952561 0.049994
vt 0.950019 0.049788
vt 0.949677 0.050432
vt 0.951099 0.051045
vt 0.949579 0.04931
vt 0.949515 0.048452
vt 0.950457 0.049422
vt 0.948809 0.049484
vt 0.947568 0.047863
vt 0.949579 0.04931
vt 0.949579 0.04931
vt 0.947982 0.047439
vt 0.949515 0.048452
vt 0.949782 0.047547
vt 0.948868 0.046508
vt 0.950412 0.047611
vt 0.950412 0.047611
vt 0.949064 0.046289
vt 0.950571 0.047462
vt 0.950571 0.047462
vt 0.949192 0.046145
vt 0.950658 0.047381
vt 0.950658 0.047381
vt 0.94992 0.046659
vt 0.950721 0.047412
vt 0.949231 0.046101
vt 0.950623 0.047413
vt 0.950721 0.047412
vt 0.949136 0.046208
vt 0.950501 0.047528
vt 0.950623 0.047413
vt 0.948974 0.046389
vt 0.950305 0.047711
vt 0.950501 0.047528
vt 0.947982 0.047439
vt 0.947998 0.046599
vt 0.949473 0.047849
vt 0.949473 0.047849
vt 0.947998 0.046599
vt 0.949782 0.047547
vt 0.949192 0.046145
vt 0.94888 0.045751
vt 0.94992 0.046659
vt 0.94888 0.045751
vt 0.949231 0.046101
vt 0.94992 0.046659
vt 0.94822 0.046353
vt 0.949552 0.047793
vt 0.949755 0.047452
vt 0.947917 0.046695
vt 0.949195 0.048141
vt 0.949552 0.047793
vt 0.947067 0.046699
vt 0.948786 0.048538
vt 0.949195 0.048141
vt 0.946651 0.047147
vt 0.948149 0.04889
vt 0.948786 0.048538
vt 0.947998 0.046599
vt 0.947131 0.045516
vt 0.948868 0.046508
vt 0.948868 0.046508
vt 0.94736 0.04523
vt 0.949064 0.046289
vt 0.949064 0.046289
vt 0.947528 0.045021
vt 0.949192 0.046145
vt 0.949192 0.046145
vt 0.947633 0.04489
vt 0.94888 0.045751
vt 0.947766 0.044887
vt 0.949231 0.046101
vt 0.94888 0.045751
vt 0.947588 0.044945
vt 0.949136 0.046208
vt 0.949231 0.046101
vt 0.947452 0.045116
vt 0.948974 0.046389
vt 0.949136 0.046208
vt 0.947253 0.045364
vt 0.94822 0.046353
vt 0.948974 0.046389
vt 0.946921 0.045773
vt 0.947917 0.046695
vt 0.94822 0.046353
vt 0.946921 0.045773
vt 0.947067 0.046699
vt 0.947917 0.046695
vt 0.943336 0.042722
vt 0.941138 0.041563
vt 0.943473 0.042491
vt 0.943473 0.042491
vt 0.941269 0.04131
vt 0.943559 0.042347
vt 0.943559 0.042347
vt 0.941323 0.041205
vt 0.943669 0.042327
vt 0.941406 0.041218
vt 0.943583 0.042307
vt 0.943669 0.042327
vt 0.941302 0.041247
vt 0.943523 0.042409
vt 0.943583 0.042307
vt 0.941225 0.041396
vt 0.943411 0.042596
vt 0.943523 0.042409
vt 0.941104 0.041635
vt 0.943249 0.04287
vt 0.943411 0.042596
vt 0.940937 0.041961
vt 0.943039 0.043226
vt 0.943249 0.04287
vt 0.94073 0.042369
vt 0.942854 0.043544
vt 0.943039 0.043226
vt 0.938971 0.041366
vt 0.94073 0.042369
vt 0.940937 0.041961
vt 0.938765 0.04182
vt 0.940487 0.042847
vt 0.94073 0.042369
vt 0.938529 0.04234
vt 0.940168 0.043355
vt 0.940487 0.042847
vt 0.939273 0.040701
vt 0.936856 0.039678
vt 0.939364 0.040502
vt 0.939364 0.040502
vt 0.936919 0.039522
vt 0.939414 0.040395
vt 0.939414 0.040395
vt 0.937057 0.039494
vt 0.939506 0.040407
vt 0.936937 0.039478
vt 0.938768 0.040215
vt 0.939506 0.040407
vt 0.93588 0.041515
vt 0.937496 0.04267
vt 0.938529 0.04234
vt 0.93662 0.040268
vt 0.935946 0.039663
vt 0.938485 0.040569
vt 0.935885 0.039823
vt 0.936539 0.040471
vt 0.938413 0.040728
vt 0.936208 0.041187
vt 0.933145 0.040068
vt 0.936451 0.040693
vt 0.936451 0.040693
vt 0.932962 0.039436
vt 0.93662 0.040268
vt 0.93662 0.040268
vt 0.932788 0.038974
vt 0.935946 0.039663
vt 0.935946 0.039663
vt 0.932691 0.038566
vt 0.936856 0.039678
vt 0.936856 0.039678
vt 0.934237 0.038678
vt 0.936919 0.039522
vt 0.936919 0.039522
vt 0.934237 0.038678
vt 0.937057 0.039494
vt 0.93428 0.038626
vt 0.936937 0.039478
vt 0.937057 0.039494
vt 0.93428 0.038626
vt 0.935308 0.039078
vt 0.936937 0.039478
vt 0.959127 0.0927
vt 0.959719 0.110062
vt 0.958337 0.087005
vt 0.95799 0.088159
vt 0.959084 0.110018
vt 0.958504 0.110036
vt 0.958504 0.110036
vt 0.957478 0.086901
vt 0.95799 0.088159
vt 0.959265 0.086763
vt 0.960262 0.110054
vt 0.959127 0.0927
vt 0.960446 0.087342
vt 0.961553 0.110048
vt 0.96065 0.092774
vt 0.956517 0.068839
vt 0.956965 0.077929
vt 0.95598 0.068225
vt 0.954922 0.06099
vt 0.955648 0.06234
vt 0.955504 0.064353
vt 0.95598 0.068225
vt 0.955504 0.064353
vt 0.956074 0.06491
vt 0.954158 0.059086
vt 0.954711 0.058595
vt 0.954922 0.06099
vt 0.95799 0.088159
vt 0.957478 0.086901
vt 0.956965 0.077929
vt 0.956074 0.06491
vt 0.956517 0.068839
vt 0.95598 0.068225
vt 0.955648 0.06234
vt 0.956074 0.06491
vt 0.955504 0.064353
vt 0.960041 0.092743
vt 0.960692 0.11002
vt 0.961023 0.110061
vt 0.96036 0.092754
vt 0.961023 0.110061
vt 0.96132 0.110058
vt 0.961023 0.110061
vt 0.96036 0.092754
vt 0.960041 0.092743
vt 0.960692 0.11002
vt 0.960041 0.092743
vt 0.959627 0.092719
vt 0.959627 0.092719
vt 0.960266 0.110055
vt 0.960692 0.11002
vt 0.95799 0.088159
vt 0.957477 0.086891
vt 0.958504 0.110036
vt 0.959084 0.110018
vt 0.95799 0.088159
vt 0.958504 0.110036
vt 0.956966 0.077928
vt 0.957477 0.086891
vt 0.95799 0.088159
vt 0.956075 0.064912
vt 0.95598 0.068226
vt 0.956517 0.06884
vt 0.955648 0.062342
vt 0.955506 0.064368
vt 0.956075 0.064912
vt 0.956517 0.06884
vt 0.95598 0.068226
vt 0.956966 0.077928
vt 0.956075 0.064912
vt 0.955506 0.064368
vt 0.95598 0.068226
vt 0.954928 0.061004
vt 0.955506 0.064368
vt 0.955648 0.062342
vt 0.954928 0.061004
vt 0.954711 0.058597
vt 0.954285 0.059562
vt 0.954711 0.058595
vt 0.954158 0.059086
vt 0.953574 0.05666
vt 0.953606 0.055672
vt 0.953574 0.05666
vt 0.9525 0.054431
vt 0.944094 0.04596
vt 0.946094 0.046736
vt 0.946962 0.047979
vt 0.952373 0.053368
vt 0.9525 0.054431
vt 0.951293 0.052445
vt 0.947568 0.047863
vt 0.948809 0.049484
vt 0.946962 0.047979
vt 0.944501 0.045653
vt 0.946094 0.046736
vt 0.944094 0.04596
vt 0.947568 0.047863
vt 0.946962 0.047979
vt 0.946094 0.046736
vt 0.944501 0.045653
vt 0.944094 0.04596
vt 0.942278 0.044379
vt 0.940163 0.043353
vt 0.940927 0.044396
vt 0.937207 0.042663
vt 0.942278 0.044379
vt 0.940927 0.044396
vt 0.940163 0.043353
vt 0.937207 0.042663
vt 0.938337 0.042599
vt 0.940163 0.043353
vt 0.937207 0.042663
vt 0.935978 0.041749
vt 0.938337 0.042599
vt 0.944094 0.04596
vt 0.940927 0.044396
vt 0.942278 0.044379
vt 0.935978 0.041749
vt 0.933554 0.041591
vt 0.933349 0.040892
vt 0.937207 0.042663
vt 0.933554 0.041591
vt 0.935978 0.041749
vt 0.935978 0.041749
vt 0.933349 0.040892
vt 0.936208 0.041187
vt 0.936208 0.041187
vt 0.933349 0.040892
vt 0.933145 0.040068
vt 0.932691 0.038566
vt 0.932614 0.038278
vt 0.934237 0.038678
vt 0.934237 0.038678
vt 0.932457 0.038137
vt 0.93428 0.038626
vt 0.932457 0.038137
vt 0.934237 0.038678
vt 0.932614 0.038278
vt 0.932645 0.038168
vt 0.93428 0.038626
vt 0.932457 0.038137
vt 0.953578 0.056668
vt 0.953606 0.055672
vt 0.952622 0.055186
vt 0.952622 0.055186
vt 0.953022 0.054501
vt 0.951832 0.053205
vt 0.944508 0.045655
vt 0.945496 0.046885
vt 0.946651 0.047147
vt 0.953578 0.056668
vt 0.954285 0.059562
vt 0.954711 0.058597
vt 0.945496 0.046885
vt 0.948149 0.04889
vt 0.946651 0.047147
vt 0.942628 0.045308
vt 0.945496 0.046885
vt 0.944508 0.045655
vt 0.942628 0.045308
vt 0.944508 0.045655
vt 0.942285 0.044381
vt 0.93428 0.038626
vt 0.932475 0.038156
vt 0.935308 0.039078
vt 0.93267 0.038398
vt 0.935248 0.039292
vt 0.935308 0.039078
vt 0.93267 0.038398
vt 0.935308 0.039078
vt 0.932475 0.038156
vt 0.932645 0.038168
vt 0.932475 0.038156
vt 0.93428 0.038626
vt 0.93267 0.038661
vt 0.932788 0.039005
vt 0.935248 0.039292
vt 0.93267 0.038661
vt 0.935248 0.039292
vt 0.93267 0.038398
vt 0.939934 0.043938
vt 0.942285 0.044381
vt 0.940168 0.043355
vt 0.939934 0.043938
vt 0.940168 0.043355
vt 0.937496 0.04267
vt 0.942285 0.044381
vt 0.939934 0.043938
vt 0.942628 0.045308
vt 0.93588 0.041515
vt 0.933038 0.040161
vt 0.933356 0.040893
vt 0.937496 0.04267
vt 0.93588 0.041515
vt 0.933564 0.041625
vt 0.933356 0.040893
vt 0.933564 0.041625
vt 0.93588 0.041515
vt 0.957281 0.110027
vt 0.937791 0.110038
vt 0.937511 0.104079
vt 0.946465 0.103169
vt 0.94715 0.102756
vt 0.946318 0.102603
vt 0.946318 0.102603
vt 0.946702 0.102036
vt 0.946146 0.102019
vt 0.946298 0.101216
vt 0.946994 0.100873
vt 0.946171 0.100945
vt 0.94715 0.102756
vt 0.94755 0.102375
vt 0.946318 0.102603
vt 0.94755 0.102375
vt 0.948018 0.101959
vt 0.946702 0.102036
vt 0.946645 0.101562
vt 0.948079 0.101106
vt 0.946298 0.101216
vt 0.946378 0.100805
vt 0.947769 0.100668
vt 0.946397 0.10069
vt 0.946397 0.10069
vt 0.947531 0.100605
vt 0.946744 0.100626
vt 0.948431 0.102973
vt 0.948689 0.102529
vt 0.94715 0.102756
vt 0.948079 0.101106
vt 0.947959 0.100836
vt 0.946298 0.101216
vt 0.946298 0.101216
vt 0.947959 0.100836
vt 0.946994 0.100873
vt 0.946994 0.100873
vt 0.947769 0.100668
vt 0.946378 0.100805
vt 0.948689 0.102529
vt 0.949003 0.101893
vt 0.94755 0.102375
vt 0.947959 0.100836
vt 0.947769 0.100668
vt 0.946994 0.100873
vt 0.947769 0.100668
vt 0.948228 0.100448
vt 0.947531 0.100605
vt 0.947531 0.100605
vt 0.948228 0.100448
vt 0.947709 0.100549
vt 0.950229 0.102499
vt 0.950112 0.10208
vt 0.948689 0.102529
vt 0.94987 0.101773
vt 0.949687 0.101312
vt 0.949003 0.101893
vt 0.949003 0.101893
vt 0.949687 0.101312
vt 0.94904 0.101278
vt 0.948746 0.100415
vt 0.948776 0.100287
vt 0.948228 0.100448
vt 0.949687 0.101312
vt 0.949591 0.100772
vt 0.94904 0.101278
vt 0.94904 0.101278
vt 0.949591 0.100772
vt 0.948905 0.100867
vt 0.948905 0.100867
vt 0.94932 0.1005
vt 0.948711 0.100622
vt 0.948746 0.100415
vt 0.949291 0.10005
vt 0.948776 0.100287
vt 0.948776 0.100287
vt 0.949186 0.100025
vt 0.948774 0.100238
vt 0.95023 0.100779
vt 0.950084 0.100412
vt 0.949591 0.100772
vt 0.951203 0.101275
vt 0.951103 0.100778
vt 0.950645 0.101273
vt 0.949609 0.099994
vt 0.949575 0.099793
vt 0.949291 0.10005
vt 0.949291 0.10005
vt 0.949539 0.09971
vt 0.949186 0.100025
vt 0.950816 0.100594
vt 0.950784 0.100089
vt 0.95023 0.100779
vt 0.950784 0.100089
vt 0.950437 0.099982
vt 0.950084 0.100412
vt 0.949609 0.099994
vt 0.949931 0.099568
vt 0.949575 0.099793
vt 0.951929 0.100944
vt 0.951841 0.100192
vt 0.951203 0.101275
vt 0.949871 0.099392
vt 0.949539 0.09971
vt 0.949575 0.099793
vt 0.950345 0.099376
vt 0.949931 0.099568
vt 0.950108 0.099806
vt 0.952503 0.099445
vt 0.951841 0.100192
vt 0.951929 0.100944
vt 0.95117 0.099142
vt 0.950685 0.099495
vt 0.950784 0.100089
vt 0.95022 0.099034
vt 0.949871 0.099392
vt 0.949931 0.099568
vt 0.952503 0.099445
vt 0.952188 0.098881
vt 0.951841 0.100192
vt 0.951766 0.099207
vt 0.951445 0.099199
vt 0.951487 0.100082
vt 0.950529 0.098814
vt 0.95022 0.099034
vt 0.950345 0.099376
vt 0.952188 0.098881
vt 0.951986 0.097662
vt 0.951766 0.099207
vt 0.951986 0.097662
vt 0.951683 0.097573
vt 0.951445 0.099199
vt 0.950837 0.098615
vt 0.950687 0.098058
vt 0.950529 0.098814
vt 0.950341 0.098503
vt 0.950322 0.09809
vt 0.950136 0.098788
vt 0.950322 0.09809
vt 0.950293 0.09788
vt 0.950136 0.098788
vt 0.950136 0.098788
vt 0.950293 0.09788
vt 0.950073 0.098762
vt 0.950687 0.098058
vt 0.950535 0.097623
vt 0.950341 0.098503
vt 0.952742 0.097398
vt 0.95237 0.097119
vt 0.952188 0.098881
vt 0.951171 0.097707
vt 0.951037 0.09707
vt 0.950837 0.098615
vt 0.950409 0.097348
vt 0.950293 0.09788
vt 0.950322 0.09809
vt 0.950638 0.096414
vt 0.950409 0.097348
vt 0.950535 0.097623
vt 0.951408 0.097642
vt 0.951315 0.095659
vt 0.951171 0.097707
vt 0.950407 0.096491
vt 0.950361 0.097178
vt 0.950409 0.097348
vt 0.951683 0.097573
vt 0.951529 0.095697
vt 0.951408 0.097642
vt 0.95237 0.097119
vt 0.952075 0.095648
vt 0.951986 0.097662
vt 0.951037 0.09707
vt 0.95104 0.095668
vt 0.950812 0.097098
vt 0.951315 0.095659
vt 0.95104 0.095668
vt 0.951037 0.09707
vt 0.950894 0.095076
vt 0.950638 0.096414
vt 0.950812 0.097098
vt 0.950433 0.095148
vt 0.950407 0.096491
vt 0.950505 0.095984
vt 0.950665 0.095136
vt 0.950505 0.095984
vt 0.950638 0.096414
vt 0.951203 0.092551
vt 0.950894 0.095076
vt 0.95104 0.095668
vt 0.950445 0.093616
vt 0.950433 0.095148
vt 0.950505 0.095984
vt 0.952087 0.092554
vt 0.951788 0.095547
vt 0.952075 0.095648
vt 0.951656 0.092485
vt 0.951315 0.095659
vt 0.951529 0.095697
vt 0.952383 0.092531
vt 0.952087 0.092554
vt 0.952402 0.095227
vt 0.948375 0.103315
vt 0.948431 0.102973
vt 0.946465 0.103169
vt 0.949652 0.103181
vt 0.948431 0.102973
vt 0.948375 0.103315
vt 0.948431 0.102973
vt 0.949652 0.103181
vt 0.950229 0.102499
vt 0.951295 0.102572
vt 0.950229 0.102499
vt 0.950616 0.102859
vt 0.950616 0.102859
vt 0.950229 0.102499
vt 0.949652 0.103181
vt 0.951261 0.101802
vt 0.951295 0.102572
vt 0.952022 0.101865
vt 0.951929 0.100944
vt 0.952022 0.101865
vt 0.952462 0.100761
vt 0.951261 0.101802
vt 0.950229 0.102499
vt 0.951295 0.102572
vt 0.951929 0.100944
vt 0.951261 0.101802
vt 0.952022 0.101865
vt 0.952887 0.099139
vt 0.952503 0.099445
vt 0.952462 0.100761
vt 0.952503 0.099445
vt 0.951929 0.100944
vt 0.952462 0.100761
vt 0.949186 0.100025
vt 0.94942 0.099808
vt 0.949066 0.100089
vt 0.949066 0.100089
vt 0.948774 0.100238
vt 0.949186 0.100025
vt 0.94942 0.099808
vt 0.949539 0.09971
vt 0.949804 0.099329
vt 0.949804 0.099329
vt 0.949835 0.099303
vt 0.950073 0.098762
vt 0.94942 0.099808
vt 0.949186 0.100025
vt 0.949539 0.09971
vt 0.952887 0.099139
vt 0.953116 0.097595
vt 0.952742 0.097398
vt 0.953116 0.097595
vt 0.953085 0.095656
vt 0.952742 0.097398
vt 0.952887 0.099139
vt 0.952742 0.097398
vt 0.952503 0.099445
vt 0.953085 0.095656
vt 0.952755 0.095139
vt 0.952742 0.097398
vt 0.952777 0.092572
vt 0.952755 0.095139
vt 0.953085 0.095656
vt 0.95022 0.098225
vt 0.950293 0.09788
vt 0.950361 0.097178
vt 0.950361 0.097178
vt 0.950407 0.096491
vt 0.950393 0.09549
vt 0.954411 0.06438
vt 0.953033 0.076786
vt 0.955976 0.080076
vt 0.951284 0.05471
vt 0.950769 0.059857
vt 0.954411 0.06438
vt 0.951284 0.05471
vt 0.946965 0.053063
vt 0.950769 0.059857
vt 0.946782 0.049224
vt 0.941029 0.048504
vt 0.946965 0.053063
vt 0.9378 0.044097
vt 0.934111 0.042997
vt 0.934747 0.046005
vt 0.955976 0.080076
vt 0.953033 0.076786
vt 0.954036 0.096204
vt 0.950769 0.059857
vt 0.953033 0.076786
vt 0.954411 0.06438
vt 0.934747 0.046005
vt 0.941029 0.048504
vt 0.9378 0.044097
vt 0.93796 0.043632
vt 0.936796 0.042835
vt 0.933782 0.0422
vt 0.942264 0.045625
vt 0.939934 0.043938
vt 0.93796 0.043632
vt 0.942264 0.045625
vt 0.942628 0.045308
vt 0.939934 0.043938
vt 0.942755 0.046297
vt 0.945143 0.047428
vt 0.942264 0.045625
vt 0.946782 0.049224
vt 0.945143 0.047428
vt 0.942755 0.046297
vt 0.949931 0.051859
vt 0.951137 0.052957
vt 0.949636 0.050999
vt 0.953133 0.057418
vt 0.952622 0.055186
vt 0.951733 0.054536
vt 0.953133 0.057418
vt 0.95358 0.057684
vt 0.952622 0.055186
vt 0.953177 0.05851
vt 0.9542 0.060941
vt 0.953133 0.057418
vt 0.954411 0.06438
vt 0.9542 0.060941
vt 0.953177 0.05851
vt 0.955053 0.065676
vt 0.955134 0.063808
vt 0.9542 0.060941
vt 0.955053 0.065676
vt 0.955647 0.068009
vt 0.955134 0.063808
vt 0.942755 0.046297
vt 0.9378 0.044097
vt 0.946782 0.049224
vt 0.934111 0.042997
vt 0.9378 0.044097
vt 0.933934 0.042599
vt 0.933564 0.041625
vt 0.933782 0.0422
vt 0.936796 0.042835
vt 0.945496 0.046885
vt 0.942628 0.045308
vt 0.945335 0.047156
vt 0.936796 0.042835
vt 0.937496 0.04267
vt 0.933564 0.041625
vt 0.936796 0.042835
vt 0.939934 0.043938
vt 0.937496 0.04267
vt 0.948149 0.04889
vt 0.947941 0.049208
vt 0.949677 0.050432
vt 0.949677 0.050432
vt 0.947941 0.049208
vt 0.949636 0.050999
vt 0.953177 0.05851
vt 0.951284 0.05471
vt 0.954411 0.06438
vt 0.95358 0.057684
vt 0.954285 0.059562
vt 0.953578 0.056668
vt 0.954928 0.061004
vt 0.954285 0.059562
vt 0.955134 0.063808
vt 0.956711 0.079048
vt 0.95598 0.068226
vt 0.955647 0.068009
vt 0.956966 0.077928
vt 0.95598 0.068226
vt 0.956711 0.079048
vt 0.957477 0.086891
vt 0.956966 0.077928
vt 0.956711 0.079048
vt 0.956513 0.081009
vt 0.957663 0.096796
vt 0.956711 0.079048
vt 0.956711 0.079048
vt 0.957663 0.096796
vt 0.957477 0.086891
vt 0.951603 0.082175
vt 0.951874 0.078177
vt 0.952411 0.085947
vt 0.950016 0.082203
vt 0.95022 0.081054
vt 0.950617 0.08759
vt 0.950141 0.090023
vt 0.949677 0.081069
vt 0.949617 0.081051
vt 0.951603 0.082178
vt 0.951399 0.076077
vt 0.95088 0.076125
vt 0.94935 0.076179
vt 0.948659 0.06838
vt 0.949543 0.076171
vt 0.949221 0.076083
vt 0.948475 0.068598
vt 0.949249 0.076183
vt 0.950359 0.068267
vt 0.950266 0.065389
vt 0.950944 0.068263
vt 0.949874 0.068301
vt 0.949768 0.065467
vt 0.950359 0.068267
vt 0.949434 0.068331
vt 0.949303 0.065512
vt 0.949874 0.068301
vt 0.949063 0.068356
vt 0.948803 0.065558
vt 0.949434 0.068331
vt 0.948574 0.068388
vt 0.948327 0.065609
vt 0.94818 0.065622
vt 0.949056 0.06835
vt 0.948896 0.065555
vt 0.948567 0.065586
vt 0.950112 0.068289
vt 0.950384 0.066172
vt 0.949768 0.065472
vt 0.949768 0.065467
vt 0.949617 0.063117
vt 0.950266 0.065389
vt 0.949303 0.065512
vt 0.949136 0.06319
vt 0.949768 0.065467
vt 0.948803 0.065558
vt 0.9487 0.063258
vt 0.949303 0.065512
vt 0.947235 0.061387
vt 0.946789 0.060106
vt 0.947261 0.061407
vt 0.946789 0.060106
vt 0.946644 0.059538
vt 0.946414 0.059198
vt 0.946703 0.059516
vt 0.94615 0.058187
vt 0.946886 0.059451
vt 0.946073 0.058226
vt 0.945586 0.057203
vt 0.945457 0.057275
vt 0.946511 0.058022
vt 0.946084 0.056924
vt 0.945796 0.057086
vt 0.947933 0.057357
vt 0.947514 0.056093
vt 0.946954 0.056432
vt 0.947062 0.056369
vt 0.946607 0.05529
vt 0.947516 0.056093
vt 0.946954 0.056432
vt 0.946301 0.055063
vt 0.945995 0.055273
vt 0.944734 0.056143
vt 0.943892 0.055066
vt 0.944893 0.056032
vt 0.944622 0.056199
vt 0.943777 0.055247
vt 0.94465 0.056202
vt 0.944837 0.053589
vt 0.944601 0.052591
vt 0.945899 0.054116
vt 0.943828 0.055124
vt 0.942858 0.054057
vt 0.942755 0.054162
vt 0.944195 0.054811
vt 0.943259 0.053652
vt 0.943027 0.053887
vt 0.945002 0.054127
vt 0.945042 0.053436
vt 0.943874 0.053028
vt 0.943394 0.053508
vt 0.942887 0.052516
vt 0.944474 0.053915
vt 0.943094 0.054569
vt 0.942755 0.054162
vt 0.942362 0.053927
vt 0.943874 0.053028
vt 0.943389 0.051959
vt 0.942178 0.051694
vt 0.941754 0.052223
vt 0.941126 0.051276
vt 0.942887 0.052516
vt 0.942178 0.051694
vt 0.941566 0.05067
vt 0.940327 0.050516
vt 0.939953 0.051083
vt 0.939232 0.050188
vt 0.941126 0.051276
vt 0.940327 0.050516
vt 0.939246 0.049347
vt 0.938365 0.04949
vt 0.939481 0.049769
vt 0.937558 0.048563
vt 0.939934 0.049392
vt 0.939232 0.050188
vt 0.937262 0.049118
vt 0.939481 0.049769
vt 0.938037 0.050084
vt 0.937262 0.049118
vt 0.939232 0.050188
vt 0.93786 0.050411
vt 0.935984 0.049416
vt 0.938037 0.050084
vt 0.938142 0.0499
vt 0.935731 0.048711
vt 0.935924 0.049314
vt 0.938365 0.04949
vt 0.9365 0.048392
vt 0.935731 0.048711
vt 0.939246 0.049347
vt 0.937236 0.048122
vt 0.9365 0.048392
vt 0.952411 0.092664
vt 0.952411 0.085947
vt 0.95279 0.092684
vt 0.952411 0.085947
vt 0.952411 0.092664
vt 0.951603 0.082175
vt 0.950617 0.08759
vt 0.95102 0.09264
vt 0.950792 0.092766
vt 0.950551 0.064768
vt 0.950944 0.068263
vt 0.950266 0.065389
vt 0.950551 0.064768
vt 0.950266 0.065389
vt 0.950111 0.062822
vt 0.952777 0.092572
vt 0.95241 0.085943
vt 0.952383 0.092531
vt 0.952383 0.092531
vt 0.95241 0.085943
vt 0.951603 0.082178
vt 0.950384 0.066172
vt 0.951399 0.076077
vt 0.950996 0.068257
vt 0.950623 0.064244
vt 0.949874 0.063089
vt 0.950384 0.066172
vt 0.950384 0.066172
vt 0.950996 0.068257
vt 0.950623 0.064244
vt 0.951399 0.076077
vt 0.95194 0.07845
vt 0.950996 0.068257
vt 0.950141 0.090023
vt 0.949981 0.087143
vt 0.950393 0.09549
vt 0.946919 0.055088
vt 0.945899 0.054116
vt 0.94597 0.053639
vt 0.944601 0.052591
vt 0.943499 0.051896
vt 0.943289 0.05123
vt 0.946607 0.05529
vt 0.945899 0.054116
vt 0.946919 0.055088
vt 0.946919 0.055088
vt 0.947516 0.056093
vt 0.946607 0.05529
vt 0.944601 0.052591
vt 0.94597 0.053639
vt 0.945899 0.054116
vt 0.941717 0.050427
vt 0.943289 0.05123
vt 0.943499 0.051896
vt 0.939934 0.049392
vt 0.937558 0.048563
vt 0.937537 0.048136
vt 0.937537 0.048136
vt 0.937558 0.048563
vt 0.935463 0.047749
vt 0.937537 0.048136
vt 0.935463 0.047749
vt 0.935039 0.047158
vt 0.935801 0.048849
vt 0.935622 0.048256
vt 0.937262 0.049118
vt 0.936188 0.050128
vt 0.937726 0.050659
vt 0.93761 0.050822
vt 0.937726 0.050659
vt 0.936188 0.050128
vt 0.936116 0.049795
vt 0.936251 0.050361
vt 0.93761 0.050822
vt 0.937591 0.050928
vt 0.936251 0.050361
vt 0.936188 0.050128
vt 0.93761 0.050822
vt 0.937568 0.050939
vt 0.936251 0.050361
vt 0.937591 0.050928
vt 0.936116 0.049795
vt 0.93786 0.050411
vt 0.937726 0.050659
vt 0.949347 0.060924
vt 0.949874 0.063089
vt 0.950134 0.061821
vt 0.948629 0.058858
vt 0.949347 0.060924
vt 0.949549 0.059813
vt 0.948542 0.057351
vt 0.947933 0.057357
vt 0.948629 0.058858
vt 0.948542 0.057351
vt 0.947514 0.056093
vt 0.947933 0.057357
vt 0.943389 0.051959
vt 0.945042 0.053436
vt 0.944709 0.052395
vt 0.939246 0.049347
vt 0.941566 0.05067
vt 0.939551 0.048948
vt 0.941566 0.05067
vt 0.943389 0.051959
vt 0.943289 0.05123
vt 0.939551 0.048948
vt 0.937236 0.048122
vt 0.939246 0.049347
vt 0.949549 0.059813
vt 0.949347 0.060924
vt 0.950134 0.061821
vt 0.948542 0.057351
vt 0.948629 0.058858
vt 0.949549 0.059813
vt 0.946719 0.05493
vt 0.94597 0.053639
vt 0.945042 0.053436
vt 0.945042 0.053436
vt 0.94597 0.053639
vt 0.944709 0.052395
vt 0.943389 0.051959
vt 0.944709 0.052395
vt 0.943289 0.05123
vt 0.941566 0.05067
vt 0.943289 0.05123
vt 0.941836 0.050218
vt 0.941566 0.05067
vt 0.941836 0.050218
vt 0.939551 0.048948
vt 0.950623 0.064244
vt 0.950134 0.061821
vt 0.949874 0.063089
vt 0.936226 0.050276
vt 0.936251 0.050361
vt 0.937568 0.050939
vt 0.937568 0.050939
vt 0.937593 0.050884
vt 0.936226 0.050276
vt 0.936007 0.049977
vt 0.937637 0.05074
vt 0.937819 0.050564
vt 0.937819 0.050564
vt 0.935902 0.04968
vt 0.936007 0.049977
vt 0.936226 0.050276
vt 0.937593 0.050884
vt 0.937637 0.05074
vt 0.936007 0.049977
vt 0.936226 0.050276
vt 0.937637 0.05074
vt 0.935028 0.047103
vt 0.935444 0.047659
vt 0.937236 0.048122
vt 0.935444 0.047659
vt 0.935493 0.048158
vt 0.9365 0.048392
vt 0.946036 0.1016
vt 0.946533 0.101357
vt 0.946631 0.101767
vt 0.946127 0.102374
vt 0.947273 0.102074
vt 0.947467 0.102342
vt 0.946127 0.102374
vt 0.946631 0.101767
vt 0.947273 0.102074
vt 0.946158 0.100952
vt 0.946306 0.100755
vt 0.94676 0.100896
vt 0.946497 0.103291
vt 0.946562 0.102773
vt 0.948431 0.103076
vt 0.946562 0.102773
vt 0.947467 0.102342
vt 0.948375 0.10254
vt 0.946306 0.100755
vt 0.946532 0.10065
vt 0.947161 0.100698
vt 0.946631 0.101767
vt 0.948031 0.101212
vt 0.948617 0.101295
vt 0.94676 0.100896
vt 0.947161 0.100698
vt 0.947665 0.100782
vt 0.947161 0.100698
vt 0.947545 0.100586
vt 0.94792 0.100593
vt 0.947273 0.102074
vt 0.948372 0.101595
vt 0.949265 0.101659
vt 0.948375 0.10254
vt 0.949464 0.101943
vt 0.949632 0.102272
vt 0.947665 0.100782
vt 0.94792 0.100593
vt 0.94844 0.100605
vt 0.947922 0.100978
vt 0.948544 0.100745
vt 0.948884 0.100882
vt 0.948372 0.101595
vt 0.948617 0.101295
vt 0.949452 0.101265
vt 0.94792 0.100593
vt 0.948223 0.100458
vt 0.948434 0.100458
vt 0.949632 0.102272
vt 0.949464 0.101943
vt 0.950571 0.101827
vt 0.948617 0.101295
vt 0.948884 0.100882
vt 0.949719 0.100965
vt 0.94844 0.100605
vt 0.948898 0.100278
vt 0.949117 0.100335
vt 0.948434 0.100458
vt 0.948774 0.100238
vt 0.948898 0.100278
vt 0.949265 0.101659
vt 0.949452 0.101265
vt 0.950335 0.101099
vt 0.948884 0.100882
vt 0.949169 0.100499
vt 0.949591 0.100545
vt 0.949719 0.100965
vt 0.949591 0.100545
vt 0.950137 0.10052
vt 0.949169 0.100499
vt 0.949117 0.100335
vt 0.949562 0.100182
vt 0.948898 0.100278
vt 0.949359 0.099931
vt 0.949465 0.100001
vt 0.950391 0.101479
vt 0.950335 0.101099
vt 0.95102 0.100903
vt 0.949719 0.100965
vt 0.950137 0.10052
vt 0.95049 0.100533
vt 0.949117 0.100335
vt 0.949465 0.100001
vt 0.949562 0.100182
vt 0.949591 0.100545
vt 0.949983 0.099974
vt 0.950202 0.100109
vt 0.950335 0.101099
vt 0.95049 0.100533
vt 0.950974 0.100351
vt 0.949562 0.100182
vt 0.949465 0.100001
vt 0.949818 0.099768
vt 0.950137 0.10052
vt 0.950202 0.100109
vt 0.950588 0.099916
vt 0.949465 0.100001
vt 0.94979 0.099532
vt 0.949818 0.099768
vt 0.95102 0.100903
vt 0.950974 0.100351
vt 0.951438 0.100175
vt 0.95049 0.100533
vt 0.950588 0.099916
vt 0.950946 0.099751
vt 0.951876 0.100111
vt 0.952309 0.100104
vt 0.951755 0.101243
vt 0.950064 0.099387
vt 0.950324 0.099423
vt 0.949983 0.099974
vt 0.94979 0.099532
vt 0.950064 0.099387
vt 0.949818 0.099768
vt 0.950946 0.099751
vt 0.951302 0.09965
vt 0.950974 0.100351
vt 0.949804 0.099329
vt 0.949984 0.099193
vt 0.94979 0.099532
vt 0.951302 0.09965
vt 0.951712 0.099448
vt 0.951438 0.100175
vt 0.950562 0.099512
vt 0.950886 0.09925
vt 0.950588 0.099916
vt 0.951876 0.100111
vt 0.951712 0.099448
vt 0.95218 0.098929
vt 0.950886 0.09925
vt 0.951211 0.098934
vt 0.950946 0.099751
vt 0.951712 0.099448
vt 0.951533 0.098773
vt 0.951956 0.098001
vt 0.952555 0.099053
vt 0.95218 0.098929
vt 0.952738 0.097396
vt 0.951211 0.098934
vt 0.950918 0.098683
vt 0.951387 0.09782
vt 0.950531 0.098815
vt 0.950564 0.098073
vt 0.950901 0.097694
vt 0.950308 0.098764
vt 0.950383 0.098086
vt 0.950564 0.098073
vt 0.950162 0.098764
vt 0.95022 0.098225
vt 0.950383 0.098086
vt 0.95218 0.098929
vt 0.951956 0.098001
vt 0.952376 0.096808
vt 0.951533 0.098773
vt 0.951387 0.09782
vt 0.951749 0.096634
vt 0.950918 0.098683
vt 0.950901 0.097694
vt 0.951228 0.097077
vt 0.951387 0.09782
vt 0.951228 0.097077
vt 0.95153 0.095869
vt 0.950349 0.097544
vt 0.9505 0.096267
vt 0.950498 0.097308
vt 0.950361 0.097178
vt 0.950411 0.096429
vt 0.950349 0.097544
vt 0.951956 0.098001
vt 0.951749 0.096634
vt 0.952063 0.095944
vt 0.950901 0.097694
vt 0.950869 0.096218
vt 0.95112 0.095693
vt 0.950671 0.097303
vt 0.950869 0.096218
vt 0.950901 0.097694
vt 0.950498 0.097308
vt 0.950658 0.095869
vt 0.950671 0.097303
vt 0.9505 0.096267
vt 0.950658 0.095869
vt 0.950498 0.097308
vt 0.952738 0.097396
vt 0.952376 0.096808
vt 0.952757 0.095036
vt 0.95112 0.095693
vt 0.951317 0.095323
vt 0.951228 0.097077
vt 0.950658 0.095869
vt 0.950907 0.094924
vt 0.950869 0.096218
vt 0.950386 0.094647
vt 0.95047 0.094079
vt 0.9505 0.096267
vt 0.95153 0.095869
vt 0.951806 0.092529
vt 0.951749 0.096634
vt 0.95112 0.095693
vt 0.951414 0.092495
vt 0.951317 0.095323
vt 0.951806 0.092529
vt 0.952095 0.09256
vt 0.952063 0.095944
vt 0.950907 0.094924
vt 0.95102 0.09264
vt 0.95112 0.095693
vt 0.950665 0.094616
vt 0.950792 0.092766
vt 0.950907 0.094924
vt 0.95047 0.094079
vt 0.9506 0.092832
vt 0.950665 0.094616
vt 0.952411 0.092664
vt 0.95279 0.092684
vt 0.952757 0.095036
vt 0.949975 0.103186
vt 0.949876 0.102618
vt 0.950777 0.102801
vt 0.950777 0.102801
vt 0.950876 0.102123
vt 0.95155 0.102257
vt 0.952304 0.101297
vt 0.95155 0.102257
vt 0.951755 0.101243
vt 0.952859 0.099766
vt 0.952304 0.101297
vt 0.952309 0.100104
vt 0.949876 0.102618
vt 0.949975 0.103186
vt 0.948431 0.103076
vt 0.951755 0.101243
vt 0.95155 0.102257
vt 0.950876 0.102123
vt 0.949876 0.102618
vt 0.950876 0.102123
vt 0.950777 0.102801
vt 0.951755 0.101243
vt 0.952309 0.100104
vt 0.952304 0.101297
vt 0.946744 0.100626
vt 0.947545 0.100586
vt 0.946532 0.10065
vt 0.947709 0.100549
vt 0.947545 0.100586
vt 0.946744 0.100626
vt 0.948223 0.100458
vt 0.948228 0.100448
vt 0.948774 0.100238
vt 0.952859 0.099766
vt 0.952555 0.099053
vt 0.953029 0.097872
vt 0.953099 0.095966
vt 0.953029 0.097872
vt 0.952738 0.097396
vt 0.952555 0.099053
vt 0.952859 0.099766
vt 0.952309 0.100104
vt 0.952555 0.099053
vt 0.952738 0.097396
vt 0.953029 0.097872
vt 0.952757 0.095036
vt 0.953099 0.095966
vt 0.952738 0.097396
vt 0.95279 0.092684
vt 0.953099 0.095966
vt 0.952757 0.095036
vt 0.950349 0.097544
vt 0.95022 0.098225
vt 0.950361 0.097178
vt 0.950411 0.096429
vt 0.950361 0.097178
vt 0.950393 0.09549
vt 0.953363 0.092749
vt 0.953099 0.095966
vt 0.953072 0.092649
vt 0.953907 0.095621
vt 0.953301 0.100027
vt 0.953333 0.097534
vt 0.952347 0.102146
vt 0.951545 0.10262
vt 0.952742 0.101239
vt 0.951545 0.10262
vt 0.95155 0.102257
vt 0.952304 0.101297
vt 0.949975 0.103186
vt 0.950777 0.102801
vt 0.951545 0.10262
vt 0.947039 0.104111
vt 0.948856 0.103474
vt 0.950658 0.103433
vt 0.952742 0.101239
vt 0.953301 0.100027
vt 0.952347 0.102146
vt 0.953029 0.097872
vt 0.953099 0.095966
vt 0.953333 0.097534
vt 0.953099 0.095966
vt 0.95279 0.092684
vt 0.953072 0.092649
vt 0.953029 0.097872
vt 0.953333 0.097534
vt 0.952859 0.099766
vt 0.948431 0.103076
vt 0.949975 0.103186
vt 0.948856 0.103474
vt 0.936619 0.047175
vt 0.938198 0.048149
vt 0.935162 0.046968
vt 0.940318 0.048426
vt 0.939771 0.048588
vt 0.936619 0.047175
vt 0.939771 0.048588
vt 0.941239 0.049727
vt 0.938198 0.048149
vt 0.940318 0.048426
vt 0.942845 0.050424
vt 0.939771 0.048588
vt 0.944124 0.05098
vt 0.942845 0.050424
vt 0.940318 0.048426
vt 0.945622 0.052693
vt 0.94597 0.053639
vt 0.944808 0.052339
vt 0.948707 0.056166
vt 0.947682 0.055136
vt 0.946516 0.053193
vt 0.948707 0.056166
vt 0.948788 0.057281
vt 0.947682 0.055136
vt 0.947682 0.055136
vt 0.948788 0.057281
vt 0.947503 0.055393
vt 0.949938 0.059274
vt 0.948788 0.057281
vt 0.948707 0.056166
vt 0.950704 0.062556
vt 0.950549 0.06324
vt 0.949694 0.059821
vt 0.951233 0.066984
vt 0.950549 0.06324
vt 0.950704 0.062556
vt 0.940318 0.048426
vt 0.944579 0.050813
vt 0.944124 0.05098
vt 0.944124 0.05098
vt 0.944579 0.050813
vt 0.946516 0.053193
vt 0.946516 0.053193
vt 0.948577 0.055397
vt 0.948707 0.056166
vt 0.948577 0.055397
vt 0.949938 0.059274
vt 0.948707 0.056166
vt 0.949938 0.059274
vt 0.948577 0.055397
vt 0.950484 0.059355
vt 0.934801 0.046708
vt 0.936619 0.047175
vt 0.935162 0.046968
vt 0.934796 0.046073
vt 0.936619 0.047175
vt 0.934801 0.046708
vt 0.935039 0.047158
vt 0.935162 0.046968
vt 0.937537 0.048136
vt 0.944601 0.052591
vt 0.943289 0.05123
vt 0.944808 0.052339
vt 0.946919 0.055088
vt 0.94597 0.053639
vt 0.947503 0.055393
vt 0.948125 0.057013
vt 0.947503 0.055393
vt 0.948788 0.057281
vt 0.948125 0.057013
vt 0.948788 0.057281
vt 0.948839 0.058525
vt 0.949694 0.059821
vt 0.948839 0.058525
vt 0.948788 0.057281
vt 0.948125 0.057013
vt 0.947516 0.056093
vt 0.947503 0.055393
vt 0.949694 0.059821
vt 0.949582 0.060687
vt 0.948839 0.058525
vt 0.951231 0.063508
vt 0.949938 0.059274
vt 0.950484 0.059355
vt 0.953255 0.079879
vt 0.952873 0.078948
vt 0.951825 0.065201
vt 0.953255 0.079879
vt 0.953907 0.095621
vt 0.952873 0.078948
vt 0.950944 0.068263
vt 0.950551 0.064768
vt 0.951233 0.066984
vt 0.952303 0.079079
vt 0.951874 0.078177
vt 0.950944 0.068263
vt 0.952411 0.085947
vt 0.951874 0.078177
vt 0.952303 0.079079
vt 0.952411 0.085947
vt 0.952303 0.079079
vt 0.953072 0.092649
vt 0.95279 0.092684
vt 0.952411 0.085947
vt 0.953072 0.092649
vt 0.937961 0.104034
vt 0.937511 0.104079
vt 0.93749 0.103596
vt 0.93749 0.103596
vt 0.937607 0.103182
vt 0.937953 0.103396
vt 0.937953 0.103396
vt 0.937961 0.104034
vt 0.93749 0.103596
vt 0.937652 0.10279
vt 0.946465 0.103169
vt 0.946318 0.102603
vt 0.937738 0.102401
vt 0.937652 0.10279
vt 0.946318 0.102603
vt 0.937834 0.1019
vt 0.937738 0.102401
vt 0.946318 0.102603
vt 0.937953 0.101467
vt 0.937834 0.1019
vt 0.946124 0.101563
vt 0.937652 0.10279
vt 0.937628 0.103149
vt 0.946465 0.103169
vt 0.946124 0.101563
vt 0.937834 0.1019
vt 0.946146 0.102019
vt 0.946318 0.102603
vt 0.946146 0.102019
vt 0.937834 0.1019
vt 0.946124 0.101563
vt 0.946298 0.101216
vt 0.937953 0.101467
vt 0.946298 0.101216
vt 0.938047 0.101129
vt 0.937953 0.101467
vt 0.938161 0.100709
vt 0.938106 0.100905
vt 0.946378 0.100805
vt 0.938106 0.100905
vt 0.938047 0.101129
vt 0.946171 0.100945
vt 0.938193 0.100624
vt 0.938161 0.100709
vt 0.946397 0.10069
vt 0.946397 0.10069
vt 0.938161 0.100709
vt 0.946378 0.100805
vt 0.946171 0.100945
vt 0.938047 0.101129
vt 0.946298 0.101216
vt 0.946378 0.100805
vt 0.938106 0.100905
vt 0.946171 0.100945
vt 0.946744 0.100626
vt 0.938193 0.100624
vt 0.946397 0.10069
vt 0.947525 0.10428
vt 0.937964 0.103981
vt 0.937518 0.104095
vt 0.937964 0.103981
vt 0.946522 0.10356
vt 0.937551 0.103414
vt 0.937628 0.103149
vt 0.946522 0.10356
vt 0.946465 0.103169
vt 0.946522 0.10356
vt 0.937964 0.103981
vt 0.947208 0.103998
vt 0.937964 0.103981
vt 0.947525 0.10428
vt 0.947208 0.103998
vt 0.946522 0.10356
vt 0.937628 0.103149
vt 0.937551 0.103414
vt 0.937482 0.103731
vt 0.937518 0.104095
vt 0.937964 0.103981
vt 0.937482 0.103731
vt 0.937964 0.103981
vt 0.937551 0.103414
vt 0.947208 0.103998
vt 0.949853 0.10355
vt 0.946522 0.10356
vt 0.949853 0.10355
vt 0.949652 0.103181
vt 0.948375 0.103315
vt 0.949853 0.10355
vt 0.950616 0.102859
vt 0.949652 0.103181
vt 0.951102 0.103193
vt 0.951295 0.102572
vt 0.949853 0.10355
vt 0.949853 0.10355
vt 0.951295 0.102572
vt 0.950616 0.102859
vt 0.953589 0.097307
vt 0.953072 0.09968
vt 0.953291 0.100336
vt 0.949853 0.10355
vt 0.947525 0.10428
vt 0.951102 0.103193
vt 0.947525 0.10428
vt 0.949853 0.10355
vt 0.947208 0.103998
vt 0.946465 0.103169
vt 0.946522 0.10356
vt 0.948375 0.103315
vt 0.953589 0.097307
vt 0.953291 0.100336
vt 0.954036 0.096204
vt 0.952462 0.100761
vt 0.953072 0.09968
vt 0.952887 0.099139
vt 0.953513 0.092595
vt 0.953589 0.097307
vt 0.954036 0.096204
vt 0.952777 0.092572
vt 0.953085 0.095656
vt 0.953065 0.092613
vt 0.934747 0.046005
vt 0.936559 0.047323
vt 0.940364 0.048519
vt 0.936559 0.047323
vt 0.939551 0.048948
vt 0.939771 0.048588
vt 0.942845 0.050424
vt 0.944512 0.051272
vt 0.940364 0.048519
vt 0.944512 0.051272
vt 0.945622 0.052693
vt 0.947173 0.053953
vt 0.947173 0.053953
vt 0.947682 0.055136
vt 0.948972 0.056684
vt 0.94889 0.057229
vt 0.94994 0.059279
vt 0.948972 0.056684
vt 0.94994 0.059279
vt 0.950704 0.062556
vt 0.951232 0.063508
vt 0.950623 0.064244
vt 0.951233 0.066984
vt 0.950704 0.062556
vt 0.940364 0.048519
vt 0.941029 0.048504
vt 0.934747 0.046005
vt 0.941029 0.048504
vt 0.940364 0.048519
vt 0.944512 0.051272
vt 0.947173 0.053953
vt 0.946965 0.053063
vt 0.944512 0.051272
vt 0.946965 0.053063
vt 0.947173 0.053953
vt 0.948972 0.056684
vt 0.950769 0.059857
vt 0.948972 0.056684
vt 0.94994 0.059279
vt 0.946965 0.053063
vt 0.948972 0.056684
vt 0.950769 0.059857
vt 0.936559 0.047323
vt 0.934775 0.046503
vt 0.935028 0.047103
vt 0.934747 0.046005
vt 0.934775 0.046503
vt 0.936559 0.047323
vt 0.937236 0.048122
vt 0.936559 0.047323
vt 0.935028 0.047103
vt 0.947514 0.056093
vt 0.947503 0.055393
vt 0.946719 0.05493
vt 0.948542 0.057351
vt 0.947503 0.055393
vt 0.947514 0.056093
vt 0.951232 0.063508
vt 0.953033 0.076786
vt 0.950769 0.059857
vt 0.951232 0.063508
vt 0.950769 0.059857
vt 0.94994 0.059279
vt 0.954036 0.096204
vt 0.953033 0.076786
vt 0.953513 0.092595
vt 0.950996 0.068257
vt 0.951233 0.066984
vt 0.950623 0.064244
vt 0.952303 0.079079
vt 0.950996 0.068257
vt 0.95194 0.07845
vt 0.95241 0.085943
vt 0.952303 0.079079
vt 0.95194 0.07845
vt 0.95241 0.085943
vt 0.953065 0.092613
vt 0.952303 0.079079
vt 0.952777 0.092572
vt 0.953065 0.092613
vt 0.95241 0.085943
vt 0.929282 0.031961
vt 0.929185 0.032066
vt 0.929063 0.031523
vt 0.928652 0.031405
vt 0.928853 0.03153
vt 0.928756 0.031956
vt 0.928969 0.032067
vt 0.928756 0.031956
vt 0.928853 0.03153
vt 0.926586 0.024489
vt 0.926826 0.024489
vt 0.926742 0.031524
vt 0.926912 0.031545
vt 0.926862 0.031409
vt 0.926905 0.024489
vt 0.926905 0.024489
vt 0.926862 0.031409
vt 0.926826 0.024489
vt 0.926586 0.024489
vt 0.926536 0.031526
vt 0.926345 0.024489
vt 0.926724 0.031412
vt 0.926905 0.024489
vt 0.926689 0.024489
vt 0.926544 0.031544
vt 0.926689 0.024489
vt 0.926344 0.024489
vt 0.926912 0.031545
vt 0.926905 0.024489
vt 0.926881 0.031405
vt 0.926826 0.024489
vt 0.926862 0.031409
vt 0.926742 0.031524
vt 0.926345 0.024489
vt 0.926536 0.031526
vt 0.926351 0.031511
vt 0.926586 0.024489
vt 0.926742 0.031524
vt 0.926536 0.031526
vt 0.926905 0.024489
vt 0.926724 0.031412
vt 0.926881 0.031405
vt 0.926344 0.024489
vt 0.926354 0.031514
vt 0.926544 0.031544
vt 0.926689 0.024489
vt 0.926544 0.031544
vt 0.926724 0.031412
vt 0.932468 0.071392
vt 0.931893 0.057646
vt 0.931459 0.057214
vt 0.928921 0.036374
vt 0.928202 0.035172
vt 0.928397 0.036189
vt 0.931694 0.050553
vt 0.931037 0.046272
vt 0.931353 0.05025
vt 0.930521 0.041625
vt 0.930144 0.040258
vt 0.930427 0.042185
vt 0.933375 0.081777
vt 0.931893 0.057646
vt 0.932468 0.071392
vt 0.932264 0.056676
vt 0.931694 0.050553
vt 0.932121 0.057011
vt 0.93488 0.110066
vt 0.933375 0.081777
vt 0.934621 0.110034
vt 0.93192 0.050561
vt 0.931344 0.046403
vt 0.931694 0.050553
vt 0.929553 0.037604
vt 0.928921 0.036374
vt 0.929341 0.037613
vt 0.935077 0.110063
vt 0.933414 0.078332
vt 0.93488 0.110066
vt 0.932417 0.057054
vt 0.93192 0.050561
vt 0.932264 0.056676
vt 0.929126 0.036331
vt 0.928503 0.035179
vt 0.928921 0.036374
vt 0.935224 0.110042
vt 0.933491 0.076567
vt 0.935077 0.110063
vt 0.932009 0.05044
vt 0.93152 0.0464
vt 0.93192 0.050561
vt 0.930442 0.040218
vt 0.930012 0.038908
vt 0.930374 0.040246
vt 0.929622 0.037593
vt 0.929126 0.036331
vt 0.929553 0.037604
vt 0.931359 0.044864
vt 0.931093 0.043551
vt 0.93152 0.0464
vt 0.931359 0.044864
vt 0.931042 0.042948
vt 0.931093 0.043551
vt 0.930063 0.038899
vt 0.929622 0.037593
vt 0.930012 0.038908
vt 0.932315 0.07897
vt 0.933052 0.084213
vt 0.932468 0.071392
vt 0.933407 0.110023
vt 0.933438 0.099333
vt 0.932315 0.07897
vt 0.933407 0.110023
vt 0.933947 0.110043
vt 0.933438 0.099333
vt 0.933438 0.099333
vt 0.933052 0.084213
vt 0.932315 0.07897
vt 0.932315 0.07897
vt 0.932468 0.071392
vt 0.931459 0.057214
vt 0.930772 0.044369
vt 0.930143 0.042272
vt 0.930542 0.044872
vt 0.92778 0.034767
vt 0.92668 0.032063
vt 0.92648 0.032028
vt 0.928397 0.036189
vt 0.928202 0.035172
vt 0.92778 0.034767
vt 0.931121 0.051037
vt 0.931353 0.05025
vt 0.93083 0.04748
vt 0.930542 0.044872
vt 0.93083 0.04748
vt 0.931037 0.046272
vt 0.92778 0.034767
vt 0.928202 0.035172
vt 0.92668 0.032063
vt 0.926877 0.031916
vt 0.928202 0.035172
vt 0.928503 0.035179
vt 0.926877 0.031916
vt 0.92668 0.032063
vt 0.928202 0.035172
vt 0.933695 0.078273
vt 0.933875 0.082398
vt 0.935224 0.110042
vt 0.935251 0.110025
vt 0.933695 0.078273
vt 0.935224 0.110042
vt 0.933022 0.066184
vt 0.932444 0.056387
vt 0.933695 0.078273
vt 0.926877 0.031916
vt 0.928503 0.035179
vt 0.927026 0.032082
vt 0.928503 0.035179
vt 0.928565 0.035093
vt 0.927026 0.032082
vt 0.928565 0.035093
vt 0.927065 0.032083
vt 0.927026 0.032082
vt 0.92668 0.032063
vt 0.926877 0.031916
vt 0.926544 0.031544
vt 0.92648 0.032028
vt 0.926544 0.031544
vt 0.926354 0.031514
vt 0.92668 0.032063
vt 0.926544 0.031544
vt 0.92648 0.032028
vt 0.928639 0.024489
vt 0.928652 0.031405
vt 0.928545 0.03153
vt 0.928313 0.03154
vt 0.928082 0.031439
vt 0.928192 0.024489
vt 0.928486 0.032015
vt 0.928545 0.03153
vt 0.928693 0.032085
vt 0.928545 0.03153
vt 0.928652 0.031405
vt 0.928756 0.031956
vt 0.927913 0.031865
vt 0.928082 0.031439
vt 0.928287 0.032106
vt 0.929077 0.031425
vt 0.929154 0.024489
vt 0.928868 0.024489
vt 0.928646 0.024489
vt 0.928665 0.031521
vt 0.928868 0.024489
vt 0.929174 0.031374
vt 0.929154 0.024489
vt 0.929077 0.031425
vt 0.929174 0.031374
vt 0.929105 0.024489
vt 0.929154 0.024489
vt 0.92883 0.024489
vt 0.928853 0.03153
vt 0.928652 0.031405
vt 0.92883 0.024489
vt 0.929105 0.024489
vt 0.928853 0.03153
vt 0.92883 0.024489
vt 0.928652 0.031405
vt 0.928639 0.024489
vt 0.928868 0.024489
vt 0.928665 0.031521
vt 0.928858 0.031415
vt 0.928868 0.024489
vt 0.928858 0.031415
vt 0.929077 0.031425
vt 0.929105 0.024489
vt 0.929174 0.031374
vt 0.929063 0.031523
vt 0.929105 0.024489
vt 0.929063 0.031523
vt 0.928853 0.03153
vt 0.929077 0.031425
vt 0.929083 0.03195
vt 0.929231 0.031952
vt 0.928858 0.031415
vt 0.928909 0.031944
vt 0.929083 0.03195
vt 0.928909 0.031944
vt 0.928858 0.031415
vt 0.928665 0.031521
vt 0.928665 0.031521
vt 0.928798 0.03205
vt 0.928909 0.031944
vt 0.927966 0.024489
vt 0.927927 0.031914
vt 0.928131 0.031879
vt 0.928646 0.024489
vt 0.92856 0.031579
vt 0.928665 0.031521
vt 0.928542 0.024489
vt 0.92856 0.031579
vt 0.928646 0.024489
vt 0.932436 0.056769
vt 0.931942 0.050601
vt 0.932009 0.05044
vt 0.93135 0.044915
vt 0.930853 0.042191
vt 0.931042 0.042948
vt 0.931042 0.042948
vt 0.930853 0.042191
vt 0.930766 0.041573
vt 0.929126 0.036331
vt 0.928549 0.035163
vt 0.928565 0.035093
vt 0.933835 0.082844
vt 0.933212 0.071987
vt 0.933022 0.066184
vt 0.93002 0.038908
vt 0.929552 0.03761
vt 0.929622 0.037593
vt 0.933212 0.071987
vt 0.932346 0.057116
vt 0.932436 0.056769
vt 0.931556 0.047046
vt 0.931246 0.044941
vt 0.93135 0.044915
vt 0.933212 0.071987
vt 0.93212 0.05703
vt 0.932346 0.057116
vt 0.932346 0.057116
vt 0.931718 0.050606
vt 0.931942 0.050601
vt 0.931246 0.044941
vt 0.930837 0.04302
vt 0.930853 0.042191
vt 0.929797 0.038935
vt 0.929333 0.037626
vt 0.929552 0.03761
vt 0.933118 0.077991
vt 0.931702 0.056311
vt 0.93212 0.05703
vt 0.93212 0.05703
vt 0.931424 0.050709
vt 0.931718 0.050606
vt 0.930937 0.044402
vt 0.930627 0.04353
vt 0.930837 0.04302
vt 0.931467 0.057409
vt 0.931702 0.056311
vt 0.932835 0.079567
vt 0.930627 0.04353
vt 0.930145 0.04228
vt 0.930488 0.041662
vt 0.931042 0.042948
vt 0.931359 0.044864
vt 0.93135 0.044915
vt 0.932436 0.056769
vt 0.932009 0.05044
vt 0.932444 0.056387
vt 0.927065 0.032083
vt 0.928565 0.035093
vt 0.928549 0.035163
vt 0.927065 0.032083
vt 0.928549 0.035163
vt 0.926959 0.031951
vt 0.928549 0.035163
vt 0.928302 0.035199
vt 0.926959 0.031951
vt 0.932436 0.056769
vt 0.932444 0.056387
vt 0.933022 0.066184
vt 0.934698 0.11003
vt 0.934305 0.110078
vt 0.933976 0.102333
vt 0.934305 0.110078
vt 0.933943 0.110055
vt 0.933976 0.102333
vt 0.933692 0.104281
vt 0.933943 0.110055
vt 0.933411 0.110031
vt 0.933943 0.110055
vt 0.933692 0.104281
vt 0.933976 0.102333
vt 0.933411 0.110031
vt 0.933109 0.101337
vt 0.933692 0.104281
vt 0.933692 0.104281
vt 0.933109 0.101337
vt 0.933976 0.102333
vt 0.932299 0.078455
vt 0.932835 0.079567
vt 0.933976 0.102333
vt 0.933109 0.101337
vt 0.932299 0.078455
vt 0.933976 0.102333
vt 0.932299 0.078455
vt 0.931467 0.057409
vt 0.932835 0.079567
vt 0.930145 0.04228
vt 0.930627 0.04353
vt 0.93054 0.044858
vt 0.928302 0.035199
vt 0.926781 0.032082
vt 0.926959 0.031951
vt 0.928302 0.035199
vt 0.926482 0.032038
vt 0.926781 0.032082
vt 0.928302 0.035199
vt 0.928394 0.036181
vt 0.927776 0.034759
vt 0.928302 0.035199
vt 0.927776 0.034759
vt 0.926482 0.032038
vt 0.926959 0.031951
vt 0.926781 0.032082
vt 0.926742 0.031524
vt 0.926742 0.031524
vt 0.926781 0.032082
vt 0.926536 0.031526
vt 0.926912 0.031545
vt 0.926959 0.031951
vt 0.926862 0.031409
vt 0.926959 0.031951
vt 0.926912 0.031545
vt 0.927065 0.032083
vt 0.926451 0.031548
vt 0.926521 0.024489
vt 0.926345 0.024489
vt 0.926351 0.031511
vt 0.926451 0.031548
vt 0.926345 0.024489
vt 0.926451 0.031548
vt 0.926545 0.032033
vt 0.926605 0.031901
vt 0.935774 0.075386
vt 0.935675 0.07728
vt 0.936966 0.09974
vt 0.935774 0.075386
vt 0.934661 0.057433
vt 0.935675 0.07728
vt 0.931727 0.037567
vt 0.931351 0.036328
vt 0.931178 0.036358
vt 0.931351 0.036328
vt 0.930812 0.035153
vt 0.931178 0.036358
vt 0.934661 0.057433
vt 0.93413 0.051886
vt 0.934381 0.056577
vt 0.931727 0.037567
vt 0.931178 0.036358
vt 0.931521 0.037613
vt 0.934381 0.056577
vt 0.933733 0.050491
vt 0.934165 0.057682
vt 0.935671 0.084458
vt 0.933948 0.060273
vt 0.934539 0.076399
vt 0.933402 0.046332
vt 0.933163 0.044545
vt 0.932886 0.044906
vt 0.934165 0.057682
vt 0.93358 0.052908
vt 0.933948 0.060273
vt 0.933733 0.050491
vt 0.933185 0.047659
vt 0.93358 0.052908
vt 0.933587 0.047609
vt 0.932886 0.044906
vt 0.933185 0.047659
vt 0.935774 0.075386
vt 0.936966 0.09974
vt 0.937006 0.099488
vt 0.935774 0.075386
vt 0.937006 0.099488
vt 0.936017 0.079575
vt 0.935774 0.075386
vt 0.936017 0.079575
vt 0.935391 0.067978
vt 0.935391 0.067978
vt 0.934688 0.056046
vt 0.935774 0.075386
vt 0.934688 0.056046
vt 0.934362 0.051695
vt 0.93435 0.051501
vt 0.934688 0.056046
vt 0.934272 0.051293
vt 0.934661 0.057433
vt 0.936966 0.09974
vt 0.935675 0.07728
vt 0.936817 0.100329
vt 0.936567 0.101318
vt 0.935671 0.084458
vt 0.936449 0.102434
vt 0.931727 0.037567
vt 0.932006 0.038168
vt 0.931904 0.037749
vt 0.931884 0.037588
vt 0.931915 0.037618
vt 0.931063 0.035586
vt 0.931063 0.035586
vt 0.931351 0.036328
vt 0.931884 0.037588
vt 0.931904 0.037749
vt 0.931884 0.037588
vt 0.931351 0.036328
vt 0.929231 0.031952
vt 0.930812 0.035153
vt 0.929282 0.031961
vt 0.930812 0.035153
vt 0.931063 0.035586
vt 0.929282 0.031961
vt 0.931351 0.036328
vt 0.931727 0.037567
vt 0.931904 0.037749
vt 0.933721 0.0486
vt 0.93413 0.051886
vt 0.934066 0.050213
vt 0.932006 0.038168
vt 0.931727 0.037567
vt 0.932248 0.039218
vt 0.929083 0.03195
vt 0.930607 0.035162
vt 0.929231 0.031952
vt 0.930607 0.035162
vt 0.930812 0.035153
vt 0.929231 0.031952
vt 0.934066 0.050213
vt 0.93413 0.051886
vt 0.934272 0.051293
vt 0.936233 0.110046
vt 0.936679 0.110041
vt 0.936382 0.103705
vt 0.936449 0.102434
vt 0.935671 0.084458
vt 0.936382 0.103705
vt 0.933733 0.050491
vt 0.93413 0.051886
vt 0.933721 0.0486
vt 0.933587 0.047609
vt 0.933733 0.050491
vt 0.933721 0.0486
vt 0.936233 0.110046
vt 0.934539 0.076399
vt 0.935735 0.110041
vt 0.930607 0.035162
vt 0.928909 0.031944
vt 0.930225 0.035059
vt 0.929083 0.03195
vt 0.928909 0.031944
vt 0.930607 0.035162
vt 0.930225 0.035059
vt 0.928909 0.031944
vt 0.928798 0.03205
vt 0.936382 0.103705
vt 0.936598 0.103123
vt 0.936449 0.102434
vt 0.936845 0.103288
vt 0.93713 0.103576
vt 0.937189 0.103166
vt 0.93713 0.103576
vt 0.937482 0.103731
vt 0.937551 0.103414
vt 0.936635 0.102701
vt 0.936449 0.102434
vt 0.936598 0.103123
vt 0.93693 0.102852
vt 0.936635 0.102701
vt 0.936845 0.103288
vt 0.937551 0.103414
vt 0.937628 0.103149
vt 0.937189 0.103166
vt 0.936845 0.103288
vt 0.937189 0.103166
vt 0.93693 0.102852
vt 0.936635 0.102701
vt 0.936598 0.103123
vt 0.936845 0.103288
vt 0.936679 0.110041
vt 0.936972 0.110065
vt 0.936382 0.103705
vt 0.937339 0.110044
vt 0.937787 0.110037
vt 0.937153 0.104064
vt 0.936824 0.104058
vt 0.936972 0.110065
vt 0.937339 0.110044
vt 0.937153 0.104064
vt 0.936824 0.104058
vt 0.937339 0.110044
vt 0.936635 0.102701
vt 0.93679 0.102171
vt 0.936603 0.101902
vt 0.93693 0.102852
vt 0.93679 0.102171
vt 0.936635 0.102701
vt 0.93679 0.102171
vt 0.937037 0.101918
vt 0.937047 0.101393
vt 0.937418 0.101806
vt 0.937047 0.101393
vt 0.937037 0.101918
vt 0.936737 0.101142
vt 0.936941 0.100557
vt 0.936817 0.100329
vt 0.937519 0.101372
vt 0.93728 0.100821
vt 0.937047 0.101393
vt 0.937072 0.100773
vt 0.93728 0.100821
vt 0.937196 0.100239
vt 0.937573 0.100608
vt 0.937387 0.100372
vt 0.93728 0.100821
vt 0.937196 0.100239
vt 0.937387 0.100372
vt 0.937161 0.099943
vt 0.937819 0.100723
vt 0.93773 0.100506
vt 0.937573 0.100608
vt 0.938161 0.100709
vt 0.93773 0.100506
vt 0.937819 0.100723
vt 0.93773 0.100506
vt 0.937508 0.100339
vt 0.937387 0.100372
vt 0.936449 0.102434
vt 0.936603 0.101902
vt 0.936567 0.101318
vt 0.936737 0.101142
vt 0.936817 0.100329
vt 0.936567 0.101318
vt 0.936603 0.101902
vt 0.936737 0.101142
vt 0.936567 0.101318
vt 0.93773 0.100506
vt 0.938193 0.100624
vt 0.93785 0.100536
vt 0.937508 0.100339
vt 0.93773 0.100506
vt 0.93785 0.100536
vt 0.936687 0.102972
vt 0.936843 0.103217
vt 0.93665 0.103867
vt 0.937167 0.103182
vt 0.93749 0.103596
vt 0.937131 0.103578
vt 0.93665 0.103867
vt 0.936453 0.10397
vt 0.936505 0.10299
vt 0.937131 0.103578
vt 0.937242 0.104063
vt 0.936919 0.104069
vt 0.936505 0.10299
vt 0.936332 0.103618
vt 0.936463 0.102269
vt 0.936332 0.103618
vt 0.936505 0.10299
vt 0.936453 0.10397
vt 0.937508 0.100339
vt 0.93785 0.100536
vt 0.937609 0.100501
vt 0.93785 0.100536
vt 0.938175 0.100651
vt 0.937955 0.100739
vt 0.937315 0.100197
vt 0.937609 0.100501
vt 0.937343 0.100555
vt 0.937196 0.100239
vt 0.937014 0.100235
vt 0.937098 0.099868
vt 0.937343 0.100555
vt 0.937072 0.100773
vt 0.937196 0.100239
vt 0.937666 0.100777
vt 0.938108 0.101007
vt 0.937604 0.101023
vt 0.937343 0.100555
vt 0.937604 0.101023
vt 0.937242 0.100983
vt 0.937072 0.100773
vt 0.936851 0.100973
vt 0.937014 0.100235
vt 0.937604 0.101023
vt 0.938016 0.101318
vt 0.937519 0.101372
vt 0.937242 0.100983
vt 0.937519 0.101372
vt 0.937047 0.101393
vt 0.936851 0.100973
vt 0.936639 0.101195
vt 0.936797 0.100416
vt 0.937519 0.101372
vt 0.937897 0.101816
vt 0.937418 0.101806
vt 0.937047 0.101393
vt 0.937418 0.101806
vt 0.937037 0.101919
vt 0.937047 0.101393
vt 0.936777 0.101796
vt 0.936851 0.100973
vt 0.937037 0.101919
vt 0.936777 0.101796
vt 0.937047 0.101393
vt 0.937161 0.099943
vt 0.936995 0.099544
vt 0.937006 0.099488
vt 0.937098 0.099868
vt 0.936995 0.099544
vt 0.937161 0.099943
vt 0.937161 0.099943
vt 0.937315 0.100197
vt 0.937098 0.099868
vt 0.937508 0.100339
vt 0.937315 0.100197
vt 0.937161 0.099943
vt 0.938175 0.100651
vt 0.93785 0.100536
vt 0.938193 0.100624
vt 0.937955 0.100739
vt 0.938311 0.10078
vt 0.938108 0.101007
vt 0.936689 0.102308
vt 0.936687 0.102972
vt 0.936505 0.10299
vt 0.936687 0.102972
vt 0.936939 0.10253
vt 0.936843 0.103217
vt 0.937242 0.102692
vt 0.937167 0.103182
vt 0.936843 0.103217
vt 0.937167 0.103182
vt 0.937242 0.102692
vt 0.937607 0.103182
vt 0.937676 0.102839
vt 0.937607 0.103182
vt 0.937242 0.102692
vt 0.936939 0.10253
vt 0.936687 0.102972
vt 0.936689 0.102308
vt 0.93665 0.103867
vt 0.937142 0.11004
vt 0.936844 0.11004
vt 0.936844 0.11004
vt 0.936662 0.110039
vt 0.93665 0.103867
vt 0.936453 0.10397
vt 0.93665 0.103867
vt 0.936662 0.110039
vt 0.937142 0.11004
vt 0.936919 0.104069
vt 0.937474 0.110042
vt 0.936332 0.103618
vt 0.936453 0.10397
vt 0.936662 0.110039
vt 0.937511 0.104079
vt 0.937791 0.110038
vt 0.937474 0.110042
vt 0.937242 0.104063
vt 0.937474 0.110042
vt 0.936919 0.104069
vt 0.937474 0.110042
vt 0.937242 0.104063
vt 0.937511 0.104079
vt 0.954498 0.064746
vt 0.954195 0.060919
vt 0.95505 0.065657
vt 0.954741 0.061833
vt 0.954195 0.060919
vt 0.954158 0.059086
vt 0.954195 0.060919
vt 0.953191 0.058932
vt 0.953126 0.057399
vt 0.953573 0.057664
vt 0.953126 0.057399
vt 0.952575 0.055372
vt 0.951613 0.055014
vt 0.951716 0.054507
vt 0.953126 0.057399
vt 0.951716 0.054507
vt 0.951113 0.052923
vt 0.952575 0.055372
vt 0.951113 0.052923
vt 0.949901 0.051821
vt 0.949602 0.050959
vt 0.946861 0.049158
vt 0.945084 0.047387
vt 0.947664 0.049417
vt 0.945084 0.047387
vt 0.942688 0.046259
vt 0.942194 0.045587
vt 0.94283 0.045574
vt 0.942194 0.045587
vt 0.940927 0.044396
vt 0.937543 0.043462
vt 0.936781 0.042828
vt 0.940927 0.044396
vt 0.95671 0.079036
vt 0.956965 0.077929
vt 0.957478 0.086901
vt 0.956965 0.077929
vt 0.95671 0.079036
vt 0.95598 0.068225
vt 0.95671 0.079036
vt 0.955429 0.065893
vt 0.95598 0.068225
vt 0.955429 0.065893
vt 0.955504 0.064353
vt 0.95598 0.068225
vt 0.954741 0.061833
vt 0.954922 0.06099
vt 0.955504 0.064353
vt 0.954158 0.059086
vt 0.954922 0.06099
vt 0.954741 0.061833
vt 0.954741 0.061833
vt 0.955504 0.064353
vt 0.955429 0.065893
vt 0.953574 0.05666
vt 0.953573 0.057664
vt 0.952575 0.055372
vt 0.9525 0.054431
vt 0.952575 0.055372
vt 0.951113 0.052923
vt 0.949602 0.050959
vt 0.950115 0.050942
vt 0.951113 0.052923
vt 0.946962 0.047979
vt 0.947896 0.049165
vt 0.945276 0.047114
vt 0.952575 0.055372
vt 0.9525 0.054431
vt 0.953574 0.05666
vt 0.94283 0.045574
vt 0.944094 0.04596
vt 0.945276 0.047114
vt 0.937207 0.042663
vt 0.940927 0.044396
vt 0.936781 0.042828
vt 0.933554 0.041591
vt 0.936781 0.042828
vt 0.933758 0.04218
vt 0.936781 0.042828
vt 0.933554 0.041591
vt 0.937207 0.042663
vt 0.951613 0.055014
vt 0.953191 0.058932
vt 0.949646 0.05223
vt 0.946861 0.049158
vt 0.944651 0.047743
vt 0.942688 0.046259
vt 0.934028 0.042864
vt 0.933758 0.04218
vt 0.937543 0.043462
vt 0.934028 0.042864
vt 0.937701 0.043913
vt 0.944651 0.047743
vt 0.937543 0.043462
vt 0.933758 0.04218
vt 0.936781 0.042828
vt 0.933758 0.056335
vt 0.934164 0.057681
vt 0.934032 0.06074
vt 0.932889 0.04492
vt 0.933456 0.04675
vt 0.933157 0.047529
vt 0.930228 0.035026
vt 0.931178 0.036357
vt 0.930801 0.036386
vt 0.934032 0.06074
vt 0.936332 0.103618
vt 0.934829 0.083045
vt 0.933167 0.044568
vt 0.933456 0.04675
vt 0.932889 0.04492
vt 0.933733 0.050491
vt 0.934477 0.056763
vt 0.934164 0.057681
vt 0.935573 0.083155
vt 0.936332 0.103618
vt 0.934032 0.06074
vt 0.931178 0.036357
vt 0.931727 0.037567
vt 0.931521 0.037613
vt 0.934164 0.057681
vt 0.935538 0.077351
vt 0.935573 0.083155
vt 0.934477 0.056763
vt 0.935738 0.075912
vt 0.935538 0.077351
vt 0.934255 0.051014
vt 0.934733 0.057195
vt 0.934477 0.056763
vt 0.931351 0.036328
vt 0.931727 0.037567
vt 0.931178 0.036357
vt 0.930795 0.035156
vt 0.931351 0.036328
vt 0.931178 0.036357
vt 0.935738 0.075912
vt 0.936995 0.099544
vt 0.936916 0.099897
vt 0.934733 0.057195
vt 0.935391 0.067978
vt 0.935738 0.075912
vt 0.935391 0.067978
vt 0.936017 0.079575
vt 0.935738 0.075912
vt 0.936224 0.110014
vt 0.935765 0.110049
vt 0.934829 0.083045
vt 0.934032 0.06074
vt 0.934829 0.083045
vt 0.934445 0.072689
vt 0.934032 0.06074
vt 0.934445 0.072689
vt 0.933758 0.056335
vt 0.936224 0.110014
vt 0.936332 0.103618
vt 0.936662 0.110039
vt 0.933456 0.04675
vt 0.933628 0.047881
vt 0.933733 0.050491
vt 0.935573 0.083155
vt 0.936463 0.102269
vt 0.936332 0.103618
vt 0.933733 0.050491
vt 0.933838 0.049261
vt 0.93413 0.051886
vt 0.933733 0.050491
vt 0.933628 0.047881
vt 0.933838 0.049261
vt 0.930228 0.035026
vt 0.928756 0.031956
vt 0.928969 0.032067
vt 0.930228 0.035026
vt 0.928969 0.032067
vt 0.930632 0.035166
vt 0.928969 0.032067
vt 0.929185 0.032066
vt 0.930632 0.035166
vt 0.936639 0.101195
vt 0.935573 0.083155
vt 0.935538 0.077351
vt 0.936797 0.100416
vt 0.935538 0.077351
vt 0.935956 0.081784
vt 0.934084 0.050286
vt 0.934255 0.051014
vt 0.93413 0.051886
vt 0.936995 0.099544
vt 0.936017 0.079575
vt 0.937006 0.099488
vt 0.934733 0.057195
vt 0.934255 0.051014
vt 0.934362 0.051695
vt 0.934733 0.057195
vt 0.934688 0.056046
vt 0.935391 0.067978
vt 0.934362 0.051695
vt 0.934688 0.056046
vt 0.934733 0.057195
vt 0.932005 0.038862
vt 0.932271 0.039343
vt 0.932519 0.04063
vt 0.934084 0.050286
vt 0.93413 0.051886
vt 0.933838 0.049261
vt 0.932085 0.038492
vt 0.932271 0.039343
vt 0.931727 0.037567
vt 0.931727 0.037567
vt 0.932271 0.039343
vt 0.932005 0.038862
vt 0.930795 0.035156
vt 0.930632 0.035166
vt 0.929185 0.032066
vt 0.932085 0.038492
vt 0.931727 0.037567
vt 0.931922 0.037798
vt 0.929282 0.031961
vt 0.930795 0.035156
vt 0.929185 0.032066
vt 0.931727 0.037567
vt 0.931351 0.036328
vt 0.931922 0.037798
vt 0.931922 0.037798
vt 0.931351 0.036328
vt 0.931884 0.037589
vt 0.929282 0.031961
vt 0.931063 0.035586
vt 0.930795 0.035156
vt 0.931063 0.035586
vt 0.931915 0.037618
vt 0.931884 0.037589
vt 0.931351 0.036328
vt 0.931063 0.035586
vt 0.931884 0.037589
vt 0.933403 0.042991
vt 0.933455 0.04243
vt 0.93379 0.043007
vt 0.933125 0.042176
vt 0.933328 0.041985
vt 0.933455 0.04243
vt 0.93379 0.043007
vt 0.933682 0.043551
vt 0.933403 0.042991
vt 0.934266 0.047383
vt 0.934237 0.046791
vt 0.934016 0.046973
vt 0.934651 0.047249
vt 0.935028 0.047103
vt 0.934504 0.046723
vt 0.933909 0.047497
vt 0.934016 0.046973
vt 0.933785 0.046969
vt 0.934016 0.046973
vt 0.934237 0.046791
vt 0.933839 0.046208
vt 0.934747 0.046005
vt 0.934407 0.046074
vt 0.934775 0.046503
vt 0.934422 0.051106
vt 0.934276 0.050891
vt 0.93435 0.051501
vt 0.934422 0.051106
vt 0.934473 0.050624
vt 0.934276 0.050891
vt 0.934637 0.050687
vt 0.934706 0.050347
vt 0.934473 0.050624
vt 0.934637 0.050687
vt 0.93496 0.050302
vt 0.934706 0.050347
vt 0.935652 0.050094
vt 0.936007 0.049977
vt 0.935564 0.049808
vt 0.934473 0.050624
vt 0.934551 0.050064
vt 0.934347 0.050344
vt 0.934706 0.050347
vt 0.934883 0.050019
vt 0.934551 0.050064
vt 0.935564 0.049808
vt 0.935902 0.04968
vt 0.935441 0.049408
vt 0.934347 0.050344
vt 0.934331 0.049746
vt 0.934121 0.04979
vt 0.934551 0.050064
vt 0.934552 0.049492
vt 0.934331 0.049746
vt 0.934551 0.050064
vt 0.934775 0.049625
vt 0.934552 0.049492
vt 0.934775 0.049625
vt 0.934809 0.049086
vt 0.934552 0.049492
vt 0.935102 0.049475
vt 0.935106 0.048866
vt 0.934809 0.049086
vt 0.935441 0.049408
vt 0.935548 0.049154
vt 0.935106 0.048866
vt 0.934552 0.049492
vt 0.934809 0.049086
vt 0.934453 0.049029
vt 0.934066 0.050213
vt 0.934121 0.04979
vt 0.933872 0.048879
vt 0.934809 0.049086
vt 0.935106 0.048866
vt 0.934682 0.048612
vt 0.934121 0.04979
vt 0.934051 0.048766
vt 0.933872 0.048879
vt 0.934453 0.049029
vt 0.934682 0.048612
vt 0.934326 0.048503
vt 0.934682 0.048612
vt 0.934924 0.04823
vt 0.934571 0.047969
vt 0.934051 0.048766
vt 0.93408 0.048076
vt 0.933872 0.048879
vt 0.934326 0.048503
vt 0.934571 0.047969
vt 0.93408 0.048076
vt 0.934924 0.04823
vt 0.935024 0.047682
vt 0.934571 0.047969
vt 0.934376 0.051384
vt 0.93435 0.051501
vt 0.934362 0.051695
vt 0.934725 0.050683
vt 0.934637 0.050687
vt 0.934581 0.05086
vt 0.934725 0.050683
vt 0.934997 0.050452
vt 0.934637 0.050687
vt 0.934276 0.050891
vt 0.934066 0.050213
vt 0.934272 0.051293
vt 0.934276 0.050891
vt 0.934272 0.051293
vt 0.93435 0.051501
vt 0.935787 0.050201
vt 0.935337 0.050298
vt 0.935697 0.050247
vt 0.935697 0.050247
vt 0.935939 0.050261
vt 0.935787 0.050201
vt 0.935939 0.050261
vt 0.936251 0.050361
vt 0.936226 0.050276
vt 0.933872 0.048879
vt 0.933721 0.0486
vt 0.934066 0.050213
vt 0.933587 0.047609
vt 0.933721 0.0486
vt 0.933872 0.048879
vt 0.933872 0.048879
vt 0.933706 0.04748
vt 0.933587 0.047609
vt 0.93408 0.048076
vt 0.933909 0.047497
vt 0.933706 0.04748
vt 0.935236 0.04819
vt 0.935493 0.048158
vt 0.935024 0.047682
vt 0.934571 0.047969
vt 0.934651 0.047249
vt 0.934266 0.047383
vt 0.935024 0.047682
vt 0.935444 0.047659
vt 0.935028 0.047103
vt 0.935493 0.048158
vt 0.935444 0.047659
vt 0.935024 0.047682
vt 0.933075 0.042281
vt 0.932981 0.041539
vt 0.932775 0.041433
vt 0.933484 0.042467
vt 0.933782 0.0422
vt 0.933361 0.042052
vt 0.932907 0.042948
vt 0.932881 0.042226
vt 0.932737 0.041926
vt 0.933093 0.04306
vt 0.933075 0.042281
vt 0.932881 0.042226
vt 0.933432 0.043031
vt 0.933484 0.042467
vt 0.933075 0.042281
vt 0.933093 0.04306
vt 0.932907 0.042948
vt 0.933163 0.044545
vt 0.933163 0.044545
vt 0.933416 0.044622
vt 0.933093 0.04306
vt 0.933655 0.046314
vt 0.933839 0.046208
vt 0.933416 0.044622
vt 0.934047 0.046109
vt 0.933791 0.043068
vt 0.933432 0.043031
vt 0.934407 0.046074
vt 0.934111 0.042997
vt 0.933791 0.043068
vt 0.933402 0.046332
vt 0.933526 0.046373
vt 0.933163 0.044545
vt 0.933791 0.043068
vt 0.934047 0.046109
vt 0.934407 0.046074
vt 0.934111 0.042997
vt 0.934407 0.046074
vt 0.934747 0.046005
vt 0.931884 0.037588
vt 0.932101 0.038051
vt 0.932103 0.037873
vt 0.932006 0.038168
vt 0.932171 0.038473
vt 0.932101 0.038051
vt 0.932364 0.038521
vt 0.93242 0.038299
vt 0.932101 0.038051
vt 0.93267 0.038661
vt 0.93267 0.038398
vt 0.93242 0.038299
vt 0.932006 0.038168
vt 0.932248 0.039218
vt 0.932171 0.038473
vt 0.932754 0.039559
vt 0.932788 0.039005
vt 0.932439 0.038988
vt 0.932248 0.039218
vt 0.932507 0.039749
vt 0.932439 0.038988
vt 0.932507 0.039749
vt 0.932754 0.039559
vt 0.932439 0.038988
vt 0.933038 0.040161
vt 0.933081 0.039797
vt 0.932754 0.039559
vt 0.932645 0.038168
vt 0.932303 0.038007
vt 0.932475 0.038156
vt 0.934638 0.047187
vt 0.934801 0.046708
vt 0.935039 0.047158
vt 0.933855 0.047314
vt 0.933987 0.046909
vt 0.934101 0.04738
vt 0.934363 0.04726
vt 0.934348 0.046786
vt 0.934638 0.047187
vt 0.933456 0.04675
vt 0.933527 0.046395
vt 0.933699 0.047483
vt 0.935162 0.046968
vt 0.935039 0.047158
vt 0.934801 0.046708
vt 0.934381 0.046201
vt 0.934796 0.046073
vt 0.934801 0.046708
vt 0.93392 0.048375
vt 0.933994 0.04918
vt 0.933849 0.048878
vt 0.934162 0.04812
vt 0.934196 0.048879
vt 0.93392 0.048375
vt 0.934084 0.050286
vt 0.934177 0.050046
vt 0.934255 0.051014
vt 0.934779 0.049637
vt 0.934511 0.050269
vt 0.934427 0.049948
vt 0.935622 0.049607
vt 0.935212 0.049853
vt 0.935106 0.049488
vt 0.934878 0.050004
vt 0.934583 0.050556
vt 0.934511 0.050269
vt 0.935604 0.049938
vt 0.935291 0.050114
vt 0.935212 0.049853
vt 0.934255 0.051014
vt 0.934388 0.050963
vt 0.934376 0.051384
vt 0.934951 0.050266
vt 0.934627 0.050731
vt 0.934583 0.050556
vt 0.935883 0.050032
vt 0.935671 0.050151
vt 0.935604 0.049938
vt 0.935671 0.050151
vt 0.935337 0.050267
vt 0.935291 0.050114
vt 0.934994 0.050419
vt 0.934725 0.050683
vt 0.934627 0.050731
vt 0.935943 0.050236
vt 0.935697 0.050247
vt 0.935671 0.050151
vt 0.933699 0.047483
vt 0.933849 0.048878
vt 0.933628 0.047881
vt 0.933628 0.047881
vt 0.933849 0.048878
vt 0.933838 0.049261
vt 0.933849 0.048878
vt 0.933699 0.047483
vt 0.93392 0.048375
vt 0.934084 0.050286
vt 0.933838 0.049261
vt 0.933849 0.048878
vt 0.934162 0.04812
vt 0.934101 0.04738
vt 0.934427 0.047961
vt 0.934798 0.047776
vt 0.935039 0.047158
vt 0.935088 0.047797
vt 0.935622 0.048256
vt 0.935088 0.047797
vt 0.935463 0.047749
vt 0.935039 0.047158
vt 0.935463 0.047749
vt 0.935088 0.047797
vt 0.935249 0.048392
vt 0.935622 0.048256
vt 0.935801 0.048849
vt 0.93542 0.048943
vt 0.935801 0.048849
vt 0.935984 0.049416
vt 0.93542 0.048943
vt 0.935984 0.049416
vt 0.935527 0.049294
vt 0.934436 0.051156
vt 0.934627 0.050731
vt 0.934581 0.05086
vt 0.934581 0.05086
vt 0.934627 0.050731
vt 0.934725 0.050683
vt 0.934725 0.050683
vt 0.934994 0.050419
vt 0.934997 0.050452
vt 0.935622 0.049607
vt 0.935984 0.049416
vt 0.936116 0.049795
vt 0.936188 0.050128
vt 0.935883 0.050032
vt 0.936116 0.049795
vt 0.935697 0.050247
vt 0.935337 0.050298
vt 0.935337 0.050267
vt 0.935697 0.050247
vt 0.935943 0.050236
vt 0.935939 0.050261
vt 0.935943 0.050236
vt 0.936251 0.050361
vt 0.935939 0.050261
vt 0.932616 0.040555
vt 0.932507 0.039751
vt 0.932809 0.040683
vt 0.932507 0.039751
vt 0.93275 0.039564
vt 0.932891 0.040153
vt 0.932085 0.038492
vt 0.932379 0.039256
vt 0.932271 0.039343
vt 0.93275 0.039564
vt 0.932962 0.039436
vt 0.933145 0.040068
vt 0.932379 0.039256
vt 0.932458 0.038896
vt 0.93275 0.039564
vt 0.93275 0.039564
vt 0.932788 0.038974
vt 0.932962 0.039436
vt 0.932222 0.03869
vt 0.932239 0.038423
vt 0.932458 0.038896
vt 0.932458 0.038896
vt 0.932502 0.03861
vt 0.932788 0.038974
vt 0.932502 0.03861
vt 0.932691 0.038566
vt 0.932788 0.038974
vt 0.932102 0.038051
vt 0.932239 0.038423
vt 0.931922 0.037798
vt 0.932419 0.038299
vt 0.932614 0.038278
vt 0.932691 0.038566
vt 0.931884 0.037589
vt 0.932102 0.038051
vt 0.931922 0.037798
vt 0.931915 0.037618
vt 0.932103 0.037873
vt 0.931884 0.037589
vt 0.932457 0.038137
vt 0.932303 0.038007
vt 0.932645 0.038168
vt 0.933167 0.044568
vt 0.932911 0.042977
vt 0.933067 0.042942
vt 0.933465 0.044618
vt 0.933067 0.042942
vt 0.933403 0.042991
vt 0.933465 0.044618
vt 0.933403 0.042991
vt 0.933682 0.043551
vt 0.933663 0.046327
vt 0.933465 0.044618
vt 0.933847 0.046292
vt 0.933456 0.04675
vt 0.933167 0.044568
vt 0.933527 0.046395
vt 0.933527 0.046395
vt 0.933465 0.044618
vt 0.933663 0.046327
vt 0.933682 0.043551
vt 0.934381 0.046201
vt 0.934081 0.046274
vt 0.934028 0.042864
vt 0.934796 0.046073
vt 0.934381 0.046201
vt 0.933526 0.110142
vt 0.93567 0.110136
vt 0.935152 0.110134
vt 0.933526 0.110142
vt 0.934465 0.110136
vt 0.93567 0.110136
vt 0.934465 0.110136
vt 0.93505 0.110136
vt 0.936641 0.110132
vt 0.934465 0.110136
vt 0.936641 0.110132
vt 0.93567 0.110136
vt 0.936641 0.110132
vt 0.93505 0.110136
vt 0.936972 0.110138
vt 0.937718 0.110141
vt 0.935284 0.110137
vt 0.935322 0.110133
vt 0.93356 0.110142
vt 0.935164 0.110135
vt 0.935669 0.110136
vt 0.936643 0.110132
vt 0.935056 0.110139
vt 0.934465 0.110136
vt 0.934465 0.110136
vt 0.93356 0.110142
vt 0.935669 0.110136
vt 0.937718 0.110141
vt 0.935056 0.110139
vt 0.937103 0.110143
vt 0.935322 0.110133
vt 0.935056 0.110139
vt 0.937718 0.110141
vt 0.937103 0.110143
vt 0.935056 0.110139
vt 0.936643 0.110132
vt 0.935669 0.110136
vt 0.936643 0.110132
vt 0.934465 0.110136
vt 0.93505 0.110136
vt 0.935284 0.110137
vt 0.936972 0.110138
vt 0.935284 0.110137
vt 0.937718 0.110141
vt 0.936972 0.110138
vt 0.959042 0.110141
vt 0.958376 0.110132
vt 0.957652 0.110134
vt 0.957652 0.110134
vt 0.937718 0.110141
vt 0.959042 0.110141
vt 0.960638 0.11014
vt 0.959635 0.110137
vt 0.959042 0.110141
vt 0.961478 0.11014
vt 0.961231 0.110137
vt 0.960638 0.11014
vt 0.957714 0.110141
vt 0.960972 0.110141
vt 0.937718 0.110141
vt 0.937718 0.110141
vt 0.937103 0.110143
vt 0.937741 0.110132
vt 0.937718 0.110141
vt 0.937741 0.110132
vt 0.957714 0.110141
vt 0.958369 0.110135
vt 0.960972 0.110141
vt 0.957714 0.110141
vt 0.961478 0.11014
vt 0.960972 0.110141
vt 0.961354 0.110138
vt 0.959732 0.11014
vt 0.960972 0.110141
vt 0.958369 0.110135
vt 0.957615 0.110059
vt 0.955976 0.080076
vt 0.957293 0.110027
vt 0.957615 0.110059
vt 0.95797 0.110031
vt 0.957663 0.096796
vt 0.956513 0.081009
vt 0.955976 0.080076
vt 0.957615 0.110059
vt 0.957663 0.096796
vt 0.956513 0.081009
vt 0.957615 0.110059
vt 0.958504 0.110036
vt 0.957477 0.086891
vt 0.957663 0.096796
vt 0.958504 0.110036
vt 0.957663 0.096796
vt 0.95797 0.110031
vt 0.947525 0.10428
vt 0.937518 0.104095
vt 0.937787 0.110037
vt 0.957293 0.110027
vt 0.953291 0.100336
vt 0.952529 0.101931
vt 0.957293 0.110027
vt 0.954036 0.096204
vt 0.953291 0.100336
vt 0.957293 0.110027
vt 0.955976 0.080076
vt 0.954036 0.096204
vt 0.951102 0.103193
vt 0.957293 0.110027
vt 0.952529 0.101931
vt 0.947525 0.10428
vt 0.937787 0.110037
vt 0.957293 0.110027
vt 0.957293 0.110027
vt 0.951102 0.103193
vt 0.947525 0.10428
vt 0.930722 0.036502
vt 0.930317 0.036083
vt 0.930113 0.035058
vt 0.930317 0.036083
vt 0.931087 0.038685
vt 0.929901 0.036032
vt 0.931679 0.038902
vt 0.931507 0.038719
vt 0.931294 0.0377
vt 0.931993 0.040089
vt 0.931507 0.038719
vt 0.931679 0.038902
vt 0.931935 0.04104
vt 0.931348 0.038775
vt 0.931507 0.038719
vt 0.931935 0.04104
vt 0.931611 0.040576
vt 0.931348 0.038775
vt 0.931611 0.040576
vt 0.931185 0.039866
vt 0.931087 0.038685
vt 0.932256 0.041803
vt 0.931935 0.04104
vt 0.931993 0.040089
vt 0.93226 0.044093
vt 0.931611 0.040576
vt 0.931935 0.04104
vt 0.932889 0.04492
vt 0.932622 0.043939
vt 0.932616 0.043123
vt 0.932843 0.047788
vt 0.93226 0.044093
vt 0.932457 0.04397
vt 0.934829 0.083045
vt 0.934413 0.0758
vt 0.934445 0.072689
vt 0.935378 0.110035
vt 0.934584 0.093363
vt 0.934191 0.075895
vt 0.929901 0.036032
vt 0.928287 0.032106
vt 0.930317 0.036083
vt 0.928287 0.032106
vt 0.929901 0.036032
vt 0.927913 0.031865
vt 0.933408 0.050035
vt 0.933524 0.05286
vt 0.933157 0.047529
vt 0.933524 0.05286
vt 0.933408 0.050035
vt 0.933758 0.056335
vt 0.934584 0.093363
vt 0.934941 0.110007
vt 0.932993 0.054888
vt 0.934584 0.093363
vt 0.935378 0.110035
vt 0.93505 0.110043
vt 0.926521 0.024489
vt 0.926605 0.031901
vt 0.927966 0.024489
vt 0.926605 0.031901
vt 0.927927 0.031914
vt 0.927966 0.024489
vt 0.928416 0.035775
vt 0.927927 0.031914
vt 0.926605 0.031901
vt 0.928416 0.035775
vt 0.930945 0.038911
vt 0.927927 0.031914
vt 0.929572 0.039054
vt 0.930945 0.038911
vt 0.928416 0.035775
vt 0.930234 0.041873
vt 0.930804 0.045611
vt 0.930945 0.038911
vt 0.929572 0.039054
vt 0.930234 0.041873
vt 0.930945 0.038911
vt 0.932399 0.046795
vt 0.930804 0.045611
vt 0.931406 0.052772
vt 0.930945 0.038911
vt 0.930804 0.045611
vt 0.931593 0.041432
vt 0.932399 0.046795
vt 0.931406 0.052772
vt 0.932961 0.054362
vt 0.931593 0.041432
vt 0.930804 0.045611
vt 0.932399 0.046795
vt 0.932372 0.076217
vt 0.932961 0.054362
vt 0.931406 0.052772
vt 0.932372 0.076217
vt 0.935039 0.110044
vt 0.932961 0.054362
vt 0.933567 0.110078
vt 0.935039 0.110044
vt 0.932372 0.076217
vt 0.935278 0.11004
vt 0.934048 0.07736
vt 0.935039 0.110044
vt 0.934539 0.076399
vt 0.933629 0.056351
vt 0.934346 0.076571
vt 0.934346 0.076571
vt 0.933282 0.053894
vt 0.934048 0.07736
vt 0.93358 0.052908
vt 0.933385 0.051884
vt 0.933629 0.056351
vt 0.932836 0.047721
vt 0.932262 0.04406
vt 0.932399 0.046795
vt 0.932461 0.043978
vt 0.931895 0.04093
vt 0.932262 0.04406
vt 0.932262 0.04406
vt 0.931593 0.041432
vt 0.932399 0.046795
vt 0.932359 0.041699
vt 0.931991 0.040086
vt 0.932254 0.041798
vt 0.931991 0.040086
vt 0.931635 0.039178
vt 0.931895 0.04093
vt 0.930867 0.037538
vt 0.930043 0.036221
vt 0.930945 0.038911
vt 0.930812 0.036411
vt 0.930225 0.035059
vt 0.930563 0.036086
vt 0.928695 0.032086
vt 0.930563 0.036086
vt 0.930225 0.035059
vt 0.930225 0.035059
vt 0.928798 0.03205
vt 0.928695 0.032086
vt 0.930043 0.036221
vt 0.928131 0.031879
vt 0.927927 0.031914
vt 0.929901 0.036032
vt 0.929577 0.039071
vt 0.928423 0.035792
vt 0.929901 0.036032
vt 0.928423 0.035792
vt 0.927913 0.031865
vt 0.931185 0.039866
vt 0.930236 0.041881
vt 0.929901 0.036032
vt 0.929577 0.039071
vt 0.929901 0.036032
vt 0.930236 0.041881
vt 0.931185 0.039866
vt 0.930807 0.045634
vt 0.930236 0.041881
vt 0.926537 0.031733
vt 0.926457 0.024489
vt 0.927867 0.024489
vt 0.927913 0.031865
vt 0.928423 0.035792
vt 0.926537 0.031733
vt 0.927913 0.031865
vt 0.926537 0.031733
vt 0.927867 0.024489
vt 0.932397 0.076783
vt 0.931411 0.052846
vt 0.932993 0.054888
vt 0.932993 0.054888
vt 0.934941 0.110007
vt 0.932397 0.076783
vt 0.931411 0.052846
vt 0.930807 0.045634
vt 0.932408 0.046868
vt 0.931185 0.039866
vt 0.932408 0.046868
vt 0.930807 0.045634
vt 0.931411 0.052846
vt 0.932408 0.046868
vt 0.932993 0.054888
vt 0.927795 0.034663
vt 0.928423 0.035792
vt 0.928803 0.037031
vt 0.928397 0.036189
vt 0.928803 0.037031
vt 0.928913 0.037529
vt 0.928803 0.037031
vt 0.929577 0.039071
vt 0.929645 0.03972
vt 0.929408 0.039099
vt 0.929645 0.03972
vt 0.929747 0.040398
vt 0.930542 0.044872
vt 0.930709 0.045693
vt 0.93083 0.04748
vt 0.931121 0.051037
vt 0.931311 0.052933
vt 0.931459 0.057214
vt 0.932315 0.07897
vt 0.932285 0.076691
vt 0.933407 0.110023
vt 0.928416 0.035775
vt 0.928795 0.037009
vt 0.929572 0.039054
vt 0.934465 0.110136
vt 0.933526 0.110142
vt 0.93347 0.110115
vt 0.95759 0.110072
vt 0.957714 0.110141
vt 0.937741 0.110132
vt 0.960266 0.110055
vt 0.960638 0.11014
vt 0.960692 0.11002
vt 0.961478 0.11014
vt 0.961538 0.110052
vt 0.96146 0.110058
vt 0.96146 0.110058
vt 0.961354 0.110138
vt 0.96132 0.110058
vt 0.960972 0.110141
vt 0.961023 0.110061
vt 0.96132 0.110058
vt 0.960972 0.110141
vt 0.960454 0.110127
vt 0.961023 0.110061
vt 0.960454 0.110127
vt 0.960262 0.110054
vt 0.960696 0.110023
vt 0.959719 0.110062
vt 0.959055 0.110122
vt 0.959084 0.110018
vt 0.959055 0.110122
vt 0.959732 0.11014
vt 0.958369 0.110135
vt 0.935518 0.110124
vt 0.935669 0.110136
vt 0.935164 0.110135
vt 0.936679 0.110041
vt 0.936233 0.110046
vt 0.936641 0.110132
vt 0.93567 0.110136
vt 0.936233 0.110046
vt 0.935735 0.110041
vt 0.936233 0.110046
vt 0.93567 0.110136
vt 0.936641 0.110132
vt 0.935152 0.110134
vt 0.933567 0.110078
vt 0.933526 0.110142
vt 0.93567 0.110136
vt 0.935735 0.110041
vt 0.935518 0.110124
vt 0.934465 0.110136
vt 0.93488 0.110066
vt 0.934621 0.110034
vt 0.935056 0.110139
vt 0.935077 0.110063
vt 0.93488 0.110066
vt 0.935056 0.110139
vt 0.935322 0.110133
vt 0.935077 0.110063
vt 0.935224 0.110042
vt 0.935322 0.110133
vt 0.935251 0.110025
vt 0.933558 0.11007
vt 0.93505 0.110043
vt 0.935164 0.110135
vt 0.93505 0.110043
vt 0.933558 0.11007
vt 0.934941 0.110007
vt 0.93356 0.110142
vt 0.933558 0.11007
vt 0.935164 0.110135
vt 0.93356 0.110142
vt 0.933457 0.110058
vt 0.933558 0.11007
vt 0.93356 0.110142
vt 0.933481 0.110125
vt 0.933457 0.110058
vt 0.933457 0.110058
vt 0.933411 0.110031
vt 0.93347 0.110115
vt 0.935765 0.110049
vt 0.936224 0.110014
vt 0.936662 0.110039
vt 0.937339 0.110044
vt 0.936972 0.110065
vt 0.93736 0.110121
vt 0.936972 0.110065
vt 0.936641 0.110132
vt 0.936972 0.110138
vt 0.937718 0.110141
vt 0.93736 0.110121
vt 0.936972 0.110138
vt 0.937474 0.110042
vt 0.937359 0.110121
vt 0.937142 0.11004
vt 0.937142 0.11004
vt 0.936964 0.110122
vt 0.936844 0.11004
vt 0.936844 0.11004
vt 0.936643 0.110132
vt 0.936662 0.110039
vt 0.936643 0.110132
vt 0.936964 0.110122
vt 0.937103 0.110143
vt 0.946015 0.102016
vt 0.937897 0.101816
vt 0.946036 0.1016
vt 0.938175 0.100651
vt 0.946532 0.10065
vt 0.946306 0.100755
vt 0.938311 0.10078
vt 0.946306 0.100755
vt 0.946158 0.100952
vt 0.946291 0.101185
vt 0.938108 0.101007
vt 0.946158 0.100952
vt 0.946532 0.10065
vt 0.938175 0.100651
vt 0.946744 0.100626
vt 0.946306 0.100755
vt 0.938311 0.10078
vt 0.938175 0.100651
vt 0.946158 0.100952
vt 0.938108 0.101007
vt 0.938311 0.10078
vt 0.938016 0.101318
vt 0.938108 0.101007
vt 0.946291 0.101185
vt 0.937676 0.102839
vt 0.946127 0.102374
vt 0.946562 0.102773
vt 0.937607 0.103182
vt 0.946562 0.102773
vt 0.946497 0.103291
vt 0.937676 0.102839
vt 0.946562 0.102773
vt 0.937607 0.103182
vt 0.938175 0.100651
vt 0.938193 0.100624
vt 0.946744 0.100626
vt 0.937897 0.101816
vt 0.946015 0.102016
vt 0.937739 0.102383
vt 0.946127 0.102374
vt 0.937676 0.102839
vt 0.937739 0.102383
vt 0.932397 0.076783
vt 0.934941 0.110007
vt 0.933558 0.11007
vt 0.934584 0.093363
vt 0.934941 0.110007
vt 0.934941 0.110007
vt 0.934584 0.093363
vt 0.934941 0.110007
vt 0.934941 0.110007
vt 0.934584 0.093363
vt 0.93505 0.110043
vt 0.934941 0.110007
vt 0.93505 0.110043
vt 0.934941 0.110007
vt 0.934941 0.110007
vt 0.933558 0.11007
vt 0.934941 0.110007
vt 0.934941 0.110007
vt 0.932397 0.076783
vt 0.934941 0.110007
vt 0.934941 0.110007
vt 0.932397 0.076783
vt 0.934941 0.110007
vt 0.934941 0.110007
vt 0.947039 0.104111
vt 0.937961 0.104034
vt 0.938275 0.103681
vt 0.946731 0.103707
vt 0.938275 0.103681
vt 0.946497 0.103291
vt 0.937607 0.103182
vt 0.946497 0.103291
vt 0.937953 0.103396
vt 0.926905 0.024489
vt 0.926826 0.024489
vt 0.929154 0.024489
vt 0.926689 0.024489
vt 0.929105 0.024489
vt 0.92883 0.024489
vt 0.951825 0.065201
vt 0.953191 0.058932
vt 0.954498 0.064746
vt 0.944579 0.050813
vt 0.944651 0.047743
vt 0.949646 0.05223
vt 0.944579 0.050813
vt 0.940318 0.048426
vt 0.944651 0.047743
vt 0.959127 0.0927
vt 0.958558 0.082771
vt 0.959265 0.086763
vt 0.959845 0.092733
vt 0.959265 0.086763
vt 0.959385 0.082235
vt 0.960213 0.09275
vt 0.959385 0.082235
vt 0.959726 0.082211
vt 0.960482 0.092762
vt 0.959726 0.082211
vt 0.959968 0.082191
vt 0.96065 0.092774
vt 0.959968 0.082191
vt 0.960446 0.087342
vt 0.960372 0.086298
vt 0.959859 0.0822
vt 0.960578 0.092769
vt 0.959859 0.0822
vt 0.959567 0.082222
vt 0.96036 0.092754
vt 0.959567 0.082222
vt 0.959179 0.082249
vt 0.960041 0.092743
vt 0.959179 0.082249
vt 0.958913 0.086867
vt 0.959627 0.092719
vt 0.958337 0.087005
vt 0.957717 0.078241
vt 0.958558 0.082771
vt 0.959265 0.086763
vt 0.95841 0.078387
vt 0.959385 0.082235
vt 0.960446 0.087342
vt 0.959885 0.079309
vt 0.959968 0.079492
vt 0.959968 0.079492
vt 0.959932 0.079308
vt 0.960372 0.086298
vt 0.959932 0.079308
vt 0.959743 0.078487
vt 0.960372 0.086298
vt 0.959179 0.082249
vt 0.958287 0.078222
vt 0.958913 0.086867
vt 0.959385 0.082235
vt 0.958661 0.076751
vt 0.959073 0.076736
vt 0.959726 0.082211
vt 0.959073 0.076736
vt 0.959132 0.075213
vt 0.959968 0.082191
vt 0.959512 0.07672
vt 0.959885 0.079309
vt 0.959743 0.078487
vt 0.959391 0.076725
vt 0.959859 0.0822
vt 0.959885 0.079309
vt 0.959414 0.074108
vt 0.959495 0.074101
vt 0.959968 0.079492
vt 0.959495 0.074101
vt 0.959537 0.074307
vt 0.959537 0.074307
vt 0.959448 0.074101
vt 0.959932 0.079308
vt 0.957717 0.078241
vt 0.956517 0.068839
vt 0.957132 0.068869
vt 0.95841 0.078387
vt 0.957132 0.068869
vt 0.957689 0.068353
vt 0.958661 0.076751
vt 0.957689 0.068353
vt 0.958141 0.068343
vt 0.959073 0.076736
vt 0.958141 0.068343
vt 0.959132 0.075213
vt 0.959512 0.07672
vt 0.958719 0.068779
vt 0.959414 0.074108
vt 0.959448 0.074101
vt 0.958763 0.068823
vt 0.959743 0.078487
vt 0.958763 0.068823
vt 0.958494 0.06883
vt 0.959391 0.076725
vt 0.958494 0.06883
vt 0.958126 0.06884
vt 0.959073 0.076736
vt 0.958126 0.06884
vt 0.957668 0.068853
vt 0.958661 0.076751
vt 0.957668 0.068853
vt 0.957132 0.068869
vt 0.958287 0.078222
vt 0.957132 0.068869
vt 0.956517 0.06884
vt 0.957717 0.078241
vt 0.959132 0.075213
vt 0.958141 0.068343
vt 0.958719 0.068779
vt 0.957689 0.068353
vt 0.957207 0.064842
vt 0.957663 0.064801
vt 0.958141 0.068343
vt 0.957663 0.064801
vt 0.958108 0.064758
vt 0.958954 0.068267
vt 0.958509 0.064725
vt 0.958545 0.064823
vt 0.958108 0.064758
vt 0.957594 0.062073
vt 0.95786 0.062036
vt 0.958391 0.064735
vt 0.95786 0.062036
vt 0.958026 0.062013
vt 0.958509 0.064725
vt 0.958026 0.062013
vt 0.958112 0.062092
vt 0.958112 0.062092
vt 0.958073 0.062007
vt 0.958545 0.064823
vt 0.958073 0.062007
vt 0.957955 0.062023
vt 0.958462 0.064729
vt 0.957955 0.062023
vt 0.957739 0.062053
vt 0.958295 0.064744
vt 0.957739 0.062053
vt 0.957424 0.062097
vt 0.958028 0.064767
vt 0.957424 0.062097
vt 0.957014 0.062156
vt 0.957663 0.0648
vt 0.957014 0.062156
vt 0.956398 0.061341
vt 0.957207 0.064842
vt 0.955648 0.06234
vt 0.954922 0.06099
vt 0.955563 0.060508
vt 0.956246 0.062265
vt 0.955563 0.060508
vt 0.955682 0.059621
vt 0.956398 0.061341
vt 0.955563 0.060508
vt 0.956246 0.062265
vt 0.955563 0.060508
vt 0.954928 0.061004
vt 0.955648 0.062342
vt 0.955563 0.060508
vt 0.954711 0.058595
vt 0.955682 0.059621
vt 0.95633 0.059636
vt 0.955313 0.058499
vt 0.956398 0.061341
vt 0.955313 0.058499
vt 0.954711 0.058597
vt 0.955563 0.060508
vt 0.956553 0.059584
vt 0.955332 0.057288
vt 0.955788 0.05714
vt 0.956934 0.059496
vt 0.955788 0.05714
vt 0.956425 0.057545
vt 0.95722 0.059429
vt 0.956425 0.057545
vt 0.956683 0.05747
vt 0.957407 0.059385
vt 0.956683 0.05747
vt 0.956845 0.057424
vt 0.957511 0.059396
vt 0.956845 0.057424
vt 0.956954 0.057496
vt 0.956954 0.057496
vt 0.956776 0.057444
vt 0.957465 0.059371
vt 0.956776 0.057444
vt 0.956566 0.057504
vt 0.957326 0.059404
vt 0.956566 0.057504
vt 0.956261 0.057592
vt 0.957089 0.05946
vt 0.956261 0.057592
vt 0.955754 0.057735
vt 0.956755 0.059537
vt 0.954711 0.058595
vt 0.953574 0.05666
vt 0.954805 0.05746
vt 0.956425 0.057545
vt 0.955621 0.055802
vt 0.955863 0.055616
vt 0.956683 0.05747
vt 0.955863 0.055616
vt 0.956067 0.05554
vt 0.956845 0.057424
vt 0.956067 0.05554
vt 0.956178 0.0555
vt 0.956954 0.057496
vt 0.956178 0.0555
vt 0.956224 0.055551
vt 0.956224 0.055551
vt 0.956134 0.055516
vt 0.956954 0.057496
vt 0.956134 0.055516
vt 0.955977 0.055574
vt 0.956776 0.057444
vt 0.955977 0.055574
vt 0.955725 0.055667
vt 0.956566 0.057504
vt 0.955725 0.055667
vt 0.955381 0.055794
vt 0.956261 0.057592
vt 0.955381 0.055794
vt 0.954952 0.055954
vt 0.955754 0.057735
vt 0.95458 0.056093
vt 0.954245 0.056308
vt 0.955313 0.058499
vt 0.954245 0.056308
vt 0.953578 0.056668
vt 0.954711 0.058597
vt 0.954805 0.05746
vt 0.953606 0.055672
vt 0.954271 0.055743
vt 0.955332 0.057288
vt 0.954271 0.055743
vt 0.95477 0.055548
vt 0.955788 0.05714
vt 0.95477 0.055548
vt 0.955196 0.055381
vt 0.954271 0.055743
vt 0.953425 0.05466
vt 0.953944 0.054422
vt 0.95477 0.055548
vt 0.953944 0.054422
vt 0.954397 0.054214
vt 0.955196 0.055381
vt 0.954397 0.054214
vt 0.954856 0.054001
vt 0.955863 0.055616
vt 0.954856 0.054001
vt 0.955172 0.053859
vt 0.956067 0.05554
vt 0.955172 0.053859
vt 0.955325 0.053789
vt 0.956178 0.0555
vt 0.955325 0.053789
vt 0.955418 0.053818
vt 0.955418 0.053818
vt 0.955368 0.05377
vt 0.956224 0.055551
vt 0.955368 0.05377
vt 0.95526 0.053819
vt 0.956134 0.055516
vt 0.95526 0.053819
vt 0.955001 0.053935
vt 0.955977 0.055574
vt 0.953606 0.055672
vt 0.9525 0.054431
vt 0.953425 0.05466
vt 0.953425 0.05466
vt 0.952373 0.053368
vt 0.953042 0.053363
vt 0.953944 0.054422
vt 0.953042 0.053363
vt 0.953515 0.053111
vt 0.954397 0.054214
vt 0.953515 0.053111
vt 0.953919 0.052896
vt 0.954856 0.054001
vt 0.953919 0.052896
vt 0.954243 0.052724
vt 0.954372 0.052655
vt 0.954092 0.052804
vt 0.955001 0.053935
vt 0.954092 0.052804
vt 0.953727 0.052998
vt 0.954595 0.054123
vt 0.953727 0.052998
vt 0.953287 0.053233
vt 0.954179 0.054314
vt 0.953287 0.053233
vt 0.952443 0.05293
vt 0.953692 0.054537
vt 0.952443 0.05293
vt 0.951832 0.053205
vt 0.953022 0.054501
vt 0.953042 0.053363
vt 0.952074 0.052383
vt 0.952561 0.052086
vt 0.953515 0.053111
vt 0.952561 0.052086
vt 0.952986 0.051825
vt 0.953919 0.052896
vt 0.952986 0.051825
vt 0.953339 0.05161
vt 0.954243 0.052724
vt 0.953339 0.05161
vt 0.953248 0.051126
vt 0.952373 0.053368
vt 0.951293 0.052445
vt 0.952074 0.052383
vt 0.952561 0.052086
vt 0.95145 0.050794
vt 0.951772 0.050561
vt 0.952986 0.051825
vt 0.951772 0.050561
vt 0.952144 0.050294
vt 0.953339 0.05161
vt 0.952144 0.050294
vt 0.953248 0.051126
vt 0.951293 0.052445
vt 0.950115 0.050942
vt 0.951099 0.051045
vt 0.953248 0.051126
vt 0.952216 0.049804
vt 0.95266 0.049924
vt 0.951099 0.051045
vt 0.949677 0.050432
vt 0.950866 0.051856
vt 0.951772 0.050561
vt 0.950457 0.049422
vt 0.950839 0.049101
vt 0.952144 0.050294
vt 0.950839 0.049101
vt 0.951156 0.048836
vt 0.952216 0.049804
vt 0.951156 0.048836
vt 0.9514 0.048632
vt 0.95266 0.049924
vt 0.9514 0.048632
vt 0.951567 0.048493
vt 0.952797 0.049826
vt 0.951567 0.048493
vt 0.951658 0.048417
vt 0.952892 0.049835
vt 0.951658 0.048417
vt 0.95172 0.04845
vt 0.95172 0.04845
vt 0.951622 0.048447
vt 0.952835 0.049799
vt 0.951622 0.048447
vt 0.951493 0.048554
vt 0.952738 0.049867
vt 0.951493 0.048554
vt 0.951225 0.048775
vt 0.952561 0.049994
vt 0.950115 0.050942
vt 0.948809 0.049484
vt 0.949579 0.04931
vt 0.950305 0.047711
vt 0.949755 0.047452
vt 0.951225 0.048775
vt 0.949579 0.04931
vt 0.947568 0.047863
vt 0.947982 0.047439
vt 0.949515 0.048452
vt 0.947982 0.047439
vt 0.949473 0.047849
vt 0.950412 0.047611
vt 0.948868 0.046508
vt 0.949064 0.046289
vt 0.950571 0.047462
vt 0.949064 0.046289
vt 0.949192 0.046145
vt 0.950658 0.047381
vt 0.949192 0.046145
vt 0.94992 0.046659
vt 0.94992 0.046659
vt 0.949231 0.046101
vt 0.950721 0.047412
vt 0.949231 0.046101
vt 0.949136 0.046208
vt 0.950623 0.047413
vt 0.949136 0.046208
vt 0.948974 0.046389
vt 0.950501 0.047528
vt 0.948974 0.046389
vt 0.949755 0.047452
vt 0.950305 0.047711
vt 0.949782 0.047547
vt 0.947998 0.046599
vt 0.948868 0.046508
vt 0.948974 0.046389
vt 0.94822 0.046353
vt 0.949755 0.047452
vt 0.94822 0.046353
vt 0.947917 0.046695
vt 0.949552 0.047793
vt 0.947917 0.046695
vt 0.947067 0.046699
vt 0.949195 0.048141
vt 0.947067 0.046699
vt 0.946651 0.047147
vt 0.948786 0.048538
vt 0.947998 0.046599
vt 0.946845 0.045873
vt 0.947131 0.045516
vt 0.948868 0.046508
vt 0.947131 0.045516
vt 0.94736 0.04523
vt 0.949064 0.046289
vt 0.94736 0.04523
vt 0.947528 0.045021
vt 0.949192 0.046145
vt 0.947528 0.045021
vt 0.947633 0.04489
vt 0.94888 0.045751
vt 0.947633 0.04489
vt 0.947766 0.044887
vt 0.947766 0.044887
vt 0.947588 0.044945
vt 0.949231 0.046101
vt 0.947588 0.044945
vt 0.947452 0.045116
vt 0.949136 0.046208
vt 0.947452 0.045116
vt 0.947253 0.045364
vt 0.948974 0.046389
vt 0.947253 0.045364
vt 0.946921 0.045773
vt 0.94822 0.046353
vt 0.946045 0.043711
vt 0.945963 0.043686
vt 0.947766 0.044887
vt 0.945349 0.044559
vt 0.945139 0.044862
vt 0.946921 0.045773
vt 0.943473 0.042491
vt 0.941138 0.041563
vt 0.941269 0.04131
vt 0.943559 0.042347
vt 0.941269 0.04131
vt 0.941323 0.041205
vt 0.943669 0.042327
vt 0.941323 0.041205
vt 0.941406 0.041218
vt 0.941406 0.041218
vt 0.941302 0.041247
vt 0.943583 0.042307
vt 0.941302 0.041247
vt 0.941225 0.041396
vt 0.943523 0.042409
vt 0.941225 0.041396
vt 0.941104 0.041635
vt 0.943411 0.042596
vt 0.941104 0.041635
vt 0.940937 0.041961
vt 0.943249 0.04287
vt 0.940937 0.041961
vt 0.94073 0.042369
vt 0.943039 0.043226
vt 0.941138 0.041563
vt 0.938485 0.040569
vt 0.939273 0.040701
vt 0.938413 0.040728
vt 0.938971 0.041366
vt 0.940937 0.041961
vt 0.938971 0.041366
vt 0.938765 0.04182
vt 0.94073 0.042369
vt 0.938765 0.04182
vt 0.938529 0.04234
vt 0.940487 0.042847
vt 0.938529 0.04234
vt 0.937496 0.04267
vt 0.940168 0.043355
vt 0.939061 0.041168
vt 0.93662 0.040268
vt 0.938485 0.040569
vt 0.939273 0.040701
vt 0.938485 0.040569
vt 0.936856 0.039678
vt 0.939364 0.040502
vt 0.936856 0.039678
vt 0.936919 0.039522
vt 0.939414 0.040395
vt 0.936919 0.039522
vt 0.937057 0.039494
vt 0.937057 0.039494
vt 0.936937 0.039478
vt 0.939506 0.040407
vt 0.938692 0.040388
vt 0.938413 0.040728
vt 0.939213 0.040834
vt 0.938413 0.040728
vt 0.936539 0.040471
vt 0.938971 0.041366
vt 0.938485 0.040569
vt 0.935946 0.039663
vt 0.936856 0.039678
vt 0.936937 0.039478
vt 0.935308 0.039078
vt 0.938768 0.040215
vt 0.936451 0.040693
vt 0.933145 0.040068
vt 0.932962 0.039436
vt 0.93662 0.040268
vt 0.932962 0.039436
vt 0.932788 0.038974
vt 0.935946 0.039663
vt 0.932788 0.038974
vt 0.932691 0.038566
vt 0.936856 0.039678
vt 0.932691 0.038566
vt 0.934237 0.038678
vt 0.937057 0.039494
vt 0.934237 0.038678
vt 0.93428 0.038626
vt 0.935248 0.039292
vt 0.932788 0.039005
vt 0.935885 0.039823
vt 0.933081 0.039797
vt 0.933038 0.040161
vt 0.936356 0.040934
vt 0.959127 0.0927
vt 0.960262 0.110054
vt 0.959719 0.110062
vt 0.96065 0.092774
vt 0.961553 0.110048
vt 0.96146 0.110058
vt 0.960266 0.110055
vt 0.958913 0.086867
vt 0.959737 0.110056
vt 0.96132 0.110058
vt 0.96146 0.110058
vt 0.960578 0.092769
vt 0.960578 0.092769
vt 0.96036 0.092754
vt 0.96132 0.110058
vt 0.959627 0.092719
vt 0.958913 0.086867
vt 0.960266 0.110055
vt 0.958913 0.086867
vt 0.958337 0.087005
vt 0.959737 0.110056
vt 0.952622 0.055186
vt 0.953606 0.055672
vt 0.953022 0.054501
vt 0.93588 0.041515
vt 0.936356 0.040934
vt 0.933038 0.040161
vt 0.946124 0.101563
vt 0.946645 0.101562
vt 0.946298 0.101216
vt 0.946318 0.102603
vt 0.94755 0.102375
vt 0.946702 0.102036
vt 0.946171 0.100945
vt 0.946994 0.100873
vt 0.946378 0.100805
vt 0.946465 0.103169
vt 0.948431 0.102973
vt 0.94715 0.102756
vt 0.946702 0.102036
vt 0.948018 0.101959
vt 0.948155 0.10151
vt 0.946702 0.102036
vt 0.948155 0.10151
vt 0.946645 0.101562
vt 0.946397 0.10069
vt 0.947769 0.100668
vt 0.947531 0.100605
vt 0.94715 0.102756
vt 0.948689 0.102529
vt 0.94755 0.102375
vt 0.946645 0.101562
vt 0.948155 0.10151
vt 0.948079 0.101106
vt 0.94755 0.102375
vt 0.949003 0.101893
vt 0.948018 0.101959
vt 0.948431 0.102973
vt 0.950229 0.102499
vt 0.948689 0.102529
vt 0.947769 0.100668
vt 0.948746 0.100415
vt 0.948228 0.100448
vt 0.948228 0.100448
vt 0.948776 0.100287
vt 0.948774 0.100238
vt 0.948905 0.100867
vt 0.949591 0.100772
vt 0.94932 0.1005
vt 0.948711 0.100622
vt 0.94932 0.1005
vt 0.949217 0.100282
vt 0.948711 0.100622
vt 0.949217 0.100282
vt 0.948746 0.100415
vt 0.949687 0.101312
vt 0.950383 0.101043
vt 0.95023 0.100779
vt 0.949687 0.101312
vt 0.95023 0.100779
vt 0.949591 0.100772
vt 0.948746 0.100415
vt 0.949217 0.100282
vt 0.949291 0.10005
vt 0.948776 0.100287
vt 0.949291 0.10005
vt 0.949186 0.100025
vt 0.949217 0.100282
vt 0.949609 0.099994
vt 0.949291 0.10005
vt 0.951261 0.101802
vt 0.951929 0.100944
vt 0.951203 0.101275
vt 0.950383 0.101043
vt 0.950816 0.100594
vt 0.95023 0.100779
vt 0.95023 0.100779
vt 0.950784 0.100089
vt 0.950084 0.100412
vt 0.949291 0.10005
vt 0.949575 0.099793
vt 0.949539 0.09971
vt 0.950816 0.100594
vt 0.951146 0.100026
vt 0.950784 0.100089
vt 0.949931 0.099568
vt 0.949871 0.099392
vt 0.949575 0.099793
vt 0.949871 0.099392
vt 0.949835 0.099303
vt 0.949539 0.09971
vt 0.950784 0.100089
vt 0.950685 0.099495
vt 0.950437 0.099982
vt 0.951487 0.100082
vt 0.951445 0.099199
vt 0.951146 0.100026
vt 0.950345 0.099376
vt 0.95022 0.099034
vt 0.949931 0.099568
vt 0.95022 0.099034
vt 0.950136 0.098788
vt 0.949871 0.099392
vt 0.95117 0.099142
vt 0.950974 0.098893
vt 0.950685 0.099495
vt 0.950974 0.098893
vt 0.950837 0.098615
vt 0.950685 0.099495
vt 0.95022 0.099034
vt 0.950341 0.098503
vt 0.950136 0.098788
vt 0.950529 0.098814
vt 0.950341 0.098503
vt 0.95022 0.099034
vt 0.951766 0.099207
vt 0.951986 0.097662
vt 0.951445 0.099199
vt 0.950974 0.098893
vt 0.951171 0.097707
vt 0.950837 0.098615
vt 0.950529 0.098814
vt 0.950687 0.098058
vt 0.950341 0.098503
vt 0.952503 0.099445
vt 0.952742 0.097398
vt 0.952188 0.098881
vt 0.950341 0.098503
vt 0.950535 0.097623
vt 0.950322 0.09809
vt 0.952188 0.098881
vt 0.95237 0.097119
vt 0.951986 0.097662
vt 0.950687 0.098058
vt 0.950812 0.097098
vt 0.950535 0.097623
vt 0.950535 0.097623
vt 0.950409 0.097348
vt 0.950322 0.09809
vt 0.950409 0.097348
vt 0.950361 0.097178
vt 0.950293 0.09788
vt 0.950812 0.097098
vt 0.950638 0.096414
vt 0.950535 0.097623
vt 0.951171 0.097707
vt 0.951315 0.095659
vt 0.951037 0.09707
vt 0.950638 0.096414
vt 0.950505 0.095984
vt 0.950409 0.097348
vt 0.950505 0.095984
vt 0.950407 0.096491
vt 0.950409 0.097348
vt 0.951408 0.097642
vt 0.951529 0.095697
vt 0.951315 0.095659
vt 0.951683 0.097573
vt 0.951788 0.095547
vt 0.951529 0.095697
vt 0.95237 0.097119
vt 0.952402 0.095227
vt 0.952075 0.095648
vt 0.95104 0.095668
vt 0.950894 0.095076
vt 0.950812 0.097098
vt 0.950433 0.095148
vt 0.950393 0.09549
vt 0.950407 0.096491
vt 0.950894 0.095076
vt 0.950665 0.095136
vt 0.950638 0.096414
vt 0.951315 0.095659
vt 0.951203 0.092551
vt 0.95104 0.095668
vt 0.952402 0.095227
vt 0.952087 0.092554
vt 0.952075 0.095648
vt 0.951788 0.095547
vt 0.951656 0.092485
vt 0.951529 0.095697
vt 0.952087 0.092554
vt 0.951656 0.092485
vt 0.951788 0.095547
vt 0.951656 0.092485
vt 0.951203 0.092551
vt 0.951315 0.095659
vt 0.950433 0.095148
vt 0.950141 0.090023
vt 0.950393 0.09549
vt 0.951203 0.092551
vt 0.950858 0.092652
vt 0.950894 0.095076
vt 0.946744 0.100626
vt 0.947531 0.100605
vt 0.947709 0.100549
vt 0.949804 0.099329
vt 0.949539 0.09971
vt 0.949835 0.099303
vt 0.95022 0.098225
vt 0.950073 0.098762
vt 0.950293 0.09788
vt 0.951284 0.05471
vt 0.946782 0.049224
vt 0.946965 0.053063
vt 0.941029 0.048504
vt 0.946782 0.049224
vt 0.9378 0.044097
vt 0.93796 0.043632
vt 0.939934 0.043938
vt 0.936796 0.042835
vt 0.946782 0.049224
vt 0.947708 0.049459
vt 0.945143 0.047428
vt 0.949931 0.051859
vt 0.951733 0.054536
vt 0.951137 0.052957
vt 0.951733 0.054536
vt 0.952622 0.055186
vt 0.951137 0.052957
vt 0.9542 0.060941
vt 0.955134 0.063808
vt 0.954285 0.059562
vt 0.954411 0.06438
vt 0.955053 0.065676
vt 0.9542 0.060941
vt 0.951832 0.053205
vt 0.951137 0.052957
vt 0.952622 0.055186
vt 0.951832 0.053205
vt 0.950866 0.051856
vt 0.951137 0.052957
vt 0.953578 0.056668
vt 0.952622 0.055186
vt 0.95358 0.057684
vt 0.955506 0.064368
vt 0.954928 0.061004
vt 0.955134 0.063808
vt 0.950617 0.08759
vt 0.95022 0.081054
vt 0.950675 0.08219
vt 0.949981 0.087143
vt 0.949637 0.081069
vt 0.949822 0.082207
vt 0.949981 0.087143
vt 0.949617 0.081051
vt 0.949637 0.081069
vt 0.949981 0.087143
vt 0.950141 0.090023
vt 0.949617 0.081051
vt 0.950141 0.090023
vt 0.949869 0.081945
vt 0.949677 0.081069
vt 0.951603 0.082178
vt 0.95241 0.085943
vt 0.95194 0.07845
vt 0.951603 0.082175
vt 0.951128 0.076109
vt 0.951874 0.078177
vt 0.951181 0.082304
vt 0.951603 0.082178
vt 0.95088 0.076125
vt 0.951603 0.082178
vt 0.95194 0.07845
vt 0.951399 0.076077
vt 0.949289 0.076183
vt 0.949435 0.076178
vt 0.948574 0.068388
vt 0.949675 0.076169
vt 0.950005 0.076157
vt 0.949056 0.06835
vt 0.950359 0.068267
vt 0.949768 0.065467
vt 0.950266 0.065389
vt 0.949874 0.068301
vt 0.949303 0.065512
vt 0.949768 0.065467
vt 0.949434 0.068331
vt 0.948803 0.065558
vt 0.949303 0.065512
vt 0.948659 0.06838
vt 0.948242 0.065615
vt 0.948435 0.065596
vt 0.948475 0.068598
vt 0.948119 0.065612
vt 0.94814 0.065625
vt 0.950266 0.065389
vt 0.949617 0.063117
vt 0.950111 0.062822
vt 0.949768 0.065467
vt 0.949136 0.06319
vt 0.949617 0.063117
vt 0.949303 0.065512
vt 0.9487 0.063258
vt 0.949136 0.06319
vt 0.948803 0.065558
vt 0.948333 0.063314
vt 0.9487 0.063258
vt 0.946789 0.060106
vt 0.946414 0.059198
vt 0.946703 0.059516
vt 0.946644 0.059538
vt 0.946784 0.05949
vt 0.946073 0.058226
vt 0.947011 0.05941
vt 0.947322 0.059301
vt 0.946511 0.058022
vt 0.94615 0.058187
vt 0.945511 0.057243
vt 0.94568 0.057147
vt 0.945991 0.058329
vt 0.945405 0.057303
vt 0.945422 0.057293
vt 0.947472 0.05758
vt 0.947933 0.057357
vt 0.946954 0.056432
vt 0.947062 0.056369
vt 0.946141 0.055126
vt 0.946607 0.05529
vt 0.946607 0.05529
vt 0.946141 0.055126
vt 0.945899 0.054116
vt 0.946141 0.055126
vt 0.944837 0.053589
vt 0.945899 0.054116
vt 0.944683 0.05618
vt 0.944805 0.056097
vt 0.943828 0.055124
vt 0.945003 0.05596
vt 0.945275 0.055772
vt 0.944195 0.054811
vt 0.946301 0.055063
vt 0.946719 0.05493
vt 0.945042 0.053436
vt 0.944483 0.054563
vt 0.943394 0.053508
vt 0.944474 0.053915
vt 0.943892 0.055066
vt 0.942797 0.054116
vt 0.942933 0.053978
vt 0.943094 0.054569
vt 0.942362 0.053927
vt 0.942797 0.054116
vt 0.943874 0.053028
vt 0.945042 0.053436
vt 0.943389 0.051959
vt 0.943394 0.053508
vt 0.941754 0.052223
vt 0.942887 0.052516
vt 0.942362 0.053927
vt 0.941131 0.052974
vt 0.941165 0.052974
vt 0.942178 0.051694
vt 0.943389 0.051959
vt 0.941566 0.05067
vt 0.941754 0.052223
vt 0.939953 0.051083
vt 0.941126 0.051276
vt 0.940327 0.050516
vt 0.941566 0.05067
vt 0.939246 0.049347
vt 0.939953 0.051083
vt 0.938037 0.050084
vt 0.939232 0.050188
vt 0.939481 0.049769
vt 0.937262 0.049118
vt 0.937558 0.048563
vt 0.938037 0.050084
vt 0.935801 0.048849
vt 0.937262 0.049118
vt 0.938037 0.050084
vt 0.935984 0.049416
vt 0.935801 0.048849
vt 0.93786 0.050411
vt 0.936116 0.049795
vt 0.935984 0.049416
vt 0.937947 0.050259
vt 0.938142 0.0499
vt 0.935924 0.049314
vt 0.938142 0.0499
vt 0.938365 0.04949
vt 0.935731 0.048711
vt 0.938365 0.04949
vt 0.939246 0.049347
vt 0.9365 0.048392
vt 0.9365 0.048392
vt 0.937236 0.048122
vt 0.935444 0.047659
vt 0.951603 0.082175
vt 0.952411 0.092664
vt 0.952095 0.09256
vt 0.950675 0.08219
vt 0.951414 0.092495
vt 0.95102 0.09264
vt 0.951116 0.082182
vt 0.951806 0.092529
vt 0.951414 0.092495
vt 0.950675 0.08219
vt 0.95102 0.09264
vt 0.950617 0.08759
vt 0.949981 0.087143
vt 0.950386 0.094647
vt 0.950393 0.09549
vt 0.952087 0.092554
vt 0.952383 0.092531
vt 0.951603 0.082178
vt 0.935493 0.048158
vt 0.935731 0.048711
vt 0.9365 0.048392
vt 0.946127 0.102374
vt 0.946015 0.102016
vt 0.946631 0.101767
vt 0.946015 0.102016
vt 0.946036 0.1016
vt 0.946631 0.101767
vt 0.946036 0.1016
vt 0.946291 0.101185
vt 0.946533 0.101357
vt 0.946562 0.102773
vt 0.946127 0.102374
vt 0.947467 0.102342
vt 0.946291 0.101185
vt 0.946158 0.100952
vt 0.94676 0.100896
vt 0.948431 0.103076
vt 0.946562 0.102773
vt 0.948375 0.10254
vt 0.947273 0.102074
vt 0.946631 0.101767
vt 0.948372 0.101595
vt 0.94676 0.100896
vt 0.946306 0.100755
vt 0.947161 0.100698
vt 0.946631 0.101767
vt 0.946533 0.101357
vt 0.948031 0.101212
vt 0.947161 0.100698
vt 0.946532 0.10065
vt 0.947545 0.100586
vt 0.948372 0.101595
vt 0.946631 0.101767
vt 0.948617 0.101295
vt 0.946533 0.101357
vt 0.946291 0.101185
vt 0.947922 0.100978
vt 0.948031 0.101212
vt 0.946533 0.101357
vt 0.947922 0.100978
vt 0.947665 0.100782
vt 0.947161 0.100698
vt 0.94792 0.100593
vt 0.948375 0.10254
vt 0.947467 0.102342
vt 0.949464 0.101943
vt 0.94792 0.100593
vt 0.947545 0.100586
vt 0.948223 0.100458
vt 0.948617 0.101295
vt 0.948031 0.101212
vt 0.948884 0.100882
vt 0.948031 0.101212
vt 0.947922 0.100978
vt 0.948884 0.100882
vt 0.94844 0.100605
vt 0.94792 0.100593
vt 0.948434 0.100458
vt 0.949265 0.101659
vt 0.948372 0.101595
vt 0.949452 0.101265
vt 0.94844 0.100605
vt 0.948434 0.100458
vt 0.948898 0.100278
vt 0.948434 0.100458
vt 0.948223 0.100458
vt 0.948774 0.100238
vt 0.949452 0.101265
vt 0.948617 0.101295
vt 0.949719 0.100965
vt 0.948884 0.100882
vt 0.948544 0.100745
vt 0.949169 0.100499
vt 0.950571 0.101827
vt 0.949464 0.101943
vt 0.950391 0.101479
vt 0.949719 0.100965
vt 0.948884 0.100882
vt 0.949591 0.100545
vt 0.948898 0.100278
vt 0.948774 0.100238
vt 0.949066 0.100089
vt 0.950335 0.101099
vt 0.949452 0.101265
vt 0.949719 0.100965
vt 0.949591 0.100545
vt 0.949169 0.100499
vt 0.949562 0.100182
vt 0.949117 0.100335
vt 0.948898 0.100278
vt 0.949465 0.100001
vt 0.948898 0.100278
vt 0.949066 0.100089
vt 0.949359 0.099931
vt 0.950335 0.101099
vt 0.949719 0.100965
vt 0.95049 0.100533
vt 0.949359 0.099931
vt 0.949066 0.100089
vt 0.94942 0.099808
vt 0.950137 0.10052
vt 0.949591 0.100545
vt 0.950202 0.100109
vt 0.949591 0.100545
vt 0.949562 0.100182
vt 0.949983 0.099974
vt 0.95102 0.100903
vt 0.950335 0.101099
vt 0.950974 0.100351
vt 0.949983 0.099974
vt 0.949562 0.100182
vt 0.949818 0.099768
vt 0.95049 0.100533
vt 0.950137 0.10052
vt 0.950588 0.099916
vt 0.949465 0.100001
vt 0.949359 0.099931
vt 0.94979 0.099532
vt 0.949359 0.099931
vt 0.94942 0.099808
vt 0.94979 0.099532
vt 0.951755 0.101243
vt 0.951335 0.101121
vt 0.951876 0.100111
vt 0.950974 0.100351
vt 0.95049 0.100533
vt 0.950946 0.099751
vt 0.949983 0.099974
vt 0.949818 0.099768
vt 0.950064 0.099387
vt 0.950202 0.100109
vt 0.950562 0.099512
vt 0.950588 0.099916
vt 0.94942 0.099808
vt 0.949804 0.099329
vt 0.94979 0.099532
vt 0.950974 0.100351
vt 0.951302 0.09965
vt 0.951438 0.100175
vt 0.951438 0.100175
vt 0.951712 0.099448
vt 0.951876 0.100111
vt 0.950588 0.099916
vt 0.950886 0.09925
vt 0.950946 0.099751
vt 0.94979 0.099532
vt 0.949984 0.099193
vt 0.950064 0.099387
vt 0.951302 0.09965
vt 0.951533 0.098773
vt 0.951712 0.099448
vt 0.950562 0.099512
vt 0.950918 0.098683
vt 0.950886 0.09925
vt 0.95218 0.098929
vt 0.951712 0.099448
vt 0.951956 0.098001
vt 0.951211 0.098934
vt 0.950886 0.09925
vt 0.950918 0.098683
vt 0.951533 0.098773
vt 0.951211 0.098934
vt 0.951387 0.09782
vt 0.950918 0.098683
vt 0.950531 0.098815
vt 0.950901 0.097694
vt 0.950531 0.098815
vt 0.950308 0.098764
vt 0.950564 0.098073
vt 0.950308 0.098764
vt 0.950162 0.098764
vt 0.950383 0.098086
vt 0.950162 0.098764
vt 0.950087 0.098752
vt 0.95022 0.098225
vt 0.952738 0.097396
vt 0.95218 0.098929
vt 0.952376 0.096808
vt 0.951956 0.098001
vt 0.951533 0.098773
vt 0.951749 0.096634
vt 0.951387 0.09782
vt 0.950918 0.098683
vt 0.951228 0.097077
vt 0.950901 0.097694
vt 0.950564 0.098073
vt 0.950671 0.097303
vt 0.951749 0.096634
vt 0.951387 0.09782
vt 0.95153 0.095869
vt 0.950349 0.097544
vt 0.950411 0.096429
vt 0.9505 0.096267
vt 0.952376 0.096808
vt 0.951956 0.098001
vt 0.952063 0.095944
vt 0.951228 0.097077
vt 0.950901 0.097694
vt 0.95112 0.095693
vt 0.950671 0.097303
vt 0.950658 0.095869
vt 0.950869 0.096218
vt 0.95153 0.095869
vt 0.951228 0.097077
vt 0.951317 0.095323
vt 0.950411 0.096429
vt 0.950386 0.094647
vt 0.9505 0.096267
vt 0.950869 0.096218
vt 0.950907 0.094924
vt 0.95112 0.095693
vt 0.950658 0.095869
vt 0.950665 0.094616
vt 0.950907 0.094924
vt 0.951749 0.096634
vt 0.951806 0.092529
vt 0.952063 0.095944
vt 0.951317 0.095323
vt 0.951414 0.092495
vt 0.95153 0.095869
vt 0.952376 0.096808
vt 0.952411 0.092664
vt 0.952757 0.095036
vt 0.95112 0.095693
vt 0.95102 0.09264
vt 0.951414 0.092495
vt 0.950907 0.094924
vt 0.950792 0.092766
vt 0.95102 0.09264
vt 0.950665 0.094616
vt 0.9506 0.092832
vt 0.950792 0.092766
vt 0.95153 0.095869
vt 0.951414 0.092495
vt 0.951806 0.092529
vt 0.953363 0.092749
vt 0.953907 0.095621
vt 0.953333 0.097534
vt 0.950087 0.098752
vt 0.949804 0.099329
vt 0.950073 0.098762
vt 0.950073 0.098762
vt 0.95022 0.098225
vt 0.950087 0.098752
vt 0.950386 0.094647
vt 0.950411 0.096429
vt 0.950393 0.09549
vt 0.953363 0.092749
vt 0.953333 0.097534
vt 0.953099 0.095966
vt 0.953333 0.097534
vt 0.953301 0.100027
vt 0.952859 0.099766
vt 0.952742 0.101239
vt 0.951545 0.10262
vt 0.952304 0.101297
vt 0.952347 0.102146
vt 0.950658 0.103433
vt 0.951545 0.10262
vt 0.951545 0.10262
vt 0.950777 0.102801
vt 0.95155 0.102257
vt 0.950658 0.103433
vt 0.949975 0.103186
vt 0.951545 0.10262
vt 0.950658 0.103433
vt 0.948856 0.103474
vt 0.949975 0.103186
vt 0.947039 0.104111
vt 0.946731 0.103707
vt 0.948856 0.103474
vt 0.946731 0.103707
vt 0.946497 0.103291
vt 0.948856 0.103474
vt 0.948431 0.103076
vt 0.948856 0.103474
vt 0.946497 0.103291
vt 0.934796 0.046073
vt 0.940318 0.048426
vt 0.936619 0.047175
vt 0.936619 0.047175
vt 0.939771 0.048588
vt 0.938198 0.048149
vt 0.939771 0.048588
vt 0.942845 0.050424
vt 0.941239 0.049727
vt 0.942845 0.050424
vt 0.943289 0.05123
vt 0.941239 0.049727
vt 0.944124 0.05098
vt 0.945622 0.052693
vt 0.942845 0.050424
vt 0.944124 0.05098
vt 0.946516 0.053193
vt 0.945622 0.052693
vt 0.946516 0.053193
vt 0.947682 0.055136
vt 0.945622 0.052693
vt 0.949938 0.059274
vt 0.949694 0.059821
vt 0.948788 0.057281
vt 0.949938 0.059274
vt 0.951231 0.063508
vt 0.950704 0.062556
vt 0.949938 0.059274
vt 0.950704 0.062556
vt 0.949694 0.059821
vt 0.951231 0.063508
vt 0.951233 0.066984
vt 0.950704 0.062556
vt 0.952582 0.078982
vt 0.952303 0.079079
vt 0.951233 0.066984
vt 0.946516 0.053193
vt 0.944579 0.050813
vt 0.948577 0.055397
vt 0.937537 0.048136
vt 0.935162 0.046968
vt 0.938198 0.048149
vt 0.941717 0.050427
vt 0.939934 0.049392
vt 0.941239 0.049727
vt 0.943289 0.05123
vt 0.941717 0.050427
vt 0.941239 0.049727
vt 0.94597 0.053639
vt 0.944601 0.052591
vt 0.944808 0.052339
vt 0.947516 0.056093
vt 0.946919 0.055088
vt 0.947503 0.055393
vt 0.951231 0.063508
vt 0.950484 0.059355
vt 0.951825 0.065201
vt 0.951825 0.065201
vt 0.952873 0.078948
vt 0.951231 0.063508
vt 0.950551 0.064768
vt 0.950111 0.062822
vt 0.950549 0.06324
vt 0.950551 0.064768
vt 0.950549 0.06324
vt 0.951233 0.066984
vt 0.950944 0.068263
vt 0.951233 0.066984
vt 0.952303 0.079079
vt 0.938275 0.103681
vt 0.937961 0.104034
vt 0.937953 0.103396
vt 0.946522 0.10356
vt 0.949853 0.10355
vt 0.948375 0.103315
vt 0.952529 0.101931
vt 0.952651 0.100956
vt 0.952022 0.101865
vt 0.953589 0.097307
vt 0.953116 0.097595
vt 0.953072 0.09968
vt 0.953589 0.097307
vt 0.953085 0.095656
vt 0.953116 0.097595
vt 0.952462 0.100761
vt 0.952651 0.100956
vt 0.953072 0.09968
vt 0.952462 0.100761
vt 0.952022 0.101865
vt 0.952651 0.100956
vt 0.952887 0.099139
vt 0.953072 0.09968
vt 0.953116 0.097595
vt 0.940364 0.048519
vt 0.936559 0.047323
vt 0.939771 0.048588
vt 0.940364 0.048519
vt 0.939771 0.048588
vt 0.942845 0.050424
vt 0.941836 0.050218
vt 0.943289 0.05123
vt 0.942845 0.050424
vt 0.942845 0.050424
vt 0.945622 0.052693
vt 0.944512 0.051272
vt 0.945622 0.052693
vt 0.944709 0.052395
vt 0.94597 0.053639
vt 0.945622 0.052693
vt 0.947682 0.055136
vt 0.947173 0.053953
vt 0.948972 0.056684
vt 0.947682 0.055136
vt 0.94889 0.057229
vt 0.950134 0.061821
vt 0.950623 0.064244
vt 0.950704 0.062556
vt 0.950704 0.062556
vt 0.951233 0.066984
vt 0.951232 0.063508
vt 0.937236 0.048122
vt 0.939551 0.048948
vt 0.936559 0.047323
vt 0.951233 0.066984
vt 0.952303 0.079079
vt 0.952582 0.078981
vt 0.946965 0.053063
vt 0.941029 0.048504
vt 0.944512 0.051272
vt 0.946719 0.05493
vt 0.947503 0.055393
vt 0.94597 0.053639
vt 0.951232 0.063508
vt 0.952873 0.078943
vt 0.953033 0.076786
vt 0.953033 0.076786
vt 0.952873 0.078943
vt 0.953513 0.092595
vt 0.952303 0.079079
vt 0.951233 0.066984
vt 0.950996 0.068257
vt 0.952873 0.078943
vt 0.952582 0.078981
vt 0.953513 0.092595
vt 0.929174 0.031374
vt 0.929282 0.031961
vt 0.929063 0.031523
vt 0.931353 0.05025
vt 0.931037 0.046272
vt 0.93083 0.04748
vt 0.930772 0.044369
vt 0.930427 0.042185
vt 0.930143 0.042272
vt 0.933947 0.110043
vt 0.933052 0.084213
vt 0.933438 0.099333
vt 0.930772 0.044369
vt 0.930917 0.043563
vt 0.930427 0.042185
vt 0.930917 0.043563
vt 0.930521 0.041625
vt 0.930427 0.042185
vt 0.931694 0.050553
vt 0.931344 0.046403
vt 0.931037 0.046272
vt 0.928921 0.036374
vt 0.928503 0.035179
vt 0.928202 0.035172
vt 0.933375 0.081777
vt 0.933414 0.078332
vt 0.931893 0.057646
vt 0.933414 0.078332
vt 0.932121 0.057011
vt 0.931893 0.057646
vt 0.93488 0.110066
vt 0.933414 0.078332
vt 0.933375 0.081777
vt 0.932264 0.056676
vt 0.93192 0.050561
vt 0.931694 0.050553
vt 0.93192 0.050561
vt 0.93152 0.0464
vt 0.931344 0.046403
vt 0.935077 0.110063
vt 0.933491 0.076567
vt 0.933414 0.078332
vt 0.933491 0.076567
vt 0.932417 0.057054
vt 0.932264 0.056676
vt 0.929553 0.037604
vt 0.929126 0.036331
vt 0.928921 0.036374
vt 0.935224 0.110042
vt 0.933875 0.082398
vt 0.933491 0.076567
vt 0.933875 0.082398
vt 0.933695 0.078273
vt 0.933491 0.076567
vt 0.755432 0.384563
vt 0.754224 0.357217
vt 0.753258 0.384514
vt 0.930012 0.038908
vt 0.929622 0.037593
vt 0.929553 0.037604
vt 0.929126 0.036331
vt 0.928565 0.035093
vt 0.928503 0.035179
vt 0.932009 0.05044
vt 0.931637 0.046957
vt 0.93152 0.0464
vt 0.931637 0.046957
vt 0.931359 0.044864
vt 0.93152 0.0464
vt 0.930442 0.040218
vt 0.930063 0.038899
vt 0.930012 0.038908
vt 0.933052 0.084213
vt 0.934325 0.110067
vt 0.934621 0.110034
vt 0.934325 0.110067
vt 0.933052 0.084213
vt 0.933947 0.110043
vt 0.931037 0.046272
vt 0.930772 0.044369
vt 0.930542 0.044872
vt 0.926544 0.031544
vt 0.926877 0.031916
vt 0.926724 0.031412
vt 0.926877 0.031916
vt 0.927026 0.032082
vt 0.926912 0.031545
vt 0.927026 0.032082
vt 0.927065 0.032083
vt 0.926912 0.031545
vt 0.928639 0.024489
vt 0.928545 0.03153
vt 0.928477 0.024489
vt 0.928545 0.03153
vt 0.928313 0.03154
vt 0.928477 0.024489
vt 0.928477 0.024489
vt 0.928313 0.03154
vt 0.928192 0.024489
vt 0.928693 0.032085
vt 0.928545 0.03153
vt 0.928756 0.031956
vt 0.928287 0.032106
vt 0.928313 0.03154
vt 0.928486 0.032015
vt 0.928486 0.032015
vt 0.928313 0.03154
vt 0.928545 0.03153
vt 0.928287 0.032106
vt 0.928082 0.031439
vt 0.928313 0.03154
vt 0.929174 0.031374
vt 0.929077 0.031425
vt 0.929231 0.031952
vt 0.929077 0.031425
vt 0.928858 0.031415
vt 0.929083 0.03195
vt 0.929231 0.031952
vt 0.929282 0.031961
vt 0.929174 0.031374
vt 0.927966 0.024489
vt 0.928317 0.03154
vt 0.928322 0.024489
vt 0.927966 0.024489
vt 0.928131 0.031879
vt 0.928317 0.03154
vt 0.928131 0.031879
vt 0.928431 0.032061
vt 0.928317 0.03154
vt 0.926457 0.024489
vt 0.926537 0.031733
vt 0.926437 0.031743
vt 0.92648 0.032028
vt 0.926354 0.031514
vt 0.926437 0.031743
vt 0.933695 0.078273
vt 0.933835 0.082844
vt 0.933022 0.066184
vt 0.930063 0.038899
vt 0.93002 0.038908
vt 0.929622 0.037593
vt 0.933022 0.066184
vt 0.933212 0.071987
vt 0.932436 0.056769
vt 0.931637 0.046957
vt 0.931556 0.047046
vt 0.93135 0.044915
vt 0.929126 0.036331
vt 0.929061 0.036359
vt 0.928549 0.035163
vt 0.935212 0.110033
vt 0.935108 0.110033
vt 0.933835 0.082844
vt 0.93135 0.044915
vt 0.931246 0.044941
vt 0.930853 0.042191
vt 0.932436 0.056769
vt 0.932346 0.057116
vt 0.931942 0.050601
vt 0.933835 0.082844
vt 0.933399 0.078678
vt 0.933212 0.071987
vt 0.930853 0.042191
vt 0.930837 0.04302
vt 0.930488 0.041662
vt 0.93002 0.038908
vt 0.929797 0.038935
vt 0.929552 0.03761
vt 0.933212 0.071987
vt 0.933399 0.078678
vt 0.93212 0.05703
vt 0.932346 0.057116
vt 0.93212 0.05703
vt 0.931718 0.050606
vt 0.931556 0.047046
vt 0.931242 0.046441
vt 0.931246 0.044941
vt 0.931246 0.044941
vt 0.931242 0.046441
vt 0.930937 0.044402
vt 0.931246 0.044941
vt 0.930937 0.044402
vt 0.930837 0.04302
vt 0.933399 0.078678
vt 0.933118 0.077991
vt 0.93212 0.05703
vt 0.930837 0.04302
vt 0.930627 0.04353
vt 0.930488 0.041662
vt 0.933118 0.077991
vt 0.932835 0.079567
vt 0.931702 0.056311
vt 0.93212 0.05703
vt 0.931702 0.056311
vt 0.931424 0.050709
vt 0.92885 0.036372
vt 0.928394 0.036181
vt 0.928302 0.035199
vt 0.93135 0.044915
vt 0.931359 0.044864
vt 0.931637 0.046957
vt 0.93054 0.044858
vt 0.930979 0.046442
vt 0.930827 0.047451
vt 0.93054 0.044858
vt 0.930627 0.04353
vt 0.930979 0.046442
vt 0.926862 0.031409
vt 0.926959 0.031951
vt 0.926742 0.031524
vt 0.926451 0.031548
vt 0.926605 0.031901
vt 0.926521 0.024489
vt 0.931351 0.036328
vt 0.931063 0.035586
vt 0.930812 0.035153
vt 0.935774 0.075386
vt 0.934688 0.056046
vt 0.934661 0.057433
vt 0.934661 0.057433
vt 0.934272 0.051293
vt 0.93413 0.051886
vt 0.935675 0.07728
vt 0.934661 0.057433
vt 0.934381 0.056577
vt 0.931178 0.036358
vt 0.930812 0.035153
vt 0.930607 0.035162
vt 0.935671 0.084458
vt 0.935675 0.07728
vt 0.934165 0.057682
vt 0.935675 0.07728
vt 0.934381 0.056577
vt 0.934165 0.057682
vt 0.934381 0.056577
vt 0.93413 0.051886
vt 0.933733 0.050491
vt 0.935671 0.084458
vt 0.934165 0.057682
vt 0.933948 0.060273
vt 0.936233 0.110046
vt 0.936382 0.103705
vt 0.934539 0.076399
vt 0.936382 0.103705
vt 0.935671 0.084458
vt 0.934539 0.076399
vt 0.933587 0.047609
vt 0.933402 0.046332
vt 0.932886 0.044906
vt 0.934165 0.057682
vt 0.933733 0.050491
vt 0.93358 0.052908
vt 0.933733 0.050491
vt 0.933587 0.047609
vt 0.933185 0.047659
vt 0.934688 0.056046
vt 0.93435 0.051501
vt 0.934272 0.051293
vt 0.932519 0.040654
vt 0.932248 0.039218
vt 0.931946 0.038916
vt 0.937189 0.103166
vt 0.93713 0.103576
vt 0.937551 0.103414
vt 0.936382 0.103705
vt 0.936582 0.103979
vt 0.936598 0.103123
vt 0.936582 0.103979
vt 0.936382 0.103705
vt 0.936972 0.110065
vt 0.936582 0.103979
vt 0.936972 0.110065
vt 0.936824 0.104058
vt 0.937518 0.104095
vt 0.937153 0.104064
vt 0.937787 0.110037
vt 0.936449 0.102434
vt 0.936635 0.102701
vt 0.936603 0.101902
vt 0.937189 0.103166
vt 0.937247 0.102669
vt 0.93693 0.102852
vt 0.93693 0.102852
vt 0.937037 0.101918
vt 0.93679 0.102171
vt 0.937329 0.102232
vt 0.937418 0.101806
vt 0.937037 0.101918
vt 0.937418 0.101806
vt 0.937519 0.101372
vt 0.937047 0.101393
vt 0.937072 0.100773
vt 0.937047 0.101393
vt 0.93728 0.100821
vt 0.937519 0.101372
vt 0.937604 0.101023
vt 0.93728 0.100821
vt 0.937604 0.101023
vt 0.937573 0.100608
vt 0.93728 0.100821
vt 0.937604 0.101023
vt 0.937819 0.100723
vt 0.937573 0.100608
vt 0.937196 0.100239
vt 0.93728 0.100821
vt 0.937387 0.100372
vt 0.938106 0.100905
vt 0.938161 0.100709
vt 0.937819 0.100723
vt 0.937065 0.100012
vt 0.937196 0.100239
vt 0.937161 0.099943
vt 0.937387 0.100372
vt 0.937573 0.100608
vt 0.93773 0.100506
vt 0.937161 0.099943
vt 0.937387 0.100372
vt 0.937508 0.100339
vt 0.938161 0.100709
vt 0.938193 0.100624
vt 0.93773 0.100506
vt 0.937167 0.103182
vt 0.937607 0.103182
vt 0.93749 0.103596
vt 0.936687 0.102972
vt 0.93665 0.103867
vt 0.936505 0.10299
vt 0.936843 0.103217
vt 0.937167 0.103182
vt 0.937131 0.103578
vt 0.936843 0.103217
vt 0.936919 0.104069
vt 0.93665 0.103867
vt 0.936843 0.103217
vt 0.937131 0.103578
vt 0.936919 0.104069
vt 0.937315 0.100197
vt 0.937508 0.100339
vt 0.937609 0.100501
vt 0.937315 0.100197
vt 0.937196 0.100239
vt 0.937098 0.099868
vt 0.937609 0.100501
vt 0.93785 0.100536
vt 0.937955 0.100739
vt 0.937315 0.100197
vt 0.937343 0.100555
vt 0.937196 0.100239
vt 0.937343 0.100555
vt 0.937609 0.100501
vt 0.937666 0.100777
vt 0.937609 0.100501
vt 0.937955 0.100739
vt 0.937666 0.100777
vt 0.937666 0.100777
vt 0.937955 0.100739
vt 0.938108 0.101007
vt 0.937196 0.100239
vt 0.937072 0.100773
vt 0.937014 0.100235
vt 0.937343 0.100555
vt 0.937666 0.100777
vt 0.937604 0.101023
vt 0.937343 0.100555
vt 0.937242 0.100983
vt 0.937072 0.100773
vt 0.937604 0.101023
vt 0.938108 0.101007
vt 0.938016 0.101318
vt 0.937242 0.100983
vt 0.937604 0.101023
vt 0.937519 0.101372
vt 0.937242 0.100983
vt 0.937047 0.101393
vt 0.937072 0.100773
vt 0.937519 0.101372
vt 0.938016 0.101318
vt 0.937897 0.101816
vt 0.937072 0.100773
vt 0.937047 0.101393
vt 0.936851 0.100973
vt 0.937047 0.101393
vt 0.937519 0.101372
vt 0.937418 0.101806
vt 0.936851 0.100973
vt 0.936777 0.101796
vt 0.936639 0.101195
vt 0.937037 0.101919
vt 0.937418 0.101806
vt 0.937329 0.102232
vt 0.936505 0.10299
vt 0.936463 0.102269
vt 0.936689 0.102308
vt 0.938311 0.10078
vt 0.937955 0.100739
vt 0.938175 0.100651
vt 0.936939 0.10253
vt 0.937242 0.102692
vt 0.936843 0.103217
vt 0.93665 0.103867
vt 0.936919 0.104069
vt 0.937142 0.11004
vt 0.954498 0.064746
vt 0.953191 0.058932
vt 0.954195 0.060919
vt 0.953191 0.058932
vt 0.951613 0.055014
vt 0.953126 0.057399
vt 0.953126 0.057399
vt 0.951716 0.054507
vt 0.952575 0.055372
vt 0.951113 0.052923
vt 0.951716 0.054507
vt 0.949901 0.051821
vt 0.946861 0.049158
vt 0.942688 0.046259
vt 0.945084 0.047387
vt 0.942194 0.045587
vt 0.937543 0.043462
vt 0.940927 0.044396
vt 0.937701 0.043913
vt 0.934028 0.042864
vt 0.937543 0.043462
vt 0.957674 0.096967
vt 0.95671 0.079036
vt 0.957478 0.086901
vt 0.95651 0.080971
vt 0.95671 0.079036
vt 0.957674 0.096967
vt 0.953573 0.057664
vt 0.953574 0.05666
vt 0.954158 0.059086
vt 0.951113 0.052923
vt 0.950115 0.050942
vt 0.951293 0.052445
vt 0.951293 0.052445
vt 0.9525 0.054431
vt 0.951113 0.052923
vt 0.946962 0.047979
vt 0.948809 0.049484
vt 0.947896 0.049165
vt 0.944094 0.04596
vt 0.946962 0.047979
vt 0.945276 0.047114
vt 0.94283 0.045574
vt 0.940927 0.044396
vt 0.944094 0.04596
vt 0.937701 0.043913
vt 0.942688 0.046259
vt 0.944651 0.047743
vt 0.934032 0.06074
vt 0.934164 0.057681
vt 0.935573 0.083155
vt 0.934829 0.083045
vt 0.936332 0.103618
vt 0.936224 0.110014
vt 0.930228 0.035026
vt 0.930632 0.035166
vt 0.931178 0.036357
vt 0.933733 0.050491
vt 0.93413 0.051886
vt 0.934477 0.056763
vt 0.931521 0.037613
vt 0.931727 0.037567
vt 0.932005 0.038862
vt 0.934164 0.057681
vt 0.934477 0.056763
vt 0.935538 0.077351
vt 0.935538 0.077351
vt 0.935738 0.075912
vt 0.935956 0.081784
vt 0.930632 0.035166
vt 0.930795 0.035156
vt 0.931178 0.036357
vt 0.93413 0.051886
vt 0.934255 0.051014
vt 0.934477 0.056763
vt 0.934477 0.056763
vt 0.934733 0.057195
vt 0.935738 0.075912
vt 0.935956 0.081784
vt 0.935738 0.075912
vt 0.936916 0.099897
vt 0.930795 0.035156
vt 0.931063 0.035586
vt 0.931351 0.036328
vt 0.935738 0.075912
vt 0.936017 0.079575
vt 0.936995 0.099544
vt 0.936639 0.101195
vt 0.936463 0.102269
vt 0.935573 0.083155
vt 0.936797 0.100416
vt 0.936639 0.101195
vt 0.935538 0.077351
vt 0.936916 0.099897
vt 0.936797 0.100416
vt 0.935956 0.081784
vt 0.933403 0.042991
vt 0.933125 0.042176
vt 0.933455 0.04243
vt 0.933455 0.04243
vt 0.933328 0.041985
vt 0.933758 0.04218
vt 0.933909 0.047497
vt 0.934266 0.047383
vt 0.934016 0.046973
vt 0.933706 0.04748
vt 0.933909 0.047497
vt 0.933785 0.046969
vt 0.934504 0.046723
vt 0.935028 0.047103
vt 0.934775 0.046503
vt 0.933839 0.046208
vt 0.934237 0.046791
vt 0.934047 0.046109
vt 0.934504 0.046723
vt 0.934775 0.046503
vt 0.934407 0.046074
vt 0.934422 0.051106
vt 0.934581 0.05086
vt 0.934637 0.050687
vt 0.934637 0.050687
vt 0.934997 0.050452
vt 0.93496 0.050302
vt 0.934422 0.051106
vt 0.934637 0.050687
vt 0.934473 0.050624
vt 0.935652 0.050094
vt 0.935787 0.050201
vt 0.936007 0.049977
vt 0.934706 0.050347
vt 0.93496 0.050302
vt 0.934883 0.050019
vt 0.934276 0.050891
vt 0.934473 0.050624
vt 0.934347 0.050344
vt 0.934473 0.050624
vt 0.934706 0.050347
vt 0.934551 0.050064
vt 0.935564 0.049808
vt 0.936007 0.049977
vt 0.935902 0.04968
vt 0.934551 0.050064
vt 0.934883 0.050019
vt 0.934775 0.049625
vt 0.934276 0.050891
vt 0.934121 0.04979
vt 0.934066 0.050213
vt 0.934276 0.050891
vt 0.934347 0.050344
vt 0.934121 0.04979
vt 0.934347 0.050344
vt 0.934551 0.050064
vt 0.934331 0.049746
vt 0.935441 0.049408
vt 0.935902 0.04968
vt 0.935548 0.049154
vt 0.934775 0.049625
vt 0.935102 0.049475
vt 0.934809 0.049086
vt 0.935102 0.049475
vt 0.935441 0.049408
vt 0.935106 0.048866
vt 0.934121 0.04979
vt 0.934331 0.049746
vt 0.934219 0.049257
vt 0.935106 0.048866
vt 0.935548 0.049154
vt 0.93539 0.048702
vt 0.934453 0.049029
vt 0.934809 0.049086
vt 0.934682 0.048612
vt 0.934121 0.04979
vt 0.934219 0.049257
vt 0.934051 0.048766
vt 0.934682 0.048612
vt 0.935106 0.048866
vt 0.934924 0.04823
vt 0.934326 0.048503
vt 0.934682 0.048612
vt 0.934571 0.047969
vt 0.934051 0.048766
vt 0.934326 0.048503
vt 0.93408 0.048076
vt 0.934924 0.04823
vt 0.935236 0.04819
vt 0.935024 0.047682
vt 0.934422 0.051106
vt 0.934436 0.051156
vt 0.934581 0.05086
vt 0.936226 0.050276
vt 0.935787 0.050201
vt 0.935939 0.050261
vt 0.936226 0.050276
vt 0.936007 0.049977
vt 0.935787 0.050201
vt 0.935924 0.049314
vt 0.935548 0.049154
vt 0.935902 0.04968
vt 0.933872 0.048879
vt 0.93408 0.048076
vt 0.933706 0.04748
vt 0.934571 0.047969
vt 0.935024 0.047682
vt 0.934651 0.047249
vt 0.93408 0.048076
vt 0.934571 0.047969
vt 0.934266 0.047383
vt 0.934266 0.047383
vt 0.933909 0.047497
vt 0.93408 0.048076
vt 0.935028 0.047103
vt 0.934651 0.047249
vt 0.935024 0.047682
vt 0.932881 0.042226
vt 0.933075 0.042281
vt 0.932775 0.041433
vt 0.933075 0.042281
vt 0.933484 0.042467
vt 0.933361 0.042052
vt 0.933484 0.042467
vt 0.933934 0.042599
vt 0.933782 0.0422
vt 0.932907 0.042948
vt 0.933093 0.04306
vt 0.932881 0.042226
vt 0.933093 0.04306
vt 0.933432 0.043031
vt 0.933075 0.042281
vt 0.933432 0.043031
vt 0.933791 0.043068
vt 0.933484 0.042467
vt 0.933839 0.046208
vt 0.934047 0.046109
vt 0.933432 0.043031
vt 0.931884 0.037588
vt 0.931904 0.037749
vt 0.932101 0.038051
vt 0.93242 0.038299
vt 0.93267 0.038398
vt 0.932475 0.038156
vt 0.931904 0.037749
vt 0.932006 0.038168
vt 0.932101 0.038051
vt 0.932171 0.038473
vt 0.932364 0.038521
vt 0.932101 0.038051
vt 0.932364 0.038521
vt 0.93267 0.038661
vt 0.93242 0.038299
vt 0.932171 0.038473
vt 0.932439 0.038988
vt 0.932364 0.038521
vt 0.932171 0.038473
vt 0.932248 0.039218
vt 0.932439 0.038988
vt 0.932754 0.039559
vt 0.932966 0.039422
vt 0.932788 0.039005
vt 0.932754 0.039559
vt 0.933081 0.039797
vt 0.932966 0.039422
vt 0.932507 0.039749
vt 0.933038 0.040161
vt 0.932754 0.039559
vt 0.932616 0.040554
vt 0.93281 0.040678
vt 0.932507 0.039749
vt 0.933042 0.040779
vt 0.933356 0.040893
vt 0.933038 0.040161
vt 0.931915 0.037618
vt 0.931884 0.037588
vt 0.932103 0.037873
vt 0.932103 0.037873
vt 0.932303 0.038007
vt 0.931915 0.037618
vt 0.932103 0.037873
vt 0.932475 0.038156
vt 0.932303 0.038007
vt 0.933628 0.047881
vt 0.933456 0.04675
vt 0.933699 0.047483
vt 0.934638 0.047187
vt 0.934348 0.046786
vt 0.934801 0.046708
vt 0.934348 0.046786
vt 0.934081 0.046274
vt 0.934381 0.046201
vt 0.934101 0.04738
vt 0.934162 0.04812
vt 0.93392 0.048375
vt 0.93392 0.048375
vt 0.934196 0.048879
vt 0.933994 0.04918
vt 0.934326 0.049447
vt 0.934427 0.049948
vt 0.934177 0.050046
vt 0.935527 0.049294
vt 0.935622 0.049607
vt 0.935106 0.049488
vt 0.934255 0.051014
vt 0.934177 0.050046
vt 0.934322 0.05068
vt 0.934779 0.049637
vt 0.934878 0.050004
vt 0.934511 0.050269
vt 0.935622 0.049607
vt 0.935604 0.049938
vt 0.935212 0.049853
vt 0.935622 0.049607
vt 0.935883 0.050032
vt 0.935604 0.049938
vt 0.934255 0.051014
vt 0.934322 0.05068
vt 0.934388 0.050963
vt 0.934878 0.050004
vt 0.934951 0.050266
vt 0.934583 0.050556
vt 0.935604 0.049938
vt 0.935671 0.050151
vt 0.935291 0.050114
vt 0.934376 0.051384
vt 0.934388 0.050963
vt 0.934436 0.051156
vt 0.934951 0.050266
vt 0.934994 0.050419
vt 0.934627 0.050731
vt 0.935883 0.050032
vt 0.935943 0.050236
vt 0.935671 0.050151
vt 0.935671 0.050151
vt 0.935697 0.050247
vt 0.935337 0.050267
vt 0.93392 0.048375
vt 0.933855 0.047314
vt 0.934101 0.04738
vt 0.93392 0.048375
vt 0.933699 0.047483
vt 0.933855 0.047314
vt 0.934427 0.047961
vt 0.934101 0.04738
vt 0.934363 0.04726
vt 0.934798 0.047776
vt 0.934638 0.047187
vt 0.935039 0.047158
vt 0.935249 0.048392
vt 0.935088 0.047797
vt 0.935622 0.048256
vt 0.935801 0.048849
vt 0.93542 0.048943
vt 0.935249 0.048392
vt 0.935622 0.049607
vt 0.935527 0.049294
vt 0.935984 0.049416
vt 0.936116 0.049795
vt 0.935883 0.050032
vt 0.935622 0.049607
vt 0.932271 0.039343
vt 0.932379 0.039256
vt 0.932507 0.039751
vt 0.932891 0.040153
vt 0.93275 0.039564
vt 0.933145 0.040068
vt 0.932507 0.039751
vt 0.932379 0.039256
vt 0.93275 0.039564
vt 0.932085 0.038492
vt 0.932222 0.03869
vt 0.932379 0.039256
vt 0.932379 0.039256
vt 0.932222 0.03869
vt 0.932458 0.038896
vt 0.93275 0.039564
vt 0.932458 0.038896
vt 0.932788 0.038974
vt 0.932085 0.038492
vt 0.931922 0.037798
vt 0.932222 0.03869
vt 0.931922 0.037798
vt 0.932239 0.038423
vt 0.932222 0.03869
vt 0.932458 0.038896
vt 0.932239 0.038423
vt 0.932502 0.03861
vt 0.932502 0.03861
vt 0.932419 0.038299
vt 0.932691 0.038566
vt 0.931884 0.037589
vt 0.932103 0.037873
vt 0.932102 0.038051
vt 0.932419 0.038299
vt 0.932457 0.038137
vt 0.932614 0.038278
vt 0.932519 0.04063
vt 0.932616 0.040555
vt 0.932765 0.041385
vt 0.932303 0.038007
vt 0.932457 0.038137
vt 0.932103 0.037873
vt 0.931915 0.037618
vt 0.932303 0.038007
vt 0.932103 0.037873
vt 0.933465 0.044618
vt 0.933167 0.044568
vt 0.933067 0.042942
vt 0.933527 0.046395
vt 0.933167 0.044568
vt 0.933465 0.044618
vt 0.934381 0.046201
vt 0.93379 0.043007
vt 0.934028 0.042864
vt 0.934381 0.046201
vt 0.933682 0.043551
vt 0.93379 0.043007
vt 0.937718 0.110141
vt 0.961478 0.11014
vt 0.959042 0.110141
vt 0.937718 0.110141
vt 0.960972 0.110141
vt 0.961478 0.11014
vt 0.959042 0.110141
vt 0.961478 0.11014
vt 0.960638 0.11014
vt 0.931348 0.038775
vt 0.931087 0.038685
vt 0.930317 0.036083
vt 0.929901 0.036032
vt 0.931087 0.038685
vt 0.931185 0.039866
vt 0.931348 0.038775
vt 0.931611 0.040576
vt 0.931087 0.038685
vt 0.931993 0.040089
vt 0.931935 0.04104
vt 0.931507 0.038719
vt 0.932358 0.041691
vt 0.932256 0.041803
vt 0.931993 0.040089
vt 0.932457 0.04397
vt 0.93226 0.044093
vt 0.931935 0.04104
vt 0.932843 0.047788
vt 0.932408 0.046868
vt 0.93226 0.044093
vt 0.933758 0.056335
vt 0.933562 0.054907
vt 0.933524 0.05286
vt 0.930317 0.036083
vt 0.928287 0.032106
vt 0.928486 0.032015
vt 0.934539 0.076399
vt 0.933948 0.060273
vt 0.933629 0.056351
vt 0.934346 0.076571
vt 0.933629 0.056351
vt 0.933282 0.053894
vt 0.934048 0.07736
vt 0.933282 0.053894
vt 0.932961 0.054362
vt 0.933948 0.060273
vt 0.93358 0.052908
vt 0.933629 0.056351
vt 0.933629 0.056351
vt 0.933385 0.051884
vt 0.933282 0.053894
vt 0.932836 0.047721
vt 0.932461 0.043978
vt 0.932262 0.04406
vt 0.932886 0.044906
vt 0.932619 0.043142
vt 0.932625 0.043947
vt 0.932262 0.04406
vt 0.931895 0.04093
vt 0.931593 0.041432
vt 0.932254 0.041798
vt 0.931991 0.040086
vt 0.931895 0.04093
vt 0.931895 0.04093
vt 0.931635 0.039178
vt 0.931418 0.039261
vt 0.931991 0.040086
vt 0.931675 0.038891
vt 0.931635 0.039178
vt 0.931418 0.039261
vt 0.930867 0.037538
vt 0.930945 0.038911
vt 0.930867 0.037538
vt 0.930102 0.03559
vt 0.930043 0.036221
vt 0.935039 0.110044
vt 0.934048 0.07736
vt 0.932961 0.054362
vt 0.930945 0.038911
vt 0.930043 0.036221
vt 0.927927 0.031914
vt 0.928423 0.035792
vt 0.929577 0.039071
vt 0.928803 0.037031
vt 0.933407 0.110023
vt 0.932285 0.076691
vt 0.933457 0.110058
vt 0.927787 0.034644
vt 0.928795 0.037009
vt 0.928416 0.035775
vt 0.928394 0.036181
vt 0.928907 0.037513
vt 0.928795 0.037009
vt 0.928795 0.037009
vt 0.929641 0.039705
vt 0.929572 0.039054
vt 0.929407 0.039096
vt 0.929747 0.040401
vt 0.929641 0.039705
vt 0.93054 0.044858
vt 0.930827 0.047451
vt 0.930706 0.045666
vt 0.931105 0.050792
vt 0.931467 0.057409
vt 0.931305 0.05285
vt 0.933109 0.101337
vt 0.933411 0.110031
vt 0.932299 0.078455
vt 0.95759 0.110072
vt 0.95797 0.110031
vt 0.957714 0.110141
vt 0.935108 0.110033
vt 0.93505 0.110136
vt 0.934948 0.110061
vt 0.934698 0.11003
vt 0.934948 0.110061
vt 0.934465 0.110136
vt 0.934948 0.110061
vt 0.93505 0.110136
vt 0.934465 0.110136
vt 0.934698 0.11003
vt 0.934465 0.110136
vt 0.934305 0.110078
vt 0.933943 0.110055
vt 0.934305 0.110078
vt 0.93347 0.110115
vt 0.934305 0.110078
vt 0.934465 0.110136
vt 0.93347 0.110115
vt 0.93347 0.110115
vt 0.933411 0.110031
vt 0.933943 0.110055
vt 0.960692 0.11002
vt 0.960638 0.11014
vt 0.961023 0.110061
vt 0.961538 0.110052
vt 0.961478 0.11014
vt 0.961553 0.110048
vt 0.96132 0.110058
vt 0.961354 0.110138
vt 0.960972 0.110141
vt 0.961023 0.110061
vt 0.960454 0.110127
vt 0.960696 0.110023
vt 0.959719 0.110062
vt 0.959732 0.11014
vt 0.959055 0.110122
vt 0.960454 0.110127
vt 0.960972 0.110141
vt 0.959732 0.11014
vt 0.957652 0.110134
vt 0.95797 0.110031
vt 0.957615 0.110059
vt 0.957293 0.110027
vt 0.957652 0.110134
vt 0.957615 0.110059
vt 0.93505 0.110043
vt 0.935378 0.110035
vt 0.935164 0.110135
vt 0.935378 0.110035
vt 0.935632 0.110043
vt 0.935518 0.110124
vt 0.935039 0.110044
vt 0.933567 0.110078
vt 0.935152 0.110134
vt 0.935518 0.110124
vt 0.935735 0.110041
vt 0.935524 0.110042
vt 0.935152 0.110134
vt 0.935278 0.11004
vt 0.935039 0.110044
vt 0.935518 0.110124
vt 0.935152 0.110134
vt 0.93567 0.110136
vt 0.933481 0.110125
vt 0.934325 0.110067
vt 0.933947 0.110043
vt 0.933481 0.110125
vt 0.934465 0.110136
vt 0.934325 0.110067
vt 0.934325 0.110067
vt 0.934465 0.110136
vt 0.934621 0.110034
vt 0.934465 0.110136
vt 0.935056 0.110139
vt 0.93488 0.110066
vt 0.935077 0.110063
vt 0.935322 0.110133
vt 0.935224 0.110042
vt 0.933947 0.110043
vt 0.933407 0.110023
vt 0.933481 0.110125
vt 0.934465 0.110136
vt 0.933481 0.110125
vt 0.93356 0.110142
vt 0.933457 0.110058
vt 0.933481 0.110125
vt 0.933407 0.110023
vt 0.933526 0.110142
vt 0.933457 0.110058
vt 0.93347 0.110115
vt 0.933526 0.110142
vt 0.933567 0.110078
vt 0.933457 0.110058
vt 0.93736 0.110121
vt 0.936972 0.110065
vt 0.936972 0.110138
vt 0.936972 0.110065
vt 0.936679 0.110041
vt 0.936641 0.110132
vt 0.937142 0.11004
vt 0.937359 0.110121
vt 0.936964 0.110122
vt 0.936844 0.11004
vt 0.936964 0.110122
vt 0.936643 0.110132
vt 0.936964 0.110122
vt 0.937359 0.110121
vt 0.937103 0.110143
vt 0.937741 0.110132
vt 0.937103 0.110143
vt 0.937359 0.110121
vt 0.946036 0.1016
vt 0.938016 0.101318
vt 0.946291 0.101185
vt 0.946036 0.1016
vt 0.937897 0.101816
vt 0.938016 0.101318
vt 0.937739 0.102383
vt 0.946015 0.102016
vt 0.946127 0.102374
vt 0.873448 0.157584
vt 0.870353 0.179157
vt 0.874664 0.179675
vt 0.873448 0.157584
vt 0.874664 0.179675
vt 0.877973 0.179905
vt 0.881125 0.157584
vt 0.877973 0.179905
vt 0.881439 0.180012
vt 0.884885 0.179403
vt 0.888225 0.157584
vt 0.881125 0.157584
vt 0.881439 0.180012
vt 0.884885 0.179403
vt 0.881125 0.157584
vt 0.884885 0.179403
vt 0.889464 0.179134
vt 0.888225 0.157584
vt 0.893151 0.179548
vt 0.893559 0.157584
vt 0.888225 0.157584
vt 0.889464 0.179134
vt 0.893151 0.179548
vt 0.888225 0.157584
vt 0.895459 0.179833
vt 0.896773 0.157584
vt 0.893559 0.157584
vt 0.893151 0.179548
vt 0.895459 0.179833
vt 0.893559 0.157584
vt 0.896773 0.157584
vt 0.896927 0.179951
vt 0.898203 0.179472
vt 0.895459 0.179833
vt 0.896927 0.179951
vt 0.896773 0.157584
vt 0.898599 0.157584
vt 0.898203 0.179472
vt 0.898806 0.179276
vt 0.898569 0.157584
vt 0.898806 0.179276
vt 0.898542 0.179715
vt 0.898569 0.157584
vt 0.898542 0.179715
vt 0.897941 0.179675
vt 0.898569 0.157584
vt 0.897941 0.179675
vt 0.896869 0.179625
vt 0.896869 0.179625
vt 0.89427 0.179081
vt 0.895566 0.157584
vt 0.89427 0.179081
vt 0.89167 0.157584
vt 0.895566 0.157584
vt 0.891429 0.179617
vt 0.888288 0.179338
vt 0.89167 0.157584
vt 0.89427 0.179081
vt 0.891429 0.179617
vt 0.89167 0.157584
vt 0.873448 0.157584
vt 0.877973 0.179905
vt 0.881125 0.157584
vt 0.898569 0.157584
vt 0.898599 0.157584
vt 0.898806 0.179276
vt 0.896773 0.157584
vt 0.898203 0.179472
vt 0.898599 0.157584
vt 0.895566 0.157584
vt 0.898569 0.157584
vt 0.896869 0.179625
vt 0.888288 0.179338
vt 0.886679 0.157584
vt 0.89167 0.157584
vt 0.888288 0.179338
vt 0.883966 0.17893
vt 0.886679 0.157584
vt 0.879227 0.157584
vt 0.883966 0.17893
vt 0.880921 0.179288
vt 0.883966 0.17893
vt 0.879227 0.157584
vt 0.886679 0.157584
vt 0.879227 0.157584
vt 0.880921 0.179288
vt 0.877741 0.179737
vt 0.879227 0.157584
vt 0.877741 0.179737
vt 0.873658 0.179737
vt 0.869905 0.157584
vt 0.879227 0.157584
vt 0.873658 0.179737
vt 0.85816 0.179001
vt 0.855123 0.157584
vt 0.862225 0.157584
vt 0.863304 0.179137
vt 0.85816 0.179001
vt 0.862225 0.157584
vt 0.869905 0.157584
vt 0.868462 0.179383
vt 0.863304 0.179137
vt 0.85816 0.179001
vt 0.854379 0.179953
vt 0.855123 0.157584
vt 0.851017 0.180103
vt 0.848831 0.179079
vt 0.848515 0.157584
vt 0.851017 0.180103
vt 0.848515 0.157584
vt 0.855123 0.157584
vt 0.854379 0.179953
vt 0.851017 0.180103
vt 0.855123 0.157584
vt 0.848831 0.179079
vt 0.846531 0.179383
vt 0.848515 0.157584
vt 0.845526 0.157584
vt 0.846531 0.179383
vt 0.845275 0.179784
vt 0.845526 0.157584
vt 0.845275 0.179784
vt 0.844618 0.179304
vt 0.844434 0.157584
vt 0.844618 0.179304
vt 0.844699 0.17974
vt 0.844434 0.157584
vt 0.844699 0.17974
vt 0.845207 0.178947
vt 0.845445 0.157584
vt 0.845207 0.178947
vt 0.846932 0.179
vt 0.846932 0.179
vt 0.848886 0.180061
vt 0.847783 0.157584
vt 0.851173 0.179134
vt 0.851679 0.157584
vt 0.847783 0.157584
vt 0.848886 0.180061
vt 0.851173 0.179134
vt 0.847783 0.157584
vt 0.851173 0.179134
vt 0.852521 0.179908
vt 0.851679 0.157584
vt 0.862225 0.157584
vt 0.869905 0.157584
vt 0.863304 0.179137
vt 0.848515 0.157584
vt 0.846531 0.179383
vt 0.845526 0.157584
vt 0.844434 0.157584
vt 0.845526 0.157584
vt 0.844618 0.179304
vt 0.845445 0.157584
vt 0.844434 0.157584
vt 0.845207 0.178947
vt 0.845445 0.157584
vt 0.846932 0.179
vt 0.847783 0.157584
vt 0.852521 0.179908
vt 0.856669 0.157584
vt 0.851679 0.157584
vt 0.852521 0.179908
vt 0.856573 0.179926
vt 0.856669 0.157584
vt 0.856573 0.179926
vt 0.860918 0.178978
vt 0.856669 0.157584
vt 0.860918 0.178978
vt 0.864122 0.157584
vt 0.856669 0.157584
vt 0.864122 0.157584
vt 0.860918 0.178978
vt 0.865159 0.179072
vt 0.864122 0.157584
vt 0.865159 0.179072
vt 0.870353 0.179157
vt 0.873448 0.157584
vt 0.864122 0.157584
vt 0.870353 0.179157
vt 0.873658 0.179737
vt 0.868462 0.179383
vt 0.869905 0.157584
vt 0.87393 0.187398
vt 0.866322 0.1874
vt 0.853053 0.187414
vt 0.853053 0.187414
vt 0.863001 0.187379
vt 0.873862 0.187385
vt 0.883839 0.187415
vt 0.853053 0.187414
vt 0.873862 0.187385
vt 0.889919 0.187365
vt 0.853053 0.187414
vt 0.883839 0.187415
vt 0.883285 0.18741
vt 0.87393 0.187398
vt 0.853053 0.187414
vt 0.883285 0.18741
vt 0.853053 0.187414
vt 0.889919 0.187365
vt 0.890615 0.187406
vt 0.889919 0.187365
vt 0.883839 0.187415
vt 0.853053 0.187414
vt 0.866322 0.1874
vt 0.858719 0.187366
vt 0.853053 0.187414
vt 0.858719 0.187366
vt 0.85382 0.187379
vt 0.844434 0.157584
vt 0.856669 0.157584
vt 0.848515 0.157584
vt 0.845526 0.157584
vt 0.844434 0.157584
vt 0.848515 0.157584
vt 0.886679 0.157584
vt 0.862225 0.157584
vt 0.855123 0.157584
vt 0.855123 0.157584
vt 0.848515 0.157584
vt 0.895566 0.157584
vt 0.848515 0.157584
vt 0.856669 0.157584
vt 0.895566 0.157584
vt 0.869905 0.157584
vt 0.862225 0.157584
vt 0.886679 0.157584
vt 0.845445 0.157584
vt 0.847783 0.157584
vt 0.844434 0.157584
vt 0.856669 0.157584
vt 0.847783 0.157584
vt 0.851679 0.157584
vt 0.881125 0.157584
vt 0.864122 0.157584
vt 0.873448 0.157584
vt 0.844434 0.157584
vt 0.847783 0.157584
vt 0.856669 0.157584
vt 0.881125 0.157584
vt 0.856669 0.157584
vt 0.864122 0.157584
vt 0.879227 0.157584
vt 0.869905 0.157584
vt 0.886679 0.157584
vt 0.855123 0.157584
vt 0.895566 0.157584
vt 0.886679 0.157584
vt 0.895566 0.157584
vt 0.89167 0.157584
vt 0.886679 0.157584
vt 0.893559 0.157584
vt 0.895566 0.157584
vt 0.856669 0.157584
vt 0.898599 0.157584
vt 0.898569 0.157584
vt 0.895566 0.157584
vt 0.881125 0.157584
vt 0.888225 0.157584
vt 0.893559 0.157584
vt 0.893559 0.157584
vt 0.856669 0.157584
vt 0.881125 0.157584
vt 0.895566 0.157584
vt 0.893559 0.157584
vt 0.898599 0.157584
vt 0.896773 0.157584
vt 0.898599 0.157584
vt 0.893559 0.157584
vt 0.874918 0.185963
vt 0.870948 0.18516
vt 0.871909 0.186713
vt 0.874664 0.179675
vt 0.870353 0.179157
vt 0.869648 0.180879
vt 0.871812 0.182893
vt 0.874664 0.179675
vt 0.869648 0.180879
vt 0.874928 0.182057
vt 0.874664 0.179675
vt 0.871812 0.182893
vt 0.876012 0.183974
vt 0.874928 0.182057
vt 0.871812 0.182893
vt 0.876012 0.183974
vt 0.871812 0.182893
vt 0.870948 0.18516
vt 0.874918 0.185963
vt 0.876012 0.183974
vt 0.870948 0.18516
vt 0.874928 0.182057
vt 0.877973 0.179905
vt 0.874664 0.179675
vt 0.87393 0.187398
vt 0.877637 0.187066
vt 0.871909 0.186713
vt 0.878466 0.181863
vt 0.877973 0.179905
vt 0.874928 0.182057
vt 0.87752 0.185495
vt 0.876012 0.183974
vt 0.874918 0.185963
vt 0.877637 0.187066
vt 0.874918 0.185963
vt 0.871909 0.186713
vt 0.876012 0.183974
vt 0.878466 0.181863
vt 0.874928 0.182057
vt 0.877637 0.187066
vt 0.88079 0.186482
vt 0.874918 0.185963
vt 0.880995 0.182991
vt 0.878466 0.181863
vt 0.876012 0.183974
vt 0.88151 0.184966
vt 0.880995 0.182991
vt 0.876012 0.183974
vt 0.87752 0.185495
vt 0.88151 0.184966
vt 0.876012 0.183974
vt 0.88079 0.186482
vt 0.87752 0.185495
vt 0.874918 0.185963
vt 0.878466 0.181863
vt 0.881439 0.180012
vt 0.877973 0.179905
vt 0.880995 0.182991
vt 0.881439 0.180012
vt 0.878466 0.181863
vt 0.88079 0.186482
vt 0.88151 0.184966
vt 0.87752 0.185495
vt 0.884059 0.184307
vt 0.880995 0.182991
vt 0.88151 0.184966
vt 0.886678 0.180799
vt 0.884885 0.179403
vt 0.881439 0.180012
vt 0.885711 0.182665
vt 0.886678 0.180799
vt 0.881439 0.180012
vt 0.885711 0.182665
vt 0.881439 0.180012
vt 0.880995 0.182991
vt 0.884059 0.184307
vt 0.885711 0.182665
vt 0.880995 0.182991
vt 0.88489 0.187113
vt 0.88079 0.186482
vt 0.877637 0.187066
vt 0.87393 0.187398
vt 0.88489 0.187113
vt 0.877637 0.187066
vt 0.88079 0.186482
vt 0.885952 0.185837
vt 0.88151 0.184966
vt 0.883285 0.18741
vt 0.88489 0.187113
vt 0.87393 0.187398
vt 0.885952 0.185837
vt 0.884059 0.184307
vt 0.88151 0.184966
vt 0.886678 0.180799
vt 0.889464 0.179134
vt 0.884885 0.179403
vt 0.888972 0.184471
vt 0.885711 0.182665
vt 0.884059 0.184307
vt 0.885952 0.185837
vt 0.888972 0.184471
vt 0.884059 0.184307
vt 0.88489 0.187113
vt 0.885952 0.185837
vt 0.88079 0.186482
vt 0.889987 0.182685
vt 0.890838 0.181059
vt 0.886678 0.180799
vt 0.889987 0.182685
vt 0.886678 0.180799
vt 0.885711 0.182665
vt 0.888972 0.184471
vt 0.889987 0.182685
vt 0.885711 0.182665
vt 0.890838 0.181059
vt 0.889464 0.179134
vt 0.886678 0.180799
vt 0.88489 0.187113
vt 0.890202 0.186234
vt 0.885952 0.185837
vt 0.890838 0.181059
vt 0.893151 0.179548
vt 0.889464 0.179134
vt 0.890202 0.186234
vt 0.888972 0.184471
vt 0.885952 0.185837
vt 0.888444 0.187068
vt 0.890202 0.186234
vt 0.88489 0.187113
vt 0.894204 0.182407
vt 0.893151 0.179548
vt 0.890838 0.181059
vt 0.894204 0.182407
vt 0.890838 0.181059
vt 0.889987 0.182685
vt 0.893151 0.184156
vt 0.894204 0.182407
vt 0.889987 0.182685
vt 0.893151 0.184156
vt 0.889987 0.182685
vt 0.888972 0.184471
vt 0.891962 0.18547
vt 0.893151 0.184156
vt 0.888972 0.184471
vt 0.891962 0.18547
vt 0.888972 0.184471
vt 0.890202 0.186234
vt 0.889919 0.187365
vt 0.888444 0.187068
vt 0.88489 0.187113
vt 0.889919 0.187365
vt 0.88489 0.187113
vt 0.883285 0.18741
vt 0.895459 0.179833
vt 0.893151 0.179548
vt 0.894204 0.182407
vt 0.889919 0.187365
vt 0.892673 0.186329
vt 0.890202 0.186234
vt 0.889919 0.187365
vt 0.890202 0.186234
vt 0.888444 0.187068
vt 0.896927 0.179951
vt 0.895459 0.179833
vt 0.894204 0.182407
vt 0.896989 0.182194
vt 0.896927 0.179951
vt 0.894204 0.182407
vt 0.895303 0.184434
vt 0.896989 0.182194
vt 0.894204 0.182407
vt 0.895303 0.184434
vt 0.894204 0.182407
vt 0.893151 0.184156
vt 0.895303 0.184434
vt 0.893151 0.184156
vt 0.891962 0.18547
vt 0.892673 0.186329
vt 0.895303 0.184434
vt 0.891962 0.18547
vt 0.892673 0.186329
vt 0.891962 0.18547
vt 0.890202 0.186234
vt 0.892035 0.187114
vt 0.892673 0.186329
vt 0.889919 0.187365
vt 0.896989 0.182194
vt 0.898203 0.179472
vt 0.896927 0.179951
vt 0.894056 0.186101
vt 0.895303 0.184434
vt 0.892673 0.186329
vt 0.894056 0.186101
vt 0.89604 0.184791
vt 0.895303 0.184434
vt 0.892035 0.187114
vt 0.894056 0.186101
vt 0.892673 0.186329
vt 0.895303 0.184434
vt 0.897348 0.183183
vt 0.896989 0.182194
vt 0.898329 0.181035
vt 0.898203 0.179472
vt 0.896989 0.182194
vt 0.89604 0.184791
vt 0.897348 0.183183
vt 0.895303 0.184434
vt 0.897348 0.183183
vt 0.898329 0.181035
vt 0.896989 0.182194
vt 0.890615 0.187406
vt 0.892035 0.187114
vt 0.889919 0.187365
vt 0.894333 0.186259
vt 0.89604 0.184791
vt 0.894056 0.186101
vt 0.898806 0.179276
vt 0.898203 0.179472
vt 0.898329 0.181035
vt 0.892035 0.187114
vt 0.894333 0.186259
vt 0.894056 0.186101
vt 0.892844 0.18688
vt 0.894333 0.186259
vt 0.892035 0.187114
vt 0.898269 0.181451
vt 0.898806 0.179276
vt 0.898329 0.181035
vt 0.897348 0.183183
vt 0.898269 0.181451
vt 0.898329 0.181035
vt 0.890671 0.187348
vt 0.892035 0.187114
vt 0.890615 0.187406
vt 0.897173 0.183383
vt 0.898269 0.181451
vt 0.897348 0.183183
vt 0.895908 0.184947
vt 0.897173 0.183383
vt 0.897348 0.183183
vt 0.895908 0.184947
vt 0.897348 0.183183
vt 0.89604 0.184791
vt 0.894333 0.186259
vt 0.895908 0.184947
vt 0.89604 0.184791
vt 0.890671 0.187348
vt 0.892844 0.18688
vt 0.892035 0.187114
vt 0.898542 0.179715
vt 0.898806 0.179276
vt 0.898269 0.181451
vt 0.897402 0.182317
vt 0.898269 0.181451
vt 0.897173 0.183383
vt 0.897402 0.182317
vt 0.898542 0.179715
vt 0.898269 0.181451
vt 0.894722 0.18516
vt 0.897173 0.183383
vt 0.895908 0.184947
vt 0.897402 0.182317
vt 0.897941 0.179675
vt 0.898542 0.179715
vt 0.894333 0.186259
vt 0.894722 0.18516
vt 0.895908 0.184947
vt 0.894722 0.18516
vt 0.896274 0.182909
vt 0.897173 0.183383
vt 0.89269 0.186257
vt 0.894722 0.18516
vt 0.894333 0.186259
vt 0.892844 0.18688
vt 0.89269 0.186257
vt 0.894333 0.186259
vt 0.896274 0.182909
vt 0.897941 0.179675
vt 0.897402 0.182317
vt 0.896274 0.182909
vt 0.897402 0.182317
vt 0.897173 0.183383
vt 0.896274 0.182909
vt 0.896869 0.179625
vt 0.897941 0.179675
vt 0.890101 0.186924
vt 0.89269 0.186257
vt 0.892844 0.18688
vt 0.890671 0.187348
vt 0.890101 0.186924
vt 0.892844 0.18688
vt 0.895047 0.180899
vt 0.896869 0.179625
vt 0.896274 0.182909
vt 0.894237 0.182873
vt 0.895047 0.180899
vt 0.896274 0.182909
vt 0.892545 0.184948
vt 0.894237 0.182873
vt 0.896274 0.182909
vt 0.892545 0.184948
vt 0.896274 0.182909
vt 0.894722 0.18516
vt 0.89269 0.186257
vt 0.892545 0.184948
vt 0.894722 0.18516
vt 0.895047 0.180899
vt 0.89427 0.179081
vt 0.896869 0.179625
vt 0.890048 0.185824
vt 0.892545 0.184948
vt 0.89269 0.186257
vt 0.890101 0.186924
vt 0.890048 0.185824
vt 0.89269 0.186257
vt 0.887571 0.186948
vt 0.890101 0.186924
vt 0.890671 0.187348
vt 0.883839 0.187415
vt 0.887571 0.186948
vt 0.890671 0.187348
vt 0.890815 0.184011
vt 0.894237 0.182873
vt 0.892545 0.184948
vt 0.892654 0.181439
vt 0.89427 0.179081
vt 0.895047 0.180899
vt 0.892654 0.181439
vt 0.895047 0.180899
vt 0.894237 0.182873
vt 0.890815 0.184011
vt 0.892654 0.181439
vt 0.894237 0.182873
vt 0.890048 0.185824
vt 0.890815 0.184011
vt 0.892545 0.184948
vt 0.887571 0.186948
vt 0.890048 0.185824
vt 0.890101 0.186924
vt 0.891429 0.179617
vt 0.89427 0.179081
vt 0.892654 0.181439
vt 0.88946 0.181764
vt 0.891429 0.179617
vt 0.892654 0.181439
vt 0.890815 0.184011
vt 0.88946 0.181764
vt 0.892654 0.181439
vt 0.88946 0.181764
vt 0.888288 0.179338
vt 0.891429 0.179617
vt 0.885539 0.185628
vt 0.890815 0.184011
vt 0.890048 0.185824
vt 0.887571 0.186948
vt 0.885539 0.185628
vt 0.890048 0.185824
vt 0.883839 0.187415
vt 0.882794 0.18691
vt 0.887571 0.186948
vt 0.887092 0.18397
vt 0.88946 0.181764
vt 0.890815 0.184011
vt 0.887092 0.18397
vt 0.890815 0.184011
vt 0.885539 0.185628
vt 0.882794 0.18691
vt 0.885539 0.185628
vt 0.887571 0.186948
vt 0.883776 0.181375
vt 0.888288 0.179338
vt 0.88946 0.181764
vt 0.88464 0.182665
vt 0.883776 0.181375
vt 0.88946 0.181764
vt 0.88464 0.182665
vt 0.88946 0.181764
vt 0.887092 0.18397
vt 0.885539 0.185628
vt 0.882953 0.184427
vt 0.887092 0.18397
vt 0.883776 0.181375
vt 0.883966 0.17893
vt 0.888288 0.179338
vt 0.882953 0.184427
vt 0.88464 0.182665
vt 0.887092 0.18397
vt 0.883839 0.187415
vt 0.879471 0.187073
vt 0.882794 0.18691
vt 0.879687 0.185205
vt 0.882953 0.184427
vt 0.885539 0.185628
vt 0.882794 0.18691
vt 0.879687 0.185205
vt 0.885539 0.185628
vt 0.880921 0.179288
vt 0.883966 0.17893
vt 0.883776 0.181375
vt 0.880075 0.183181
vt 0.883776 0.181375
vt 0.88464 0.182665
vt 0.882953 0.184427
vt 0.880075 0.183181
vt 0.88464 0.182665
vt 0.878952 0.186387
vt 0.879687 0.185205
vt 0.882794 0.18691
vt 0.879471 0.187073
vt 0.878952 0.186387
vt 0.882794 0.18691
vt 0.878292 0.181182
vt 0.880921 0.179288
vt 0.883776 0.181375
vt 0.880075 0.183181
vt 0.878292 0.181182
vt 0.883776 0.181375
vt 0.879687 0.185205
vt 0.880075 0.183181
vt 0.882953 0.184427
vt 0.873862 0.187385
vt 0.879471 0.187073
vt 0.883839 0.187415
vt 0.878292 0.181182
vt 0.877741 0.179737
vt 0.880921 0.179288
vt 0.879687 0.185205
vt 0.875411 0.183383
vt 0.880075 0.183181
vt 0.875018 0.185404
vt 0.879687 0.185205
vt 0.878952 0.186387
vt 0.875411 0.183383
vt 0.878292 0.181182
vt 0.880075 0.183181
vt 0.875018 0.185404
vt 0.875411 0.183383
vt 0.879687 0.185205
vt 0.87301 0.186923
vt 0.878952 0.186387
vt 0.879471 0.187073
vt 0.873862 0.187385
vt 0.87301 0.186923
vt 0.879471 0.187073
vt 0.87301 0.186923
vt 0.875018 0.185404
vt 0.878952 0.186387
vt 0.878292 0.181182
vt 0.873658 0.179737
vt 0.877741 0.179737
vt 0.873327 0.181877
vt 0.873658 0.179737
vt 0.878292 0.181182
vt 0.875411 0.183383
vt 0.873327 0.181877
vt 0.878292 0.181182
vt 0.875018 0.185404
vt 0.870604 0.183591
vt 0.875411 0.183383
vt 0.87301 0.186923
vt 0.870621 0.185927
vt 0.875018 0.185404
vt 0.870604 0.183591
vt 0.873327 0.181877
vt 0.875411 0.183383
vt 0.870621 0.185927
vt 0.870604 0.183591
vt 0.875018 0.185404
vt 0.869164 0.181879
vt 0.873658 0.179737
vt 0.873327 0.181877
vt 0.870604 0.183591
vt 0.869164 0.181879
vt 0.873327 0.181877
vt 0.869164 0.181879
vt 0.868462 0.179383
vt 0.873658 0.179737
vt 0.867728 0.184786
vt 0.870604 0.183591
vt 0.870621 0.185927
vt 0.865284 0.18156
vt 0.868462 0.179383
vt 0.869164 0.181879
vt 0.867728 0.184786
vt 0.865356 0.183614
vt 0.870604 0.183591
vt 0.865318 0.185638
vt 0.867728 0.184786
vt 0.870621 0.185927
vt 0.86661 0.186833
vt 0.865318 0.185638
vt 0.870621 0.185927
vt 0.86661 0.186833
vt 0.870621 0.185927
vt 0.87301 0.186923
vt 0.863001 0.187379
vt 0.86661 0.186833
vt 0.87301 0.186923
vt 0.863001 0.187379
vt 0.87301 0.186923
vt 0.873862 0.187385
vt 0.865356 0.183614
vt 0.865284 0.18156
vt 0.869164 0.181879
vt 0.865356 0.183614
vt 0.869164 0.181879
vt 0.870604 0.183591
vt 0.865284 0.18156
vt 0.863304 0.179137
vt 0.868462 0.179383
vt 0.865318 0.185638
vt 0.865356 0.183614
vt 0.867728 0.184786
vt 0.865356 0.183614
vt 0.861528 0.181327
vt 0.865284 0.18156
vt 0.861528 0.181327
vt 0.863304 0.179137
vt 0.865284 0.18156
vt 0.865318 0.185638
vt 0.86054 0.184262
vt 0.865356 0.183614
vt 0.861572 0.186333
vt 0.865318 0.185638
vt 0.86661 0.186833
vt 0.86054 0.184262
vt 0.861528 0.181327
vt 0.865356 0.183614
vt 0.863001 0.187379
vt 0.861572 0.186333
vt 0.86661 0.186833
vt 0.85816 0.179001
vt 0.863304 0.179137
vt 0.861528 0.181327
vt 0.861572 0.186333
vt 0.86054 0.184262
vt 0.865318 0.185638
vt 0.85845 0.181439
vt 0.85816 0.179001
vt 0.861528 0.181327
vt 0.86054 0.184262
vt 0.85845 0.181439
vt 0.861528 0.181327
vt 0.854379 0.179953
vt 0.85816 0.179001
vt 0.85845 0.181439
vt 0.855332 0.182777
vt 0.854379 0.179953
vt 0.85845 0.181439
vt 0.855332 0.182777
vt 0.85845 0.181439
vt 0.86054 0.184262
vt 0.856642 0.184971
vt 0.855332 0.182777
vt 0.86054 0.184262
vt 0.856642 0.184971
vt 0.86054 0.184262
vt 0.861572 0.186333
vt 0.85613 0.186548
vt 0.861572 0.186333
vt 0.863001 0.187379
vt 0.85613 0.186548
vt 0.856642 0.184971
vt 0.861572 0.186333
vt 0.851735 0.182944
vt 0.851017 0.180103
vt 0.854379 0.179953
vt 0.851735 0.182944
vt 0.854379 0.179953
vt 0.855332 0.182777
vt 0.853708 0.184639
vt 0.855332 0.182777
vt 0.856642 0.184971
vt 0.85613 0.186548
vt 0.853708 0.184639
vt 0.856642 0.184971
vt 0.856184 0.187002
vt 0.85613 0.186548
vt 0.863001 0.187379
vt 0.853708 0.184639
vt 0.851735 0.182944
vt 0.855332 0.182777
vt 0.85613 0.186548
vt 0.851407 0.185258
vt 0.853708 0.184639
vt 0.854208 0.187318
vt 0.856184 0.187002
vt 0.863001 0.187379
vt 0.851407 0.185258
vt 0.851735 0.182944
vt 0.853708 0.184639
vt 0.851316 0.186244
vt 0.85613 0.186548
vt 0.856184 0.187002
vt 0.848511 0.181619
vt 0.851017 0.180103
vt 0.851735 0.182944
vt 0.851407 0.185258
vt 0.849487 0.183698
vt 0.851735 0.182944
vt 0.851316 0.186244
vt 0.851407 0.185258
vt 0.85613 0.186548
vt 0.854208 0.187318
vt 0.851316 0.186244
vt 0.856184 0.187002
vt 0.848511 0.181619
vt 0.848831 0.179079
vt 0.851017 0.180103
vt 0.849487 0.183698
vt 0.848511 0.181619
vt 0.851735 0.182944
vt 0.846531 0.179383
vt 0.848831 0.179079
vt 0.848511 0.181619
vt 0.848182 0.18377
vt 0.849487 0.183698
vt 0.851407 0.185258
vt 0.846401 0.181554
vt 0.846531 0.179383
vt 0.848511 0.181619
vt 0.848182 0.18377
vt 0.848511 0.181619
vt 0.849487 0.183698
vt 0.851316 0.186244
vt 0.848182 0.18377
vt 0.851407 0.185258
vt 0.851067 0.186888
vt 0.851316 0.186244
vt 0.854208 0.187318
vt 0.848182 0.18377
vt 0.846401 0.181554
vt 0.848511 0.181619
vt 0.851316 0.186244
vt 0.84845 0.185278
vt 0.848182 0.18377
vt 0.846645 0.183284
vt 0.846401 0.181554
vt 0.848182 0.18377
vt 0.851067 0.186888
vt 0.849486 0.186211
vt 0.851316 0.186244
vt 0.853053 0.187414
vt 0.851067 0.186888
vt 0.854208 0.187318
vt 0.845275 0.179784
vt 0.846531 0.179383
vt 0.846401 0.181554
vt 0.84845 0.185278
vt 0.846645 0.183284
vt 0.848182 0.18377
vt 0.849486 0.186211
vt 0.84845 0.185278
vt 0.851316 0.186244
vt 0.846645 0.183284
vt 0.845275 0.179784
vt 0.846401 0.181554
vt 0.84845 0.185278
vt 0.846316 0.183553
vt 0.846645 0.183284
vt 0.846645 0.183284
vt 0.845215 0.181429
vt 0.845275 0.179784
vt 0.845215 0.181429
vt 0.844618 0.179304
vt 0.845275 0.179784
vt 0.846316 0.183553
vt 0.845215 0.181429
vt 0.846645 0.183284
vt 0.847016 0.184656
vt 0.846316 0.183553
vt 0.84845 0.185278
vt 0.853053 0.187414
vt 0.85137 0.187183
vt 0.851067 0.186888
vt 0.849486 0.186211
vt 0.847016 0.184656
vt 0.84845 0.185278
vt 0.851067 0.186888
vt 0.849021 0.186256
vt 0.849486 0.186211
vt 0.849021 0.186256
vt 0.847016 0.184656
vt 0.849486 0.186211
vt 0.845084 0.18163
vt 0.844618 0.179304
vt 0.845215 0.181429
vt 0.846316 0.183553
vt 0.845084 0.18163
vt 0.845215 0.181429
vt 0.85137 0.187183
vt 0.849021 0.186256
vt 0.851067 0.186888
vt 0.847016 0.184656
vt 0.845084 0.18163
vt 0.846316 0.183553
vt 0.845084 0.18163
vt 0.844699 0.17974
vt 0.844618 0.179304
vt 0.849021 0.186256
vt 0.847483 0.184957
vt 0.847016 0.184656
vt 0.845776 0.182755
vt 0.845084 0.18163
vt 0.847016 0.184656
vt 0.845776 0.182755
vt 0.844699 0.17974
vt 0.845084 0.18163
vt 0.847483 0.184957
vt 0.845776 0.182755
vt 0.847016 0.184656
vt 0.85382 0.187379
vt 0.85137 0.187183
vt 0.853053 0.187414
vt 0.845928 0.181632
vt 0.845207 0.178947
vt 0.844699 0.17974
vt 0.845928 0.181632
vt 0.844699 0.17974
vt 0.845776 0.182755
vt 0.846702 0.183615
vt 0.845928 0.181632
vt 0.845776 0.182755
vt 0.846702 0.183615
vt 0.845776 0.182755
vt 0.847483 0.184957
vt 0.85137 0.187183
vt 0.85112 0.186609
vt 0.849021 0.186256
vt 0.849021 0.186256
vt 0.848596 0.18513
vt 0.847483 0.184957
vt 0.848596 0.18513
vt 0.846702 0.183615
vt 0.847483 0.184957
vt 0.85112 0.186609
vt 0.848596 0.18513
vt 0.849021 0.186256
vt 0.84654 0.18086
vt 0.845207 0.178947
vt 0.845928 0.181632
vt 0.848596 0.18513
vt 0.848445 0.183847
vt 0.846702 0.183615
vt 0.848445 0.183847
vt 0.845928 0.181632
vt 0.846702 0.183615
vt 0.850284 0.18572
vt 0.848596 0.18513
vt 0.85112 0.186609
vt 0.84654 0.18086
vt 0.846932 0.179
vt 0.845207 0.178947
vt 0.848445 0.183847
vt 0.84654 0.18086
vt 0.845928 0.181632
vt 0.85382 0.187379
vt 0.85112 0.186609
vt 0.85137 0.187183
vt 0.849191 0.182573
vt 0.84654 0.18086
vt 0.848445 0.183847
vt 0.850284 0.18572
vt 0.848445 0.183847
vt 0.848596 0.18513
vt 0.848886 0.180061
vt 0.846932 0.179
vt 0.84654 0.18086
vt 0.849191 0.182573
vt 0.848886 0.180061
vt 0.84654 0.18086
vt 0.851297 0.184307
vt 0.849191 0.182573
vt 0.848445 0.183847
vt 0.852755 0.185932
vt 0.851297 0.184307
vt 0.848445 0.183847
vt 0.852755 0.185932
vt 0.848445 0.183847
vt 0.850284 0.18572
vt 0.852755 0.185932
vt 0.850284 0.18572
vt 0.85112 0.186609
vt 0.855352 0.186952
vt 0.85112 0.186609
vt 0.85382 0.187379
vt 0.855352 0.186952
vt 0.852755 0.185932
vt 0.85112 0.186609
vt 0.851297 0.184307
vt 0.852562 0.182866
vt 0.849191 0.182573
vt 0.858719 0.187366
vt 0.855352 0.186952
vt 0.85382 0.187379
vt 0.852521 0.179908
vt 0.851173 0.179134
vt 0.848886 0.180061
vt 0.852562 0.182866
vt 0.852521 0.179908
vt 0.848886 0.180061
vt 0.852562 0.182866
vt 0.848886 0.180061
vt 0.849191 0.182573
vt 0.854963 0.185117
vt 0.852562 0.182866
vt 0.851297 0.184307
vt 0.854963 0.185117
vt 0.851297 0.184307
vt 0.852755 0.185932
vt 0.85717 0.186343
vt 0.854963 0.185117
vt 0.852755 0.185932
vt 0.855352 0.186952
vt 0.85717 0.186343
vt 0.852755 0.185932
vt 0.854963 0.185117
vt 0.855794 0.183402
vt 0.852562 0.182866
vt 0.855794 0.183402
vt 0.856573 0.179926
vt 0.852521 0.179908
vt 0.855794 0.183402
vt 0.852521 0.179908
vt 0.852562 0.182866
vt 0.858719 0.187366
vt 0.85717 0.186343
vt 0.855352 0.186952
vt 0.859466 0.185515
vt 0.855794 0.183402
vt 0.854963 0.185117
vt 0.859466 0.185515
vt 0.854963 0.185117
vt 0.85717 0.186343
vt 0.858688 0.181564
vt 0.856573 0.179926
vt 0.855794 0.183402
vt 0.86262 0.187083
vt 0.85717 0.186343
vt 0.858719 0.187366
vt 0.86262 0.187083
vt 0.859466 0.185515
vt 0.85717 0.186343
vt 0.861992 0.183775
vt 0.858688 0.181564
vt 0.855794 0.183402
vt 0.859466 0.185515
vt 0.861992 0.183775
vt 0.855794 0.183402
vt 0.866322 0.1874
vt 0.86262 0.187083
vt 0.858719 0.187366
vt 0.858688 0.181564
vt 0.860918 0.178978
vt 0.856573 0.179926
vt 0.862265 0.181033
vt 0.860918 0.178978
vt 0.858688 0.181564
vt 0.861992 0.183775
vt 0.862265 0.181033
vt 0.858688 0.181564
vt 0.863582 0.185817
vt 0.861992 0.183775
vt 0.859466 0.185515
vt 0.86262 0.187083
vt 0.863582 0.185817
vt 0.859466 0.185515
vt 0.865159 0.179072
vt 0.860918 0.178978
vt 0.862265 0.181033
vt 0.865416 0.181831
vt 0.862265 0.181033
vt 0.861992 0.183775
vt 0.866539 0.184928
vt 0.861992 0.183775
vt 0.863582 0.185817
vt 0.867031 0.186948
vt 0.863582 0.185817
vt 0.86262 0.187083
vt 0.866322 0.1874
vt 0.867031 0.186948
vt 0.86262 0.187083
vt 0.865416 0.181831
vt 0.865159 0.179072
vt 0.862265 0.181033
vt 0.867031 0.186948
vt 0.867433 0.186138
vt 0.863582 0.185817
vt 0.867645 0.183587
vt 0.865416 0.181831
vt 0.861992 0.183775
vt 0.866539 0.184928
vt 0.867645 0.183587
vt 0.861992 0.183775
vt 0.867433 0.186138
vt 0.866539 0.184928
vt 0.863582 0.185817
vt 0.869648 0.180879
vt 0.865159 0.179072
vt 0.865416 0.181831
vt 0.869648 0.180879
vt 0.870353 0.179157
vt 0.865159 0.179072
vt 0.867433 0.186138
vt 0.870948 0.18516
vt 0.866539 0.184928
vt 0.867645 0.183587
vt 0.869648 0.180879
vt 0.865416 0.181831
vt 0.87393 0.187398
vt 0.867031 0.186948
vt 0.866322 0.1874
vt 0.871812 0.182893
vt 0.869648 0.180879
vt 0.867645 0.183587
vt 0.870948 0.18516
vt 0.867645 0.183587
vt 0.866539 0.184928
vt 0.871909 0.186713
vt 0.870948 0.18516
vt 0.867433 0.186138
vt 0.871909 0.186713
vt 0.867433 0.186138
vt 0.867031 0.186948
vt 0.870948 0.18516
vt 0.871812 0.182893
vt 0.867645 0.183587
vt 0.87393 0.187398
vt 0.871909 0.186713
vt 0.867031 0.186948
vt 0.890671 0.187348
vt 0.890615 0.187406
vt 0.883839 0.187415
vt 0.854208 0.187318
vt 0.863001 0.187379
vt 0.853053 0.187414
vt 0.751804 0.384741
vt 0.752827 0.357455
vt 0.751443 0.357259
vt 0.757808 0.38452
vt 0.75551 0.357403
vt 0.755432 0.384563
vt 0.762493 0.384704
vt 0.764846 0.357447
vt 0.762801 0.357216
vt 0.775896 0.384562
vt 0.773444 0.357194
vt 0.772832 0.384745
vt 0.78119 0.38454
vt 0.776556 0.357418
vt 0.775896 0.384562
vt 0.789262 0.384522
vt 0.796703 0.35743
vt 0.788921 0.357403
vt 0.890404 0.384513
vt 0.87449 0.357462
vt 0.872548 0.384448
vt 0.917847 0.384526
vt 0.922406 0.357452
vt 0.914929 0.357446
vt 0.929215 0.384537
vt 0.92575 0.357234
vt 0.925627 0.384728
vt 0.925627 0.384728
vt 0.922406 0.357452
vt 0.922437 0.384527
vt 0.929215 0.384537
vt 0.932825 0.357444
vt 0.929209 0.357413
vt 0.933007 0.384532
vt 0.936195 0.357459
vt 0.932825 0.357444
vt 0.944083 0.38472
vt 0.945505 0.357455
vt 0.943488 0.357467
vt 0.947104 0.384548
vt 0.945505 0.357455
vt 0.945696 0.384574
vt 0.94737 0.3845
vt 0.945696 0.35739
vt 0.94748 0.357508
vt 0.945509 0.384505
vt 0.944072 0.357243
vt 0.945696 0.35739
vt 0.936169 0.384506
vt 0.932997 0.35743
vt 0.936028 0.357441
vt 0.932816 0.38452
vt 0.929213 0.357425
vt 0.932997 0.35743
vt 0.925322 0.384534
vt 0.929213 0.357425
vt 0.929207 0.384549
vt 0.874483 0.384501
vt 0.890407 0.35745
vt 0.893519 0.384562
vt 0.773446 0.384768
vt 0.775993 0.35741
vt 0.777768 0.384511
vt 0.75551 0.38456
vt 0.757808 0.357442
vt 0.757636 0.384748
vt 0.75327 0.384486
vt 0.755432 0.357399
vt 0.75551 0.38456
vt 0.764847 0.384515
vt 0.762494 0.357259
vt 0.765476 0.357432
vt 0.75327 0.384486
vt 0.751803 0.357221
vt 0.753258 0.357448
vt 0.950047 0.384489
vt 0.950253 0.385138
vt 0.950699 0.384545
vt 0.950253 0.385138
vt 0.950624 0.384525
vt 0.950699 0.384545
vt 0.950122 0.385144
vt 0.950036 0.384536
vt 0.950624 0.384525
vt 0.950047 0.357474
vt 0.950163 0.356833
vt 0.950699 0.357417
vt 0.749004 0.384517
vt 0.750175 0.384932
vt 0.7498 0.384534
vt 0.750175 0.384932
vt 0.752942 0.385169
vt 0.751804 0.384741
vt 0.756406 0.38514
vt 0.757808 0.38452
vt 0.755432 0.384563
vt 0.757992 0.384913
vt 0.760234 0.384546
vt 0.757808 0.38452
vt 0.762493 0.384704
vt 0.766426 0.385174
vt 0.765618 0.384913
vt 0.765618 0.384913
vt 0.769141 0.384539
vt 0.765476 0.38453
vt 0.786885 0.385066
vt 0.79767 0.384506
vt 0.789262 0.384522
vt 0.872229 0.385068
vt 0.890404 0.384513
vt 0.872548 0.384448
vt 0.905423 0.385057
vt 0.912071 0.384444
vt 0.902132 0.384597
vt 0.912273 0.385133
vt 0.917847 0.384526
vt 0.912071 0.384444
vt 0.929215 0.384537
vt 0.932462 0.385122
vt 0.933007 0.384532
vt 0.933007 0.384532
vt 0.935905 0.385137
vt 0.936048 0.384522
vt 0.935905 0.385137
vt 0.938152 0.384532
vt 0.936048 0.384522
vt 0.775246 0.385173
vt 0.786885 0.385066
vt 0.779148 0.385057
vt 0.948467 0.357496
vt 0.947129 0.356905
vt 0.947368 0.357463
vt 0.936195 0.357459
vt 0.932534 0.356843
vt 0.932825 0.357444
vt 0.932534 0.356843
vt 0.929209 0.357413
vt 0.932825 0.357444
vt 0.912274 0.356829
vt 0.90653 0.357434
vt 0.914929 0.357446
vt 0.905425 0.356906
vt 0.898424 0.35745
vt 0.90653 0.357434
vt 0.888607 0.357423
vt 0.872998 0.356905
vt 0.87449 0.357462
vt 0.872998 0.356905
vt 0.856492 0.357501
vt 0.87449 0.357462
vt 0.833555 0.356829
vt 0.84444 0.357482
vt 0.850951 0.35705
vt 0.788921 0.357403
vt 0.78053 0.356831
vt 0.782072 0.357499
vt 0.750342 0.356846
vt 0.748547 0.35744
vt 0.749842 0.357508
vt 0.945863 0.356827
vt 0.948086 0.35688
vt 0.949638 0.356777
vt 0.749004 0.357445
vt 0.750175 0.35703
vt 0.7498 0.357428
vt 0.750175 0.35703
vt 0.752942 0.356793
vt 0.751803 0.357221
vt 0.756406 0.356822
vt 0.757808 0.357442
vt 0.755432 0.357399
vt 0.757992 0.357049
vt 0.760234 0.357416
vt 0.757808 0.357442
vt 0.762494 0.357259
vt 0.766426 0.356789
vt 0.765618 0.35705
vt 0.765618 0.35705
vt 0.769142 0.357423
vt 0.765476 0.357432
vt 0.786885 0.356897
vt 0.795981 0.357459
vt 0.788546 0.357405
vt 0.806818 0.357438
vt 0.819733 0.356827
vt 0.822141 0.357519
vt 0.839352 0.356829
vt 0.822141 0.357519
vt 0.819733 0.356827
vt 0.853965 0.35683
vt 0.872548 0.357514
vt 0.851167 0.357429
vt 0.872229 0.356894
vt 0.890407 0.35745
vt 0.872548 0.357514
vt 0.905423 0.356906
vt 0.912071 0.357518
vt 0.902133 0.357365
vt 0.912273 0.356829
vt 0.917847 0.357436
vt 0.912071 0.357518
vt 0.929213 0.357425
vt 0.932462 0.35684
vt 0.932997 0.35743
vt 0.932997 0.35743
vt 0.935905 0.356825
vt 0.936028 0.357441
vt 0.935905 0.356825
vt 0.938125 0.357433
vt 0.936028 0.357441
vt 0.775246 0.356789
vt 0.786885 0.356897
vt 0.779148 0.356906
vt 0.936169 0.384506
vt 0.932534 0.38512
vt 0.932816 0.38452
vt 0.94743 0.385068
vt 0.94737 0.3845
vt 0.948881 0.384414
vt 0.932534 0.38512
vt 0.929207 0.384549
vt 0.932816 0.38452
vt 0.928997 0.385067
vt 0.925322 0.384534
vt 0.929207 0.384549
vt 0.924987 0.38512
vt 0.920684 0.384462
vt 0.925322 0.384534
vt 0.893438 0.385119
vt 0.905392 0.384533
vt 0.908044 0.385129
vt 0.893438 0.385119
vt 0.874483 0.384501
vt 0.893519 0.384562
vt 0.872998 0.385057
vt 0.856454 0.384461
vt 0.874483 0.384501
vt 0.833554 0.385134
vt 0.844416 0.384481
vt 0.850951 0.384913
vt 0.750342 0.385117
vt 0.748826 0.384505
vt 0.749841 0.384455
vt 0.966515 0.072575
vt 0.967184 0.068395
vt 0.966471 0.068402
vt 0.948317 0.385197
vt 0.945864 0.385136
vt 0.94743 0.385068
vt 0.965842 0.072572
vt 0.965059 0.068338
vt 0.964902 0.07262
vt 0.964902 0.07262
vt 0.963729 0.068412
vt 0.964004 0.072626
vt 0.925986 0.072582
vt 0.92483 0.068385
vt 0.925188 0.072636
vt 0.92328 0.068387
vt 0.922649 0.072575
vt 0.923155 0.072634
vt 0.922055 0.072577
vt 0.922613 0.068394
vt 0.922014 0.068385
vt 0.921115 0.072628
vt 0.921506 0.068392
vt 0.920915 0.068339
vt 0.922014 0.068385
vt 0.921553 0.072577
vt 0.922055 0.072577
vt 0.920245 0.072628
vt 0.9199 0.06838
vt 0.91986 0.072624
vt 0.91986 0.072624
vt 0.919481 0.068379
vt 0.919524 0.072624
vt 0.919767 0.072572
vt 0.920168 0.068378
vt 0.920152 0.072561
vt 0.919403 0.072568
vt 0.919711 0.068365
vt 0.919767 0.072572
vt 0.920152 0.072561
vt 0.920515 0.068383
vt 0.920587 0.072582
vt 0.923154 0.072634
vt 0.923611 0.068388
vt 0.92368 0.07258
vt 0.924697 0.068341
vt 0.92579 0.072583
vt 0.924632 0.072572
vt 0.924632 0.072572
vt 0.923611 0.068388
vt 0.924697 0.068341
vt 0.937614 0.072559
vt 0.934311 0.06837
vt 0.938224 0.068391
vt 0.931381 0.072568
vt 0.934311 0.06837
vt 0.934107 0.072578
vt 0.960862 0.068382
vt 0.962003 0.072574
vt 0.960531 0.072553
vt 0.966767 0.068347
vt 0.967186 0.072631
vt 0.966652 0.072572
vt 0.964902 0.072577
vt 0.96394 0.068397
vt 0.965156 0.068378
vt 0.969885 0.068221
vt 0.969826 0.068379
vt 0.969962 0.068378
vt 0.972642 0.07262
vt 0.972303 0.072739
vt 0.972506 0.072741
vt 0.972107 0.072673
vt 0.972534 0.072577
vt 0.972501 0.072712
vt 0.91911 0.072572
vt 0.919516 0.072709
vt 0.919163 0.072725
vt 0.919767 0.072572
vt 0.919516 0.072709
vt 0.919403 0.072568
vt 0.920152 0.072561
vt 0.919867 0.07273
vt 0.919767 0.072572
vt 0.931381 0.072568
vt 0.928592 0.072711
vt 0.929167 0.07257
vt 0.934107 0.072578
vt 0.936973 0.072729
vt 0.93198 0.072678
vt 0.960531 0.072553
vt 0.958836 0.072709
vt 0.958546 0.072577
vt 0.962003 0.072574
vt 0.960584 0.072729
vt 0.960531 0.072553
vt 0.964902 0.072577
vt 0.965735 0.072726
vt 0.96447 0.072729
vt 0.965871 0.072574
vt 0.966578 0.072707
vt 0.965735 0.072726
vt 0.968254 0.072579
vt 0.968651 0.072723
vt 0.967985 0.072726
vt 0.969487 0.072577
vt 0.969153 0.072729
vt 0.969107 0.072586
vt 0.928592 0.072711
vt 0.925197 0.072731
vt 0.926617 0.072709
vt 0.969465 0.07271
vt 0.969815 0.072565
vt 0.969722 0.072723
vt 0.918858 0.068237
vt 0.918862 0.068392
vt 0.918743 0.068379
vt 0.919555 0.06823
vt 0.919118 0.068383
vt 0.919035 0.068281
vt 0.919893 0.068246
vt 0.920168 0.068378
vt 0.919711 0.068365
vt 0.920268 0.068225
vt 0.920515 0.068383
vt 0.920168 0.068378
vt 0.921751 0.068393
vt 0.922612 0.068231
vt 0.922289 0.068386
vt 0.923701 0.068225
vt 0.922899 0.06839
vt 0.922612 0.068231
vt 0.924586 0.068214
vt 0.923611 0.068388
vt 0.923701 0.068225
vt 0.926726 0.068223
vt 0.928029 0.068373
vt 0.926222 0.068392
vt 0.944248 0.068217
vt 0.949941 0.068274
vt 0.944161 0.06828
vt 0.950062 0.068219
vt 0.956661 0.068277
vt 0.949941 0.068274
vt 0.96394 0.068397
vt 0.964989 0.068231
vt 0.965156 0.068378
vt 0.965156 0.068378
vt 0.966097 0.068247
vt 0.966143 0.068398
vt 0.968721 0.072572
vt 0.968092 0.072728
vt 0.968756 0.072724
vt 0.967241 0.072579
vt 0.966458 0.072729
vt 0.967149 0.072724
vt 0.965842 0.072572
vt 0.966458 0.072729
vt 0.966515 0.072575
vt 0.964902 0.07262
vt 0.963821 0.072736
vt 0.965598 0.072723
vt 0.962253 0.072631
vt 0.963821 0.072736
vt 0.964004 0.072626
vt 0.954287 0.072576
vt 0.957223 0.072729
vt 0.957395 0.072559
vt 0.950541 0.072566
vt 0.945069 0.07273
vt 0.952307 0.072684
vt 0.935629 0.072543
vt 0.941248 0.072684
vt 0.941073 0.072575
vt 0.929234 0.072629
vt 0.927644 0.072741
vt 0.930299 0.072734
vt 0.919524 0.072624
vt 0.920039 0.072734
vt 0.91986 0.072624
vt 0.919118 0.072678
vt 0.918873 0.072735
vt 0.91934 0.072737
vt 0.967694 0.068216
vt 0.967184 0.068395
vt 0.967888 0.068344
vt 0.967184 0.068395
vt 0.966324 0.068221
vt 0.966471 0.068402
vt 0.964621 0.068217
vt 0.965813 0.06835
vt 0.966324 0.068221
vt 0.934184 0.068248
vt 0.930433 0.068372
vt 0.934519 0.068391
vt 0.930392 0.068273
vt 0.927902 0.068377
vt 0.930433 0.068372
vt 0.927947 0.068231
vt 0.926135 0.068388
vt 0.927902 0.068377
vt 0.926135 0.068388
vt 0.925109 0.068223
vt 0.92483 0.068385
vt 0.92328 0.068387
vt 0.922679 0.068224
vt 0.922613 0.068394
vt 0.922679 0.068224
vt 0.922014 0.068385
vt 0.922613 0.068394
vt 0.921066 0.068227
vt 0.921506 0.068392
vt 0.921776 0.068231
vt 0.920375 0.068219
vt 0.9199 0.06838
vt 0.920348 0.068389
vt 0.919956 0.068246
vt 0.919481 0.068379
vt 0.9199 0.06838
vt 0.919542 0.068274
vt 0.919109 0.068388
vt 0.919481 0.068379
vt 0.919204 0.068248
vt 0.918887 0.068379
vt 0.919109 0.068388
vt 0.918771 0.068382
vt 0.918858 0.068237
vt 0.918743 0.068379
vt 0.971554 0.067888
vt 0.971014 0.068078
vt 0.970715 0.068221
vt 0.970715 0.068221
vt 0.971416 0.068092
vt 0.971554 0.067888
vt 0.971431 0.07257
vt 0.96993 0.072727
vt 0.969943 0.07258
vt 0.972172 0.067733
vt 0.972445 0.067593
vt 0.972119 0.067623
vt 0.969719 0.072727
vt 0.969975 0.072583
vt 0.969817 0.072579
vt 0.969763 0.068272
vt 0.969937 0.068383
vt 0.969821 0.068384
vt 0.926826 0.024489
vt 0.928868 0.024489
vt 0.929154 0.024489
vt 0.948577 0.055397
vt 0.953191 0.058932
vt 0.950484 0.059355
vt 0.956965 0.077929
vt 0.958337 0.087005
vt 0.95799 0.088159
vt 0.957717 0.078241
vt 0.958913 0.086867
vt 0.958287 0.078222
vt 0.956966 0.077928
vt 0.958337 0.087005
vt 0.957717 0.078241
vt 0.959726 0.082211
vt 0.959512 0.07672
vt 0.959968 0.082191
vt 0.959391 0.076725
vt 0.959567 0.082222
vt 0.959859 0.0822
vt 0.959073 0.076736
vt 0.959179 0.082249
vt 0.959567 0.082222
vt 0.959414 0.074108
vt 0.958954 0.068267
vt 0.959495 0.074101
vt 0.958954 0.068267
vt 0.959448 0.074101
vt 0.959537 0.074307
vt 0.956517 0.068839
vt 0.956673 0.06489
vt 0.957132 0.068869
vt 0.956673 0.06489
vt 0.957689 0.068353
vt 0.957132 0.068869
vt 0.958108 0.064758
vt 0.958764 0.067924
vt 0.958719 0.068779
vt 0.958764 0.067924
vt 0.958509 0.064725
vt 0.958954 0.068267
vt 0.958545 0.064823
vt 0.958835 0.06792
vt 0.958954 0.068267
vt 0.958295 0.064744
vt 0.958835 0.06792
vt 0.958462 0.064729
vt 0.958295 0.064744
vt 0.958494 0.06883
vt 0.958763 0.068823
vt 0.958028 0.064767
vt 0.958126 0.06884
vt 0.958494 0.06883
vt 0.957663 0.0648
vt 0.957668 0.068853
vt 0.958126 0.06884
vt 0.957207 0.064842
vt 0.957132 0.068869
vt 0.957668 0.068853
vt 0.956673 0.06489
vt 0.956517 0.06884
vt 0.957132 0.068869
vt 0.956074 0.06491
vt 0.956246 0.062265
vt 0.956673 0.06489
vt 0.956673 0.06489
vt 0.956777 0.062189
vt 0.957207 0.064842
vt 0.957207 0.064842
vt 0.957231 0.062125
vt 0.957663 0.064801
vt 0.957663 0.064801
vt 0.957594 0.062073
vt 0.958108 0.064758
vt 0.956246 0.062265
vt 0.957207 0.064842
vt 0.956398 0.061341
vt 0.956246 0.062265
vt 0.956075 0.064912
vt 0.956673 0.06489
vt 0.956246 0.062265
vt 0.956207 0.059803
vt 0.956777 0.062189
vt 0.956207 0.059803
vt 0.957231 0.062125
vt 0.956777 0.062189
vt 0.957231 0.062125
vt 0.956934 0.059496
vt 0.957594 0.062073
vt 0.957594 0.062073
vt 0.95722 0.059429
vt 0.95786 0.062036
vt 0.95786 0.062036
vt 0.957407 0.059385
vt 0.958026 0.062013
vt 0.958026 0.062013
vt 0.957511 0.059396
vt 0.958112 0.062092
vt 0.957511 0.059396
vt 0.958073 0.062007
vt 0.958112 0.062092
vt 0.957465 0.059371
vt 0.957955 0.062023
vt 0.958073 0.062007
vt 0.957326 0.059404
vt 0.957739 0.062053
vt 0.957955 0.062023
vt 0.957089 0.05946
vt 0.957424 0.062097
vt 0.957739 0.062053
vt 0.956755 0.059537
vt 0.957014 0.062156
vt 0.957424 0.062097
vt 0.955682 0.059621
vt 0.955332 0.057288
vt 0.956207 0.059803
vt 0.95458 0.056093
vt 0.955754 0.057735
vt 0.954952 0.055954
vt 0.954595 0.054123
vt 0.955725 0.055667
vt 0.955001 0.053935
vt 0.954595 0.054123
vt 0.954952 0.055954
vt 0.955381 0.055794
vt 0.954179 0.054314
vt 0.95458 0.056093
vt 0.954952 0.055954
vt 0.953692 0.054537
vt 0.953606 0.055672
vt 0.954245 0.056308
vt 0.954243 0.052724
vt 0.955172 0.053859
vt 0.954856 0.054001
vt 0.955172 0.053859
vt 0.954628 0.05252
vt 0.955325 0.053789
vt 0.955325 0.053789
vt 0.954723 0.052542
vt 0.955418 0.053818
vt 0.954723 0.052542
vt 0.955368 0.05377
vt 0.955418 0.053818
vt 0.95467 0.052498
vt 0.95526 0.053819
vt 0.955368 0.05377
vt 0.954372 0.052655
vt 0.95526 0.053819
vt 0.954565 0.052553
vt 0.954243 0.052724
vt 0.953714 0.051381
vt 0.95448 0.052598
vt 0.95448 0.052598
vt 0.953858 0.051294
vt 0.954628 0.05252
vt 0.954628 0.05252
vt 0.953953 0.051311
vt 0.954723 0.052542
vt 0.953953 0.051311
vt 0.95467 0.052498
vt 0.954723 0.052542
vt 0.953898 0.05127
vt 0.954565 0.052553
vt 0.95467 0.052498
vt 0.953797 0.051331
vt 0.954372 0.052655
vt 0.954565 0.052553
vt 0.95361 0.051444
vt 0.954092 0.052804
vt 0.954372 0.052655
vt 0.953339 0.05161
vt 0.953727 0.052998
vt 0.954092 0.052804
vt 0.952986 0.051825
vt 0.953287 0.053233
vt 0.953727 0.052998
vt 0.952074 0.052383
vt 0.95145 0.050794
vt 0.952561 0.052086
vt 0.953714 0.051381
vt 0.952797 0.049826
vt 0.953858 0.051294
vt 0.953858 0.051294
vt 0.952892 0.049835
vt 0.953953 0.051311
vt 0.952892 0.049835
vt 0.953898 0.05127
vt 0.953953 0.051311
vt 0.952835 0.049799
vt 0.953797 0.051331
vt 0.953898 0.05127
vt 0.952738 0.049867
vt 0.95361 0.051444
vt 0.953797 0.051331
vt 0.952561 0.049994
vt 0.953339 0.05161
vt 0.95361 0.051444
vt 0.952302 0.05018
vt 0.952986 0.051825
vt 0.953339 0.05161
vt 0.951967 0.050421
vt 0.952561 0.052086
vt 0.952986 0.051825
vt 0.951099 0.051045
vt 0.952561 0.052086
vt 0.951562 0.050712
vt 0.950866 0.051856
vt 0.952443 0.05293
vt 0.951099 0.051045
vt 0.951099 0.051045
vt 0.950457 0.049422
vt 0.95145 0.050794
vt 0.950839 0.049101
vt 0.952302 0.05018
vt 0.951225 0.048775
vt 0.950839 0.049101
vt 0.951562 0.050712
vt 0.951967 0.050421
vt 0.950457 0.049422
vt 0.951099 0.051045
vt 0.951562 0.050712
vt 0.949515 0.048452
vt 0.950839 0.049101
vt 0.950457 0.049422
vt 0.950839 0.049101
vt 0.949782 0.047547
vt 0.951156 0.048836
vt 0.951156 0.048836
vt 0.950412 0.047611
vt 0.9514 0.048632
vt 0.9514 0.048632
vt 0.950571 0.047462
vt 0.951567 0.048493
vt 0.951567 0.048493
vt 0.950658 0.047381
vt 0.951658 0.048417
vt 0.951658 0.048417
vt 0.950721 0.047412
vt 0.95172 0.04845
vt 0.950721 0.047412
vt 0.951622 0.048447
vt 0.95172 0.04845
vt 0.950623 0.047413
vt 0.951493 0.048554
vt 0.951622 0.048447
vt 0.950305 0.047711
vt 0.951493 0.048554
vt 0.950501 0.047528
vt 0.949755 0.047452
vt 0.950839 0.049101
vt 0.951225 0.048775
vt 0.949552 0.047793
vt 0.950457 0.049422
vt 0.950839 0.049101
vt 0.949195 0.048141
vt 0.950019 0.049788
vt 0.950457 0.049422
vt 0.948149 0.04889
vt 0.950019 0.049788
vt 0.948786 0.048538
vt 0.947568 0.047863
vt 0.94651 0.046292
vt 0.947982 0.047439
vt 0.94651 0.046292
vt 0.947998 0.046599
vt 0.947982 0.047439
vt 0.946094 0.046736
vt 0.944904 0.045195
vt 0.94651 0.046292
vt 0.94651 0.046292
vt 0.945211 0.044756
vt 0.946845 0.045873
vt 0.946845 0.045873
vt 0.945474 0.044381
vt 0.947131 0.045516
vt 0.947131 0.045516
vt 0.945685 0.04408
vt 0.94736 0.04523
vt 0.94736 0.04523
vt 0.945839 0.043861
vt 0.947528 0.045021
vt 0.947528 0.045021
vt 0.945936 0.043724
vt 0.947633 0.04489
vt 0.947633 0.04489
vt 0.946045 0.043711
vt 0.947766 0.044887
vt 0.945963 0.043686
vt 0.947588 0.044945
vt 0.947766 0.044887
vt 0.945895 0.043782
vt 0.947452 0.045116
vt 0.947588 0.044945
vt 0.945769 0.04396
vt 0.947253 0.045364
vt 0.947452 0.045116
vt 0.945349 0.044559
vt 0.947253 0.045364
vt 0.945586 0.044221
vt 0.944904 0.045195
vt 0.946921 0.045773
vt 0.945139 0.044862
vt 0.944904 0.045195
vt 0.946651 0.047147
vt 0.947067 0.046699
vt 0.944501 0.045653
vt 0.942644 0.043894
vt 0.944904 0.045195
vt 0.944904 0.045195
vt 0.942917 0.043432
vt 0.945211 0.044756
vt 0.945211 0.044756
vt 0.94315 0.043038
vt 0.945474 0.044381
vt 0.945474 0.044381
vt 0.943336 0.042722
vt 0.945685 0.04408
vt 0.945685 0.04408
vt 0.943473 0.042491
vt 0.945839 0.043861
vt 0.945839 0.043861
vt 0.943559 0.042347
vt 0.945936 0.043724
vt 0.945936 0.043724
vt 0.943669 0.042327
vt 0.946045 0.043711
vt 0.943669 0.042327
vt 0.945963 0.043686
vt 0.946045 0.043711
vt 0.943583 0.042307
vt 0.945895 0.043782
vt 0.945963 0.043686
vt 0.943523 0.042409
vt 0.945769 0.04396
vt 0.945895 0.043782
vt 0.943411 0.042596
vt 0.945586 0.044221
vt 0.945769 0.04396
vt 0.943249 0.04287
vt 0.945349 0.044559
vt 0.945586 0.044221
vt 0.943039 0.043226
vt 0.945139 0.044862
vt 0.945349 0.044559
vt 0.942854 0.043544
vt 0.944904 0.045195
vt 0.945139 0.044862
vt 0.942645 0.043894
vt 0.944508 0.045655
vt 0.944904 0.045195
vt 0.942278 0.044379
vt 0.940487 0.042847
vt 0.942644 0.043894
vt 0.942644 0.043894
vt 0.94073 0.042369
vt 0.942917 0.043432
vt 0.942917 0.043432
vt 0.940937 0.041961
vt 0.94315 0.043038
vt 0.940937 0.041961
vt 0.943336 0.042722
vt 0.94315 0.043038
vt 0.940487 0.042847
vt 0.942854 0.043544
vt 0.94073 0.042369
vt 0.940487 0.042847
vt 0.942285 0.044381
vt 0.942645 0.043894
vt 0.940163 0.043353
vt 0.93865 0.042073
vt 0.940487 0.042847
vt 0.940487 0.042847
vt 0.938872 0.041584
vt 0.94073 0.042369
vt 0.94073 0.042369
vt 0.939061 0.041168
vt 0.940937 0.041961
vt 0.939061 0.041168
vt 0.941138 0.041563
vt 0.940937 0.041961
vt 0.939273 0.040701
vt 0.941269 0.04131
vt 0.941138 0.041563
vt 0.941269 0.04131
vt 0.939414 0.040395
vt 0.941323 0.041205
vt 0.941323 0.041205
vt 0.939506 0.040407
vt 0.941406 0.041218
vt 0.939506 0.040407
vt 0.941302 0.041247
vt 0.941406 0.041218
vt 0.938768 0.040215
vt 0.941225 0.041396
vt 0.941302 0.041247
vt 0.939213 0.040834
vt 0.941225 0.041396
vt 0.938692 0.040388
vt 0.939213 0.040834
vt 0.940937 0.041961
vt 0.941104 0.041635
vt 0.938337 0.042599
vt 0.936208 0.041187
vt 0.93865 0.042073
vt 0.93865 0.042073
vt 0.936451 0.040693
vt 0.938872 0.041584
vt 0.938872 0.041584
vt 0.93662 0.040268
vt 0.939061 0.041168
vt 0.936539 0.040471
vt 0.938765 0.04182
vt 0.938971 0.041366
vt 0.936356 0.040934
vt 0.938529 0.04234
vt 0.938765 0.04182
vt 0.935308 0.039078
vt 0.938692 0.040388
vt 0.938768 0.040215
vt 0.935885 0.039823
vt 0.938692 0.040388
vt 0.935248 0.039292
vt 0.932966 0.039422
vt 0.935885 0.039823
vt 0.932788 0.039005
vt 0.933081 0.039797
vt 0.936539 0.040471
vt 0.932966 0.039422
vt 0.959719 0.110062
vt 0.95799 0.088159
vt 0.958337 0.087005
vt 0.959845 0.092733
vt 0.960262 0.110054
vt 0.959265 0.086763
vt 0.960213 0.09275
vt 0.960696 0.110023
vt 0.959845 0.092733
vt 0.960482 0.092762
vt 0.961023 0.110061
vt 0.960213 0.09275
vt 0.96065 0.092774
vt 0.96132 0.110058
vt 0.960482 0.092762
vt 0.960578 0.092769
vt 0.961538 0.110052
vt 0.960372 0.086298
vt 0.960446 0.087342
vt 0.961538 0.110052
vt 0.961553 0.110048
vt 0.95799 0.088159
vt 0.959737 0.110056
vt 0.958337 0.087005
vt 0.946146 0.102019
vt 0.946645 0.101562
vt 0.946124 0.101563
vt 0.949003 0.101893
vt 0.948155 0.10151
vt 0.948018 0.101959
vt 0.950112 0.10208
vt 0.949003 0.101893
vt 0.948689 0.102529
vt 0.948155 0.10151
vt 0.948905 0.100867
vt 0.948079 0.101106
vt 0.948079 0.101106
vt 0.948711 0.100622
vt 0.947959 0.100836
vt 0.947959 0.100836
vt 0.948746 0.100415
vt 0.947769 0.100668
vt 0.951261 0.101802
vt 0.950112 0.10208
vt 0.950229 0.102499
vt 0.950112 0.10208
vt 0.950645 0.101273
vt 0.94987 0.101773
vt 0.94987 0.101773
vt 0.950383 0.101043
vt 0.949687 0.101312
vt 0.949591 0.100772
vt 0.949774 0.100186
vt 0.94932 0.1005
vt 0.949774 0.100186
vt 0.949217 0.100282
vt 0.94932 0.1005
vt 0.950645 0.101273
vt 0.950816 0.100594
vt 0.950383 0.101043
vt 0.950084 0.100412
vt 0.950108 0.099806
vt 0.949774 0.100186
vt 0.950108 0.099806
vt 0.949609 0.099994
vt 0.949774 0.100186
vt 0.951841 0.100192
vt 0.951103 0.100778
vt 0.951203 0.101275
vt 0.951103 0.100778
vt 0.951146 0.100026
vt 0.950816 0.100594
vt 0.950685 0.099495
vt 0.950108 0.099806
vt 0.950437 0.099982
vt 0.95117 0.099142
vt 0.951146 0.100026
vt 0.951445 0.099199
vt 0.951841 0.100192
vt 0.951766 0.099207
vt 0.951487 0.100082
vt 0.950136 0.098788
vt 0.949835 0.099303
vt 0.949871 0.099392
vt 0.950529 0.098814
vt 0.950685 0.099495
vt 0.950837 0.098615
vt 0.951445 0.099199
vt 0.951408 0.097642
vt 0.95117 0.099142
vt 0.951408 0.097642
vt 0.950974 0.098893
vt 0.95117 0.099142
vt 0.951037 0.09707
vt 0.950687 0.098058
vt 0.950837 0.098615
vt 0.952075 0.095648
vt 0.951683 0.097573
vt 0.951986 0.097662
vt 0.952755 0.095139
vt 0.95237 0.097119
vt 0.952742 0.097398
vt 0.950619 0.093185
vt 0.950894 0.095076
vt 0.950858 0.092652
vt 0.950445 0.093616
vt 0.950665 0.095136
vt 0.950619 0.093185
vt 0.952383 0.092531
vt 0.952755 0.095139
vt 0.952777 0.092572
vt 0.93796 0.043632
vt 0.933934 0.042599
vt 0.9378 0.044097
vt 0.942264 0.045625
vt 0.9378 0.044097
vt 0.942755 0.046297
vt 0.945143 0.047428
vt 0.942628 0.045308
vt 0.942264 0.045625
vt 0.947708 0.049459
vt 0.945335 0.047156
vt 0.945143 0.047428
vt 0.949678 0.052112
vt 0.947708 0.049459
vt 0.946782 0.049224
vt 0.947708 0.049459
vt 0.949636 0.050999
vt 0.947941 0.049208
vt 0.949678 0.052112
vt 0.951733 0.054536
vt 0.949931 0.051859
vt 0.953133 0.057418
vt 0.951284 0.05471
vt 0.953177 0.05851
vt 0.953133 0.057418
vt 0.954285 0.059562
vt 0.95358 0.057684
vt 0.955976 0.080076
vt 0.955053 0.065676
vt 0.954411 0.06438
vt 0.956513 0.081009
vt 0.955647 0.068009
vt 0.955053 0.065676
vt 0.945335 0.047156
vt 0.948149 0.04889
vt 0.945496 0.046885
vt 0.946782 0.049224
vt 0.951284 0.05471
vt 0.949678 0.052112
vt 0.950866 0.051856
vt 0.949636 0.050999
vt 0.951137 0.052957
vt 0.955506 0.064368
vt 0.955647 0.068009
vt 0.95598 0.068226
vt 0.951116 0.082182
vt 0.951128 0.076109
vt 0.951603 0.082175
vt 0.950675 0.08219
vt 0.95064 0.076127
vt 0.951116 0.082182
vt 0.95022 0.081054
vt 0.9502 0.076145
vt 0.950675 0.08219
vt 0.949543 0.076171
vt 0.95022 0.081054
vt 0.950016 0.082203
vt 0.949822 0.082207
vt 0.949543 0.076171
vt 0.950016 0.082203
vt 0.949637 0.081069
vt 0.94935 0.076179
vt 0.949822 0.082207
vt 0.949617 0.081051
vt 0.949249 0.076183
vt 0.949637 0.081069
vt 0.949617 0.081051
vt 0.949289 0.076183
vt 0.949221 0.076083
vt 0.949677 0.081069
vt 0.949435 0.076178
vt 0.949289 0.076183
vt 0.950098 0.08193
vt 0.949435 0.076178
vt 0.949869 0.081945
vt 0.950417 0.08191
vt 0.949675 0.076169
vt 0.950098 0.08193
vt 0.950815 0.081885
vt 0.950005 0.076157
vt 0.950417 0.08191
vt 0.950815 0.081885
vt 0.95088 0.076125
vt 0.950413 0.076142
vt 0.951128 0.076109
vt 0.950944 0.068263
vt 0.951874 0.078177
vt 0.95064 0.076127
vt 0.950359 0.068267
vt 0.951128 0.076109
vt 0.9502 0.076145
vt 0.949874 0.068301
vt 0.95064 0.076127
vt 0.949829 0.07616
vt 0.949434 0.068331
vt 0.9502 0.076145
vt 0.949543 0.076171
vt 0.949063 0.068356
vt 0.949829 0.07616
vt 0.948475 0.068598
vt 0.94935 0.076179
vt 0.949249 0.076183
vt 0.949221 0.076083
vt 0.948574 0.068388
vt 0.948475 0.068598
vt 0.949435 0.076178
vt 0.949056 0.06835
vt 0.948574 0.068388
vt 0.950005 0.076157
vt 0.949646 0.06832
vt 0.949056 0.06835
vt 0.950413 0.076142
vt 0.950112 0.068289
vt 0.949646 0.06832
vt 0.951399 0.076077
vt 0.950112 0.068289
vt 0.95088 0.076125
vt 0.948435 0.065596
vt 0.949063 0.068356
vt 0.948659 0.06838
vt 0.94814 0.065625
vt 0.948659 0.06838
vt 0.948475 0.068598
vt 0.948574 0.068388
vt 0.948119 0.065612
vt 0.948475 0.068598
vt 0.948574 0.068388
vt 0.948567 0.065586
vt 0.948327 0.065609
vt 0.949646 0.06832
vt 0.948896 0.065555
vt 0.949056 0.06835
vt 0.949646 0.06832
vt 0.949768 0.065472
vt 0.949303 0.065516
vt 0.948435 0.065596
vt 0.948333 0.063314
vt 0.948803 0.065558
vt 0.948242 0.065615
vt 0.948049 0.063359
vt 0.948435 0.065596
vt 0.94814 0.065625
vt 0.947857 0.063388
vt 0.948242 0.065615
vt 0.948119 0.065612
vt 0.947755 0.063404
vt 0.94814 0.065625
vt 0.948119 0.065612
vt 0.947795 0.063399
vt 0.947732 0.063387
vt 0.94818 0.065622
vt 0.947941 0.063377
vt 0.947795 0.063399
vt 0.948327 0.065609
vt 0.94818 0.063341
vt 0.947941 0.063377
vt 0.948567 0.065586
vt 0.948507 0.063292
vt 0.94818 0.063341
vt 0.948896 0.065555
vt 0.948911 0.06323
vt 0.948507 0.063292
vt 0.949303 0.065516
vt 0.949372 0.063159
vt 0.948911 0.06323
vt 0.949768 0.065472
vt 0.949874 0.063089
vt 0.949372 0.063159
vt 0.949095 0.060973
vt 0.950111 0.062822
vt 0.949617 0.063117
vt 0.949136 0.06319
vt 0.949095 0.060973
vt 0.949617 0.063117
vt 0.9487 0.063258
vt 0.94862 0.061085
vt 0.949136 0.06319
vt 0.948333 0.063314
vt 0.948191 0.061186
vt 0.9487 0.063258
vt 0.948049 0.063359
vt 0.947829 0.061272
vt 0.948333 0.063314
vt 0.947857 0.063388
vt 0.94755 0.061338
vt 0.948049 0.063359
vt 0.947755 0.063404
vt 0.947361 0.061383
vt 0.947857 0.063388
vt 0.947732 0.063387
vt 0.947261 0.061407
vt 0.947755 0.063404
vt 0.947732 0.063387
vt 0.947301 0.061399
vt 0.947235 0.061387
vt 0.947795 0.063399
vt 0.947444 0.061366
vt 0.947301 0.061399
vt 0.947941 0.063377
vt 0.947679 0.061311
vt 0.947444 0.061366
vt 0.94818 0.063341
vt 0.948001 0.061236
vt 0.947679 0.061311
vt 0.948507 0.063292
vt 0.948399 0.061142
vt 0.948001 0.061236
vt 0.948911 0.06323
vt 0.948853 0.061036
vt 0.948399 0.061142
vt 0.949372 0.063159
vt 0.949347 0.060924
vt 0.948853 0.061036
vt 0.948382 0.058922
vt 0.949582 0.060687
vt 0.949095 0.060973
vt 0.94862 0.061085
vt 0.948382 0.058922
vt 0.949095 0.060973
vt 0.948191 0.061186
vt 0.947923 0.059084
vt 0.94862 0.061085
vt 0.947829 0.061272
vt 0.947507 0.059231
vt 0.948191 0.061186
vt 0.94755 0.061338
vt 0.947156 0.059355
vt 0.947829 0.061272
vt 0.947361 0.061383
vt 0.946886 0.059451
vt 0.94755 0.061338
vt 0.946789 0.060106
vt 0.947361 0.061383
vt 0.947261 0.061407
vt 0.947301 0.061399
vt 0.946789 0.060106
vt 0.947235 0.061387
vt 0.947301 0.061399
vt 0.946784 0.05949
vt 0.946644 0.059538
vt 0.947444 0.061366
vt 0.947011 0.05941
vt 0.946784 0.05949
vt 0.947679 0.061311
vt 0.947322 0.059301
vt 0.947011 0.05941
vt 0.948001 0.061236
vt 0.947708 0.059165
vt 0.947322 0.059301
vt 0.948399 0.061142
vt 0.948148 0.059011
vt 0.947708 0.059165
vt 0.948853 0.061036
vt 0.948629 0.058858
vt 0.948148 0.059011
vt 0.947697 0.05747
vt 0.948839 0.058525
vt 0.948382 0.058922
vt 0.947923 0.059084
vt 0.947697 0.05747
vt 0.948382 0.058922
vt 0.947507 0.059231
vt 0.947255 0.057675
vt 0.947923 0.059084
vt 0.947156 0.059355
vt 0.946855 0.057861
vt 0.947507 0.059231
vt 0.946886 0.059451
vt 0.946518 0.058017
vt 0.947156 0.059355
vt 0.945991 0.058329
vt 0.946703 0.059516
vt 0.946414 0.059198
vt 0.946644 0.059538
vt 0.945991 0.058329
vt 0.946414 0.059198
vt 0.946784 0.05949
vt 0.946511 0.058022
vt 0.946073 0.058226
vt 0.947322 0.059301
vt 0.947048 0.057776
vt 0.946511 0.058022
vt 0.947708 0.059165
vt 0.947472 0.05758
vt 0.947048 0.057776
vt 0.948148 0.059011
vt 0.947933 0.057357
vt 0.947472 0.05758
vt 0.947062 0.056369
vt 0.948125 0.057013
vt 0.947697 0.05747
vt 0.947255 0.057675
vt 0.947062 0.056369
vt 0.947697 0.05747
vt 0.946855 0.057861
vt 0.946638 0.056608
vt 0.947255 0.057675
vt 0.946518 0.058017
vt 0.946253 0.056824
vt 0.946855 0.057861
vt 0.94568 0.057147
vt 0.946518 0.058017
vt 0.94615 0.058187
vt 0.945991 0.058329
vt 0.945511 0.057243
vt 0.94615 0.058187
vt 0.945991 0.058329
vt 0.945457 0.057275
vt 0.945405 0.057303
vt 0.946073 0.058226
vt 0.945796 0.057086
vt 0.945586 0.057203
vt 0.947048 0.057776
vt 0.946084 0.056924
vt 0.946511 0.058022
vt 0.947472 0.05758
vt 0.94644 0.056724
vt 0.947048 0.057776
vt 0.946638 0.056608
vt 0.946141 0.055126
vt 0.947062 0.056369
vt 0.946253 0.056824
vt 0.945795 0.055404
vt 0.946638 0.056608
vt 0.945929 0.057007
vt 0.945433 0.055655
vt 0.946253 0.056824
vt 0.94568 0.057147
vt 0.945128 0.055868
vt 0.945929 0.057007
vt 0.945511 0.057243
vt 0.944893 0.056032
vt 0.94568 0.057147
vt 0.945422 0.057293
vt 0.944734 0.056143
vt 0.945511 0.057243
vt 0.945405 0.057303
vt 0.94465 0.056202
vt 0.945422 0.057293
vt 0.945405 0.057303
vt 0.944683 0.05618
vt 0.944622 0.056199
vt 0.945457 0.057275
vt 0.944805 0.056097
vt 0.944683 0.05618
vt 0.945586 0.057203
vt 0.945003 0.05596
vt 0.944805 0.056097
vt 0.945796 0.057086
vt 0.945275 0.055772
vt 0.945003 0.05596
vt 0.946084 0.056924
vt 0.945611 0.055539
vt 0.945275 0.055772
vt 0.94644 0.056724
vt 0.945995 0.055273
vt 0.945611 0.055539
vt 0.946954 0.056432
vt 0.946719 0.05493
vt 0.946301 0.055063
vt 0.944474 0.053915
vt 0.946141 0.055126
vt 0.945795 0.055404
vt 0.944483 0.054563
vt 0.945795 0.055404
vt 0.945433 0.055655
vt 0.945128 0.055868
vt 0.944483 0.054563
vt 0.945433 0.055655
vt 0.944893 0.056032
vt 0.9442 0.054804
vt 0.945128 0.055868
vt 0.943777 0.055247
vt 0.944734 0.056143
vt 0.94465 0.056202
vt 0.944683 0.05618
vt 0.943777 0.055247
vt 0.944622 0.056199
vt 0.944805 0.056097
vt 0.944195 0.054811
vt 0.943828 0.055124
vt 0.945275 0.055772
vt 0.944647 0.05443
vt 0.944195 0.054811
vt 0.945611 0.055539
vt 0.945002 0.054127
vt 0.944647 0.05443
vt 0.946301 0.055063
vt 0.945002 0.054127
vt 0.945995 0.055273
vt 0.9442 0.054804
vt 0.943394 0.053508
vt 0.944483 0.054563
vt 0.942933 0.053978
vt 0.9442 0.054804
vt 0.943892 0.055066
vt 0.943094 0.054569
vt 0.943892 0.055066
vt 0.943777 0.055247
vt 0.943828 0.055124
vt 0.943094 0.054569
vt 0.943777 0.055247
vt 0.943828 0.055124
vt 0.943027 0.053887
vt 0.942858 0.054057
vt 0.944647 0.05443
vt 0.943259 0.053652
vt 0.944195 0.054811
vt 0.944647 0.05443
vt 0.943874 0.053028
vt 0.943546 0.053361
vt 0.943209 0.052149
vt 0.944601 0.052591
vt 0.944837 0.053589
vt 0.944474 0.053915
vt 0.943209 0.052149
vt 0.944837 0.053589
vt 0.943133 0.053773
vt 0.941754 0.052223
vt 0.943394 0.053508
vt 0.942933 0.053978
vt 0.941524 0.052516
vt 0.943133 0.053773
vt 0.942797 0.054116
vt 0.941347 0.052741
vt 0.942933 0.053978
vt 0.942362 0.053927
vt 0.941228 0.052894
vt 0.942797 0.054116
vt 0.942362 0.053927
vt 0.94119 0.052944
vt 0.941131 0.052974
vt 0.942755 0.054162
vt 0.941282 0.052829
vt 0.94119 0.052944
vt 0.942858 0.054057
vt 0.941431 0.05264
vt 0.941282 0.052829
vt 0.943027 0.053887
vt 0.941636 0.052381
vt 0.941431 0.05264
vt 0.943259 0.053652
vt 0.941889 0.05206
vt 0.941636 0.052381
vt 0.943546 0.053361
vt 0.942178 0.051694
vt 0.941889 0.05206
vt 0.943209 0.052149
vt 0.941717 0.050427
vt 0.943499 0.051896
vt 0.942887 0.052516
vt 0.941408 0.050879
vt 0.943209 0.052149
vt 0.941524 0.052516
vt 0.939953 0.051083
vt 0.941754 0.052223
vt 0.941347 0.052741
vt 0.939751 0.051396
vt 0.941524 0.052516
vt 0.941228 0.052894
vt 0.939596 0.051637
vt 0.941347 0.052741
vt 0.941165 0.052974
vt 0.93949 0.0518
vt 0.941228 0.052894
vt 0.941131 0.052974
vt 0.939435 0.051886
vt 0.941165 0.052974
vt 0.941131 0.052974
vt 0.939458 0.051853
vt 0.939404 0.05189
vt 0.94119 0.052944
vt 0.939539 0.051729
vt 0.939458 0.051853
vt 0.941282 0.052829
vt 0.93967 0.051528
vt 0.939539 0.051729
vt 0.941431 0.05264
vt 0.93985 0.051251
vt 0.93967 0.051528
vt 0.941636 0.052381
vt 0.940072 0.050908
vt 0.93985 0.051251
vt 0.941889 0.05206
vt 0.940327 0.050516
vt 0.940072 0.050908
vt 0.941408 0.050879
vt 0.939934 0.049392
vt 0.941717 0.050427
vt 0.941126 0.051276
vt 0.939481 0.049769
vt 0.941408 0.050879
vt 0.939751 0.051396
vt 0.938037 0.050084
vt 0.939953 0.051083
vt 0.939596 0.051637
vt 0.93786 0.050411
vt 0.939751 0.051396
vt 0.93949 0.0518
vt 0.937726 0.050659
vt 0.939596 0.051637
vt 0.937591 0.050928
vt 0.93949 0.0518
vt 0.939435 0.051886
vt 0.939404 0.05189
vt 0.937591 0.050928
vt 0.939435 0.051886
vt 0.939404 0.05189
vt 0.937593 0.050884
vt 0.937568 0.050939
vt 0.939539 0.051729
vt 0.937593 0.050884
vt 0.939458 0.051853
vt 0.939539 0.051729
vt 0.937819 0.050564
vt 0.937637 0.05074
vt 0.93967 0.051528
vt 0.937947 0.050259
vt 0.937819 0.050564
vt 0.93985 0.051251
vt 0.938142 0.0499
vt 0.937947 0.050259
vt 0.940072 0.050908
vt 0.938365 0.04949
vt 0.938142 0.0499
vt 0.937947 0.050259
vt 0.935902 0.04968
vt 0.937819 0.050564
vt 0.935622 0.048256
vt 0.937558 0.048563
vt 0.937262 0.049118
vt 0.951603 0.082175
vt 0.951806 0.092529
vt 0.951116 0.082182
vt 0.950617 0.08759
vt 0.9506 0.092832
vt 0.950016 0.082203
vt 0.950675 0.08219
vt 0.951116 0.082182
vt 0.951414 0.092495
vt 0.9506 0.092832
vt 0.949822 0.082207
vt 0.950016 0.082203
vt 0.95047 0.094079
vt 0.949981 0.087143
vt 0.949822 0.082207
vt 0.950445 0.093616
vt 0.950141 0.090023
vt 0.950433 0.095148
vt 0.951203 0.092551
vt 0.950417 0.08191
vt 0.950858 0.092652
vt 0.950619 0.093185
vt 0.949869 0.081945
vt 0.950445 0.093616
vt 0.950858 0.092652
vt 0.950098 0.08193
vt 0.950619 0.093185
vt 0.951203 0.092551
vt 0.951181 0.082304
vt 0.950815 0.081885
vt 0.952087 0.092554
vt 0.951181 0.082304
vt 0.951656 0.092485
vt 0.94676 0.100896
vt 0.947922 0.100978
vt 0.946291 0.101185
vt 0.947467 0.102342
vt 0.949265 0.101659
vt 0.949464 0.101943
vt 0.948431 0.103076
vt 0.949632 0.102272
vt 0.949876 0.102618
vt 0.947665 0.100782
vt 0.948544 0.100745
vt 0.947922 0.100978
vt 0.949876 0.102618
vt 0.950571 0.101827
vt 0.950876 0.102123
vt 0.948544 0.100745
vt 0.949117 0.100335
vt 0.949169 0.100499
vt 0.949265 0.101659
vt 0.950391 0.101479
vt 0.949464 0.101943
vt 0.950876 0.102123
vt 0.951335 0.101121
vt 0.951755 0.101243
vt 0.950391 0.101479
vt 0.951335 0.101121
vt 0.950571 0.101827
vt 0.951335 0.101121
vt 0.951438 0.100175
vt 0.951876 0.100111
vt 0.949983 0.099974
vt 0.950562 0.099512
vt 0.950202 0.100109
vt 0.950087 0.098752
vt 0.949984 0.099193
vt 0.949804 0.099329
vt 0.952309 0.100104
vt 0.95218 0.098929
vt 0.952555 0.099053
vt 0.951211 0.098934
vt 0.951302 0.09965
vt 0.950946 0.099751
vt 0.950531 0.098815
vt 0.950562 0.099512
vt 0.950324 0.099423
vt 0.950308 0.098764
vt 0.950324 0.099423
vt 0.950064 0.099387
vt 0.949984 0.099193
vt 0.950308 0.098764
vt 0.950064 0.099387
vt 0.950498 0.097308
vt 0.950564 0.098073
vt 0.950383 0.098086
vt 0.950349 0.097544
vt 0.950383 0.098086
vt 0.95022 0.098225
vt 0.9505 0.096267
vt 0.950665 0.094616
vt 0.950658 0.095869
vt 0.952063 0.095944
vt 0.952411 0.092664
vt 0.952376 0.096808
vt 0.948223 0.100458
vt 0.947709 0.100549
vt 0.948228 0.100448
vt 0.952742 0.101239
vt 0.952859 0.099766
vt 0.953301 0.100027
vt 0.944808 0.052339
vt 0.942845 0.050424
vt 0.945622 0.052693
vt 0.947682 0.055136
vt 0.94597 0.053639
vt 0.945622 0.052693
vt 0.952873 0.078948
vt 0.951233 0.066984
vt 0.951231 0.063508
vt 0.939934 0.049392
vt 0.938198 0.048149
vt 0.941239 0.049727
vt 0.949582 0.060687
vt 0.950549 0.06324
vt 0.950111 0.062822
vt 0.952582 0.078982
vt 0.953072 0.092649
vt 0.952303 0.079079
vt 0.952873 0.078948
vt 0.953363 0.092749
vt 0.952582 0.078982
vt 0.952529 0.101931
vt 0.951295 0.102572
vt 0.951102 0.103193
vt 0.953291 0.100336
vt 0.952651 0.100956
vt 0.952529 0.101931
vt 0.953513 0.092595
vt 0.953085 0.095656
vt 0.953589 0.097307
vt 0.939771 0.048588
vt 0.941836 0.050218
vt 0.942845 0.050424
vt 0.944709 0.052395
vt 0.942845 0.050424
vt 0.943289 0.05123
vt 0.94597 0.053639
vt 0.947682 0.055136
vt 0.945622 0.052693
vt 0.947503 0.055393
vt 0.94889 0.057229
vt 0.947682 0.055136
vt 0.948542 0.057351
vt 0.94994 0.059279
vt 0.94889 0.057229
vt 0.94994 0.059279
vt 0.950134 0.061821
vt 0.950704 0.062556
vt 0.951233 0.066984
vt 0.952873 0.078943
vt 0.951232 0.063508
vt 0.952303 0.079079
vt 0.953513 0.092595
vt 0.952582 0.078981
vt 0.929185 0.032066
vt 0.928853 0.03153
vt 0.929063 0.031523
vt 0.931893 0.057646
vt 0.931121 0.051037
vt 0.931459 0.057214
vt 0.930427 0.042185
vt 0.929747 0.040398
vt 0.930143 0.042272
vt 0.930144 0.040258
vt 0.929408 0.039099
vt 0.929747 0.040398
vt 0.929341 0.037613
vt 0.929408 0.039099
vt 0.929771 0.038915
vt 0.929341 0.037613
vt 0.928397 0.036189
vt 0.928913 0.037529
vt 0.932121 0.057011
vt 0.931353 0.05025
vt 0.931893 0.057646
vt 0.931344 0.046403
vt 0.930772 0.044369
vt 0.931037 0.046272
vt 0.933375 0.081777
vt 0.933052 0.084213
vt 0.934621 0.110034
vt 0.933491 0.076567
vt 0.932121 0.057011
vt 0.933414 0.078332
vt 0.930698 0.041617
vt 0.930917 0.043563
vt 0.931093 0.043551
vt 0.930374 0.040246
vt 0.930521 0.041625
vt 0.930698 0.041617
vt 0.930374 0.040246
vt 0.929771 0.038915
vt 0.930144 0.040258
vt 0.929553 0.037604
vt 0.929771 0.038915
vt 0.930012 0.038908
vt 0.931093 0.043551
vt 0.931344 0.046403
vt 0.93152 0.0464
vt 0.932444 0.056387
vt 0.933491 0.076567
vt 0.933695 0.078273
vt 0.93192 0.050561
vt 0.932444 0.056387
vt 0.932009 0.05044
vt 0.931042 0.042948
vt 0.930698 0.041617
vt 0.931093 0.043551
vt 0.930766 0.041573
vt 0.930374 0.040246
vt 0.930698 0.041617
vt 0.926877 0.031916
vt 0.926881 0.031405
vt 0.926724 0.031412
vt 0.928082 0.031439
vt 0.927867 0.024489
vt 0.928192 0.024489
vt 0.928317 0.03154
vt 0.928542 0.024489
vt 0.928322 0.024489
vt 0.928431 0.032061
vt 0.92856 0.031579
vt 0.928317 0.03154
vt 0.928798 0.03205
vt 0.92856 0.031579
vt 0.928695 0.032086
vt 0.926457 0.024489
vt 0.926354 0.031514
vt 0.926344 0.024489
vt 0.933835 0.082844
vt 0.935251 0.110025
vt 0.935212 0.110033
vt 0.930766 0.041573
vt 0.930403 0.040251
vt 0.930442 0.040218
vt 0.930403 0.040251
vt 0.930063 0.038899
vt 0.930442 0.040218
vt 0.931942 0.050601
vt 0.931637 0.046957
vt 0.932009 0.05044
vt 0.929622 0.037593
vt 0.929061 0.036359
vt 0.929126 0.036331
vt 0.934948 0.110061
vt 0.933835 0.082844
vt 0.935108 0.110033
vt 0.930488 0.041662
vt 0.930403 0.040251
vt 0.930853 0.042191
vt 0.930403 0.040251
vt 0.929797 0.038935
vt 0.93002 0.038908
vt 0.934698 0.11003
vt 0.933399 0.078678
vt 0.934948 0.110061
vt 0.931718 0.050606
vt 0.931556 0.047046
vt 0.931942 0.050601
vt 0.929552 0.03761
vt 0.92885 0.036372
vt 0.929061 0.036359
vt 0.92885 0.036372
vt 0.928549 0.035163
vt 0.929061 0.036359
vt 0.933976 0.102333
vt 0.933118 0.077991
vt 0.934698 0.11003
vt 0.931424 0.050709
vt 0.931242 0.046441
vt 0.931718 0.050606
vt 0.930979 0.046442
vt 0.930937 0.044402
vt 0.931242 0.046441
vt 0.931702 0.056311
vt 0.931105 0.050792
vt 0.931424 0.050709
vt 0.931424 0.050709
vt 0.930827 0.047451
vt 0.930979 0.046442
vt 0.930488 0.041662
vt 0.929747 0.040401
vt 0.930171 0.040282
vt 0.930171 0.040282
vt 0.929407 0.039096
vt 0.929797 0.038935
vt 0.929407 0.039096
vt 0.929333 0.037626
vt 0.929797 0.038935
vt 0.928907 0.037513
vt 0.92885 0.036372
vt 0.929333 0.037626
vt 0.926536 0.031526
vt 0.926482 0.032038
vt 0.926351 0.031511
vt 0.926451 0.031548
vt 0.926482 0.032038
vt 0.926545 0.032033
vt 0.932248 0.039218
vt 0.931521 0.037613
vt 0.931946 0.038916
vt 0.933163 0.044545
vt 0.932619 0.043142
vt 0.932886 0.044906
vt 0.932907 0.042948
vt 0.932359 0.041699
vt 0.932619 0.043142
vt 0.932737 0.041926
vt 0.931991 0.040086
vt 0.932359 0.041699
vt 0.931946 0.038916
vt 0.931991 0.040086
vt 0.932519 0.040654
vt 0.931946 0.038916
vt 0.931292 0.037694
vt 0.931675 0.038891
vt 0.931521 0.037613
vt 0.930812 0.036411
vt 0.931292 0.037694
vt 0.930607 0.035162
vt 0.930812 0.036411
vt 0.931178 0.036358
vt 0.935671 0.084458
vt 0.936817 0.100329
vt 0.935675 0.07728
vt 0.936582 0.103979
vt 0.936845 0.103288
vt 0.936598 0.103123
vt 0.936824 0.104058
vt 0.93713 0.103576
vt 0.936845 0.103288
vt 0.937153 0.104064
vt 0.937482 0.103731
vt 0.93713 0.103576
vt 0.937247 0.102669
vt 0.937628 0.103149
vt 0.937652 0.10279
vt 0.937247 0.102669
vt 0.937037 0.101918
vt 0.93693 0.102852
vt 0.937738 0.102401
vt 0.937247 0.102669
vt 0.937652 0.10279
vt 0.93679 0.102171
vt 0.936737 0.101142
vt 0.936603 0.101902
vt 0.937834 0.1019
vt 0.937329 0.102232
vt 0.937738 0.102401
vt 0.937047 0.101393
vt 0.936941 0.100557
vt 0.936737 0.101142
vt 0.937834 0.1019
vt 0.937519 0.101372
vt 0.937418 0.101806
vt 0.937953 0.101467
vt 0.937604 0.101023
vt 0.937519 0.101372
vt 0.936941 0.100557
vt 0.936966 0.09974
vt 0.936817 0.100329
vt 0.936941 0.100557
vt 0.937196 0.100239
vt 0.937065 0.100012
vt 0.938106 0.100905
vt 0.937604 0.101023
vt 0.938047 0.101129
vt 0.937065 0.100012
vt 0.937006 0.099488
vt 0.936966 0.09974
vt 0.93749 0.103596
vt 0.937242 0.104063
vt 0.937131 0.103578
vt 0.937098 0.099868
vt 0.936916 0.099897
vt 0.936995 0.099544
vt 0.937014 0.100235
vt 0.936797 0.100416
vt 0.936916 0.099897
vt 0.937739 0.102383
vt 0.937418 0.101806
vt 0.937897 0.101816
vt 0.936689 0.102308
vt 0.936639 0.101195
vt 0.936777 0.101796
vt 0.936777 0.101796
vt 0.936939 0.10253
vt 0.936689 0.102308
vt 0.937329 0.102232
vt 0.936939 0.10253
vt 0.937037 0.101919
vt 0.937739 0.102383
vt 0.937242 0.102692
vt 0.937329 0.102232
vt 0.95505 0.065657
vt 0.95671 0.079036
vt 0.95651 0.080971
vt 0.956045 0.080335
vt 0.95505 0.065657
vt 0.95651 0.080971
vt 0.95505 0.065657
vt 0.954741 0.061833
vt 0.955429 0.065893
vt 0.954158 0.059086
vt 0.953126 0.057399
vt 0.953573 0.057664
vt 0.951716 0.054507
vt 0.949646 0.05223
vt 0.949901 0.051821
vt 0.949602 0.050959
vt 0.947664 0.049417
vt 0.947896 0.049165
vt 0.949646 0.05223
vt 0.947664 0.049417
vt 0.949901 0.051821
vt 0.947664 0.049417
vt 0.945276 0.047114
vt 0.947896 0.049165
vt 0.945084 0.047387
vt 0.94283 0.045574
vt 0.945276 0.047114
vt 0.937701 0.043913
vt 0.942194 0.045587
vt 0.942688 0.046259
vt 0.948809 0.049484
vt 0.949602 0.050959
vt 0.947896 0.049165
vt 0.933733 0.050491
vt 0.933758 0.056335
vt 0.933408 0.050035
vt 0.949646 0.05223
vt 0.944651 0.047743
vt 0.946861 0.049158
vt 0.933157 0.047529
vt 0.933733 0.050491
vt 0.933408 0.050035
vt 0.932616 0.043123
vt 0.933167 0.044568
vt 0.932889 0.04492
vt 0.932358 0.041691
vt 0.932911 0.042977
vt 0.932616 0.043123
vt 0.931993 0.040089
vt 0.932717 0.041808
vt 0.932358 0.041691
vt 0.932005 0.038862
vt 0.931993 0.040089
vt 0.931679 0.038902
vt 0.931521 0.037613
vt 0.931679 0.038902
vt 0.931294 0.0377
vt 0.930801 0.036386
vt 0.931521 0.037613
vt 0.931294 0.0377
vt 0.933455 0.04243
vt 0.934028 0.042864
vt 0.93379 0.043007
vt 0.933067 0.042942
vt 0.933125 0.042176
vt 0.933403 0.042991
vt 0.932911 0.042977
vt 0.932904 0.042107
vt 0.933067 0.042942
vt 0.933328 0.041985
vt 0.933554 0.041591
vt 0.933758 0.04218
vt 0.93297 0.041492
vt 0.933328 0.041985
vt 0.933125 0.042176
vt 0.932904 0.042107
vt 0.93297 0.041492
vt 0.933125 0.042176
vt 0.932717 0.041808
vt 0.932765 0.041385
vt 0.932904 0.042107
vt 0.934266 0.047383
vt 0.934504 0.046723
vt 0.934237 0.046791
vt 0.933587 0.047609
vt 0.933526 0.046373
vt 0.933402 0.046332
vt 0.933785 0.046969
vt 0.933526 0.046373
vt 0.933706 0.04748
vt 0.933785 0.046969
vt 0.933839 0.046208
vt 0.933655 0.046314
vt 0.934237 0.046791
vt 0.934407 0.046074
vt 0.934047 0.046109
vt 0.935337 0.050298
vt 0.93496 0.050302
vt 0.934997 0.050452
vt 0.935787 0.050201
vt 0.935301 0.050149
vt 0.935337 0.050298
vt 0.93496 0.050302
vt 0.935217 0.049868
vt 0.934883 0.050019
vt 0.935301 0.050149
vt 0.935564 0.049808
vt 0.935217 0.049868
vt 0.934883 0.050019
vt 0.935102 0.049475
vt 0.934775 0.049625
vt 0.935217 0.049868
vt 0.935441 0.049408
vt 0.935102 0.049475
vt 0.934552 0.049492
vt 0.934219 0.049257
vt 0.934331 0.049746
vt 0.934219 0.049257
vt 0.934326 0.048503
vt 0.934051 0.048766
vt 0.93539 0.048702
vt 0.934924 0.04823
vt 0.935106 0.048866
vt 0.93435 0.051501
vt 0.934436 0.051156
vt 0.934422 0.051106
vt 0.935548 0.049154
vt 0.935731 0.048711
vt 0.93539 0.048702
vt 0.935236 0.04819
vt 0.935731 0.048711
vt 0.935493 0.048158
vt 0.932737 0.041926
vt 0.932775 0.041433
vt 0.932519 0.040654
vt 0.933361 0.042052
vt 0.932981 0.041539
vt 0.933075 0.042281
vt 0.933361 0.042052
vt 0.933564 0.041625
vt 0.933236 0.041612
vt 0.933791 0.043068
vt 0.933934 0.042599
vt 0.933484 0.042467
vt 0.933432 0.043031
vt 0.933416 0.044622
vt 0.933839 0.046208
vt 0.933526 0.046373
vt 0.933416 0.044622
vt 0.933163 0.044545
vt 0.93242 0.038299
vt 0.932103 0.037873
vt 0.932101 0.038051
vt 0.932788 0.039005
vt 0.932364 0.038521
vt 0.932439 0.038988
vt 0.932616 0.040554
vt 0.932248 0.039218
vt 0.932519 0.040654
vt 0.93281 0.040678
vt 0.933038 0.040161
vt 0.932507 0.039749
vt 0.932981 0.041539
vt 0.932616 0.040554
vt 0.932775 0.041433
vt 0.932519 0.040654
vt 0.932775 0.041433
vt 0.932616 0.040554
vt 0.932981 0.041539
vt 0.933042 0.040779
vt 0.93281 0.040678
vt 0.933356 0.040893
vt 0.933236 0.041612
vt 0.933564 0.041625
vt 0.933987 0.046909
vt 0.934363 0.04726
vt 0.934101 0.04738
vt 0.933527 0.046395
vt 0.933855 0.047314
vt 0.933699 0.047483
vt 0.933663 0.046327
vt 0.933987 0.046909
vt 0.933855 0.047314
vt 0.933987 0.046909
vt 0.934081 0.046274
vt 0.934348 0.046786
vt 0.934517 0.04863
vt 0.934162 0.04812
vt 0.934427 0.047961
vt 0.934381 0.046201
vt 0.934801 0.046708
vt 0.934348 0.046786
vt 0.934824 0.048489
vt 0.934427 0.047961
vt 0.934798 0.047776
vt 0.935088 0.047797
vt 0.934824 0.048489
vt 0.934798 0.047776
vt 0.933994 0.04918
vt 0.934084 0.050286
vt 0.933849 0.048878
vt 0.934326 0.049447
vt 0.933994 0.04918
vt 0.934196 0.048879
vt 0.934517 0.04863
vt 0.934326 0.049447
vt 0.934196 0.048879
vt 0.934824 0.048489
vt 0.934657 0.049177
vt 0.934517 0.04863
vt 0.935249 0.048392
vt 0.934975 0.04903
vt 0.934824 0.048489
vt 0.934779 0.049637
vt 0.934326 0.049447
vt 0.934657 0.049177
vt 0.934975 0.04903
vt 0.934779 0.049637
vt 0.934657 0.049177
vt 0.935527 0.049294
vt 0.934975 0.04903
vt 0.93542 0.048943
vt 0.934427 0.049948
vt 0.934322 0.05068
vt 0.934177 0.050046
vt 0.935106 0.049488
vt 0.934878 0.050004
vt 0.934779 0.049637
vt 0.934583 0.050556
vt 0.934322 0.05068
vt 0.934511 0.050269
vt 0.935212 0.049853
vt 0.934951 0.050266
vt 0.934878 0.050004
vt 0.934627 0.050731
vt 0.934388 0.050963
vt 0.934583 0.050556
vt 0.935291 0.050114
vt 0.934994 0.050419
vt 0.934951 0.050266
vt 0.934798 0.047776
vt 0.934363 0.04726
vt 0.934638 0.047187
vt 0.935943 0.050236
vt 0.936188 0.050128
vt 0.936251 0.050361
vt 0.934376 0.051384
vt 0.934362 0.051695
vt 0.934255 0.051014
vt 0.934994 0.050419
vt 0.935337 0.050298
vt 0.934997 0.050452
vt 0.932271 0.039343
vt 0.932616 0.040555
vt 0.932519 0.04063
vt 0.932809 0.040683
vt 0.932891 0.040153
vt 0.933035 0.04078
vt 0.932891 0.040153
vt 0.933349 0.040892
vt 0.933035 0.04078
vt 0.932239 0.038423
vt 0.932419 0.038299
vt 0.932502 0.03861
vt 0.932103 0.037873
vt 0.932419 0.038299
vt 0.932102 0.038051
vt 0.932765 0.041385
vt 0.932809 0.040683
vt 0.93297 0.041492
vt 0.933035 0.04078
vt 0.93297 0.041492
vt 0.932809 0.040683
vt 0.933218 0.041566
vt 0.933349 0.040892
vt 0.933554 0.041591
vt 0.933465 0.044618
vt 0.934081 0.046274
vt 0.933847 0.046292
vt 0.930801 0.036386
vt 0.930113 0.035058
vt 0.930228 0.035026
vt 0.931294 0.0377
vt 0.930722 0.036502
vt 0.930801 0.036386
vt 0.931348 0.038775
vt 0.930722 0.036502
vt 0.931507 0.038719
vt 0.932616 0.043123
vt 0.932256 0.041803
vt 0.932358 0.041691
vt 0.932457 0.04397
vt 0.932256 0.041803
vt 0.932622 0.043939
vt 0.93226 0.044093
vt 0.931185 0.039866
vt 0.931611 0.040576
vt 0.933029 0.047461
vt 0.932889 0.04492
vt 0.933157 0.047529
vt 0.933029 0.047461
vt 0.932457 0.04397
vt 0.932622 0.043939
vt 0.933524 0.05286
vt 0.933029 0.047461
vt 0.933157 0.047529
vt 0.933318 0.054587
vt 0.933029 0.047461
vt 0.933562 0.054907
vt 0.932993 0.054888
vt 0.932843 0.047788
vt 0.933318 0.054587
vt 0.934445 0.072689
vt 0.933562 0.054907
vt 0.933758 0.056335
vt 0.934191 0.075895
vt 0.933562 0.054907
vt 0.934413 0.0758
vt 0.934191 0.075895
vt 0.932993 0.054888
vt 0.933318 0.054587
vt 0.935632 0.110043
vt 0.934829 0.083045
vt 0.935765 0.110049
vt 0.935632 0.110043
vt 0.934191 0.075895
vt 0.934413 0.0758
vt 0.928693 0.032085
vt 0.930228 0.035026
vt 0.930113 0.035058
vt 0.928486 0.032015
vt 0.930113 0.035058
vt 0.930317 0.036083
vt 0.935735 0.110041
vt 0.934346 0.076571
vt 0.935524 0.110042
vt 0.935524 0.110042
vt 0.934048 0.07736
vt 0.935278 0.11004
vt 0.933185 0.047659
vt 0.933385 0.051884
vt 0.93358 0.052908
vt 0.933385 0.051884
vt 0.932836 0.047721
vt 0.933282 0.053894
vt 0.932836 0.047721
vt 0.932961 0.054362
vt 0.933282 0.053894
vt 0.932886 0.044906
vt 0.933063 0.047663
vt 0.933185 0.047659
vt 0.933063 0.047663
vt 0.932461 0.043978
vt 0.932836 0.047721
vt 0.932619 0.043142
vt 0.932254 0.041798
vt 0.932625 0.043947
vt 0.932254 0.041798
vt 0.932461 0.043978
vt 0.932625 0.043947
vt 0.931418 0.039261
vt 0.931593 0.041432
vt 0.931895 0.04093
vt 0.931675 0.038891
vt 0.931114 0.037575
vt 0.931635 0.039178
vt 0.931114 0.037575
vt 0.931418 0.039261
vt 0.931635 0.039178
vt 0.930812 0.036411
vt 0.931114 0.037575
vt 0.931292 0.037694
vt 0.930563 0.036086
vt 0.930867 0.037538
vt 0.931114 0.037575
vt 0.928695 0.032086
vt 0.930102 0.03559
vt 0.930563 0.036086
vt 0.928131 0.031879
vt 0.930102 0.03559
vt 0.928431 0.032061
vt 0.927795 0.034663
vt 0.928397 0.036189
vt 0.92778 0.034767
vt 0.928803 0.037031
vt 0.929408 0.039099
vt 0.928913 0.037529
vt 0.929747 0.040398
vt 0.930203 0.042284
vt 0.930143 0.042272
vt 0.929645 0.03972
vt 0.930236 0.041881
vt 0.930203 0.042284
vt 0.930203 0.042284
vt 0.930542 0.044872
vt 0.930143 0.042272
vt 0.930203 0.042284
vt 0.930807 0.045634
vt 0.930709 0.045693
vt 0.930709 0.045693
vt 0.931121 0.051037
vt 0.93083 0.04748
vt 0.930709 0.045693
vt 0.931411 0.052846
vt 0.931311 0.052933
vt 0.931459 0.057214
vt 0.932285 0.076691
vt 0.932315 0.07897
vt 0.931411 0.052846
vt 0.932285 0.076691
vt 0.931311 0.052933
vt 0.932397 0.076783
vt 0.933457 0.110058
vt 0.932285 0.076691
vt 0.92648 0.032028
vt 0.927795 0.034663
vt 0.92778 0.034767
vt 0.927795 0.034663
vt 0.926537 0.031733
vt 0.928423 0.035792
vt 0.928394 0.036181
vt 0.927787 0.034644
vt 0.927776 0.034759
vt 0.929407 0.039096
vt 0.928795 0.037009
vt 0.928907 0.037513
vt 0.929641 0.039705
vt 0.930234 0.041873
vt 0.929572 0.039054
vt 0.929747 0.040401
vt 0.930201 0.042274
vt 0.929641 0.039705
vt 0.930201 0.042274
vt 0.930804 0.045611
vt 0.930234 0.041873
vt 0.93054 0.044858
vt 0.930201 0.042274
vt 0.930145 0.04228
vt 0.930706 0.045666
vt 0.931406 0.052772
vt 0.930804 0.045611
vt 0.931105 0.050792
vt 0.930706 0.045666
vt 0.930827 0.047451
vt 0.931305 0.05285
vt 0.932372 0.076217
vt 0.931406 0.052772
vt 0.931467 0.057409
vt 0.932266 0.076183
vt 0.931305 0.05285
vt 0.933457 0.110058
vt 0.932372 0.076217
vt 0.932266 0.076183
vt 0.932299 0.078455
vt 0.933457 0.110058
vt 0.932266 0.076183
vt 0.926605 0.031901
vt 0.927787 0.034644
vt 0.928416 0.035775
vt 0.926482 0.032038
vt 0.927787 0.034644
vt 0.926545 0.032033
vt 0.95797 0.110031
vt 0.958369 0.110135
vt 0.957714 0.110141
vt 0.935284 0.110137
vt 0.935108 0.110033
vt 0.935212 0.110033
vt 0.935251 0.110025
vt 0.935284 0.110137
vt 0.935212 0.110033
vt 0.937741 0.110132
vt 0.957281 0.110027
vt 0.95759 0.110072
vt 0.959635 0.110137
vt 0.959084 0.110018
vt 0.959042 0.110141
vt 0.959635 0.110137
vt 0.960266 0.110055
vt 0.959737 0.110056
vt 0.961023 0.110061
vt 0.961231 0.110137
vt 0.96132 0.110058
vt 0.961231 0.110137
vt 0.96146 0.110058
vt 0.96132 0.110058
vt 0.961553 0.110048
vt 0.961354 0.110138
vt 0.96146 0.110058
vt 0.960262 0.110054
vt 0.959732 0.11014
vt 0.959719 0.110062
vt 0.958504 0.110036
vt 0.959042 0.110141
vt 0.959084 0.110018
vt 0.958504 0.110036
vt 0.959055 0.110122
vt 0.958369 0.110135
vt 0.957293 0.110027
vt 0.937718 0.110141
vt 0.957652 0.110134
vt 0.958376 0.110132
vt 0.95797 0.110031
vt 0.957652 0.110134
vt 0.935632 0.110043
vt 0.935669 0.110136
vt 0.935518 0.110124
vt 0.935518 0.110124
vt 0.935164 0.110135
vt 0.935378 0.110035
vt 0.935518 0.110124
vt 0.935278 0.11004
vt 0.935152 0.110134
vt 0.935669 0.110136
vt 0.936662 0.110039
vt 0.936643 0.110132
vt 0.937787 0.110037
vt 0.93736 0.110121
vt 0.937718 0.110141
vt 0.937741 0.110132
vt 0.937474 0.110042
vt 0.937791 0.110038
vt 0.755432 0.384563
vt 0.75551 0.357403
vt 0.754224 0.357217
vt 0.751804 0.384741
vt 0.753258 0.384514
vt 0.752827 0.357455
vt 0.757808 0.38452
vt 0.757636 0.357215
vt 0.75551 0.357403
vt 0.762493 0.384704
vt 0.765476 0.38453
vt 0.764846 0.357447
vt 0.775896 0.384562
vt 0.776556 0.357418
vt 0.773444 0.357194
vt 0.78119 0.38454
vt 0.782072 0.357499
vt 0.776556 0.357418
vt 0.789262 0.384522
vt 0.79767 0.384506
vt 0.796703 0.35743
vt 0.890404 0.384513
vt 0.888607 0.357423
vt 0.87449 0.357462
vt 0.917847 0.384526
vt 0.922437 0.384527
vt 0.922406 0.357452
vt 0.929215 0.384537
vt 0.929209 0.357413
vt 0.92575 0.357234
vt 0.925627 0.384728
vt 0.92575 0.357234
vt 0.922406 0.357452
vt 0.929215 0.384537
vt 0.933007 0.384532
vt 0.932825 0.357444
vt 0.933007 0.384532
vt 0.936048 0.384522
vt 0.936195 0.357459
vt 0.944083 0.38472
vt 0.945696 0.384574
vt 0.945505 0.357455
vt 0.947104 0.384548
vt 0.947368 0.357463
vt 0.945505 0.357455
vt 0.94737 0.3845
vt 0.945509 0.384505
vt 0.945696 0.35739
vt 0.945509 0.384505
vt 0.943468 0.384492
vt 0.944072 0.357243
vt 0.936169 0.384506
vt 0.932816 0.38452
vt 0.932997 0.35743
vt 0.932816 0.38452
vt 0.929207 0.384549
vt 0.929213 0.357425
vt 0.925322 0.384534
vt 0.925627 0.357235
vt 0.929213 0.357425
vt 0.874483 0.384501
vt 0.872548 0.357514
vt 0.890407 0.35745
vt 0.773446 0.384768
vt 0.772836 0.357217
vt 0.775993 0.35741
vt 0.75551 0.38456
vt 0.755432 0.357399
vt 0.757808 0.357442
vt 0.75327 0.384486
vt 0.753258 0.357448
vt 0.755432 0.357399
vt 0.764847 0.384515
vt 0.762801 0.384747
vt 0.762494 0.357259
vt 0.75327 0.384486
vt 0.751444 0.384703
vt 0.751803 0.357221
vt 0.950047 0.384489
vt 0.949257 0.385067
vt 0.950253 0.385138
vt 0.950253 0.385138
vt 0.950122 0.385144
vt 0.950624 0.384525
vt 0.950122 0.385144
vt 0.949148 0.385013
vt 0.950036 0.384536
vt 0.950047 0.357474
vt 0.949154 0.356832
vt 0.950163 0.356833
vt 0.749004 0.384517
vt 0.748762 0.384946
vt 0.750175 0.384932
vt 0.750175 0.384932
vt 0.750154 0.385154
vt 0.752942 0.385169
vt 0.756406 0.38514
vt 0.757992 0.384913
vt 0.757808 0.38452
vt 0.757992 0.384913
vt 0.760887 0.385143
vt 0.760234 0.384546
vt 0.762493 0.384704
vt 0.760887 0.385143
vt 0.766426 0.385174
vt 0.765618 0.384913
vt 0.76958 0.385082
vt 0.769141 0.384539
vt 0.786885 0.385066
vt 0.800168 0.384935
vt 0.79767 0.384506
vt 0.872229 0.385068
vt 0.892866 0.385116
vt 0.890404 0.384513
vt 0.905423 0.385057
vt 0.912273 0.385133
vt 0.912071 0.384444
vt 0.912273 0.385133
vt 0.919073 0.385069
vt 0.917847 0.384526
vt 0.929215 0.384537
vt 0.929006 0.385067
vt 0.932462 0.385122
vt 0.933007 0.384532
vt 0.932462 0.385122
vt 0.935905 0.385137
vt 0.935905 0.385137
vt 0.938446 0.385057
vt 0.938152 0.384532
vt 0.775246 0.385173
vt 0.794492 0.385175
vt 0.786885 0.385066
vt 0.948467 0.357496
vt 0.948086 0.35688
vt 0.947129 0.356905
vt 0.936195 0.357459
vt 0.935952 0.356847
vt 0.932534 0.356843
vt 0.932534 0.356843
vt 0.928997 0.356895
vt 0.929209 0.357413
vt 0.912274 0.356829
vt 0.905425 0.356906
vt 0.90653 0.357434
vt 0.905425 0.356906
vt 0.893438 0.356843
vt 0.898424 0.35745
vt 0.888607 0.357423
vt 0.893438 0.356843
vt 0.872998 0.356905
vt 0.872998 0.356905
vt 0.850951 0.35705
vt 0.856492 0.357501
vt 0.833555 0.356829
vt 0.832475 0.35744
vt 0.84444 0.357482
vt 0.788921 0.357403
vt 0.790416 0.356906
vt 0.78053 0.356831
vt 0.750342 0.356846
vt 0.748886 0.356898
vt 0.748547 0.35744
vt 0.945863 0.356827
vt 0.947129 0.356905
vt 0.948086 0.35688
vt 0.749004 0.357445
vt 0.748762 0.357016
vt 0.750175 0.35703
vt 0.750175 0.35703
vt 0.750154 0.356808
vt 0.752942 0.356793
vt 0.756406 0.356822
vt 0.757992 0.357049
vt 0.757808 0.357442
vt 0.757992 0.357049
vt 0.760887 0.356819
vt 0.760234 0.357416
vt 0.762494 0.357259
vt 0.760887 0.356819
vt 0.766426 0.356789
vt 0.765618 0.35705
vt 0.76958 0.35688
vt 0.769142 0.357423
vt 0.786885 0.356897
vt 0.800168 0.357028
vt 0.795981 0.357459
vt 0.806818 0.357438
vt 0.800168 0.357028
vt 0.819733 0.356827
vt 0.839352 0.356829
vt 0.838813 0.357502
vt 0.822141 0.357519
vt 0.853965 0.35683
vt 0.872229 0.356894
vt 0.872548 0.357514
vt 0.872229 0.356894
vt 0.892866 0.356846
vt 0.890407 0.35745
vt 0.905423 0.356906
vt 0.912273 0.356829
vt 0.912071 0.357518
vt 0.912273 0.356829
vt 0.919073 0.356893
vt 0.917847 0.357436
vt 0.929213 0.357425
vt 0.929006 0.356895
vt 0.932462 0.35684
vt 0.932997 0.35743
vt 0.932462 0.35684
vt 0.935905 0.356825
vt 0.935905 0.356825
vt 0.938446 0.356905
vt 0.938125 0.357433
vt 0.775246 0.356789
vt 0.794492 0.356788
vt 0.786885 0.356897
vt 0.936169 0.384506
vt 0.935952 0.385116
vt 0.932534 0.38512
vt 0.932534 0.38512
vt 0.928997 0.385067
vt 0.929207 0.384549
vt 0.928997 0.385067
vt 0.924987 0.38512
vt 0.925322 0.384534
vt 0.924987 0.38512
vt 0.919041 0.385123
vt 0.920684 0.384462
vt 0.893438 0.385119
vt 0.893519 0.384562
vt 0.905392 0.384533
vt 0.893438 0.385119
vt 0.872998 0.385057
vt 0.874483 0.384501
vt 0.872998 0.385057
vt 0.850951 0.384913
vt 0.856454 0.384461
vt 0.833554 0.385134
vt 0.835208 0.384451
vt 0.844416 0.384481
vt 0.750342 0.385117
vt 0.748886 0.385064
vt 0.748826 0.384505
vt 0.966515 0.072575
vt 0.967241 0.072579
vt 0.967184 0.068395
vt 0.965842 0.072572
vt 0.965813 0.06835
vt 0.965059 0.068338
vt 0.964902 0.07262
vt 0.965059 0.068338
vt 0.963729 0.068412
vt 0.925986 0.072582
vt 0.926135 0.068388
vt 0.92483 0.068385
vt 0.92328 0.068387
vt 0.922613 0.068394
vt 0.922649 0.072575
vt 0.922055 0.072577
vt 0.922649 0.072575
vt 0.922613 0.068394
vt 0.921115 0.072628
vt 0.921553 0.072577
vt 0.921506 0.068392
vt 0.922014 0.068385
vt 0.921506 0.068392
vt 0.921553 0.072577
vt 0.920245 0.072628
vt 0.920348 0.068389
vt 0.9199 0.06838
vt 0.91986 0.072624
vt 0.9199 0.06838
vt 0.919481 0.068379
vt 0.919767 0.072572
vt 0.919711 0.068365
vt 0.920168 0.068378
vt 0.919403 0.072568
vt 0.919382 0.068381
vt 0.919711 0.068365
vt 0.920152 0.072561
vt 0.920168 0.068378
vt 0.920515 0.068383
vt 0.923154 0.072634
vt 0.922899 0.06839
vt 0.923611 0.068388
vt 0.924697 0.068341
vt 0.926222 0.068392
vt 0.92579 0.072583
vt 0.924632 0.072572
vt 0.92368 0.07258
vt 0.923611 0.068388
vt 0.937614 0.072559
vt 0.934107 0.072578
vt 0.934311 0.06837
vt 0.931381 0.072568
vt 0.930605 0.068387
vt 0.934311 0.06837
vt 0.960862 0.068382
vt 0.962611 0.068385
vt 0.962003 0.072574
vt 0.966767 0.068347
vt 0.96735 0.068355
vt 0.967186 0.072631
vt 0.964902 0.072577
vt 0.964004 0.072626
vt 0.96394 0.068397
vt 0.969885 0.068221
vt 0.96969 0.068211
vt 0.969826 0.068379
vt 0.972642 0.07262
vt 0.972402 0.072683
vt 0.972303 0.072739
vt 0.972107 0.072673
vt 0.972171 0.072573
vt 0.972534 0.072577
vt 0.91911 0.072572
vt 0.919403 0.072568
vt 0.919516 0.072709
vt 0.919767 0.072572
vt 0.919867 0.07273
vt 0.919516 0.072709
vt 0.920152 0.072561
vt 0.920335 0.072725
vt 0.919867 0.07273
vt 0.931381 0.072568
vt 0.93198 0.072678
vt 0.928592 0.072711
vt 0.934107 0.072578
vt 0.937614 0.072559
vt 0.936973 0.072729
vt 0.960531 0.072553
vt 0.960584 0.072729
vt 0.958836 0.072709
vt 0.962003 0.072574
vt 0.962312 0.072725
vt 0.960584 0.072729
vt 0.964902 0.072577
vt 0.965871 0.072574
vt 0.965735 0.072726
vt 0.965871 0.072574
vt 0.966652 0.072572
vt 0.966578 0.072707
vt 0.968254 0.072579
vt 0.968661 0.072569
vt 0.968651 0.072723
vt 0.969487 0.072577
vt 0.969465 0.07271
vt 0.969153 0.072729
vt 0.928592 0.072711
vt 0.930615 0.072743
vt 0.925197 0.072731
vt 0.969465 0.07271
vt 0.969487 0.072577
vt 0.969815 0.072565
vt 0.918858 0.068237
vt 0.919035 0.068281
vt 0.918862 0.068392
vt 0.919555 0.06823
vt 0.919382 0.068381
vt 0.919118 0.068383
vt 0.919893 0.068246
vt 0.920268 0.068225
vt 0.920168 0.068378
vt 0.920268 0.068225
vt 0.920804 0.068327
vt 0.920515 0.068383
vt 0.921751 0.068393
vt 0.921539 0.068231
vt 0.922612 0.068231
vt 0.923701 0.068225
vt 0.923611 0.068388
vt 0.922899 0.06839
vt 0.924586 0.068214
vt 0.924697 0.068341
vt 0.923611 0.068388
vt 0.926726 0.068223
vt 0.928858 0.068271
vt 0.928029 0.068373
vt 0.944248 0.068217
vt 0.950062 0.068219
vt 0.949941 0.068274
vt 0.950062 0.068219
vt 0.956571 0.068221
vt 0.956661 0.068277
vt 0.96394 0.068397
vt 0.963359 0.068215
vt 0.964989 0.068231
vt 0.965156 0.068378
vt 0.964989 0.068231
vt 0.966097 0.068247
vt 0.968721 0.072572
vt 0.968275 0.072574
vt 0.968092 0.072728
vt 0.967241 0.072579
vt 0.966515 0.072575
vt 0.966458 0.072729
vt 0.965842 0.072572
vt 0.965598 0.072723
vt 0.966458 0.072729
vt 0.964902 0.07262
vt 0.964004 0.072626
vt 0.963821 0.072736
vt 0.962253 0.072631
vt 0.961176 0.072728
vt 0.963821 0.072736
vt 0.954287 0.072576
vt 0.952307 0.072684
vt 0.957223 0.072729
vt 0.950541 0.072566
vt 0.945574 0.072585
vt 0.945069 0.07273
vt 0.935629 0.072543
vt 0.933564 0.072677
vt 0.941248 0.072684
vt 0.929234 0.072629
vt 0.926913 0.072677
vt 0.927644 0.072741
vt 0.919524 0.072624
vt 0.91934 0.072737
vt 0.920039 0.072734
vt 0.919118 0.072678
vt 0.918789 0.072613
vt 0.918873 0.072735
vt 0.967694 0.068216
vt 0.967162 0.068225
vt 0.967184 0.068395
vt 0.967184 0.068395
vt 0.967162 0.068225
vt 0.966324 0.068221
vt 0.964621 0.068217
vt 0.965059 0.068338
vt 0.965813 0.06835
vt 0.934184 0.068248
vt 0.930392 0.068273
vt 0.930433 0.068372
vt 0.930392 0.068273
vt 0.927947 0.068231
vt 0.927902 0.068377
vt 0.927947 0.068231
vt 0.926131 0.068251
vt 0.926135 0.068388
vt 0.926135 0.068388
vt 0.926131 0.068251
vt 0.925109 0.068223
vt 0.92328 0.068387
vt 0.923561 0.068214
vt 0.922679 0.068224
vt 0.922679 0.068224
vt 0.921776 0.068231
vt 0.922014 0.068385
vt 0.921066 0.068227
vt 0.920915 0.068339
vt 0.921506 0.068392
vt 0.920375 0.068219
vt 0.919956 0.068246
vt 0.9199 0.06838
vt 0.919956 0.068246
vt 0.919542 0.068274
vt 0.919481 0.068379
vt 0.919542 0.068274
vt 0.919204 0.068248
vt 0.919109 0.068388
vt 0.919204 0.068248
vt 0.918861 0.068275
vt 0.918887 0.068379
vt 0.918771 0.068382
vt 0.918861 0.068275
vt 0.918858 0.068237
vt 0.971554 0.067888
vt 0.971425 0.067894
vt 0.971014 0.068078
vt 0.970715 0.068221
vt 0.970711 0.068327
vt 0.971416 0.068092
vt 0.971431 0.07257
vt 0.971519 0.072722
vt 0.96993 0.072727
vt 0.972172 0.067733
vt 0.972541 0.067708
vt 0.972445 0.067593
vt 0.969719 0.072727
vt 0.969943 0.072728
vt 0.969975 0.072583
vt 0.969763 0.068272
vt 0.9699 0.068245
vt 0.969937 0.068383
vt 0.926826 0.024489
vt 0.926586 0.024489
vt 0.928868 0.024489
vt 0.948577 0.055397
vt 0.949646 0.05223
vt 0.953191 0.058932
vt 0.956965 0.077929
vt 0.957717 0.078241
vt 0.958337 0.087005
vt 0.957717 0.078241
vt 0.958337 0.087005
vt 0.958913 0.086867
vt 0.956966 0.077928
vt 0.95799 0.088159
vt 0.958337 0.087005
vt 0.959726 0.082211
vt 0.959132 0.075213
vt 0.959512 0.07672
vt 0.959391 0.076725
vt 0.959073 0.076736
vt 0.959567 0.082222
vt 0.959073 0.076736
vt 0.958661 0.076751
vt 0.959179 0.082249
vt 0.959414 0.074108
vt 0.958764 0.067924
vt 0.958954 0.068267
vt 0.958954 0.068267
vt 0.958835 0.06792
vt 0.959448 0.074101
vt 0.956517 0.068839
vt 0.956074 0.06491
vt 0.956673 0.06489
vt 0.956673 0.06489
vt 0.957207 0.064842
vt 0.957689 0.068353
vt 0.958108 0.064758
vt 0.958391 0.064735
vt 0.958764 0.067924
vt 0.958764 0.067924
vt 0.958391 0.064735
vt 0.958509 0.064725
vt 0.958545 0.064823
vt 0.958462 0.064729
vt 0.958835 0.06792
vt 0.958295 0.064744
vt 0.958763 0.068823
vt 0.958835 0.06792
vt 0.958295 0.064744
vt 0.958028 0.064767
vt 0.958494 0.06883
vt 0.958028 0.064767
vt 0.957663 0.0648
vt 0.958126 0.06884
vt 0.957663 0.0648
vt 0.957207 0.064842
vt 0.957668 0.068853
vt 0.957207 0.064842
vt 0.956673 0.06489
vt 0.957132 0.068869
vt 0.956673 0.06489
vt 0.956075 0.064912
vt 0.956517 0.06884
vt 0.956074 0.06491
vt 0.955648 0.06234
vt 0.956246 0.062265
vt 0.956673 0.06489
vt 0.956246 0.062265
vt 0.956777 0.062189
vt 0.957207 0.064842
vt 0.956777 0.062189
vt 0.957231 0.062125
vt 0.957663 0.064801
vt 0.957231 0.062125
vt 0.957594 0.062073
vt 0.956246 0.062265
vt 0.956673 0.06489
vt 0.957207 0.064842
vt 0.956246 0.062265
vt 0.955648 0.062342
vt 0.956075 0.064912
vt 0.956246 0.062265
vt 0.955682 0.059621
vt 0.956207 0.059803
vt 0.956207 0.059803
vt 0.956553 0.059584
vt 0.957231 0.062125
vt 0.957231 0.062125
vt 0.956553 0.059584
vt 0.956934 0.059496
vt 0.957594 0.062073
vt 0.956934 0.059496
vt 0.95722 0.059429
vt 0.95786 0.062036
vt 0.95722 0.059429
vt 0.957407 0.059385
vt 0.958026 0.062013
vt 0.957407 0.059385
vt 0.957511 0.059396
vt 0.957511 0.059396
vt 0.957465 0.059371
vt 0.958073 0.062007
vt 0.957465 0.059371
vt 0.957326 0.059404
vt 0.957955 0.062023
vt 0.957326 0.059404
vt 0.957089 0.05946
vt 0.957739 0.062053
vt 0.957089 0.05946
vt 0.956755 0.059537
vt 0.957424 0.062097
vt 0.956755 0.059537
vt 0.95633 0.059636
vt 0.957014 0.062156
vt 0.955682 0.059621
vt 0.954805 0.05746
vt 0.955332 0.057288
vt 0.95458 0.056093
vt 0.955313 0.058499
vt 0.955754 0.057735
vt 0.954595 0.054123
vt 0.955381 0.055794
vt 0.955725 0.055667
vt 0.954595 0.054123
vt 0.954179 0.054314
vt 0.954952 0.055954
vt 0.954179 0.054314
vt 0.953692 0.054537
vt 0.95458 0.056093
vt 0.953692 0.054537
vt 0.953022 0.054501
vt 0.953606 0.055672
vt 0.954243 0.052724
vt 0.95448 0.052598
vt 0.955172 0.053859
vt 0.955172 0.053859
vt 0.95448 0.052598
vt 0.954628 0.05252
vt 0.955325 0.053789
vt 0.954628 0.05252
vt 0.954723 0.052542
vt 0.954723 0.052542
vt 0.95467 0.052498
vt 0.955368 0.05377
vt 0.95467 0.052498
vt 0.954565 0.052553
vt 0.95526 0.053819
vt 0.954372 0.052655
vt 0.955001 0.053935
vt 0.95526 0.053819
vt 0.954243 0.052724
vt 0.953248 0.051126
vt 0.953714 0.051381
vt 0.95448 0.052598
vt 0.953714 0.051381
vt 0.953858 0.051294
vt 0.954628 0.05252
vt 0.953858 0.051294
vt 0.953953 0.051311
vt 0.953953 0.051311
vt 0.953898 0.05127
vt 0.95467 0.052498
vt 0.953898 0.05127
vt 0.953797 0.051331
vt 0.954565 0.052553
vt 0.953797 0.051331
vt 0.95361 0.051444
vt 0.954372 0.052655
vt 0.95361 0.051444
vt 0.953339 0.05161
vt 0.954092 0.052804
vt 0.953339 0.05161
vt 0.952986 0.051825
vt 0.953727 0.052998
vt 0.952986 0.051825
vt 0.952561 0.052086
vt 0.953287 0.053233
vt 0.952074 0.052383
vt 0.951099 0.051045
vt 0.95145 0.050794
vt 0.953714 0.051381
vt 0.95266 0.049924
vt 0.952797 0.049826
vt 0.953858 0.051294
vt 0.952797 0.049826
vt 0.952892 0.049835
vt 0.952892 0.049835
vt 0.952835 0.049799
vt 0.953898 0.05127
vt 0.952835 0.049799
vt 0.952738 0.049867
vt 0.953797 0.051331
vt 0.952738 0.049867
vt 0.952561 0.049994
vt 0.95361 0.051444
vt 0.952561 0.049994
vt 0.952302 0.05018
vt 0.953339 0.05161
vt 0.952302 0.05018
vt 0.951967 0.050421
vt 0.952986 0.051825
vt 0.951967 0.050421
vt 0.951562 0.050712
vt 0.952561 0.052086
vt 0.951099 0.051045
vt 0.952443 0.05293
vt 0.952561 0.052086
vt 0.950866 0.051856
vt 0.951832 0.053205
vt 0.952443 0.05293
vt 0.951099 0.051045
vt 0.949579 0.04931
vt 0.950457 0.049422
vt 0.950839 0.049101
vt 0.951967 0.050421
vt 0.952302 0.05018
vt 0.950839 0.049101
vt 0.950457 0.049422
vt 0.951562 0.050712
vt 0.950457 0.049422
vt 0.950019 0.049788
vt 0.951099 0.051045
vt 0.949515 0.048452
vt 0.949473 0.047849
vt 0.950839 0.049101
vt 0.950839 0.049101
vt 0.949473 0.047849
vt 0.949782 0.047547
vt 0.951156 0.048836
vt 0.949782 0.047547
vt 0.950412 0.047611
vt 0.9514 0.048632
vt 0.950412 0.047611
vt 0.950571 0.047462
vt 0.951567 0.048493
vt 0.950571 0.047462
vt 0.950658 0.047381
vt 0.951658 0.048417
vt 0.950658 0.047381
vt 0.950721 0.047412
vt 0.950721 0.047412
vt 0.950623 0.047413
vt 0.951622 0.048447
vt 0.950623 0.047413
vt 0.950501 0.047528
vt 0.951493 0.048554
vt 0.950305 0.047711
vt 0.951225 0.048775
vt 0.951493 0.048554
vt 0.949755 0.047452
vt 0.949552 0.047793
vt 0.950839 0.049101
vt 0.949552 0.047793
vt 0.949195 0.048141
vt 0.950457 0.049422
vt 0.949195 0.048141
vt 0.948786 0.048538
vt 0.950019 0.049788
vt 0.948149 0.04889
vt 0.949677 0.050432
vt 0.950019 0.049788
vt 0.947568 0.047863
vt 0.946094 0.046736
vt 0.94651 0.046292
vt 0.94651 0.046292
vt 0.946845 0.045873
vt 0.947998 0.046599
vt 0.946094 0.046736
vt 0.944501 0.045653
vt 0.944904 0.045195
vt 0.94651 0.046292
vt 0.944904 0.045195
vt 0.945211 0.044756
vt 0.946845 0.045873
vt 0.945211 0.044756
vt 0.945474 0.044381
vt 0.947131 0.045516
vt 0.945474 0.044381
vt 0.945685 0.04408
vt 0.94736 0.04523
vt 0.945685 0.04408
vt 0.945839 0.043861
vt 0.947528 0.045021
vt 0.945839 0.043861
vt 0.945936 0.043724
vt 0.947633 0.04489
vt 0.945936 0.043724
vt 0.946045 0.043711
vt 0.945963 0.043686
vt 0.945895 0.043782
vt 0.947588 0.044945
vt 0.945895 0.043782
vt 0.945769 0.04396
vt 0.947452 0.045116
vt 0.945769 0.04396
vt 0.945586 0.044221
vt 0.947253 0.045364
vt 0.945349 0.044559
vt 0.946921 0.045773
vt 0.947253 0.045364
vt 0.944904 0.045195
vt 0.947067 0.046699
vt 0.946921 0.045773
vt 0.944904 0.045195
vt 0.944508 0.045655
vt 0.946651 0.047147
vt 0.944501 0.045653
vt 0.942278 0.044379
vt 0.942644 0.043894
vt 0.944904 0.045195
vt 0.942644 0.043894
vt 0.942917 0.043432
vt 0.945211 0.044756
vt 0.942917 0.043432
vt 0.94315 0.043038
vt 0.945474 0.044381
vt 0.94315 0.043038
vt 0.943336 0.042722
vt 0.945685 0.04408
vt 0.943336 0.042722
vt 0.943473 0.042491
vt 0.945839 0.043861
vt 0.943473 0.042491
vt 0.943559 0.042347
vt 0.945936 0.043724
vt 0.943559 0.042347
vt 0.943669 0.042327
vt 0.943669 0.042327
vt 0.943583 0.042307
vt 0.945963 0.043686
vt 0.943583 0.042307
vt 0.943523 0.042409
vt 0.945895 0.043782
vt 0.943523 0.042409
vt 0.943411 0.042596
vt 0.945769 0.04396
vt 0.943411 0.042596
vt 0.943249 0.04287
vt 0.945586 0.044221
vt 0.943249 0.04287
vt 0.943039 0.043226
vt 0.945349 0.044559
vt 0.943039 0.043226
vt 0.942854 0.043544
vt 0.945139 0.044862
vt 0.942854 0.043544
vt 0.942645 0.043894
vt 0.944904 0.045195
vt 0.942645 0.043894
vt 0.942285 0.044381
vt 0.944508 0.045655
vt 0.942278 0.044379
vt 0.940163 0.043353
vt 0.940487 0.042847
vt 0.942644 0.043894
vt 0.940487 0.042847
vt 0.94073 0.042369
vt 0.942917 0.043432
vt 0.94073 0.042369
vt 0.940937 0.041961
vt 0.940937 0.041961
vt 0.941138 0.041563
vt 0.943336 0.042722
vt 0.940487 0.042847
vt 0.942645 0.043894
vt 0.942854 0.043544
vt 0.940487 0.042847
vt 0.940168 0.043355
vt 0.942285 0.044381
vt 0.940163 0.043353
vt 0.938337 0.042599
vt 0.93865 0.042073
vt 0.940487 0.042847
vt 0.93865 0.042073
vt 0.938872 0.041584
vt 0.94073 0.042369
vt 0.938872 0.041584
vt 0.939061 0.041168
vt 0.939061 0.041168
vt 0.938485 0.040569
vt 0.941138 0.041563
vt 0.939273 0.040701
vt 0.939364 0.040502
vt 0.941269 0.04131
vt 0.941269 0.04131
vt 0.939364 0.040502
vt 0.939414 0.040395
vt 0.941323 0.041205
vt 0.939414 0.040395
vt 0.939506 0.040407
vt 0.939506 0.040407
vt 0.938768 0.040215
vt 0.941302 0.041247
vt 0.938768 0.040215
vt 0.938692 0.040388
vt 0.941225 0.041396
vt 0.939213 0.040834
vt 0.941104 0.041635
vt 0.941225 0.041396
vt 0.939213 0.040834
vt 0.938413 0.040728
vt 0.940937 0.041961
vt 0.938337 0.042599
vt 0.935978 0.041749
vt 0.936208 0.041187
vt 0.93865 0.042073
vt 0.936208 0.041187
vt 0.936451 0.040693
vt 0.938872 0.041584
vt 0.936451 0.040693
vt 0.93662 0.040268
vt 0.936539 0.040471
vt 0.936356 0.040934
vt 0.938765 0.04182
vt 0.936356 0.040934
vt 0.93588 0.041515
vt 0.938529 0.04234
vt 0.935308 0.039078
vt 0.935248 0.039292
vt 0.938692 0.040388
vt 0.935885 0.039823
vt 0.938413 0.040728
vt 0.938692 0.040388
vt 0.932966 0.039422
vt 0.936539 0.040471
vt 0.935885 0.039823
vt 0.933081 0.039797
vt 0.936356 0.040934
vt 0.936539 0.040471
vt 0.959719 0.110062
vt 0.959084 0.110018
vt 0.95799 0.088159
vt 0.959845 0.092733
vt 0.960696 0.110023
vt 0.960262 0.110054
vt 0.960213 0.09275
vt 0.961023 0.110061
vt 0.960696 0.110023
vt 0.960482 0.092762
vt 0.96132 0.110058
vt 0.961023 0.110061
vt 0.96065 0.092774
vt 0.96146 0.110058
vt 0.96132 0.110058
vt 0.960578 0.092769
vt 0.96146 0.110058
vt 0.961538 0.110052
vt 0.960446 0.087342
vt 0.960372 0.086298
vt 0.961538 0.110052
vt 0.95799 0.088159
vt 0.959084 0.110018
vt 0.959737 0.110056
vt 0.946146 0.102019
vt 0.946702 0.102036
vt 0.946645 0.101562
vt 0.949003 0.101893
vt 0.94904 0.101278
vt 0.948155 0.10151
vt 0.950112 0.10208
vt 0.94987 0.101773
vt 0.949003 0.101893
vt 0.948155 0.10151
vt 0.94904 0.101278
vt 0.948905 0.100867
vt 0.948079 0.101106
vt 0.948905 0.100867
vt 0.948711 0.100622
vt 0.947959 0.100836
vt 0.948711 0.100622
vt 0.948746 0.100415
vt 0.951261 0.101802
vt 0.951203 0.101275
vt 0.950112 0.10208
vt 0.950112 0.10208
vt 0.951203 0.101275
vt 0.950645 0.101273
vt 0.94987 0.101773
vt 0.950645 0.101273
vt 0.950383 0.101043
vt 0.949591 0.100772
vt 0.950084 0.100412
vt 0.949774 0.100186
vt 0.949774 0.100186
vt 0.949609 0.099994
vt 0.949217 0.100282
vt 0.950645 0.101273
vt 0.951103 0.100778
vt 0.950816 0.100594
vt 0.950084 0.100412
vt 0.950437 0.099982
vt 0.950108 0.099806
vt 0.950108 0.099806
vt 0.949931 0.099568
vt 0.949609 0.099994
vt 0.951841 0.100192
vt 0.951487 0.100082
vt 0.951103 0.100778
vt 0.951103 0.100778
vt 0.951487 0.100082
vt 0.951146 0.100026
vt 0.950685 0.099495
vt 0.950345 0.099376
vt 0.950108 0.099806
vt 0.95117 0.099142
vt 0.950784 0.100089
vt 0.951146 0.100026
vt 0.951841 0.100192
vt 0.952188 0.098881
vt 0.951766 0.099207
vt 0.950136 0.098788
vt 0.950073 0.098762
vt 0.949835 0.099303
vt 0.950529 0.098814
vt 0.950345 0.099376
vt 0.950685 0.099495
vt 0.951445 0.099199
vt 0.951683 0.097573
vt 0.951408 0.097642
vt 0.951408 0.097642
vt 0.951171 0.097707
vt 0.950974 0.098893
vt 0.951037 0.09707
vt 0.950812 0.097098
vt 0.950687 0.098058
vt 0.952075 0.095648
vt 0.951788 0.095547
vt 0.951683 0.097573
vt 0.952755 0.095139
vt 0.952402 0.095227
vt 0.95237 0.097119
vt 0.950619 0.093185
vt 0.950665 0.095136
vt 0.950894 0.095076
vt 0.950445 0.093616
vt 0.950505 0.095984
vt 0.950665 0.095136
vt 0.952383 0.092531
vt 0.952402 0.095227
vt 0.952755 0.095139
vt 0.93796 0.043632
vt 0.933782 0.0422
vt 0.933934 0.042599
vt 0.942264 0.045625
vt 0.93796 0.043632
vt 0.9378 0.044097
vt 0.945143 0.047428
vt 0.945335 0.047156
vt 0.942628 0.045308
vt 0.947708 0.049459
vt 0.947941 0.049208
vt 0.945335 0.047156
vt 0.949678 0.052112
vt 0.949931 0.051859
vt 0.947708 0.049459
vt 0.947708 0.049459
vt 0.949931 0.051859
vt 0.949636 0.050999
vt 0.949678 0.052112
vt 0.951284 0.05471
vt 0.951733 0.054536
vt 0.953133 0.057418
vt 0.951733 0.054536
vt 0.951284 0.05471
vt 0.953133 0.057418
vt 0.9542 0.060941
vt 0.954285 0.059562
vt 0.955976 0.080076
vt 0.956513 0.081009
vt 0.955053 0.065676
vt 0.956513 0.081009
vt 0.956711 0.079048
vt 0.955647 0.068009
vt 0.945335 0.047156
vt 0.947941 0.049208
vt 0.948149 0.04889
vt 0.950866 0.051856
vt 0.949677 0.050432
vt 0.949636 0.050999
vt 0.955506 0.064368
vt 0.955134 0.063808
vt 0.955647 0.068009
vt 0.951116 0.082182
vt 0.95064 0.076127
vt 0.951128 0.076109
vt 0.950675 0.08219
vt 0.9502 0.076145
vt 0.95064 0.076127
vt 0.95022 0.081054
vt 0.949829 0.07616
vt 0.9502 0.076145
vt 0.949543 0.076171
vt 0.949829 0.07616
vt 0.95022 0.081054
vt 0.949822 0.082207
vt 0.94935 0.076179
vt 0.949543 0.076171
vt 0.949637 0.081069
vt 0.949249 0.076183
vt 0.94935 0.076179
vt 0.949617 0.081051
vt 0.949221 0.076083
vt 0.949249 0.076183
vt 0.949617 0.081051
vt 0.949677 0.081069
vt 0.949289 0.076183
vt 0.949677 0.081069
vt 0.949869 0.081945
vt 0.949435 0.076178
vt 0.950098 0.08193
vt 0.949675 0.076169
vt 0.949435 0.076178
vt 0.950417 0.08191
vt 0.950005 0.076157
vt 0.949675 0.076169
vt 0.950815 0.081885
vt 0.950413 0.076142
vt 0.950005 0.076157
vt 0.950815 0.081885
vt 0.951181 0.082304
vt 0.95088 0.076125
vt 0.951128 0.076109
vt 0.950359 0.068267
vt 0.950944 0.068263
vt 0.95064 0.076127
vt 0.949874 0.068301
vt 0.950359 0.068267
vt 0.9502 0.076145
vt 0.949434 0.068331
vt 0.949874 0.068301
vt 0.949829 0.07616
vt 0.949063 0.068356
vt 0.949434 0.068331
vt 0.949543 0.076171
vt 0.948659 0.06838
vt 0.949063 0.068356
vt 0.948475 0.068598
vt 0.948659 0.06838
vt 0.94935 0.076179
vt 0.949221 0.076083
vt 0.949289 0.076183
vt 0.948574 0.068388
vt 0.949435 0.076178
vt 0.949675 0.076169
vt 0.949056 0.06835
vt 0.950005 0.076157
vt 0.950413 0.076142
vt 0.949646 0.06832
vt 0.950413 0.076142
vt 0.95088 0.076125
vt 0.950112 0.068289
vt 0.951399 0.076077
vt 0.950384 0.066172
vt 0.950112 0.068289
vt 0.948435 0.065596
vt 0.948803 0.065558
vt 0.949063 0.068356
vt 0.94814 0.065625
vt 0.948242 0.065615
vt 0.948659 0.06838
vt 0.948574 0.068388
vt 0.94818 0.065622
vt 0.948119 0.065612
vt 0.948574 0.068388
vt 0.949056 0.06835
vt 0.948567 0.065586
vt 0.949646 0.06832
vt 0.949303 0.065516
vt 0.948896 0.065555
vt 0.949646 0.06832
vt 0.950112 0.068289
vt 0.949768 0.065472
vt 0.948435 0.065596
vt 0.948049 0.063359
vt 0.948333 0.063314
vt 0.948242 0.065615
vt 0.947857 0.063388
vt 0.948049 0.063359
vt 0.94814 0.065625
vt 0.947755 0.063404
vt 0.947857 0.063388
vt 0.948119 0.065612
vt 0.947732 0.063387
vt 0.947755 0.063404
vt 0.948119 0.065612
vt 0.94818 0.065622
vt 0.947795 0.063399
vt 0.94818 0.065622
vt 0.948327 0.065609
vt 0.947941 0.063377
vt 0.948327 0.065609
vt 0.948567 0.065586
vt 0.94818 0.063341
vt 0.948567 0.065586
vt 0.948896 0.065555
vt 0.948507 0.063292
vt 0.948896 0.065555
vt 0.949303 0.065516
vt 0.948911 0.06323
vt 0.949303 0.065516
vt 0.949768 0.065472
vt 0.949372 0.063159
vt 0.949768 0.065472
vt 0.950384 0.066172
vt 0.949874 0.063089
vt 0.949095 0.060973
vt 0.949582 0.060687
vt 0.950111 0.062822
vt 0.949136 0.06319
vt 0.94862 0.061085
vt 0.949095 0.060973
vt 0.9487 0.063258
vt 0.948191 0.061186
vt 0.94862 0.061085
vt 0.948333 0.063314
vt 0.947829 0.061272
vt 0.948191 0.061186
vt 0.948049 0.063359
vt 0.94755 0.061338
vt 0.947829 0.061272
vt 0.947857 0.063388
vt 0.947361 0.061383
vt 0.94755 0.061338
vt 0.947755 0.063404
vt 0.947261 0.061407
vt 0.947361 0.061383
vt 0.947732 0.063387
vt 0.947235 0.061387
vt 0.947261 0.061407
vt 0.947732 0.063387
vt 0.947795 0.063399
vt 0.947301 0.061399
vt 0.947795 0.063399
vt 0.947941 0.063377
vt 0.947444 0.061366
vt 0.947941 0.063377
vt 0.94818 0.063341
vt 0.947679 0.061311
vt 0.94818 0.063341
vt 0.948507 0.063292
vt 0.948001 0.061236
vt 0.948507 0.063292
vt 0.948911 0.06323
vt 0.948399 0.061142
vt 0.948911 0.06323
vt 0.949372 0.063159
vt 0.948853 0.061036
vt 0.949372 0.063159
vt 0.949874 0.063089
vt 0.949347 0.060924
vt 0.948382 0.058922
vt 0.948839 0.058525
vt 0.949582 0.060687
vt 0.94862 0.061085
vt 0.947923 0.059084
vt 0.948382 0.058922
vt 0.948191 0.061186
vt 0.947507 0.059231
vt 0.947923 0.059084
vt 0.947829 0.061272
vt 0.947156 0.059355
vt 0.947507 0.059231
vt 0.94755 0.061338
vt 0.946886 0.059451
vt 0.947156 0.059355
vt 0.947361 0.061383
vt 0.946703 0.059516
vt 0.946886 0.059451
vt 0.946789 0.060106
vt 0.946703 0.059516
vt 0.947361 0.061383
vt 0.947301 0.061399
vt 0.946644 0.059538
vt 0.946789 0.060106
vt 0.947301 0.061399
vt 0.947444 0.061366
vt 0.946784 0.05949
vt 0.947444 0.061366
vt 0.947679 0.061311
vt 0.947011 0.05941
vt 0.947679 0.061311
vt 0.948001 0.061236
vt 0.947322 0.059301
vt 0.948001 0.061236
vt 0.948399 0.061142
vt 0.947708 0.059165
vt 0.948399 0.061142
vt 0.948853 0.061036
vt 0.948148 0.059011
vt 0.948853 0.061036
vt 0.949347 0.060924
vt 0.948629 0.058858
vt 0.947697 0.05747
vt 0.948125 0.057013
vt 0.948839 0.058525
vt 0.947923 0.059084
vt 0.947255 0.057675
vt 0.947697 0.05747
vt 0.947507 0.059231
vt 0.946855 0.057861
vt 0.947255 0.057675
vt 0.947156 0.059355
vt 0.946518 0.058017
vt 0.946855 0.057861
vt 0.946886 0.059451
vt 0.94615 0.058187
vt 0.946518 0.058017
vt 0.945991 0.058329
vt 0.94615 0.058187
vt 0.946703 0.059516
vt 0.946644 0.059538
vt 0.946073 0.058226
vt 0.945991 0.058329
vt 0.946784 0.05949
vt 0.947011 0.05941
vt 0.946511 0.058022
vt 0.947322 0.059301
vt 0.947708 0.059165
vt 0.947048 0.057776
vt 0.947708 0.059165
vt 0.948148 0.059011
vt 0.947472 0.05758
vt 0.948148 0.059011
vt 0.948629 0.058858
vt 0.947933 0.057357
vt 0.947062 0.056369
vt 0.947516 0.056093
vt 0.948125 0.057013
vt 0.947255 0.057675
vt 0.946638 0.056608
vt 0.947062 0.056369
vt 0.946855 0.057861
vt 0.946253 0.056824
vt 0.946638 0.056608
vt 0.946518 0.058017
vt 0.945929 0.057007
vt 0.946253 0.056824
vt 0.94568 0.057147
vt 0.945929 0.057007
vt 0.946518 0.058017
vt 0.945991 0.058329
vt 0.945422 0.057293
vt 0.945511 0.057243
vt 0.945991 0.058329
vt 0.946073 0.058226
vt 0.945457 0.057275
vt 0.946073 0.058226
vt 0.946511 0.058022
vt 0.945796 0.057086
vt 0.947048 0.057776
vt 0.94644 0.056724
vt 0.946084 0.056924
vt 0.947472 0.05758
vt 0.946954 0.056432
vt 0.94644 0.056724
vt 0.946638 0.056608
vt 0.945795 0.055404
vt 0.946141 0.055126
vt 0.946253 0.056824
vt 0.945433 0.055655
vt 0.945795 0.055404
vt 0.945929 0.057007
vt 0.945128 0.055868
vt 0.945433 0.055655
vt 0.94568 0.057147
vt 0.944893 0.056032
vt 0.945128 0.055868
vt 0.945511 0.057243
vt 0.944734 0.056143
vt 0.944893 0.056032
vt 0.945422 0.057293
vt 0.94465 0.056202
vt 0.944734 0.056143
vt 0.945405 0.057303
vt 0.944622 0.056199
vt 0.94465 0.056202
vt 0.945405 0.057303
vt 0.945457 0.057275
vt 0.944683 0.05618
vt 0.945457 0.057275
vt 0.945586 0.057203
vt 0.944805 0.056097
vt 0.945586 0.057203
vt 0.945796 0.057086
vt 0.945003 0.05596
vt 0.945796 0.057086
vt 0.946084 0.056924
vt 0.945275 0.055772
vt 0.946084 0.056924
vt 0.94644 0.056724
vt 0.945611 0.055539
vt 0.94644 0.056724
vt 0.946954 0.056432
vt 0.945995 0.055273
vt 0.946954 0.056432
vt 0.947514 0.056093
vt 0.946719 0.05493
vt 0.944474 0.053915
vt 0.944837 0.053589
vt 0.946141 0.055126
vt 0.944483 0.054563
vt 0.944474 0.053915
vt 0.945795 0.055404
vt 0.945128 0.055868
vt 0.9442 0.054804
vt 0.944483 0.054563
vt 0.944893 0.056032
vt 0.943892 0.055066
vt 0.9442 0.054804
vt 0.943777 0.055247
vt 0.943892 0.055066
vt 0.944734 0.056143
vt 0.944683 0.05618
vt 0.943828 0.055124
vt 0.943777 0.055247
vt 0.944805 0.056097
vt 0.945003 0.05596
vt 0.944195 0.054811
vt 0.945275 0.055772
vt 0.945611 0.055539
vt 0.944647 0.05443
vt 0.945611 0.055539
vt 0.945995 0.055273
vt 0.945002 0.054127
vt 0.946301 0.055063
vt 0.945042 0.053436
vt 0.945002 0.054127
vt 0.9442 0.054804
vt 0.943133 0.053773
vt 0.943394 0.053508
vt 0.942933 0.053978
vt 0.943133 0.053773
vt 0.9442 0.054804
vt 0.943094 0.054569
vt 0.942797 0.054116
vt 0.943892 0.055066
vt 0.943828 0.055124
vt 0.942755 0.054162
vt 0.943094 0.054569
vt 0.943828 0.055124
vt 0.944195 0.054811
vt 0.943027 0.053887
vt 0.944647 0.05443
vt 0.943546 0.053361
vt 0.943259 0.053652
vt 0.944647 0.05443
vt 0.945002 0.054127
vt 0.943874 0.053028
vt 0.943209 0.052149
vt 0.943499 0.051896
vt 0.944601 0.052591
vt 0.944474 0.053915
vt 0.942887 0.052516
vt 0.943209 0.052149
vt 0.943133 0.053773
vt 0.941524 0.052516
vt 0.941754 0.052223
vt 0.942933 0.053978
vt 0.941347 0.052741
vt 0.941524 0.052516
vt 0.942797 0.054116
vt 0.941228 0.052894
vt 0.941347 0.052741
vt 0.942362 0.053927
vt 0.941165 0.052974
vt 0.941228 0.052894
vt 0.942362 0.053927
vt 0.942755 0.054162
vt 0.94119 0.052944
vt 0.942755 0.054162
vt 0.942858 0.054057
vt 0.941282 0.052829
vt 0.942858 0.054057
vt 0.943027 0.053887
vt 0.941431 0.05264
vt 0.943027 0.053887
vt 0.943259 0.053652
vt 0.941636 0.052381
vt 0.943259 0.053652
vt 0.943546 0.053361
vt 0.941889 0.05206
vt 0.943546 0.053361
vt 0.943874 0.053028
vt 0.942178 0.051694
vt 0.943209 0.052149
vt 0.941408 0.050879
vt 0.941717 0.050427
vt 0.942887 0.052516
vt 0.941126 0.051276
vt 0.941408 0.050879
vt 0.941524 0.052516
vt 0.939751 0.051396
vt 0.939953 0.051083
vt 0.941347 0.052741
vt 0.939596 0.051637
vt 0.939751 0.051396
vt 0.941228 0.052894
vt 0.93949 0.0518
vt 0.939596 0.051637
vt 0.941165 0.052974
vt 0.939435 0.051886
vt 0.93949 0.0518
vt 0.941131 0.052974
vt 0.939404 0.05189
vt 0.939435 0.051886
vt 0.941131 0.052974
vt 0.94119 0.052944
vt 0.939458 0.051853
vt 0.94119 0.052944
vt 0.941282 0.052829
vt 0.939539 0.051729
vt 0.941282 0.052829
vt 0.941431 0.05264
vt 0.93967 0.051528
vt 0.941431 0.05264
vt 0.941636 0.052381
vt 0.93985 0.051251
vt 0.941636 0.052381
vt 0.941889 0.05206
vt 0.940072 0.050908
vt 0.941889 0.05206
vt 0.942178 0.051694
vt 0.940327 0.050516
vt 0.941408 0.050879
vt 0.939481 0.049769
vt 0.939934 0.049392
vt 0.941126 0.051276
vt 0.939232 0.050188
vt 0.939481 0.049769
vt 0.939751 0.051396
vt 0.93786 0.050411
vt 0.938037 0.050084
vt 0.939596 0.051637
vt 0.937726 0.050659
vt 0.93786 0.050411
vt 0.93949 0.0518
vt 0.93761 0.050822
vt 0.937726 0.050659
vt 0.937591 0.050928
vt 0.93761 0.050822
vt 0.93949 0.0518
vt 0.939404 0.05189
vt 0.937568 0.050939
vt 0.937591 0.050928
vt 0.939404 0.05189
vt 0.939458 0.051853
vt 0.937593 0.050884
vt 0.939539 0.051729
vt 0.937637 0.05074
vt 0.937593 0.050884
vt 0.939539 0.051729
vt 0.93967 0.051528
vt 0.937819 0.050564
vt 0.93967 0.051528
vt 0.93985 0.051251
vt 0.937947 0.050259
vt 0.93985 0.051251
vt 0.940072 0.050908
vt 0.938142 0.0499
vt 0.940072 0.050908
vt 0.940327 0.050516
vt 0.938365 0.04949
vt 0.937947 0.050259
vt 0.935924 0.049314
vt 0.935902 0.04968
vt 0.935622 0.048256
vt 0.935463 0.047749
vt 0.937558 0.048563
vt 0.951603 0.082175
vt 0.952095 0.09256
vt 0.951806 0.092529
vt 0.950617 0.08759
vt 0.950792 0.092766
vt 0.9506 0.092832
vt 0.9506 0.092832
vt 0.95047 0.094079
vt 0.949822 0.082207
vt 0.95047 0.094079
vt 0.950386 0.094647
vt 0.949981 0.087143
vt 0.950445 0.093616
vt 0.949869 0.081945
vt 0.950141 0.090023
vt 0.951203 0.092551
vt 0.950815 0.081885
vt 0.950417 0.08191
vt 0.950619 0.093185
vt 0.950098 0.08193
vt 0.949869 0.081945
vt 0.950858 0.092652
vt 0.950417 0.08191
vt 0.950098 0.08193
vt 0.951203 0.092551
vt 0.951656 0.092485
vt 0.951181 0.082304
vt 0.952087 0.092554
vt 0.951603 0.082178
vt 0.951181 0.082304
vt 0.94676 0.100896
vt 0.947665 0.100782
vt 0.947922 0.100978
vt 0.947467 0.102342
vt 0.947273 0.102074
vt 0.949265 0.101659
vt 0.948431 0.103076
vt 0.948375 0.10254
vt 0.949632 0.102272
vt 0.947665 0.100782
vt 0.94844 0.100605
vt 0.948544 0.100745
vt 0.949876 0.102618
vt 0.949632 0.102272
vt 0.950571 0.101827
vt 0.948544 0.100745
vt 0.94844 0.100605
vt 0.949117 0.100335
vt 0.949265 0.101659
vt 0.950335 0.101099
vt 0.950391 0.101479
vt 0.950876 0.102123
vt 0.950571 0.101827
vt 0.951335 0.101121
vt 0.950391 0.101479
vt 0.95102 0.100903
vt 0.951335 0.101121
vt 0.951335 0.101121
vt 0.95102 0.100903
vt 0.951438 0.100175
vt 0.949983 0.099974
vt 0.950324 0.099423
vt 0.950562 0.099512
vt 0.950087 0.098752
vt 0.950162 0.098764
vt 0.949984 0.099193
vt 0.952309 0.100104
vt 0.951876 0.100111
vt 0.95218 0.098929
vt 0.951211 0.098934
vt 0.951533 0.098773
vt 0.951302 0.09965
vt 0.950531 0.098815
vt 0.950918 0.098683
vt 0.950562 0.099512
vt 0.950308 0.098764
vt 0.950531 0.098815
vt 0.950324 0.099423
vt 0.949984 0.099193
vt 0.950162 0.098764
vt 0.950308 0.098764
vt 0.950498 0.097308
vt 0.950671 0.097303
vt 0.950564 0.098073
vt 0.950349 0.097544
vt 0.950498 0.097308
vt 0.950383 0.098086
vt 0.9505 0.096267
vt 0.95047 0.094079
vt 0.950665 0.094616
vt 0.952063 0.095944
vt 0.952095 0.09256
vt 0.952411 0.092664
vt 0.948223 0.100458
vt 0.947545 0.100586
vt 0.947709 0.100549
vt 0.952742 0.101239
vt 0.952304 0.101297
vt 0.952859 0.099766
vt 0.944808 0.052339
vt 0.943289 0.05123
vt 0.942845 0.050424
vt 0.947682 0.055136
vt 0.947503 0.055393
vt 0.94597 0.053639
vt 0.952873 0.078948
vt 0.952582 0.078982
vt 0.951233 0.066984
vt 0.939934 0.049392
vt 0.937537 0.048136
vt 0.938198 0.048149
vt 0.949582 0.060687
vt 0.949694 0.059821
vt 0.950549 0.06324
vt 0.952582 0.078982
vt 0.953363 0.092749
vt 0.953072 0.092649
vt 0.952873 0.078948
vt 0.953907 0.095621
vt 0.953363 0.092749
vt 0.952529 0.101931
vt 0.952022 0.101865
vt 0.951295 0.102572
vt 0.953291 0.100336
vt 0.953072 0.09968
vt 0.952651 0.100956
vt 0.953513 0.092595
vt 0.953065 0.092613
vt 0.953085 0.095656
vt 0.939771 0.048588
vt 0.939551 0.048948
vt 0.941836 0.050218
vt 0.944709 0.052395
vt 0.945622 0.052693
vt 0.942845 0.050424
vt 0.94597 0.053639
vt 0.947503 0.055393
vt 0.947682 0.055136
vt 0.947503 0.055393
vt 0.948542 0.057351
vt 0.94889 0.057229
vt 0.948542 0.057351
vt 0.949549 0.059813
vt 0.94994 0.059279
vt 0.94994 0.059279
vt 0.949549 0.059813
vt 0.950134 0.061821
vt 0.951233 0.066984
vt 0.952582 0.078981
vt 0.952873 0.078943
vt 0.952303 0.079079
vt 0.953065 0.092613
vt 0.953513 0.092595
vt 0.929185 0.032066
vt 0.928969 0.032067
vt 0.928853 0.03153
vt 0.931893 0.057646
vt 0.931353 0.05025
vt 0.931121 0.051037
vt 0.930427 0.042185
vt 0.930144 0.040258
vt 0.929747 0.040398
vt 0.930144 0.040258
vt 0.929771 0.038915
vt 0.929408 0.039099
vt 0.929341 0.037613
vt 0.928913 0.037529
vt 0.929408 0.039099
vt 0.929341 0.037613
vt 0.928921 0.036374
vt 0.928397 0.036189
vt 0.932121 0.057011
vt 0.931694 0.050553
vt 0.931353 0.05025
vt 0.931344 0.046403
vt 0.930917 0.043563
vt 0.930772 0.044369
vt 0.933375 0.081777
vt 0.932468 0.071392
vt 0.933052 0.084213
vt 0.933491 0.076567
vt 0.932264 0.056676
vt 0.932121 0.057011
vt 0.930698 0.041617
vt 0.930521 0.041625
vt 0.930917 0.043563
vt 0.930374 0.040246
vt 0.930144 0.040258
vt 0.930521 0.041625
vt 0.930374 0.040246
vt 0.930012 0.038908
vt 0.929771 0.038915
vt 0.929553 0.037604
vt 0.929341 0.037613
vt 0.929771 0.038915
vt 0.931093 0.043551
vt 0.930917 0.043563
vt 0.931344 0.046403
vt 0.932444 0.056387
vt 0.932417 0.057054
vt 0.933491 0.076567
vt 0.93192 0.050561
vt 0.932417 0.057054
vt 0.932444 0.056387
vt 0.931042 0.042948
vt 0.930766 0.041573
vt 0.930698 0.041617
vt 0.930766 0.041573
vt 0.930442 0.040218
vt 0.930374 0.040246
vt 0.926877 0.031916
vt 0.926912 0.031545
vt 0.926881 0.031405
vt 0.928082 0.031439
vt 0.927913 0.031865
vt 0.927867 0.024489
vt 0.928317 0.03154
vt 0.92856 0.031579
vt 0.928542 0.024489
vt 0.928431 0.032061
vt 0.928695 0.032086
vt 0.92856 0.031579
vt 0.928798 0.03205
vt 0.928665 0.031521
vt 0.92856 0.031579
vt 0.926457 0.024489
vt 0.926437 0.031743
vt 0.926354 0.031514
vt 0.933835 0.082844
vt 0.933695 0.078273
vt 0.935251 0.110025
vt 0.930766 0.041573
vt 0.930853 0.042191
vt 0.930403 0.040251
vt 0.930403 0.040251
vt 0.93002 0.038908
vt 0.930063 0.038899
vt 0.931942 0.050601
vt 0.931556 0.047046
vt 0.931637 0.046957
vt 0.929622 0.037593
vt 0.929552 0.03761
vt 0.929061 0.036359
vt 0.934948 0.110061
vt 0.933399 0.078678
vt 0.933835 0.082844
vt 0.930488 0.041662
vt 0.930171 0.040282
vt 0.930403 0.040251
vt 0.930403 0.040251
vt 0.930171 0.040282
vt 0.929797 0.038935
vt 0.934698 0.11003
vt 0.933118 0.077991
vt 0.933399 0.078678
vt 0.931718 0.050606
vt 0.931242 0.046441
vt 0.931556 0.047046
vt 0.929552 0.03761
vt 0.929333 0.037626
vt 0.92885 0.036372
vt 0.92885 0.036372
vt 0.928302 0.035199
vt 0.928549 0.035163
vt 0.933976 0.102333
vt 0.932835 0.079567
vt 0.933118 0.077991
vt 0.931424 0.050709
vt 0.930979 0.046442
vt 0.931242 0.046441
vt 0.930979 0.046442
vt 0.930627 0.04353
vt 0.930937 0.044402
vt 0.931702 0.056311
vt 0.931467 0.057409
vt 0.931105 0.050792
vt 0.931424 0.050709
vt 0.931105 0.050792
vt 0.930827 0.047451
vt 0.930488 0.041662
vt 0.930145 0.04228
vt 0.929747 0.040401
vt 0.930171 0.040282
vt 0.929747 0.040401
vt 0.929407 0.039096
vt 0.929407 0.039096
vt 0.928907 0.037513
vt 0.929333 0.037626
vt 0.928907 0.037513
vt 0.928394 0.036181
vt 0.92885 0.036372
vt 0.926536 0.031526
vt 0.926781 0.032082
vt 0.926482 0.032038
vt 0.926451 0.031548
vt 0.926351 0.031511
vt 0.926482 0.032038
vt 0.932248 0.039218
vt 0.931727 0.037567
vt 0.931521 0.037613
vt 0.933163 0.044545
vt 0.932907 0.042948
vt 0.932619 0.043142
vt 0.932907 0.042948
vt 0.932737 0.041926
vt 0.932359 0.041699
vt 0.932737 0.041926
vt 0.932519 0.040654
vt 0.931991 0.040086
vt 0.931946 0.038916
vt 0.931675 0.038891
vt 0.931991 0.040086
vt 0.931946 0.038916
vt 0.931521 0.037613
vt 0.931292 0.037694
vt 0.931521 0.037613
vt 0.931178 0.036358
vt 0.930812 0.036411
vt 0.930607 0.035162
vt 0.930225 0.035059
vt 0.930812 0.036411
vt 0.935671 0.084458
vt 0.936567 0.101318
vt 0.936817 0.100329
vt 0.936582 0.103979
vt 0.936824 0.104058
vt 0.936845 0.103288
vt 0.936824 0.104058
vt 0.937153 0.104064
vt 0.93713 0.103576
vt 0.937153 0.104064
vt 0.937518 0.104095
vt 0.937482 0.103731
vt 0.937247 0.102669
vt 0.937189 0.103166
vt 0.937628 0.103149
vt 0.937247 0.102669
vt 0.937329 0.102232
vt 0.937037 0.101918
vt 0.937738 0.102401
vt 0.937329 0.102232
vt 0.937247 0.102669
vt 0.93679 0.102171
vt 0.937047 0.101393
vt 0.936737 0.101142
vt 0.937834 0.1019
vt 0.937418 0.101806
vt 0.937329 0.102232
vt 0.937047 0.101393
vt 0.937072 0.100773
vt 0.936941 0.100557
vt 0.937834 0.1019
vt 0.937953 0.101467
vt 0.937519 0.101372
vt 0.937953 0.101467
vt 0.938047 0.101129
vt 0.937604 0.101023
vt 0.936941 0.100557
vt 0.937065 0.100012
vt 0.936966 0.09974
vt 0.936941 0.100557
vt 0.937072 0.100773
vt 0.937196 0.100239
vt 0.938106 0.100905
vt 0.937819 0.100723
vt 0.937604 0.101023
vt 0.937065 0.100012
vt 0.937161 0.099943
vt 0.937006 0.099488
vt 0.93749 0.103596
vt 0.937511 0.104079
vt 0.937242 0.104063
vt 0.937098 0.099868
vt 0.937014 0.100235
vt 0.936916 0.099897
vt 0.937014 0.100235
vt 0.936851 0.100973
vt 0.936797 0.100416
vt 0.937739 0.102383
vt 0.937329 0.102232
vt 0.937418 0.101806
vt 0.936689 0.102308
vt 0.936463 0.102269
vt 0.936639 0.101195
vt 0.936777 0.101796
vt 0.937037 0.101919
vt 0.936939 0.10253
vt 0.937329 0.102232
vt 0.937242 0.102692
vt 0.936939 0.10253
vt 0.937739 0.102383
vt 0.937676 0.102839
vt 0.937242 0.102692
vt 0.95505 0.065657
vt 0.955429 0.065893
vt 0.95671 0.079036
vt 0.956045 0.080335
vt 0.954498 0.064746
vt 0.95505 0.065657
vt 0.95505 0.065657
vt 0.954195 0.060919
vt 0.954741 0.061833
vt 0.954158 0.059086
vt 0.954195 0.060919
vt 0.953126 0.057399
vt 0.951716 0.054507
vt 0.951613 0.055014
vt 0.949646 0.05223
vt 0.949602 0.050959
vt 0.949901 0.051821
vt 0.947664 0.049417
vt 0.949646 0.05223
vt 0.946861 0.049158
vt 0.947664 0.049417
vt 0.947664 0.049417
vt 0.945084 0.047387
vt 0.945276 0.047114
vt 0.945084 0.047387
vt 0.942194 0.045587
vt 0.94283 0.045574
vt 0.937701 0.043913
vt 0.937543 0.043462
vt 0.942194 0.045587
vt 0.948809 0.049484
vt 0.950115 0.050942
vt 0.949602 0.050959
vt 0.933733 0.050491
vt 0.934164 0.057681
vt 0.933758 0.056335
vt 0.933157 0.047529
vt 0.933456 0.04675
vt 0.933733 0.050491
vt 0.932616 0.043123
vt 0.932911 0.042977
vt 0.933167 0.044568
vt 0.932358 0.041691
vt 0.932717 0.041808
vt 0.932911 0.042977
vt 0.931993 0.040089
vt 0.932519 0.04063
vt 0.932717 0.041808
vt 0.932005 0.038862
vt 0.932519 0.04063
vt 0.931993 0.040089
vt 0.931521 0.037613
vt 0.932005 0.038862
vt 0.931679 0.038902
vt 0.930801 0.036386
vt 0.931178 0.036357
vt 0.931521 0.037613
vt 0.933455 0.04243
vt 0.933758 0.04218
vt 0.934028 0.042864
vt 0.933067 0.042942
vt 0.932904 0.042107
vt 0.933125 0.042176
vt 0.932911 0.042977
vt 0.932717 0.041808
vt 0.932904 0.042107
vt 0.933328 0.041985
vt 0.933218 0.041566
vt 0.933554 0.041591
vt 0.93297 0.041492
vt 0.933218 0.041566
vt 0.933328 0.041985
vt 0.932904 0.042107
vt 0.932765 0.041385
vt 0.93297 0.041492
vt 0.932717 0.041808
vt 0.932519 0.04063
vt 0.932765 0.041385
vt 0.934266 0.047383
vt 0.934651 0.047249
vt 0.934504 0.046723
vt 0.933587 0.047609
vt 0.933706 0.04748
vt 0.933526 0.046373
vt 0.933785 0.046969
vt 0.933655 0.046314
vt 0.933526 0.046373
vt 0.933785 0.046969
vt 0.934016 0.046973
vt 0.933839 0.046208
vt 0.934237 0.046791
vt 0.934504 0.046723
vt 0.934407 0.046074
vt 0.935337 0.050298
vt 0.935301 0.050149
vt 0.93496 0.050302
vt 0.935787 0.050201
vt 0.935652 0.050094
vt 0.935301 0.050149
vt 0.93496 0.050302
vt 0.935301 0.050149
vt 0.935217 0.049868
vt 0.935301 0.050149
vt 0.935652 0.050094
vt 0.935564 0.049808
vt 0.934883 0.050019
vt 0.935217 0.049868
vt 0.935102 0.049475
vt 0.935217 0.049868
vt 0.935564 0.049808
vt 0.935441 0.049408
vt 0.934552 0.049492
vt 0.934453 0.049029
vt 0.934219 0.049257
vt 0.934219 0.049257
vt 0.934453 0.049029
vt 0.934326 0.048503
vt 0.93539 0.048702
vt 0.935236 0.04819
vt 0.934924 0.04823
vt 0.93435 0.051501
vt 0.934376 0.051384
vt 0.934436 0.051156
vt 0.935548 0.049154
vt 0.935924 0.049314
vt 0.935731 0.048711
vt 0.935236 0.04819
vt 0.93539 0.048702
vt 0.935731 0.048711
vt 0.932737 0.041926
vt 0.932881 0.042226
vt 0.932775 0.041433
vt 0.933361 0.042052
vt 0.933236 0.041612
vt 0.932981 0.041539
vt 0.933361 0.042052
vt 0.933782 0.0422
vt 0.933564 0.041625
vt 0.933791 0.043068
vt 0.934111 0.042997
vt 0.933934 0.042599
vt 0.933432 0.043031
vt 0.933093 0.04306
vt 0.933416 0.044622
vt 0.933526 0.046373
vt 0.933655 0.046314
vt 0.933416 0.044622
vt 0.93242 0.038299
vt 0.932475 0.038156
vt 0.932103 0.037873
vt 0.932788 0.039005
vt 0.93267 0.038661
vt 0.932364 0.038521
vt 0.932616 0.040554
vt 0.932507 0.039749
vt 0.932248 0.039218
vt 0.93281 0.040678
vt 0.933042 0.040779
vt 0.933038 0.040161
vt 0.932981 0.041539
vt 0.93281 0.040678
vt 0.932616 0.040554
vt 0.932981 0.041539
vt 0.933236 0.041612
vt 0.933042 0.040779
vt 0.933356 0.040893
vt 0.933042 0.040779
vt 0.933236 0.041612
vt 0.933987 0.046909
vt 0.934348 0.046786
vt 0.934363 0.04726
vt 0.933527 0.046395
vt 0.933663 0.046327
vt 0.933855 0.047314
vt 0.933663 0.046327
vt 0.933847 0.046292
vt 0.933987 0.046909
vt 0.933987 0.046909
vt 0.933847 0.046292
vt 0.934081 0.046274
vt 0.934517 0.04863
vt 0.934196 0.048879
vt 0.934162 0.04812
vt 0.934824 0.048489
vt 0.934517 0.04863
vt 0.934427 0.047961
vt 0.935088 0.047797
vt 0.935249 0.048392
vt 0.934824 0.048489
vt 0.933994 0.04918
vt 0.934177 0.050046
vt 0.934084 0.050286
vt 0.934326 0.049447
vt 0.934177 0.050046
vt 0.933994 0.04918
vt 0.934517 0.04863
vt 0.934657 0.049177
vt 0.934326 0.049447
vt 0.934824 0.048489
vt 0.934975 0.04903
vt 0.934657 0.049177
vt 0.935249 0.048392
vt 0.93542 0.048943
vt 0.934975 0.04903
vt 0.934779 0.049637
vt 0.934427 0.049948
vt 0.934326 0.049447
vt 0.934975 0.04903
vt 0.935106 0.049488
vt 0.934779 0.049637
vt 0.935527 0.049294
vt 0.935106 0.049488
vt 0.934975 0.04903
vt 0.934427 0.049948
vt 0.934511 0.050269
vt 0.934322 0.05068
vt 0.935106 0.049488
vt 0.935212 0.049853
vt 0.934878 0.050004
vt 0.934583 0.050556
vt 0.934388 0.050963
vt 0.934322 0.05068
vt 0.935212 0.049853
vt 0.935291 0.050114
vt 0.934951 0.050266
vt 0.934627 0.050731
vt 0.934436 0.051156
vt 0.934388 0.050963
vt 0.935291 0.050114
vt 0.935337 0.050267
vt 0.934994 0.050419
vt 0.934798 0.047776
vt 0.934427 0.047961
vt 0.934363 0.04726
vt 0.935943 0.050236
vt 0.935883 0.050032
vt 0.936188 0.050128
vt 0.934994 0.050419
vt 0.935337 0.050267
vt 0.935337 0.050298
vt 0.932271 0.039343
vt 0.932507 0.039751
vt 0.932616 0.040555
vt 0.932809 0.040683
vt 0.932507 0.039751
vt 0.932891 0.040153
vt 0.932891 0.040153
vt 0.933145 0.040068
vt 0.933349 0.040892
vt 0.932239 0.038423
vt 0.932102 0.038051
vt 0.932419 0.038299
vt 0.932103 0.037873
vt 0.932457 0.038137
vt 0.932419 0.038299
vt 0.932765 0.041385
vt 0.932616 0.040555
vt 0.932809 0.040683
vt 0.933035 0.04078
vt 0.933218 0.041566
vt 0.93297 0.041492
vt 0.933218 0.041566
vt 0.933035 0.04078
vt 0.933349 0.040892
vt 0.933465 0.044618
vt 0.933682 0.043551
vt 0.934081 0.046274
vt 0.930801 0.036386
vt 0.930722 0.036502
vt 0.930113 0.035058
vt 0.931294 0.0377
vt 0.931507 0.038719
vt 0.930722 0.036502
vt 0.931348 0.038775
vt 0.930317 0.036083
vt 0.930722 0.036502
vt 0.932616 0.043123
vt 0.932622 0.043939
vt 0.932256 0.041803
vt 0.932457 0.04397
vt 0.931935 0.04104
vt 0.932256 0.041803
vt 0.93226 0.044093
vt 0.932408 0.046868
vt 0.931185 0.039866
vt 0.933029 0.047461
vt 0.932622 0.043939
vt 0.932889 0.04492
vt 0.933029 0.047461
vt 0.932843 0.047788
vt 0.932457 0.04397
vt 0.933524 0.05286
vt 0.933562 0.054907
vt 0.933029 0.047461
vt 0.933318 0.054587
vt 0.932843 0.047788
vt 0.933029 0.047461
vt 0.932993 0.054888
vt 0.932408 0.046868
vt 0.932843 0.047788
vt 0.934445 0.072689
vt 0.934413 0.0758
vt 0.933562 0.054907
vt 0.934191 0.075895
vt 0.933318 0.054587
vt 0.933562 0.054907
vt 0.934191 0.075895
vt 0.934584 0.093363
vt 0.932993 0.054888
vt 0.935632 0.110043
vt 0.934413 0.0758
vt 0.934829 0.083045
vt 0.935632 0.110043
vt 0.935378 0.110035
vt 0.934191 0.075895
vt 0.928693 0.032085
vt 0.928756 0.031956
vt 0.930228 0.035026
vt 0.928486 0.032015
vt 0.928693 0.032085
vt 0.930113 0.035058
vt 0.935735 0.110041
vt 0.934539 0.076399
vt 0.934346 0.076571
vt 0.935524 0.110042
vt 0.934346 0.076571
vt 0.934048 0.07736
vt 0.933185 0.047659
vt 0.933063 0.047663
vt 0.933385 0.051884
vt 0.933385 0.051884
vt 0.933063 0.047663
vt 0.932836 0.047721
vt 0.932836 0.047721
vt 0.932399 0.046795
vt 0.932961 0.054362
vt 0.932886 0.044906
vt 0.932625 0.043947
vt 0.933063 0.047663
vt 0.933063 0.047663
vt 0.932625 0.043947
vt 0.932461 0.043978
vt 0.932619 0.043142
vt 0.932359 0.041699
vt 0.932254 0.041798
vt 0.932254 0.041798
vt 0.931895 0.04093
vt 0.932461 0.043978
vt 0.931418 0.039261
vt 0.930945 0.038911
vt 0.931593 0.041432
vt 0.931675 0.038891
vt 0.931292 0.037694
vt 0.931114 0.037575
vt 0.931114 0.037575
vt 0.930867 0.037538
vt 0.931418 0.039261
vt 0.930812 0.036411
vt 0.930563 0.036086
vt 0.931114 0.037575
vt 0.930563 0.036086
vt 0.930102 0.03559
vt 0.930867 0.037538
vt 0.928695 0.032086
vt 0.928431 0.032061
vt 0.930102 0.03559
vt 0.928131 0.031879
vt 0.930043 0.036221
vt 0.930102 0.03559
vt 0.927795 0.034663
vt 0.928803 0.037031
vt 0.928397 0.036189
vt 0.928803 0.037031
vt 0.929645 0.03972
vt 0.929408 0.039099
vt 0.929747 0.040398
vt 0.929645 0.03972
vt 0.930203 0.042284
vt 0.929645 0.03972
vt 0.929577 0.039071
vt 0.930236 0.041881
vt 0.930203 0.042284
vt 0.930709 0.045693
vt 0.930542 0.044872
vt 0.930203 0.042284
vt 0.930236 0.041881
vt 0.930807 0.045634
vt 0.930709 0.045693
vt 0.931311 0.052933
vt 0.931121 0.051037
vt 0.930709 0.045693
vt 0.930807 0.045634
vt 0.931411 0.052846
vt 0.931459 0.057214
vt 0.931311 0.052933
vt 0.932285 0.076691
vt 0.931411 0.052846
vt 0.932397 0.076783
vt 0.932285 0.076691
vt 0.932397 0.076783
vt 0.933558 0.11007
vt 0.933457 0.110058
vt 0.92648 0.032028
vt 0.926437 0.031743
vt 0.927795 0.034663
vt 0.927795 0.034663
vt 0.926437 0.031743
vt 0.926537 0.031733
vt 0.928394 0.036181
vt 0.928795 0.037009
vt 0.927787 0.034644
vt 0.929407 0.039096
vt 0.929641 0.039705
vt 0.928795 0.037009
vt 0.929641 0.039705
vt 0.930201 0.042274
vt 0.930234 0.041873
vt 0.929747 0.040401
vt 0.930145 0.04228
vt 0.930201 0.042274
vt 0.930201 0.042274
vt 0.930706 0.045666
vt 0.930804 0.045611
vt 0.93054 0.044858
vt 0.930706 0.045666
vt 0.930201 0.042274
vt 0.930706 0.045666
vt 0.931305 0.05285
vt 0.931406 0.052772
vt 0.931105 0.050792
vt 0.931305 0.05285
vt 0.930706 0.045666
vt 0.931305 0.05285
vt 0.932266 0.076183
vt 0.932372 0.076217
vt 0.931467 0.057409
vt 0.932299 0.078455
vt 0.932266 0.076183
vt 0.933457 0.110058
vt 0.933567 0.110078
vt 0.932372 0.076217
vt 0.932299 0.078455
vt 0.933411 0.110031
vt 0.933457 0.110058
vt 0.926605 0.031901
vt 0.926545 0.032033
vt 0.927787 0.034644
vt 0.926482 0.032038
vt 0.927776 0.034759
vt 0.927787 0.034644
vt 0.95797 0.110031
vt 0.958504 0.110036
vt 0.958369 0.110135
vt 0.935284 0.110137
vt 0.93505 0.110136
vt 0.935108 0.110033
vt 0.935251 0.110025
vt 0.935322 0.110133
vt 0.935284 0.110137
vt 0.937741 0.110132
vt 0.937791 0.110038
vt 0.957281 0.110027
vt 0.959635 0.110137
vt 0.959737 0.110056
vt 0.959084 0.110018
vt 0.959635 0.110137
vt 0.960638 0.11014
vt 0.960266 0.110055
vt 0.961023 0.110061
vt 0.960638 0.11014
vt 0.961231 0.110137
vt 0.961231 0.110137
vt 0.961478 0.11014
vt 0.96146 0.110058
vt 0.961553 0.110048
vt 0.961478 0.11014
vt 0.961354 0.110138
vt 0.960262 0.110054
vt 0.960454 0.110127
vt 0.959732 0.11014
vt 0.958504 0.110036
vt 0.958376 0.110132
vt 0.959042 0.110141
vt 0.958504 0.110036
vt 0.959084 0.110018
vt 0.959055 0.110122
vt 0.957293 0.110027
vt 0.937787 0.110037
vt 0.937718 0.110141
vt 0.958376 0.110132
vt 0.958504 0.110036
vt 0.95797 0.110031
vt 0.935632 0.110043
vt 0.935765 0.110049
vt 0.935669 0.110136
vt 0.935518 0.110124
vt 0.935524 0.110042
vt 0.935278 0.11004
vt 0.935669 0.110136
vt 0.935765 0.110049
vt 0.936662 0.110039
vt 0.937787 0.110037
vt 0.937339 0.110044
vt 0.93736 0.110121
vt 0.937741 0.110132
vt 0.937359 0.110121
vt 0.937474 0.110042
f 1/1 56/2 7/3
f 43/4 56/5 1/6
f 44/7 4/8 43/9
f 44/10 53/11 4/12
f 48/13 51/14 2/15
f 3/16 51/17 48/18
f 58/19 19/20 299/21
f 60/22 168/23 19/24
f 63/25 168/26 62/27
f 63/28 173/29 168/30
f 71/31 159/32 161/33
f 72/34 158/35 159/36
f 76/37 155/38 156/39
f 76/40 156/41 113/42
f 77/43 154/44 155/45
f 114/46 14/47 15/48
f 86/49 12/50 13/51
f 11/52 12/53 87/54
f 89/55 11/56 87/57
f 115/58 10/59 89/60
f 117/61 141/62 9/63
f 118/64 140/65 92/66
f 118/67 8/68 140/69
f 104/70 172/71 129/72
f 122/73 129/74 176/75
f 126/76 172/77 106/78
f 1/79 171/80 6/81
f 13/82 84/83 86/84
f 12/85 86/86 87/87
f 171/88 1/89 7/90
f 104/91 106/92 172/93
f 250/94 241/95 224/96
f 246/97 226/98 228/99
f 24/100 222/101 241/102
f 25/103 215/104 300/105
f 25/106 213/107 215/108
f 258/109 238/110 213/111
f 260/112 237/113 26/114
f 260/115 211/116 237/117
f 55/118 3/119 23/120
f 55/121 23/122 22/123
f 27/124 236/125 263/126
f 27/127 235/128 236/129
f 28/130 207/131 266/132
f 266/133 235/134 27/135
f 270/136 234/137 268/138
f 273/139 203/140 233/141
f 29/142 201/143 203/144
f 268/145 234/146 206/147
f 294/148 232/149 201/150
f 278/151 197/152 198/153
f 301/154 195/155 280/156
f 285/157 190/158 191/159
f 283/160 191/161 192/162
f 286/163 190/164 285/165
f 294/166 201/167 29/168
f 290/169 183/170 184/171
f 297/172 180/173 182/174
f 298/175 20/176 180/177
f 299/178 174/179 293/180
f 226/181 246/182 248/183
f 224/184 248/185 250/186
f 193/187 187/188 166/189
f 34/190 193/191 166/192
f 166/193 187/194 186/195
f 179/196 175/197 166/198
f 186/199 179/200 166/201
f 35/202 199/203 166/204
f 166/205 208/206 205/207
f 166/208 205/209 35/210
f 166/211 199/212 34/213
f 167/214 166/215 175/216
f 166/217 162/218 160/219
f 160/220 157/221 166/222
f 33/223 166/224 157/225
f 33/226 153/227 166/228
f 153/229 152/230 166/231
f 166/232 152/233 149/234
f 148/235 166/236 149/237
f 208/238 166/239 36/240
f 36/241 166/242 210/243
f 210/244 166/245 37/246
f 166/247 216/248 37/249
f 216/250 166/251 227/252
f 221/253 219/254 216/255
f 221/256 216/257 227/258
f 227/259 166/260 230/261
f 50/262 166/263 52/264
f 166/265 50/266 230/267
f 30/268 166/269 146/270
f 30/271 139/272 134/273
f 30/274 134/275 127/276
f 142/277 30/278 146/279
f 139/280 30/281 142/282
f 148/283 146/284 166/285
f 127/286 31/287 30/288
f 134/289 32/290 130/291
f 134/292 128/293 127/294
f 130/295 128/296 134/297
f 166/298 30/299 52/300
f 39/301 68/302 85/303
f 74/304 39/305 85/306
f 85/307 68/308 65/309
f 59/310 120/311 85/312
f 65/313 59/314 85/315
f 40/316 78/317 85/318
f 85/319 78/320 74/321
f 85/322 120/323 247/324
f 291/325 247/326 120/327
f 247/328 291/329 289/330
f 247/331 287/332 284/333
f 284/334 281/335 247/336
f 289/337 287/338 247/339
f 279/340 247/341 281/342
f 279/343 277/344 247/345
f 277/346 274/347 247/348
f 247/349 274/350 271/351
f 267/352 247/353 271/354
f 85/355 111/356 88/357
f 88/358 111/359 91/360
f 91/361 111/362 41/363
f 111/364 96/365 41/366
f 96/367 111/368 107/369
f 101/370 100/371 96/372
f 101/373 96/374 107/375
f 46/376 111/377 85/378
f 247/379 257/380 256/381
f 247/382 259/383 257/384
f 247/385 256/386 254/387
f 261/388 247/389 265/390
f 259/391 247/392 261/393
f 267/394 265/395 247/396
f 247/397 243/398 38/399
f 49/400 38/401 243/402
f 85/403 38/404 45/405
f 247/406 254/407 251/408
f 251/409 249/410 247/411
f 45/412 46/413 85/414
f 42/415 43/416 1/417
f 1/418 110/419 42/420
f 111/421 42/422 110/423
f 3/424 48/425 47/426
f 49/427 47/428 45/429
f 50/430 51/431 55/432
f 30/433 56/434 4/435
f 55/436 231/437 50/438
f 57/439 60/440 58/441
f 57/442 59/443 61/444
f 62/445 61/446 63/447
f 64/448 66/449 67/450
f 64/451 65/452 66/453
f 67/454 66/455 69/456
f 72/457 73/458 113/459
f 74/460 75/461 73/462
f 78/463 80/464 77/465
f 80/466 81/467 79/468
f 81/469 82/470 114/471
f 82/472 40/473 83/474
f 83/475 86/476 84/477
f 83/478 85/479 87/480
f 85/481 88/482 87/483
f 88/484 90/485 115/486
f 117/487 91/488 92/489
f 94/490 95/491 119/492
f 95/493 96/494 97/495
f 96/496 98/497 97/498
f 103/499 104/500 122/501
f 105/502 106/503 104/504
f 105/505 107/506 108/507
f 107/508 109/509 108/510
f 110/511 6/512 5/513
f 58/514 299/515 57/516
f 120/517 57/518 299/519
f 78/520 75/521 74/522
f 91/523 90/524 88/525
f 101/526 107/527 103/528
f 6/529 110/530 1/531
f 171/532 31/533 124/534
f 125/535 126/536 124/537
f 126/538 127/539 172/540
f 128/541 129/542 172/543
f 129/544 130/545 176/546
f 132/547 134/548 135/549
f 134/550 137/551 135/552
f 137/553 8/554 136/555
f 142/556 9/557 141/558
f 143/559 146/560 145/561
f 10/562 145/563 147/564
f 148/565 149/566 13/567
f 149/568 150/569 13/570
f 150/571 151/572 14/573
f 15/574 152/575 16/576
f 152/577 153/578 154/579
f 153/580 33/581 154/582
f 33/583 156/584 155/585
f 156/586 157/587 177/588
f 157/589 158/590 177/591
f 159/592 160/593 161/594
f 163/595 164/596 165/597
f 164/598 173/599 165/600
f 166/601 167/602 173/603
f 173/604 167/605 168/606
f 134/607 132/608 32/609
f 139/610 137/611 134/612
f 139/613 142/614 138/615
f 152/616 151/617 149/618
f 169/619 175/620 174/621
f 178/622 180/623 20/624
f 178/625 179/626 181/627
f 182/628 181/629 183/630
f 184/631 185/632 21/633
f 184/634 186/635 185/636
f 21/637 185/638 188/639
f 192/640 194/641 195/642
f 34/643 196/644 194/645
f 199/646 200/647 198/648
f 200/649 201/650 232/651
f 201/652 202/653 203/654
f 202/655 35/656 204/657
f 204/658 234/659 233/660
f 207/661 208/662 235/663
f 211/664 210/665 237/666
f 213/667 214/668 215/669
f 214/670 216/671 239/672
f 216/673 218/674 239/675
f 223/676 224/677 241/678
f 225/679 226/680 224/681
f 225/682 227/683 228/684
f 227/685 229/686 228/687
f 230/688 22/689 240/690
f 20/691 174/692 178/693
f 199/694 196/695 34/696
f 210/697 209/698 36/699
f 221/700 227/701 223/702
f 22/703 231/704 55/705
f 50/706 231/707 230/708
f 23/709 243/710 244/711
f 245/712 246/713 244/714
f 246/715 247/716 248/717
f 249/718 250/719 248/720
f 250/721 251/722 24/723
f 257/724 258/725 25/726
f 257/727 259/728 258/729
f 262/730 265/731 264/732
f 27/733 264/734 266/735
f 267/736 268/737 28/738
f 268/739 269/740 270/741
f 271/742 272/743 270/744
f 274/745 275/746 273/747
f 29/748 275/749 294/750
f 275/751 277/752 276/753
f 277/754 279/755 276/756
f 279/757 280/758 278/759
f 280/760 281/761 301/762
f 281/763 282/764 301/765
f 283/766 284/767 285/768
f 288/769 296/770 295/771
f 288/772 290/773 296/774
f 289/775 290/776 288/777
f 289/778 291/779 290/780
f 290/781 291/782 297/783
f 298/784 292/785 293/786
f 256/787 253/788 254/789
f 277/790 275/791 274/792
f 43/793 54/794 56/795
f 43/796 4/797 54/798
f 44/799 2/800 53/801
f 2/802 51/803 53/804
f 3/805 55/806 51/807
f 299/808 19/809 174/810
f 58/811 60/812 19/813
f 60/814 62/815 168/816
f 63/817 64/818 173/819
f 67/820 163/821 165/822
f 112/823 161/824 17/825
f 71/826 72/827 159/828
f 112/829 71/830 161/831
f 113/832 156/833 177/834
f 76/835 77/836 155/837
f 81/838 114/839 15/840
f 84/841 13/842 150/843
f 89/844 10/845 147/846
f 89/847 147/848 11/849
f 115/850 116/851 10/852
f 116/853 144/854 10/855
f 117/856 92/857 141/858
f 92/859 140/860 141/861
f 118/862 94/863 8/864
f 102/865 122/866 176/867
f 122/868 104/869 129/870
f 106/871 108/872 126/873
f 248/874 224/875 226/876
f 25/877 258/878 213/879
f 258/880 26/881 238/882
f 300/883 215/884 239/885
f 250/886 24/887 241/888
f 26/889 237/890 238/891
f 266/892 207/893 235/894
f 28/895 206/896 207/897
f 28/898 268/899 206/900
f 270/901 233/902 234/903
f 273/904 29/905 203/906
f 270/907 272/908 233/909
f 278/910 280/911 197/912
f 280/913 195/914 197/915
f 276/916 278/917 198/918
f 282/919 283/920 192/921
f 283/922 285/923 191/924
f 290/925 297/926 183/927
f 297/928 182/929 183/930
f 297/931 298/932 180/933
f 298/934 293/935 20/936
f 293/937 174/938 20/939
f 272/940 273/941 233/942
f 247/943 38/944 85/945
f 49/946 242/947 47/948
f 111/949 46/950 42/951
f 242/952 3/953 47/954
f 53/955 52/956 4/957
f 52/958 30/959 4/960
f 4/961 56/962 54/963
f 56/964 30/965 170/966
f 170/967 7/968 56/969
f 120/970 59/971 57/972
f 63/973 61/974 64/975
f 66/976 65/977 68/978
f 69/979 66/980 68/981
f 70/982 68/983 39/984
f 71/985 39/986 72/987
f 76/988 75/989 77/990
f 77/991 75/992 78/993
f 77/994 80/995 79/996
f 80/997 82/998 81/999
f 40/1000 85/1001 83/1002
f 86/1003 83/1004 87/1005
f 87/1006 88/1007 89/1008
f 89/1009 88/1010 115/1011
f 115/1012 90/1013 116/1014
f 92/1015 91/1016 93/1017
f 119/1018 95/1019 97/1020
f 97/1021 98/1022 121/1023
f 103/1024 105/1025 104/1026
f 103/1027 107/1028 105/1029
f 106/1030 105/1031 108/1032
f 108/1033 109/1034 5/1035
f 109/1036 110/1037 5/1038
f 109/1039 111/1040 110/1041
f 41/1042 93/1043 91/1044
f 41/1045 96/1046 95/1047
f 96/1048 100/1049 98/1050
f 107/1051 111/1052 109/1053
f 171/1054 123/1055 31/1056
f 124/1057 31/1058 125/1059
f 126/1060 125/1061 127/1062
f 172/1063 127/1064 128/1065
f 128/1066 130/1067 129/1068
f 133/1069 132/1070 135/1071
f 135/1072 137/1073 136/1074
f 8/1075 137/1076 139/1077
f 146/1078 148/1079 145/1080
f 11/1081 148/1082 13/1083
f 150/1084 149/1085 151/1086
f 16/1087 152/1088 154/1089
f 154/1090 33/1091 155/1092
f 156/1093 33/1094 157/1095
f 157/1096 160/1097 158/1098
f 158/1099 160/1100 159/1101
f 161/1102 160/1103 17/1104
f 160/1105 162/1106 17/1107
f 17/1108 162/1109 18/1110
f 162/1111 163/1112 18/1113
f 162/1114 164/1115 163/1116
f 164/1117 166/1118 173/1119
f 127/1120 125/1121 31/1122
f 146/1123 143/1124 142/1125
f 11/1126 13/1127 12/1128
f 162/1129 166/1130 164/1131
f 19/1132 169/1133 174/1134
f 167/1135 175/1136 169/1137
f 175/1138 179/1139 178/1140
f 183/1141 181/1142 184/1143
f 185/1144 186/1145 187/1146
f 188/1147 185/1148 187/1149
f 189/1150 187/1151 193/1152
f 191/1153 193/1154 192/1155
f 197/1156 196/1157 198/1158
f 198/1159 196/1160 199/1161
f 198/1162 200/1163 232/1164
f 200/1165 202/1166 201/1167
f 35/1168 205/1169 204/1170
f 235/1171 208/1172 36/1173
f 237/1174 210/1175 212/1176
f 215/1177 214/1178 239/1179
f 239/1180 218/1181 217/1182
f 223/1183 225/1184 224/1185
f 223/1186 227/1187 225/1188
f 226/1189 225/1190 228/1191
f 228/1192 229/1193 240/1194
f 229/1195 230/1196 240/1197
f 230/1198 231/1199 22/1200
f 178/1201 174/1202 175/1203
f 37/1204 212/1205 210/1206
f 37/1207 216/1208 214/1209
f 216/1210 219/1211 218/1212
f 227/1213 230/1214 229/1215
f 23/1216 242/1217 243/1218
f 244/1219 243/1220 245/1221
f 246/1222 245/1223 247/1224
f 248/1225 247/1226 249/1227
f 249/1228 251/1229 250/1230
f 258/1231 259/1232 26/1233
f 265/1234 267/1235 264/1236
f 268/1237 267/1238 269/1239
f 269/1240 271/1241 270/1242
f 272/1243 271/1244 273/1245
f 273/1246 271/1247 274/1248
f 273/1249 275/1250 29/1251
f 294/1252 275/1253 276/1254
f 276/1255 279/1256 278/1257
f 280/1258 279/1259 281/1260
f 281/1261 284/1262 282/1263
f 282/1264 284/1265 283/1266
f 285/1267 284/1268 286/1269
f 284/1270 287/1271 286/1272
f 286/1273 287/1274 295/1275
f 287/1276 288/1277 295/1278
f 287/1279 289/1280 288/1281
f 247/1282 245/1283 243/1284
f 265/1285 262/1286 261/1287
f 271/1288 269/1289 267/1290
f 293/1291 292/1292 299/1293
f 120/1294 299/1295 292/1296
f 291/1297 120/1298 292/1299
f 312/1300 304/1301 580/1302
f 312/1303 627/1304 523/1305
f 523/1306 627/1307 628/1308
f 527/1309 628/1310 583/1311
f 525/1312 628/1313 527/1314
f 529/1315 583/1316 313/1317
f 535/1318 590/1319 591/1320
f 310/1321 315/1322 590/1323
f 565/1324 316/1325 566/1326
f 309/1327 318/1328 308/1329
f 308/1330 318/1331 597/1332
f 567/1333 597/1334 599/1335
f 568/1336 599/1337 600/1338
f 568/1339 600/1340 602/1341
f 312/1342 662/1343 304/1344
f 311/1345 527/1346 583/1347
f 583/1348 529/1349 311/1350
f 568/1351 567/1352 599/1353
f 307/1354 602/1355 319/1356
f 569/1357 319/1358 320/1359
f 546/1360 608/1361 570/1362
f 571/1363 613/1364 572/1365
f 571/1366 611/1367 613/1368
f 555/1369 322/1370 575/1371
f 576/1372 623/1373 577/1374
f 577/1375 325/1376 578/1377
f 578/1378 326/1379 579/1380
f 328/1381 480/1382 474/1383
f 328/1384 333/1385 331/1386
f 472/1387 468/1388 474/1389
f 477/1390 476/1391 474/1392
f 474/1393 480/1394 477/1395
f 474/1396 468/1397 328/1398
f 328/1399 467/1400 625/1401
f 467/1402 328/1403 468/1404
f 487/1405 485/1406 480/1407
f 328/1408 490/1409 487/1410
f 479/1411 477/1412 480/1413
f 485/1414 482/1415 480/1416
f 480/1417 328/1418 487/1419
f 621/1420 328/1421 625/1422
f 619/1423 616/1424 615/1425
f 615/1426 614/1427 619/1428
f 619/1429 614/1430 612/1431
f 621/1432 619/1433 328/1434
f 606/1435 612/1436 610/1437
f 605/1438 612/1439 606/1440
f 601/1441 328/1442 612/1443
f 612/1444 605/1445 601/1446
f 492/1447 490/1448 331/1449
f 331/1450 494/1451 492/1452
f 328/1453 331/1454 490/1455
f 331/1456 330/1457 494/1458
f 332/1459 499/1460 331/1461
f 331/1462 333/1463 332/1464
f 333/1465 328/1466 334/1467
f 335/1468 334/1469 328/1470
f 342/1471 335/1472 328/1473
f 585/1474 328/1475 588/1476
f 593/1477 328/1478 595/1479
f 601/1480 595/1481 328/1482
f 328/1483 302/1484 342/1485
f 342/1486 302/1487 303/1488
f 584/1489 329/1490 585/1491
f 329/1492 328/1493 585/1494
f 329/1495 581/1496 328/1497
f 581/1498 302/1499 328/1500
f 394/1501 402/1502 404/1503
f 404/1504 649/1505 392/1506
f 395/1507 644/1508 402/1509
f 402/1510 394/1511 395/1512
f 392/1513 394/1514 404/1515
f 391/1516 392/1517 649/1518
f 651/1519 391/1520 649/1521
f 376/1522 651/1523 659/1524
f 391/1525 651/1526 389/1527
f 376/1528 389/1529 651/1530
f 421/1531 430/1532 416/1533
f 423/1534 430/1535 421/1536
f 410/1537 430/1538 408/1539
f 410/1540 413/1541 430/1542
f 416/1543 430/1544 415/1545
f 413/1546 415/1547 430/1548
f 432/1549 430/1550 336/1551
f 433/1552 430/1553 432/1554
f 426/1555 430/1556 423/1557
f 430/1558 433/1559 436/1560
f 556/1561 559/1562 430/1563
f 559/1564 561/1565 430/1566
f 408/1567 430/1568 561/1569
f 547/1570 553/1571 556/1572
f 339/1573 553/1574 547/1575
f 551/1576 339/1577 547/1578
f 551/1579 547/1580 550/1581
f 556/1582 430/1583 547/1584
f 547/1585 430/1586 545/1587
f 430/1588 542/1589 545/1590
f 542/1591 430/1592 540/1593
f 538/1594 540/1595 430/1596
f 436/1597 440/1598 430/1599
f 440/1600 442/1601 430/1602
f 430/1603 442/1604 443/1605
f 448/1606 430/1607 446/1608
f 443/1609 446/1610 430/1611
f 390/1612 430/1613 661/1614
f 430/1615 448/1616 450/1617
f 430/1618 451/1619 453/1620
f 453/1621 661/1622 430/1623
f 390/1624 635/1625 386/1626
f 635/1627 390/1628 661/1629
f 451/1630 430/1631 450/1632
f 635/1633 383/1634 386/1635
f 387/1636 665/1637 430/1638
f 532/1639 533/1640 430/1641
f 430/1642 528/1643 530/1644
f 532/1645 430/1646 530/1647
f 537/1648 430/1649 338/1650
f 537/1651 538/1652 430/1653
f 337/1654 338/1655 430/1656
f 533/1657 337/1658 430/1659
f 663/1660 387/1661 379/1662
f 390/1663 387/1664 430/1665
f 526/1666 528/1667 430/1668
f 430/1669 522/1670 526/1671
f 379/1672 636/1673 663/1674
f 665/1675 522/1676 430/1677
f 663/1678 665/1679 387/1680
f 368/1681 344/1682 340/1683
f 344/1684 345/1685 341/1686
f 345/1687 346/1688 342/1689
f 343/1690 347/1691 344/1692
f 405/1693 368/1694 370/1695
f 343/1696 368/1697 405/1698
f 646/1699 343/1700 405/1701
f 347/1702 343/1703 646/1704
f 345/1705 397/1706 346/1707
f 579/1708 327/1709 407/1710
f 407/1711 327/1712 359/1713
f 407/1714 359/1715 456/1716
f 409/1717 360/1718 411/1719
f 358/1720 473/1721 417/1722
f 417/1723 475/1724 418/1725
f 418/1726 363/1727 463/1728
f 463/1729 363/1730 507/1731
f 417/1732 473/1733 475/1734
f 463/1735 507/1736 420/1737
f 357/1738 483/1739 364/1740
f 356/1741 509/1742 429/1743
f 459/1744 511/1745 354/1746
f 354/1747 511/1748 512/1749
f 353/1750 513/1751 434/1752
f 354/1753 512/1754 353/1755
f 352/1756 515/1757 437/1758
f 437/1759 495/1760 438/1761
f 438/1762 495/1763 516/1764
f 460/1765 498/1766 461/1767
f 460/1768 517/1769 498/1770
f 441/1771 517/1772 460/1773
f 445/1774 518/1775 350/1776
f 449/1777 365/1778 504/1779
f 349/1780 519/1781 365/1782
f 449/1783 504/1784 348/1785
f 452/1786 521/1787 454/1788
f 454/1789 521/1790 462/1791
f 348/1792 520/1793 452/1794
f 444/1795 500/1796 445/1797
f 349/1798 465/1799 519/1800
f 449/1801 349/1802 365/1803
f 666/1804 462/1805 521/1806
f 341/1807 367/1808 632/1809
f 340/1810 341/1811 366/1812
f 369/1813 366/1814 653/1815
f 342/1816 303/1817 367/1818
f 366/1819 632/1820 653/1821
f 650/1822 368/1823 366/1824
f 370/1825 368/1826 650/1827
f 650/1828 366/1829 369/1830
f 399/1831 371/1832 400/1833
f 371/1834 399/1835 373/1836
f 373/1837 399/1838 637/1839
f 634/1840 372/1841 664/1842
f 664/1843 382/1844 634/1845
f 382/1846 377/1847 634/1848
f 375/1849 644/1850 395/1851
f 375/1852 374/1853 641/1854
f 374/1855 373/1856 637/1857
f 374/1858 640/1859 641/1860
f 375/1861 641/1862 644/1863
f 640/1864 374/1865 637/1866
f 380/1867 376/1868 655/1869
f 380/1870 655/1871 381/1872
f 381/1873 377/1874 382/1875
f 381/1876 655/1877 652/1878
f 376/1879 659/1880 655/1881
f 652/1882 377/1883 381/1884
f 378/1885 381/1886 382/1887
f 636/1888 379/1889 378/1890
f 396/1891 380/1892 379/1893
f 383/1894 374/1895 384/1896
f 375/1897 385/1898 384/1899
f 388/1900 389/1901 376/1902
f 391/1903 389/1904 388/1905
f 390/1906 393/1907 391/1908
f 393/1909 394/1910 392/1911
f 376/1912 396/1913 388/1914
f 386/1915 393/1916 390/1917
f 399/1918 398/1919 638/1920
f 398/1921 346/1922 397/1923
f 638/1924 637/1925 399/1926
f 667/1927 335/1928 346/1929
f 398/1930 667/1931 346/1932
f 400/1933 398/1934 399/1935
f 667/1936 398/1937 400/1938
f 403/1939 401/1940 645/1941
f 404/1942 402/1943 401/1944
f 410/1945 408/1946 407/1947
f 358/1948 416/1949 415/1950
f 358/1951 417/1952 416/1953
f 417/1954 419/1955 416/1956
f 463/1957 419/1958 418/1959
f 463/1960 421/1961 419/1962
f 420/1963 464/1964 421/1965
f 424/1966 423/1967 464/1968
f 458/1969 426/1970 424/1971
f 425/1972 426/1973 458/1974
f 357/1975 427/1976 425/1977
f 355/1978 431/1979 429/1980
f 354/1981 336/1982 459/1983
f 354/1984 432/1985 336/1986
f 353/1987 433/1988 354/1989
f 354/1990 433/1991 432/1992
f 434/1993 433/1994 353/1995
f 352/1996 435/1997 434/1998
f 352/1999 437/2000 435/2001
f 437/2002 439/2003 436/2004
f 460/2005 461/2006 442/2007
f 465/2008 447/2009 350/2010
f 450/2011 448/2012 465/2013
f 449/2014 450/2015 349/2016
f 452/2017 451/2018 348/2019
f 424/2020 426/2021 423/2022
f 435/2023 436/2024 433/2025
f 661/2026 453/2027 455/2028
f 359/2029 466/2030 360/2031
f 467/2032 468/2033 466/2034
f 469/2035 468/2036 471/2037
f 472/2038 474/2039 473/2040
f 473/2041 476/2042 475/2043
f 475/2044 476/2045 363/2046
f 507/2047 477/2048 508/2049
f 480/2050 482/2051 481/2052
f 364/2053 484/2054 509/2055
f 484/2056 485/2057 486/2058
f 486/2059 510/2060 509/2061
f 510/2062 487/2063 511/2064
f 488/2065 512/2066 511/2067
f 488/2068 490/2069 489/2070
f 489/2071 513/2072 512/2073
f 513/2074 491/2075 514/2076
f 491/2077 515/2078 514/2079
f 515/2080 493/2081 495/2082
f 495/2083 493/2084 516/2085
f 516/2086 496/2087 497/2088
f 497/2089 330/2090 517/2091
f 517/2092 331/2093 498/2094
f 501/2095 502/2096 518/2097
f 501/2098 332/2099 502/2100
f 332/2101 519/2102 502/2103
f 332/2104 503/2105 519/2106
f 503/2107 504/2108 365/2109
f 333/2110 520/2111 504/2112
f 505/2113 521/2114 520/2115
f 334/2116 506/2117 505/2118
f 467/2119 626/2120 625/2121
f 488/2122 487/2123 490/2124
f 666/2125 521/2126 506/2127
f 666/2128 371/2129 462/2130
f 371/2131 666/2132 400/2133
f 662/2134 664/2135 304/2136
f 372/2137 304/2138 664/2139
f 524/2140 526/2141 522/2142
f 523/2143 526/2144 524/2145
f 525/2146 526/2147 523/2148
f 527/2149 311/2150 528/2151
f 530/2152 528/2153 311/2154
f 564/2155 533/2156 563/2157
f 536/2158 338/2159 565/2160
f 541/2161 540/2162 567/2163
f 306/2164 543/2165 569/2166
f 306/2167 544/2168 543/2169
f 548/2170 550/2171 547/2172
f 570/2173 549/2174 548/2175
f 551/2176 550/2177 549/2178
f 572/2179 551/2180 571/2181
f 572/2182 552/2183 551/2184
f 553/2185 339/2186 552/2187
f 305/2188 553/2189 573/2190
f 574/2191 555/2192 554/2193
f 577/2194 578/2195 562/2196
f 566/2197 536/2198 565/2199
f 665/2200 662/2201 312/2202
f 312/2203 524/2204 665/2205
f 556/2206 553/2207 554/2208
f 580/2209 581/2210 627/2211
f 581/2212 582/2213 627/2214
f 582/2215 329/2216 583/2217
f 588/2218 589/2219 587/2220
f 589/2221 590/2222 315/2223
f 590/2224 328/2225 592/2226
f 591/2227 592/2228 316/2229
f 592/2230 317/2231 316/2232
f 593/2233 594/2234 317/2235
f 595/2236 596/2237 594/2238
f 596/2239 599/2240 597/2241
f 598/2242 600/2243 599/2244
f 598/2245 602/2246 600/2247
f 601/2248 602/2249 598/2250
f 602/2251 603/2252 319/2253
f 610/2254 612/2255 613/2256
f 613/2257 612/2258 629/2259
f 615/2260 321/2261 631/2262
f 616/2263 619/2264 322/2265
f 624/2266 326/2267 325/2268
f 589/2269 315/2270 587/2271
f 318/2272 317/2273 594/2274
f 318/2275 594/2276 597/2277
f 302/2278 580/2279 304/2280
f 588/2281 328/2282 589/2283
f 328/2284 593/2285 592/2286
f 601/2287 598/2288 595/2289
f 619/2290 621/2291 618/2292
f 626/2293 624/2294 625/2295
f 367/2296 633/2297 632/2298
f 633/2299 367/2300 303/2301
f 372/2302 634/2303 633/2304
f 303/2305 372/2306 633/2307
f 378/2308 664/2309 663/2310
f 347/2311 639/2312 397/2313
f 638/2314 639/2315 640/2316
f 347/2317 643/2318 639/2319
f 640/2320 642/2321 641/2322
f 639/2323 643/2324 642/2325
f 641/2326 642/2327 644/2328
f 642/2329 403/2330 645/2331
f 397/2332 639/2333 638/2334
f 647/2335 651/2336 649/2337
f 660/2338 647/2339 406/2340
f 648/2341 651/2342 647/2343
f 660/2344 648/2345 647/2346
f 369/2347 660/2348 650/2349
f 652/2350 656/2351 654/2352
f 655/2353 658/2354 656/2355
f 656/2356 660/2357 657/2358
f 312/2359 580/2360 627/2361
f 525/2362 523/2363 628/2364
f 563/2365 531/2366 314/2367
f 563/2368 314/2369 586/2370
f 310/2371 534/2372 315/2373
f 535/2374 310/2375 590/2376
f 565/2377 535/2378 591/2379
f 566/2380 316/2381 317/2382
f 309/2383 317/2384 318/2385
f 309/2386 566/2387 317/2388
f 567/2389 308/2390 597/2391
f 565/2392 591/2393 316/2394
f 307/2395 568/2396 602/2397
f 544/2398 306/2399 320/2400
f 544/2401 320/2402 607/2403
f 546/2404 544/2405 607/2406
f 306/2407 569/2408 320/2409
f 569/2410 307/2411 319/2412
f 546/2413 607/2414 608/2415
f 571/2416 549/2417 611/2418
f 572/2419 613/2420 629/2421
f 575/2422 322/2423 323/2424
f 552/2425 572/2426 629/2427
f 557/2428 575/2429 323/2430
f 576/2431 324/2432 623/2433
f 576/2434 560/2435 324/2436
f 577/2437 623/2438 325/2439
f 579/2440 326/2441 327/2442
f 578/2443 325/2444 326/2445
f 619/2446 612/2447 328/2448
f 340/2449 344/2450 341/2451
f 341/2452 345/2453 342/2454
f 368/2455 343/2456 344/2457
f 344/2458 347/2459 397/2460
f 344/2461 397/2462 345/2463
f 342/2464 346/2465 335/2466
f 409/2467 359/2468 360/2469
f 411/2470 360/2471 469/2472
f 409/2473 456/2474 359/2475
f 358/2476 362/2477 473/2478
f 418/2479 475/2480 363/2481
f 420/2482 507/2483 508/2484
f 464/2485 420/2486 508/2487
f 357/2488 425/2489 483/2490
f 356/2491 357/2492 364/2493
f 356/2494 364/2495 509/2496
f 353/2497 512/2498 513/2499
f 434/2500 513/2501 514/2502
f 352/2503 434/2504 514/2505
f 352/2506 514/2507 515/2508
f 437/2509 515/2510 495/2511
f 351/2512 516/2513 497/2514
f 351/2515 438/2516 516/2517
f 445/2518 500/2519 518/2520
f 350/2521 518/2522 502/2523
f 632/2524 366/2525 341/2526
f 348/2527 504/2528 520/2529
f 452/2530 520/2531 521/2532
f 341/2533 342/2534 367/2535
f 368/2536 340/2537 366/2538
f 378/2539 379/2540 381/2541
f 379/2542 380/2543 381/2544
f 396/2545 376/2546 380/2547
f 383/2548 373/2549 374/2550
f 374/2551 375/2552 384/2553
f 384/2554 385/2555 386/2556
f 375/2557 395/2558 385/2559
f 384/2560 386/2561 383/2562
f 391/2563 393/2564 392/2565
f 386/2566 385/2567 393/2568
f 387/2569 396/2570 379/2571
f 396/2572 387/2573 388/2574
f 638/2575 398/2576 397/2577
f 645/2578 401/2579 402/2580
f 646/2581 405/2582 403/2583
f 403/2584 406/2585 401/2586
f 401/2587 406/2588 404/2589
f 405/2590 406/2591 403/2592
f 406/2593 649/2594 404/2595
f 402/2596 644/2597 645/2598
f 370/2599 406/2600 405/2601
f 649/2602 406/2603 647/2604
f 456/2605 410/2606 407/2607
f 456/2608 409/2609 410/2610
f 414/2611 358/2612 415/2613
f 418/2614 419/2615 417/2616
f 463/2617 420/2618 421/2619
f 421/2620 464/2621 423/2622
f 422/2623 424/2624 464/2625
f 422/2626 458/2627 424/2628
f 425/2629 427/2630 426/2631
f 357/2632 428/2633 427/2634
f 357/2635 356/2636 428/2637
f 428/2638 431/2639 430/2640
f 431/2641 336/2642 430/2643
f 434/2644 435/2645 433/2646
f 435/2647 437/2648 436/2649
f 437/2650 438/2651 439/2652
f 441/2653 460/2654 442/2655
f 442/2656 461/2657 443/2658
f 444/2659 443/2660 461/2661
f 465/2662 448/2663 447/2664
f 349/2665 450/2666 465/2667
f 452/2668 453/2669 451/2670
f 408/2671 579/2672 407/2673
f 410/2674 412/2675 413/2676
f 416/2677 419/2678 421/2679
f 436/2680 439/2681 440/2682
f 446/2683 447/2684 448/2685
f 466/2686 626/2687 467/2688
f 471/2689 468/2690 470/2691
f 473/2692 474/2693 476/2694
f 481/2695 482/2696 483/2697
f 484/2698 482/2699 485/2700
f 509/2701 484/2702 486/2703
f 510/2704 486/2705 487/2706
f 486/2707 485/2708 487/2709
f 487/2710 488/2711 511/2712
f 512/2713 488/2714 489/2715
f 489/2716 491/2717 513/2718
f 515/2719 491/2720 493/2721
f 516/2722 493/2723 496/2724
f 493/2725 494/2726 496/2727
f 496/2728 330/2729 497/2730
f 517/2731 330/2732 331/2733
f 519/2734 503/2735 365/2736
f 503/2737 333/2738 504/2739
f 333/2740 505/2741 520/2742
f 333/2743 334/2744 505/2745
f 505/2746 506/2747 521/2748
f 506/2749 334/2750 335/2751
f 472/2752 470/2753 468/2754
f 330/2755 496/2756 494/2757
f 332/2758 501/2759 499/2760
f 332/2761 333/2762 503/2763
f 312/2764 523/2765 524/2766
f 529/2767 530/2768 311/2769
f 310/2770 535/2771 534/2772
f 535/2773 565/2774 338/2775
f 536/2776 537/2777 338/2778
f 566/2779 537/2780 536/2781
f 539/2782 538/2783 537/2784
f 309/2785 308/2786 539/2787
f 539/2788 540/2789 538/2790
f 568/2791 541/2792 567/2793
f 541/2794 542/2795 540/2796
f 541/2797 543/2798 542/2799
f 307/2800 569/2801 543/2802
f 543/2803 545/2804 542/2805
f 543/2806 544/2807 545/2808
f 544/2809 546/2810 548/2811
f 546/2812 570/2813 548/2814
f 548/2815 549/2816 550/2817
f 571/2818 551/2819 549/2820
f 551/2821 552/2822 339/2823
f 573/2824 553/2825 552/2826
f 305/2827 554/2828 553/2829
f 305/2830 574/2831 554/2832
f 555/2833 556/2834 554/2835
f 575/2836 556/2837 555/2838
f 575/2839 557/2840 556/2841
f 557/2842 559/2843 556/2844
f 557/2845 558/2846 559/2847
f 560/2848 576/2849 562/2850
f 560/2851 562/2852 561/2853
f 576/2854 577/2855 562/2856
f 522/2857 665/2858 524/2859
f 578/2860 579/2861 408/2862
f 580/2863 302/2864 581/2865
f 627/2866 582/2867 628/2868
f 628/2869 582/2870 583/2871
f 314/2872 585/2873 586/2874
f 589/2875 328/2876 590/2877
f 591/2878 590/2879 592/2880
f 592/2881 593/2882 317/2883
f 593/2884 595/2885 594/2886
f 594/2887 596/2888 597/2889
f 596/2890 595/2891 598/2892
f 599/2893 596/2894 598/2895
f 602/2896 601/2897 603/2898
f 603/2899 605/2900 604/2901
f 604/2902 605/2903 606/2904
f 611/2905 610/2906 613/2907
f 322/2908 619/2909 323/2910
f 618/2911 621/2912 620/2913
f 620/2914 621/2915 622/2916
f 622/2917 625/2918 624/2919
f 581/2920 329/2921 582/2922
f 605/2923 603/2924 601/2925
f 610/2926 609/2927 606/2928
f 625/2929 622/2930 621/2931
f 664/2932 378/2933 382/2934
f 663/2935 636/2936 378/2937
f 640/2938 637/2939 638/2940
f 640/2941 639/2942 642/2943
f 347/2944 646/2945 643/2946
f 644/2947 642/2948 645/2949
f 642/2950 643/2951 403/2952
f 643/2953 646/2954 403/2955
f 370/2956 650/2957 406/2958
f 650/2959 660/2960 406/2961
f 660/2962 658/2963 648/2964
f 377/2965 652/2966 654/2967
f 654/2968 657/2969 653/2970
f 652/2971 655/2972 656/2973
f 654/2974 656/2975 657/2976
f 657/2977 369/2978 653/2979
f 655/2980 659/2981 658/2982
f 656/2983 658/2984 660/2985
f 660/2986 369/2987 657/2988
f 462/2989 371/2990 661/2991
f 371/2992 635/2993 661/2994
f 506/2995 335/2996 667/2997
f 1573/2998 669/2999 668/3000
f 669/3001 671/3002 670/3003
f 1573/3004 1608/3005 672/3006
f 1734/3007 1733/3008 1731/3009
f 1734/3010 1731/3011 1732/3012
f 676/3013 1665/3014 1733/3015
f 1731/3016 1666/3017 1805/3018
f 1731/3019 1665/3020 1666/3021
f 1731/3022 1733/3023 1665/3024
f 1664/3025 678/3026 1663/3027
f 1663/3028 679/3029 675/3030
f 1715/3031 680/3032 673/3033
f 673/3034 680/3035 1717/3036
f 675/3037 679/3038 1715/3039
f 678/3040 1664/3041 677/3042
f 673/3043 675/3044 1715/3045
f 674/3046 675/3047 673/3048
f 2306/3049 682/3050 685/3051
f 685/3052 1029/3053 2306/3054
f 684/3055 683/3056 686/3057
f 1924/3058 686/3059 683/3060
f 682/3061 686/3062 685/3063
f 1924/3064 685/3065 686/3066
f 688/3067 684/3068 689/3069
f 1573/3070 1567/3071 684/3072
f 689/3073 684/3074 1567/3075
f 684/3076 688/3077 687/3078
f 684/3079 1608/3080 1573/3081
f 693/3082 1927/3083 684/3084
f 692/3085 1931/3086 693/3087
f 690/3088 1939/3089 691/3090
f 1576/3091 1987/3092 1954/3093
f 694/3094 684/3095 687/3096
f 684/3097 694/3098 693/3099
f 683/3100 684/3101 1927/3102
f 1576/3103 1575/3104 1987/3105
f 707/3106 712/3107 696/3108
f 697/3109 713/3110 698/3111
f 698/3112 714/3113 699/3114
f 699/3115 715/3116 700/3117
f 716/3118 702/3119 701/3120
f 717/3121 703/3122 702/3123
f 718/3124 704/3125 703/3126
f 712/3127 724/3128 708/3129
f 715/3130 719/3131 709/3132
f 709/3133 720/3134 710/3135
f 722/3136 716/3137 710/3138
f 723/3139 724/3140 712/3141
f 724/3142 725/3143 713/3144
f 713/3145 726/3146 714/3147
f 730/3148 731/3149 718/3150
f 727/3151 734/3152 719/3153
f 719/3154 735/3155 720/3156
f 736/3157 721/3158 720/3159
f 737/3160 722/3161 721/3162
f 1035/3163 738/3164 723/3165
f 723/3166 739/3167 724/3168
f 724/3169 740/3170 725/3171
f 725/3172 741/3173 726/3174
f 733/3175 742/3176 727/3177
f 746/3178 728/3179 722/3180
f 747/3181 729/3182 728/3183
f 748/3184 730/3185 729/3186
f 749/3187 731/3188 730/3189
f 750/3190 732/3191 731/3192
f 751/3193 1192/3194 732/3195
f 742/3196 743/3197 734/3198
f 735/3199 744/3200 736/3201
f 745/3202 746/3203 737/3204
f 740/3205 755/3206 741/3207
f 741/3208 756/3209 742/3210
f 756/3211 772/3212 757/3213
f 757/3214 773/3215 758/3216
f 758/3217 774/3218 759/3219
f 775/3220 760/3221 759/3222
f 776/3223 761/3224 760/3225
f 777/3226 762/3227 761/3228
f 778/3229 763/3230 762/3231
f 779/3232 764/3233 763/3234
f 767/3235 782/3236 768/3237
f 799/3238 783/3239 779/3240
f 784/3241 781/3242 780/3243
f 1038/3244 786/3245 782/3246
f 794/3247 795/3248 793/3249
f 808/3250 784/3251 783/3252
f 809/3253 785/3254 784/3255
f 786/3256 811/3257 787/3258
f 788/3259 812/3260 789/3261
f 789/3262 813/3263 790/3264
f 790/3265 800/3266 791/3267
f 791/3268 801/3269 792/3270
f 792/3271 802/3272 793/3273
f 793/3274 803/3275 794/3276
f 803/3277 795/3278 794/3279
f 804/3280 796/3281 795/3282
f 805/3283 797/3284 796/3285
f 806/3286 798/3287 797/3288
f 807/3289 799/3290 798/3291
f 807/3292 808/3293 799/3294
f 813/3295 818/3296 800/3297
f 800/3298 819/3299 801/3300
f 801/3301 820/3302 802/3303
f 802/3304 821/3305 803/3306
f 823/3307 804/3308 803/3309
f 824/3310 805/3311 804/3312
f 825/3313 806/3314 805/3315
f 826/3316 807/3317 806/3318
f 829/3319 809/3320 808/3321
f 810/3322 814/3323 811/3324
f 811/3325 815/3326 812/3327
f 812/3328 816/3329 813/3330
f 813/3331 817/3332 818/3333
f 830/3334 1050/3335 829/3336
f 814/3337 831/3338 815/3339
f 815/3340 832/3341 816/3342
f 816/3343 833/3344 817/3345
f 817/3346 834/3347 818/3348
f 818/3349 834/3350 819/3351
f 819/3352 835/3353 820/3354
f 820/3355 836/3356 821/3357
f 821/3358 837/3359 822/3360
f 838/3361 823/3362 822/3363
f 839/3364 824/3365 823/3366
f 840/3367 825/3368 824/3369
f 843/3370 829/3371 828/3372
f 1039/3373 845/3374 831/3375
f 831/3376 846/3377 832/3378
f 832/3379 847/3380 833/3381
f 833/3382 848/3383 834/3384
f 856/3385 841/3386 840/3387
f 857/3388 842/3389 841/3390
f 858/3391 843/3392 842/3393
f 872/3394 844/3395 843/3396
f 845/3397 859/3398 846/3399
f 846/3400 860/3401 847/3402
f 847/3403 861/3404 848/3405
f 848/3406 862/3407 849/3408
f 871/3409 872/3410 858/3411
f 1040/3412 875/3413 859/3414
f 860/3415 877/3416 861/3417
f 861/3418 878/3419 862/3420
f 874/3421 880/3422 863/3423
f 878/3424 879/3425 874/3426
f 1049/3427 903/3428 875/3429
f 876/3430 890/3431 877/3432
f 877/3433 891/3434 878/3435
f 878/3436 892/3437 879/3438
f 879/3439 893/3440 880/3441
f 880/3442 894/3443 881/3444
f 881/3445 895/3446 882/3447
f 896/3448 883/3449 882/3450
f 897/3451 884/3452 883/3453
f 898/3454 885/3455 884/3456
f 899/3457 886/3458 885/3459
f 902/3460 1052/3461 889/3462
f 903/3463 904/3464 890/3465
f 1048/3466 913/3467 903/3468
f 903/3469 921/3470 904/3471
f 915/3472 923/3473 905/3474
f 905/3475 924/3476 906/3477
f 906/3478 925/3479 907/3480
f 907/3481 916/3482 908/3483
f 927/3484 909/3485 908/3486
f 928/3487 910/3488 909/3489
f 929/3490 911/3491 910/3492
f 921/3493 922/3494 914/3495
f 914/3496 922/3497 915/3498
f 925/3499 926/3500 916/3501
f 926/3502 927/3503 916/3504
f 930/3505 917/3506 912/3507
f 931/3508 918/3509 917/3510
f 944/3511 919/3512 918/3513
f 945/3514 920/3515 919/3516
f 922/3517 935/3518 923/3519
f 923/3520 936/3521 924/3522
f 924/3523 937/3524 925/3525
f 925/3526 938/3527 926/3528
f 939/3529 927/3530 926/3531
f 940/3532 928/3533 927/3534
f 941/3535 929/3536 928/3537
f 942/3538 930/3539 929/3540
f 943/3541 931/3542 930/3543
f 943/3544 944/3545 931/3546
f 966/3547 982/3548 967/3549
f 967/3550 983/3551 968/3552
f 968/3553 984/3554 969/3555
f 985/3556 970/3557 969/3558
f 986/3559 971/3560 970/3561
f 987/3562 972/3563 971/3564
f 988/3565 973/3566 972/3567
f 989/3568 974/3569 973/3570
f 990/3571 975/3572 974/3573
f 1003/3574 990/3575 989/3576
f 1004/3577 991/3578 990/3579
f 1005/3580 992/3581 991/3582
f 997/3583 1015/3584 998/3585
f 998/3586 1016/3587 999/3588
f 999/3589 1017/3590 1000/3591
f 1018/3592 1008/3593 1000/3594
f 1022/3595 1010/3596 1005/3597
f 1013/3598 1014/3599 1007/3600
f 1019/3601 1020/3602 1002/3603
f 1011/3604 2162/3605 1012/3606
f 1012/3607 1023/3608 1013/3609
f 1013/3610 2168/3611 1014/3612
f 1014/3613 2172/3614 1015/3615
f 1015/3616 1024/3617 1016/3618
f 1016/3619 1024/3620 1017/3621
f 1025/3622 1018/3623 1017/3624
f 1025/3625 1026/3626 1018/3627
f 696/3628 1045/3629 707/3630
f 695/3631 1032/3632 2306/3633
f 2306/3634 1029/3635 695/3636
f 708/3637 2332/3638 696/3639
f 709/3640 2326/3641 700/3642
f 738/3643 1035/3644 1036/3645
f 1038/3646 767/3647 1037/3648
f 1036/3649 1037/3650 752/3651
f 1932/3652 786/3653 1038/3654
f 695/3655 1029/3656 1035/3657
f 752/3658 738/3659 1036/3660
f 767/3661 752/3662 1037/3663
f 703/3664 1046/3665 2321/3666
f 702/3667 2321/3668 2322/3669
f 2321/3670 702/3671 703/3672
f 1046/3673 703/3674 704/3675
f 704/3676 1047/3677 1046/3678
f 706/3679 2189/3680 2315/3681
f 2316/3682 706/3683 2315/3684
f 1192/3685 2189/3686 706/3687
f 766/3688 1193/3689 751/3690
f 781/3691 1044/3692 766/3693
f 751/3694 1193/3695 1192/3696
f 766/3697 1044/3698 1193/3699
f 785/3700 1044/3701 781/3702
f 785/3703 809/3704 1186/3705
f 786/3706 1932/3707 810/3708
f 814/3709 810/3710 1039/3711
f 1042/3712 932/3713 1041/3714
f 845/3715 1039/3716 1040/3717
f 913/3718 1048/3719 1041/3720
f 946/3721 932/3722 1042/3723
f 913/3724 1041/3725 932/3726
f 946/3727 1042/3728 962/3729
f 978/3730 1950/3731 1043/3732
f 962/3733 1950/3734 978/3735
f 1043/3736 993/3737 978/3738
f 1043/3739 1006/3740 993/3741
f 1042/3742 1950/3743 962/3744
f 1006/3745 1033/3746 2159/3747
f 1043/3748 1033/3749 1006/3750
f 1006/3751 2159/3752 1011/3753
f 1011/3754 2159/3755 2162/3756
f 2172/3757 2175/3758 1024/3759
f 1024/3760 2177/3761 1025/3762
f 2177/3763 1024/3764 2175/3765
f 2178/3766 1025/3767 2177/3768
f 1050/3769 830/3770 1183/3771
f 1183/3772 844/3773 873/3774
f 961/3775 1194/3776 945/3777
f 1050/3778 1186/3779 809/3780
f 1194/3781 920/3782 945/3783
f 1172/3784 1194/3785 961/3786
f 1172/3787 961/3788 977/3789
f 1025/3790 2078/3791 1026/3792
f 2083/3793 1027/3794 1026/3795
f 2083/3796 1026/3797 2078/3798
f 2178/3799 2078/3800 1025/3801
f 1034/3802 1028/3803 1027/3804
f 1034/3805 1027/3806 2083/3807
f 1170/3808 977/3809 992/3810
f 1170/3811 992/3812 1010/3813
f 977/3814 1170/3815 1172/3816
f 1022/3817 2092/3818 2096/3819
f 1010/3820 1022/3821 2069/3822
f 2096/3823 2069/3824 1022/3825
f 684/3826 2336/3827 1608/3828
f 1157/3829 1060/3830 1054/3831
f 1054/3832 1056/3833 1053/3834
f 1062/3835 1065/3836 1055/3837
f 1060/3838 1064/3839 1054/3840
f 1064/3841 1066/3842 1056/3843
f 1061/3844 1071/3845 1062/3846
f 1063/3847 1073/3848 1057/3849
f 1057/3850 1067/3851 1058/3852
f 1059/3853 1069/3854 1060/3855
f 1071/3856 1072/3857 1062/3858
f 1062/3859 1072/3860 1065/3861
f 1065/3862 1073/3863 1063/3864
f 1069/3865 1074/3866 1064/3867
f 1072/3868 1073/3869 1065/3870
f 1073/3871 1075/3872 1067/3873
f 1067/3874 1075/3875 1556/3876
f 1068/3877 1079/3878 1069/3879
f 1080/3880 1081/3881 1074/3882
f 1074/3883 1081/3884 1076/3885
f 1082/3886 1083/3887 1075/3888
f 1081/3889 1085/3890 1076/3891
f 1076/3892 1085/3893 1077/3894
f 1077/3895 1086/3896 1078/3897
f 1082/3898 1093/3899 1083/3900
f 1083/3901 1090/3902 1480/3903
f 1092/3904 1094/3905 1085/3906
f 1096/3907 1097/3908 1088/3909
f 1099/3910 1100/3911 1093/3912
f 1093/3913 1101/3914 1090/3915
f 1098/3916 1107/3917 1092/3918
f 1107/3919 1102/3920 1094/3921
f 1099/3922 1108/3923 1100/3924
f 1091/3925 1109/3926 1096/3927
f 1104/3928 1101/3929 1100/3930
f 1113/3931 1108/3932 1103/3933
f 1105/3934 1109/3935 1091/3936
f 1117/3937 1112/3938 1107/3939
f 1114/3940 1104/3941 1108/3942
f 1105/3943 1124/3944 1109/3945
f 1115/3946 1116/3947 1110/3948
f 1119/3949 1114/3950 1113/3951
f 1124/3952 1134/3953 1115/3954
f 1134/3955 1135/3956 1116/3957
f 1125/3958 1126/3959 1119/3960
f 1123/3961 1127/3962 1120/3963
f 1127/3964 1128/3965 1120/3966
f 1120/3967 1128/3968 1121/3969
f 1126/3970 1129/3971 1123/3972
f 1122/3973 1137/3974 1124/3975
f 1130/3976 1139/3977 1125/3978
f 1131/3979 1128/3980 1127/3981
f 1141/3982 1131/3983 1129/3984
f 1133/3985 1149/3986 1130/3987
f 1140/3988 1132/3989 1131/3990
f 1135/3991 1147/3992 1133/3993
f 1137/3994 1146/3995 1134/3996
f 1139/3997 1142/3998 1136/3999
f 1149/4000 1142/4001 1139/4002
f 1143/4003 1141/4004 1136/4005
f 1424/4006 1140/4007 1145/4008
f 1144/4009 1145/4010 1141/4011
f 1152/4012 1143/4013 1142/4014
f 1423/4015 1424/4016 1145/4017
f 1422/4018 1148/4019 1146/4020
f 1159/4021 1149/4022 1147/4023
f 1151/4024 1422/4025 1150/4026
f 1617/4027 1059/4028 1157/4029
f 1618/4030 1059/4031 1617/4032
f 1059/4033 1618/4034 1068/4035
f 1631/4036 1068/4037 1620/4038
f 1620/4039 1068/4040 1618/4041
f 1084/4042 1631/4043 1628/4044
f 1091/4045 1628/4046 1154/4047
f 1084/4048 1068/4049 1631/4050
f 1091/4051 1084/4052 1628/4053
f 1155/4054 1105/4055 1154/4056
f 1105/4057 1091/4058 1154/4059
f 1090/4060 1555/4061 1158/4062
f 1158/4063 1480/4064 1090/4065
f 1555/4066 1101/4067 1554/4068
f 1554/4069 1111/4070 1121/4071
f 1555/4072 1090/4073 1101/4074
f 1155/4075 1625/4076 1122/4077
f 1625/4078 1626/4079 1122/4080
f 1155/4081 1122/4082 1105/4083
f 1626/4084 1138/4085 1122/4086
f 1156/4087 1138/4088 1626/4089
f 1524/4090 1128/4091 1132/4092
f 1132/4093 1140/4094 1553/4095
f 1164/4096 1655/4097 1163/4098
f 1165/4099 1656/4100 1164/4101
f 1165/4102 1161/4103 1656/4104
f 1195/4105 1162/4106 1161/4107
f 1166/4108 2076/4109 2011/4110
f 1163/4111 1655/4112 1630/4113
f 1656/4114 1655/4115 1164/4116
f 2011/4117 1162/4118 1166/4119
f 1168/4120 1167/4121 2063/4122
f 1171/4123 1170/4124 1168/4125
f 1171/4126 1172/4127 1170/4128
f 1169/4129 1173/4130 1171/4131
f 1195/4132 1173/4133 1169/4134
f 1179/4135 1180/4136 1178/4137
f 1184/4138 1183/4139 1181/4140
f 1184/4141 1185/4142 1183/4143
f 1182/4144 1187/4145 1184/4146
f 1164/4147 1187/4148 1182/4149
f 1189/4150 1188/4151 1187/4152
f 1189/4153 1190/4154 1188/4155
f 1169/4156 1166/4157 1195/4158
f 2076/4159 1166/4160 2068/4161
f 2069/4162 2063/4163 1167/4164
f 1194/4165 1172/4166 1174/4167
f 1167/4168 1010/4169 2069/4170
f 1167/4171 1170/4172 1010/4173
f 920/4174 1176/4175 1052/4176
f 1052/4177 1176/4178 1178/4179
f 1182/4180 1165/4181 1164/4182
f 1185/4183 1186/4184 1050/4185
f 785/4186 1186/4187 1188/4188
f 1191/4189 1193/4190 1190/4191
f 1192/4192 1193/4193 1191/4194
f 2189/4195 1192/4196 1191/4197
f 1196/4198 2192/4199 1191/4200
f 1191/4201 2192/4202 2189/4203
f 1197/4204 1600/4205 1440/4206
f 1200/4207 1204/4208 1442/4209
f 1203/4210 1207/4211 1206/4212
f 1213/4213 1228/4214 1227/4215
f 1219/4216 1234/4217 1218/4218
f 1221/4219 1235/4220 1220/4221
f 1230/4222 1254/4223 1229/4224
f 1231/4225 1241/4226 1230/4227
f 1232/4228 1242/4229 1231/4230
f 1233/4231 1243/4232 1232/4233
f 1236/4234 1249/4235 1248/4236
f 1237/4237 1251/4238 1250/4239
f 1239/4240 1240/4241 1253/4242
f 1241/4243 1255/4244 1254/4245
f 1242/4246 1256/4247 1241/4248
f 1243/4249 1257/4250 1242/4251
f 1278/4252 1293/4253 1277/4254
f 1293/4255 1294/4256 1302/4257
f 1292/4258 1308/4259 1291/4260
f 1310/4261 1324/4262 1323/4263
f 1311/4264 1326/4265 1325/4266
f 1314/4267 1446/4268 1328/4269
f 1315/4270 1344/4271 1444/4272
f 1328/4273 1343/4274 1342/4275
f 1334/4276 1350/4277 1333/4278
f 1336/4279 1351/4280 1335/4281
f 1346/4282 1602/4283 1345/4284
f 1352/4285 1363/4286 1362/4287
f 1353/4288 1365/4289 1364/4290
f 1355/4291 1356/4292 1367/4293
f 1357/4294 1369/4295 1347/4296
f 1361/4297 1362/4298 1370/4299
f 1367/4300 1371/4301 1384/4302
f 1373/4303 1386/4304 1369/4305
f 1384/4306 1387/4307 1399/4308
f 1388/4309 1401/4310 1386/4311
f 1399/4312 1402/4313 1414/4314
f 1400/4315 1416/4316 1604/4317
f 1401/4318 1415/4319 1400/4320
f 1403/4321 1415/4322 1401/4323
f 1404/4324 1427/4325 1403/4326
f 1413/4327 1419/4328 1418/4329
f 1414/4330 1420/4331 1419/4332
f 1402/4333 1432/4334 1420/4335
f 1545/4336 1440/4337 1552/4338
f 1440/4339 1545/4340 1197/4341
f 1442/4342 1547/4343 1548/4344
f 1601/4345 1229/4346 1254/4347
f 1601/4348 1254/4349 1270/4350
f 1156/4351 1439/4352 1151/4353
f 1151/4354 1439/4355 1213/4356
f 1240/4357 1228/4358 1437/4359
f 1649/4360 1269/4361 1240/4362
f 1240/4363 1437/4364 1649/4365
f 1228/4366 1438/4367 1437/4368
f 1203/4369 1202/4370 1553/4371
f 1443/4372 1345/4373 1441/4374
f 1602/4375 1372/4376 1583/4377
f 1344/4378 1345/4379 1443/4380
f 1443/4381 1444/4382 1344/4383
f 1602/4384 1441/4385 1345/4386
f 1603/4387 1583/4388 1372/4389
f 1604/4390 1416/4391 1605/4392
f 1605/4393 1416/4394 1425/4395
f 1605/4396 1425/4397 1606/4398
f 1426/4399 1445/4400 1415/4401
f 1428/4402 1405/4403 1406/4404
f 1405/4405 1428/4406 1417/4407
f 1429/4408 1406/4409 1407/4410
f 1429/4411 1428/4412 1406/4413
f 1408/4414 1429/4415 1407/4416
f 1417/4417 1404/4418 1405/4419
f 1285/4420 1269/4421 1648/4422
f 1300/4423 1285/4424 1436/4425
f 1657/4426 1314/4427 1300/4428
f 1657/4429 1446/4430 1314/4431
f 1371/4432 1356/4433 1638/4434
f 1402/4435 1387/4436 1634/4437
f 1387/4438 1371/4439 1434/4440
f 1634/4441 1432/4442 1402/4443
f 1436/4444 1285/4445 1648/4446
f 1657/4447 1300/4448 1436/4449
f 1435/4450 1640/4451 1356/4452
f 1356/4453 1640/4454 1638/4455
f 1371/4456 1638/4457 1434/4458
f 1387/4459 1434/4460 1433/4461
f 1387/4462 1433/4463 1634/4464
f 1649/4465 1648/4466 1269/4467
f 1430/4468 1429/4469 1408/4470
f 1408/4471 1409/4472 1430/4473
f 2052/4474 1410/4475 1411/4476
f 1411/4477 2028/4478 2052/4479
f 1430/4480 1409/4481 1410/4482
f 2052/4483 1430/4484 1410/4485
f 2000/4486 1421/4487 1432/4488
f 1421/4489 1431/4490 1420/4491
f 1558/4492 1450/4493 1449/4494
f 1447/4495 1453/4496 1452/4497
f 1447/4498 1449/4499 1453/4500
f 2379/4501 1557/4502 1454/4503
f 670/4504 1448/4505 1459/4506
f 1448/4507 1452/4508 1455/4509
f 1557/4510 2380/4511 1457/4512
f 1449/4513 1458/4514 1460/4515
f 1454/4516 1457/4517 1462/4518
f 1457/4519 1463/4520 1464/4521
f 1453/4522 1456/4523 1466/4524
f 1455/4525 1465/4526 1467/4527
f 1462/4528 1464/4529 1469/4530
f 1461/4531 1468/4532 1471/4533
f 1456/4534 1460/4535 1472/4536
f 1464/4537 1470/4538 1473/4539
f 1467/4540 1465/4541 1475/4542
f 1460/4543 1471/4544 1476/4545
f 1469/4546 1479/4547 1478/4548
f 1473/4549 1480/4550 1479/4551
f 1466/4552 1472/4553 1482/4554
f 1471/4555 1477/4556 1483/4557
f 1476/4558 1483/4559 1485/4560
f 1477/4561 1478/4562 1491/4563
f 1479/4564 1487/4565 1486/4566
f 1481/4567 1482/4568 1489/4569
f 1476/4570 1485/4571 1490/4572
f 1478/4573 1486/4574 1491/4575
f 1483/4576 1493/4577 1492/4578
f 1482/4579 1490/4580 1494/4581
f 1491/4582 1486/4583 1496/4584
f 1485/4585 1492/4586 1495/4587
f 1486/4588 1497/4589 1496/4590
f 1489/4591 1494/4592 1500/4593
f 1490/4594 1495/4595 1501/4596
f 1499/4597 1509/4598 1498/4599
f 1504/4600 1503/4601 1493/4602
f 1497/4603 1504/4604 1496/4605
f 1501/4606 1505/4607 1494/4608
f 1554/4609 1508/4610 1497/4611
f 1505/4612 1506/4613 1500/4614
f 1502/4615 1507/4616 1495/4617
f 1499/4618 1506/4619 1511/4620
f 1507/4621 1513/4622 1501/4623
f 1506/4624 1512/4625 1518/4626
f 1519/4627 1511/4628 1538/4629
f 1513/4630 1514/4631 1520/4632
f 1515/4633 1522/4634 1521/4635
f 1516/4636 1523/4637 1522/4638
f 1517/4639 1524/4640 1523/4641
f 1511/4642 1518/4643 1525/4644
f 1512/4645 1520/4646 1526/4647
f 1514/4648 1521/4649 1527/4650
f 1520/4651 1527/4652 1531/4653
f 1530/4654 1532/4655 1529/4656
f 1132/4657 1536/4658 1530/4659
f 1518/4660 1526/4661 1533/4662
f 1521/4663 1535/4664 1534/4665
f 1528/4666 1535/4667 1521/4668
f 1529/4669 1537/4670 1528/4671
f 1532/4672 1537/4673 1529/4674
f 1538/4675 1525/4676 1549/4677
f 1534/4678 1539/4679 1527/4680
f 1537/4681 1540/4682 1535/4683
f 1544/4684 1542/4685 1532/4686
f 1531/4687 1543/4688 1526/4689
f 1534/4690 1551/4691 1539/4692
f 1543/4693 1546/4694 1533/4695
f 1540/4696 1547/4697 1534/4698
f 1541/4699 1548/4700 1540/4701
f 1542/4702 1550/4703 1541/4704
f 1545/4705 1552/4706 1549/4707
f 1571/4708 1474/4709 1570/4710
f 1570/4711 1484/4712 1568/4713
f 1566/4714 1568/4715 1498/4716
f 1564/4717 1566/4718 1509/4719
f 1474/4720 1571/4721 1459/4722
f 1498/4723 1568/4724 1484/4725
f 1474/4726 1484/4727 1570/4728
f 1498/4729 1509/4730 1566/4731
f 1058/4732 1463/4733 2380/4734
f 1556/4735 1463/4736 1058/4737
f 1470/4738 1075/4739 1480/4740
f 1564/4741 1519/4742 1574/4743
f 1562/4744 1574/4745 1538/4746
f 1519/4747 1564/4748 1509/4749
f 1519/4750 1538/4751 1574/4752
f 1549/4753 1562/4754 1538/4755
f 1552/4756 1562/4757 1549/4758
f 1530/4759 1524/4760 1132/4761
f 1536/4762 1132/4763 1553/4764
f 1561/4765 1562/4766 1560/4767
f 687/4768 688/4769 1563/4770
f 689/4771 1569/4772 1565/4773
f 1569/4774 1568/4775 1566/4776
f 1571/4777 1570/4778 1569/4779
f 1573/4780 1572/4781 1567/4782
f 1565/4783 688/4784 689/4785
f 1574/4786 1562/4787 1563/4788
f 1562/4789 1552/4790 1560/4791
f 1574/4792 1563/4793 1564/4794
f 1459/4795 1571/4796 1572/4797
f 1577/4798 1578/4799 1607/4800
f 1576/4801 1579/4802 1577/4803
f 1579/4804 1580/4805 1578/4806
f 1576/4807 1582/4808 1579/4809
f 1581/4810 1582/4811 1576/4812
f 1586/4813 1441/4814 1585/4815
f 1587/4816 1588/4817 1584/4818
f 1587/4819 1590/4820 1588/4821
f 1588/4822 1590/4823 1589/4824
f 1591/4825 1590/4826 1587/4827
f 1594/4828 1595/4829 1593/4830
f 1596/4831 1595/4832 1594/4833
f 1576/4834 690/4835 1581/4836
f 1581/4837 690/4838 1584/4839
f 1584/4840 691/4841 1587/4842
f 691/4843 1591/4844 1587/4845
f 1591/4846 691/4847 692/4848
f 2105/4849 1577/4850 1607/4851
f 1575/4852 1577/4853 2105/4854
f 1606/4855 1607/4856 1605/4857
f 1602/4858 1583/4859 1585/4860
f 1443/4861 1441/4862 1589/4863
f 1303/4864 1589/4865 1590/4866
f 1303/4867 1590/4868 1301/4869
f 1593/4870 1301/4871 1590/4872
f 1303/4873 1444/4874 1589/4875
f 1593/4876 1286/4877 1301/4878
f 1592/4879 1591/4880 692/4881
f 694/4882 1597/4883 693/4884
f 694/4885 687/4886 1597/4887
f 1229/4888 1601/4889 1596/4890
f 1599/4891 1600/4892 1229/4893
f 1440/4894 1600/4895 1599/4896
f 1440/4897 1599/4898 1560/4899
f 1552/4900 1440/4901 1560/4902
f 672/4903 1608/4904 1609/4905
f 1609/4906 1918/4907 671/4908
f 671/4909 672/4910 1609/4911
f 1882/4912 1157/4913 1054/4914
f 1611/4915 1882/4916 1054/4917
f 1881/4918 1611/4919 1054/4920
f 1880/4921 1881/4922 1610/4923
f 1882/4924 1612/4925 1157/4926
f 1610/4927 1881/4928 1053/4929
f 1054/4930 1053/4931 1881/4932
f 1610/4933 1062/4934 1880/4935
f 1062/4936 1868/4937 1880/4938
f 1876/4939 1874/4940 1063/4941
f 1874/4942 1868/4943 1055/4944
f 1879/4945 1876/4946 1057/4947
f 1057/4948 1876/4949 1063/4950
f 1055/4951 1868/4952 1062/4953
f 1063/4954 1874/4955 1055/4956
f 1058/4957 1879/4958 1057/4959
f 2196/4960 1613/4961 2193/4962
f 1613/4963 1616/4964 1614/4965
f 1612/4966 1616/4967 1157/4968
f 1616/4969 1613/4970 1615/4971
f 1613/4972 2196/4973 1615/4974
f 1616/4975 1612/4976 1614/4977
f 1848/4978 2193/4979 1613/4980
f 1848/4981 1613/4982 1614/4983
f 1615/4984 1619/4985 1616/4986
f 1619/4987 1618/4988 1617/4989
f 1619/4990 1620/4991 1618/4992
f 2195/4993 1631/4994 1619/4995
f 1619/4996 1631/4997 1620/4998
f 1624/4999 1623/5000 1629/5001
f 1619/5002 2196/5003 2195/5004
f 2196/5005 1619/5006 1615/5007
f 1157/5008 1616/5009 1617/5010
f 1624/5011 1629/5012 1630/5013
f 1154/5014 1623/5015 1155/5016
f 1627/5017 1624/5018 1630/5019
f 1156/5020 1626/5021 1658/5022
f 2011/5023 1632/5024 1636/5025
f 1632/5026 1634/5027 1633/5028
f 1635/5029 1639/5030 1636/5031
f 1639/5032 1637/5033 1643/5034
f 1643/5035 1641/5036 1645/5037
f 1644/5038 1646/5039 1645/5040
f 1646/5041 1647/5042 1651/5043
f 1649/5044 1650/5045 1647/5046
f 1636/5047 1162/5048 2011/5049
f 1162/5050 1636/5051 1639/5052
f 1643/5053 1161/5054 1639/5055
f 1161/5056 1643/5057 1645/5058
f 1656/5059 1645/5060 1646/5061
f 1161/5062 1645/5063 1656/5064
f 1632/5065 2005/5066 2000/5067
f 2011/5068 2005/5069 1632/5070
f 1432/5071 1632/5072 2000/5073
f 1446/5074 1642/5075 1435/5076
f 1657/5077 1642/5078 1446/5079
f 1651/5080 1655/5081 1656/5082
f 1651/5083 1656/5084 1646/5085
f 1630/5086 1655/5087 1627/5088
f 1437/5089 1650/5090 1649/5091
f 1653/5092 1437/5093 1438/5094
f 1439/5095 1653/5096 1438/5097
f 1439/5098 1658/5099 1653/5100
f 1156/5101 1658/5102 1439/5103
f 1730/5104 1660/5105 1659/5106
f 1723/5107 1724/5108 1722/5109
f 1662/5110 1722/5111 1724/5112
f 1665/5113 681/5114 1801/5115
f 1713/5116 1803/5117 1664/5118
f 1664/5119 1803/5120 681/5121
f 1665/5122 1802/5123 1666/5124
f 1714/5125 1664/5126 1663/5127
f 1711/5128 1663/5129 675/5130
f 1713/5131 1664/5132 1712/5133
f 681/5134 1803/5135 1801/5136
f 1666/5137 1802/5138 1806/5139
f 1665/5140 1801/5141 1802/5142
f 1664/5143 1714/5144 1712/5145
f 675/5146 1744/5147 1711/5148
f 1663/5149 1711/5150 1714/5151
f 1670/5152 1671/5153 1703/5154
f 1688/5155 1676/5156 1709/5157
f 1680/5158 1674/5159 1672/5160
f 1682/5161 1683/5162 1673/5163
f 1678/5164 1671/5165 1670/5166
f 1687/5167 1680/5168 1677/5169
f 2352/5170 1678/5171 2351/5172
f 1691/5173 1686/5174 1680/5175
f 1695/5176 1688/5177 1685/5178
f 2353/5179 1679/5180 2352/5181
f 1690/5182 1691/5183 1687/5184
f 1794/5185 1696/5186 1688/5187
f 2355/5188 1689/5189 2353/5190
f 1701/5191 1698/5192 1691/5193
f 1793/5194 1699/5195 1694/5196
f 1750/5197 1794/5198 1695/5199
f 1702/5200 1692/5201 1698/5202
f 1702/5203 1746/5204 1692/5205
f 1747/5206 1750/5207 1699/5208
f 2283/5209 1669/5210 1670/5211
f 2285/5212 1668/5213 2283/5214
f 2285/5215 2356/5216 1668/5217
f 1668/5218 1669/5219 2283/5220
f 2283/5221 1670/5222 1703/5223
f 1675/5224 1667/5225 2277/5226
f 2269/5227 1707/5228 1743/5229
f 1709/5230 1676/5231 2269/5232
f 2281/5233 1672/5234 2278/5235
f 2277/5236 2278/5237 1674/5238
f 2269/5239 1676/5240 1707/5241
f 1706/5242 1676/5243 1696/5244
f 1706/5245 1707/5246 1676/5247
f 1700/5248 1697/5249 2355/5250
f 2307/5251 1700/5252 2355/5253
f 1748/5254 1704/5255 1700/5256
f 1706/5257 1696/5258 1705/5259
f 1696/5260 1786/5261 1705/5262
f 1786/5263 1804/5264 1705/5265
f 1707/5266 1706/5267 1711/5268
f 1743/5269 1711/5270 1744/5271
f 1707/5272 1711/5273 1743/5274
f 1715/5275 1723/5276 1716/5277
f 1718/5278 1719/5279 1717/5280
f 2224/5281 1716/5282 1721/5283
f 1716/5284 1723/5285 1722/5286
f 1720/5287 1719/5288 2223/5289
f 1726/5290 677/5291 676/5292
f 1733/5293 1739/5294 676/5295
f 1661/5296 677/5297 1726/5298
f 1661/5299 678/5300 677/5301
f 679/5302 1724/5303 1723/5304
f 679/5305 678/5306 1724/5307
f 679/5308 1723/5309 1715/5310
f 676/5311 1739/5312 1725/5313
f 676/5314 1725/5315 1726/5316
f 678/5317 1661/5318 1659/5319
f 678/5320 1659/5321 1724/5322
f 1726/5323 1728/5324 1727/5325
f 1725/5326 1729/5327 1728/5328
f 1729/5329 1725/5330 1739/5331
f 1739/5332 1830/5333 1729/5334
f 1731/5335 1737/5336 1741/5337
f 1733/5338 1738/5339 1739/5340
f 1734/5341 1738/5342 1733/5343
f 1752/5344 1760/5345 1701/5346
f 1751/5347 1755/5348 1746/5349
f 1746/5350 1755/5351 1792/5352
f 1794/5353 1764/5354 1786/5355
f 1754/5356 1758/5357 1748/5358
f 1757/5359 1762/5360 1750/5361
f 1758/5362 1759/5363 1752/5364
f 1761/5365 1765/5366 1751/5367
f 1758/5368 1769/5369 1759/5370
f 1759/5371 1770/5372 1760/5373
f 1765/5374 1767/5375 1755/5376
f 1778/5377 1779/5378 1762/5379
f 1768/5380 1774/5381 1769/5382
f 1769/5383 1775/5384 1770/5385
f 1772/5386 1783/5387 1767/5388
f 2296/5389 1774/5390 1773/5391
f 1783/5392 1784/5393 1776/5394
f 1746/5395 1702/5396 1751/5397
f 1752/5398 1701/5399 1704/5400
f 1804/5401 1786/5402 1764/5403
f 1804/5404 1764/5405 1790/5406
f 1764/5407 1785/5408 1790/5409
f 1752/5410 1704/5411 1748/5412
f 1791/5413 2313/5414 1795/5415
f 2313/5416 2314/5417 1795/5418
f 1796/5419 2314/5420 2301/5421
f 2314/5422 1796/5423 1795/5424
f 2301/5425 1787/5426 1796/5427
f 1796/5428 1787/5429 1795/5430
f 2299/5431 1773/5432 1795/5433
f 1787/5434 2299/5435 1795/5436
f 2299/5437 2296/5438 1773/5439
f 1784/5440 1783/5441 1797/5442
f 1785/5443 1789/5444 1790/5445
f 1785/5446 1788/5447 1789/5448
f 1785/5449 1800/5450 2287/5451
f 1785/5452 2287/5453 1788/5454
f 1790/5455 1789/5456 1801/5457
f 1801/5458 1789/5459 1802/5460
f 1713/5461 1790/5462 1803/5463
f 1790/5464 1713/5465 1804/5466
f 1809/5467 1805/5468 1666/5469
f 1806/5470 1809/5471 1666/5472
f 1809/5473 1808/5474 1807/5475
f 1810/5476 1815/5477 1812/5478
f 1810/5479 1813/5480 1815/5481
f 1821/5482 1814/5483 1816/5484
f 1814/5485 1811/5486 1816/5487
f 1813/5488 1817/5489 1818/5490
f 1821/5491 1816/5492 1824/5493
f 1818/5494 1822/5495 1825/5496
f 1820/5497 1826/5498 2237/5499
f 1835/5500 2074/5501 1828/5502
f 1825/5503 2240/5504 1826/5505
f 1822/5506 1827/5507 2240/5508
f 2006/5509 1828/5510 1827/5511
f 1810/5512 1812/5513 1840/5514
f 1810/5515 1840/5516 1839/5517
f 1810/5518 1839/5519 1838/5520
f 1838/5521 1837/5522 1810/5523
f 1837/5524 2150/5525 2016/5526
f 1837/5527 2053/5528 1813/5529
f 1812/5530 1815/5531 1869/5532
f 1841/5533 1820/5534 1842/5535
f 1821/5536 2080/5537 1833/5538
f 2079/5539 2098/5540 1985/5541
f 1985/5542 1814/5543 2079/5544
f 1833/5545 2079/5546 1814/5547
f 1727/5548 1811/5549 1730/5550
f 1811/5551 1985/5552 1730/5553
f 1814/5554 1821/5555 1833/5556
f 2058/5557 1817/5558 2039/5559
f 2080/5560 1821/5561 2090/5562
f 1728/5563 1819/5564 1727/5565
f 1819/5566 1811/5567 1727/5568
f 2039/5569 1817/5570 2053/5571
f 2341/5572 2367/5573 1844/5574
f 1842/5575 1820/5576 1844/5577
f 1822/5578 1817/5579 2058/5580
f 2006/5581 1822/5582 2058/5583
f 2341/5584 2237/5585 2264/5586
f 1819/5587 1729/5588 1829/5589
f 1728/5590 1729/5591 1819/5592
f 1829/5593 1729/5594 1830/5595
f 1844/5596 1845/5597 1842/5598
f 1846/5599 1847/5600 1843/5601
f 1847/5602 1848/5603 1614/5604
f 1850/5605 1842/5606 1845/5607
f 1849/5608 1850/5609 1846/5610
f 1614/5611 1612/5612 1843/5613
f 1846/5614 1843/5615 1849/5616
f 1850/5617 1845/5618 1846/5619
f 2367/5620 1852/5621 1844/5622
f 2366/5623 2363/5624 1854/5625
f 1853/5626 1852/5627 2366/5628
f 1854/5629 1853/5630 2366/5631
f 1850/5632 1856/5633 1855/5634
f 1849/5635 1856/5636 1850/5637
f 1856/5638 1858/5639 1862/5640
f 1861/5641 1862/5642 1858/5643
f 1860/5644 1863/5645 1869/5646
f 1865/5647 1866/5648 1862/5649
f 1864/5650 1866/5651 1871/5652
f 1872/5653 1875/5654 1866/5655
f 1871/5656 1875/5657 1877/5658
f 1873/5659 1878/5660 1872/5661
f 1876/5662 1878/5663 1873/5664
f 1878/5665 1891/5666 1875/5667
f 1842/5668 1855/5669 1841/5670
f 1860/5671 1869/5672 1841/5673
f 1855/5674 1860/5675 1841/5676
f 1878/5677 1879/5678 1915/5679
f 1891/5680 1878/5681 1915/5682
f 1916/5683 1883/5684 1884/5685
f 1917/5686 1609/5687 1885/5688
f 1884/5689 1922/5690 1886/5691
f 1885/5692 1888/5693 1887/5694
f 1886/5695 1963/5696 1914/5697
f 1963/5698 1886/5699 1922/5700
f 1891/5701 1915/5702 1892/5703
f 1915/5704 2377/5705 1895/5706
f 1890/5707 1892/5708 1894/5709
f 1893/5710 1896/5711 1889/5712
f 1894/5713 1899/5714 1893/5715
f 1897/5716 1898/5717 1900/5718
f 1894/5719 1900/5720 1901/5721
f 1899/5722 1902/5723 1896/5724
f 1900/5725 2378/5726 1903/5727
f 1901/5728 1903/5729 1905/5730
f 1902/5731 1977/5732 1904/5733
f 1903/5734 1920/5735 1906/5736
f 1905/5737 1906/5738 1907/5739
f 1905/5740 1908/5741 1902/5742
f 1907/5743 1908/5744 1905/5745
f 1877/5746 1975/5747 1840/5748
f 1889/5749 1975/5750 1877/5751
f 1877/5752 1890/5753 1889/5754
f 1891/5755 1890/5756 1877/5757
f 2377/5758 1915/5759 1879/5760
f 1895/5761 1921/5762 1898/5763
f 1910/5764 1916/5765 1886/5766
f 1916/5767 1911/5768 1883/5769
f 1912/5770 1917/5771 1883/5772
f 1917/5773 1912/5774 1918/5775
f 1913/5776 1918/5777 1912/5778
f 1911/5779 1916/5780 1910/5781
f 1884/5782 2371/5783 2374/5784
f 2374/5785 1923/5786 1884/5787
f 1922/5788 1884/5789 1923/5790
f 2371/5791 1887/5792 2375/5793
f 1963/5794 1922/5795 1923/5796
f 1608/5797 2336/5798 2375/5799
f 1888/5800 2375/5801 1887/5802
f 2375/5803 1888/5804 1608/5805
f 1927/5806 1929/5807 1926/5808
f 1930/5809 1929/5810 1932/5811
f 1929/5812 1931/5813 1933/5814
f 1934/5815 1933/5816 1937/5817
f 1935/5818 1936/5819 1933/5820
f 1936/5821 1940/5822 1937/5823
f 1940/5824 1938/5825 1941/5826
f 1943/5827 1945/5828 1942/5829
f 1945/5830 1946/5831 1948/5832
f 1949/5833 1948/5834 1950/5835
f 1951/5836 1953/5837 1950/5838
f 1925/5839 1035/5840 1029/5841
f 1035/5842 1925/5843 1036/5844
f 1925/5845 1928/5846 1036/5847
f 1928/5848 1037/5849 1036/5850
f 1930/5851 1038/5852 1037/5853
f 1932/5854 1038/5855 1930/5856
f 1930/5857 1037/5858 1928/5859
f 810/5860 1934/5861 1937/5862
f 1039/5863 1937/5864 1940/5865
f 1941/5866 1049/5867 1940/5868
f 1041/5869 1944/5870 1947/5871
f 1937/5872 1039/5873 810/5874
f 1949/5875 1042/5876 1947/5877
f 1043/5878 1950/5879 1953/5880
f 1033/5881 1953/5882 1992/5883
f 1953/5884 1033/5885 1043/5886
f 1935/5887 1931/5888 1939/5889
f 1943/5890 1954/5891 1946/5892
f 1987/5893 1992/5894 1951/5895
f 1987/5896 1952/5897 1954/5898
f 1951/5899 1992/5900 1953/5901
f 1979/5902 1964/5903 1957/5904
f 1981/5905 2100/5906 2212/5907
f 2225/5908 1961/5909 2227/5910
f 1957/5911 1963/5912 1956/5913
f 2184/5914 2100/5915 1981/5916
f 1958/5917 1967/5918 1964/5919
f 1966/5920 1963/5921 1957/5922
f 1961/5923 1971/5924 1960/5925
f 1964/5926 1969/5927 1966/5928
f 1967/5929 1974/5930 1969/5931
f 2137/5932 1973/5933 1967/5934
f 1976/5935 1971/5936 1961/5937
f 1970/5938 1976/5939 1961/5940
f 1974/5941 1975/5942 1983/5943
f 1973/5944 1838/5945 1974/5946
f 1838/5947 1839/5948 1974/5949
f 1978/5950 2230/5951 1956/5952
f 1957/5953 1956/5954 2220/5955
f 1957/5956 2220/5957 1979/5958
f 1978/5959 1963/5960 1923/5961
f 2100/5962 2107/5963 1958/5964
f 1966/5965 1914/5966 1963/5967
f 1958/5968 2151/5969 1965/5970
f 1958/5971 2107/5972 2151/5973
f 2225/5974 1722/5975 1662/5976
f 2225/5977 1662/5978 1962/5979
f 1662/5980 1660/5981 1962/5982
f 1977/5983 1966/5984 1969/5985
f 1904/5986 1969/5987 1972/5988
f 2125/5989 2137/5990 1965/5991
f 1975/5992 1839/5993 1840/5994
f 1973/5995 2137/5996 2150/5997
f 1973/5998 1837/5999 1838/6000
f 2150/6001 1837/6002 1973/6003
f 1968/6004 1984/6005 2155/6006
f 2125/6007 1965/6008 2151/6009
f 2163/6010 1984/6011 1971/6012
f 1971/6013 1984/6014 1968/6015
f 1970/6016 1962/6017 1660/6018
f 2163/6019 1971/6020 2169/6021
f 1730/6022 1970/6023 1660/6024
f 1971/6025 1976/6026 2169/6027
f 2169/6028 1976/6029 1980/6030
f 1730/6031 1985/6032 1970/6033
f 1985/6034 2098/6035 1980/6036
f 1976/6037 1985/6038 1980/6039
f 1997/6040 1988/6041 1986/6042
f 1989/6043 1991/6044 1988/6045
f 1986/6046 1998/6047 1997/6048
f 2012/6049 2002/6050 2001/6051
f 1999/6052 2000/6053 2003/6054
f 2013/6055 2001/6056 2004/6057
f 2001/6058 2002/6059 2009/6060
f 2011/6061 2010/6062 2005/6063
f 2014/6064 2029/6065 2016/6066
f 2014/6067 2021/6068 2029/6069
f 2015/6070 2022/6071 2021/6072
f 2015/6073 2017/6074 2022/6075
f 2019/6076 2052/6077 2025/6078
f 2021/6079 2027/6080 2026/6081
f 2022/6082 2023/6083 2027/6084
f 2025/6085 2028/6086 2032/6087
f 2026/6088 2034/6089 2033/6090
f 2027/6091 2036/6092 2034/6093
f 2027/6094 2030/6095 2036/6096
f 2030/6097 2037/6098 2036/6099
f 2031/6100 2038/6101 2037/6102
f 2032/6103 2035/6104 2038/6105
f 2036/6106 2037/6107 2041/6108
f 2039/6109 2033/6110 2048/6111
f 2037/6112 2038/6113 2043/6114
f 2033/6115 2044/6116 2048/6117
f 2041/6118 2043/6119 2045/6120
f 2043/6121 2046/6122 2050/6123
f 2044/6124 2049/6125 2048/6126
f 2045/6127 2050/6128 2049/6129
f 2046/6130 2051/6131 2050/6132
f 2057/6133 2016/6134 2150/6135
f 2148/6136 2015/6137 2056/6138
f 2148/6139 2152/6140 2015/6141
f 2029/6142 2039/6143 2053/6144
f 2029/6145 2053/6146 2016/6147
f 2020/6148 2153/6149 2149/6150
f 2149/6151 2055/6152 2020/6153
f 2055/6154 1429/6155 1430/6156
f 2048/6157 2058/6158 2039/6159
f 2006/6160 2058/6161 2048/6162
f 2048/6163 2054/6164 2006/6165
f 2049/6166 2013/6167 2054/6168
f 2047/6169 1431/6170 2051/6171
f 2050/6172 1999/6173 2012/6174
f 2051/6175 1421/6176 2000/6177
f 1431/6178 1421/6179 2051/6180
f 2066/6181 2060/6182 2059/6183
f 2067/6184 2063/6185 2062/6186
f 2064/6187 2065/6188 1836/6189
f 2072/6190 2066/6191 2065/6192
f 2071/6193 2067/6194 2066/6195
f 2072/6196 2064/6197 2074/6198
f 2074/6199 2073/6200 2072/6201
f 2008/6202 2009/6203 2073/6204
f 2075/6205 2070/6206 2071/6207
f 2010/6208 2076/6209 2070/6210
f 1835/6211 2007/6212 2074/6213
f 2070/6214 2075/6215 2010/6216
f 2076/6217 2010/6218 2011/6219
f 2079/6220 2081/6221 2077/6222
f 2080/6223 2085/6224 2081/6225
f 2084/6226 2082/6227 2081/6228
f 1034/6229 2083/6230 2082/6231
f 2080/6232 2090/6233 2085/6234
f 2088/6235 1028/6236 2086/6237
f 2090/6238 2091/6239 2086/6240
f 2091/6241 2088/6242 2086/6243
f 2092/6244 2089/6245 2088/6246
f 2178/6247 2097/6248 2078/6249
f 2108/6250 2105/6251 1606/6252
f 2102/6253 2103/6254 2154/6255
f 2099/6256 2104/6257 2108/6258
f 2100/6259 2180/6260 2101/6261
f 1607/6262 1606/6263 2105/6264
f 2106/6265 1575/6266 2105/6267
f 2109/6268 2114/6269 2119/6270
f 2110/6271 2115/6272 2109/6273
f 2125/6274 2120/6275 2137/6276
f 2127/6277 2132/6278 2126/6279
f 2130/6280 2134/6281 2128/6282
f 2133/6283 2139/6284 2132/6285
f 2135/6286 2141/6287 2134/6288
f 2137/6289 2138/6290 2057/6291
f 2140/6292 2144/6293 2139/6294
f 2136/6295 2142/6296 2135/6297
f 2142/6298 2146/6299 2141/6300
f 2145/6301 2148/6302 2144/6303
f 2147/6304 2149/6305 2142/6306
f 2101/6307 2119/6308 2107/6309
f 2107/6310 2119/6311 2151/6312
f 2119/6313 2101/6314 2109/6315
f 2125/6316 2151/6317 2119/6318
f 2110/6319 2154/6320 2111/6321
f 2112/6322 1606/6323 2113/6324
f 1445/6325 2113/6326 1425/6327
f 1606/6328 1425/6329 2113/6330
f 2118/6331 1445/6332 1426/6333
f 2124/6334 1426/6335 1427/6336
f 2124/6337 1427/6338 2129/6339
f 2143/6340 2144/6341 2056/6342
f 2056/6343 2144/6344 2148/6345
f 2148/6346 2145/6347 2152/6348
f 2130/6349 1427/6350 1417/6351
f 1428/6352 2136/6353 1417/6354
f 2149/6355 2153/6356 2146/6357
f 2149/6358 2147/6359 2055/6360
f 2147/6361 1429/6362 2055/6363
f 2156/6364 2161/6365 2157/6366
f 2161/6367 2165/6368 2160/6369
f 2163/6370 2164/6371 1984/6372
f 2165/6373 1023/6374 2162/6375
f 2164/6376 2167/6377 2165/6378
f 2165/6379 2168/6380 1023/6381
f 2166/6382 2170/6383 2167/6384
f 2167/6385 2171/6386 2168/6387
f 2171/6388 2172/6389 2168/6390
f 2173/6391 2170/6392 2169/6393
f 2174/6394 2175/6395 2172/6396
f 1980/6397 2173/6398 2169/6399
f 2098/6400 2176/6401 1980/6402
f 2177/6403 2097/6404 2178/6405
f 2184/6406 1959/6407 1996/6408
f 2185/6409 1996/6410 1997/6411
f 2185/6412 1997/6413 1998/6414
f 2181/6415 2185/6416 2182/6417
f 2100/6418 2184/6419 2180/6420
f 2180/6421 2185/6422 2181/6423
f 1998/6424 2106/6425 2183/6426
f 1987/6427 1575/6428 2106/6429
f 2188/6430 2344/6431 2345/6432
f 2188/6433 2312/6434 2344/6435
f 2312/6436 2311/6437 2368/6438
f 2312/6439 2368/6440 2344/6441
f 2368/6442 2311/6443 2186/6444
f 2364/6445 2308/6446 2354/6447
f 2359/6448 2357/6449 2340/6450
f 2373/6451 2187/6452 2349/6453
f 2349/6454 2359/6455 2340/6456
f 2364/6457 2187/6458 2370/6459
f 2354/6460 2187/6461 2364/6462
f 2370/6463 2187/6464 2373/6465
f 2340/6466 2373/6467 2349/6468
f 2311/6469 2308/6470 2186/6471
f 2308/6472 2364/6473 2186/6474
f 2317/6475 2337/6476 2338/6477
f 2338/6478 2364/6479 2317/6480
f 2320/6481 2319/6482 2317/6483
f 2325/6484 2323/6485 2320/6486
f 2304/6487 2330/6488 2364/6489
f 2364/6490 2370/6491 2376/6492
f 2364/6493 2376/6494 2304/6495
f 2305/6496 2330/6497 2304/6498
f 2325/6499 2330/6500 2328/6501
f 2333/6502 2330/6503 2305/6504
f 2191/6505 1163/6506 2194/6507
f 2191/6508 2190/6509 2192/6510
f 1196/6511 1163/6512 2191/6513
f 2192/6514 1196/6515 2191/6516
f 2315/6517 2189/6518 2192/6519
f 2315/6520 2192/6521 2190/6522
f 2196/6523 2193/6524 2363/6525
f 2194/6526 1629/6527 1621/6528
f 2194/6529 1630/6530 1629/6531
f 2194/6532 1163/6533 1630/6534
f 2195/6535 2194/6536 1621/6537
f 2196/6538 2363/6539 2194/6540
f 2194/6541 2195/6542 2196/6543
f 2199/6544 2198/6545 2197/6546
f 2198/6547 2203/6548 2200/6549
f 2226/6550 2201/6551 2228/6552
f 2204/6553 2201/6554 2226/6555
f 2207/6556 2202/6557 2201/6558
f 2207/6559 2205/6560 2202/6561
f 2205/6562 2208/6563 2203/6564
f 2206/6565 2207/6566 2204/6567
f 2211/6568 2205/6569 2207/6570
f 1981/6571 2209/6572 2229/6573
f 2214/6574 2211/6575 2210/6576
f 1956/6577 2221/6578 2220/6579
f 2232/6580 2233/6581 2222/6582
f 2200/6583 2223/6584 2198/6585
f 2223/6586 2200/6587 1720/6588
f 1955/6589 2216/6590 2212/6591
f 2216/6592 1955/6593 1979/6594
f 2233/6595 2384/6596 2219/6597
f 2233/6598 2232/6599 2358/6600
f 1805/6601 1807/6602 1731/6603
f 1807/6604 1737/6605 1731/6606
f 2234/6607 1737/6608 1807/6609
f 2234/6610 2257/6611 1737/6612
f 2289/6613 2257/6614 2234/6615
f 2292/6616 2294/6617 2257/6618
f 2289/6619 2292/6620 2257/6621
f 2250/6622 2294/6623 2297/6624
f 2257/6625 2294/6626 2235/6627
f 2250/6628 2297/6629 2244/6630
f 2235/6631 2294/6632 2250/6633
f 2300/6634 2244/6635 2297/6636
f 2300/6637 2346/6638 2244/6639
f 2342/6640 2346/6641 2300/6642
f 2347/6643 2239/6644 2346/6645
f 2237/6646 2241/6647 2238/6648
f 2238/6649 2243/6650 2239/6651
f 2240/6652 2242/6653 2241/6654
f 2246/6655 2249/6656 2250/6657
f 2248/6658 2253/6659 2249/6660
f 2249/6661 2235/6662 2250/6663
f 1832/6664 2252/6665 2251/6666
f 2252/6667 2254/6668 2253/6669
f 2259/6670 2263/6671 2257/6672
f 2260/6673 1829/6674 2261/6675
f 1735/6676 2261/6677 1829/6678
f 1829/6679 1830/6680 1735/6681
f 2263/6682 1741/6683 1737/6684
f 2200/6685 2272/6686 2268/6687
f 2200/6688 2268/6689 1720/6690
f 2208/6691 2275/6692 2200/6693
f 2272/6694 2200/6695 2275/6696
f 2208/6697 2266/6698 2275/6699
f 1745/6700 674/6701 673/6702
f 1720/6703 2268/6704 1745/6705
f 1720/6706 1745/6707 673/6708
f 2381/6709 2280/6710 2219/6711
f 2219/6712 2384/6713 2381/6714
f 2280/6715 2266/6716 2215/6717
f 2208/6718 2215/6719 2266/6720
f 2280/6721 2215/6722 2219/6723
f 2267/6724 2268/6725 2270/6726
f 1709/6727 2270/6728 2271/6729
f 2270/6730 2272/6731 2273/6732
f 1710/6733 2273/6734 1708/6735
f 2277/6736 2276/6737 2278/6738
f 2281/6739 2279/6740 1703/6741
f 2283/6742 2282/6743 2285/6744
f 2234/6745 2288/6746 2289/6747
f 2312/6748 2188/6749 2361/6750
f 686/6751 2304/6752 2376/6753
f 1047/6754 2320/6755 1046/6756
f 2325/6757 2335/6758 2324/6759
f 2327/6760 2328/6761 2329/6762
f 2330/6763 1030/6764 2329/6765
f 2330/6766 2331/6767 1030/6768
f 2331/6769 2332/6770 1031/6771
f 1045/6772 2334/6773 1032/6774
f 2334/6775 2333/6776 2305/6777
f 2339/6778 2340/6779 2357/6780
f 2367/6781 2341/6782 2368/6783
f 2344/6784 2341/6785 2264/6786
f 2341/6787 2344/6788 2368/6789
f 2345/6790 2342/6791 2188/6792
f 2344/6793 2264/6794 2343/6795
f 2349/6796 2352/6797 2351/6798
f 2187/6799 2353/6800 2352/6801
f 2187/6802 2354/6803 2353/6804
f 2355/6805 2354/6806 2307/6807
f 2360/6808 2358/6809 2357/6810
f 2358/6811 2360/6812 2384/6813
f 2359/6814 2360/6815 2357/6816
f 2359/6817 2284/6818 2360/6819
f 2359/6820 2348/6821 2284/6822
f 2362/6823 2301/6824 2361/6825
f 2230/6826 1978/6827 1923/6828
f 2366/6829 1852/6830 2365/6831
f 1852/6832 2368/6833 2186/6834
f 2364/6835 2365/6836 2186/6837
f 2375/6838 2369/6839 2371/6840
f 2371/6841 2372/6842 2374/6843
f 2374/6844 2373/6845 1923/6846
f 2373/6847 2372/6848 2370/6849
f 1559/6850 1920/6851 1558/6852
f 2377/6853 2380/6854 1557/6855
f 1921/6856 1557/6857 2379/6858
f 1451/6859 1898/6860 2379/6861
f 2380/6862 2377/6863 1058/6864
f 1557/6865 1921/6866 2377/6867
f 2379/6868 1898/6869 1921/6870
f 2378/6871 1898/6872 1451/6873
f 1913/6874 1447/6875 1448/6876
f 1918/6877 1448/6878 670/6879
f 1913/6880 1448/6881 1918/6882
f 2377/6883 1879/6884 1058/6885
f 1920/6886 1559/6887 1919/6888
f 1447/6889 1913/6890 1919/6891
f 2381/6892 2382/6893 2360/6894
f 2233/6895 2383/6896 2384/6897
f 2233/6898 2382/6899 2383/6900
f 2233/6901 2358/6902 2382/6903
f 2358/6904 2384/6905 2382/6906
f 2360/6907 2382/6908 2384/6909
f 2381/6910 2383/6911 2382/6912
f 2381/6913 2384/6914 2383/6915
f 1573/6916 672/6917 669/6918
f 668/6919 669/6920 670/6921
f 1918/6922 670/6923 671/6924
f 1664/6925 681/6926 677/6927
f 1663/6928 678/6929 679/6930
f 693/6931 1931/6932 1927/6933
f 690/6934 1954/6935 1939/6936
f 690/6937 1576/6938 1954/6939
f 696/6940 712/6941 708/6942
f 697/6943 708/6944 713/6945
f 698/6946 713/6947 714/6948
f 699/6949 714/6950 715/6951
f 700/6952 715/6953 709/6954
f 710/6955 716/6956 701/6957
f 716/6958 717/6959 702/6960
f 717/6961 718/6962 703/6963
f 718/6964 705/6965 704/6966
f 707/6967 723/6968 712/6969
f 708/6970 724/6971 713/6972
f 709/6973 719/6974 720/6975
f 720/6976 721/6977 710/6978
f 721/6979 722/6980 710/6981
f 718/6982 731/6983 705/6984
f 713/6985 725/6986 726/6987
f 714/6988 726/6989 733/6990
f 715/6991 727/6992 719/6993
f 722/6994 728/6995 716/6996
f 719/6997 734/6998 735/6999
f 720/7000 735/7001 736/7002
f 736/7003 737/7004 721/7005
f 723/7006 738/7007 739/7008
f 724/7009 739/7010 740/7011
f 725/7012 740/7013 741/7014
f 726/7015 741/7016 733/7017
f 727/7018 742/7019 734/7020
f 737/7021 746/7022 722/7023
f 746/7024 747/7025 728/7026
f 747/7027 748/7028 729/7029
f 748/7030 749/7031 730/7032
f 749/7033 750/7034 731/7035
f 750/7036 751/7037 732/7038
f 733/7039 741/7040 742/7041
f 740/7042 754/7043 755/7044
f 741/7045 755/7046 756/7047
f 744/7048 758/7049 759/7050
f 756/7051 771/7052 772/7053
f 757/7054 772/7055 773/7056
f 758/7057 773/7058 774/7059
f 774/7060 775/7061 759/7062
f 775/7063 776/7064 760/7065
f 776/7066 777/7067 761/7068
f 777/7069 778/7070 762/7071
f 778/7072 779/7073 763/7074
f 779/7075 783/7076 764/7077
f 767/7078 1038/7079 782/7080
f 768/7081 782/7082 787/7083
f 783/7084 784/7085 780/7086
f 784/7087 785/7088 781/7089
f 782/7090 786/7091 787/7092
f 799/7093 808/7094 783/7095
f 808/7096 809/7097 784/7098
f 789/7099 812/7100 813/7101
f 790/7102 813/7103 800/7104
f 791/7105 800/7106 801/7107
f 792/7108 801/7109 802/7110
f 793/7111 802/7112 803/7113
f 803/7114 804/7115 795/7116
f 804/7117 805/7118 796/7119
f 805/7120 806/7121 797/7122
f 806/7123 807/7124 798/7125
f 786/7126 810/7127 811/7128
f 800/7129 818/7130 819/7131
f 801/7132 819/7133 820/7134
f 802/7135 820/7136 821/7137
f 803/7138 821/7139 822/7140
f 822/7141 823/7142 803/7143
f 823/7144 824/7145 804/7146
f 824/7147 825/7148 805/7149
f 825/7150 826/7151 806/7152
f 826/7153 827/7154 807/7155
f 828/7156 829/7157 808/7158
f 829/7159 1050/7160 809/7161
f 811/7162 814/7163 815/7164
f 812/7165 815/7166 816/7167
f 813/7168 816/7169 817/7170
f 815/7171 831/7172 832/7173
f 816/7174 832/7175 833/7176
f 817/7177 833/7178 834/7179
f 819/7180 834/7181 835/7182
f 820/7183 835/7184 836/7185
f 821/7186 836/7187 837/7188
f 837/7189 838/7190 822/7191
f 838/7192 839/7193 823/7194
f 839/7195 840/7196 824/7197
f 814/7198 1039/7199 831/7200
f 831/7201 845/7202 846/7203
f 832/7204 846/7205 847/7206
f 833/7207 847/7208 848/7209
f 834/7210 848/7211 849/7212
f 855/7213 856/7214 840/7215
f 856/7216 857/7217 841/7218
f 857/7219 858/7220 842/7221
f 858/7222 872/7223 843/7224
f 872/7225 873/7226 844/7227
f 846/7228 859/7229 860/7230
f 847/7231 860/7232 861/7233
f 848/7234 861/7235 862/7236
f 849/7237 862/7238 874/7239
f 845/7240 1040/7241 859/7242
f 860/7243 876/7244 877/7245
f 861/7246 877/7247 878/7248
f 862/7249 878/7250 874/7251
f 1040/7252 1049/7253 875/7254
f 874/7255 879/7256 880/7257
f 889/7258 1052/7259 1051/7260
f 877/7261 890/7262 891/7263
f 878/7264 891/7265 892/7266
f 879/7267 892/7268 893/7269
f 880/7270 893/7271 894/7272
f 881/7273 894/7274 895/7275
f 882/7276 895/7277 896/7278
f 896/7279 897/7280 883/7281
f 897/7282 898/7283 884/7284
f 898/7285 899/7286 885/7287
f 1049/7288 1048/7289 903/7290
f 911/7291 912/7292 899/7293
f 903/7294 913/7295 921/7296
f 904/7297 921/7298 914/7299
f 905/7300 923/7301 924/7302
f 906/7303 924/7304 925/7305
f 907/7306 925/7307 916/7308
f 916/7309 927/7310 908/7311
f 927/7312 928/7313 909/7314
f 928/7315 929/7316 910/7317
f 929/7318 912/7319 911/7320
f 915/7321 922/7322 923/7323
f 929/7324 930/7325 912/7326
f 930/7327 931/7328 917/7329
f 931/7330 944/7331 918/7332
f 944/7333 945/7334 919/7335
f 922/7336 934/7337 935/7338
f 923/7339 935/7340 936/7341
f 924/7342 936/7343 937/7344
f 925/7345 937/7346 938/7347
f 926/7348 938/7349 939/7350
f 939/7351 940/7352 927/7353
f 940/7354 941/7355 928/7356
f 941/7357 942/7358 929/7359
f 942/7360 943/7361 930/7362
f 953/7363 954/7364 939/7365
f 958/7366 959/7367 943/7368
f 967/7369 982/7370 983/7371
f 968/7372 983/7373 984/7374
f 969/7375 984/7376 985/7377
f 985/7378 986/7379 970/7380
f 986/7381 987/7382 971/7383
f 987/7384 988/7385 972/7386
f 988/7387 989/7388 973/7389
f 989/7390 990/7391 974/7392
f 982/7393 1007/7394 997/7395
f 1002/7396 1003/7397 989/7398
f 1003/7399 1004/7400 990/7401
f 1004/7402 1005/7403 991/7404
f 1005/7405 1010/7406 992/7407
f 996/7408 1013/7409 1007/7410
f 997/7411 1007/7412 1015/7413
f 998/7414 1015/7415 1016/7416
f 999/7417 1016/7418 1017/7419
f 1017/7420 1018/7421 1000/7422
f 1009/7423 1002/7424 1001/7425
f 1002/7426 1020/7427 1003/7428
f 1007/7429 1014/7430 1015/7431
f 1018/7432 1026/7433 1008/7434
f 1012/7435 2162/7436 1023/7437
f 1013/7438 1023/7439 2168/7440
f 1014/7441 2168/7442 2172/7443
f 1015/7444 2172/7445 1024/7446
f 1017/7447 1024/7448 1025/7449
f 1027/7450 1028/7451 1019/7452
f 2089/7453 2092/7454 1021/7455
f 696/7456 2332/7457 1045/7458
f 700/7459 2326/7460 2327/7461
f 1047/7462 705/7463 2318/7464
f 2322/7465 2324/7466 701/7467
f 701/7468 702/7469 2322/7470
f 704/7471 705/7472 1047/7473
f 705/7474 711/7475 2318/7476
f 1183/7477 830/7478 844/7479
f 1022/7480 1021/7481 2092/7482
f 1610/7483 1061/7484 1062/7485
f 1054/7486 1064/7487 1056/7488
f 1055/7489 1065/7490 1063/7491
f 1157/7492 1059/7493 1060/7494
f 1056/7495 1066/7496 1070/7497
f 1056/7498 1070/7499 1061/7500
f 1057/7501 1073/7502 1067/7503
f 1060/7504 1069/7505 1064/7506
f 1061/7507 1070/7508 1071/7509
f 1064/7510 1074/7511 1066/7512
f 1059/7513 1068/7514 1069/7515
f 1073/7516 1082/7517 1075/7518
f 1075/7519 1083/7520 1480/7521
f 1077/7522 1085/7523 1086/7524
f 1078/7525 1086/7526 1087/7527
f 1078/7528 1087/7529 1082/7530
f 1081/7531 1089/7532 1092/7533
f 1081/7534 1092/7535 1085/7536
f 1082/7537 1087/7538 1093/7539
f 1083/7540 1093/7541 1090/7542
f 1087/7543 1099/7544 1093/7545
f 1084/7546 1091/7547 1096/7548
f 1089/7549 1098/7550 1092/7551
f 1092/7552 1107/7553 1094/7554
f 1093/7555 1100/7556 1101/7557
f 1098/7558 1106/7559 1107/7560
f 1108/7561 1104/7562 1100/7563
f 1104/7564 1111/7565 1101/7566
f 1107/7567 1112/7568 1102/7569
f 1110/7570 1116/7571 1106/7572
f 1113/7573 1114/7574 1108/7575
f 1114/7576 1120/7577 1104/7578
f 1117/7579 1118/7580 1112/7581
f 1118/7582 1125/7583 1112/7584
f 1114/7585 1123/7586 1120/7587
f 1119/7588 1123/7589 1114/7590
f 1115/7591 1134/7592 1116/7593
f 1118/7594 1130/7595 1125/7596
f 1119/7597 1126/7598 1123/7599
f 1105/7600 1122/7601 1124/7602
f 1123/7603 1129/7604 1127/7605
f 1124/7606 1137/7607 1134/7608
f 1126/7609 1136/7610 1129/7611
f 1129/7612 1131/7613 1127/7614
f 1131/7615 1132/7616 1128/7617
f 1136/7618 1141/7619 1129/7620
f 1130/7621 1149/7622 1139/7623
f 1141/7624 1145/7625 1131/7626
f 1145/7627 1140/7628 1131/7629
f 1133/7630 1147/7631 1149/7632
f 1135/7633 1148/7634 1147/7635
f 1137/7636 1150/7637 1146/7638
f 1142/7639 1143/7640 1136/7641
f 1424/7642 1553/7643 1140/7644
f 1143/7645 1144/7646 1141/7647
f 1149/7648 1152/7649 1142/7650
f 1150/7651 1422/7652 1146/7653
f 1148/7654 1159/7655 1147/7656
f 1422/7657 1159/7658 1148/7659
f 1159/7660 1152/7661 1149/7662
f 1424/7663 1203/7664 1553/7665
f 1152/7666 1153/7667 1143/7668
f 1058/7669 1067/7670 1556/7671
f 1554/7672 1101/7673 1111/7674
f 1524/7675 1121/7676 1128/7677
f 1165/7678 1195/7679 1161/7680
f 1162/7681 1195/7682 1166/7683
f 1168/7684 1170/7685 1167/7686
f 1195/7687 1175/7688 1173/7689
f 1179/7690 1181/7691 1180/7692
f 1181/7693 1183/7694 1180/7695
f 1187/7696 1188/7697 1186/7698
f 1164/7699 1189/7700 1187/7701
f 873/7702 1180/7703 1183/7704
f 873/7705 1051/7706 1180/7707
f 1050/7708 1183/7709 1185/7710
f 1044/7711 785/7712 1188/7713
f 1442/7714 1204/7715 1199/7716
f 1202/7717 1205/7718 1201/7719
f 1202/7720 1206/7721 1205/7722
f 1202/7723 1203/7724 1206/7725
f 1203/7726 1208/7727 1207/7728
f 1213/7729 1439/7730 1438/7731
f 1197/7732 1214/7733 1600/7734
f 1212/7735 1213/7736 1227/7737
f 1213/7738 1438/7739 1228/7740
f 1222/7741 1223/7742 1236/7743
f 1224/7744 1225/7745 1237/7746
f 1230/7747 1241/7748 1254/7749
f 1231/7750 1242/7751 1241/7752
f 1232/7753 1243/7754 1242/7755
f 1234/7756 1245/7757 1244/7758
f 1235/7759 1247/7760 1246/7761
f 1254/7762 1255/7763 1270/7764
f 1241/7765 1256/7766 1255/7767
f 1242/7768 1257/7769 1256/7770
f 1243/7771 1258/7772 1257/7773
f 1293/7774 1302/7775 1292/7776
f 1294/7777 1295/7778 1310/7779
f 1296/7780 1297/7781 1311/7782
f 1308/7783 1320/7784 1319/7785
f 1309/7786 1322/7787 1321/7788
f 1313/7789 1314/7790 1328/7791
f 1315/7792 1329/7793 1344/7794
f 1344/7795 1329/7796 1345/7797
f 1329/7798 1346/7799 1345/7800
f 1337/7801 1338/7802 1352/7803
f 1339/7804 1340/7805 1353/7806
f 1343/7807 1435/7808 1356/7809
f 1348/7810 1357/7811 1347/7812
f 1350/7813 1360/7814 1359/7815
f 1361/7816 1370/7817 1360/7818
f 1367/7819 1356/7820 1371/7821
f 1357/7822 1373/7823 1369/7824
f 1370/7825 1378/7826 1377/7827
f 1384/7828 1371/7829 1387/7830
f 1373/7831 1388/7832 1386/7833
f 1399/7834 1387/7835 1402/7836
f 1388/7837 1403/7838 1401/7839
f 1400/7840 1415/7841 1416/7842
f 1403/7843 1426/7844 1415/7845
f 1403/7846 1427/7847 1426/7848
f 1404/7849 1417/7850 1427/7851
f 1412/7852 1413/7853 1418/7854
f 1413/7855 1414/7856 1419/7857
f 1414/7858 1402/7859 1420/7860
f 1420/7861 1432/7862 1421/7863
f 1197/7864 1545/7865 1546/7866
f 1199/7867 1551/7868 1547/7869
f 1198/7870 1543/7871 1551/7872
f 1199/7873 1547/7874 1442/7875
f 1202/7876 1544/7877 1553/7878
f 1422/7879 1151/7880 1213/7881
f 1431/7882 1419/7883 1420/7884
f 1447/7885 1559/7886 1449/7887
f 1559/7888 1558/7889 1449/7890
f 1558/7891 1451/7892 1450/7893
f 1448/7894 1447/7895 1452/7896
f 1451/7897 2379/7898 1454/7899
f 1459/7900 1448/7901 1455/7902
f 1453/7903 1449/7904 1456/7905
f 1454/7906 1557/7907 1457/7908
f 1449/7909 1450/7910 1458/7911
f 1457/7912 2380/7913 1463/7914
f 1456/7915 1449/7916 1460/7917
f 1450/7918 1451/7919 1461/7920
f 1458/7921 1450/7922 1461/7923
f 1462/7924 1457/7925 1464/7926
f 1455/7927 1452/7928 1465/7929
f 1464/7930 1463/7931 1470/7932
f 1460/7933 1458/7934 1471/7935
f 1458/7936 1461/7937 1471/7938
f 1469/7939 1464/7940 1473/7941
f 1466/7942 1456/7943 1472/7944
f 1469/7945 1473/7946 1479/7947
f 1473/7948 1470/7949 1480/7950
f 1472/7951 1460/7952 1476/7953
f 1471/7954 1468/7955 1477/7956
f 1475/7957 1465/7958 1481/7959
f 1476/7960 1471/7961 1483/7962
f 1479/7963 1480/7964 1158/7965
f 1482/7966 1472/7967 1476/7968
f 1483/7969 1477/7970 1491/7971
f 1478/7972 1479/7973 1486/7974
f 1479/7975 1158/7976 1487/7977
f 1482/7978 1476/7979 1490/7980
f 1487/7981 1158/7982 1555/7983
f 1485/7984 1483/7985 1492/7986
f 1483/7987 1491/7988 1493/7989
f 1489/7990 1482/7991 1494/7992
f 1493/7993 1491/7994 1496/7995
f 1490/7996 1485/7997 1495/7998
f 1486/7999 1487/8000 1497/8001
f 1487/8002 1555/8003 1497/8004
f 1498/8005 1488/8006 1499/8007
f 1494/8008 1490/8009 1501/8010
f 1493/8011 1496/8012 1504/8013
f 1492/8014 1502/8015 1495/8016
f 1555/8017 1554/8018 1497/8019
f 1494/8020 1505/8021 1500/8022
f 1500/8023 1506/8024 1499/8025
f 1495/8026 1507/8027 1501/8028
f 1497/8029 1508/8030 1504/8031
f 1505/8032 1512/8033 1506/8034
f 1502/8035 1514/8036 1507/8037
f 1511/8038 1506/8039 1518/8040
f 1513/8041 1507/8042 1514/8043
f 1512/8044 1513/8045 1520/8046
f 1514/8047 1515/8048 1521/8049
f 1515/8050 1516/8051 1522/8052
f 1516/8053 1517/8054 1523/8055
f 1517/8056 1510/8057 1524/8058
f 1538/8059 1511/8060 1525/8061
f 1518/8062 1512/8063 1526/8064
f 1520/8065 1514/8066 1527/8067
f 1521/8068 1522/8069 1528/8070
f 1526/8071 1520/8072 1531/8073
f 1530/8074 1536/8075 1532/8076
f 1525/8077 1518/8078 1533/8079
f 1527/8080 1521/8081 1534/8082
f 1528/8083 1537/8084 1535/8085
f 1531/8086 1527/8087 1539/8088
f 1536/8089 1544/8090 1532/8091
f 1535/8092 1540/8093 1534/8094
f 1537/8095 1541/8096 1540/8097
f 1526/8098 1543/8099 1533/8100
f 1539/8101 1551/8102 1531/8103
f 1525/8104 1545/8105 1549/8106
f 1534/8107 1547/8108 1551/8109
f 1540/8110 1548/8111 1547/8112
f 1541/8113 1550/8114 1548/8115
f 1531/8116 1551/8117 1543/8118
f 1561/8119 687/8120 1563/8121
f 1510/8122 1554/8123 1121/8124
f 1121/8125 1524/8126 1510/8127
f 1544/8128 1536/8129 1553/8130
f 1561/8131 1563/8132 1562/8133
f 1563/8134 688/8135 1564/8136
f 1565/8137 1569/8138 1566/8139
f 689/8140 1567/8141 1569/8142
f 1569/8143 1570/8144 1568/8145
f 1567/8146 1571/8147 1569/8148
f 1567/8149 1572/8150 1571/8151
f 1573/8152 668/8153 1572/8154
f 668/8155 670/8156 1572/8157
f 1459/8158 1572/8159 670/8160
f 1575/8161 1576/8162 1577/8163
f 1577/8164 1579/8165 1578/8166
f 1579/8167 1582/8168 1580/8169
f 1582/8170 1583/8171 1580/8172
f 1581/8173 1586/8174 1582/8175
f 1581/8176 1584/8177 1586/8178
f 1584/8179 1588/8180 1586/8181
f 1591/8182 1593/8183 1590/8184
f 1591/8185 1592/8186 1594/8187
f 1591/8188 1594/8189 1593/8190
f 1592/8191 1596/8192 1594/8193
f 1598/8194 1599/8195 1596/8196
f 1584/8197 690/8198 691/8199
f 1605/8200 1607/8201 1578/8202
f 1603/8203 1604/8204 1580/8205
f 1583/8206 1603/8207 1580/8208
f 1441/8209 1602/8210 1585/8211
f 1444/8212 1443/8213 1589/8214
f 1592/8215 692/8216 693/8217
f 693/8218 1597/8219 1592/8220
f 1601/8221 1270/8222 1595/8223
f 1601/8224 1595/8225 1596/8226
f 1229/8227 1596/8228 1599/8229
f 669/8230 672/8231 671/8232
f 1616/8233 1619/8234 1617/8235
f 1621/8236 1622/8237 1628/8238
f 1624/8239 1625/8240 1623/8241
f 1624/8242 1626/8243 1625/8244
f 1154/8245 1622/8246 1623/8247
f 1154/8248 1628/8249 1622/8250
f 1155/8251 1623/8252 1625/8253
f 1636/8254 1632/8255 1633/8256
f 1636/8257 1633/8258 1635/8259
f 1433/8260 1434/8261 1635/8262
f 1635/8263 1637/8264 1639/8265
f 1637/8266 1638/8267 1640/8268
f 1637/8269 1641/8270 1643/8271
f 1645/8272 1641/8273 1644/8274
f 1648/8275 1649/8276 1647/8277
f 1647/8278 1650/8279 1651/8280
f 1432/8281 1634/8282 1632/8283
f 1650/8284 1653/8285 1652/8286
f 1161/8287 1162/8288 1639/8289
f 1435/8290 1642/8291 1640/8292
f 1651/8293 1654/8294 1655/8295
f 1655/8296 1654/8297 1627/8298
f 1653/8299 1650/8300 1437/8301
f 1654/8302 1652/8303 1627/8304
f 1661/8305 1730/8306 1659/8307
f 1672/8308 1674/8309 2278/8310
f 1675/8311 1673/8312 1667/8313
f 2356/8314 1669/8315 1668/8316
f 1675/8317 1681/8318 1673/8319
f 1681/8320 1682/8321 1673/8322
f 1680/8323 1686/8324 1674/8325
f 1688/8326 1696/8327 1676/8328
f 1678/8329 1679/8330 1671/8331
f 1679/8332 1677/8333 1671/8334
f 2352/8335 1679/8336 1678/8337
f 1687/8338 1691/8339 1680/8340
f 1691/8341 1698/8342 1686/8343
f 2353/8344 1689/8345 1679/8346
f 1689/8347 1690/8348 1687/8349
f 1695/8350 1794/8351 1688/8352
f 2355/8353 1697/8354 1689/8355
f 1697/8356 1700/8357 1689/8358
f 69/8359 163/8360 67/8361
f 1699/8362 1750/8363 1695/8364
f 1794/8365 1786/8366 1696/8367
f 1701/8368 1749/8369 1698/8370
f 1749/8371 1702/8372 1698/8373
f 1793/8374 1747/8375 1699/8376
f 1669/8377 2350/8378 2351/8379
f 2350/8380 1669/8381 2356/8382
f 1674/8383 1675/8384 2277/8385
f 1711/8386 1706/8387 1714/8388
f 1706/8389 1705/8390 1713/8391
f 1705/8392 1804/8393 1713/8394
f 1715/8395 1716/8396 680/8397
f 1716/8398 1718/8399 680/8400
f 680/8401 1718/8402 1717/8403
f 1721/8404 1716/8405 1722/8406
f 2223/8407 1718/8408 2224/8409
f 2224/8410 1718/8411 1716/8412
f 2223/8413 1719/8414 1718/8415
f 1661/8416 1726/8417 1727/8418
f 1726/8419 1725/8420 1728/8421
f 1727/8422 1730/8423 1661/8424
f 1731/8425 1736/8426 1732/8427
f 1731/8428 1741/8429 1736/8430
f 1741/8431 1740/8432 1736/8433
f 674/8434 1745/8435 1742/8436
f 1743/8437 1744/8438 1742/8439
f 1700/8440 1754/8441 1748/8442
f 1747/8443 1757/8444 1750/8445
f 1748/8446 1758/8447 1752/8448
f 1749/8449 1761/8450 1751/8451
f 1794/8452 1763/8453 1764/8454
f 2309/8455 2310/8456 1754/8457
f 1751/8458 1765/8459 1755/8460
f 1752/8461 1759/8462 1760/8463
f 1754/8464 1766/8465 1758/8466
f 1755/8467 1767/8468 1776/8469
f 1757/8470 1778/8471 1762/8472
f 1758/8473 1766/8474 1769/8475
f 1759/8476 1769/8477 1770/8478
f 1761/8479 1771/8480 1765/8481
f 1765/8482 1771/8483 1772/8484
f 1765/8485 1772/8486 1767/8487
f 1766/8488 1768/8489 1769/8490
f 1767/8491 1783/8492 1776/8493
f 1768/8494 1773/8495 1774/8496
f 1769/8497 1774/8498 1775/8499
f 1780/8500 1800/8501 1785/8502
f 1751/8503 1702/8504 1749/8505
f 1797/8506 1782/8507 2302/8508
f 1797/8509 1783/8510 1782/8511
f 1803/8512 1790/8513 1801/8514
f 1809/8515 1807/8516 1805/8517
f 1814/8518 1985/8519 1811/8520
f 1810/8521 1837/8522 1813/8523
f 1813/8524 2053/8525 1817/8526
f 1815/8527 1813/8528 1818/8529
f 1816/8530 1811/8531 1819/8532
f 1820/8533 1815/8534 1825/8535
f 1815/8536 1818/8537 1825/8538
f 1818/8539 1817/8540 1822/8541
f 1820/8542 1825/8543 1826/8544
f 2341/8545 1844/8546 2237/8547
f 1844/8548 1820/8549 2237/8550
f 2006/8551 1835/8552 1828/8553
f 1825/8554 1822/8555 2240/8556
f 1822/8557 2006/8558 1827/8559
f 1837/8560 2016/8561 2053/8562
f 1834/8563 2090/8564 1823/8565
f 1843/8566 1847/8567 1614/8568
f 1844/8569 1851/8570 1845/8571
f 1851/8572 1844/8573 1852/8574
f 1851/8575 1852/8576 1853/8577
f 2193/8578 1854/8579 2363/8580
f 1842/8581 1850/8582 1855/8583
f 1843/8584 1857/8585 1849/8586
f 1849/8587 1858/8588 1856/8589
f 1859/8590 1861/8591 1858/8592
f 1861/8593 1865/8594 1862/8595
f 1864/8596 1862/8597 1866/8598
f 1865/8599 1867/8600 1866/8601
f 1867/8602 1872/8603 1866/8604
f 1867/8605 1873/8606 1872/8607
f 1871/8608 1866/8609 1875/8610
f 1874/8611 1876/8612 1873/8613
f 1870/8614 1871/8615 1877/8616
f 1875/8617 1872/8618 1878/8619
f 1877/8620 1875/8621 1891/8622
f 1876/8623 1879/8624 1878/8625
f 1917/8626 1918/8627 1609/8628
f 1916/8629 1884/8630 1886/8631
f 1883/8632 1917/8633 1885/8634
f 1883/8635 1887/8636 1884/8637
f 1883/8638 1885/8639 1887/8640
f 1890/8641 1891/8642 1892/8643
f 1890/8644 1893/8645 1889/8646
f 1892/8647 1915/8648 1895/8649
f 1890/8650 1894/8651 1893/8652
f 1894/8653 1892/8654 1897/8655
f 1892/8656 1895/8657 1897/8658
f 1897/8659 1895/8660 1898/8661
f 1893/8662 1899/8663 1896/8664
f 1894/8665 1897/8666 1900/8667
f 1894/8668 1901/8669 1899/8670
f 1900/8671 1898/8672 2378/8673
f 1901/8674 1900/8675 1903/8676
f 1901/8677 1905/8678 1899/8679
f 1903/8680 2378/8681 1920/8682
f 1899/8683 1905/8684 1902/8685
f 1905/8686 1903/8687 1906/8688
f 1902/8689 1908/8690 1977/8691
f 1907/8692 1906/8693 1909/8694
f 1886/8695 1914/8696 1910/8697
f 1921/8698 1895/8699 2377/8700
f 1911/8701 1912/8702 1883/8703
f 1884/8704 1887/8705 2371/8706
f 1927/8707 1931/8708 1929/8709
f 1931/8710 1935/8711 1933/8712
f 1933/8713 1936/8714 1937/8715
f 1940/8716 1936/8717 1938/8718
f 1943/8719 1946/8720 1945/8721
f 1948/8722 1951/8723 1950/8724
f 1952/8725 1987/8726 1951/8727
f 685/8728 1925/8729 1029/8730
f 1924/8731 1925/8732 685/8733
f 1934/8734 810/8735 1932/8736
f 1940/8737 1049/8738 1040/8739
f 1040/8740 1039/8741 1940/8742
f 1041/8743 1048/8744 1944/8745
f 1042/8746 1041/8747 1947/8748
f 1949/8749 1950/8750 1042/8751
f 1952/8752 1946/8753 1954/8754
f 1957/8755 1964/8756 1966/8757
f 1956/8758 1963/8759 1978/8760
f 2225/8761 1962/8762 1961/8763
f 1958/8764 1965/8765 1967/8766
f 1960/8767 1971/8768 1968/8769
f 1964/8770 1967/8771 1969/8772
f 1969/8773 1974/8774 1972/8775
f 1962/8776 1970/8777 1961/8778
f 1965/8779 2137/8780 1967/8781
f 1967/8782 1973/8783 1974/8784
f 1972/8785 1974/8786 1983/8787
f 1970/8788 1985/8789 1976/8790
f 1974/8791 1839/8792 1975/8793
f 1977/8794 1914/8795 1966/8796
f 1904/8797 1977/8798 1969/8799
f 1983/8800 1904/8801 1972/8802
f 1997/8803 1989/8804 1988/8805
f 1988/8806 1991/8807 1992/8808
f 2013/8809 2012/8810 2001/8811
f 2054/8812 2013/8813 2004/8814
f 2003/8815 2000/8816 2005/8817
f 2009/8818 2002/8819 2075/8820
f 2003/8821 2005/8822 2010/8823
f 2014/8824 2056/8825 2015/8826
f 2015/8827 2152/8828 2017/8829
f 2014/8830 2015/8831 2021/8832
f 2019/8833 2020/8834 2052/8835
f 2022/8836 2017/8837 2023/8838
f 2029/8839 2021/8840 2026/8841
f 2021/8842 2022/8843 2027/8844
f 2025/8845 2052/8846 2028/8847
f 2027/8848 2023/8849 2030/8850
f 2029/8851 2033/8852 2039/8853
f 2029/8854 2026/8855 2033/8856
f 2026/8857 2027/8858 2034/8859
f 2032/8860 2028/8861 2035/8862
f 2030/8863 2031/8864 2037/8865
f 2031/8866 2032/8867 2038/8868
f 2033/8869 2034/8870 2040/8871
f 2038/8872 2035/8873 2042/8874
f 2041/8875 2037/8876 2043/8877
f 2033/8878 2040/8879 2044/8880
f 2043/8881 2038/8882 2046/8883
f 2045/8884 2043/8885 2050/8886
f 2044/8887 2045/8888 2049/8889
f 2046/8890 2047/8891 2051/8892
f 2014/8893 2143/8894 2056/8895
f 1430/8896 2020/8897 2055/8898
f 1430/8899 2052/8900 2020/8901
f 1418/8902 2035/8903 2028/8904
f 2048/8905 2049/8906 2054/8907
f 2050/8908 2051/8909 1999/8910
f 2049/8911 2050/8912 2012/8913
f 2012/8914 2013/8915 2049/8916
f 2000/8917 1999/8918 2051/8919
f 2065/8920 2066/8921 2059/8922
f 2066/8923 2067/8924 2062/8925
f 2067/8926 2068/8927 2063/8928
f 2064/8929 2072/8930 2065/8931
f 2072/8932 2071/8933 2066/8934
f 2071/8935 2070/8936 2067/8937
f 2009/8938 2075/8939 2071/8940
f 2079/8941 1833/8942 2081/8943
f 2082/8944 2083/8945 2078/8946
f 1833/8947 2080/8948 2081/8949
f 2085/8950 2084/8951 2081/8952
f 2084/8953 1034/8954 2082/8955
f 2085/8956 2086/8957 2084/8958
f 2085/8959 2090/8960 2086/8961
f 2088/8962 2087/8963 1028/8964
f 2088/8965 2089/8966 2087/8967
f 2091/8968 2092/8969 2088/8970
f 2093/8971 2094/8972 2091/8973
f 2095/8974 2096/8975 2092/8976
f 2098/8977 2079/8978 2077/8979
f 2077/8980 2097/8981 2098/8982
f 2077/8983 2078/8984 2097/8985
f 2107/8986 2100/8987 2101/8988
f 2108/8989 2104/8990 2105/8991
f 2104/8992 2183/8993 2106/8994
f 2154/8995 2110/8996 2109/8997
f 2109/8998 2115/8999 2114/9000
f 2121/9001 2126/9002 2120/9003
f 2129/9004 2130/9005 2128/9006
f 2137/9007 2120/9008 2131/9009
f 2127/9010 2133/9011 2132/9012
f 2130/9013 2135/9014 2134/9015
f 2130/9016 2136/9017 2135/9018
f 2137/9019 2131/9020 2138/9021
f 2133/9022 2140/9023 2139/9024
f 2135/9025 2142/9026 2141/9027
f 2057/9028 2138/9029 2143/9030
f 2140/9031 2145/9032 2144/9033
f 2136/9034 2147/9035 2142/9036
f 2142/9037 2149/9038 2146/9039
f 2109/9040 2102/9041 2154/9042
f 2109/9043 2101/9044 2102/9045
f 2111/9046 2154/9047 2099/9048
f 2112/9049 2108/9050 1606/9051
f 2118/9052 2113/9053 1445/9054
f 1426/9055 2124/9056 2118/9057
f 2130/9058 2129/9059 1427/9060
f 1417/9061 2136/9062 2130/9063
f 1984/9064 2164/9065 2161/9066
f 2160/9067 2165/9068 2162/9069
f 2161/9070 2164/9071 2165/9072
f 2163/9073 2166/9074 2164/9075
f 2164/9076 2166/9077 2167/9078
f 2165/9079 2167/9080 2168/9081
f 2163/9082 2169/9083 2166/9084
f 2169/9085 2170/9086 2166/9087
f 2167/9088 2170/9089 2171/9090
f 2171/9091 2174/9092 2172/9093
f 1980/9094 2176/9095 2173/9096
f 2174/9097 2177/9098 2175/9099
f 2155/9100 2156/9101 1994/9102
f 2097/9103 2177/9104 2176/9105
f 2098/9106 2097/9107 2176/9108
f 2185/9109 2184/9110 1996/9111
f 2180/9112 2184/9113 2185/9114
f 2106/9115 1986/9116 1987/9117
f 2106/9118 1998/9119 1986/9120
f 2364/9121 2325/9122 2317/9123
f 2364/9124 2330/9125 2325/9126
f 2317/9127 2325/9128 2320/9129
f 2202/9130 2203/9131 2198/9132
f 2200/9133 2203/9134 2208/9135
f 2202/9136 2205/9137 2203/9138
f 2204/9139 2207/9140 2201/9141
f 1982/9142 2206/9143 2204/9144
f 2210/9145 2211/9146 2207/9147
f 2214/9148 2215/9149 2211/9150
f 1979/9151 2217/9152 2216/9153
f 2198/9154 2223/9155 2224/9156
f 2237/9157 1826/9158 2241/9159
f 2238/9160 2241/9161 2243/9162
f 2239/9163 2243/9164 2244/9165
f 1826/9166 2240/9167 2241/9168
f 2241/9169 2242/9170 2243/9171
f 2246/9172 2248/9173 2249/9174
f 1828/9175 1831/9176 2247/9177
f 2249/9178 2253/9179 2235/9180
f 2251/9181 2252/9182 2253/9183
f 2253/9184 2254/9185 2255/9186
f 2252/9187 2265/9188 2254/9189
f 2255/9190 2259/9191 2257/9192
f 2259/9193 2262/9194 2263/9195
f 2346/9196 2239/9197 2244/9198
f 2257/9199 2263/9200 1737/9201
f 2268/9202 2272/9203 2270/9204
f 2285/9205 2282/9206 2284/9207
f 2286/9208 2288/9209 2234/9210
f 1800/9211 1799/9212 2288/9213
f 2288/9214 2290/9215 2289/9216
f 1798/9217 2303/9218 2290/9219
f 1797/9220 2302/9221 2293/9222
f 1781/9223 2296/9224 2295/9225
f 1787/9226 2301/9227 2299/9228
f 686/9229 682/9230 2304/9231
f 2310/9232 2311/9233 1753/9234
f 1791/9235 1753/9236 2312/9237
f 1753/9238 2311/9239 2312/9240
f 1791/9241 2312/9242 2313/9243
f 2314/9244 2313/9245 2361/9246
f 2313/9247 2312/9248 2361/9249
f 2361/9250 2301/9251 2314/9252
f 1046/9253 2320/9254 2321/9255
f 2335/9256 2325/9257 2326/9258
f 2329/9259 2328/9260 2330/9261
f 1030/9262 2331/9263 1031/9264
f 1045/9265 2333/9266 2334/9267
f 2331/9268 2330/9269 2333/9270
f 2338/9271 2190/9272 2191/9273
f 2194/9274 2338/9275 2191/9276
f 2358/9277 2232/9278 2357/9279
f 2232/9280 2231/9281 2339/9282
f 2346/9283 2342/9284 2345/9285
f 2343/9286 2264/9287 2236/9288
f 2345/9289 2347/9290 2346/9291
f 2343/9292 2345/9293 2344/9294
f 2348/9295 2350/9296 2356/9297
f 2348/9298 2349/9299 2350/9300
f 2350/9301 2349/9302 2351/9303
f 2349/9304 2187/9305 2352/9306
f 2353/9307 2354/9308 2355/9309
f 2356/9310 2285/9311 2348/9312
f 2349/9313 2348/9314 2359/9315
f 2284/9316 2348/9317 2285/9318
f 2188/9319 2362/9320 2361/9321
f 2188/9322 2342/9323 2362/9324
f 2365/9325 1852/9326 2186/9327
f 1852/9328 2367/9329 2368/9330
f 2371/9331 2369/9332 2372/9333
f 2374/9334 2372/9335 2373/9336
f 2372/9337 2369/9338 2370/9339
f 2376/9340 2370/9341 2369/9342
f 1558/9343 2378/9344 1451/9345
f 1558/9346 1920/9347 2378/9348
f 1919/9349 1559/9350 1447/9351
f 2385/9352 2583/9353 2410/9354
f 2385/9355 2410/9356 2413/9357
f 2408/9358 2413/9359 2420/9360
f 2421/9361 2386/9362 2408/9363
f 2420/9364 2421/9365 2408/9366
f 2421/9367 2428/9368 2386/9369
f 2433/9370 2387/9371 2386/9372
f 2428/9373 2433/9374 2386/9375
f 2438/9376 2407/9377 2387/9378
f 2433/9379 2438/9380 2387/9381
f 2407/9382 2440/9383 2443/9384
f 2438/9385 2440/9386 2407/9387
f 2406/9388 2443/9389 2450/9390
f 2388/9391 2450/9392 2399/9393
f 2388/9394 2399/9395 2457/9396
f 2388/9397 2457/9398 2462/9399
f 2462/9400 2467/9401 2405/9402
f 2467/9403 2389/9404 2405/9405
f 2472/9406 2474/9407 2389/9408
f 2467/9409 2472/9410 2389/9411
f 2385/9412 2413/9413 2408/9414
f 2388/9415 2406/9416 2450/9417
f 2407/9418 2443/9419 2406/9420
f 2405/9421 2388/9422 2462/9423
f 2474/9424 2404/9425 2389/9426
f 2474/9427 2482/9428 2404/9429
f 2390/9430 2482/9431 2485/9432
f 2482/9433 2390/9434 2404/9435
f 2390/9436 2485/9437 2490/9438
f 2390/9439 2490/9440 2494/9441
f 2391/9442 2390/9443 2494/9444
f 2508/9445 2403/9446 2392/9447
f 2587/9448 2508/9449 2392/9450
f 2391/9451 2498/9452 2587/9453
f 2508/9454 2511/9455 2403/9456
f 2515/9457 2521/9458 2393/9459
f 2515/9460 2393/9461 2403/9462
f 2511/9463 2515/9464 2403/9465
f 2521/9466 2525/9467 2393/9468
f 2402/9469 2525/9470 2533/9471
f 2402/9472 2533/9473 2534/9474
f 2394/9475 2534/9476 2541/9477
f 2394/9478 2541/9479 2545/9480
f 2395/9481 2545/9482 2553/9483
f 2553/9484 2555/9485 2401/9486
f 2559/9487 2396/9488 2401/9489
f 2555/9490 2559/9491 2401/9492
f 2559/9493 2562/9494 2396/9495
f 2392/9496 2391/9497 2587/9498
f 2393/9499 2525/9500 2402/9501
f 2394/9502 2402/9503 2534/9504
f 2395/9505 2394/9506 2545/9507
f 2395/9508 2553/9509 2401/9510
f 2562/9511 2397/9512 2396/9513
f 2562/9514 2566/9515 2397/9516
f 2566/9517 2572/9518 2397/9519
f 2572/9520 2398/9521 2397/9522
f 2398/9523 2572/9524 2576/9525
f 2398/9526 2576/9527 2583/9528
f 2385/9529 2398/9530 2583/9531
f 2494/9532 2498/9533 2391/9534
f 2581/9535 2569/9536 2532/9537
f 2532/9538 2510/9539 2489/9540
f 2478/9541 2532/9542 2489/9543
f 2400/9544 2532/9545 2478/9546
f 2426/9547 2581/9548 2532/9549
f 2426/9550 2532/9551 2400/9552
f 2461/9553 2400/9554 2478/9555
f 2532/9556 2569/9557 2561/9558
f 2532/9559 2561/9560 2544/9561
f 2394/9562 2397/9563 2393/9564
f 2402/9565 2394/9566 2393/9567
f 2404/9568 2392/9569 2403/9570
f 2403/9571 2393/9572 2405/9573
f 2393/9574 2397/9575 2405/9576
f 2391/9577 2392/9578 2404/9579
f 2395/9580 2401/9581 2394/9582
f 2397/9583 2401/9584 2396/9585
f 2408/9586 2398/9587 2385/9588
f 2394/9589 2401/9590 2397/9591
f 2408/9592 2397/9593 2398/9594
f 2390/9595 2391/9596 2404/9597
f 2403/9598 2405/9599 2404/9600
f 2405/9601 2389/9602 2404/9603
f 2387/9604 2405/9605 2397/9606
f 2406/9607 2388/9608 2405/9609
f 2408/9610 2386/9611 2387/9612
f 2387/9613 2397/9614 2408/9615
f 2405/9616 2387/9617 2406/9618
f 2407/9619 2406/9620 2387/9621
f 2409/9622 2584/9623 2586/9624
f 2410/9625 2583/9626 2582/9627
f 2585/9628 2410/9629 2582/9630
f 2411/9631 2410/9632 2585/9633
f 2412/9634 2411/9635 2585/9636
f 2412/9637 2585/9638 2584/9639
f 2409/9640 2412/9641 2584/9642
f 2411/9643 2413/9644 2410/9645
f 2581/9646 2415/9647 2586/9648
f 2416/9649 2413/9650 2411/9651
f 2414/9652 2412/9653 2409/9654
f 2415/9655 2409/9656 2586/9657
f 2412/9658 2416/9659 2411/9660
f 2415/9661 2417/9662 2409/9663
f 2418/9664 2416/9665 2412/9666
f 2419/9667 2418/9668 2412/9669
f 2414/9670 2419/9671 2412/9672
f 2417/9673 2414/9674 2409/9675
f 2416/9676 2420/9677 2413/9678
f 2418/9679 2420/9680 2416/9681
f 2417/9682 2419/9683 2414/9684
f 2422/9685 2418/9686 2419/9687
f 2423/9688 2421/9689 2420/9690
f 2424/9691 2423/9692 2420/9693
f 2424/9694 2420/9695 2418/9696
f 2422/9697 2424/9698 2418/9699
f 2425/9700 2417/9701 2415/9702
f 2581/9703 2425/9704 2415/9705
f 2417/9706 2427/9707 2419/9708
f 2426/9709 2425/9710 2581/9711
f 2427/9712 2422/9713 2419/9714
f 2423/9715 2428/9716 2421/9717
f 2429/9718 2424/9719 2422/9720
f 2427/9721 2429/9722 2422/9723
f 2425/9724 2427/9725 2417/9726
f 2431/9727 2430/9728 2423/9729
f 2431/9730 2423/9731 2424/9732
f 2429/9733 2431/9734 2424/9735
f 2430/9736 2428/9737 2423/9738
f 2425/9739 2432/9740 2427/9741
f 2430/9742 2433/9743 2428/9744
f 2432/9745 2429/9746 2427/9747
f 2434/9748 2432/9749 2425/9750
f 2435/9751 2433/9752 2430/9753
f 2435/9754 2430/9755 2431/9756
f 2436/9757 2435/9758 2431/9759
f 2436/9760 2431/9761 2429/9762
f 2437/9763 2436/9764 2429/9765
f 2437/9766 2429/9767 2432/9768
f 2400/9769 2434/9770 2425/9771
f 2400/9772 2425/9773 2426/9774
f 2438/9775 2433/9776 2435/9777
f 2400/9778 2439/9779 2432/9780
f 2400/9781 2432/9782 2434/9783
f 2440/9784 2438/9785 2435/9786
f 2441/9787 2440/9788 2435/9789
f 2442/9790 2441/9791 2435/9792
f 2442/9793 2435/9794 2436/9795
f 2442/9796 2436/9797 2437/9798
f 2439/9799 2442/9800 2437/9801
f 2439/9802 2437/9803 2432/9804
f 2444/9805 2439/9806 2400/9807
f 2441/9808 2443/9809 2440/9810
f 2445/9811 2442/9812 2439/9813
f 2445/9814 2446/9815 2442/9816
f 2444/9817 2445/9818 2439/9819
f 2442/9820 2447/9821 2441/9822
f 2448/9823 2443/9824 2441/9825
f 2446/9826 2447/9827 2442/9828
f 2447/9829 2448/9830 2441/9831
f 2461/9832 2444/9833 2400/9834
f 2449/9835 2446/9836 2445/9837
f 2450/9838 2443/9839 2448/9840
f 2444/9841 2449/9842 2445/9843
f 2451/9844 2449/9845 2444/9846
f 2452/9847 2450/9848 2448/9849
f 2447/9850 2452/9851 2448/9852
f 2454/9853 2444/9854 2461/9855
f 2455/9856 2452/9857 2447/9858
f 2453/9859 2455/9860 2447/9861
f 2453/9862 2447/9863 2446/9864
f 2449/9865 2453/9866 2446/9867
f 2454/9868 2451/9869 2444/9870
f 2399/9871 2450/9872 2452/9873
f 2456/9874 2452/9875 2455/9876
f 2456/9877 2399/9878 2452/9879
f 2458/9880 2455/9881 2453/9882
f 2456/9883 2457/9884 2399/9885
f 2449/9886 2458/9887 2453/9888
f 2458/9889 2460/9890 2455/9891
f 2459/9892 2458/9893 2449/9894
f 2451/9895 2459/9896 2449/9897
f 2460/9898 2457/9899 2456/9900
f 2460/9901 2456/9902 2455/9903
f 2460/9904 2462/9905 2457/9906
f 2463/9907 2459/9908 2451/9909
f 2454/9910 2463/9911 2451/9912
f 2464/9913 2462/9914 2460/9915
f 2465/9916 2464/9917 2460/9918
f 2466/9919 2465/9920 2460/9921
f 2466/9922 2460/9923 2458/9924
f 2459/9925 2466/9926 2458/9927
f 2464/9928 2467/9929 2462/9930
f 2468/9931 2466/9932 2459/9933
f 2463/9934 2468/9935 2459/9936
f 2469/9937 2463/9938 2454/9939
f 2478/9940 2469/9941 2454/9942
f 2470/9943 2465/9944 2466/9945
f 2471/9946 2467/9947 2464/9948
f 2471/9949 2464/9950 2465/9951
f 2470/9952 2471/9953 2465/9954
f 2468/9955 2470/9956 2466/9957
f 2469/9958 2468/9959 2463/9960
f 2472/9961 2467/9962 2471/9963
f 2473/9964 2472/9965 2471/9966
f 2470/9967 2473/9968 2471/9969
f 2473/9970 2474/9971 2472/9972
f 2475/9973 2470/9974 2468/9975
f 2469/9976 2475/9977 2468/9978
f 2478/9979 2476/9980 2469/9981
f 2477/9982 2473/9983 2470/9984
f 2477/9985 2470/9986 2475/9987
f 2476/9988 2475/9989 2469/9990
f 2479/9991 2474/9992 2473/9993
f 2480/9994 2479/9995 2473/9996
f 2480/9997 2473/9998 2477/9999
f 2475/10000 2481/10001 2477/10002
f 2479/10003 2482/10004 2474/10005
f 2481/10006 2480/10007 2477/10008
f 2478/10009 2483/10010 2476/10011
f 2484/10012 2481/10013 2475/10014
f 2476/10015 2484/10016 2475/10017
f 2485/10018 2482/10019 2479/10020
f 2486/10021 2479/10022 2480/10023
f 2481/10024 2486/10025 2480/10026
f 2487/10027 2484/10028 2476/10029
f 2483/10030 2487/10031 2476/10032
f 2488/10033 2485/10034 2479/10035
f 2486/10036 2488/10037 2479/10038
f 2484/10039 2486/10040 2481/10041
f 2489/10042 2483/10043 2478/10044
f 2488/10045 2490/10046 2485/10047
f 2484/10048 2491/10049 2486/10050
f 2492/10051 2484/10052 2487/10053
f 2491/10054 2488/10055 2486/10056
f 2492/10057 2491/10058 2484/10059
f 2493/10060 2487/10061 2483/10062
f 2489/10063 2493/10064 2483/10065
f 2493/10066 2492/10067 2487/10068
f 2488/10069 2494/10070 2490/10071
f 2495/10072 2494/10073 2488/10074
f 2491/10075 2495/10076 2488/10077
f 2492/10078 2496/10079 2491/10080
f 2493/10081 2497/10082 2492/10083
f 2496/10084 2495/10085 2491/10086
f 2497/10087 2496/10088 2492/10089
f 2499/10090 2494/10091 2495/10092
f 2496/10093 2499/10094 2495/10095
f 2499/10096 2498/10097 2494/10098
f 2500/10099 2496/10100 2497/10101
f 2501/10102 2498/10103 2499/10104
f 2500/10105 2502/10106 2496/10107
f 2503/10108 2500/10109 2497/10110
f 2504/10111 2503/10112 2497/10113
f 2504/10114 2497/10115 2493/10116
f 2510/10117 2504/10118 2493/10119
f 2510/10120 2493/10121 2489/10122
f 2502/10123 2501/10124 2499/10125
f 2502/10126 2499/10127 2496/10128
f 2501/10129 2587/10130 2498/10131
f 2503/10132 2502/10133 2500/10134
f 2502/10135 2505/10136 2501/10137
f 2505/10138 2587/10139 2501/10140
f 2503/10141 2507/10142 2502/10143
f 2506/10144 2503/10145 2504/10146
f 2507/10147 2505/10148 2502/10149
f 2510/10150 2506/10151 2504/10152
f 2508/10153 2587/10154 2505/10155
f 2506/10156 2507/10157 2503/10158
f 2509/10159 2508/10160 2505/10161
f 2507/10162 2509/10163 2505/10164
f 2511/10165 2508/10166 2509/10167
f 2512/10168 2511/10169 2509/10170
f 2512/10171 2509/10172 2507/10173
f 2513/10174 2512/10175 2507/10176
f 2513/10177 2507/10178 2506/10179
f 2514/10180 2506/10181 2510/10182
f 2514/10183 2513/10184 2506/10185
f 2516/10186 2515/10187 2511/10188
f 2516/10189 2511/10190 2512/10191
f 2517/10192 2512/10193 2513/10194
f 2514/10195 2517/10196 2513/10197
f 2518/10198 2514/10199 2510/10200
f 2517/10201 2516/10202 2512/10203
f 2514/10204 2519/10205 2517/10206
f 2520/10207 2518/10208 2510/10209
f 2519/10210 2516/10211 2517/10212
f 2522/10213 2514/10214 2518/10215
f 2523/10216 2515/10217 2516/10218
f 2519/10219 2524/10220 2516/10221
f 2522/10222 2519/10223 2514/10224
f 2520/10225 2522/10226 2518/10227
f 2523/10228 2521/10229 2515/10230
f 2524/10231 2523/10232 2516/10233
f 2525/10234 2521/10235 2523/10236
f 2526/10237 2524/10238 2519/10239
f 2527/10240 2525/10241 2523/10242
f 2526/10243 2523/10244 2524/10245
f 2522/10246 2526/10247 2519/10248
f 2528/10249 2522/10250 2520/10251
f 2526/10252 2527/10253 2523/10254
f 2522/10255 2530/10256 2526/10257
f 2529/10258 2527/10259 2526/10260
f 2528/10261 2531/10262 2522/10263
f 2532/10264 2528/10265 2520/10266
f 2533/10267 2525/10268 2527/10269
f 2530/10270 2529/10271 2526/10272
f 2531/10273 2530/10274 2522/10275
f 2529/10276 2533/10277 2527/10278
f 2530/10279 2535/10280 2529/10281
f 2529/10282 2536/10283 2533/10284
f 2536/10285 2534/10286 2533/10287
f 2535/10288 2536/10289 2529/10290
f 2537/10291 2535/10292 2530/10293
f 2532/10294 2538/10295 2528/10296
f 2531/10297 2537/10298 2530/10299
f 2528/10300 2539/10301 2531/10302
f 2539/10303 2537/10304 2531/10305
f 2540/10306 2534/10307 2536/10308
f 2535/10309 2540/10310 2536/10311
f 2538/10312 2539/10313 2528/10314
f 2537/10315 2540/10316 2535/10317
f 2540/10318 2541/10319 2534/10320
f 2539/10321 2542/10322 2537/10323
f 2543/10324 2540/10325 2537/10326
f 2543/10327 2541/10328 2540/10329
f 2542/10330 2543/10331 2537/10332
f 2544/10333 2538/10334 2532/10335
f 2547/10336 2545/10337 2541/10338
f 2547/10339 2541/10340 2543/10341
f 2546/10342 2547/10343 2543/10344
f 2546/10345 2543/10346 2542/10347
f 2538/10348 2548/10349 2539/10350
f 2539/10351 2549/10352 2542/10353
f 2549/10354 2546/10355 2542/10356
f 2548/10357 2549/10358 2539/10359
f 2550/10360 2545/10361 2547/10362
f 2549/10363 2551/10364 2546/10365
f 2551/10366 2547/10367 2546/10368
f 2552/10369 2549/10370 2548/10371
f 2550/10372 2553/10373 2545/10374
f 2551/10375 2550/10376 2547/10377
f 2544/10378 2548/10379 2538/10380
f 2554/10381 2550/10382 2551/10383
f 2552/10384 2551/10385 2549/10386
f 2555/10387 2553/10388 2550/10389
f 2554/10390 2555/10391 2550/10392
f 2556/10393 2554/10394 2551/10395
f 2557/10396 2556/10397 2551/10398
f 2557/10399 2551/10400 2552/10401
f 2557/10402 2552/10403 2548/10404
f 2558/10405 2548/10406 2544/10407
f 2558/10408 2557/10409 2548/10410
f 2556/10411 2560/10412 2554/10413
f 2561/10414 2558/10415 2544/10416
f 2562/10417 2559/10418 2555/10419
f 2560/10420 2562/10421 2555/10422
f 2560/10423 2555/10424 2554/10425
f 2563/10426 2560/10427 2556/10428
f 2563/10429 2556/10430 2557/10431
f 2564/10432 2563/10433 2557/10434
f 2558/10435 2564/10436 2557/10437
f 2563/10438 2565/10439 2560/10440
f 2565/10441 2566/10442 2562/10443
f 2565/10444 2562/10445 2560/10446
f 2561/10447 2564/10448 2558/10449
f 2567/10450 2565/10451 2563/10452
f 2567/10453 2563/10454 2564/10455
f 2570/10456 2566/10457 2565/10458
f 2568/10459 2564/10460 2561/10461
f 2568/10462 2567/10463 2564/10464
f 2571/10465 2570/10466 2565/10467
f 2567/10468 2571/10469 2565/10470
f 2569/10471 2568/10472 2561/10473
f 2570/10474 2572/10475 2566/10476
f 2573/10477 2572/10478 2570/10479
f 2571/10480 2573/10481 2570/10482
f 2574/10483 2571/10484 2567/10485
f 2568/10486 2574/10487 2567/10488
f 2576/10489 2572/10490 2573/10491
f 2577/10492 2573/10493 2571/10494
f 2578/10495 2571/10496 2574/10497
f 2575/10498 2574/10499 2568/10500
f 2569/10501 2575/10502 2568/10503
f 2577/10504 2576/10505 2573/10506
f 2575/10507 2579/10508 2574/10509
f 2580/10510 2577/10511 2571/10512
f 2578/10513 2580/10514 2571/10515
f 2579/10516 2578/10517 2574/10518
f 2582/10519 2576/10520 2577/10521
f 2582/10522 2583/10523 2576/10524
f 2579/10525 2584/10526 2578/10527
f 2580/10528 2582/10529 2577/10530
f 2581/10531 2575/10532 2569/10533
f 2585/10534 2582/10535 2580/10536
f 2584/10537 2580/10538 2578/10539
f 2586/10540 2584/10541 2579/10542
f 2586/10543 2579/10544 2575/10545
f 2584/10546 2585/10547 2580/10548
f 2581/10549 2586/10550 2575/10551
f 2454/10552 2461/10553 2478/10554
f 2520/10555 2510/10556 2532/10557
f 64/10558 165/10559 173/10560
f 112/10561 18/10562 69/10563
f 72/10564 177/10565 158/10566
f 79/10567 154/10568 77/10569
f 81/10570 16/10571 79/10572
f 114/10573 150/10574 14/10575
f 117/10576 144/10577 116/10578
f 94/10579 136/10580 8/10581
f 121/10582 135/10583 97/10584
f 97/10585 136/10586 119/10587
f 121/10588 131/10589 133/10590
f 99/10591 176/10592 131/10593
f 108/10594 124/10595 126/10596
f 6/10597 124/10598 5/10599
f 23/10600 240/10601 22/10602
f 244/10603 228/10604 240/10605
f 24/10606 220/10607 222/10608
f 252/10609 217/10610 220/10611
f 300/10612 217/10613 255/10614
f 263/10615 211/10616 260/10617
f 276/10618 232/10619 294/10620
f 295/10621 190/10622 286/10623
f 296/10624 188/10625 295/10626
f 301/10627 192/10628 195/10629
f 296/10630 184/10631 21/10632
f 43/10633 46/10634 44/10635
f 46/10636 2/10637 44/10638
f 45/10639 48/10640 2/10641
f 51/10642 52/10643 53/10644
f 60/10645 61/10646 62/10647
f 61/10648 65/10649 64/10650
f 68/10651 112/10652 69/10653
f 70/10654 71/10655 112/10656
f 72/10657 74/10658 73/10659
f 73/10660 76/10661 113/10662
f 82/10663 84/10664 114/10665
f 90/10666 117/10667 116/10668
f 93/10669 118/10670 92/10671
f 41/10672 94/10673 118/10674
f 121/10675 100/10676 99/10677
f 99/10678 101/10679 102/10680
f 101/10681 122/10682 102/10683
f 78/10684 82/10685 80/10686
f 7/10687 123/10688 171/10689
f 176/10690 32/10691 131/10692
f 32/10693 133/10694 131/10695
f 139/10696 140/10697 8/10698
f 138/10699 141/10700 140/10701
f 9/10702 143/10703 144/10704
f 143/10705 10/10706 144/10707
f 148/10708 147/10709 145/10710
f 14/10711 152/10712 15/10713
f 167/10714 19/10715 168/10716
f 31/10717 170/10718 30/10719
f 180/10720 181/10721 182/10722
f 181/10723 186/10724 184/10725
f 187/10726 190/10727 188/10728
f 189/10729 191/10730 190/10731
f 192/10732 34/10733 194/10734
f 194/10735 197/10736 195/10737
f 202/10738 233/10739 203/10740
f 234/10741 205/10742 206/10743
f 208/10744 206/10745 205/10746
f 36/10747 236/10748 235/10749
f 209/10750 211/10751 236/10752
f 212/10753 238/10754 237/10755
f 37/10756 213/10757 238/10758
f 217/10759 219/10760 220/10761
f 220/10762 221/10763 222/10764
f 221/10765 241/10766 222/10767
f 199/10768 202/10769 200/10770
f 24/10771 254/10772 252/10773
f 242/10774 23/10775 3/10776
f 254/10777 255/10778 252/10779
f 253/10780 300/10781 255/10782
f 256/10783 25/10784 300/10785
f 261/10786 26/10787 259/10788
f 261/10789 263/10790 260/10791
f 262/10792 27/10793 263/10794
f 267/10795 266/10796 264/10797
f 291/10798 298/10799 297/10800
f 531/10801 313/10802 314/10803
f 49/10804 243/10805 242/10806
f 563/10807 587/10808 564/10809
f 564/10810 315/10811 534/10812
f 570/10813 611/10814 549/10815
f 629/10816 573/10817 552/10818
f 305/10819 630/10820 631/10821
f 555/10822 321/10823 322/10824
f 631/10825 574/10826 305/10827
f 557/10828 617/10829 558/10830
f 558/10831 324/10832 560/10833
f 457/10834 361/10835 414/10836
f 411/10837 471/10838 457/10839
f 414/10840 362/10841 358/10842
f 464/10843 478/10844 422/10845
f 481/10846 425/10847 458/10848
f 458/10849 478/10850 481/10851
f 459/10852 510/10853 511/10854
f 429/10855 510/10856 355/10857
f 497/10858 441/10859 351/10860
f 502/10861 465/10862 350/10863
f 444/10864 498/10865 500/10866
f 303/10867 304/10868 372/10869
f 391/10870 387/10871 390/10872
f 385/10873 394/10874 393/10875
f 409/10876 412/10877 410/10878
f 457/10879 412/10880 411/10881
f 414/10882 413/10883 457/10884
f 429/10885 428/10886 356/10887
f 355/10888 336/10889 431/10890
f 351/10891 439/10892 438/10893
f 441/10894 440/10895 351/10896
f 444/10897 446/10898 443/10899
f 445/10900 447/10901 446/10902
f 449/10903 451/10904 450/10905
f 454/10906 453/10907 452/10908
f 428/10909 426/10910 427/10911
f 455/10912 462/10913 661/10914
f 626/10915 359/10916 327/10917
f 468/10918 360/10919 466/10920
f 470/10921 361/10922 471/10923
f 472/10924 362/10925 361/10926
f 363/10927 477/10928 507/10929
f 479/10930 508/10931 477/10932
f 480/10933 478/10934 479/10935
f 482/10936 364/10937 483/10938
f 490/10939 491/10940 489/10941
f 492/10942 493/10943 491/10944
f 498/10945 499/10946 500/10947
f 500/10948 501/10949 518/10950
f 525/10951 528/10952 526/10953
f 529/10954 532/10955 530/10956
f 563/10957 532/10958 531/10959
f 564/10960 337/10961 533/10962
f 535/10963 337/10964 534/10965
f 309/10966 537/10967 566/10968
f 308/10969 540/10970 539/10971
f 307/10972 541/10973 568/10974
f 544/10975 547/10976 545/10977
f 560/10978 559/10979 558/10980
f 562/10981 408/10982 561/10983
f 329/10984 313/10985 583/10986
f 313/10987 585/10988 314/10989
f 588/10990 586/10991 585/10992
f 603/10993 320/10994 319/10995
f 604/10996 607/10997 320/10998
f 606/10999 608/11000 607/11001
f 608/11002 610/11003 611/11004
f 629/11005 614/11006 630/11007
f 614/11008 631/11009 630/11010
f 616/11011 321/11012 615/11013
f 619/11014 617/11015 323/11016
f 618/11017 324/11018 617/11019
f 620/11020 623/11021 324/11022
f 622/11023 325/11024 623/11025
f 326/11026 626/11027 327/11028
f 654/11029 632/11030 633/11031
f 633/11032 377/11033 654/11034
f 373/11035 635/11036 371/11037
f 659/11038 648/11039 658/11040
f 665/11041 664/11042 662/11043
f 506/11044 400/11045 666/11046
f 681/11047 676/11048 677/11049
f 691/11050 1931/11051 692/11052
f 1035/11053 707/11054 695/11055
f 732/11056 705/11057 731/11058
f 1192/11059 711/11060 732/11061
f 714/11062 727/11063 715/11064
f 728/11065 717/11066 716/11067
f 729/11068 718/11069 717/11070
f 734/11071 744/11072 735/11073
f 744/11074 737/11075 736/11076
f 738/11077 753/11078 739/11079
f 753/11080 740/11081 739/11082
f 756/11083 743/11084 742/11085
f 743/11086 758/11087 744/11088
f 759/11089 745/11090 744/11091
f 761/11092 745/11093 760/11094
f 761/11095 747/11096 746/11097
f 762/11098 748/11099 747/11100
f 763/11101 749/11102 748/11103
f 764/11104 750/11105 749/11106
f 765/11107 751/11108 750/11109
f 752/11110 768/11111 753/11112
f 753/11113 769/11114 754/11115
f 754/11116 770/11117 755/11118
f 755/11119 771/11120 756/11121
f 780/11122 764/11123 783/11124
f 780/11125 766/11126 765/11127
f 768/11128 788/11129 769/11130
f 788/11131 770/11132 769/11133
f 770/11134 790/11135 771/11136
f 771/11137 791/11138 772/11139
f 772/11140 792/11141 773/11142
f 773/11143 793/11144 774/11145
f 793/11146 775/11147 774/11148
f 795/11149 776/11150 775/11151
f 796/11152 777/11153 776/11154
f 797/11155 778/11156 777/11157
f 798/11158 779/11159 778/11160
f 787/11161 812/11162 788/11163
f 828/11164 807/11165 827/11166
f 841/11167 825/11168 840/11169
f 841/11170 827/11171 826/11172
f 842/11173 828/11174 827/11175
f 843/11176 830/11177 829/11178
f 849/11179 835/11180 834/11181
f 835/11182 851/11183 836/11184
f 836/11185 852/11186 837/11187
f 852/11188 838/11189 837/11190
f 853/11191 839/11192 838/11193
f 855/11194 839/11195 854/11196
f 849/11197 863/11198 850/11199
f 850/11200 864/11201 851/11202
f 851/11203 865/11204 852/11205
f 865/11206 853/11207 852/11208
f 866/11209 854/11210 853/11211
f 867/11212 855/11213 854/11214
f 868/11215 856/11216 855/11217
f 869/11218 857/11219 856/11220
f 870/11221 858/11222 857/11223
f 859/11224 876/11225 860/11226
f 863/11227 881/11228 864/11229
f 864/11230 882/11231 865/11232
f 882/11233 866/11234 865/11235
f 883/11236 867/11237 866/11238
f 884/11239 868/11240 867/11241
f 885/11242 869/11243 868/11244
f 886/11245 870/11246 869/11247
f 887/11248 871/11249 870/11250
f 889/11251 871/11252 888/11253
f 1051/11254 872/11255 889/11256
f 875/11257 890/11258 876/11259
f 900/11260 886/11261 899/11262
f 900/11263 888/11264 887/11265
f 901/11266 889/11267 888/11268
f 904/11269 891/11270 890/11271
f 891/11272 915/11273 892/11274
f 892/11275 905/11276 893/11277
f 893/11278 906/11279 894/11280
f 894/11281 907/11282 895/11283
f 895/11284 908/11285 896/11286
f 908/11287 897/11288 896/11289
f 909/11290 898/11291 897/11292
f 911/11293 898/11294 910/11295
f 912/11296 900/11297 899/11298
f 917/11299 901/11300 900/11301
f 918/11302 902/11303 901/11304
f 920/11305 902/11306 919/11307
f 913/11308 933/11309 921/11310
f 933/11311 922/11312 921/11313
f 932/11314 947/11315 933/11316
f 933/11317 948/11318 934/11319
f 934/11320 949/11321 935/11322
f 935/11323 950/11324 936/11325
f 936/11326 951/11327 937/11328
f 937/11329 952/11330 938/11331
f 938/11332 953/11333 939/11334
f 954/11335 940/11336 939/11337
f 955/11338 941/11339 940/11340
f 956/11341 942/11342 941/11343
f 958/11344 942/11345 957/11346
f 960/11347 943/11348 959/11349
f 960/11350 945/11351 944/11352
f 946/11353 963/11354 947/11355
f 947/11356 964/11357 948/11358
f 948/11359 965/11360 949/11361
f 949/11362 966/11363 950/11364
f 950/11365 967/11366 951/11367
f 951/11368 968/11369 952/11370
f 952/11371 969/11372 953/11373
f 969/11374 954/11375 953/11376
f 970/11377 955/11378 954/11379
f 971/11380 956/11381 955/11382
f 972/11383 957/11384 956/11385
f 973/11386 958/11387 957/11388
f 974/11389 959/11390 958/11391
f 975/11392 960/11393 959/11394
f 976/11395 961/11396 960/11397
f 962/11398 979/11399 963/11400
f 963/11401 980/11402 964/11403
f 964/11404 981/11405 965/11406
f 981/11407 966/11408 965/11409
f 991/11410 975/11411 990/11412
f 991/11413 977/11414 976/11415
f 978/11416 994/11417 979/11418
f 979/11419 995/11420 980/11421
f 980/11422 996/11423 981/11424
f 996/11425 982/11426 981/11427
f 997/11428 983/11429 982/11430
f 983/11431 999/11432 984/11433
f 984/11434 1000/11435 985/11436
f 1000/11437 986/11438 985/11439
f 1008/11440 987/11441 986/11442
f 1001/11443 987/11444 1009/11445
f 1001/11446 989/11447 988/11448
f 993/11449 1011/11450 994/11451
f 994/11452 1012/11453 995/11454
f 995/11455 1013/11456 996/11457
f 1020/11458 1004/11459 1003/11460
f 1021/11461 1005/11462 1004/11463
f 1026/11464 1009/11465 1008/11466
f 1019/11467 1009/11468 1027/11469
f 2087/11470 1019/11471 1028/11472
f 2089/11473 1020/11474 2087/11475
f 1045/11476 695/11477 707/11478
f 697/11479 2332/11480 708/11481
f 698/11482 1031/11483 697/11484
f 699/11485 1030/11486 698/11487
f 700/11488 2329/11489 699/11490
f 701/11491 2335/11492 710/11493
f 709/11494 2335/11495 2326/11496
f 706/11497 2318/11498 711/11499
f 1053/11500 1061/11501 1610/11502
f 1074/11503 1070/11504 1066/11505
f 1079/11506 1074/11507 1069/11508
f 1070/11509 1077/11510 1071/11511
f 1071/11512 1078/11513 1072/11514
f 1072/11515 1082/11516 1073/11517
f 1084/11518 1079/11519 1068/11520
f 1079/11521 1088/11522 1080/11523
f 1080/11524 1089/11525 1081/11526
f 1085/11527 1095/11528 1086/11529
f 1095/11530 1087/11531 1086/11532
f 1088/11533 1098/11534 1089/11535
f 1094/11536 1103/11537 1095/11538
f 1103/11539 1099/11540 1095/11541
f 1109/11542 1097/11543 1096/11544
f 1097/11545 1106/11546 1098/11547
f 1112/11548 1103/11549 1102/11550
f 1117/11551 1106/11552 1116/11553
f 1109/11554 1115/11555 1110/11556
f 1120/11557 1111/11558 1104/11559
f 1119/11560 1112/11561 1125/11562
f 1116/11563 1133/11564 1117/11565
f 1133/11566 1118/11567 1117/11568
f 1139/11569 1126/11570 1125/11571
f 1146/11572 1135/11573 1134/11574
f 1138/11575 1137/11576 1122/11577
f 1160/11578 1143/11579 1153/11580
f 1423/11581 1144/11582 1160/11583
f 1151/11584 1138/11585 1156/11586
f 1168/11587 2068/11588 1166/11589
f 1171/11590 1166/11591 1169/11592
f 1173/11593 1172/11594 1171/11595
f 1175/11596 1174/11597 1173/11598
f 1177/11599 1175/11600 1195/11601
f 1175/11602 1178/11603 1176/11604
f 1177/11605 1181/11606 1179/11607
f 1184/11608 1165/11609 1182/11610
f 1184/11611 1186/11612 1185/11613
f 1163/11614 1189/11615 1164/11616
f 1196/11617 1190/11618 1189/11619
f 1174/11620 920/11621 1194/11622
f 1195/11623 1165/11624 1177/11625
f 1051/11626 1178/11627 1180/11628
f 1044/11629 1190/11630 1193/11631
f 1198/11632 1214/11633 1197/11634
f 1199/11635 1215/11636 1198/11637
f 1204/11638 1216/11639 1199/11640
f 1218/11641 1204/11642 1200/11643
f 1201/11644 1218/11645 1200/11646
f 1205/11647 1219/11648 1201/11649
f 1206/11650 1220/11651 1205/11652
f 1206/11653 1222/11654 1221/11655
f 1207/11656 1223/11657 1222/11658
f 1209/11659 1223/11660 1208/11661
f 1210/11662 1224/11663 1209/11664
f 1211/11665 1225/11666 1210/11667
f 1211/11668 1227/11669 1226/11670
f 1214/11671 1229/11672 1600/11673
f 1215/11674 1230/11675 1214/11676
f 1216/11677 1231/11678 1215/11679
f 1217/11680 1232/11681 1216/11682
f 1218/11683 1233/11684 1217/11685
f 1235/11686 1219/11687 1220/11688
f 1221/11689 1236/11690 1235/11691
f 1223/11692 1237/11693 1236/11694
f 1225/11695 1238/11696 1237/11697
f 1226/11698 1239/11699 1238/11700
f 1228/11701 1239/11702 1227/11703
f 1244/11704 1233/11705 1234/11706
f 1246/11707 1234/11708 1235/11709
f 1236/11710 1247/11711 1235/11712
f 1236/11713 1250/11714 1249/11715
f 1238/11716 1251/11717 1237/11718
f 1238/11719 1253/11720 1252/11721
f 1244/11722 1258/11723 1243/11724
f 1245/11725 1259/11726 1244/11727
f 1246/11728 1260/11729 1245/11730
f 1247/11731 1261/11732 1246/11733
f 1247/11734 1263/11735 1262/11736
f 1248/11737 1264/11738 1263/11739
f 1249/11740 1265/11741 1264/11742
f 1250/11743 1266/11744 1265/11745
f 1251/11746 1267/11747 1266/11748
f 1252/11749 1268/11750 1267/11751
f 1253/11752 1269/11753 1268/11754
f 1271/11755 1270/11756 1255/11757
f 1256/11758 1271/11759 1255/11760
f 1257/11761 1272/11762 1256/11763
f 1258/11764 1273/11765 1257/11766
f 1259/11767 1274/11768 1258/11769
f 1260/11770 1275/11771 1259/11772
f 1261/11773 1276/11774 1260/11775
f 1262/11776 1277/11777 1261/11778
f 1262/11779 1279/11780 1278/11781
f 1263/11782 1280/11783 1279/11784
f 1264/11785 1281/11786 1280/11787
f 1265/11788 1282/11789 1281/11790
f 1266/11791 1283/11792 1282/11793
f 1267/11794 1284/11795 1283/11796
f 1268/11797 1285/11798 1284/11799
f 1287/11800 1286/11801 1271/11802
f 1272/11803 1287/11804 1271/11805
f 1273/11806 1288/11807 1272/11808
f 1274/11809 1289/11810 1273/11811
f 1275/11812 1290/11813 1274/11814
f 1276/11815 1291/11816 1275/11817
f 1293/11818 1276/11819 1277/11820
f 1279/11821 1293/11822 1278/11823
f 1279/11824 1295/11825 1294/11826
f 1280/11827 1296/11828 1295/11829
f 1281/11830 1297/11831 1296/11832
f 1282/11833 1298/11834 1297/11835
f 1283/11836 1299/11837 1298/11838
f 1284/11839 1300/11840 1299/11841
f 1304/11842 1301/11843 1287/11844
f 1288/11845 1304/11846 1287/11847
f 1289/11848 1305/11849 1288/11850
f 1290/11851 1306/11852 1289/11853
f 1291/11854 1307/11855 1290/11856
f 1309/11857 1292/11858 1302/11859
f 1294/11860 1309/11861 1302/11862
f 1295/11863 1311/11864 1310/11865
f 1297/11866 1312/11867 1311/11868
f 1298/11869 1313/11870 1312/11871
f 1299/11872 1314/11873 1313/11874
f 1315/11875 1303/11876 1304/11877
f 1305/11878 1315/11879 1304/11880
f 1306/11881 1316/11882 1305/11883
f 1307/11884 1317/11885 1306/11886
f 1319/11887 1307/11888 1308/11889
f 1309/11890 1320/11891 1308/11892
f 1309/11893 1323/11894 1322/11895
f 1310/11896 1325/11897 1324/11898
f 1312/11899 1326/11900 1311/11901
f 1313/11902 1327/11903 1312/11904
f 1316/11905 1329/11906 1315/11907
f 1317/11908 1330/11909 1316/11910
f 1318/11911 1331/11912 1317/11913
f 1319/11914 1332/11915 1318/11916
f 1320/11917 1333/11918 1319/11919
f 1321/11920 1334/11921 1320/11922
f 1322/11923 1335/11924 1321/11925
f 1322/11926 1337/11927 1336/11928
f 1323/11929 1338/11930 1337/11931
f 1324/11932 1339/11933 1338/11934
f 1325/11935 1340/11936 1339/11937
f 1326/11938 1341/11939 1340/11940
f 1327/11941 1342/11942 1341/11943
f 1328/11944 1435/11945 1343/11946
f 1347/11947 1329/11948 1330/11949
f 1348/11950 1330/11951 1331/11952
f 1332/11953 1348/11954 1331/11955
f 1333/11956 1349/11957 1332/11958
f 1351/11959 1334/11960 1335/11961
f 1337/11962 1351/11963 1336/11964
f 1338/11965 1353/11966 1352/11967
f 1340/11968 1354/11969 1353/11970
f 1341/11971 1355/11972 1354/11973
f 1343/11974 1355/11975 1342/11976
f 1349/11977 1357/11978 1348/11979
f 1359/11980 1349/11981 1350/11982
f 1361/11983 1350/11984 1351/11985
f 1352/11986 1361/11987 1351/11988
f 1352/11989 1364/11990 1363/11991
f 1354/11992 1365/11993 1353/11994
f 1354/11995 1367/11996 1366/11997
f 1368/11998 1602/11999 1346/12000
f 1347/12001 1368/12002 1346/12003
f 1358/12004 1373/12005 1357/12006
f 1359/12007 1374/12008 1358/12009
f 1360/12010 1375/12011 1359/12012
f 1370/12013 1376/12014 1360/12015
f 1370/12016 1379/12017 1378/12018
f 1362/12019 1380/12020 1379/12021
f 1363/12022 1381/12023 1380/12024
f 1364/12025 1382/12026 1381/12027
f 1365/12028 1383/12029 1382/12030
f 1366/12031 1384/12032 1383/12033
f 1368/12034 1603/12035 1372/12036
f 1369/12037 1385/12038 1368/12039
f 1374/12040 1388/12041 1373/12042
f 1375/12043 1389/12044 1374/12045
f 1376/12046 1390/12047 1375/12048
f 1377/12049 1391/12050 1376/12051
f 1378/12052 1392/12053 1377/12054
f 1378/12055 1394/12056 1393/12057
f 1379/12058 1395/12059 1394/12060
f 1380/12061 1396/12062 1395/12063
f 1381/12064 1397/12065 1396/12066
f 1382/12067 1398/12068 1397/12069
f 1383/12070 1399/12071 1398/12072
f 1385/12073 1604/12074 1603/12075
f 1386/12076 1400/12077 1385/12078
f 1389/12079 1403/12080 1388/12081
f 1390/12082 1404/12083 1389/12084
f 1391/12085 1405/12086 1390/12087
f 1407/12088 1391/12089 1392/12090
f 1393/12091 1407/12092 1392/12093
f 1393/12094 1409/12095 1408/12096
f 1395/12097 1409/12098 1394/12099
f 1395/12100 1411/12101 1410/12102
f 1396/12103 1412/12104 1411/12105
f 1397/12106 1413/12107 1412/12108
f 1398/12109 1414/12110 1413/12111
f 1412/12112 2028/12113 1411/12114
f 1445/12115 1416/12116 1415/12117
f 1197/12118 1543/12119 1198/12120
f 1442/12121 1550/12122 1200/12123
f 1199/12124 1198/12125 1551/12126
f 1550/12127 1201/12128 1200/12129
f 1542/12130 1202/12131 1201/12132
f 1423/12133 1203/12134 1424/12135
f 1152/12136 1210/12137 1153/12138
f 1160/12139 1208/12140 1423/12141
f 1153/12142 1209/12143 1160/12144
f 1152/12145 1212/12146 1211/12147
f 1422/12148 1212/12149 1159/12150
f 1454/12151 1461/12152 1451/12153
f 1452/12154 1466/12155 1465/12156
f 1459/12157 1467/12158 1474/12159
f 1462/12160 1468/12161 1461/12162
f 1474/12163 1475/12164 1484/12165
f 1468/12166 1478/12167 1477/12168
f 1466/12169 1481/12170 1465/12171
f 1484/12172 1488/12173 1498/12174
f 1481/12175 1488/12176 1475/12177
f 1488/12178 1500/12179 1499/12180
f 1493/12181 1502/12182 1492/12183
f 1510/12184 1508/12185 1554/12186
f 1509/12187 1511/12188 1519/12189
f 1513/12190 1505/12191 1501/12192
f 1515/12193 1502/12194 1503/12195
f 1516/12196 1503/12197 1504/12198
f 1508/12199 1516/12200 1504/12201
f 1529/12202 1522/12203 1523/12204
f 1530/12205 1523/12206 1524/12207
f 1532/12208 1541/12209 1537/12210
f 1533/12211 1545/12212 1525/12213
f 1470/12214 1556/12215 1075/12216
f 1565/12217 1564/12218 688/12219
f 1585/12220 1582/12221 1586/12222
f 1588/12223 1441/12224 1586/12225
f 1597/12226 1596/12227 1592/12228
f 1604/12229 1578/12230 1580/12231
f 1286/12232 1595/12233 1270/12234
f 1598/12235 1560/12236 1599/12237
f 1597/12238 1561/12239 1598/12240
f 1621/12241 1631/12242 2195/12243
f 1629/12244 1622/12245 1621/12246
f 1627/12247 1626/12248 1624/12249
f 1633/12250 1433/12251 1635/12252
f 1638/12253 1635/12254 1434/12255
f 1640/12256 1641/12257 1637/12258
f 1642/12259 1644/12260 1641/12261
f 1657/12262 1646/12263 1644/12264
f 1646/12265 1648/12266 1647/12267
f 1650/12268 1654/12269 1651/12270
f 1653/12271 1627/12272 1652/12273
f 1660/12274 1724/12275 1659/12276
f 1671/12277 2281/12278 1703/12279
f 1673/12280 1708/12281 1667/12282
f 1683/12283 1710/12284 1708/12285
f 1685/12286 1710/12287 1684/12288
f 1685/12289 1709/12290 2271/12291
f 1677/12292 1672/12293 1671/12294
f 1686/12295 1675/12296 1674/12297
f 1678/12298 1669/12299 2351/12300
f 1689/12301 1677/12302 1679/12303
f 1693/12304 1681/12305 1692/12306
f 1694/12307 1682/12308 1693/12309
f 1694/12310 1684/12311 1683/12312
f 1695/12313 1684/12314 1699/12315
f 1692/12316 1686/12317 1698/12318
f 1704/12319 1689/12320 1700/12321
f 1691/12322 1704/12323 1701/12324
f 1746/12325 1693/12326 1692/12327
f 1792/12328 1694/12329 1693/12330
f 1706/12331 1712/12332 1714/12333
f 1719/12334 673/12335 1717/12336
f 1736/12337 1734/12338 1732/12339
f 1740/12340 1738/12341 1736/12342
f 1830/12343 1738/12344 1735/12345
f 674/12346 1744/12347 675/12348
f 1754/12349 2307/12350 2309/12351
f 1792/12352 1756/12353 1793/12354
f 1756/12355 1747/12356 1793/12357
f 1760/12358 1749/12359 1701/12360
f 1750/12361 1763/12362 1794/12363
f 1753/12364 1754/12365 2310/12366
f 1776/12367 1756/12368 1755/12369
f 1756/12370 1778/12371 1757/12372
f 1791/12373 1766/12374 1753/12375
f 1770/12376 1761/12377 1760/12378
f 1762/12379 1780/12380 1763/12381
f 1780/12382 1764/12383 1763/12384
f 1795/12385 1768/12386 1791/12387
f 1775/12388 1771/12389 1770/12390
f 1782/12391 1772/12392 1771/12393
f 1774/12394 1781/12395 1775/12396
f 1775/12397 2302/12398 1782/12399
f 1776/12400 2303/12401 1777/12402
f 1777/12403 1798/12404 1778/12405
f 1798/12406 1779/12407 1778/12408
f 1799/12409 1780/12410 1779/12411
f 1802/12412 1788/12413 1806/12414
f 1809/12415 1788/12416 1808/12417
f 2090/12418 1824/12419 1823/12420
f 2074/12421 1831/12422 1828/12423
f 2064/12424 1832/12425 1831/12426
f 1836/12427 2252/12428 1832/12429
f 1823/12430 2252/12431 1834/12432
f 1823/12433 2256/12434 2265/12435
f 1824/12436 2260/12437 2256/12438
f 1819/12439 2260/12440 1816/12441
f 1820/12442 1869/12443 1815/12444
f 1851/12445 1846/12446 1845/12447
f 1853/12448 1847/12449 1846/12450
f 1854/12451 1848/12452 1847/12453
f 1857/12454 1612/12455 1882/12456
f 1857/12457 1858/12458 1849/12459
f 1611/12460 1857/12461 1882/12462
f 1856/12463 1860/12464 1855/12465
f 1881/12466 1859/12467 1611/12468
f 1862/12469 1863/12470 1860/12471
f 1881/12472 1865/12473 1861/12474
f 1880/12475 1867/12476 1865/12477
f 1863/12478 1812/12479 1869/12480
f 1863/12481 1871/12482 1870/12483
f 1874/12484 1867/12485 1868/12486
f 1870/12487 1840/12488 1812/12489
f 1609/12490 1888/12491 1885/12492
f 1889/12493 1983/12494 1975/12495
f 1896/12496 1904/12497 1983/12498
f 1919/12499 1906/12500 1920/12501
f 1910/12502 1977/12503 1908/12504
f 1908/12505 1911/12506 1910/12507
f 1909/12508 1911/12509 1907/12510
f 1919/12511 1912/12512 1909/12513
f 1926/12514 1925/12515 1924/12516
f 683/12517 1926/12518 1924/12519
f 1926/12520 1930/12521 1928/12522
f 1932/12523 1933/12524 1934/12525
f 1936/12526 1939/12527 1938/12528
f 1941/12529 1942/12530 1944/12531
f 1939/12532 1942/12533 1938/12534
f 1942/12535 1947/12536 1944/12537
f 1945/12538 1949/12539 1947/12540
f 1952/12541 1948/12542 1946/12543
f 1048/12544 1941/12545 1944/12546
f 1958/12547 1979/12548 1955/12549
f 1939/12550 1954/12551 1943/12552
f 2212/12553 1958/12554 1955/12555
f 2229/12556 2184/12557 1981/12558
f 1982/12559 1959/12560 2229/12561
f 2204/12562 1995/12563 1982/12564
f 1968/12565 2204/12566 2226/12567
f 1960/12568 2226/12569 2228/12570
f 2227/12571 1960/12572 2228/12573
f 1988/12574 1987/12575 1986/12576
f 1996/12577 1989/12578 1997/12579
f 1959/12580 1990/12581 1996/12582
f 1991/12583 1033/12584 1992/12585
f 2179/12586 1991/12587 1989/12588
f 1990/12589 2179/12590 1989/12591
f 1995/12592 1994/12593 1990/12594
f 2012/12595 2003/12596 2002/12597
f 2006/12598 2007/12599 1835/12600
f 2004/12601 2007/12602 2054/12603
f 2004/12604 2009/12605 2008/12606
f 2002/12607 2010/12608 2075/12609
f 2153/12610 2017/12611 2152/12612
f 2020/12613 2018/12614 2153/12615
f 2017/12616 2024/12617 2023/12618
f 2018/12619 2025/12620 2024/12621
f 2023/12622 2031/12623 2030/12624
f 2024/12625 2032/12626 2031/12627
f 2036/12628 2040/12629 2034/12630
f 2040/12631 2045/12632 2044/12633
f 2042/12634 2046/12635 2038/12636
f 2016/12637 2143/12638 2014/12639
f 2035/12640 1419/12641 2042/12642
f 2047/12643 1419/12644 1431/12645
f 1836/12646 2059/12647 1834/12648
f 2062/12649 2060/12650 2066/12651
f 2062/12652 2069/12653 2061/12654
f 2070/12655 2068/12656 2067/12657
f 2071/12658 2073/12659 2009/12660
f 2007/12661 2073/12662 2074/12663
f 2082/12664 2077/12665 2081/12666
f 1028/12667 2084/12668 2086/12669
f 2093/12670 2090/12671 1834/12672
f 2094/12673 2092/12674 2091/12675
f 2060/12676 2093/12677 2059/12678
f 1834/12679 2059/12680 2093/12681
f 2060/12682 2095/12683 2094/12684
f 2096/12685 2061/12686 2069/12687
f 2103/12688 2099/12689 2154/12690
f 2180/12691 2102/12692 2101/12693
f 2181/12694 2103/12695 2102/12696
f 2103/12697 2183/12698 2104/12699
f 2116/12700 2110/12701 2111/12702
f 2106/12703 2105/12704 2104/12705
f 2117/12706 2111/12707 2112/12708
f 2113/12709 2117/12710 2112/12711
f 2114/12712 2125/12713 2119/12714
f 2121/12715 2114/12716 2115/12717
f 2116/12718 2121/12719 2115/12720
f 2117/12721 2122/12722 2116/12723
f 2118/12724 2123/12725 2117/12726
f 2127/12727 2121/12728 2122/12729
f 2123/12730 2127/12731 2122/12732
f 2129/12733 2123/12734 2124/12735
f 2126/12736 2131/12737 2120/12738
f 2128/12739 2133/12740 2127/12741
f 2139/12742 2131/12743 2132/12744
f 2134/12745 2140/12746 2133/12747
f 2144/12748 2138/12749 2139/12750
f 2141/12751 2145/12752 2140/12753
f 2112/12754 2099/12755 2108/12756
f 2147/12757 1428/12758 1429/12759
f 2057/12760 2150/12761 2137/12762
f 2145/12763 2153/12764 2152/12765
f 1984/12766 2156/12767 2155/12768
f 2157/12769 2160/12770 2158/12771
f 2160/12772 2159/12773 2158/12774
f 2170/12775 2174/12776 2171/12777
f 2176/12778 2174/12779 2173/12780
f 1994/12781 2157/12782 2179/12783
f 2158/12784 2179/12785 2157/12786
f 1993/12787 2159/12788 1033/12789
f 2185/12790 2183/12791 2182/12792
f 2227/12793 2197/12794 2225/12795
f 2228/12796 2199/12797 2227/12798
f 2202/12799 2199/12800 2201/12801
f 2229/12802 2206/12803 1982/12804
f 2210/12805 2206/12806 2209/12807
f 2211/12808 2208/12809 2205/12810
f 2213/12811 1981/12812 2212/12813
f 2213/12814 2210/12815 2209/12816
f 2216/12817 2213/12818 2212/12819
f 2218/12820 2213/12821 2217/12822
f 2219/12823 2214/12824 2218/12825
f 2220/12826 2217/12827 1979/12828
f 2222/12829 2217/12830 2221/12831
f 2222/12832 2219/12833 2218/12834
f 2231/12835 1956/12836 2230/12837
f 2231/12838 2222/12839 2221/12840
f 1721/12841 2225/12842 2197/12843
f 2224/12844 2197/12845 2198/12846
f 2264/12847 2238/12848 2236/12849
f 2236/12850 2239/12851 2347/12852
f 1827/12853 2242/12854 2240/12855
f 2242/12856 2246/12857 2243/12858
f 2246/12859 2244/12860 2243/12861
f 1828/12862 2245/12863 1827/12864
f 2245/12865 2248/12866 2246/12867
f 1831/12868 2251/12869 2247/12870
f 2251/12871 2248/12872 2247/12873
f 2255/12874 2235/12875 2253/12876
f 2265/12877 2258/12878 2254/12879
f 2258/12880 2255/12881 2254/12882
f 2260/12883 2258/12884 2256/12885
f 2261/12886 2259/12887 2258/12888
f 1735/12889 2262/12890 2261/12891
f 1741/12892 2262/12893 1740/12894
f 2267/12895 1709/12896 2269/12897
f 2270/12898 1710/12899 2271/12900
f 1708/12901 2274/12902 1667/12903
f 2273/12904 2275/12905 2274/12906
f 2274/12907 2277/12908 1667/12909
f 2274/12910 2266/12911 2276/12912
f 2276/12913 2281/12914 2278/12915
f 2276/12916 2280/12917 2279/12918
f 1703/12919 2282/12920 2283/12921
f 2280/12922 2282/12923 2279/12924
f 2381/12925 2284/12926 2282/12927
f 1743/12928 2267/12929 2269/12930
f 2267/12931 1745/12932 2268/12933
f 1800/12934 2286/12935 2287/12936
f 1798/12937 2288/12938 1799/12939
f 2290/12940 2292/12941 2289/12942
f 2303/12943 2291/12944 2290/12945
f 2291/12946 2294/12947 2292/12948
f 1797/12949 2291/12950 1784/12951
f 2293/12952 2297/12953 2294/12954
f 1781/12955 2293/12956 2302/12957
f 2295/12958 2300/12959 2297/12960
f 2296/12961 2298/12962 2295/12963
f 2362/12964 2300/12965 2298/12966
f 2299/12967 2362/12968 2298/12969
f 1807/12970 2286/12971 2234/12972
f 1788/12973 2286/12974 1808/12975
f 682/12976 2305/12977 2304/12978
f 2308/12979 2310/12980 2309/12981
f 2307/12982 2308/12983 2309/12984
f 2376/12985 684/12986 686/12987
f 2319/12988 2316/12989 2317/12990
f 2319/12991 1047/12992 2318/12993
f 2321/12994 2323/12995 2322/12996
f 2323/12997 2324/12998 2322/12999
f 2326/13000 2328/13001 2327/13002
f 2332/13003 2333/13004 1045/13005
f 2315/13006 2317/13007 2316/13008
f 2306/13009 2334/13010 2305/13011
f 2194/13012 2364/13013 2338/13014
f 2337/13015 2190/13016 2338/13017
f 2231/13018 2340/13019 2339/13020
f 2339/13021 2357/13022 2232/13023
f 2343/13024 2347/13025 2345/13026
f 2340/13027 1923/13028 2373/13029
f 2363/13030 2365/13031 2364/13032
f 2376/13033 2375/13034 2336/13035
f 69/13036 18/13037 163/13038
f 64/13039 67/13040 165/13041
f 112/13042 17/13043 18/13044
f 72/13045 113/13046 177/13047
f 79/13048 16/13049 154/13050
f 81/13051 15/13052 16/13053
f 114/13054 84/13055 150/13056
f 117/13057 9/13058 144/13059
f 94/13060 119/13061 136/13062
f 121/13063 133/13064 135/13065
f 97/13066 135/13067 136/13068
f 121/13069 99/13070 131/13071
f 99/13072 102/13073 176/13074
f 108/13075 5/13076 124/13077
f 6/13078 171/13079 124/13080
f 23/13081 244/13082 240/13083
f 244/13084 246/13085 228/13086
f 24/13087 252/13088 220/13089
f 252/13090 255/13091 217/13092
f 300/13093 239/13094 217/13095
f 263/13096 236/13097 211/13098
f 276/13099 198/13100 232/13101
f 295/13102 188/13103 190/13104
f 296/13105 21/13106 188/13107
f 301/13108 282/13109 192/13110
f 296/13111 290/13112 184/13113
f 43/13114 42/13115 46/13116
f 46/13117 45/13118 2/13119
f 45/13120 47/13121 48/13122
f 51/13123 50/13124 52/13125
f 60/13126 57/13127 61/13128
f 61/13129 59/13130 65/13131
f 68/13132 70/13133 112/13134
f 70/13135 39/13136 71/13137
f 72/13138 39/13139 74/13140
f 73/13141 75/13142 76/13143
f 82/13144 83/13145 84/13146
f 90/13147 91/13148 117/13149
f 93/13150 41/13151 118/13152
f 41/13153 95/13154 94/13155
f 121/13156 98/13157 100/13158
f 99/13159 100/13160 101/13161
f 101/13162 103/13163 122/13164
f 78/13165 40/13166 82/13167
f 7/13168 170/13169 123/13170
f 176/13171 130/13172 32/13173
f 32/13174 132/13175 133/13176
f 139/13177 138/13178 140/13179
f 138/13180 142/13181 141/13182
f 9/13183 142/13184 143/13185
f 143/13186 145/13187 10/13188
f 148/13189 11/13190 147/13191
f 14/13192 151/13193 152/13194
f 167/13195 169/13196 19/13197
f 31/13198 123/13199 170/13200
f 180/13201 178/13202 181/13203
f 181/13204 179/13205 186/13206
f 187/13207 189/13208 190/13209
f 189/13210 193/13211 191/13212
f 192/13213 193/13214 34/13215
f 194/13216 196/13217 197/13218
f 202/13219 204/13220 233/13221
f 234/13222 204/13223 205/13224
f 208/13225 207/13226 206/13227
f 36/13228 209/13229 236/13230
f 209/13231 210/13232 211/13233
f 212/13234 37/13235 238/13236
f 37/13237 214/13238 213/13239
f 217/13240 218/13241 219/13242
f 220/13243 219/13244 221/13245
f 221/13246 223/13247 241/13248
f 199/13249 35/13250 202/13251
f 24/13252 251/13253 254/13254
f 254/13255 253/13256 255/13257
f 253/13258 256/13259 300/13260
f 256/13261 257/13262 25/13263
f 261/13264 260/13265 26/13266
f 261/13267 262/13268 263/13269
f 262/13270 264/13271 27/13272
f 267/13273 28/13274 266/13275
f 291/13276 292/13277 298/13278
f 531/13279 529/13280 313/13281
f 563/13282 586/13283 587/13284
f 564/13285 587/13286 315/13287
f 570/13288 608/13289 611/13290
f 629/13291 630/13292 573/13293
f 305/13294 573/13295 630/13296
f 555/13297 574/13298 321/13299
f 631/13300 321/13301 574/13302
f 557/13303 323/13304 617/13305
f 558/13306 617/13307 324/13308
f 457/13309 471/13310 361/13311
f 411/13312 469/13313 471/13314
f 414/13315 361/13316 362/13317
f 464/13318 508/13319 478/13320
f 481/13321 483/13322 425/13323
f 458/13324 422/13325 478/13326
f 459/13327 355/13328 510/13329
f 429/13330 509/13331 510/13332
f 497/13333 517/13334 441/13335
f 502/13336 519/13337 465/13338
f 444/13339 461/13340 498/13341
f 303/13342 302/13343 304/13344
f 391/13345 388/13346 387/13347
f 385/13348 395/13349 394/13350
f 409/13351 411/13352 412/13353
f 457/13354 413/13355 412/13356
f 414/13357 415/13358 413/13359
f 429/13360 431/13361 428/13362
f 355/13363 459/13364 336/13365
f 351/13366 440/13367 439/13368
f 441/13369 442/13370 440/13371
f 444/13372 445/13373 446/13374
f 445/13375 350/13376 447/13377
f 449/13378 348/13379 451/13380
f 454/13381 455/13382 453/13383
f 428/13384 430/13385 426/13386
f 455/13387 454/13388 462/13389
f 626/13390 466/13391 359/13392
f 468/13393 469/13394 360/13395
f 470/13396 472/13397 361/13398
f 472/13399 473/13400 362/13401
f 363/13402 476/13403 477/13404
f 479/13405 478/13406 508/13407
f 480/13408 481/13409 478/13410
f 482/13411 484/13412 364/13413
f 490/13414 492/13415 491/13416
f 492/13417 494/13418 493/13419
f 498/13420 331/13421 499/13422
f 500/13423 499/13424 501/13425
f 525/13426 527/13427 528/13428
f 529/13429 531/13430 532/13431
f 563/13432 533/13433 532/13434
f 564/13435 534/13436 337/13437
f 535/13438 338/13439 337/13440
f 309/13441 539/13442 537/13443
f 308/13444 567/13445 540/13446
f 307/13447 543/13448 541/13449
f 544/13450 548/13451 547/13452
f 560/13453 561/13454 559/13455
f 562/13456 578/13457 408/13458
f 329/13459 584/13460 313/13461
f 313/13462 584/13463 585/13464
f 588/13465 587/13466 586/13467
f 603/13468 604/13469 320/13470
f 604/13471 606/13472 607/13473
f 606/13474 609/13475 608/13476
f 608/13477 609/13478 610/13479
f 629/13480 612/13481 614/13482
f 614/13483 615/13484 631/13485
f 616/13486 322/13487 321/13488
f 619/13489 618/13490 617/13491
f 618/13492 620/13493 324/13494
f 620/13495 622/13496 623/13497
f 622/13498 624/13499 325/13500
f 326/13501 624/13502 626/13503
f 654/13504 653/13505 632/13506
f 633/13507 634/13508 377/13509
f 373/13510 383/13511 635/13512
f 659/13513 651/13514 648/13515
f 665/13516 663/13517 664/13518
f 506/13519 667/13520 400/13521
f 681/13522 1665/13523 676/13524
f 691/13525 1939/13526 1931/13527
f 1035/13528 723/13529 707/13530
f 732/13531 711/13532 705/13533
f 1192/13534 706/13535 711/13536
f 714/13537 733/13538 727/13539
f 728/13540 729/13541 717/13542
f 729/13543 730/13544 718/13545
f 734/13546 743/13547 744/13548
f 744/13549 745/13550 737/13551
f 738/13552 752/13553 753/13554
f 753/13555 754/13556 740/13557
f 756/13558 757/13559 743/13560
f 743/13561 757/13562 758/13563
f 759/13564 760/13565 745/13566
f 761/13567 746/13568 745/13569
f 761/13570 762/13571 747/13572
f 762/13573 763/13574 748/13575
f 763/13576 764/13577 749/13578
f 764/13579 765/13580 750/13581
f 765/13582 766/13583 751/13584
f 752/13585 767/13586 768/13587
f 753/13588 768/13589 769/13590
f 754/13591 769/13592 770/13593
f 755/13594 770/13595 771/13596
f 780/13597 765/13598 764/13599
f 780/13600 781/13601 766/13602
f 768/13603 787/13604 788/13605
f 788/13606 789/13607 770/13608
f 770/13609 789/13610 790/13611
f 771/13612 790/13613 791/13614
f 772/13615 791/13616 792/13617
f 773/13618 792/13619 793/13620
f 793/13621 795/13622 775/13623
f 795/13624 796/13625 776/13626
f 796/13627 797/13628 777/13629
f 797/13630 798/13631 778/13632
f 798/13633 799/13634 779/13635
f 787/13636 811/13637 812/13638
f 828/13639 808/13640 807/13641
f 841/13642 826/13643 825/13644
f 841/13645 842/13646 827/13647
f 842/13648 843/13649 828/13650
f 843/13651 844/13652 830/13653
f 849/13654 850/13655 835/13656
f 835/13657 850/13658 851/13659
f 836/13660 851/13661 852/13662
f 852/13663 853/13664 838/13665
f 853/13666 854/13667 839/13668
f 855/13669 840/13670 839/13671
f 849/13672 874/13673 863/13674
f 850/13675 863/13676 864/13677
f 851/13678 864/13679 865/13680
f 865/13681 866/13682 853/13683
f 866/13684 867/13685 854/13686
f 867/13687 868/13688 855/13689
f 868/13690 869/13691 856/13692
f 869/13693 870/13694 857/13695
f 870/13696 871/13697 858/13698
f 859/13699 875/13700 876/13701
f 863/13702 880/13703 881/13704
f 864/13705 881/13706 882/13707
f 882/13708 883/13709 866/13710
f 883/13711 884/13712 867/13713
f 884/13714 885/13715 868/13716
f 885/13717 886/13718 869/13719
f 886/13720 887/13721 870/13722
f 887/13723 888/13724 871/13725
f 889/13726 872/13727 871/13728
f 1051/13729 873/13730 872/13731
f 875/13732 903/13733 890/13734
f 900/13735 887/13736 886/13737
f 900/13738 901/13739 888/13740
f 901/13741 902/13742 889/13743
f 904/13744 914/13745 891/13746
f 891/13747 914/13748 915/13749
f 892/13750 915/13751 905/13752
f 893/13753 905/13754 906/13755
f 894/13756 906/13757 907/13758
f 895/13759 907/13760 908/13761
f 908/13762 909/13763 897/13764
f 909/13765 910/13766 898/13767
f 911/13768 899/13769 898/13770
f 912/13771 917/13772 900/13773
f 917/13774 918/13775 901/13776
f 918/13777 919/13778 902/13779
f 920/13780 1052/13781 902/13782
f 913/13783 932/13784 933/13785
f 933/13786 934/13787 922/13788
f 932/13789 946/13790 947/13791
f 933/13792 947/13793 948/13794
f 934/13795 948/13796 949/13797
f 935/13798 949/13799 950/13800
f 936/13801 950/13802 951/13803
f 937/13804 951/13805 952/13806
f 938/13807 952/13808 953/13809
f 954/13810 955/13811 940/13812
f 955/13813 956/13814 941/13815
f 956/13816 957/13817 942/13818
f 958/13819 943/13820 942/13821
f 960/13822 944/13823 943/13824
f 960/13825 961/13826 945/13827
f 946/13828 962/13829 963/13830
f 947/13831 963/13832 964/13833
f 948/13834 964/13835 965/13836
f 949/13837 965/13838 966/13839
f 950/13840 966/13841 967/13842
f 951/13843 967/13844 968/13845
f 952/13846 968/13847 969/13848
f 969/13849 970/13850 954/13851
f 970/13852 971/13853 955/13854
f 971/13855 972/13856 956/13857
f 972/13858 973/13859 957/13860
f 973/13861 974/13862 958/13863
f 974/13864 975/13865 959/13866
f 975/13867 976/13868 960/13869
f 976/13870 977/13871 961/13872
f 962/13873 978/13874 979/13875
f 963/13876 979/13877 980/13878
f 964/13879 980/13880 981/13881
f 981/13882 982/13883 966/13884
f 991/13885 976/13886 975/13887
f 991/13888 992/13889 977/13890
f 978/13891 993/13892 994/13893
f 979/13894 994/13895 995/13896
f 980/13897 995/13898 996/13899
f 996/13900 1007/13901 982/13902
f 997/13903 998/13904 983/13905
f 983/13906 998/13907 999/13908
f 984/13909 999/13910 1000/13911
f 1000/13912 1008/13913 986/13914
f 1008/13915 1009/13916 987/13917
f 1001/13918 988/13919 987/13920
f 1001/13921 1002/13922 989/13923
f 993/13924 1006/13925 1011/13926
f 994/13927 1011/13928 1012/13929
f 995/13930 1012/13931 1013/13932
f 1020/13933 1021/13934 1004/13935
f 1021/13936 1022/13937 1005/13938
f 1026/13939 1027/13940 1009/13941
f 1019/13942 1002/13943 1009/13944
f 2087/13945 1020/13946 1019/13947
f 2089/13948 1021/13949 1020/13950
f 1045/13951 1032/13952 695/13953
f 697/13954 1031/13955 2332/13956
f 698/13957 1030/13958 1031/13959
f 699/13960 2329/13961 1030/13962
f 700/13963 2327/13964 2329/13965
f 701/13966 2324/13967 2335/13968
f 709/13969 710/13970 2335/13971
f 706/13972 2316/13973 2318/13974
f 1053/13975 1056/13976 1061/13977
f 1074/13978 1076/13979 1070/13980
f 1079/13981 1080/13982 1074/13983
f 1070/13984 1076/13985 1077/13986
f 1071/13987 1077/13988 1078/13989
f 1072/13990 1078/13991 1082/13992
f 1084/13993 1096/13994 1079/13995
f 1079/13996 1096/13997 1088/13998
f 1080/13999 1088/14000 1089/14001
f 1085/14002 1094/14003 1095/14004
f 1095/14005 1099/14006 1087/14007
f 1088/14008 1097/14009 1098/14010
f 1094/14011 1102/14012 1103/14013
f 1103/14014 1108/14015 1099/14016
f 1109/14017 1110/14018 1097/14019
f 1097/14020 1110/14021 1106/14022
f 1112/14023 1113/14024 1103/14025
f 1117/14026 1107/14027 1106/14028
f 1109/14029 1124/14030 1115/14031
f 1120/14032 1121/14033 1111/14034
f 1119/14035 1113/14036 1112/14037
f 1116/14038 1135/14039 1133/14040
f 1133/14041 1130/14042 1118/14043
f 1139/14044 1136/14045 1126/14046
f 1146/14047 1148/14048 1135/14049
f 1138/14050 1150/14051 1137/14052
f 1160/14053 1144/14054 1143/14055
f 1423/14056 1145/14057 1144/14058
f 1151/14059 1150/14060 1138/14061
f 1168/14062 2063/14063 2068/14064
f 1171/14065 1168/14066 1166/14067
f 1173/14068 1174/14069 1172/14070
f 1175/14071 1176/14072 1174/14073
f 1177/14074 1179/14075 1175/14076
f 1175/14077 1179/14078 1178/14079
f 1177/14080 1165/14081 1181/14082
f 1184/14083 1181/14084 1165/14085
f 1184/14086 1187/14087 1186/14088
f 1163/14089 1196/14090 1189/14091
f 1196/14092 1191/14093 1190/14094
f 1174/14095 1176/14096 920/14097
f 1051/14098 1052/14099 1178/14100
f 1044/14101 1188/14102 1190/14103
f 1198/14104 1215/14105 1214/14106
f 1199/14107 1216/14108 1215/14109
f 1204/14110 1217/14111 1216/14112
f 1218/14113 1217/14114 1204/14115
f 1201/14116 1219/14117 1218/14118
f 1205/14119 1220/14120 1219/14121
f 1206/14122 1221/14123 1220/14124
f 1206/14125 1207/14126 1222/14127
f 1207/14128 1208/14129 1223/14130
f 1209/14131 1224/14132 1223/14133
f 1210/14134 1225/14135 1224/14136
f 1211/14137 1226/14138 1225/14139
f 1211/14140 1212/14141 1227/14142
f 1214/14143 1230/14144 1229/14145
f 1215/14146 1231/14147 1230/14148
f 1216/14149 1232/14150 1231/14151
f 1217/14152 1233/14153 1232/14154
f 1218/14155 1234/14156 1233/14157
f 1235/14158 1234/14159 1219/14160
f 1221/14161 1222/14162 1236/14163
f 1223/14164 1224/14165 1237/14166
f 1225/14167 1226/14168 1238/14169
f 1226/14170 1227/14171 1239/14172
f 1228/14173 1240/14174 1239/14175
f 1244/14176 1243/14177 1233/14178
f 1246/14179 1245/14180 1234/14181
f 1236/14182 1248/14183 1247/14184
f 1236/14185 1237/14186 1250/14187
f 1238/14188 1252/14189 1251/14190
f 1238/14191 1239/14192 1253/14193
f 1244/14194 1259/14195 1258/14196
f 1245/14197 1260/14198 1259/14199
f 1246/14200 1261/14201 1260/14202
f 1247/14203 1262/14204 1261/14205
f 1247/14206 1248/14207 1263/14208
f 1248/14209 1249/14210 1264/14211
f 1249/14212 1250/14213 1265/14214
f 1250/14215 1251/14216 1266/14217
f 1251/14218 1252/14219 1267/14220
f 1252/14221 1253/14222 1268/14223
f 1253/14224 1240/14225 1269/14226
f 1271/14227 1286/14228 1270/14229
f 1256/14230 1272/14231 1271/14232
f 1257/14233 1273/14234 1272/14235
f 1258/14236 1274/14237 1273/14238
f 1259/14239 1275/14240 1274/14241
f 1260/14242 1276/14243 1275/14244
f 1261/14245 1277/14246 1276/14247
f 1262/14248 1278/14249 1277/14250
f 1262/14251 1263/14252 1279/14253
f 1263/14254 1264/14255 1280/14256
f 1264/14257 1265/14258 1281/14259
f 1265/14260 1266/14261 1282/14262
f 1266/14263 1267/14264 1283/14265
f 1267/14266 1268/14267 1284/14268
f 1268/14269 1269/14270 1285/14271
f 1287/14272 1301/14273 1286/14274
f 1272/14275 1288/14276 1287/14277
f 1273/14278 1289/14279 1288/14280
f 1274/14281 1290/14282 1289/14283
f 1275/14284 1291/14285 1290/14286
f 1276/14287 1292/14288 1291/14289
f 1293/14290 1292/14291 1276/14292
f 1279/14293 1294/14294 1293/14295
f 1279/14296 1280/14297 1295/14298
f 1280/14299 1281/14300 1296/14301
f 1281/14302 1282/14303 1297/14304
f 1282/14305 1283/14306 1298/14307
f 1283/14308 1284/14309 1299/14310
f 1284/14311 1285/14312 1300/14313
f 1304/14314 1303/14315 1301/14316
f 1288/14317 1305/14318 1304/14319
f 1289/14320 1306/14321 1305/14322
f 1290/14323 1307/14324 1306/14325
f 1291/14326 1308/14327 1307/14328
f 1309/14329 1308/14330 1292/14331
f 1294/14332 1310/14333 1309/14334
f 1295/14335 1296/14336 1311/14337
f 1297/14338 1298/14339 1312/14340
f 1298/14341 1299/14342 1313/14343
f 1299/14344 1300/14345 1314/14346
f 1315/14347 1444/14348 1303/14349
f 1305/14350 1316/14351 1315/14352
f 1306/14353 1317/14354 1316/14355
f 1307/14356 1318/14357 1317/14358
f 1319/14359 1318/14360 1307/14361
f 1309/14362 1321/14363 1320/14364
f 1309/14365 1310/14366 1323/14367
f 1310/14368 1311/14369 1325/14370
f 1312/14371 1327/14372 1326/14373
f 1313/14374 1328/14375 1327/14376
f 1316/14377 1330/14378 1329/14379
f 1317/14380 1331/14381 1330/14382
f 1318/14383 1332/14384 1331/14385
f 1319/14386 1333/14387 1332/14388
f 1320/14389 1334/14390 1333/14391
f 1321/14392 1335/14393 1334/14394
f 1322/14395 1336/14396 1335/14397
f 1322/14398 1323/14399 1337/14400
f 1323/14401 1324/14402 1338/14403
f 1324/14404 1325/14405 1339/14406
f 1325/14407 1326/14408 1340/14409
f 1326/14410 1327/14411 1341/14412
f 1327/14413 1328/14414 1342/14415
f 1328/14416 1446/14417 1435/14418
f 1347/14419 1346/14420 1329/14421
f 1348/14422 1347/14423 1330/14424
f 1332/14425 1349/14426 1348/14427
f 1333/14428 1350/14429 1349/14430
f 1351/14431 1350/14432 1334/14433
f 1337/14434 1352/14435 1351/14436
f 1338/14437 1339/14438 1353/14439
f 1340/14440 1341/14441 1354/14442
f 1341/14443 1342/14444 1355/14445
f 1343/14446 1356/14447 1355/14448
f 1349/14449 1358/14450 1357/14451
f 1359/14452 1358/14453 1349/14454
f 1361/14455 1360/14456 1350/14457
f 1352/14458 1362/14459 1361/14460
f 1352/14461 1353/14462 1364/14463
f 1354/14464 1366/14465 1365/14466
f 1354/14467 1355/14468 1367/14469
f 1368/14470 1372/14471 1602/14472
f 1347/14473 1369/14474 1368/14475
f 1358/14476 1374/14477 1373/14478
f 1359/14479 1375/14480 1374/14481
f 1360/14482 1376/14483 1375/14484
f 1370/14485 1377/14486 1376/14487
f 1370/14488 1362/14489 1379/14490
f 1362/14491 1363/14492 1380/14493
f 1363/14494 1364/14495 1381/14496
f 1364/14497 1365/14498 1382/14499
f 1365/14500 1366/14501 1383/14502
f 1366/14503 1367/14504 1384/14505
f 1368/14506 1385/14507 1603/14508
f 1369/14509 1386/14510 1385/14511
f 1374/14512 1389/14513 1388/14514
f 1375/14515 1390/14516 1389/14517
f 1376/14518 1391/14519 1390/14520
f 1377/14521 1392/14522 1391/14523
f 1378/14524 1393/14525 1392/14526
f 1378/14527 1379/14528 1394/14529
f 1379/14530 1380/14531 1395/14532
f 1380/14533 1381/14534 1396/14535
f 1381/14536 1382/14537 1397/14538
f 1382/14539 1383/14540 1398/14541
f 1383/14542 1384/14543 1399/14544
f 1385/14545 1400/14546 1604/14547
f 1386/14548 1401/14549 1400/14550
f 1389/14551 1404/14552 1403/14553
f 1390/14554 1405/14555 1404/14556
f 1391/14557 1406/14558 1405/14559
f 1407/14560 1406/14561 1391/14562
f 1393/14563 1408/14564 1407/14565
f 1393/14566 1394/14567 1409/14568
f 1395/14569 1410/14570 1409/14571
f 1395/14572 1396/14573 1411/14574
f 1396/14575 1397/14576 1412/14577
f 1397/14578 1398/14579 1413/14580
f 1398/14581 1399/14582 1414/14583
f 1412/14584 1418/14585 2028/14586
f 1445/14587 1425/14588 1416/14589
f 1197/14590 1546/14591 1543/14592
f 1442/14593 1548/14594 1550/14595
f 1550/14596 1542/14597 1201/14598
f 1542/14599 1544/14600 1202/14601
f 1423/14602 1208/14603 1203/14604
f 1152/14605 1211/14606 1210/14607
f 1160/14608 1209/14609 1208/14610
f 1153/14611 1210/14612 1209/14613
f 1152/14614 1159/14615 1212/14616
f 1422/14617 1213/14618 1212/14619
f 1454/14620 1462/14621 1461/14622
f 1452/14623 1453/14624 1466/14625
f 1459/14626 1455/14627 1467/14628
f 1462/14629 1469/14630 1468/14631
f 1474/14632 1467/14633 1475/14634
f 1468/14635 1469/14636 1478/14637
f 1466/14638 1482/14639 1481/14640
f 1484/14641 1475/14642 1488/14643
f 1481/14644 1489/14645 1488/14646
f 1488/14647 1489/14648 1500/14649
f 1493/14650 1503/14651 1502/14652
f 1510/14653 1517/14654 1508/14655
f 1509/14656 1499/14657 1511/14658
f 1513/14659 1512/14660 1505/14661
f 1515/14662 1514/14663 1502/14664
f 1516/14665 1515/14666 1503/14667
f 1508/14668 1517/14669 1516/14670
f 1529/14671 1528/14672 1522/14673
f 1530/14674 1529/14675 1523/14676
f 1532/14677 1542/14678 1541/14679
f 1533/14680 1546/14681 1545/14682
f 1470/14683 1463/14684 1556/14685
f 1565/14686 1566/14687 1564/14688
f 1585/14689 1583/14690 1582/14691
f 1588/14692 1589/14693 1441/14694
f 1597/14695 1598/14696 1596/14697
f 1604/14698 1605/14699 1578/14700
f 1286/14701 1593/14702 1595/14703
f 1598/14704 1561/14705 1560/14706
f 1597/14707 687/14708 1561/14709
f 1621/14710 1628/14711 1631/14712
f 1629/14713 1623/14714 1622/14715
f 1627/14716 1658/14717 1626/14718
f 1633/14719 1634/14720 1433/14721
f 1638/14722 1637/14723 1635/14724
f 1640/14725 1642/14726 1641/14727
f 1642/14728 1657/14729 1644/14730
f 1657/14731 1436/14732 1646/14733
f 1646/14734 1436/14735 1648/14736
f 1650/14737 1652/14738 1654/14739
f 1653/14740 1658/14741 1627/14742
f 1660/14743 1662/14744 1724/14745
f 1671/14746 1672/14747 2281/14748
f 1673/14749 1683/14750 1708/14751
f 1683/14752 1684/14753 1710/14754
f 1685/14755 2271/14756 1710/14757
f 1685/14758 1688/14759 1709/14760
f 1677/14761 1680/14762 1672/14763
f 1686/14764 1681/14765 1675/14766
f 1678/14767 1670/14768 1669/14769
f 1689/14770 1687/14771 1677/14772
f 1693/14773 1682/14774 1681/14775
f 1694/14776 1683/14777 1682/14778
f 1694/14779 1699/14780 1684/14781
f 1695/14782 1685/14783 1684/14784
f 1692/14785 1681/14786 1686/14787
f 1704/14788 1690/14789 1689/14790
f 1691/14791 1690/14792 1704/14793
f 1746/14794 1792/14795 1693/14796
f 1792/14797 1793/14798 1694/14799
f 1706/14800 1713/14801 1712/14802
f 1719/14803 1720/14804 673/14805
f 1736/14806 1738/14807 1734/14808
f 1740/14809 1735/14810 1738/14811
f 1830/14812 1739/14813 1738/14814
f 674/14815 1742/14816 1744/14817
f 1754/14818 1700/14819 2307/14820
f 1792/14821 1755/14822 1756/14823
f 1756/14824 1757/14825 1747/14826
f 1760/14827 1761/14828 1749/14829
f 1750/14830 1762/14831 1763/14832
f 1753/14833 1766/14834 1754/14835
f 1776/14836 1777/14837 1756/14838
f 1756/14839 1777/14840 1778/14841
f 1791/14842 1768/14843 1766/14844
f 1770/14845 1771/14846 1761/14847
f 1762/14848 1779/14849 1780/14850
f 1780/14851 1785/14852 1764/14853
f 1795/14854 1773/14855 1768/14856
f 1775/14857 1782/14858 1771/14859
f 1782/14860 1783/14861 1772/14862
f 1774/14863 2296/14864 1781/14865
f 1775/14866 1781/14867 2302/14868
f 1776/14869 1784/14870 2303/14871
f 1777/14872 2303/14873 1798/14874
f 1798/14875 1799/14876 1779/14877
f 1799/14878 1800/14879 1780/14880
f 1802/14881 1789/14882 1788/14883
f 1809/14884 1806/14885 1788/14886
f 2090/14887 1821/14888 1824/14889
f 2074/14890 2064/14891 1831/14892
f 2064/14893 1836/14894 1832/14895
f 1836/14896 1834/14897 2252/14898
f 1823/14899 2265/14900 2252/14901
f 1823/14902 1824/14903 2256/14904
f 1824/14905 1816/14906 2260/14907
f 1819/14908 1829/14909 2260/14910
f 1820/14911 1841/14912 1869/14913
f 1851/14914 1853/14915 1846/14916
f 1853/14917 1854/14918 1847/14919
f 1854/14920 2193/14921 1848/14922
f 1857/14923 1843/14924 1612/14925
f 1857/14926 1859/14927 1858/14928
f 1611/14929 1859/14930 1857/14931
f 1856/14932 1862/14933 1860/14934
f 1881/14935 1861/14936 1859/14937
f 1862/14938 1864/14939 1863/14940
f 1881/14941 1880/14942 1865/14943
f 1880/14944 1868/14945 1867/14946
f 1863/14947 1870/14948 1812/14949
f 1863/14950 1864/14951 1871/14952
f 1874/14953 1873/14954 1867/14955
f 1870/14956 1877/14957 1840/14958
f 1609/14959 1608/14960 1888/14961
f 1889/14962 1896/14963 1983/14964
f 1896/14965 1902/14966 1904/14967
f 1919/14968 1909/14969 1906/14970
f 1910/14971 1914/14972 1977/14973
f 1908/14974 1907/14975 1911/14976
f 1909/14977 1912/14978 1911/14979
f 1919/14980 1913/14981 1912/14982
f 1926/14983 1928/14984 1925/14985
f 683/14986 1927/14987 1926/14988
f 1926/14989 1929/14990 1930/14991
f 1932/14992 1929/14993 1933/14994
f 1936/14995 1935/14996 1939/14997
f 1941/14998 1938/14999 1942/15000
f 1939/15001 1943/15002 1942/15003
f 1942/15004 1945/15005 1947/15006
f 1945/15007 1948/15008 1949/15009
f 1952/15010 1951/15011 1948/15012
f 1048/15013 1049/15014 1941/15015
f 1958/15016 1964/15017 1979/15018
f 2212/15019 2100/15020 1958/15021
f 2229/15022 1959/15023 2184/15024
f 1982/15025 1995/15026 1959/15027
f 2204/15028 2155/15029 1995/15030
f 1968/15031 2155/15032 2204/15033
f 1960/15034 1968/15035 2226/15036
f 2227/15037 1961/15038 1960/15039
f 1988/15040 1992/15041 1987/15042
f 1996/15043 1990/15044 1989/15045
f 1959/15046 1995/15047 1990/15048
f 1991/15049 1993/15050 1033/15051
f 2179/15052 1993/15053 1991/15054
f 1990/15055 1994/15056 2179/15057
f 1995/15058 2155/15059 1994/15060
f 2012/15061 1999/15062 2003/15063
f 2006/15064 2054/15065 2007/15066
f 2004/15067 2008/15068 2007/15069
f 2004/15070 2001/15071 2009/15072
f 2002/15073 2003/15074 2010/15075
f 2153/15076 2018/15077 2017/15078
f 2020/15079 2019/15080 2018/15081
f 2017/15082 2018/15083 2024/15084
f 2018/15085 2019/15086 2025/15087
f 2023/15088 2024/15089 2031/15090
f 2024/15091 2025/15092 2032/15093
f 2036/15094 2041/15095 2040/15096
f 2040/15097 2041/15098 2045/15099
f 2042/15100 2047/15101 2046/15102
f 2016/15103 2057/15104 2143/15105
f 2035/15106 1418/15107 1419/15108
f 2047/15109 2042/15110 1419/15111
f 1836/15112 2065/15113 2059/15114
f 2062/15115 2061/15116 2060/15117
f 2062/15118 2063/15119 2069/15120
f 2070/15121 2076/15122 2068/15123
f 2071/15124 2072/15125 2073/15126
f 2007/15127 2008/15128 2073/15129
f 2082/15130 2078/15131 2077/15132
f 1028/15133 1034/15134 2084/15135
f 2093/15136 2091/15137 2090/15138
f 2094/15139 2095/15140 2092/15141
f 2060/15142 2094/15143 2093/15144
f 2060/15145 2061/15146 2095/15147
f 2096/15148 2095/15149 2061/15150
f 2103/15151 2104/15152 2099/15153
f 2180/15154 2181/15155 2102/15156
f 2181/15157 2182/15158 2103/15159
f 2103/15160 2182/15161 2183/15162
f 2116/15163 2115/15164 2110/15165
f 2117/15166 2116/15167 2111/15168
f 2113/15169 2118/15170 2117/15171
f 2114/15172 2120/15173 2125/15174
f 2121/15175 2120/15176 2114/15177
f 2116/15178 2122/15179 2121/15180
f 2117/15181 2123/15182 2122/15183
f 2118/15184 2124/15185 2123/15186
f 2127/15187 2126/15188 2121/15189
f 2123/15190 2128/15191 2127/15192
f 2129/15193 2128/15194 2123/15195
f 2126/15196 2132/15197 2131/15198
f 2128/15199 2134/15200 2133/15201
f 2139/15202 2138/15203 2131/15204
f 2134/15205 2141/15206 2140/15207
f 2144/15208 2143/15209 2138/15210
f 2141/15211 2146/15212 2145/15213
f 2112/15214 2111/15215 2099/15216
f 2147/15217 2136/15218 1428/15219
f 2145/15220 2146/15221 2153/15222
f 1984/15223 2161/15224 2156/15225
f 2157/15226 2161/15227 2160/15228
f 2160/15229 2162/15230 2159/15231
f 2170/15232 2173/15233 2174/15234
f 2176/15235 2177/15236 2174/15237
f 1994/15238 2156/15239 2157/15240
f 2158/15241 1993/15242 2179/15243
f 1993/15244 2158/15245 2159/15246
f 2185/15247 1998/15248 2183/15249
f 2227/15250 2199/15251 2197/15252
f 2228/15253 2201/15254 2199/15255
f 2202/15256 2198/15257 2199/15258
f 2229/15259 2209/15260 2206/15261
f 2210/15262 2207/15263 2206/15264
f 2211/15265 2215/15266 2208/15267
f 2213/15268 2209/15269 1981/15270
f 2213/15271 2214/15272 2210/15273
f 2216/15274 2217/15275 2213/15276
f 2218/15277 2214/15278 2213/15279
f 2219/15280 2215/15281 2214/15282
f 2220/15283 2221/15284 2217/15285
f 2222/15286 2218/15287 2217/15288
f 2222/15289 2233/15290 2219/15291
f 2231/15292 2221/15293 1956/15294
f 2231/15295 2232/15296 2222/15297
f 1721/15298 1722/15299 2225/15300
f 2224/15301 1721/15302 2197/15303
f 2264/15304 2237/15305 2238/15306
f 2236/15307 2238/15308 2239/15309
f 1827/15310 2245/15311 2242/15312
f 2242/15313 2245/15314 2246/15315
f 2246/15316 2250/15317 2244/15318
f 1828/15319 2247/15320 2245/15321
f 2245/15322 2247/15323 2248/15324
f 1831/15325 1832/15326 2251/15327
f 2251/15328 2253/15329 2248/15330
f 2255/15331 2257/15332 2235/15333
f 2265/15334 2256/15335 2258/15336
f 2258/15337 2259/15338 2255/15339
f 2260/15340 2261/15341 2258/15342
f 2261/15343 2262/15344 2259/15345
f 1735/15346 1740/15347 2262/15348
f 1741/15349 2263/15350 2262/15351
f 2267/15352 2270/15353 1709/15354
f 2270/15355 2273/15356 1710/15357
f 1708/15358 2273/15359 2274/15360
f 2273/15361 2272/15362 2275/15363
f 2274/15364 2276/15365 2277/15366
f 2274/15367 2275/15368 2266/15369
f 2276/15370 2279/15371 2281/15372
f 2276/15373 2266/15374 2280/15375
f 1703/15376 2279/15377 2282/15378
f 2280/15379 2381/15380 2282/15381
f 2381/15382 2360/15383 2284/15384
f 1743/15385 1742/15386 2267/15387
f 2267/15388 1742/15389 1745/15390
f 1800/15391 2288/15392 2286/15393
f 1798/15394 2290/15395 2288/15396
f 2290/15397 2291/15398 2292/15399
f 2303/15400 1784/15401 2291/15402
f 2291/15403 2293/15404 2294/15405
f 1797/15406 2293/15407 2291/15408
f 2293/15409 2295/15410 2297/15411
f 1781/15412 2295/15413 2293/15414
f 2295/15415 2298/15416 2300/15417
f 2296/15418 2299/15419 2298/15420
f 2362/15421 2342/15422 2300/15423
f 2299/15424 2301/15425 2362/15426
f 1807/15427 1808/15428 2286/15429
f 1788/15430 2287/15431 2286/15432
f 682/15433 2306/15434 2305/15435
f 2308/15436 2311/15437 2310/15438
f 2307/15439 2354/15440 2308/15441
f 2376/15442 2336/15443 684/15444
f 2319/15445 2318/15446 2316/15447
f 2319/15448 2320/15449 1047/15450
f 2321/15451 2320/15452 2323/15453
f 2323/15454 2325/15455 2324/15456
f 2326/15457 2325/15458 2328/15459
f 2332/15460 2331/15461 2333/15462
f 2315/15463 2337/15464 2317/15465
f 2306/15466 1032/15467 2334/15468
f 2194/15469 2363/15470 2364/15471
f 2337/15472 2315/15473 2190/15474
f 2231/15475 2230/15476 2340/15477
f 2343/15478 2236/15479 2347/15480
f 2340/15481 2230/15482 1923/15483
f 2363/15484 2366/15485 2365/15486
f 2376/15487 2369/15488 2375/15489
