o Blender002_Body001
v 0.054177 0.0142095 -0.194515
v 0.052705 0.0141605 -0.197108
v 0.050991 0.0141345 -0.199302
v 0.054158 0.0053805 -0.194395
v 0.052688 0.0054805 -0.19702
v 0.050953 0.0057635 -0.199273
v 0.053744 -0.0026425 -0.194394
v 0.05228 -0.0024255 -0.19702
v 0.050559 -0.0019785 -0.199275
v 0.053066 -0.0106175 -0.194399
v 0.051612 -0.0102865 -0.197022
v 0.049893 -0.0098695 -0.199277
v 0.052326 -0.0181495 -0.194034
v 0.050647 -0.0179915 -0.19703
v 0.048993 -0.0173115 -0.19925
v 0.050877 -0.0262335 -0.193977
v 0.049319 -0.0251725 -0.197052
v 0.047673 -0.0244365 -0.199277
v 0.049441 -0.0307815 -0.194455
v 0.048042 -0.0301075 -0.197062
v 0.048747 -0.0349585 -0.193127
v 0.047526 -0.0342345 -0.195819
v 0.046389 -0.0321055 -0.198397
v 0.045379 -0.0310965 -0.199754
v 0.046638 -0.0383625 -0.194494
v 0.045293 -0.0375175 -0.197092
v 0.043747 -0.0365395 -0.199293
v 0.045038 -0.0419305 -0.194134
v 0.043445 -0.0410725 -0.197108
v 0.041964 -0.0399755 -0.199302
v 0.042931 -0.0460205 -0.193171
v 0.039849 -0.0431925 -0.199316
v 0.040265 -0.0492135 -0.193162
v 0.041251 -0.0458285 -0.195881
v 0.039894 -0.0448795 -0.198179
v 0.036965 -0.0459375 -0.199743
v 0.038463 -0.0521775 -0.191249
v 0.037821 -0.0496505 -0.195773
v 0.036615 -0.0483955 -0.198196
v 0.035599 -0.0533195 -0.193223
v 0.034597 -0.0522465 -0.19589
v 0.033491 -0.0509095 -0.198281
v 0.033273 -0.0492625 -0.199789
v 0.032081 -0.0556385 -0.19321
v 0.031171 -0.0544965 -0.195884
v 0.030175 -0.0530895 -0.198275
v 0.028383 -0.0575385 -0.193234
v 0.02756 -0.0563695 -0.195875
v 0.026673 -0.0549105 -0.198266
v 0.027656 -0.0528965 -0.199757
v 0.022901 -0.0597355 -0.193203
v 0.022142 -0.0585255 -0.195866
v 0.021398 -0.0570165 -0.198256
v 0.020673 -0.0557765 -0.19975
v 0.015753 -0.0616645 -0.193203
v 0.015069 -0.0604345 -0.195852
v 0.014656 -0.0593135 -0.197632
v 0.014006 -0.0580755 -0.19927
v 0.008411 -0.0630405 -0.193164
v 0.007829 -0.0617715 -0.195841
v 0.007374 -0.0602035 -0.198233
v 0.006269 -0.0583175 -0.200353
v 0.000548 -0.0640275 -0.193184
v 7.6e-05 -0.0627445 -0.195844
v -0.007344 -0.0647255 -0.19316
v -0.007836 -0.0634185 -0.195852
v -0.00377 -0.0615255 -0.198235
v -0.004256 -0.0602145 -0.199712
v -0.017814 -0.0652195 -0.193243
v -0.017939 -0.0638505 -0.195967
v -0.017986 -0.0622515 -0.19831
v -0.027057 -0.0651595 -0.193203
v -0.026693 -0.0638305 -0.195884
v -0.026583 -0.0622325 -0.198246
v -0.035176 -0.0647335 -0.193213
v -0.03467 -0.0634195 -0.195893
v -0.034442 -0.0618295 -0.198249
v -0.043072 -0.0640415 -0.193262
v -0.042589 -0.0627475 -0.195905
v -0.042251 -0.0611665 -0.198254
v -0.038275 -0.0602255 -0.199706
v -0.050937 -0.0630615 -0.193265
v -0.050348 -0.0617765 -0.195921
v -0.049892 -0.0602095 -0.198262
v -0.058275 -0.0616875 -0.193335
v -0.05759 -0.0604385 -0.195954
v -0.057179 -0.0593135 -0.197691
v -0.05652 -0.0580775 -0.19929
v -0.065429 -0.0597625 -0.193358
v -0.064665 -0.0585305 -0.195984
v -0.063925 -0.0570205 -0.198301
v -0.063188 -0.0557765 -0.199766
v -0.070915 -0.0575665 -0.193409
v -0.070081 -0.0563735 -0.196009
v -0.068712 -0.0546015 -0.198898
v -0.074618 -0.0556675 -0.193397
v -0.073688 -0.0545015 -0.196029
v -0.072696 -0.0530935 -0.19833
v -0.071131 -0.0514945 -0.200425
v -0.07814 -0.0533535 -0.193415
v -0.082079 -0.0500165 -0.193399
v -0.077963 -0.0516295 -0.196055
v -0.07683 -0.0503135 -0.198347
v -0.075779 -0.0492575 -0.199817
v -0.081791 -0.0481965 -0.195952
v -0.080536 -0.0469925 -0.198267
v -0.079475 -0.0459385 -0.199767
v -0.085482 -0.0460405 -0.193404
v -0.084069 -0.0446905 -0.19672
v -0.082354 -0.0431985 -0.199354
v -0.087824 -0.0424625 -0.193416
v -0.086305 -0.0412825 -0.196714
v -0.089737 -0.0387335 -0.193436
v -0.088513 -0.0379235 -0.196048
v -0.087053 -0.0370425 -0.198335
v -0.085067 -0.0386665 -0.199491
v -0.091301 -0.0349585 -0.193398
v -0.092559 -0.0310745 -0.193415
v -0.090669 -0.0325005 -0.196035
v -0.089159 -0.0317645 -0.198324
v -0.087886 -0.0310815 -0.199788
v -0.093846 -0.0260865 -0.193409
v -0.092576 -0.0254245 -0.196019
v -0.09103 -0.0248465 -0.19831
v -0.089729 -0.0242865 -0.199765
v -0.095216 -0.0187585 -0.193364
v -0.093912 -0.0181845 -0.196002
v -0.092345 -0.0177365 -0.198297
v -0.090184 -0.0181945 -0.200394
v -0.096202 -0.0108985 -0.193369
v -0.094884 -0.0104305 -0.195998
v -0.096894 -0.0029875 -0.193346
v -0.095556 -0.0025255 -0.195998
v -0.093667 -0.0065835 -0.198294
v -0.092347 -0.0060185 -0.199743
v -0.09731 0.0051195 -0.193373
v -0.095967 0.0054305 -0.196001
v -0.09437 0.0055325 -0.198293
v -0.097371 0.0142475 -0.193435
v -0.095985 0.0141865 -0.196098
v -0.094387 0.0141375 -0.198364
v -0.093087 0.0108975 -0.199819
v -0.096894 0.0247455 -0.193347
v -0.095556 0.0242875 -0.195998
v -0.096202 0.0326625 -0.193368
v -0.094884 0.0321995 -0.195997
v -0.093667 0.0283515 -0.198294
v -0.0923 0.0280385 -0.19977
v -0.095216 0.0405265 -0.193362
v -0.093537 0.0398295 -0.196658
v -0.091504 0.0390845 -0.199295
v -0.093844 0.0478615 -0.193406
v -0.092575 0.0472075 -0.196013
v -0.091029 0.0466295 -0.198306
v -0.089728 0.0460605 -0.199763
v -0.092558 0.0528475 -0.193412
v -0.091299 0.0567305 -0.193395
v -0.090666 0.0542855 -0.196028
v -0.089156 0.0535495 -0.198319
v -0.087884 0.0528565 -0.199786
v -0.089734 0.0605055 -0.193432
v -0.08851 0.0597035 -0.196039
v -0.08705 0.0588225 -0.19833
v -0.087822 0.0642325 -0.193412
v -0.086303 0.0630575 -0.196708
v -0.085063 0.0604345 -0.199492
v -0.08548 0.0678075 -0.193402
v -0.084068 0.0664585 -0.196716
v -0.082357 0.0649625 -0.199351
v -0.082075 0.0717815 -0.193401
v -0.081787 0.0699615 -0.195953
v -0.080533 0.0687575 -0.198268
v -0.079471 0.0677025 -0.199768
v -0.078132 0.0751195 -0.19342
v -0.077952 0.0733955 -0.196062
v -0.076819 0.0720795 -0.198351
v -0.075775 0.0710255 -0.199815
v -0.074608 0.0774335 -0.193402
v -0.073668 0.0762675 -0.19604
v -0.072676 0.0748605 -0.198337
v -0.070901 0.0793335 -0.193416
v -0.070054 0.0781405 -0.196021
v -0.069171 0.0766815 -0.198325
v -0.070156 0.0746615 -0.199779
v -0.065408 0.0815295 -0.193364
v -0.06463 0.0802965 -0.195995
v -0.06389 0.0787885 -0.198308
v -0.063171 0.0775415 -0.199769
v -0.058255 0.0834525 -0.193339
v -0.057554 0.0822025 -0.195965
v -0.057143 0.0810785 -0.197698
v -0.056499 0.0798425 -0.199292
v -0.05092 0.0848255 -0.19327
v -0.05031 0.0835385 -0.195932
v -0.049853 0.0819715 -0.19827
v -0.048298 0.0798605 -0.200602
v -0.043056 0.0858045 -0.193265
v -0.042551 0.0845095 -0.195913
v -0.035162 0.0864965 -0.193215
v -0.034635 0.0851815 -0.195899
v -0.038685 0.0832935 -0.198258
v -0.038226 0.0819795 -0.199719
v -0.027046 0.0869215 -0.193205
v -0.026668 0.0855905 -0.195889
v -0.026557 0.0839935 -0.198249
v -0.017812 0.0869815 -0.193243
v -0.017938 0.0856105 -0.195971
v -0.017984 0.0840105 -0.198313
v -0.017918 0.0826675 -0.199764
v -0.007355 0.0864885 -0.193162
v -0.00786 0.0851805 -0.195856
v 0.000541 0.0857905 -0.193185
v 6.5e-05 0.0845065 -0.195846
v -0.003787 0.0832885 -0.198237
v -0.004236 0.0819865 -0.1997
v 0.008412 0.0848035 -0.193164
v 0.007833 0.0835345 -0.19584
v 0.007378 0.0819665 -0.198232
v 0.01576 0.0834255 -0.193201
v 0.015082 0.0821965 -0.195849
v 0.014668 0.0810755 -0.19763
v 0.014015 0.0798365 -0.19927
v 0.022912 0.0814955 -0.1932
v 0.02216 0.0802865 -0.19586
v 0.021415 0.0787765 -0.198253
v 0.020682 0.0775395 -0.199748
v 0.028391 0.0792995 -0.193231
v 0.027575 0.0781295 -0.195868
v 0.026687 0.0766705 -0.198262
v 0.02588 0.0754845 -0.199747
v 0.032087 0.0773985 -0.193207
v 0.031181 0.0762575 -0.195878
v 0.030185 0.0748505 -0.198271
v 0.035602 0.0750815 -0.193221
v 0.034602 0.0740085 -0.195887
v 0.033496 0.0726705 -0.198279
v 0.038463 0.0739395 -0.191249
v 0.033273 0.0710215 -0.199793
v 0.040266 0.0709745 -0.193164
v 0.037824 0.0714105 -0.195774
v 0.036618 0.0701545 -0.198197
v 0.036968 0.0676995 -0.199742
v 0.042934 0.0677775 -0.193174
v 0.041254 0.0675805 -0.195888
v 0.039897 0.0666335 -0.198182
v 0.039847 0.0649505 -0.19932
v 0.045278 0.0641975 -0.193174
v 0.044124 0.0633015 -0.195866
v 0.042719 0.0623035 -0.198268
v 0.04823 0.0601575 -0.191235
v 0.047015 0.0606625 -0.193345
v 0.045997 0.0596915 -0.195848
v 0.04454 0.0588005 -0.198256
v 0.04246 0.0599025 -0.19976
v 0.048749 0.0567085 -0.193132
v 0.047529 0.0559705 -0.19583
v 0.049444 0.0525165 -0.194465
v 0.048044 0.0518425 -0.19707
v 0.046393 0.0538385 -0.198403
v 0.045382 0.0528435 -0.199756
v 0.052523 0.0455745 -0.191233
v 0.050878 0.0479775 -0.193982
v 0.04932 0.0469065 -0.197058
v 0.047674 0.0461825 -0.19928
v 0.052652 0.0405075 -0.193088
v 0.051017 0.0398165 -0.196484
v 0.048993 0.0390575 -0.199253
v 0.053066 0.0323615 -0.194404
v 0.051612 0.0320295 -0.197026
v 0.049893 0.0316315 -0.199277
v 0.053743 0.0243955 -0.194396
v 0.05228 0.0241755 -0.197021
v 0.050562 0.0237605 -0.19927
v 0.055491 0.0156965 -0.191233
v 0.055091 -0.0021525 -0.191232
v 0.05444 -0.0101565 -0.191233
v 0.053655 -0.0167985 -0.19123
v 0.052742 -0.0226945 -0.191233
v 0.05168 -0.0277145 -0.191229
v 0.050651 -0.0316675 -0.191235
v 0.049357 -0.0355615 -0.191229
v 0.048229 -0.0383975 -0.191235
v 0.04693 -0.0411595 -0.191234
v 0.044974 -0.0445475 -0.191233
v 0.042626 -0.0478025 -0.191228
v 0.039998 -0.0506905 -0.19123
v 0.035688 -0.0543325 -0.191229
v 0.032521 -0.0563555 -0.191228
v 0.029387 -0.0580045 -0.191229
v 0.025595 -0.0596125 -0.191228
v 0.021678 -0.0609325 -0.191229
v 0.017763 -0.0619965 -0.191229
v 0.01172 -0.0632735 -0.19123
v 0.00366 -0.0644465 -0.191229
v -0.003337 -0.0651565 -0.191229
v -0.010564 -0.0656805 -0.191229
v -0.018535 -0.0659975 -0.191229
v -0.025024 -0.0659775 -0.19123
v -0.031947 -0.0657055 -0.191229
v -0.039174 -0.0651985 -0.191229
v -0.046177 -0.0645045 -0.191229
v -0.054246 -0.0633495 -0.19123
v -0.060298 -0.0620865 -0.191229
v -0.064221 -0.0610305 -0.191229
v -0.06815 -0.0597185 -0.191228
v -0.071954 -0.0581175 -0.191229
v -0.075099 -0.0564745 -0.191228
v -0.078283 -0.0544515 -0.191229
v -0.080796 -0.0524715 -0.191229
v -0.082619 -0.0508045 -0.19123
v -0.085261 -0.0479095 -0.191228
v -0.087593 -0.0446735 -0.191229
v -0.089098 -0.0421195 -0.191229
v -0.090442 -0.0394745 -0.191229
v -0.092029 -0.0356285 -0.191229
v -0.093313 -0.0317255 -0.191229
v -0.094362 -0.0277615 -0.191229
v -0.095219 -0.0237525 -0.19123
v -0.096178 -0.0180985 -0.191229
v -0.097149 -0.0099465 -0.191229
v -0.097793 -0.0020335 -0.191229
v -0.098226 0.0073405 -0.191229
v -0.09819 0.0155275 -0.191229
v -0.097794 0.0237725 -0.191229
v -0.097149 0.0317085 -0.191229
v -0.096179 0.0398585 -0.191229
v -0.09522 0.0455125 -0.19123
v -0.094362 0.0495235 -0.191229
v -0.093314 0.0534875 -0.191229
v -0.09203 0.0573895 -0.191229
v -0.090443 0.0612355 -0.191229
v -0.089099 0.0638825 -0.191229
v -0.087593 0.0664365 -0.191229
v -0.085262 0.0696725 -0.191228
v -0.082619 0.0725665 -0.19123
v -0.080796 0.0742345 -0.191229
v -0.078283 0.0762145 -0.191229
v -0.0751 0.0782365 -0.191228
v -0.071955 0.0798795 -0.191229
v -0.068152 0.0814805 -0.191228
v -0.064222 0.0827935 -0.191229
v -0.060299 0.0838485 -0.191229
v -0.054247 0.0851125 -0.19123
v -0.046177 0.0862675 -0.191229
v -0.039175 0.0869605 -0.191229
v -0.031946 0.0874685 -0.191229
v -0.025025 0.0877395 -0.19123
v -0.018536 0.0877605 -0.191229
v -0.010564 0.0874435 -0.191229
v -0.003336 0.0869185 -0.191229
v 0.00366 0.0862095 -0.191229
v 0.01172 0.0850365 -0.19123
v 0.017762 0.0837595 -0.191229
v 0.021677 0.0826955 -0.191229
v 0.025594 0.0813755 -0.191228
v 0.029386 0.0797675 -0.191229
v 0.03252 0.0781185 -0.191228
v 0.035688 0.0760955 -0.191229
v 0.039997 0.0724535 -0.19123
v 0.042625 0.0695655 -0.191228
v 0.044943 0.0663405 -0.191229
v 0.046888 0.0629765 -0.191229
v 0.049357 0.0573245 -0.191229
v 0.050652 0.0534275 -0.191235
v 0.05168 0.0494775 -0.191229
v 0.053487 0.0398325 -0.191229
v 0.05444 0.0319185 -0.191233
v 0.05509 0.0239315 -0.191232
v 0.05554 0.0073825 -0.191235
v 0.04908 0.0223545 -0.200708
v 0.028656 0.0732565 -0.200406
v 0.022714 0.0755415 -0.200762
v 0.008166 0.0797905 -0.200359
v 0.00131 0.0802425 -0.200713
v -0.011093 0.0813065 -0.200725
v -0.02425 0.0820155 -0.200386
v -0.065209 0.0755315 -0.200773
v -0.080506 0.0646535 -0.200757
v -0.088075 0.0479505 -0.200761
v -0.089608 0.0394165 -0.200871
v -0.091294 0.0271085 -0.200697
v -0.091728 0.0029465 -0.200745
v -0.091112 -0.0076565 -0.200681
v -0.080514 -0.0428775 -0.200757
v -0.065216 -0.0537665 -0.200773
v -0.02669 -0.0602095 -0.200356
v -0.01847 -0.0602995 -0.20035
v 0.009524 -0.0572625 -0.200753
v 0.02844 -0.0510425 -0.200767
v 0.045588 -0.0261895 -0.200742
v -0.053175 -0.0011955 -0.201229
v 0.048119 0.0139085 -0.201226
v 0.046109 0.0395225 -0.201221
v 0.040004 0.0592785 -0.201218
v -0.04931 0.0784295 -0.201199
v -0.088314 0.0410955 -0.201218
v -0.077215 -0.0447845 -0.201214
v -0.071642 -0.0491925 -0.201212
v -0.059471 -0.0545355 -0.201202
v -0.039497 -0.0578685 -0.201199
v 0.022572 -0.0527415 -0.201195
v 0.030014 -0.0486155 -0.201216
v 0.03652 -0.0430435 -0.201202
v 0.040551 -0.0369165 -0.201197
v 0.045629 -0.0209915 -0.201211
v -0.073695 -0.0271015 -0.201229
v 0.03069 -0.0261345 -0.201229
v 0.030965 0.0492815 -0.201229
v -0.073226 0.0479785 -0.201229
v 0.048303 0.0288265 -0.200913
v 0.046032 0.0439795 -0.200994
v 0.047351 0.0396915 -0.200669
v 0.043378 0.0522715 -0.201148
v 0.044235 0.0522315 -0.200807
v 0.04128 0.0588675 -0.200951
v 0.042835 0.0561615 -0.200772
v 0.039252 0.0624735 -0.200913
v 0.03642 0.0665455 -0.200737
v 0.034069 0.0674575 -0.201196
v 0.025957 0.0729595 -0.201203
v 0.032536 0.0700155 -0.200798
v 0.028647 0.0721505 -0.201012
v 0.017988 0.0764675 -0.201065
v 0.01595 0.0776385 -0.200764
v 0.016178 0.0763325 -0.201226
v 0.006726 0.0788325 -0.201099
v -0.012419 0.0804765 -0.201137
v -0.023928 0.0810975 -0.200991
v -0.024074 0.0802485 -0.201227
v -0.039895 0.0799975 -0.201054
v -0.035887 0.0809985 -0.200731
v -0.058872 0.0764735 -0.201196
v -0.056836 0.0780745 -0.20076
v -0.065282 0.0748205 -0.201071
v -0.070453 0.0719005 -0.201197
v -0.07038 0.0731005 -0.200775
v -0.076853 0.0679705 -0.201036
v -0.073776 0.0709105 -0.200819
v -0.076859 0.0684915 -0.200789
v -0.080735 0.0626875 -0.201169
v -0.077703 0.0659915 -0.201224
v -0.08339 0.0595485 -0.200967
v -0.084938 0.0540335 -0.201211
v -0.08674 0.0504895 -0.20107
v -0.085589 0.0555745 -0.200785
v -0.090297 0.0320955 -0.200981
v -0.090626 0.0227365 -0.201145
v -0.090894 0.0112705 -0.201196
v -0.091956 0.0125715 -0.200741
v -0.090511 -0.0030165 -0.201145
v -0.088283 -0.0192365 -0.201225
v -0.0898 -0.0144885 -0.200982
v -0.088369 -0.0239505 -0.200907
v -0.085881 -0.0305095 -0.201151
v -0.086744 -0.0306025 -0.200789
v -0.082948 -0.0370945 -0.201204
v -0.084096 -0.0371045 -0.200792
v -0.079442 -0.0432345 -0.201061
v -0.076727 -0.0468725 -0.200779
v -0.07439 -0.0483895 -0.200966
v -0.070919 -0.0505635 -0.200997
v -0.065292 -0.0528555 -0.201136
v -0.058454 -0.0558655 -0.200773
v -0.049817 -0.0563805 -0.201226
v -0.050849 -0.0570685 -0.200968
v -0.021363 -0.0595075 -0.200945
v -0.017638 -0.0585805 -0.201204
v -0.006933 -0.0585765 -0.201062
v 0.006761 -0.0566305 -0.201212
v 0.016878 -0.0547145 -0.201156
v 0.015957 -0.0558745 -0.200764
v 0.02276 -0.0537565 -0.200765
v 0.030798 -0.0488605 -0.201075
v 0.033155 -0.0478405 -0.20077
v 0.036745 -0.0443005 -0.200782
v 0.039866 -0.0401285 -0.200795
v 0.043394 -0.0304785 -0.201146
v 0.043101 -0.0338155 -0.200769
v 0.047804 -0.0103305 -0.200971
v 0.048811 -0.0053395 -0.200674
v 0.048127 -0.0009375 -0.201142
v 0.049181 0.0129465 -0.200911
v 0.045867 0.0476785 -0.200566
v -0.050651 -0.0580245 -0.200371
v -0.04024 -0.0588645 -0.200732
v -0.005079 -0.0591285 -0.200723
v 0.047122 -0.0176485 -0.200856
v 0.049394 0.0071975 -0.200732
v 0.057961 0.0011325 -0.178997
v 0.056707 -0.0121305 -0.18084
v 0.056819 -0.0162065 -0.175229
v 0.055379 -0.0212055 -0.181949
v 0.055004 -0.0274675 -0.17523
v 0.054069 -0.0275405 -0.182473
v 0.052799 -0.0330005 -0.182069
v 0.051563 -0.0372745 -0.181049
v 0.050747 -0.0355545 -0.187231
v 0.049968 -0.0411265 -0.181127
v 0.048089 -0.0450725 -0.180169
v 0.045757 -0.0486495 -0.180103
v 0.042273 -0.0526505 -0.180446
v 0.044578 -0.0491125 -0.183687
v 0.041035 -0.0546915 -0.175231
v 0.037024 -0.0577675 -0.175232
v 0.037665 -0.0558145 -0.183427
v 0.034025 -0.0581725 -0.183447
v 0.031911 -0.0606335 -0.175229
v 0.028679 -0.0613375 -0.180792
v 0.024519 -0.0634695 -0.175231
v 0.01881 -0.0650015 -0.175231
v 0.020625 -0.0636255 -0.182665
v 0.006286 -0.0668385 -0.178992
v 0.013092 -0.0652425 -0.182691
v 0.003441 -0.0656835 -0.187229
v 0.003878 -0.0663085 -0.184279
v -0.006202 -0.0683415 -0.175231
v -0.00707 -0.0675645 -0.182766
v -0.007469 -0.0667075 -0.187232
v -0.017078 -0.0683055 -0.181413
v -0.04109 -0.0680085 -0.175231
v -0.030325 -0.0677885 -0.183607
v -0.043511 -0.0667435 -0.183855
v -0.053183 -0.0665505 -0.175231
v -0.051733 -0.0657365 -0.183868
v -0.060628 -0.0651815 -0.175232
v -0.054103 -0.0646095 -0.18723
v -0.059375 -0.0645565 -0.182741
v -0.066059 -0.0637845 -0.175232
v -0.062155 -0.0629575 -0.187235
v -0.067699 -0.0627715 -0.180283
v -0.067937 -0.0611905 -0.187234
v -0.072928 -0.0613405 -0.17523
v -0.072031 -0.0607015 -0.182609
v -0.072833 -0.0592025 -0.187231
v -0.077561 -0.0590065 -0.175232
v -0.076542 -0.0583935 -0.182928
v -0.0774 -0.0566995 -0.187233
v -0.081076 -0.0567195 -0.175232
v -0.080204 -0.0560385 -0.18295
v -0.08094 -0.0541815 -0.187233
v -0.084317 -0.0540535 -0.175232
v -0.083624 -0.0532635 -0.182829
v -0.084239 -0.0511735 -0.187234
v -0.089036 -0.0487035 -0.175231
v -0.086713 -0.0483005 -0.187233
v -0.087368 -0.0490835 -0.183327
v -0.092654 -0.0426075 -0.175231
v -0.091477 -0.0423625 -0.183708
v -0.091195 -0.0410465 -0.187234
v -0.094527 -0.0381585 -0.175231
v -0.093935 -0.0366715 -0.183759
v -0.096206 -0.0329825 -0.17523
v -0.096301 -0.0286545 -0.18348
v -0.098302 -0.0202855 -0.180736
v -0.097752 -0.0154025 -0.187232
v -0.09918 -0.0102195 -0.183048
v -0.100967 0.0045125 -0.17523
v -0.100032 0.0038435 -0.183763
v -0.099407 0.0069615 -0.187232
v -0.099377 0.0155525 -0.187231
v -0.099923 0.0302025 -0.178567
v -0.100143 0.0160295 -0.183626
v -0.098774 0.0269345 -0.18723
v -0.09918 0.0319835 -0.183047
v -0.098302 0.0420475 -0.180732
v -0.096796 0.0437295 -0.187231
v -0.097494 0.0495555 -0.17523
v -0.0963 0.0504195 -0.183479
v -0.093934 0.0584375 -0.183759
v -0.092653 0.0643725 -0.175231
v -0.091476 0.0641265 -0.183708
v -0.091194 0.0628105 -0.187234
v -0.088845 0.0670375 -0.187233
v -0.089036 0.0704665 -0.175231
v -0.087368 0.0708485 -0.183324
v -0.083623 0.0750265 -0.182832
v -0.080201 0.0778025 -0.182955
v -0.075891 0.0806055 -0.182605
v -0.071121 0.0827725 -0.182899
v -0.066066 0.0855455 -0.175232
v -0.060635 0.0869425 -0.175232
v -0.05937 0.0863195 -0.182744
v -0.053187 0.0883125 -0.175231
v -0.051733 0.0874995 -0.183867
v -0.043513 0.0885065 -0.183854
v -0.027171 0.0905985 -0.175231
v -0.030324 0.0895515 -0.183606
v -0.017875 0.0906805 -0.17523
v -0.017079 0.0900685 -0.181415
v -0.001743 0.0897835 -0.17523
v -0.007071 0.0893275 -0.182767
v 0.006285 0.0886015 -0.178991
v -0.007468 0.0884705 -0.187232
v 0.003879 0.0880705 -0.184279
v 0.018807 0.0867655 -0.175231
v 0.013094 0.0870045 -0.18269
v 0.016498 0.0853485 -0.187231
v 0.020628 0.0853885 -0.182662
v 0.028352 0.0831445 -0.181322
v 0.029387 0.0812655 -0.187237
v 0.034025 0.0799355 -0.183447
v 0.037666 0.0775765 -0.183427
v 0.043869 0.0728215 -0.17996
v 0.041385 0.0747995 -0.182106
v 0.045206 0.0721345 -0.175231
v 0.043234 0.0710545 -0.18724
v 0.048171 0.0678755 -0.175231
v 0.046673 0.0680045 -0.183398
v 0.05096 0.0625265 -0.175229
v 0.048822 0.0642575 -0.183398
v 0.052422 0.0573645 -0.179259
v 0.050912 0.0598205 -0.182856
v 0.052461 0.0542055 -0.184336
v 0.052418 0.0518235 -0.187233
v 0.054069 0.0492985 -0.182476
v 0.055378 0.0429695 -0.181951
v 0.056707 0.0338905 -0.180843
v 0.057956 0.0206605 -0.179023
v 0.057164 0.0203115 -0.184369
v 0.057609 0.0077915 -0.183032
v 0.056679 0.0155325 -0.187229
v 0.056279 0.0238565 -0.187229
v 0.055623 0.0321275 -0.187231
v 0.054704 0.0398665 -0.18723
v 0.053656 0.0461935 -0.18723
v 0.050748 0.0573155 -0.187231
v 0.049209 0.0612205 -0.18723
v 0.047288 0.0650835 -0.187229
v 0.045004 0.0687085 -0.187229
v 0.040147 0.0742815 -0.187234
v 0.036596 0.0771365 -0.187229
v 0.032998 0.0794155 -0.187229
v 0.023767 0.0834285 -0.187231
v 0.010363 0.0864915 -0.18723
v 0.003441 0.0874455 -0.187229
v -0.018451 0.0889515 -0.187231
v -0.027826 0.0888675 -0.18723
v -0.042628 0.0878875 -0.187231
v -0.054103 0.0863725 -0.18723
v -0.062151 0.0847205 -0.187235
v -0.067934 0.0829535 -0.187234
v -0.072832 0.0809655 -0.187231
v -0.0774 0.0784615 -0.187233
v -0.08094 0.0759435 -0.187233
v -0.08424 0.0729355 -0.187233
v -0.086713 0.0700635 -0.187233
v -0.093269 0.0577845 -0.18723
v -0.095232 0.0513085 -0.187229
v -0.097752 0.0371675 -0.187232
v -0.098774 -0.0051725 -0.18723
v -0.096796 -0.0219665 -0.187231
v -0.095232 -0.0295455 -0.187229
v -0.093268 -0.0360215 -0.18723
v -0.088845 -0.0452745 -0.187232
v -0.042627 -0.0661245 -0.187231
v -0.027825 -0.0671045 -0.18723
v -0.018449 -0.0671885 -0.187231
v 0.010362 -0.0647285 -0.18723
v 0.016498 -0.0635865 -0.187231
v 0.021424 -0.0623405 -0.187232
v 0.025704 -0.0610055 -0.187241
v 0.029384 -0.0595035 -0.187237
v 0.032999 -0.0576525 -0.187229
v 0.036596 -0.0553735 -0.187229
v 0.040148 -0.0525185 -0.187234
v 0.043454 -0.0489935 -0.18723
v 0.046588 -0.0446085 -0.187239
v 0.048758 -0.0404915 -0.18723
v 0.052418 -0.0300615 -0.187233
v 0.053656 -0.0244315 -0.18723
v 0.054704 -0.0181035 -0.18723
v 0.055622 -0.0103655 -0.187231
v 0.056304 -0.0025785 -0.187242
v 0.056715 0.0069665 -0.187232
v 0.058194 -0.0005685 -0.175229
v 0.053852 -0.0321675 -0.175229
v 0.051813 -0.0385195 -0.175229
v 0.0487 -0.0452615 -0.175229
v 0.044836 -0.0507875 -0.175229
v 0.007697 -0.0669925 -0.175229
v -0.017876 -0.0689175 -0.17523
v -0.027171 -0.0688365 -0.175231
v -0.099386 -0.0160495 -0.175229
v -0.100191 -0.0086775 -0.175232
v -0.10108 0.0140145 -0.175231
v -0.100745 0.0223415 -0.175229
v -0.099386 0.0378125 -0.175229
v -0.084318 0.0758145 -0.175232
v -0.081078 0.0784805 -0.175232
v -0.077567 0.0807655 -0.175232
v -0.041092 0.0897715 -0.175231
v 0.011075 0.0882145 -0.175229
v 0.024516 0.0852325 -0.175231
v 0.031911 0.0823965 -0.175229
v 0.037022 0.0795315 -0.175232
v 0.041035 0.0764545 -0.175231
v 0.053852 0.0539305 -0.175229
v 0.055003 0.0492325 -0.17523
v 0.056819 0.0379685 -0.175229
v 0.058094 0.0237695 -0.175229
v 0.05854 0.0118495 -0.175229
v -0.090606 -0.0453155 -0.180052
v -0.086509 -0.0518115 -0.17523
v -0.097493 -0.0277955 -0.17523
v -0.096207 0.0547425 -0.17523
v -0.094527 0.0599215 -0.175231
v -0.090605 0.0670825 -0.180044
v -0.086509 0.0735745 -0.17523
v -0.072929 0.0831025 -0.17523
v -0.067705 0.0845325 -0.180288
v 0.040203 -0.0185045 -0.030229
v 0.033719 -0.0406605 -0.030228
v 0.023011 -0.0477695 -0.03023
v -0.010385 -0.0518735 -0.030229
v -0.056781 -0.0497185 -0.030229
v -0.069852 -0.0459165 -0.03023
v -0.07396 -0.0430135 -0.030229
v -0.076783 -0.0397825 -0.030229
v -0.079408 -0.0346215 -0.030229
v -0.081234 -0.0280295 -0.030229
v -0.082705 -0.0185495 -0.030229
v -0.083821 -0.0038905 -0.030229
v -0.084299 0.0115295 -0.03023
v -0.083703 0.0277725 -0.030229
v -0.082499 0.0421195 -0.030229
v -0.022391 0.0739345 -0.030229
v 0.017616 0.0708725 -0.030229
v 0.05816 0.0070855 -0.124392
v 0.057188 0.0059925 -0.107046
v 0.056 0.0012465 -0.096647
v 0.042174 -0.0035175 -0.038087
v 0.057834 -0.0082905 -0.147471
v 0.057422 -0.0079215 -0.124969
v 0.056526 -0.0074325 -0.107141
v 0.054509 -0.0069365 -0.089633
v 0.052785 -0.0065705 -0.081198
v 0.04575 -0.0058695 -0.056837
v 0.043513 -0.0054915 -0.046929
v 0.054783 -0.0154915 -0.096642
v 0.041288 -0.0123405 -0.035539
v 0.056445 -0.0204765 -0.146993
v 0.05614 -0.0198625 -0.124973
v 0.055339 -0.0191405 -0.107154
v 0.053419 -0.0183605 -0.089655
v 0.051749 -0.0178075 -0.081217
v 0.046076 -0.0211715 -0.063013
v 0.043984 -0.0204755 -0.05503
v 0.042241 -0.0200135 -0.046883
v 0.040638 -0.0209785 -0.037619
v 0.055083 -0.0282105 -0.146643
v 0.054887 -0.0274505 -0.125039
v 0.054181 -0.0266055 -0.107194
v 0.052828 -0.0259095 -0.092718
v 0.050734 -0.0250335 -0.081241
v 0.053129 -0.0358045 -0.146186
v 0.053057 -0.0350085 -0.124851
v 0.052475 -0.0340865 -0.107102
v 0.051646 -0.0334775 -0.096641
v 0.050772 -0.0330155 -0.089636
v 0.04922 -0.0322895 -0.081201
v 0.04271 -0.0300785 -0.056915
v 0.04066 -0.0292355 -0.046947
v 0.039148 -0.0295645 -0.0379
v 0.049963 -0.0437525 -0.145302
v 0.050013 -0.0430915 -0.124682
v 0.050491 -0.0399385 -0.107165
v 0.049343 -0.0390465 -0.092715
v 0.047457 -0.0379095 -0.081232
v 0.041235 -0.0350655 -0.056885
v 0.038615 -0.0360185 -0.046912
v 0.037739 -0.0343085 -0.037841
v 0.048645 -0.0440265 -0.107144
v 0.047568 -0.0430995 -0.092706
v 0.045766 -0.0418755 -0.081218
v 0.039835 -0.0385265 -0.056892
v 0.036408 -0.0374815 -0.037814
v 0.045957 -0.0501455 -0.144782
v 0.046678 -0.0487615 -0.124827
v 0.046248 -0.0480685 -0.107089
v 0.045234 -0.0471185 -0.092679
v 0.043538 -0.0457745 -0.081191
v 0.038024 -0.0418105 -0.056904
v 0.036293 -0.0405025 -0.046942
v 0.034694 -0.0404095 -0.03781
v 0.043731 -0.0524435 -0.125571
v 0.043247 -0.0518965 -0.107584
v 0.04228 -0.0509395 -0.093003
v 0.040736 -0.0494665 -0.081471
v 0.035755 -0.0448025 -0.057035
v 0.034154 -0.0432905 -0.046923
v 0.033086 -0.0425075 -0.03845
v 0.042262 -0.0541755 -0.146503
v 0.039413 -0.0563425 -0.124603
v 0.040531 -0.0544265 -0.107089
v 0.039566 -0.0534475 -0.092677
v 0.038121 -0.0518465 -0.081198
v 0.032287 -0.0478505 -0.056887
v 0.030927 -0.0461595 -0.046913
v 0.030208 -0.0449565 -0.037847
v 0.038853 -0.0569815 -0.145745
v 0.037696 -0.0566195 -0.107089
v 0.036747 -0.0556055 -0.092679
v 0.035402 -0.0539095 -0.081191
v 0.027109 -0.0467805 -0.037814
v 0.033451 -0.0603035 -0.145838
v 0.032719 -0.0603855 -0.124682
v 0.033654 -0.0590165 -0.107144
v 0.032727 -0.0579405 -0.092706
v 0.031504 -0.0561375 -0.081218
v 0.028155 -0.0502075 -0.056892
v 0.025647 -0.0489875 -0.046912
v 0.023936 -0.0481105 -0.037841
v 0.029566 -0.0608635 -0.107165
v 0.028675 -0.0597145 -0.092715
v 0.027538 -0.0578295 -0.081232
v 0.024693 -0.0516065 -0.056885
v 0.019193 -0.0495205 -0.0379
v 0.025538 -0.0634715 -0.146608
v 0.024636 -0.0634295 -0.124851
v 0.023714 -0.0628475 -0.107102
v 0.023106 -0.0620185 -0.096641
v 0.022644 -0.0611435 -0.089636
v 0.021918 -0.0595915 -0.081201
v 0.019706 -0.0530825 -0.056915
v 0.018863 -0.0510325 -0.046947
v 0.009921 -0.0511385 -0.03784
v 0.017945 -0.0654385 -0.147308
v 0.013879 -0.0659065 -0.124983
v 0.016234 -0.0645525 -0.107194
v 0.015538 -0.0631995 -0.092718
v 0.014661 -0.0611055 -0.081241
v 0.0108 -0.0564475 -0.063013
v 0.010104 -0.0543555 -0.05503
v 0.009642 -0.0526125 -0.046883
v 0.00456 -0.0509225 -0.030229
v 0.01023 -0.0668035 -0.147447
v 0.008769 -0.0657115 -0.107155
v 0.008207 -0.0642835 -0.092688
v 0.007436 -0.0621205 -0.081216
v -0.001981 -0.0682005 -0.147713
v -0.002453 -0.0677935 -0.12497
v -0.002942 -0.0668985 -0.107142
v -0.003235 -0.0658845 -0.096657
v -0.003438 -0.0648815 -0.089633
v -0.003803 -0.0631575 -0.081198
v -0.004504 -0.0561215 -0.056837
v -0.00488 -0.0538855 -0.046929
v -0.005162 -0.0523885 -0.037694
v -0.015377 -0.0689495 -0.147557
v -0.017788 -0.0685385 -0.124262
v -0.017906 -0.0675805 -0.106707
v -0.017989 -0.0660355 -0.092411
v -0.018111 -0.0637325 -0.080963
v -0.018325 -0.0566815 -0.056795
v -0.021253 -0.0545075 -0.047071
v -0.021253 -0.0529585 -0.037738
v -0.026378 -0.0521235 -0.030229
v -0.024795 -0.0690205 -0.146604
v -0.026971 -0.0684835 -0.124807
v -0.026881 -0.0675345 -0.107051
v -0.026752 -0.0659985 -0.092622
v -0.026586 -0.0637155 -0.081152
v -0.02637 -0.0566455 -0.056888
v -0.040421 -0.0682055 -0.147473
v -0.040053 -0.0677945 -0.12497
v -0.039564 -0.0668985 -0.107141
v -0.039271 -0.0658845 -0.096657
v -0.039068 -0.0648815 -0.089633
v -0.038703 -0.0631575 -0.081198
v -0.038002 -0.0561215 -0.056837
v -0.037626 -0.0538855 -0.046929
v -0.037318 -0.0523885 -0.037684
v -0.052611 -0.0668175 -0.146993
v -0.051997 -0.0665125 -0.124973
v -0.051275 -0.0657115 -0.107154
v -0.050713 -0.0642835 -0.092688
v -0.049941 -0.0621205 -0.081217
v -0.053306 -0.0564475 -0.063013
v -0.05261 -0.0543555 -0.05503
v -0.052148 -0.0526135 -0.046883
v -0.051604 -0.0512075 -0.037695
v -0.060345 -0.0654545 -0.146644
v -0.059585 -0.0652595 -0.125039
v -0.05874 -0.0645525 -0.107194
v -0.058044 -0.0631995 -0.092718
v -0.057168 -0.0611055 -0.081241
v -0.067939 -0.0635015 -0.146187
v -0.067142 -0.0634295 -0.124851
v -0.066221 -0.0628475 -0.107102
v -0.065612 -0.0620185 -0.096641
v -0.06515 -0.0611435 -0.089636
v -0.064424 -0.0595915 -0.081201
v -0.062213 -0.0530825 -0.056915
v -0.06137 -0.0510325 -0.046947
v -0.06074 -0.0497385 -0.037946
v -0.063485 -0.0483125 -0.030229
v -0.075887 -0.0603355 -0.145303
v -0.075226 -0.0603855 -0.124682
v -0.072073 -0.0608625 -0.107165
v -0.071182 -0.0597145 -0.092715
v -0.070045 -0.0578285 -0.081232
v -0.0672 -0.0516065 -0.056885
v -0.068153 -0.0489875 -0.046912
v -0.067389 -0.0478125 -0.037953
v -0.076161 -0.0590165 -0.107143
v -0.075234 -0.0579395 -0.092705
v -0.074011 -0.0561375 -0.081218
v -0.070661 -0.0502075 -0.056892
v -0.08228 -0.0563285 -0.144782
v -0.080896 -0.0570505 -0.124827
v -0.080203 -0.0566195 -0.107089
v -0.079253 -0.0556055 -0.092679
v -0.077909 -0.0539095 -0.081191
v -0.073945 -0.0483955 -0.056904
v -0.072638 -0.0466655 -0.046942
v -0.07176 -0.0455845 -0.037925
v -0.084578 -0.0541035 -0.125571
v -0.084031 -0.0536185 -0.107584
v -0.083074 -0.0526515 -0.093003
v -0.081602 -0.0511085 -0.081471
v -0.076937 -0.0461275 -0.057035
v -0.075425 -0.0445255 -0.046923
v -0.074469 -0.0435275 -0.037931
v -0.08631 -0.0526335 -0.146504
v -0.088477 -0.0497855 -0.124603
v -0.086561 -0.0509025 -0.107089
v -0.085582 -0.0499375 -0.092677
v -0.083982 -0.0484935 -0.081198
v -0.079985 -0.0426585 -0.056887
v -0.078294 -0.0412995 -0.046913
v -0.07724 -0.0404035 -0.037929
v -0.089116 -0.0492245 -0.145745
v -0.088754 -0.0480685 -0.107089
v -0.08774 -0.0471185 -0.092679
v -0.086044 -0.0457745 -0.081191
v -0.092438 -0.0438235 -0.145837
v -0.09252 -0.0430915 -0.124682
v -0.091151 -0.0440265 -0.107144
v -0.090075 -0.0430995 -0.092706
v -0.088272 -0.0418755 -0.081218
v -0.082342 -0.0385265 -0.056892
v -0.081122 -0.0360185 -0.046912
v -0.079947 -0.0352545 -0.037952
v -0.092998 -0.0399385 -0.107165
v -0.091849 -0.0390465 -0.092715
v -0.089964 -0.0379095 -0.081232
v -0.083741 -0.0350655 -0.056885
v -0.095606 -0.0359105 -0.146608
v -0.095564 -0.0350085 -0.124851
v -0.094982 -0.0340865 -0.107102
v -0.094153 -0.0334785 -0.096641
v -0.093278 -0.0330155 -0.089636
v -0.091726 -0.0322895 -0.081201
v -0.085217 -0.0300785 -0.056915
v -0.083167 -0.0292355 -0.046947
v -0.081868 -0.0286185 -0.037932
v -0.097573 -0.0283165 -0.147308
v -0.097394 -0.0274505 -0.125039
v -0.096687 -0.0266065 -0.107194
v -0.095334 -0.0259095 -0.092718
v -0.09324 -0.0250335 -0.081241
v -0.088582 -0.0211715 -0.063013
v -0.08649 -0.0204755 -0.05503
v -0.084748 -0.0200135 -0.046883
v -0.082941 -0.0222755 -0.037706
v -0.098938 -0.0206025 -0.147447
v -0.098647 -0.0198625 -0.124974
v -0.097846 -0.0191415 -0.107155
v -0.097289 -0.0154915 -0.096642
v -0.095925 -0.0183605 -0.089654
v -0.094255 -0.0178075 -0.081216
v -0.083959 -0.0128375 -0.037401
v -0.100335 -0.0083895 -0.147744
v -0.099928 -0.0079225 -0.124969
v -0.099032 -0.0074325 -0.107141
v -0.097016 -0.0069355 -0.089633
v -0.095291 -0.0065715 -0.081198
v -0.088256 -0.0058695 -0.056837
v -0.08602 -0.0054925 -0.046929
v -0.0984 -0.0006405 -0.09663
v -0.084676 -0.0035295 -0.038061
v -0.101109 0.0053965 -0.148559
v -0.100644 0.0058945 -0.124801
v -0.099711 0.0072045 -0.10679
v -0.097696 0.0108815 -0.089367
v -0.095746 0.0069415 -0.080584
v -0.0909 0.0108815 -0.063897
v -0.088487 0.0108815 -0.055253
v -0.086631 0.0108815 -0.047063
v -0.098691 0.0097905 -0.096397
v -0.085091 0.0112365 -0.037816
v -0.101155 0.0140575 -0.145865
v -0.100667 0.0146775 -0.124392
v -0.096005 0.0141675 -0.081532
v -0.099694 0.0157705 -0.107046
v -0.098507 0.0205165 -0.096647
v -0.10034 0.0300535 -0.147471
v -0.099928 0.0296845 -0.124969
v -0.099032 0.0291955 -0.107141
v -0.097016 0.0286985 -0.089633
v -0.095291 0.0283335 -0.081198
v -0.088256 0.0276315 -0.056837
v -0.08602 0.0272545 -0.046929
v -0.084523 0.0269725 -0.03769
v -0.097289 0.0372545 -0.096642
v -0.098952 0.0422385 -0.146993
v -0.098647 0.0416255 -0.124973
v -0.097846 0.0409035 -0.107154
v -0.095925 0.0401235 -0.089655
v -0.094255 0.0395695 -0.081217
v -0.088582 0.0429345 -0.063013
v -0.08649 0.0422385 -0.05503
v -0.084748 0.0417765 -0.046883
v -0.083277 0.0420325 -0.037851
v -0.097591 0.0499845 -0.147031
v -0.097394 0.0492135 -0.125039
v -0.096687 0.0483685 -0.107194
v -0.095334 0.0476725 -0.092718
v -0.09324 0.0467965 -0.081241
v -0.095636 0.0575675 -0.146186
v -0.095564 0.0567705 -0.124851
v -0.094982 0.0558495 -0.107102
v -0.094153 0.0552405 -0.096641
v -0.093278 0.0547785 -0.089636
v -0.091726 0.0540525 -0.081201
v -0.085217 0.0518415 -0.056915
v -0.083167 0.0509975 -0.046947
v -0.081655 0.0513275 -0.0379
v -0.08087 0.0514425 -0.030229
v -0.09247 0.0655155 -0.145302
v -0.09252 0.0648535 -0.124682
v -0.092998 0.0617005 -0.107165
v -0.091849 0.0608095 -0.092715
v -0.089964 0.0596725 -0.081232
v -0.083741 0.0568275 -0.056885
v -0.081122 0.0577815 -0.046912
v -0.080245 0.0560705 -0.037841
v -0.078772 0.0579695 -0.030229
v -0.091151 0.0657885 -0.107144
v -0.090075 0.0648625 -0.092706
v -0.088272 0.0636385 -0.081218
v -0.082342 0.0602895 -0.056892
v -0.078914 0.0592385 -0.037792
v -0.088463 0.0719075 -0.144782
v -0.089185 0.0705245 -0.124827
v -0.088754 0.0698305 -0.107089
v -0.08774 0.0688815 -0.092679
v -0.086044 0.0675365 -0.081191
v -0.08053 0.0635735 -0.056904
v -0.0788 0.0622655 -0.046942
v -0.077201 0.0621725 -0.03781
v -0.086238 0.0742065 -0.125571
v -0.085753 0.0736585 -0.107584
v -0.084787 0.0727025 -0.093003
v -0.083243 0.0712295 -0.081471
v -0.078262 0.0665645 -0.057035
v -0.07666 0.0650535 -0.046923
v -0.075093 0.0647205 -0.03793
v -0.084768 0.0759375 -0.146503
v -0.08192 0.0781045 -0.124603
v -0.083037 0.0761895 -0.107089
v -0.082072 0.0752095 -0.092677
v -0.080628 0.0736095 -0.081198
v -0.074793 0.0696135 -0.056887
v -0.073434 0.0679225 -0.046913
v -0.072543 0.0668285 -0.0378
v -0.081359 0.0787435 -0.145745
v -0.080203 0.0783825 -0.107089
v -0.079253 0.0773685 -0.092679
v -0.077909 0.0756725 -0.081191
v -0.069878 0.0676635 -0.03023
v -0.06962 0.0685365 -0.037787
v -0.075957 0.0820655 -0.145838
v -0.075226 0.0821475 -0.124682
v -0.076161 0.0807795 -0.107144
v -0.075234 0.0797025 -0.092706
v -0.07401 0.0779005 -0.081218
v -0.070661 0.0719695 -0.056892
v -0.068153 0.0707495 -0.046912
v -0.066446 0.0698655 -0.037797
v -0.072073 0.0826255 -0.107165
v -0.071181 0.0814775 -0.092715
v -0.070044 0.0795915 -0.081232
v -0.0672 0.0733695 -0.056885
v -0.063561 0.0700545 -0.030229
v -0.060773 0.0715705 -0.038344
v -0.068045 0.0852345 -0.146608
v -0.067143 0.0851925 -0.124851
v -0.066221 0.0846095 -0.107102
v -0.065612 0.0837805 -0.096641
v -0.06515 0.0829065 -0.089636
v -0.064424 0.0813545 -0.081201
v -0.062213 0.0748445 -0.056915
v -0.06137 0.0727945 -0.046947
v -0.054282 0.0719045 -0.030229
v -0.060451 0.0872005 -0.147307
v -0.059585 0.0870225 -0.125039
v -0.05874 0.0863155 -0.107194
v -0.058044 0.0849625 -0.092718
v -0.057168 0.0828685 -0.081241
v -0.053306 0.0782105 -0.063013
v -0.05261 0.0761185 -0.05503
v -0.052148 0.0743755 -0.046883
v -0.05033 0.0731425 -0.037811
v -0.052737 0.0885665 -0.147447
v -0.051997 0.0882745 -0.124973
v -0.051276 0.0874745 -0.107154
v -0.050713 0.0860465 -0.092688
v -0.049942 0.0838835 -0.081216
v -0.040525 0.0899625 -0.147713
v -0.040053 0.0895565 -0.12497
v -0.039564 0.0886605 -0.107142
v -0.039271 0.0876475 -0.096657
v -0.039068 0.0866445 -0.089633
v -0.038703 0.0849195 -0.081198
v -0.038003 0.0778845 -0.056837
v -0.037626 0.0756475 -0.046929
v -0.035347 0.0742735 -0.03773
v -0.02713 0.0907125 -0.147557
v -0.024718 0.0903015 -0.124262
v -0.024601 0.0893425 -0.106707
v -0.024517 0.0877985 -0.092411
v -0.024395 0.0854955 -0.080963
v -0.024181 0.0784445 -0.056795
v -0.021253 0.0762705 -0.047071
v -0.020894 0.0747025 -0.037647
v -0.017711 0.0907825 -0.146604
v -0.015535 0.0902465 -0.124807
v -0.015625 0.0892975 -0.107051
v -0.015754 0.0877615 -0.092622
v -0.015921 0.0854785 -0.081152
v -0.016137 0.0784085 -0.056888
v -0.002085 0.0899685 -0.147473
v -0.002453 0.0895565 -0.12497
v -0.002943 0.0886605 -0.107141
v -0.003235 0.0876475 -0.096657
v -0.003438 0.0866445 -0.089633
v -0.003803 0.0849195 -0.081198
v -0.004504 0.0778845 -0.056837
v -0.004881 0.0756475 -0.046929
v -0.005161 0.0741505 -0.037688
v 0.010104 0.0885795 -0.146993
v 0.009491 0.0882745 -0.124973
v 0.008769 0.0874745 -0.107154
v 0.008207 0.0860465 -0.092688
v 0.007435 0.0838835 -0.081217
v 0.0108 0.0782105 -0.063013
v 0.010104 0.0761185 -0.05503
v 0.009642 0.0743755 -0.046883
v 0.009918 0.0728975 -0.037814
v 0.017838 0.0872175 -0.146644
v 0.017078 0.0870225 -0.125039
v 0.016233 0.0863155 -0.107194
v 0.015537 0.0849625 -0.092718
v 0.014661 0.0828685 -0.081241
v 0.025433 0.0852635 -0.146187
v 0.024636 0.0851925 -0.124851
v 0.023715 0.0846095 -0.107102
v 0.023106 0.0837805 -0.096641
v 0.022644 0.0829065 -0.089636
v 0.021918 0.0813545 -0.081201
v 0.019706 0.0748445 -0.056915
v 0.018863 0.0727945 -0.046947
v 0.019193 0.0712825 -0.0379
v 0.033381 0.0820975 -0.145303
v 0.032719 0.0821475 -0.124682
v 0.029567 0.0826255 -0.107165
v 0.028676 0.0814775 -0.092715
v 0.027538 0.0795915 -0.081232
v 0.024694 0.0733695 -0.056885
v 0.025647 0.0707495 -0.046912
v 0.023936 0.0698735 -0.037841
v 0.02425 0.0690365 -0.030229
v 0.033655 0.0807795 -0.107144
v 0.032728 0.0797025 -0.092705
v 0.031504 0.0779005 -0.081218
v 0.028155 0.0719695 -0.056892
v 0.02711 0.0685425 -0.037814
v 0.039773 0.0780915 -0.144782
v 0.03839 0.0788125 -0.124827
v 0.037696 0.0783825 -0.107089
v 0.036747 0.0773685 -0.092679
v 0.035402 0.0756725 -0.081191
v 0.031439 0.0701585 -0.056904
v 0.030131 0.0684285 -0.046942
v 0.030038 0.0668295 -0.03781
v 0.042072 0.0758655 -0.125571
v 0.041524 0.0753815 -0.107584
v 0.040568 0.0744145 -0.093003
v 0.039095 0.0728705 -0.081471
v 0.03443 0.0678895 -0.057035
v 0.032919 0.0662885 -0.046923
v 0.032729 0.0645405 -0.037693
v 0.043803 0.0743965 -0.146503
v 0.04597 0.0715475 -0.124603
v 0.044055 0.0726655 -0.107089
v 0.043075 0.0717005 -0.092677
v 0.041475 0.0702555 -0.081198
v 0.037479 0.0644215 -0.056887
v 0.035788 0.0630615 -0.046913
v 0.046609 0.0709875 -0.145745
v 0.046248 0.0698305 -0.107089
v 0.045234 0.0688815 -0.092679
v 0.043538 0.0675365 -0.081191
v 0.035211 0.0613835 -0.037893
v 0.036253 0.0579915 -0.03023
v 0.049931 0.0655855 -0.145837
v 0.050013 0.0648545 -0.124682
v 0.048645 0.0657885 -0.107144
v 0.047568 0.0648625 -0.092706
v 0.045766 0.0636385 -0.081218
v 0.039835 0.0602895 -0.056892
v 0.038615 0.0577815 -0.046912
v 0.037426 0.0570305 -0.037891
v 0.050491 0.0617005 -0.107165
v 0.049343 0.0608095 -0.092715
v 0.047457 0.0596725 -0.081232
v 0.041235 0.0568275 -0.056885
v 0.038357 0.0514855 -0.030229
v 0.0531 0.0576725 -0.146608
v 0.053057 0.0567705 -0.124851
v 0.052475 0.0558495 -0.107102
v 0.051646 0.0552405 -0.096641
v 0.050772 0.0547785 -0.089636
v 0.04922 0.0540525 -0.081201
v 0.04271 0.0518415 -0.056915
v 0.04066 0.0509985 -0.046947
v 0.039331 0.0506305 -0.038152
v 0.040511 0.0437365 -0.037513
v 0.039985 0.0421865 -0.030229
v 0.055066 0.0500795 -0.147308
v 0.054887 0.0492135 -0.125039
v 0.054181 0.0483685 -0.107194
v 0.052828 0.0476725 -0.092718
v 0.050734 0.0467965 -0.081241
v 0.046076 0.0429345 -0.063013
v 0.043984 0.0422385 -0.05503
v 0.042241 0.0417765 -0.046883
v 0.056432 0.0423645 -0.147447
v 0.05614 0.0416255 -0.124974
v 0.055339 0.0409035 -0.107155
v 0.054783 0.0372545 -0.096642
v 0.053419 0.0401235 -0.089655
v 0.051749 0.0395705 -0.081216
v 0.04208 0.0267995 -0.037946
v 0.057829 0.0301525 -0.147744
v 0.057422 0.0296845 -0.124969
v 0.056526 0.0291955 -0.107141
v 0.054509 0.0286985 -0.089633
v 0.052785 0.0283335 -0.081198
v 0.04575 0.0276325 -0.056837
v 0.043513 0.0272555 -0.046929
v 0.055893 0.0224035 -0.09663
v 0.058603 0.0163655 -0.148559
v 0.058138 0.0158685 -0.124801
v 0.057204 0.0145585 -0.10679
v 0.05519 0.0108815 -0.089367
v 0.05324 0.0148205 -0.080584
v 0.048394 0.0108815 -0.063897
v 0.045981 0.0108815 -0.055253
v 0.044124 0.0108815 -0.047063
v 0.056184 0.0119725 -0.096397
v 0.042574 0.0108845 -0.037767
v 0.058649 0.0077055 -0.145865
v 0.053498 0.0075955 -0.081532
v 0.041792 0.0115255 -0.03023
v 0.041197 0.0277675 -0.030229
v 0.03377 0.0622055 -0.030229
v 0.030288 0.0658535 -0.030228
v 0.008156 0.0723345 -0.030229
v -0.006504 0.0734505 -0.030229
v -0.039819 0.0732285 -0.030229
v -0.075193 0.0636665 -0.030228
v -0.047111 -0.0509195 -0.030229
v 0.014308 -0.0497125 -0.03023
v 0.02941 -0.0446485 -0.030229
v 0.036901 -0.0346215 -0.030229
v 0.038738 -0.0279885 -0.030229
v 0.041315 -0.0038655 -0.030229
v 0.011914 -0.0666245 -0.172734
v -0.022854 -0.0691725 -0.172734
v -0.057671 -0.0660635 -0.172734
v -0.086889 -0.0519055 -0.172734
v -0.095343 -0.0365635 -0.172734
v -0.100846 0.0236305 -0.172734
v 0.053757 -0.0338605 -0.172734
v 0.044508 -0.0517725 -0.172734
v -0.005927 -0.0685615 -0.172734
v -0.04098 -0.0682165 -0.172734
v -0.076197 -0.0600725 -0.172734
v -0.081457 -0.0567355 -0.172734
v -0.09207 -0.0443115 -0.172734
v -0.100325 -0.0091345 -0.172734
v -0.101299 0.0092875 -0.172734
v -0.099414 0.0394605 -0.172734
v -0.087527 0.0727885 -0.172734
v -0.083182 0.0771975 -0.172734
v -0.074833 0.0825955 -0.172734
v -0.065291 0.0859975 -0.172734
v 0.025868 0.0850815 -0.172734
v 0.055622 0.0476525 -0.172734
v -0.05442 0.0883875 -0.172734
v -0.036579 0.0903245 -0.172734
v -0.019652 0.0909355 -0.172734
v -0.001526 0.0899785 -0.172734
v 0.015165 0.0878265 -0.172734
v 0.033691 0.0818355 -0.172734
v 0.03895 0.0784985 -0.172734
v 0.057818 0.0308975 -0.172734
v 0.052837 0.0583265 -0.172734
v 0.049564 0.0660745 -0.172734
v 0.044382 0.0736675 -0.172734
v -0.091177 0.0676925 -0.172734
v -0.094758 0.0600025 -0.172734
v -0.097186 0.0517995 -0.172734
v -0.098129 -0.0258895 -0.172734
v -0.068374 -0.0633195 -0.172734
v 0.022785 -0.0642355 -0.172734
v 0.030135 -0.0617285 -0.172734
v 0.037551 -0.0577875 -0.172734
v 0.0497 -0.0440625 -0.172734
v 0.056907 -0.0176985 -0.172734
v 0.058339 -0.0018675 -0.172734
v 0.058792 0.0124755 -0.172734
v -0.084193 -0.0310835 -0.200587
v -0.084949 -0.0288595 -0.200587
v 0.019371 -0.0222595 -0.200587
v 0.024131 -0.0160585 -0.200588
v 0.026853 -0.0147545 -0.200587
v 0.031275 -0.0141195 -0.200587
v 0.038341 -0.0167545 -0.200588
v 0.04058 -0.0192285 -0.200587
v 0.041682 -0.0211415 -0.200587
v 0.038778 -0.0350545 -0.200587
v 0.034606 -0.0374945 -0.200587
v 0.03228 -0.0380305 -0.200587
v 0.021391 -0.0336975 -0.200588
v 0.020264 0.0537345 -0.200587
v 0.040513 0.0408845 -0.200587
v 0.02375 0.0381145 -0.200587
v 0.021502 0.0401665 -0.200587
v -0.062869 0.0418395 -0.200587
v -0.064318 0.0398505 -0.200587
v -0.069359 0.0365175 -0.200587
v -0.084437 0.0434255 -0.200588
v -0.084188 0.0528585 -0.200587
v -0.064318 0.0559125 -0.200587
v -0.061221 -0.0265485 -0.200588
v -0.061542 -0.0234565 -0.200587
v -0.064009 -0.0184045 -0.200587
v -0.075999 -0.0144245 -0.200587
v -0.07814 -0.0151435 -0.200587
v -0.072725 -0.0381185 -0.200587
v -0.070507 -0.0378135 -0.200587
v -0.06808 -0.0369555 -0.200587
v -0.06277 -0.0319715 -0.200587
v -0.067472 -0.0167005 -0.207261
v -0.070744 -0.0153695 -0.207335
v -0.074775 -0.0151615 -0.207253
v -0.083632 -0.0223195 -0.207261
v -0.084172 -0.0244245 -0.207274
v -0.082922 -0.0314295 -0.207324
v -0.081591 -0.0333775 -0.20727
v -0.062316 -0.0211485 -0.200587
v -0.066883 -0.0159105 -0.200588
v -0.069581 -0.0146865 -0.200587
v -0.072997 -0.0140685 -0.200588
v -0.080965 -0.0168835 -0.200588
v -0.083461 -0.0197445 -0.200588
v -0.084618 -0.0222245 -0.200587
v -0.085149 -0.0244565 -0.200587
v -0.085253 -0.0266475 -0.200587
v -0.082967 -0.0331885 -0.200587
v -0.081313 -0.0350285 -0.200587
v -0.079328 -0.0364835 -0.200587
v -0.077147 -0.0374835 -0.200587
v -0.074916 -0.0380145 -0.200587
v -0.066184 -0.0358325 -0.200587
v -0.06434 -0.0341745 -0.200587
v -0.061919 -0.0301005 -0.200587
v -0.062477 -0.0286075 -0.207237
v 0.018736 0.0486015 -0.200588
v 0.018928 0.0455785 -0.200588
v 0.01986 0.0428015 -0.200587
v 0.026432 0.0366435 -0.200587
v 0.030184 0.0358435 -0.200587
v 0.034515 0.0364145 -0.200588
v 0.038348 0.0385305 -0.200587
v 0.042746 0.0484095 -0.200587
v 0.042442 0.0506225 -0.200587
v 0.028001 0.0595755 -0.200587
v 0.025574 0.0587175 -0.200587
v 0.02125 0.0422065 -0.207245
v 0.033493 0.0585865 -0.207262
v 0.028521 0.0587135 -0.207229
v 0.023488 0.0562195 -0.207266
v 0.019722 0.0486125 -0.207276
v 0.041673 0.0428865 -0.200587
v 0.042608 0.0459295 -0.200588
v 0.041686 0.0528465 -0.200587
v 0.040461 0.0549505 -0.200587
v 0.038807 0.0567905 -0.200587
v 0.036822 0.0582465 -0.200587
v 0.034641 0.0592455 -0.200587
v 0.032409 0.0597775 -0.200587
v 0.030218 0.0598805 -0.200587
v 0.023677 0.0575955 -0.200587
v 0.021833 0.0559375 -0.200587
v 0.019412 0.0518635 -0.200587
v -0.066135 -0.0342305 -0.207569
v -0.062696 -0.0239045 -0.207577
v -0.063958 -0.0205215 -0.207548
v -0.080449 -0.0181935 -0.20758
v -0.077892 -0.0359085 -0.207556
v -0.069643 -0.0362365 -0.207574
v -0.062593 -0.0278985 -0.207557
v -0.062274 -0.0252975 -0.207376
v -0.062685 -0.0228375 -0.207284
v -0.06509 -0.0186515 -0.207252
v -0.06607 -0.0180735 -0.207571
v -0.066436 -0.0174635 -0.207368
v -0.069216 -0.0161125 -0.207565
v -0.072841 -0.0151035 -0.207358
v -0.074188 -0.0153505 -0.207571
v -0.077005 -0.0157265 -0.207265
v -0.078742 -0.0165435 -0.207337
v -0.077473 -0.0161865 -0.207565
v -0.080647 -0.0179175 -0.207338
v -0.082343 -0.0198345 -0.207333
v -0.082466 -0.0204965 -0.207559
v -0.08377 -0.0235075 -0.207556
v -0.084255 -0.0263815 -0.207406
v -0.084131 -0.0277545 -0.207382
v -0.083696 -0.0285875 -0.207583
v -0.083726 -0.0295405 -0.20736
v -0.082234 -0.0322135 -0.207541
v -0.080508 -0.0341075 -0.207567
v -0.079989 -0.0348825 -0.20727
v -0.078076 -0.0360635 -0.207262
v -0.076 -0.0368235 -0.207262
v -0.073938 -0.0371465 -0.207275
v -0.07236 -0.0370515 -0.207455
v -0.074779 -0.0367835 -0.207575
v -0.06944 -0.0364515 -0.20736
v -0.067799 -0.0356965 -0.207353
v -0.064626 -0.0329665 -0.207374
v -0.063832 -0.0318935 -0.207267
v -0.063784 -0.0313045 -0.207565
v -0.063857 -0.0202995 -0.207265
v -0.069067 -0.0158945 -0.207242
v -0.071027 -0.0369505 -0.207229
v -0.065994 -0.0344565 -0.207266
v -0.062913 -0.0299315 -0.207347
v -0.062229 -0.0268505 -0.207276
v 0.031682 -0.0153505 -0.207571
v 0.024404 -0.0174085 -0.207571
v 0.041264 -0.0287295 -0.207556
v 0.030944 -0.0369395 -0.207568
v 0.024406 -0.0348285 -0.207571
v 0.020363 -0.0200765 -0.200587
v 0.021811 -0.0180875 -0.200587
v 0.029084 -0.0142225 -0.200587
v 0.036788 -0.0365025 -0.200587
v 0.030183 -0.0381165 -0.200587
v 0.019468 -0.0302865 -0.200588
v 0.018827 -0.0275665 -0.200587
v 0.018751 -0.0253485 -0.200588
v 0.023177 -0.0180635 -0.20727
v 0.028005 -0.0154125 -0.207261
v 0.037497 -0.0173675 -0.207273
v 0.04015 -0.0203075 -0.207259
v 0.036203 -0.0356955 -0.207354
v 0.034142 -0.0366065 -0.207365
v 0.021034 -0.0314045 -0.207229
v 0.033488 -0.0144235 -0.200587
v 0.035712 -0.0151795 -0.200587
v 0.042485 -0.0235855 -0.200587
v 0.042786 -0.0263725 -0.200588
v 0.04212 -0.0299905 -0.200587
v 0.040811 -0.0327495 -0.200588
v 0.027971 -0.0378055 -0.200587
v 0.025747 -0.0370425 -0.200587
v 0.023646 -0.0358095 -0.200587
v 0.023629 0.0559935 -0.207569
v 0.02019 0.0456675 -0.207577
v 0.031955 0.0372435 -0.207583
v 0.035347 0.0381725 -0.207574
v 0.037943 0.0399565 -0.20758
v 0.041511 0.0470645 -0.207573
v 0.021278 0.0530675 -0.207565
v -0.074188 0.0371125 -0.207571
v -0.06691 0.0391715 -0.207571
v -0.0628 0.0452015 -0.207559
v -0.063575 0.0431505 -0.207567
v -0.070425 0.0374795 -0.207565
v -0.081665 0.0410895 -0.207574
v -0.08045 0.0558075 -0.20758
v -0.063458 0.0523655 -0.207567
v -0.06126 0.0470865 -0.200588
v -0.061877 0.0440225 -0.200587
v -0.066638 0.0378215 -0.200588
v -0.071591 0.0359855 -0.200587
v -0.073782 0.0358815 -0.200587
v -0.080832 0.0385255 -0.200588
v -0.082944 0.0407805 -0.200587
v -0.084986 0.0504255 -0.200587
v -0.080832 0.0572375 -0.200588
v -0.078218 0.0588205 -0.200587
v -0.062995 0.0541225 -0.200587
v -0.061879 0.0517455 -0.200587
v -0.061352 0.0495095 -0.200587
v -0.064062 0.0417545 -0.207327
v -0.078561 0.0381745 -0.207217
v -0.083395 0.0435175 -0.207348
v -0.083816 0.0511765 -0.207281
v -0.062264 0.0466185 -0.207293
v -0.075994 0.0361855 -0.200587
v -0.078218 0.0369425 -0.200587
v -0.085118 0.0460415 -0.200587
v -0.085251 0.0484395 -0.200587
v -0.082944 0.0549825 -0.200587
v -0.075994 0.0595765 -0.200587
v -0.073782 0.0598805 -0.200587
v -0.071591 0.0597775 -0.200587
v -0.069359 0.0592455 -0.200587
v -0.066638 0.0579415 -0.200588
v 0.019765 -0.0267675 -0.207385
v 0.020526 -0.0297455 -0.207555
v 0.020352 -0.0297405 -0.207359
v 0.021909 -0.0326895 -0.207362
v 0.022594 -0.0332275 -0.207554
v 0.023177 -0.0341745 -0.20727
v 0.024936 -0.0355235 -0.207256
v 0.027106 -0.0363205 -0.207556
v 0.026949 -0.0364975 -0.20726
v 0.035347 -0.0358275 -0.207574
v 0.038006 -0.0344215 -0.207353
v 0.037943 -0.0340445 -0.20758
v 0.03927 -0.0331085 -0.207345
v 0.03996 -0.0317415 -0.207559
v 0.040176 -0.0318775 -0.207266
v 0.041207 -0.0297375 -0.207235
v 0.04167 -0.0277515 -0.207278
v 0.04151 -0.0255245 -0.207575
v 0.041756 -0.0252465 -0.207356
v 0.041214 -0.0225875 -0.207305
v 0.040557 -0.0216375 -0.207561
v 0.039597 -0.0199315 -0.207558
v 0.039011 -0.0187885 -0.20728
v 0.038 -0.0181305 -0.207568
v 0.035869 -0.0163255 -0.207237
v 0.035386 -0.0163295 -0.207556
v 0.034201 -0.0156195 -0.207263
v 0.032096 -0.0151515 -0.207274
v 0.030084 -0.0151145 -0.207356
v 0.026351 -0.0160915 -0.207464
v 0.027918 -0.0157165 -0.207565
v 0.024936 -0.0167145 -0.207256
v 0.022558 -0.0190055 -0.207531
v 0.021556 -0.0199925 -0.207327
v 0.021068 -0.0213875 -0.207567
v 0.020366 -0.0223325 -0.20727
v 0.020294 -0.0234395 -0.207559
v 0.019758 -0.0248555 -0.207293
v 0.019976 -0.0256605 -0.207574
v 0.019915 -0.0283275 -0.207239
v 0.02905 -0.0370365 -0.207275
v 0.031078 -0.0371625 -0.207279
v 0.033043 -0.0369005 -0.207358
v 0.019814 0.0464285 -0.207372
v 0.02032 0.0441955 -0.207254
v 0.021452 0.0422845 -0.207548
v 0.022583 0.0404145 -0.207252
v 0.023629 0.0397675 -0.207569
v 0.024459 0.0388055 -0.207351
v 0.027136 0.0377635 -0.207574
v 0.028267 0.0371285 -0.207337
v 0.029915 0.0369225 -0.207443
v 0.031659 0.0368645 -0.207325
v 0.033958 0.0373195 -0.207345
v 0.035588 0.0379785 -0.207358
v 0.036627 0.0385595 -0.207355
v 0.038194 0.0397285 -0.207336
v 0.039837 0.0415965 -0.207333
v 0.03996 0.0422585 -0.207559
v 0.040934 0.0442395 -0.207531
v 0.04166 0.0464835 -0.207384
v 0.041756 0.0487535 -0.207356
v 0.04119 0.0503505 -0.207583
v 0.041219 0.0513035 -0.20736
v 0.039728 0.0539755 -0.207541
v 0.039084 0.0551405 -0.20727
v 0.038001 0.0558705 -0.207567
v 0.037482 0.0566455 -0.20727
v 0.035569 0.0578265 -0.207262
v 0.035386 0.0576705 -0.207556
v 0.031431 0.0589095 -0.207275
v 0.029853 0.0588145 -0.207455
v 0.032272 0.0585455 -0.207575
v 0.027136 0.0579985 -0.207574
v 0.026933 0.0582135 -0.20736
v 0.025293 0.0574595 -0.207353
v 0.022109 0.0547175 -0.207373
v 0.021317 0.0536385 -0.20727
v 0.020507 0.0520305 -0.207246
v 0.020022 0.0504965 -0.207324
v 0.020087 0.0496615 -0.207557
v 0.026233 0.0378005 -0.207314
v 0.04131 0.0445885 -0.20728
v 0.040416 0.0531915 -0.207324
v -0.062271 0.0485205 -0.207384
v -0.062503 0.0501425 -0.207449
v -0.062859 0.0515025 -0.207359
v -0.065101 0.0549905 -0.207554
v -0.064416 0.0544515 -0.207362
v -0.066912 0.0565915 -0.207571
v -0.068857 0.0579085 -0.207464
v -0.070509 0.0585865 -0.207262
v -0.070425 0.0582835 -0.207565
v -0.072594 0.0588855 -0.207357
v -0.074188 0.0586495 -0.207571
v -0.074602 0.0588485 -0.207274
v -0.076674 0.0583545 -0.20736
v -0.077853 0.0575895 -0.207574
v -0.078709 0.0574585 -0.207354
v -0.080513 0.0561845 -0.207353
v -0.081628 0.0550315 -0.20736
v -0.082466 0.0535035 -0.207559
v -0.082657 0.0536925 -0.207259
v -0.08377 0.0504925 -0.207556
v -0.084282 0.0485665 -0.207273
v -0.08418 0.0462465 -0.20733
v -0.084017 0.0472875 -0.207575
v -0.083064 0.0434005 -0.207561
v -0.082021 0.0411515 -0.207271
v -0.08031 0.0394085 -0.207376
v -0.077866 0.0381425 -0.207566
v -0.076871 0.0374865 -0.207356
v -0.072586 0.0368775 -0.207356
v -0.070508 0.0371755 -0.207261
v -0.068857 0.0378545 -0.207464
v -0.067442 0.0384765 -0.207256
v -0.065683 0.0398255 -0.20727
v -0.065064 0.0407675 -0.207531
v -0.062872 0.0440955 -0.20727
v -0.062482 0.0474235 -0.207574
v -0.063532 0.0531555 -0.207227
v -0.065683 0.0559365 -0.20727
v -0.067442 0.0572855 -0.207256
v -0.074955 0.0369375 -0.207236
vt 1.384619 0.139611
vt 1.387169 0.14046
vt 1.386768 0.145331
vt 1.377403 0.130198
vt 1.381479 0.131045
vt 1.379197 0.132609
vt 1.381217 0.137188
vt 1.384619 0.139611
vt 1.383386 0.141969
vt 1.379197 0.132609
vt 1.382133 0.134979
vt 1.381217 0.137188
vt 1.379641 0.139541
vt 1.383386 0.141969
vt 1.382466 0.14533
vt 1.377251 0.134927
vt 1.381217 0.137188
vt 1.379641 0.139541
vt 1.374504 0.131017
vt 1.379197 0.132609
vt 1.377251 0.134927
vt 1.379641 0.139541
vt 1.382466 0.14533
vt 1.380159 0.145331
vt 1.370072 0.137077
vt 1.376798 0.14018
vt 1.373056 0.141892
vt 1.367661 0.132996
vt 1.373968 0.134899
vt 1.370072 0.137077
vt 1.370072 0.137077
vt 1.373056 0.141892
vt 1.368321 0.141908
vt 1.362458 0.130218
vt 1.367581 0.130977
vt 1.367661 0.132996
vt 1.362458 0.130218
vt 1.367661 0.132996
vt 1.361838 0.132966
vt 1.362458 0.130218
vt 1.361838 0.132966
vt 1.355901 0.130136
vt 1.334808 0.132858
vt 1.322833 0.133968
vt 1.321679 0.131058
vt 1.321679 0.131058
vt 1.309898 0.132901
vt 1.307936 0.129135
vt 1.228816 0.130284
vt 1.235625 0.132873
vt 1.221754 0.132863
vt 1.19641 0.131023
vt 1.208182 0.132849
vt 1.195238 0.133863
vt 1.184565 0.130177
vt 1.19641 0.131023
vt 1.183257 0.13278
vt 1.170457 0.129007
vt 1.174754 0.131719
vt 1.167677 0.132728
vt 1.158321 0.136769
vt 1.158008 0.141457
vt 1.151011 0.141487
vt 1.153751 0.132839
vt 1.147476 0.135588
vt 1.150523 0.130908
vt 1.143505 0.135598
vt 1.139584 0.136782
vt 1.142177 0.132719
vt 1.130427 0.132792
vt 1.127073 0.13687
vt 1.128267 0.136872
vt 1.13427 0.131013
vt 1.130427 0.132792
vt 1.130659 0.135698
vt 1.135114 0.13277
vt 1.130659 0.135698
vt 1.132368 0.136843
vt 1.137424 0.130182
vt 1.13427 0.131013
vt 1.135114 0.13277
vt 1.135758 0.136816
vt 1.132398 0.141464
vt 1.134635 0.141494
vt 1.14571 0.130663
vt 1.142182 0.132728
vt 1.143509 0.13561
vt 1.153757 0.132838
vt 1.147478 0.135595
vt 1.151529 0.13695
vt 1.155643 0.130174
vt 1.150517 0.130915
vt 1.153757 0.132838
vt 1.151529 0.13695
vt 1.151019 0.141482
vt 1.158342 0.136757
vt 1.183319 0.132767
vt 1.195303 0.13385
vt 1.196447 0.131019
vt 1.196447 0.131019
vt 1.208251 0.132835
vt 1.211014 0.128692
vt 1.290074 0.132892
vt 1.282839 0.137122
vt 1.296916 0.137139
vt 1.321695 0.131058
vt 1.309906 0.132902
vt 1.322855 0.133972
vt 1.333537 0.130209
vt 1.321695 0.131058
vt 1.334839 0.132865
vt 1.355901 0.13013
vt 1.356296 0.132819
vt 1.361842 0.132965
vt 1.363984 0.137268
vt 1.36512 0.145305
vt 1.368322 0.141903
vt 1.363984 0.137268
vt 1.368322 0.141903
vt 1.370077 0.137066
vt 1.367578 0.13097
vt 1.372679 0.132838
vt 1.37222 0.130188
vt 1.38339 0.14196
vt 1.38677 0.14533
vt 1.384624 0.139592
vt 1.381223 0.137169
vt 1.384624 0.139592
vt 1.382138 0.134966
vt 1.387172 0.140451
vt 1.390323 0.142039
vt 1.387417 0.136006
vt 1.390323 0.142039
vt 1.393498 0.145333
vt 1.391057 0.139702
vt 1.387417 0.136006
vt 1.391057 0.139702
vt 1.388475 0.135044
vt 1.372513 0.145342
vt 1.373056 0.141892
vt 1.376684 0.145334
vt 1.36019 0.145341
vt 1.360032 0.141799
vt 1.365119 0.145305
vt 1.368321 0.141908
vt 1.372513 0.145342
vt 1.367845 0.14534
vt 1.388595 0.145341
vt 1.387169 0.14046
vt 1.390483 0.145333
vt 1.386768 0.145331
vt 1.384469 0.145341
vt 1.383386 0.141969
vt 1.36019 0.145341
vt 1.354565 0.145343
vt 1.353784 0.141822
vt 1.303303 0.14534
vt 1.290874 0.145341
vt 1.297774 0.141869
vt 1.354565 0.145343
vt 1.348998 0.14534
vt 1.353784 0.141822
vt 1.283756 0.141912
vt 1.290874 0.145341
vt 1.278038 0.14534
vt 1.342263 0.145342
vt 1.347215 0.141779
vt 1.348998 0.14534
vt 1.342263 0.145342
vt 1.335306 0.14534
vt 1.337477 0.141835
vt 1.335306 0.14534
vt 1.328351 0.145341
vt 1.337477 0.141835
vt 1.303303 0.14534
vt 1.311741 0.141904
vt 1.317619 0.145339
vt 1.328351 0.145341
vt 1.317619 0.145339
vt 1.324781 0.141835
vt 1.393498 0.145333
vt 1.392104 0.14534
vt 1.389743 0.140358
vt 1.392104 0.14534
vt 1.390483 0.145333
vt 1.389743 0.140358
vt 1.388595 0.145341
vt 1.386768 0.145331
vt 1.387169 0.14046
vt 1.376684 0.145334
vt 1.376798 0.14018
vt 1.380159 0.145331
vt 1.383386 0.141969
vt 1.384469 0.145341
vt 1.382466 0.14533
vt 1.373056 0.141892
vt 1.372513 0.145342
vt 1.368321 0.141908
vt 1.353784 0.141822
vt 1.360032 0.141799
vt 1.36019 0.145341
vt 1.368321 0.141908
vt 1.367845 0.14534
vt 1.365119 0.145305
vt 1.347215 0.141779
vt 1.353784 0.141822
vt 1.348998 0.14534
vt 1.337477 0.141835
vt 1.347215 0.141779
vt 1.342263 0.145342
vt 1.324781 0.141835
vt 1.337477 0.141835
vt 1.328351 0.145341
vt 1.324781 0.141835
vt 1.317619 0.145339
vt 1.311741 0.141904
vt 1.297774 0.141869
vt 1.290874 0.145341
vt 1.283756 0.141912
vt 1.311741 0.141904
vt 1.303303 0.14534
vt 1.297774 0.141869
vt 1.283756 0.141912
vt 1.278038 0.14534
vt 1.26516 0.141763
vt 1.26516 0.141763
vt 1.278038 0.14534
vt 1.263878 0.14534
vt 1.153289 0.14534
vt 1.150053 0.145339
vt 1.151011 0.141487
vt 1.153289 0.14534
vt 1.158008 0.141457
vt 1.157753 0.145341
vt 1.151011 0.141487
vt 1.150053 0.145339
vt 1.145358 0.145342
vt 1.144967 0.141478
vt 1.145358 0.145342
vt 1.141217 0.145342
vt 1.189699 0.145341
vt 1.18273 0.14534
vt 1.180585 0.141558
vt 1.200448 0.145339
vt 1.189699 0.145341
vt 1.193292 0.1416
vt 1.164263 0.14149
vt 1.163409 0.145343
vt 1.157753 0.145341
vt 1.164263 0.14149
vt 1.168996 0.14534
vt 1.163409 0.145343
vt 1.168996 0.14534
vt 1.170841 0.141468
vt 1.175753 0.145342
vt 1.18273 0.14534
vt 1.175753 0.145342
vt 1.180585 0.141558
vt 1.141217 0.145342
vt 1.138543 0.14534
vt 1.140806 0.141457
vt 1.138543 0.14534
vt 1.136157 0.14534
vt 1.140806 0.141457
vt 1.133337 0.145341
vt 1.131056 0.14534
vt 1.134631 0.141488
vt 1.133337 0.145341
vt 1.137409 0.14142
vt 1.136157 0.14534
vt 1.131056 0.14534
vt 1.129194 0.145341
vt 1.132396 0.141458
vt 1.1231 0.14534
vt 1.122331 0.145341
vt 1.123957 0.141533
vt 1.127671 0.145339
vt 1.125968 0.14534
vt 1.127676 0.141549
vt 1.124697 0.141581
vt 1.124243 0.14534
vt 1.1231 0.14534
vt 1.125925 0.14154
vt 1.125968 0.14534
vt 1.124243 0.14534
vt 1.129194 0.145341
vt 1.127671 0.145339
vt 1.13011 0.141469
vt 1.234321 0.141817
vt 1.240057 0.14534
vt 1.227219 0.145341
vt 1.248743 0.141835
vt 1.252353 0.14534
vt 1.240057 0.14534
vt 1.206325 0.141724
vt 1.214781 0.14534
vt 1.200448 0.145339
vt 1.220296 0.14173
vt 1.227219 0.145341
vt 1.214781 0.14534
vt 1.26516 0.141763
vt 1.263878 0.14534
vt 1.252353 0.14534
vt 1.26516 0.141763
vt 1.252353 0.14534
vt 1.248743 0.141835
vt 1.240057 0.14534
vt 1.234321 0.141817
vt 1.248743 0.141835
vt 1.234321 0.141817
vt 1.227219 0.145341
vt 1.220296 0.14173
vt 1.220296 0.14173
vt 1.214781 0.14534
vt 1.206325 0.141724
vt 1.193292 0.1416
vt 1.206325 0.141724
vt 1.200448 0.145339
vt 1.189699 0.145341
vt 1.180585 0.141558
vt 1.193292 0.1416
vt 1.170841 0.141468
vt 1.168996 0.14534
vt 1.164263 0.14149
vt 1.180585 0.141558
vt 1.175753 0.145342
vt 1.170841 0.141468
vt 1.157753 0.145341
vt 1.158008 0.141457
vt 1.164263 0.14149
vt 1.158008 0.141457
vt 1.153289 0.14534
vt 1.151011 0.141487
vt 1.144967 0.141478
vt 1.151011 0.141487
vt 1.145358 0.145342
vt 1.140806 0.141457
vt 1.144967 0.141478
vt 1.141217 0.145342
vt 1.137409 0.14142
vt 1.140806 0.141457
vt 1.136157 0.14534
vt 1.134631 0.141488
vt 1.137409 0.14142
vt 1.133337 0.145341
vt 1.132396 0.141458
vt 1.134631 0.141488
vt 1.131056 0.14534
vt 1.13011 0.141469
vt 1.132396 0.141458
vt 1.129194 0.145341
vt 1.123849 0.141423
vt 1.123957 0.141533
vt 1.122331 0.145341
vt 1.384535 0.128462
vt 1.387372 0.131002
vt 1.387305 0.131054
vt 1.383499 0.128564
vt 1.386605 0.13105
vt 1.385422 0.131046
vt 1.383499 0.128564
vt 1.387305 0.131054
vt 1.386605 0.13105
vt 1.383823 0.131094
vt 1.380499 0.128242
vt 1.385422 0.131046
vt 1.381479 0.131045
vt 1.380499 0.128242
vt 1.383823 0.131094
vt 1.377403 0.130198
vt 1.377776 0.128443
vt 1.381479 0.131045
vt 1.380499 0.128242
vt 1.383499 0.128564
vt 1.385422 0.131046
vt 1.384535 0.128462
vt 1.384158 0.128144
vt 1.387372 0.131002
vt 1.383499 0.128564
vt 1.384535 0.128462
vt 1.387305 0.131054
vt 1.374504 0.131017
vt 1.373357 0.128396
vt 1.377403 0.130198
vt 1.371337 0.131001
vt 1.367611 0.12835
vt 1.374504 0.131017
vt 1.367581 0.130977
vt 1.367611 0.12835
vt 1.371337 0.131001
vt 1.362458 0.130218
vt 1.362068 0.128372
vt 1.367581 0.130977
vt 1.355901 0.130136
vt 1.355691 0.128395
vt 1.362458 0.130218
vt 1.345923 0.130193
vt 1.347317 0.1284
vt 1.355901 0.130136
vt 1.307936 0.129135
vt 1.313718 0.128425
vt 1.321679 0.131058
vt 1.321679 0.131058
vt 1.325145 0.128405
vt 1.333521 0.130206
vt 1.263995 0.12914
vt 1.287779 0.128478
vt 1.289241 0.130274
vt 1.333521 0.130206
vt 1.337228 0.128403
vt 1.345923 0.130193
vt 1.377776 0.128443
vt 1.380499 0.128242
vt 1.381479 0.131045
vt 1.373357 0.128396
vt 1.374504 0.131017
vt 1.367611 0.12835
vt 1.377403 0.130198
vt 1.373357 0.128396
vt 1.377776 0.128443
vt 1.367611 0.12835
vt 1.367581 0.130977
vt 1.362068 0.128372
vt 1.362458 0.130218
vt 1.355691 0.128395
vt 1.362068 0.128372
vt 1.355691 0.128395
vt 1.355901 0.130136
vt 1.347317 0.1284
vt 1.287779 0.128478
vt 1.307936 0.129135
vt 1.289241 0.130274
vt 1.345923 0.130193
vt 1.337228 0.128403
vt 1.347317 0.1284
vt 1.325145 0.128405
vt 1.337228 0.128403
vt 1.333521 0.130206
vt 1.325145 0.128405
vt 1.321679 0.131058
vt 1.313718 0.128425
vt 1.206833 0.129103
vt 1.225325 0.128461
vt 1.228816 0.130284
vt 1.184565 0.130177
vt 1.192974 0.128388
vt 1.19641 0.131023
vt 1.225325 0.128461
vt 1.249394 0.129129
vt 1.228816 0.130284
vt 1.162202 0.130086
vt 1.155637 0.130176
vt 1.160518 0.128379
vt 1.174754 0.131719
vt 1.180963 0.128389
vt 1.184565 0.130177
vt 1.145704 0.130665
vt 1.153791 0.128418
vt 1.150523 0.130908
vt 1.150523 0.130908
vt 1.153791 0.128418
vt 1.155637 0.130176
vt 1.125925 0.14154
vt 1.127676 0.141549
vt 1.125968 0.14534
vt 1.123957 0.141533
vt 1.124697 0.141581
vt 1.1231 0.14534
vt 1.124697 0.141581
vt 1.125925 0.14154
vt 1.124243 0.14534
vt 1.127676 0.141549
vt 1.13011 0.141469
vt 1.127671 0.145339
vt 1.140696 0.130139
vt 1.147428 0.128355
vt 1.145704 0.130665
vt 1.137423 0.130179
vt 1.139838 0.12815
vt 1.140696 0.130139
vt 1.132773 0.130218
vt 1.134967 0.128552
vt 1.136614 0.129062
vt 1.131459 0.130082
vt 1.133872 0.128439
vt 1.132773 0.130218
vt 1.19641 0.131023
vt 1.192974 0.128388
vt 1.206833 0.129103
vt 1.184565 0.130177
vt 1.180963 0.128389
vt 1.192974 0.128388
vt 1.162202 0.130086
vt 1.164669 0.128046
vt 1.170457 0.129007
vt 1.174754 0.131719
vt 1.170457 0.129007
vt 1.180963 0.128389
vt 1.153791 0.128418
vt 1.160518 0.128379
vt 1.155637 0.130176
vt 1.164669 0.128046
vt 1.162202 0.130086
vt 1.160518 0.128379
vt 1.133872 0.128439
vt 1.131459 0.130082
vt 1.133467 0.128446
vt 1.132773 0.130218
vt 1.133872 0.128439
vt 1.134967 0.128552
vt 1.153791 0.128418
vt 1.145704 0.130665
vt 1.147428 0.128355
vt 1.142724 0.12836
vt 1.147428 0.128355
vt 1.140696 0.130139
vt 1.139838 0.12815
vt 1.137423 0.130179
vt 1.136614 0.129062
vt 1.142724 0.12836
vt 1.140696 0.130139
vt 1.139838 0.12815
vt 1.129193 0.145341
vt 1.130113 0.141473
vt 1.12767 0.145339
vt 1.122331 0.145341
vt 1.122395 0.14534
vt 1.123849 0.141423
vt 1.136155 0.14534
vt 1.137414 0.141428
vt 1.133337 0.145341
vt 1.131056 0.14534
vt 1.132398 0.141464
vt 1.129193 0.145341
vt 1.134635 0.141494
vt 1.131056 0.14534
vt 1.133337 0.145341
vt 1.122395 0.14534
vt 1.123097 0.14534
vt 1.123849 0.141423
vt 1.123097 0.14534
vt 1.124243 0.14534
vt 1.124697 0.14158
vt 1.125967 0.14534
vt 1.125925 0.141541
vt 1.124243 0.14534
vt 1.127677 0.141552
vt 1.125967 0.14534
vt 1.12767 0.145339
vt 1.141217 0.145342
vt 1.145358 0.145342
vt 1.144969 0.141482
vt 1.138542 0.14534
vt 1.141217 0.145342
vt 1.14081 0.141463
vt 1.136155 0.14534
vt 1.138542 0.14534
vt 1.14081 0.141463
vt 1.150051 0.145339
vt 1.151019 0.141482
vt 1.145358 0.145342
vt 1.158021 0.14145
vt 1.153289 0.14534
vt 1.157753 0.145341
vt 1.150051 0.145339
vt 1.153289 0.14534
vt 1.151019 0.141482
vt 1.163408 0.145343
vt 1.164282 0.141481
vt 1.157753 0.145341
vt 1.175749 0.145342
vt 1.170866 0.141457
vt 1.168993 0.14534
vt 1.163408 0.145343
vt 1.168993 0.14534
vt 1.164282 0.141481
vt 1.182728 0.14534
vt 1.180622 0.141549
vt 1.175749 0.145342
vt 1.200447 0.145339
vt 1.193328 0.141593
vt 1.189697 0.145341
vt 1.189697 0.145341
vt 1.180622 0.141549
vt 1.182728 0.14534
vt 1.124697 0.14158
vt 1.124243 0.14534
vt 1.125925 0.141541
vt 1.123849 0.141423
vt 1.123097 0.14534
vt 1.124697 0.14158
vt 1.127677 0.141552
vt 1.12767 0.145339
vt 1.130113 0.141473
vt 1.132398 0.141464
vt 1.130113 0.141473
vt 1.129193 0.145341
vt 1.134635 0.141494
vt 1.132398 0.141464
vt 1.131056 0.14534
vt 1.125925 0.141541
vt 1.125967 0.14534
vt 1.127677 0.141552
vt 1.137414 0.141428
vt 1.134635 0.141494
vt 1.133337 0.145341
vt 1.14081 0.141463
vt 1.137414 0.141428
vt 1.136155 0.14534
vt 1.144969 0.141482
vt 1.14081 0.141463
vt 1.141217 0.145342
vt 1.151019 0.141482
vt 1.144969 0.141482
vt 1.145358 0.145342
vt 1.151019 0.141482
vt 1.153289 0.14534
vt 1.158021 0.14145
vt 1.164282 0.141481
vt 1.168993 0.14534
vt 1.170866 0.141457
vt 1.158021 0.14145
vt 1.157753 0.145341
vt 1.164282 0.141481
vt 1.206356 0.141715
vt 1.200447 0.145339
vt 1.21478 0.14534
vt 1.234345 0.141813
vt 1.227219 0.145341
vt 1.240058 0.14534
vt 1.220325 0.141724
vt 1.21478 0.14534
vt 1.227219 0.145341
vt 1.193328 0.141593
vt 1.200447 0.145339
vt 1.206356 0.141715
vt 1.189697 0.145341
vt 1.193328 0.141593
vt 1.180622 0.141549
vt 1.220325 0.141724
vt 1.206356 0.141715
vt 1.21478 0.14534
vt 1.252352 0.14534
vt 1.248762 0.141831
vt 1.240058 0.14534
vt 1.234345 0.141813
vt 1.220325 0.141724
vt 1.227219 0.145341
vt 1.248762 0.141831
vt 1.234345 0.141813
vt 1.240058 0.14534
vt 1.175749 0.145342
vt 1.180622 0.141549
vt 1.170866 0.141457
vt 1.265164 0.141763
vt 1.252352 0.14534
vt 1.263877 0.14534
vt 1.283737 0.141908
vt 1.278037 0.14534
vt 1.290875 0.145341
vt 1.265164 0.141763
vt 1.263877 0.14534
vt 1.278037 0.14534
vt 1.297762 0.141866
vt 1.290875 0.145341
vt 1.303302 0.14534
vt 1.317618 0.145339
vt 1.311743 0.141903
vt 1.303302 0.14534
vt 1.335305 0.14534
vt 1.337497 0.14184
vt 1.328349 0.145341
vt 1.328349 0.145341
vt 1.324795 0.141837
vt 1.317618 0.145339
vt 1.353794 0.141827
vt 1.354564 0.145343
vt 1.36019 0.145341
vt 1.348996 0.14534
vt 1.354564 0.145343
vt 1.353794 0.141827
vt 1.342261 0.145342
vt 1.348996 0.14534
vt 1.34723 0.141785
vt 1.36019 0.145341
vt 1.36512 0.145305
vt 1.360037 0.141802
vt 1.372513 0.145342
vt 1.368322 0.141903
vt 1.367844 0.145339
vt 1.37306 0.141885
vt 1.372513 0.145342
vt 1.376629 0.145341
vt 1.377224 0.141886
vt 1.376629 0.145341
vt 1.380085 0.14534
vt 1.382468 0.14533
vt 1.38031 0.141582
vt 1.380085 0.14534
vt 1.38677 0.14533
vt 1.38339 0.14196
vt 1.384469 0.145341
vt 1.337497 0.14184
vt 1.335305 0.14534
vt 1.342261 0.145342
vt 1.265164 0.141763
vt 1.248762 0.141831
vt 1.252352 0.14534
vt 1.283737 0.141908
vt 1.265164 0.141763
vt 1.278037 0.14534
vt 1.297762 0.141866
vt 1.283737 0.141908
vt 1.290875 0.145341
vt 1.311743 0.141903
vt 1.297762 0.141866
vt 1.303302 0.14534
vt 1.324795 0.141837
vt 1.311743 0.141903
vt 1.317618 0.145339
vt 1.324795 0.141837
vt 1.328349 0.145341
vt 1.337497 0.14184
vt 1.337497 0.14184
vt 1.342261 0.145342
vt 1.34723 0.141785
vt 1.353794 0.141827
vt 1.36019 0.145341
vt 1.360037 0.141802
vt 1.34723 0.141785
vt 1.348996 0.14534
vt 1.353794 0.141827
vt 1.368322 0.141903
vt 1.36512 0.145305
vt 1.367844 0.145339
vt 1.37306 0.141885
vt 1.368322 0.141903
vt 1.372513 0.145342
vt 1.377224 0.141886
vt 1.37306 0.141885
vt 1.376629 0.145341
vt 1.38031 0.141582
vt 1.377224 0.141886
vt 1.380085 0.14534
vt 1.387172 0.140451
vt 1.388595 0.145341
vt 1.390094 0.145334
vt 1.391806 0.14534
vt 1.390323 0.142039
vt 1.390094 0.145334
vt 1.382468 0.14533
vt 1.384469 0.145341
vt 1.38339 0.14196
vt 1.38677 0.14533
vt 1.388595 0.145341
vt 1.387172 0.140451
vt 1.132857 0.13017
vt 1.134643 0.128524
vt 1.131459 0.130082
vt 1.137424 0.130182
vt 1.137638 0.128215
vt 1.13427 0.131013
vt 1.1407 0.130142
vt 1.140361 0.128411
vt 1.137424 0.130182
vt 1.13427 0.131013
vt 1.137638 0.128215
vt 1.132857 0.13017
vt 1.14571 0.130663
vt 1.144777 0.128367
vt 1.1407 0.130142
vt 1.150517 0.130915
vt 1.153806 0.128417
vt 1.14571 0.130663
vt 1.162208 0.130091
vt 1.160282 0.12836
vt 1.155643 0.130174
vt 1.172188 0.130155
vt 1.165759 0.128307
vt 1.162208 0.130091
vt 1.155643 0.130174
vt 1.153806 0.128417
vt 1.150517 0.130915
vt 1.184595 0.130171
vt 1.180976 0.128389
vt 1.172188 0.130155
vt 1.196447 0.131019
vt 1.195848 0.128411
vt 1.184595 0.130171
vt 1.211014 0.128692
vt 1.195848 0.128411
vt 1.196447 0.131019
vt 1.233057 0.128463
vt 1.228904 0.130261
vt 1.253728 0.129077
vt 1.253728 0.129077
vt 1.264975 0.130181
vt 1.277097 0.128474
vt 1.133467 0.128446
vt 1.131459 0.130082
vt 1.134643 0.128524
vt 1.137638 0.128215
vt 1.134643 0.128524
vt 1.132857 0.13017
vt 1.140361 0.128411
vt 1.137638 0.128215
vt 1.137424 0.130182
vt 1.144777 0.128367
vt 1.140361 0.128411
vt 1.1407 0.130142
vt 1.144777 0.128367
vt 1.14571 0.130663
vt 1.148683 0.128044
vt 1.14571 0.130663
vt 1.153806 0.128417
vt 1.148683 0.128044
vt 1.184595 0.130171
vt 1.195848 0.128411
vt 1.180976 0.128389
vt 1.165759 0.128307
vt 1.160282 0.12836
vt 1.162208 0.130091
vt 1.153806 0.128417
vt 1.155643 0.130174
vt 1.160282 0.12836
vt 1.172188 0.130155
vt 1.171791 0.128385
vt 1.165759 0.128307
vt 1.180976 0.128389
vt 1.171791 0.128385
vt 1.172188 0.130155
vt 1.211014 0.128692
vt 1.228904 0.130261
vt 1.233057 0.128463
vt 1.289276 0.130295
vt 1.277097 0.128474
vt 1.264975 0.130181
vt 1.311305 0.129123
vt 1.299127 0.128495
vt 1.289276 0.130295
vt 1.333537 0.130209
vt 1.325132 0.128405
vt 1.321695 0.131058
vt 1.342769 0.130211
vt 1.337147 0.128409
vt 1.333537 0.130209
vt 1.362463 0.13022
vt 1.361491 0.128452
vt 1.355901 0.13013
vt 1.367578 0.13097
vt 1.361491 0.128452
vt 1.362463 0.13022
vt 1.37222 0.130188
vt 1.366522 0.12814
vt 1.367578 0.13097
vt 1.377409 0.130195
vt 1.372885 0.128391
vt 1.37222 0.130188
vt 1.38148 0.131041
vt 1.378271 0.128756
vt 1.377409 0.130195
vt 1.391806 0.14534
vt 1.393498 0.145333
vt 1.390323 0.142039
vt 1.385421 0.131046
vt 1.380907 0.128573
vt 1.383823 0.131089
vt 1.382598 0.128139
vt 1.385421 0.131046
vt 1.386609 0.131058
vt 1.387372 0.131002
vt 1.383977 0.128505
vt 1.386609 0.131058
vt 1.380907 0.128573
vt 1.38148 0.131041
vt 1.383823 0.131089
vt 1.387372 0.131002
vt 1.384158 0.128144
vt 1.383977 0.128505
vt 1.299127 0.128495
vt 1.277097 0.128474
vt 1.289276 0.130295
vt 1.325132 0.128405
vt 1.311305 0.129123
vt 1.321695 0.131058
vt 1.333537 0.130209
vt 1.337147 0.128409
vt 1.325132 0.128405
vt 1.355901 0.13013
vt 1.354592 0.128345
vt 1.3477 0.12904
vt 1.342769 0.130211
vt 1.3477 0.12904
vt 1.337147 0.128409
vt 1.380907 0.128573
vt 1.378271 0.128756
vt 1.38148 0.131041
vt 1.377409 0.130195
vt 1.378271 0.128756
vt 1.375372 0.128329
vt 1.382598 0.128139
vt 1.380907 0.128573
vt 1.385421 0.131046
vt 1.354592 0.128345
vt 1.355901 0.13013
vt 1.361491 0.128452
vt 1.370123 0.128073
vt 1.37222 0.130188
vt 1.372885 0.128391
vt 1.366522 0.12814
vt 1.37222 0.130188
vt 1.370123 0.128073
vt 1.366522 0.12814
vt 1.361491 0.128452
vt 1.367578 0.13097
vt 1.372885 0.128391
vt 1.377409 0.130195
vt 1.375372 0.128329
vt 1.386609 0.131058
vt 1.383977 0.128505
vt 1.382598 0.128139
vt 1.13999 0.127586
vt 1.165902 0.127578
vt 1.149468 0.127623
vt 1.149468 0.127623
vt 1.165902 0.127578
vt 1.15965 0.127605
vt 1.135353 0.127636
vt 1.20235 0.127578
vt 1.13999 0.127586
vt 1.13999 0.127586
vt 1.20235 0.127578
vt 1.165902 0.127578
vt 1.169549 0.12761
vt 1.15965 0.127605
vt 1.165902 0.127578
vt 1.191168 0.127627
vt 1.169549 0.12761
vt 1.208316 0.127584
vt 1.208316 0.127584
vt 1.169549 0.12761
vt 1.165902 0.127578
vt 1.20235 0.127578
vt 1.208316 0.127584
vt 1.165902 0.127578
vt 1.139937 0.127598
vt 1.20235 0.127578
vt 1.135353 0.127636
vt 1.20235 0.127578
vt 1.139937 0.127598
vt 1.166735 0.127578
vt 1.139937 0.127598
vt 1.145933 0.127611
vt 1.166735 0.127578
vt 1.145933 0.127611
vt 1.158783 0.127588
vt 1.166735 0.127578
vt 1.25404 0.127582
vt 1.20235 0.127578
vt 1.166735 0.127578
vt 1.166735 0.127578
vt 1.158783 0.127588
vt 1.171662 0.127635
vt 1.25404 0.127582
vt 1.171662 0.127635
vt 1.192231 0.127637
vt 1.171662 0.127635
vt 1.25404 0.127582
vt 1.166735 0.127578
vt 1.209216 0.127632
vt 1.25404 0.127582
vt 1.192231 0.127637
vt 1.30881 0.127609
vt 1.265473 0.127622
vt 1.208316 0.127584
vt 1.350113 0.127601
vt 1.336893 0.127639
vt 1.30881 0.127609
vt 1.351313 0.127578
vt 1.350113 0.127601
vt 1.30881 0.127609
vt 1.208316 0.127584
vt 1.38227 0.127585
vt 1.351313 0.127578
vt 1.30881 0.127609
vt 1.208316 0.127584
vt 1.351313 0.127578
vt 1.350113 0.127601
vt 1.351313 0.127578
vt 1.361669 0.127627
vt 1.361669 0.127627
vt 1.351313 0.127578
vt 1.368828 0.127635
vt 1.368828 0.127635
vt 1.351313 0.127578
vt 1.377849 0.127611
vt 1.38227 0.127585
vt 1.377849 0.127611
vt 1.351313 0.127578
vt 1.38227 0.127585
vt 1.25404 0.127582
vt 1.351801 0.127578
vt 1.325537 0.127585
vt 1.351801 0.127578
vt 1.25404 0.127582
vt 1.342906 0.127626
vt 1.351801 0.127578
vt 1.325537 0.127585
vt 1.3787 0.127594
vt 1.38227 0.127585
vt 1.351801 0.127578
vt 1.357315 0.127637
vt 1.351801 0.127578
vt 1.342906 0.127626
vt 1.357315 0.127637
vt 1.367857 0.127598
vt 1.351801 0.127578
vt 1.3787 0.127594
vt 1.351801 0.127578
vt 1.367857 0.127598
vt 1.208316 0.127584
vt 1.265473 0.127622
vt 1.226645 0.127632
vt 1.382598 0.128139
vt 1.38227 0.127585
vt 1.3787 0.127594
vt 1.375372 0.128329
vt 1.378564 0.127997
vt 1.37385 0.127722
vt 1.370123 0.128073
vt 1.37385 0.127722
vt 1.367857 0.127598
vt 1.366522 0.12814
vt 1.367857 0.127598
vt 1.357315 0.127637
vt 1.361491 0.128452
vt 1.366522 0.12814
vt 1.357315 0.127637
vt 1.347684 0.127963
vt 1.354592 0.128345
vt 1.357315 0.127637
vt 1.347684 0.127963
vt 1.357315 0.127637
vt 1.342906 0.127626
vt 1.328752 0.12787
vt 1.337147 0.128409
vt 1.342906 0.127626
vt 1.308748 0.127809
vt 1.325132 0.128405
vt 1.328752 0.12787
vt 1.233057 0.128463
vt 1.254299 0.128001
vt 1.22594 0.127889
vt 1.22594 0.127889
vt 1.25404 0.127582
vt 1.209216 0.127632
vt 1.211014 0.128692
vt 1.22594 0.127889
vt 1.209216 0.127632
vt 1.195848 0.128411
vt 1.209216 0.127632
vt 1.192231 0.127637
vt 1.180846 0.127859
vt 1.192231 0.127637
vt 1.171662 0.127635
vt 1.165759 0.128307
vt 1.171662 0.127635
vt 1.160294 0.127921
vt 1.160294 0.127921
vt 1.171662 0.127635
vt 1.158783 0.127588
vt 1.148683 0.128044
vt 1.153806 0.128417
vt 1.153398 0.127684
vt 1.145933 0.127611
vt 1.148683 0.128044
vt 1.153398 0.127684
vt 1.142732 0.127861
vt 1.144777 0.128367
vt 1.148683 0.128044
vt 1.139937 0.127598
vt 1.142732 0.127861
vt 1.145933 0.127611
vt 1.137638 0.128215
vt 1.140361 0.128411
vt 1.142732 0.127861
vt 1.135829 0.127728
vt 1.136414 0.12802
vt 1.139937 0.127598
vt 1.135353 0.127636
vt 1.133467 0.128446
vt 1.135829 0.127728
vt 1.137296 0.128017
vt 1.136034 0.127728
vt 1.13999 0.127586
vt 1.142724 0.12836
vt 1.139838 0.12815
vt 1.144258 0.127717
vt 1.155695 0.127876
vt 1.149468 0.127623
vt 1.15965 0.127605
vt 1.164669 0.128046
vt 1.160518 0.128379
vt 1.155695 0.127876
vt 1.164669 0.128046
vt 1.15965 0.127605
vt 1.169549 0.12761
vt 1.180828 0.127743
vt 1.170834 0.127991
vt 1.169549 0.12761
vt 1.206482 0.128042
vt 1.192974 0.128388
vt 1.191168 0.127627
vt 1.258855 0.128083
vt 1.225325 0.128461
vt 1.226645 0.127632
vt 1.258855 0.128083
vt 1.226645 0.127632
vt 1.265473 0.127622
vt 1.284487 0.127875
vt 1.265473 0.127622
vt 1.30881 0.127609
vt 1.287779 0.128478
vt 1.284487 0.127875
vt 1.30881 0.127609
vt 1.351506 0.127852
vt 1.336893 0.127639
vt 1.350113 0.127601
vt 1.361669 0.127627
vt 1.351506 0.127852
vt 1.350113 0.127601
vt 1.368828 0.127635
vt 1.367611 0.12835
vt 1.361669 0.127627
vt 1.373877 0.127726
vt 1.373357 0.128396
vt 1.368828 0.127635
vt 1.377849 0.127611
vt 1.377776 0.128443
vt 1.373877 0.127726
vt 1.380499 0.128242
vt 1.377776 0.128443
vt 1.377849 0.127611
vt 1.382284 0.127734
vt 1.381711 0.128037
vt 1.377849 0.127611
vt 1.384158 0.128144
vt 1.384535 0.128462
vt 1.382284 0.127734
vt 1.378564 0.127997
vt 1.378271 0.128756
vt 1.380907 0.128573
vt 1.375372 0.128329
vt 1.378271 0.128756
vt 1.378564 0.127997
vt 1.337147 0.128409
vt 1.3477 0.12904
vt 1.347684 0.127963
vt 1.299127 0.128495
vt 1.311305 0.129123
vt 1.308748 0.127809
vt 1.3477 0.12904
vt 1.354592 0.128345
vt 1.347684 0.127963
vt 1.311305 0.129123
vt 1.325132 0.128405
vt 1.308748 0.127809
vt 1.254299 0.128001
vt 1.253728 0.129077
vt 1.277097 0.128474
vt 1.233057 0.128463
vt 1.253728 0.129077
vt 1.254299 0.128001
vt 1.134643 0.128524
vt 1.137638 0.128215
vt 1.136414 0.12802
vt 1.160294 0.127921
vt 1.153806 0.128417
vt 1.160282 0.12836
vt 1.139937 0.127598
vt 1.135353 0.127636
vt 1.135829 0.127728
vt 1.137296 0.128017
vt 1.136614 0.129062
vt 1.134967 0.128552
vt 1.164669 0.128046
vt 1.170834 0.127991
vt 1.170457 0.129007
vt 1.137296 0.128017
vt 1.139838 0.12815
vt 1.136614 0.129062
vt 1.160518 0.128379
vt 1.153791 0.128418
vt 1.155695 0.127876
vt 1.170457 0.129007
vt 1.170834 0.127991
vt 1.180963 0.128389
vt 1.225325 0.128461
vt 1.206833 0.129103
vt 1.206482 0.128042
vt 1.206482 0.128042
vt 1.206833 0.129103
vt 1.192974 0.128388
vt 1.258855 0.128083
vt 1.263995 0.12914
vt 1.249394 0.129129
vt 1.258855 0.128083
vt 1.287779 0.128478
vt 1.263995 0.12914
vt 1.258855 0.128083
vt 1.249394 0.129129
vt 1.225325 0.128461
vt 1.287779 0.128478
vt 1.313718 0.128425
vt 1.307936 0.129135
vt 1.383499 0.128564
vt 1.380499 0.128242
vt 1.381711 0.128037
vt 1.136034 0.127728
vt 1.135353 0.127636
vt 1.13999 0.127586
vt 1.169549 0.12761
vt 1.191168 0.127627
vt 1.180828 0.127743
vt 1.32678 0.127708
vt 1.30881 0.127609
vt 1.336893 0.127639
vt 1.382284 0.127734
vt 1.377849 0.127611
vt 1.38227 0.127585
vt 1.373877 0.127726
vt 1.368828 0.127635
vt 1.377849 0.127611
vt 1.392996 0.139718
vt 1.39303 0.139504
vt 1.395451 0.145329
vt 1.390417 0.134899
vt 1.387305 0.131054
vt 1.387372 0.131002
vt 1.394654 0.145335
vt 1.392996 0.139718
vt 1.395451 0.145329
vt 1.392996 0.139718
vt 1.389662 0.135055
vt 1.390386 0.135055
vt 1.390386 0.135055
vt 1.386605 0.13105
vt 1.387305 0.131054
vt 1.393498 0.145333
vt 1.392261 0.139718
vt 1.394654 0.145335
vt 1.392261 0.139718
vt 1.388475 0.13505
vt 1.389662 0.135055
vt 1.389662 0.135055
vt 1.385422 0.131046
vt 1.386605 0.13105
vt 1.391058 0.13971
vt 1.386761 0.135038
vt 1.388475 0.13505
vt 1.389743 0.140358
vt 1.391058 0.13971
vt 1.393498 0.145333
vt 1.388475 0.13505
vt 1.383823 0.131094
vt 1.385422 0.131046
vt 1.389743 0.140358
vt 1.384401 0.134999
vt 1.386761 0.135038
vt 1.387169 0.14046
vt 1.389743 0.140358
vt 1.390483 0.145333
vt 1.386761 0.135038
vt 1.381479 0.131045
vt 1.383823 0.131094
vt 1.387169 0.14046
vt 1.382133 0.134979
vt 1.384401 0.134999
vt 1.382133 0.134979
vt 1.381479 0.131045
vt 1.384401 0.134999
vt 1.379641 0.139541
vt 1.373968 0.134899
vt 1.377251 0.134927
vt 1.383386 0.141969
vt 1.384619 0.139611
vt 1.386768 0.145331
vt 1.381217 0.137188
vt 1.382133 0.134979
vt 1.384619 0.139611
vt 1.379641 0.139541
vt 1.381217 0.137188
vt 1.383386 0.141969
vt 1.377251 0.134927
vt 1.379197 0.132609
vt 1.381217 0.137188
vt 1.374504 0.131017
vt 1.377403 0.130198
vt 1.379197 0.132609
vt 1.376798 0.14018
vt 1.379641 0.139541
vt 1.380159 0.145331
vt 1.377251 0.134927
vt 1.371337 0.131001
vt 1.374504 0.131017
vt 1.373968 0.134899
vt 1.367581 0.130977
vt 1.371337 0.131001
vt 1.373056 0.141892
vt 1.376798 0.14018
vt 1.376684 0.145334
vt 1.370072 0.137077
vt 1.373968 0.134899
vt 1.376798 0.14018
vt 1.36398 0.137269
vt 1.367661 0.132996
vt 1.370072 0.137077
vt 1.36398 0.137269
vt 1.370072 0.137077
vt 1.368321 0.141908
vt 1.360032 0.141799
vt 1.36398 0.137269
vt 1.365119 0.145305
vt 1.36398 0.137269
vt 1.368321 0.141908
vt 1.365119 0.145305
vt 1.358253 0.137062
vt 1.361838 0.132966
vt 1.36398 0.137269
vt 1.353784 0.141822
vt 1.358253 0.137062
vt 1.360032 0.141799
vt 1.355901 0.130136
vt 1.361838 0.132966
vt 1.356288 0.132815
vt 1.352167 0.137072
vt 1.356288 0.132815
vt 1.358253 0.137062
vt 1.350399 0.132826
vt 1.355901 0.130136
vt 1.356288 0.132815
vt 1.347215 0.141779
vt 1.352167 0.137072
vt 1.353784 0.141822
vt 1.345754 0.137088
vt 1.350399 0.132826
vt 1.352167 0.137072
vt 1.337477 0.141835
vt 1.345754 0.137088
vt 1.347215 0.141779
vt 1.345923 0.130193
vt 1.350399 0.132826
vt 1.344177 0.132841
vt 1.33613 0.137104
vt 1.344177 0.132841
vt 1.345754 0.137088
vt 1.333521 0.130206
vt 1.344177 0.132841
vt 1.334808 0.132858
vt 1.324781 0.141835
vt 1.33613 0.137104
vt 1.337477 0.141835
vt 1.323566 0.137129
vt 1.334808 0.132858
vt 1.33613 0.137104
vt 1.311741 0.141904
vt 1.323566 0.137129
vt 1.324781 0.141835
vt 1.333521 0.130206
vt 1.334808 0.132858
vt 1.321679 0.131058
vt 1.310707 0.137149
vt 1.322833 0.133968
vt 1.323566 0.137129
vt 1.297774 0.141869
vt 1.310707 0.137149
vt 1.311741 0.141904
vt 1.321679 0.131058
vt 1.322833 0.133968
vt 1.309898 0.132901
vt 1.296936 0.137144
vt 1.309898 0.132901
vt 1.310707 0.137149
vt 1.290105 0.132896
vt 1.307936 0.129135
vt 1.309898 0.132901
vt 1.283756 0.141912
vt 1.296936 0.137144
vt 1.297774 0.141869
vt 1.26516 0.141763
vt 1.282882 0.137129
vt 1.283756 0.141912
vt 1.290105 0.132896
vt 1.296936 0.137144
vt 1.282882 0.137129
vt 1.264854 0.132764
vt 1.282882 0.137129
vt 1.264937 0.136926
vt 1.264854 0.132764
vt 1.289241 0.130274
vt 1.290105 0.132896
vt 1.26516 0.141763
vt 1.249388 0.137073
vt 1.264937 0.136926
vt 1.264937 0.136926
vt 1.249584 0.132878
vt 1.264854 0.132764
vt 1.249584 0.132878
vt 1.263995 0.12914
vt 1.264854 0.132764
vt 1.248743 0.141835
vt 1.235219 0.137057
vt 1.249388 0.137073
vt 1.249388 0.137073
vt 1.235625 0.132873
vt 1.249584 0.132878
vt 1.235625 0.132873
vt 1.249394 0.129129
vt 1.249584 0.132878
vt 1.234321 0.141817
vt 1.221153 0.137035
vt 1.235219 0.137057
vt 1.235219 0.137057
vt 1.221754 0.132863
vt 1.235625 0.132873
vt 1.220296 0.14173
vt 1.207372 0.137007
vt 1.221153 0.137035
vt 1.221153 0.137035
vt 1.208182 0.132849
vt 1.221754 0.132863
vt 1.221754 0.132863
vt 1.206833 0.129103
vt 1.228816 0.130284
vt 1.206325 0.141724
vt 1.194508 0.136948
vt 1.207372 0.137007
vt 1.207372 0.137007
vt 1.195238 0.133863
vt 1.208182 0.132849
vt 1.193292 0.1416
vt 1.181941 0.136895
vt 1.194508 0.136948
vt 1.19641 0.131023
vt 1.206833 0.129103
vt 1.208182 0.132849
vt 1.194508 0.136948
vt 1.183257 0.13278
vt 1.195238 0.133863
vt 1.180585 0.141558
vt 1.172322 0.136851
vt 1.181941 0.136895
vt 1.183257 0.13278
vt 1.19641 0.131023
vt 1.195238 0.133863
vt 1.181941 0.136895
vt 1.174754 0.131719
vt 1.183257 0.13278
vt 1.170841 0.141468
vt 1.165915 0.136815
vt 1.172322 0.136851
vt 1.174754 0.131719
vt 1.184565 0.130177
vt 1.183257 0.13278
vt 1.172322 0.136851
vt 1.167677 0.132728
vt 1.174754 0.131719
vt 1.158008 0.141457
vt 1.165915 0.136815
vt 1.164263 0.14149
vt 1.165915 0.136815
vt 1.160334 0.132698
vt 1.167677 0.132728
vt 1.167677 0.132728
vt 1.162202 0.130086
vt 1.170457 0.129007
vt 1.158321 0.136769
vt 1.153751 0.132839
vt 1.160334 0.132698
vt 1.151523 0.136952
vt 1.158321 0.136769
vt 1.151011 0.141487
vt 1.160334 0.132698
vt 1.155637 0.130176
vt 1.162202 0.130086
vt 1.144967 0.141478
vt 1.151523 0.136952
vt 1.151011 0.141487
vt 1.140806 0.141457
vt 1.147476 0.135588
vt 1.144967 0.141478
vt 1.153751 0.132839
vt 1.151523 0.136952
vt 1.147476 0.135588
vt 1.155637 0.130176
vt 1.153751 0.132839
vt 1.150523 0.130908
vt 1.143505 0.135598
vt 1.150523 0.130908
vt 1.147476 0.135588
vt 1.139584 0.136782
vt 1.140806 0.141457
vt 1.137409 0.14142
vt 1.134631 0.141488
vt 1.139584 0.136782
vt 1.137409 0.14142
vt 1.145704 0.130665
vt 1.143505 0.135598
vt 1.142177 0.132719
vt 1.135753 0.136803
vt 1.142177 0.132719
vt 1.139584 0.136782
vt 1.140696 0.130139
vt 1.142177 0.132719
vt 1.138435 0.132738
vt 1.132366 0.136833
vt 1.132396 0.141458
vt 1.13011 0.141469
vt 1.135753 0.136803
vt 1.134631 0.141488
vt 1.132396 0.141458
vt 1.132366 0.136833
vt 1.138435 0.132738
vt 1.135753 0.136803
vt 1.135112 0.132763
vt 1.140696 0.130139
vt 1.138435 0.132738
vt 1.127676 0.141549
vt 1.132366 0.136833
vt 1.13011 0.141469
vt 1.129993 0.136863
vt 1.135112 0.132763
vt 1.132366 0.136833
vt 1.132776 0.132787
vt 1.137423 0.130179
vt 1.135112 0.132763
vt 1.125925 0.14154
vt 1.129993 0.136863
vt 1.127676 0.141549
vt 1.128267 0.13687
vt 1.132776 0.132787
vt 1.129993 0.136863
vt 1.132773 0.130218
vt 1.132776 0.132787
vt 1.130427 0.132791
vt 1.124697 0.141581
vt 1.128267 0.13687
vt 1.125925 0.14154
vt 1.123957 0.141533
vt 1.127072 0.13687
vt 1.124697 0.141581
vt 1.130427 0.132791
vt 1.128267 0.13687
vt 1.127072 0.13687
vt 1.129179 0.132794
vt 1.127072 0.13687
vt 1.126343 0.136865
vt 1.129179 0.132794
vt 1.132773 0.130218
vt 1.130427 0.132791
vt 1.123849 0.141423
vt 1.126343 0.136865
vt 1.123957 0.141533
vt 1.12631 0.136692
vt 1.129179 0.132794
vt 1.126343 0.136865
vt 1.123849 0.141423
vt 1.127073 0.13687
vt 1.12631 0.136692
vt 1.131459 0.130082
vt 1.129179 0.132794
vt 1.129149 0.132668
vt 1.127073 0.13687
vt 1.129149 0.132668
vt 1.12631 0.136692
vt 1.129149 0.132668
vt 1.132857 0.13017
vt 1.131459 0.130082
vt 1.124697 0.14158
vt 1.128267 0.136872
vt 1.127073 0.13687
vt 1.125925 0.141541
vt 1.130659 0.135698
vt 1.128267 0.136872
vt 1.127677 0.141552
vt 1.132368 0.136843
vt 1.130659 0.135698
vt 1.130659 0.135698
vt 1.130427 0.132792
vt 1.128267 0.136872
vt 1.13427 0.131013
vt 1.132857 0.13017
vt 1.130427 0.132792
vt 1.132398 0.141464
vt 1.132368 0.136843
vt 1.130113 0.141473
vt 1.135114 0.13277
vt 1.13427 0.131013
vt 1.130659 0.135698
vt 1.132368 0.136843
vt 1.13844 0.132747
vt 1.135114 0.13277
vt 1.135114 0.13277
vt 1.1407 0.130142
vt 1.137424 0.130182
vt 1.134635 0.141494
vt 1.139588 0.136797
vt 1.135758 0.136816
vt 1.135758 0.136816
vt 1.142182 0.132728
vt 1.13844 0.132747
vt 1.142182 0.132728
vt 1.1407 0.130142
vt 1.13844 0.132747
vt 1.14081 0.141463
vt 1.139588 0.136797
vt 1.137414 0.141428
vt 1.14081 0.141463
vt 1.147478 0.135595
vt 1.143509 0.13561
vt 1.143509 0.13561
vt 1.142182 0.132728
vt 1.139588 0.136797
vt 1.143509 0.13561
vt 1.150517 0.130915
vt 1.14571 0.130663
vt 1.144969 0.141482
vt 1.151529 0.13695
vt 1.147478 0.135595
vt 1.158342 0.136757
vt 1.153757 0.132838
vt 1.151529 0.13695
vt 1.153757 0.132838
vt 1.150517 0.130915
vt 1.147478 0.135595
vt 1.160353 0.13269
vt 1.155643 0.130174
vt 1.153757 0.132838
vt 1.165951 0.136796
vt 1.158021 0.14145
vt 1.164282 0.141481
vt 1.158342 0.136757
vt 1.151019 0.141482
vt 1.158021 0.14145
vt 1.165951 0.136796
vt 1.160353 0.13269
vt 1.158342 0.136757
vt 1.167713 0.132715
vt 1.162208 0.130091
vt 1.160353 0.13269
vt 1.170866 0.141457
vt 1.165951 0.136796
vt 1.164282 0.141481
vt 1.17237 0.13683
vt 1.167713 0.132715
vt 1.165951 0.136796
vt 1.180622 0.141549
vt 1.17237 0.13683
vt 1.170866 0.141457
vt 1.172188 0.130155
vt 1.167713 0.132715
vt 1.173939 0.132737
vt 1.182004 0.136875
vt 1.173939 0.132737
vt 1.17237 0.13683
vt 1.184595 0.130171
vt 1.173939 0.132737
vt 1.183319 0.132767
vt 1.193328 0.141593
vt 1.182004 0.136875
vt 1.180622 0.141549
vt 1.194573 0.136929
vt 1.183319 0.132767
vt 1.182004 0.136875
vt 1.206356 0.141715
vt 1.194573 0.136929
vt 1.193328 0.141593
vt 1.184595 0.130171
vt 1.183319 0.132767
vt 1.196447 0.131019
vt 1.20744 0.136986
vt 1.195303 0.13385
vt 1.194573 0.136929
vt 1.220325 0.141724
vt 1.20744 0.136986
vt 1.206356 0.141715
vt 1.196447 0.131019
vt 1.195303 0.13385
vt 1.208251 0.132835
vt 1.22122 0.137022
vt 1.208251 0.132835
vt 1.20744 0.136986
vt 1.228088 0.132856
vt 1.211014 0.128692
vt 1.208251 0.132835
vt 1.234345 0.141813
vt 1.22122 0.137022
vt 1.220325 0.141724
vt 1.248762 0.141831
vt 1.235282 0.137046
vt 1.234345 0.141813
vt 1.228088 0.132856
vt 1.22122 0.137022
vt 1.235282 0.137046
vt 1.24963 0.132871
vt 1.235282 0.137046
vt 1.249434 0.137063
vt 1.24963 0.132871
vt 1.228904 0.130261
vt 1.228088 0.132856
vt 1.265164 0.141763
vt 1.249434 0.137063
vt 1.248762 0.141831
vt 1.26494 0.136918
vt 1.24963 0.132871
vt 1.249434 0.137063
vt 1.264858 0.132758
vt 1.253728 0.129077
vt 1.24963 0.132871
vt 1.265164 0.141763
vt 1.282839 0.137122
vt 1.26494 0.136918
vt 1.282839 0.137122
vt 1.264858 0.132758
vt 1.26494 0.136918
vt 1.264858 0.132758
vt 1.289276 0.130295
vt 1.264975 0.130181
vt 1.283737 0.141908
vt 1.296916 0.137139
vt 1.282839 0.137122
vt 1.297762 0.141866
vt 1.310714 0.13715
vt 1.296916 0.137139
vt 1.39303 0.139504
vt 1.390386 0.135055
vt 1.390417 0.134899
vt 1.296916 0.137139
vt 1.309906 0.132902
vt 1.290074 0.132892
vt 1.309906 0.132902
vt 1.289276 0.130295
vt 1.290074 0.132892
vt 1.311743 0.141903
vt 1.32359 0.137135
vt 1.310714 0.13715
vt 1.310714 0.13715
vt 1.322855 0.133972
vt 1.309906 0.132902
vt 1.324795 0.141837
vt 1.336161 0.137115
vt 1.32359 0.137135
vt 1.321695 0.131058
vt 1.311305 0.129123
vt 1.309906 0.132902
vt 1.32359 0.137135
vt 1.334839 0.132865
vt 1.322855 0.133972
vt 1.337497 0.14184
vt 1.34578 0.137101
vt 1.336161 0.137115
vt 1.334839 0.132865
vt 1.321695 0.131058
vt 1.322855 0.133972
vt 1.336161 0.137115
vt 1.344202 0.132849
vt 1.334839 0.132865
vt 1.334839 0.132865
vt 1.342769 0.130211
vt 1.333537 0.130209
vt 1.34723 0.141785
vt 1.352185 0.137082
vt 1.34578 0.137101
vt 1.34578 0.137101
vt 1.350416 0.132833
vt 1.344202 0.132849
vt 1.344202 0.132849
vt 1.3477 0.12904
vt 1.342769 0.130211
vt 1.353794 0.141827
vt 1.358261 0.137068
vt 1.352185 0.137082
vt 1.352185 0.137082
vt 1.356296 0.132819
vt 1.350416 0.132833
vt 1.356296 0.132819
vt 1.3477 0.12904
vt 1.350416 0.132833
vt 1.360037 0.141802
vt 1.363984 0.137268
vt 1.358261 0.137068
vt 1.358261 0.137068
vt 1.361842 0.132965
vt 1.356296 0.132819
vt 1.367666 0.13299
vt 1.363984 0.137268
vt 1.370077 0.137066
vt 1.362463 0.13022
vt 1.355901 0.13013
vt 1.361842 0.132965
vt 1.375175 0.137104
vt 1.37306 0.141885
vt 1.377224 0.141886
vt 1.362463 0.13022
vt 1.361842 0.132965
vt 1.367666 0.13299
vt 1.370077 0.137066
vt 1.368322 0.141903
vt 1.37306 0.141885
vt 1.362463 0.13022
vt 1.367666 0.13299
vt 1.367578 0.13097
vt 1.375175 0.137104
vt 1.367666 0.13299
vt 1.370077 0.137066
vt 1.38031 0.141582
vt 1.375175 0.137104
vt 1.377224 0.141886
vt 1.367578 0.13097
vt 1.367666 0.13299
vt 1.372679 0.132838
vt 1.378501 0.137136
vt 1.372679 0.132838
vt 1.375175 0.137104
vt 1.38339 0.14196
vt 1.378501 0.137136
vt 1.38031 0.141582
vt 1.37222 0.130188
vt 1.372679 0.132838
vt 1.375913 0.132859
vt 1.38031 0.141582
vt 1.382468 0.14533
vt 1.38339 0.14196
vt 1.381223 0.137169
vt 1.375913 0.132859
vt 1.378501 0.137136
vt 1.377409 0.130195
vt 1.375913 0.132859
vt 1.379205 0.132597
vt 1.387172 0.140451
vt 1.382138 0.134966
vt 1.384624 0.139592
vt 1.381223 0.137169
vt 1.38339 0.14196
vt 1.384624 0.139592
vt 1.379205 0.132597
vt 1.381223 0.137169
vt 1.382138 0.134966
vt 1.384624 0.139592
vt 1.38677 0.14533
vt 1.387172 0.140451
vt 1.38148 0.131041
vt 1.382138 0.134966
vt 1.384404 0.134986
vt 1.387417 0.136006
vt 1.38148 0.131041
vt 1.384404 0.134986
vt 1.377409 0.130195
vt 1.379205 0.132597
vt 1.38148 0.131041
vt 1.387172 0.140451
vt 1.390094 0.145334
vt 1.390323 0.142039
vt 1.384404 0.134986
vt 1.387172 0.140451
vt 1.387417 0.136006
vt 1.388475 0.135044
vt 1.383823 0.131089
vt 1.387417 0.136006
vt 1.387417 0.136006
vt 1.390323 0.142039
vt 1.391057 0.139702
vt 1.392261 0.139715
vt 1.393498 0.145333
vt 1.394652 0.145335
vt 1.392261 0.139715
vt 1.388475 0.135044
vt 1.391057 0.139702
vt 1.389661 0.135052
vt 1.385421 0.131046
vt 1.388475 0.135044
vt 1.395364 0.145333
vt 1.392261 0.139715
vt 1.394652 0.145335
vt 1.39303 0.139504
vt 1.389661 0.135052
vt 1.392261 0.139715
vt 1.390417 0.134899
vt 1.386609 0.131058
vt 1.389661 0.135052
vt 1.38227 0.127585
vt 1.20235 0.127578
vt 1.25404 0.127582
vt 1.39303 0.139504
vt 1.395364 0.145333
vt 1.395451 0.145329
vt 1.37385 0.127722
vt 1.372885 0.128391
vt 1.375372 0.128329
vt 1.382598 0.128139
vt 1.383977 0.128505
vt 1.384158 0.128144
vt 1.38227 0.127585
vt 1.382598 0.128139
vt 1.384158 0.128144
vt 1.378564 0.127997
vt 1.380907 0.128573
vt 1.382598 0.128139
vt 1.3787 0.127594
vt 1.378564 0.127997
vt 1.382598 0.128139
vt 1.37385 0.127722
vt 1.378564 0.127997
vt 1.3787 0.127594
vt 1.274742 0.127742
vt 1.299127 0.128495
vt 1.308748 0.127809
vt 1.366522 0.12814
vt 1.370123 0.128073
vt 1.367857 0.127598
vt 1.357315 0.127637
vt 1.354592 0.128345
vt 1.361491 0.128452
vt 1.342906 0.127626
vt 1.337147 0.128409
vt 1.347684 0.127963
vt 1.325537 0.127585
vt 1.328752 0.12787
vt 1.342906 0.127626
vt 1.328752 0.12787
vt 1.325132 0.128405
vt 1.337147 0.128409
vt 1.325537 0.127585
vt 1.308748 0.127809
vt 1.328752 0.12787
vt 1.192231 0.127637
vt 1.180976 0.128389
vt 1.195848 0.128411
vt 1.254299 0.128001
vt 1.277097 0.128474
vt 1.274742 0.127742
vt 1.254299 0.128001
vt 1.274742 0.127742
vt 1.25404 0.127582
vt 1.25404 0.127582
vt 1.22594 0.127889
vt 1.254299 0.128001
vt 1.211014 0.128692
vt 1.233057 0.128463
vt 1.22594 0.127889
vt 1.195848 0.128411
vt 1.211014 0.128692
vt 1.209216 0.127632
vt 1.180846 0.127859
vt 1.171791 0.128385
vt 1.180976 0.128389
vt 1.135353 0.127636
vt 1.133872 0.128439
vt 1.133467 0.128446
vt 1.165759 0.128307
vt 1.171791 0.128385
vt 1.171662 0.127635
vt 1.160282 0.12836
vt 1.165759 0.128307
vt 1.160294 0.127921
vt 1.153398 0.127684
vt 1.153806 0.128417
vt 1.160294 0.127921
vt 1.158783 0.127588
vt 1.153398 0.127684
vt 1.160294 0.127921
vt 1.145933 0.127611
vt 1.142732 0.127861
vt 1.148683 0.128044
vt 1.142732 0.127861
vt 1.140361 0.128411
vt 1.144777 0.128367
vt 1.139937 0.127598
vt 1.137638 0.128215
vt 1.142732 0.127861
vt 1.136414 0.12802
vt 1.137638 0.128215
vt 1.139937 0.127598
vt 1.135829 0.127728
vt 1.134643 0.128524
vt 1.136414 0.12802
vt 1.135829 0.127728
vt 1.133467 0.128446
vt 1.134643 0.128524
vt 1.144258 0.127717
vt 1.147428 0.128355
vt 1.142724 0.12836
vt 1.134967 0.128552
vt 1.133872 0.128439
vt 1.136034 0.127728
vt 1.137296 0.128017
vt 1.134967 0.128552
vt 1.136034 0.127728
vt 1.13999 0.127586
vt 1.139838 0.12815
vt 1.137296 0.128017
vt 1.144258 0.127717
vt 1.139838 0.12815
vt 1.13999 0.127586
vt 1.149468 0.127623
vt 1.153791 0.128418
vt 1.147428 0.128355
vt 1.180963 0.128389
vt 1.191168 0.127627
vt 1.192974 0.128388
vt 1.15965 0.127605
vt 1.164669 0.128046
vt 1.155695 0.127876
vt 1.169549 0.12761
vt 1.170834 0.127991
vt 1.164669 0.128046
vt 1.180828 0.127743
vt 1.180963 0.128389
vt 1.170834 0.127991
vt 1.32678 0.127708
vt 1.313718 0.128425
vt 1.30881 0.127609
vt 1.208316 0.127584
vt 1.206482 0.128042
vt 1.191168 0.127627
vt 1.226645 0.127632
vt 1.225325 0.128461
vt 1.206482 0.128042
vt 1.226645 0.127632
vt 1.206482 0.128042
vt 1.208316 0.127584
vt 1.284487 0.127875
vt 1.258855 0.128083
vt 1.265473 0.127622
vt 1.284487 0.127875
vt 1.287779 0.128478
vt 1.258855 0.128083
vt 1.313718 0.128425
vt 1.287779 0.128478
vt 1.30881 0.127609
vt 1.32678 0.127708
vt 1.337228 0.128403
vt 1.325145 0.128405
vt 1.336893 0.127639
vt 1.347317 0.1284
vt 1.337228 0.128403
vt 1.361669 0.127627
vt 1.355691 0.128395
vt 1.351506 0.127852
vt 1.355691 0.128395
vt 1.347317 0.1284
vt 1.351506 0.127852
vt 1.325537 0.127585
vt 1.274742 0.127742
vt 1.308748 0.127809
vt 1.361669 0.127627
vt 1.367611 0.12835
vt 1.362068 0.128372
vt 1.368828 0.127635
vt 1.373357 0.128396
vt 1.367611 0.12835
vt 1.373877 0.127726
vt 1.377776 0.128443
vt 1.373357 0.128396
vt 1.381711 0.128037
vt 1.380499 0.128242
vt 1.377849 0.127611
vt 1.382284 0.127734
vt 1.383499 0.128564
vt 1.381711 0.128037
vt 1.382284 0.127734
vt 1.384535 0.128462
vt 1.383499 0.128564
vt 1.38227 0.127585
vt 1.384158 0.128144
vt 1.382284 0.127734
vt 1.37385 0.127722
vt 1.3787 0.127594
vt 1.367857 0.127598
vt 1.153398 0.127684
vt 1.158783 0.127588
vt 1.145933 0.127611
vt 1.144258 0.127717
vt 1.13999 0.127586
vt 1.149468 0.127623
vt 1.395598 0.152443
vt 1.396808 0.152422
vt 1.397524 0.163794
vt 1.395166 0.161825
vt 1.397524 0.163794
vt 1.397724 0.173759
vt 1.392838 0.160893
vt 1.395166 0.161825
vt 1.3945 0.173758
vt 1.392105 0.152444
vt 1.395166 0.161825
vt 1.392838 0.160893
vt 1.386939 0.152442
vt 1.390583 0.16161
vt 1.388387 0.163422
vt 1.379551 0.152428
vt 1.385556 0.163284
vt 1.382217 0.164986
vt 1.375981 0.158737
vt 1.378076 0.165103
vt 1.371887 0.164493
vt 1.368112 0.152437
vt 1.375981 0.158737
vt 1.371887 0.164493
vt 1.371887 0.164493
vt 1.369688 0.173756
vt 1.363703 0.159198
vt 1.363703 0.159198
vt 1.362564 0.173756
vt 1.357237 0.159164
vt 1.357237 0.159164
vt 1.347742 0.163878
vt 1.348994 0.152431
vt 1.347742 0.163878
vt 1.340352 0.173757
vt 1.333435 0.160553
vt 1.342456 0.152425
vt 1.333435 0.160553
vt 1.334854 0.152441
vt 1.334854 0.152441
vt 1.333435 0.160553
vt 1.326106 0.152441
vt 1.333435 0.160553
vt 1.330211 0.173757
vt 1.320055 0.160507
vt 1.326106 0.152441
vt 1.320055 0.160507
vt 1.315207 0.152444
vt 1.320055 0.160507
vt 1.307965 0.167076
vt 1.303688 0.157685
vt 1.302913 0.152445
vt 1.303688 0.157685
vt 1.283535 0.15244
vt 1.307965 0.167076
vt 1.285786 0.173757
vt 1.284244 0.160373
vt 1.283535 0.15244
vt 1.266467 0.162776
vt 1.264032 0.152443
vt 1.242938 0.158879
vt 1.24854 0.173757
vt 1.223815 0.173757
vt 1.200702 0.152443
vt 1.204911 0.158415
vt 1.191338 0.160418
vt 1.186401 0.152435
vt 1.191338 0.160418
vt 1.176553 0.164784
vt 1.17613 0.152436
vt 1.176553 0.164784
vt 1.168858 0.160651
vt 1.168858 0.160651
vt 1.176553 0.164784
vt 1.167264 0.173758
vt 1.167434 0.152441
vt 1.17613 0.152436
vt 1.168858 0.160651
vt 1.142779 0.152439
vt 1.141616 0.159377
vt 1.138993 0.152439
vt 1.141616 0.159377
vt 1.135865 0.165194
vt 1.138993 0.152439
vt 1.138993 0.152439
vt 1.134318 0.158699
vt 1.134819 0.152437
vt 1.134318 0.158699
vt 1.132227 0.173757
vt 1.129952 0.158609
vt 1.134318 0.158699
vt 1.129952 0.158609
vt 1.134819 0.152437
vt 1.129952 0.158609
vt 1.125919 0.173758
vt 1.12575 0.159104
vt 1.129952 0.158609
vt 1.12575 0.159104
vt 1.127649 0.152445
vt 1.127649 0.152445
vt 1.12575 0.159104
vt 1.12487 0.152442
vt 1.12575 0.159104
vt 1.122196 0.163978
vt 1.12487 0.152442
vt 1.12487 0.152442
vt 1.122196 0.163978
vt 1.123173 0.15244
vt 1.122196 0.163978
vt 1.11884 0.173756
vt 1.120636 0.159871
vt 1.123173 0.15244
vt 1.120636 0.159871
vt 1.121357 0.152444
vt 1.120636 0.159871
vt 1.11884 0.173756
vt 1.119123 0.158601
vt 1.121357 0.152444
vt 1.119123 0.158601
vt 1.120232 0.152441
vt 1.119123 0.158601
vt 1.118925 0.158845
vt 1.120232 0.152441
vt 1.118925 0.158845
vt 1.11726 0.173756
vt 1.119316 0.167831
vt 1.121357 0.152444
vt 1.118925 0.158845
vt 1.120636 0.159873
vt 1.123173 0.15244
vt 1.120636 0.159873
vt 1.122195 0.163986
vt 1.125751 0.159106
vt 1.122195 0.163986
vt 1.123631 0.173759
vt 1.125751 0.159106
vt 1.123631 0.173759
vt 1.125917 0.173758
vt 1.129954 0.15861
vt 1.125917 0.173758
vt 1.128901 0.173757
vt 1.129954 0.15861
vt 1.128901 0.173757
vt 1.132229 0.173757
vt 1.13432 0.1587
vt 1.132229 0.173757
vt 1.135867 0.165208
vt 1.138994 0.152439
vt 1.13432 0.1587
vt 1.135867 0.165208
vt 1.141617 0.159382
vt 1.135867 0.165208
vt 1.138655 0.173757
vt 1.141617 0.159382
vt 1.138655 0.173757
vt 1.143142 0.173758
vt 1.147173 0.152438
vt 1.142779 0.152439
vt 1.141617 0.159382
vt 1.147173 0.152438
vt 1.141617 0.159382
vt 1.148268 0.160256
vt 1.147173 0.152438
vt 1.148268 0.160256
vt 1.153033 0.152439
vt 1.148268 0.160256
vt 1.154346 0.160037
vt 1.153033 0.152439
vt 1.153033 0.152439
vt 1.154346 0.160037
vt 1.159322 0.152439
vt 1.154346 0.160037
vt 1.162003 0.16066
vt 1.159322 0.152439
vt 1.159322 0.152439
vt 1.162003 0.16066
vt 1.167436 0.152441
vt 1.162003 0.16066
vt 1.167263 0.173758
vt 1.170474 0.160136
vt 1.176135 0.152436
vt 1.176542 0.164774
vt 1.186407 0.152435
vt 1.186407 0.152435
vt 1.191346 0.160412
vt 1.200701 0.152443
vt 1.219513 0.15844
vt 1.223813 0.173757
vt 1.242939 0.158881
vt 1.219513 0.15844
vt 1.242939 0.158881
vt 1.221085 0.152443
vt 1.221085 0.152443
vt 1.242939 0.158881
vt 1.247375 0.152444
vt 1.264028 0.152443
vt 1.242939 0.158881
vt 1.266464 0.162773
vt 1.284242 0.160372
vt 1.266464 0.162773
vt 1.293704 0.173758
vt 1.283535 0.15244
vt 1.266464 0.162773
vt 1.284242 0.160372
vt 1.303691 0.157686
vt 1.284242 0.160372
vt 1.307964 0.167079
vt 1.283535 0.15244
vt 1.284242 0.160372
vt 1.303691 0.157686
vt 1.315207 0.152444
vt 1.303691 0.157686
vt 1.320059 0.160509
vt 1.320059 0.160509
vt 1.307964 0.167079
vt 1.330205 0.173757
vt 1.326105 0.152441
vt 1.320059 0.160509
vt 1.333441 0.160557
vt 1.333441 0.160557
vt 1.330205 0.173757
vt 1.340347 0.173757
vt 1.339017 0.152442
vt 1.333441 0.160557
vt 1.34716 0.162938
vt 1.363703 0.159198
vt 1.362561 0.173756
vt 1.369688 0.173756
vt 1.368111 0.152437
vt 1.363703 0.159198
vt 1.370309 0.161545
vt 1.370309 0.161545
vt 1.369688 0.173756
vt 1.374721 0.165357
vt 1.370309 0.161545
vt 1.374721 0.165357
vt 1.373593 0.152427
vt 1.374721 0.165357
vt 1.377097 0.173756
vt 1.379703 0.159251
vt 1.379703 0.159251
vt 1.382363 0.173757
vt 1.38352 0.159251
vt 1.38352 0.159251
vt 1.387318 0.17376
vt 1.387231 0.160214
vt 1.38352 0.159251
vt 1.387231 0.160214
vt 1.384206 0.152443
vt 1.384206 0.152443
vt 1.387231 0.160214
vt 1.38694 0.152442
vt 1.387231 0.160214
vt 1.389913 0.166601
vt 1.389983 0.157584
vt 1.389913 0.166601
vt 1.394499 0.173758
vt 1.39284 0.160888
vt 1.389983 0.157584
vt 1.39284 0.160888
vt 1.389907 0.152439
vt 1.389907 0.152439
vt 1.39284 0.160888
vt 1.392105 0.152444
vt 1.397524 0.163789
vt 1.399744 0.167022
vt 1.398336 0.157526
vt 1.399744 0.167022
vt 1.40078 0.17376
vt 1.399126 0.159901
vt 1.398336 0.157526
vt 1.399126 0.159901
vt 1.397539 0.152441
vt 1.376439 0.17376
vt 1.369688 0.173756
vt 1.371887 0.164493
vt 1.383303 0.17376
vt 1.385556 0.163284
vt 1.388832 0.17376
vt 1.378076 0.165103
vt 1.383303 0.17376
vt 1.376439 0.17376
vt 1.307965 0.167076
vt 1.310472 0.17376
vt 1.285786 0.173757
vt 1.353482 0.17376
vt 1.340352 0.173757
vt 1.347742 0.163878
vt 1.397524 0.163794
vt 1.400165 0.17376
vt 1.397724 0.173759
vt 1.399753 0.167068
vt 1.40078 0.17376
vt 1.400165 0.17376
vt 1.399753 0.167068
vt 1.400165 0.17376
vt 1.397524 0.163794
vt 1.397724 0.173759
vt 1.3945 0.173758
vt 1.395166 0.161825
vt 1.3945 0.173758
vt 1.392454 0.17376
vt 1.390583 0.16161
vt 1.388832 0.17376
vt 1.390583 0.16161
vt 1.392454 0.17376
vt 1.388387 0.163422
vt 1.388832 0.17376
vt 1.385556 0.163284
vt 1.390583 0.16161
vt 1.388832 0.17376
vt 1.388387 0.163422
vt 1.383303 0.17376
vt 1.382217 0.164986
vt 1.385556 0.163284
vt 1.378076 0.165103
vt 1.382217 0.164986
vt 1.383303 0.17376
vt 1.371887 0.164493
vt 1.378076 0.165103
vt 1.376439 0.17376
vt 1.307965 0.167076
vt 1.330211 0.173757
vt 1.310472 0.17376
vt 1.285786 0.173757
vt 1.26505 0.173759
vt 1.266467 0.162776
vt 1.138655 0.173757
vt 1.132227 0.173757
vt 1.135865 0.165194
vt 1.120269 0.17376
vt 1.122196 0.163978
vt 1.123632 0.173759
vt 1.167264 0.173758
vt 1.176553 0.164784
vt 1.179466 0.173756
vt 1.368112 0.152437
vt 1.373984 0.152444
vt 1.375981 0.158737
vt 1.357237 0.159164
vt 1.361803 0.152445
vt 1.363703 0.159198
vt 1.348994 0.152431
vt 1.355414 0.152445
vt 1.357237 0.159164
vt 1.315207 0.152444
vt 1.303688 0.157685
vt 1.302913 0.152445
vt 1.247377 0.152444
vt 1.264032 0.152443
vt 1.242938 0.158879
vt 1.393968 0.152444
vt 1.395166 0.161825
vt 1.392105 0.152444
vt 1.389907 0.152439
vt 1.390583 0.16161
vt 1.386939 0.152442
vt 1.361803 0.152445
vt 1.357237 0.159164
vt 1.355414 0.152445
vt 1.361803 0.152445
vt 1.368112 0.152437
vt 1.363703 0.159198
vt 1.373984 0.152444
vt 1.379551 0.152428
vt 1.375981 0.158737
vt 1.221085 0.152443
vt 1.219516 0.158439
vt 1.204911 0.158415
vt 1.131136 0.152445
vt 1.134819 0.152437
vt 1.129952 0.158609
vt 1.120269 0.17376
vt 1.11884 0.173756
vt 1.122196 0.163978
vt 1.221085 0.152443
vt 1.204911 0.158415
vt 1.200702 0.152443
vt 1.127649 0.152445
vt 1.131136 0.152445
vt 1.129952 0.158609
vt 1.120269 0.17376
vt 1.119316 0.167831
vt 1.117856 0.17376
vt 1.120269 0.17376
vt 1.123631 0.173759
vt 1.122195 0.163986
vt 1.135867 0.165208
vt 1.132229 0.173757
vt 1.138655 0.173757
vt 1.119316 0.167831
vt 1.11726 0.173756
vt 1.117856 0.17376
vt 1.119316 0.167831
vt 1.120269 0.17376
vt 1.122195 0.163986
vt 1.179454 0.173756
vt 1.176542 0.164774
vt 1.167263 0.173758
vt 1.293704 0.173758
vt 1.266464 0.162773
vt 1.26505 0.173759
vt 1.316473 0.17376
vt 1.307964 0.167079
vt 1.293704 0.173758
vt 1.340347 0.173757
vt 1.353482 0.17376
vt 1.34716 0.162938
vt 1.374721 0.165357
vt 1.369688 0.173756
vt 1.377097 0.173756
vt 1.392454 0.17376
vt 1.389913 0.166601
vt 1.387318 0.17376
vt 1.397724 0.173759
vt 1.395165 0.161821
vt 1.394499 0.173758
vt 1.399989 0.17376
vt 1.397524 0.163789
vt 1.397724 0.173759
vt 1.40078 0.17376
vt 1.399744 0.167022
vt 1.399989 0.17376
vt 1.13482 0.152437
vt 1.131136 0.152445
vt 1.129954 0.15861
vt 1.131136 0.152445
vt 1.127649 0.152445
vt 1.129954 0.15861
vt 1.219513 0.15844
vt 1.221085 0.152443
vt 1.204912 0.158418
vt 1.264028 0.152443
vt 1.247375 0.152444
vt 1.242939 0.158881
vt 1.221085 0.152443
vt 1.200701 0.152443
vt 1.204912 0.158418
vt 1.316473 0.17376
vt 1.330205 0.173757
vt 1.307964 0.167079
vt 1.357238 0.159163
vt 1.355413 0.152445
vt 1.348998 0.152431
vt 1.357238 0.159163
vt 1.363703 0.159198
vt 1.361803 0.152445
vt 1.303691 0.157686
vt 1.315207 0.152444
vt 1.302913 0.152445
vt 1.392454 0.17376
vt 1.394499 0.173758
vt 1.389913 0.166601
vt 1.399989 0.17376
vt 1.399744 0.167022
vt 1.397524 0.163789
vt 1.38352 0.159251
vt 1.380795 0.152445
vt 1.379703 0.159251
vt 1.379703 0.159251
vt 1.376738 0.152445
vt 1.373593 0.152427
vt 1.397539 0.152441
vt 1.397476 0.152445
vt 1.398336 0.157526
vt 1.361803 0.152445
vt 1.355413 0.152445
vt 1.357238 0.159163
vt 1.363703 0.159198
vt 1.368111 0.152437
vt 1.361803 0.152445
vt 1.380795 0.152445
vt 1.376738 0.152445
vt 1.379703 0.159251
vt 1.384206 0.152443
vt 1.380795 0.152445
vt 1.38352 0.159251
vt 1.389983 0.157584
vt 1.389907 0.152439
vt 1.38694 0.152442
vt 1.392105 0.152444
vt 1.395165 0.161821
vt 1.393967 0.152444
vt 1.396764 0.152445
vt 1.395599 0.152443
vt 1.398336 0.157526
vt 1.398336 0.157526
vt 1.397476 0.152445
vt 1.396764 0.152445
vt 0.570296 0.149127
vt 0.570944 0.137575
vt 0.570307 0.149298
vt 0.569505 0.156053
vt 0.570296 0.149127
vt 0.569628 0.156219
vt 0.568512 0.160724
vt 0.569505 0.156053
vt 0.568965 0.160901
vt 0.562679 0.182565
vt 0.56444 0.177863
vt 0.562832 0.18362
vt 0.568694 0.156056
vt 0.569855 0.149064
vt 0.569505 0.156053
vt 0.567786 0.160709
vt 0.568694 0.156056
vt 0.568512 0.160724
vt 0.567392 0.158669
vt 0.568694 0.156056
vt 0.567786 0.160709
vt 0.560655 0.182513
vt 0.562896 0.178452
vt 0.561503 0.183768
vt 0.565072 0.158671
vt 0.566606 0.156057
vt 0.566023 0.160722
vt 0.564607 0.149062
vt 0.565518 0.137382
vt 0.565836 0.149048
vt 0.556458 0.195234
vt 0.557927 0.189174
vt 0.557344 0.195215
vt 0.561335 0.13679
vt 0.562817 0.123996
vt 0.563297 0.137286
vt 0.560356 0.12285
vt 0.561335 0.13679
vt 0.558459 0.137435
vt 0.558459 0.137435
vt 0.559203 0.149099
vt 0.557315 0.149098
vt 0.554001 0.137382
vt 0.554624 0.149062
vt 0.551901 0.149048
vt 0.549291 0.189174
vt 0.550265 0.195234
vt 0.548152 0.195215
vt 0.547599 0.156057
vt 0.551307 0.158671
vt 0.547291 0.160722
vt 0.539403 0.178452
vt 0.545335 0.182513
vt 0.538939 0.183768
vt 0.578818 0.506553
vt 0.594635 0.626023
vt 0.544502 0.626288
vt 0.530056 0.156046
vt 0.537676 0.158689
vt 0.529921 0.160724
vt 0.514249 0.137299
vt 0.515698 0.122782
vt 0.520364 0.137662
vt 0.498437 0.158689
vt 0.506058 0.156046
vt 0.506193 0.160724
vt 0.490779 0.182513
vt 0.496711 0.178452
vt 0.497174 0.183768
vt 0.484806 0.158671
vt 0.488515 0.156057
vt 0.488823 0.160722
vt 0.48149 0.149062
vt 0.482113 0.137382
vt 0.484212 0.149048
vt 0.475884 0.13679
vt 0.477415 0.123996
vt 0.478336 0.137286
vt 0.474731 0.122849
vt 0.475884 0.13679
vt 0.473288 0.137435
vt 0.473288 0.137435
vt 0.474564 0.149099
vt 0.473103 0.149098
vt 0.470596 0.137382
vt 0.471507 0.149062
vt 0.470277 0.149048
vt 0.469508 0.156057
vt 0.471042 0.158671
vt 0.47009 0.160722
vt 0.473218 0.178452
vt 0.475459 0.182513
vt 0.474611 0.183768
vt 0.467419 0.156056
vt 0.468721 0.158669
vt 0.468327 0.160709
vt 0.475772 0.189194
vt 0.476975 0.195305
vt 0.476297 0.195509
vt 0.467419 0.156056
vt 0.468327 0.160709
vt 0.467601 0.160724
vt 0.466258 0.149064
vt 0.467419 0.156056
vt 0.46668 0.156064
vt 0.46668 0.156064
vt 0.467601 0.160724
vt 0.467148 0.160901
vt 0.471674 0.177863
vt 0.473435 0.182565
vt 0.473281 0.18362
vt 0.465807 0.149298
vt 0.46668 0.156064
vt 0.466486 0.156219
vt 0.467148 0.160901
vt 0.468447 0.16675
vt 0.468274 0.166118
vt 0.464845 0.123275
vt 0.465185 0.137303
vt 0.46517 0.137575
vt 0.465817 0.149127
vt 0.46517 0.137575
vt 0.465807 0.149298
vt 0.466608 0.156053
vt 0.465817 0.149127
vt 0.466486 0.156219
vt 0.467601 0.160724
vt 0.466608 0.156053
vt 0.467148 0.160901
vt 0.473435 0.182565
vt 0.471674 0.177863
vt 0.473281 0.18362
vt 0.467419 0.156056
vt 0.466258 0.149064
vt 0.466608 0.156053
vt 0.468327 0.160709
vt 0.467419 0.156056
vt 0.467601 0.160724
vt 0.468721 0.158669
vt 0.467419 0.156056
vt 0.468327 0.160709
vt 0.475459 0.182513
vt 0.473218 0.178452
vt 0.474611 0.183768
vt 0.471042 0.158671
vt 0.469508 0.156057
vt 0.47009 0.160722
vt 0.471507 0.149062
vt 0.470596 0.137382
vt 0.470277 0.149048
vt 0.479656 0.195248
vt 0.478186 0.189174
vt 0.47877 0.195215
vt 0.474779 0.13679
vt 0.473297 0.123996
vt 0.472817 0.137286
vt 0.475758 0.12285
vt 0.474779 0.13679
vt 0.477655 0.137435
vt 0.477655 0.137435
vt 0.476911 0.149099
vt 0.478798 0.149098
vt 0.483306 0.189174
vt 0.482201 0.195156
vt 0.483899 0.195243
vt 0.482113 0.137382
vt 0.48149 0.149062
vt 0.484213 0.149048
vt 0.486823 0.189174
vt 0.485846 0.195251
vt 0.48796 0.195245
vt 0.488515 0.156056
vt 0.484806 0.158671
vt 0.488823 0.160722
vt 0.49671 0.178452
vt 0.490779 0.182513
vt 0.497174 0.183768
vt 0.506058 0.156046
vt 0.498437 0.158689
vt 0.506193 0.160724
vt 0.521865 0.137299
vt 0.520416 0.122782
vt 0.515749 0.137662
vt 0.537676 0.158689
vt 0.530056 0.156046
vt 0.529921 0.160724
vt 0.545335 0.182513
vt 0.539403 0.178452
vt 0.538939 0.183768
vt 0.551308 0.158671
vt 0.547599 0.156057
vt 0.547291 0.160722
vt 0.554624 0.149062
vt 0.554001 0.137382
vt 0.551902 0.149048
vt 0.550265 0.195234
vt 0.549291 0.189174
vt 0.548152 0.195215
vt 0.560229 0.13679
vt 0.558699 0.123996
vt 0.557777 0.137286
vt 0.561382 0.12285
vt 0.560229 0.13679
vt 0.562826 0.137435
vt 0.562826 0.137435
vt 0.56155 0.149098
vt 0.56301 0.149098
vt 0.556045 0.189174
vt 0.554007 0.195314
vt 0.55566 0.195181
vt 0.565518 0.137382
vt 0.564607 0.149062
vt 0.565836 0.149048
vt 0.566606 0.156057
vt 0.565072 0.158671
vt 0.566023 0.160722
vt 0.562896 0.178452
vt 0.560655 0.182513
vt 0.561503 0.183768
vt 0.568694 0.156056
vt 0.567392 0.158669
vt 0.567786 0.160709
vt 0.568694 0.156056
vt 0.567786 0.160709
vt 0.568512 0.160724
vt 0.569855 0.149064
vt 0.568694 0.156056
vt 0.569434 0.156064
vt 0.569434 0.156064
vt 0.568512 0.160724
vt 0.568965 0.160901
vt 0.56444 0.177863
vt 0.562679 0.182565
vt 0.562832 0.18362
vt 0.570307 0.149298
vt 0.569434 0.156064
vt 0.569628 0.156219
vt 0.568965 0.160901
vt 0.567667 0.16675
vt 0.567839 0.166118
vt 0.571269 0.123275
vt 0.570929 0.137303
vt 0.570944 0.137575
vt 0.571365 0.105381
vt 0.571269 0.123275
vt 0.571063 0.105381
vt 0.571063 0.105381
vt 0.570726 0.122206
vt 0.570109 0.105381
vt 0.55228 0.105381
vt 0.554488 0.123293
vt 0.549218 0.12278
vt 0.63863 0.185857
vt 0.657122 0.361319
vt 0.606125 0.356617
vt 0.565621 0.185857
vt 0.606125 0.356617
vt 0.554315 0.355685
vt 0.565621 0.185857
vt 0.554315 0.355685
vt 0.472302 0.353896
vt 0.557218 0.105381
vt 0.558085 0.123355
vt 0.554488 0.123293
vt 0.560564 0.195265
vt 0.560043 0.200284
vt 0.560298 0.195052
vt 0.560298 0.195052
vt 0.559726 0.200285
vt 0.559708 0.196749
vt 0.559274 0.195364
vt 0.558009 0.200285
vt 0.558282 0.195176
vt 0.558985 0.200285
vt 0.559274 0.195364
vt 0.559708 0.196749
vt 0.558282 0.195176
vt 0.556786 0.200285
vt 0.557344 0.195215
vt 0.4458 0.185857
vt 0.472302 0.353896
vt 0.382338 0.354947
vt 0.33212 0.185857
vt 0.382338 0.354947
vt 0.319084 0.361344
vt 0.474346 0.105381
vt 0.474731 0.122849
vt 0.472863 0.123355
vt 0.46686 0.105381
vt 0.46723 0.122314
vt 0.466321 0.122221
vt 0.464749 0.105381
vt 0.464875 0.12148
vt 0.464845 0.123275
vt 0.477963 0.105381
vt 0.477415 0.123996
vt 0.474346 0.105381
vt 0.559726 0.200285
vt 0.560298 0.195052
vt 0.560043 0.200284
vt 0.557344 0.195215
vt 0.556786 0.200285
vt 0.556458 0.195234
vt 0.556458 0.195234
vt 0.554667 0.200285
vt 0.555316 0.195236
vt 0.555316 0.195236
vt 0.554667 0.200285
vt 0.554245 0.19481
vt 0.551797 0.200284
vt 0.550265 0.195234
vt 0.552329 0.195211
vt 0.547535 0.200284
vt 0.544993 0.195176
vt 0.548152 0.195215
vt 0.547535 0.200284
vt 0.548152 0.195215
vt 0.550265 0.195234
vt 0.528773 0.195314
vt 0.538818 0.195216
vt 0.535248 0.200285
vt 0.518057 0.195284
vt 0.528773 0.195314
vt 0.525295 0.200285
vt 0.541739 0.200284
vt 0.538818 0.195216
vt 0.544993 0.195176
vt 0.538818 0.195216
vt 0.541739 0.200284
vt 0.535248 0.200285
vt 0.518057 0.195284
vt 0.525295 0.200285
vt 0.514644 0.200284
vt 0.514644 0.200284
vt 0.507358 0.19532
vt 0.518057 0.195284
vt 0.507358 0.19532
vt 0.500836 0.200285
vt 0.497844 0.195312
vt 0.497844 0.195312
vt 0.494396 0.200285
vt 0.49176 0.195146
vt 0.500836 0.200285
vt 0.507358 0.19532
vt 0.514644 0.200284
vt 0.49176 0.195146
vt 0.489932 0.200285
vt 0.487332 0.195141
vt 0.487332 0.195141
vt 0.485691 0.200284
vt 0.484421 0.19516
vt 0.476975 0.195305
vt 0.477132 0.200285
vt 0.476297 0.195509
vt 0.475543 0.195232
vt 0.475819 0.195069
vt 0.47607 0.200284
vt 0.476389 0.200285
vt 0.475819 0.195069
vt 0.476297 0.195509
vt 0.47607 0.200284
vt 0.475819 0.195069
vt 0.476389 0.200285
vt 0.464749 0.105381
vt 0.464845 0.123275
vt 0.465051 0.105381
vt 0.465051 0.105381
vt 0.465387 0.122205
vt 0.466004 0.105381
vt 0.467488 0.105381
vt 0.46852 0.123061
vt 0.469105 0.105381
vt 0.469105 0.105381
vt 0.470629 0.123649
vt 0.47149 0.105381
vt 0.476814 0.105381
vt 0.475758 0.12285
vt 0.478028 0.123355
vt 0.47149 0.105381
vt 0.473297 0.123996
vt 0.473921 0.105381
vt 0.482375 0.105381
vt 0.481625 0.123293
vt 0.486895 0.12278
vt 0.488729 0.105381
vt 0.486895 0.12278
vt 0.491952 0.122314
vt 0.495969 0.105381
vt 0.491952 0.122314
vt 0.49709 0.122221
vt 0.495969 0.105381
vt 0.49709 0.122221
vt 0.505222 0.122044
vt 0.47607 0.200284
vt 0.475921 0.195316
vt 0.475543 0.195232
vt 0.47877 0.195215
vt 0.479751 0.200285
vt 0.479656 0.195248
vt 0.50785 0.105381
vt 0.505222 0.122044
vt 0.514143 0.122148
vt 0.519123 0.105381
vt 0.514143 0.122148
vt 0.520416 0.122782
vt 0.561768 0.105381
vt 0.561382 0.12285
vt 0.563251 0.123355
vt 0.569253 0.105381
vt 0.568883 0.122314
vt 0.569793 0.122221
vt 0.571365 0.105381
vt 0.571238 0.12148
vt 0.571269 0.123275
vt 0.558151 0.105381
vt 0.558699 0.123996
vt 0.561768 0.105381
vt 0.475921 0.195316
vt 0.47607 0.200284
vt 0.476467 0.200285
vt 0.480797 0.195236
vt 0.482134 0.200285
vt 0.482201 0.195156
vt 0.483899 0.195243
vt 0.482134 0.200285
vt 0.485674 0.200284
vt 0.485674 0.200284
vt 0.485846 0.195251
vt 0.483899 0.195243
vt 0.491738 0.194881
vt 0.489881 0.200285
vt 0.496061 0.200285
vt 0.48796 0.195245
vt 0.485674 0.200284
vt 0.489881 0.200285
vt 0.498692 0.195235
vt 0.491738 0.194881
vt 0.496061 0.200285
vt 0.505692 0.200285
vt 0.508671 0.195289
vt 0.498692 0.195235
vt 0.508671 0.195289
vt 0.517299 0.200285
vt 0.518296 0.195345
vt 0.528774 0.195317
vt 0.518296 0.195345
vt 0.52788 0.200285
vt 0.498692 0.195235
vt 0.496061 0.200285
vt 0.505692 0.200285
vt 0.52788 0.200285
vt 0.518296 0.195345
vt 0.517299 0.200285
vt 0.517299 0.200285
vt 0.508671 0.195289
vt 0.505692 0.200285
vt 0.537643 0.200285
vt 0.538816 0.195233
vt 0.528774 0.195317
vt 0.538816 0.195233
vt 0.543943 0.200285
vt 0.544993 0.195176
vt 0.544993 0.195176
vt 0.54836 0.200285
vt 0.548152 0.195215
vt 0.548152 0.195215
vt 0.54836 0.200285
vt 0.550265 0.195234
vt 0.550265 0.195234
vt 0.552382 0.200285
vt 0.552215 0.195236
vt 0.528774 0.195317
vt 0.52788 0.200285
vt 0.537643 0.200285
vt 0.552215 0.195236
vt 0.552382 0.200285
vt 0.554007 0.195314
vt 0.5547 0.200285
vt 0.55566 0.195181
vt 0.554007 0.195314
vt 0.55566 0.195181
vt 0.5547 0.200285
vt 0.556354 0.200284
vt 0.557135 0.195182
vt 0.556354 0.200284
vt 0.557755 0.200285
vt 0.556354 0.200284
vt 0.557135 0.195182
vt 0.55566 0.195181
vt 0.560235 0.195146
vt 0.55919 0.195434
vt 0.55884 0.200285
vt 0.560564 0.195265
vt 0.560235 0.195146
vt 0.560043 0.200284
vt 0.557755 0.200285
vt 0.55919 0.195434
vt 0.558404 0.195008
vt 0.560235 0.195146
vt 0.55884 0.200285
vt 0.559647 0.200285
vt 0.560235 0.195146
vt 0.559647 0.200285
vt 0.560043 0.200284
vt 1.399753 0.167068
vt 1.399126 0.159901
vt 1.40078 0.17376
vt 1.396808 0.152422
vt 1.399126 0.159901
vt 1.399753 0.167068
vt 1.396808 0.152422
vt 1.397539 0.152441
vt 1.399126 0.159901
vt 1.397524 0.163794
vt 1.396808 0.152422
vt 1.399753 0.167068
vt 1.388387 0.163422
vt 1.383406 0.152445
vt 1.386939 0.152442
vt 1.389907 0.152439
vt 1.392105 0.152444
vt 1.392838 0.160893
vt 1.390583 0.16161
vt 1.392838 0.160893
vt 1.3945 0.173758
vt 1.390583 0.16161
vt 1.389907 0.152439
vt 1.392838 0.160893
vt 1.382217 0.164986
vt 1.375981 0.158737
vt 1.379551 0.152428
vt 1.379551 0.152428
vt 1.383406 0.152445
vt 1.385556 0.163284
vt 1.353482 0.17376
vt 1.357237 0.159164
vt 1.362564 0.173756
vt 1.368112 0.152437
vt 1.371887 0.164493
vt 1.363703 0.159198
vt 1.363703 0.159198
vt 1.369688 0.173756
vt 1.362564 0.173756
vt 1.24854 0.173757
vt 1.266467 0.162776
vt 1.26505 0.173759
vt 1.348994 0.152431
vt 1.347742 0.163878
vt 1.342456 0.152425
vt 1.342456 0.152425
vt 1.347742 0.163878
vt 1.333435 0.160553
vt 1.333435 0.160553
vt 1.340352 0.173757
vt 1.330211 0.173757
vt 1.326106 0.152441
vt 1.333435 0.160553
vt 1.320055 0.160507
vt 1.320055 0.160507
vt 1.330211 0.173757
vt 1.307965 0.167076
vt 1.315207 0.152444
vt 1.320055 0.160507
vt 1.303688 0.157685
vt 1.303688 0.157685
vt 1.307965 0.167076
vt 1.284244 0.160373
vt 1.283535 0.15244
vt 1.303688 0.157685
vt 1.284244 0.160373
vt 1.284244 0.160373
vt 1.285786 0.173757
vt 1.266467 0.162776
vt 1.283535 0.15244
vt 1.284244 0.160373
vt 1.266467 0.162776
vt 1.202336 0.173757
vt 1.219516 0.158439
vt 1.223815 0.173757
vt 1.264032 0.152443
vt 1.266467 0.162776
vt 1.242938 0.158879
vt 1.221085 0.152443
vt 1.247377 0.152444
vt 1.242938 0.158879
vt 1.219516 0.158439
vt 1.242938 0.158879
vt 1.223815 0.173757
vt 1.219516 0.158439
vt 1.221085 0.152443
vt 1.242938 0.158879
vt 1.202336 0.173757
vt 1.191338 0.160418
vt 1.204911 0.158415
vt 1.189112 0.173755
vt 1.176553 0.164784
vt 1.191338 0.160418
vt 1.186401 0.152435
vt 1.200702 0.152443
vt 1.191338 0.160418
vt 1.167264 0.173758
vt 1.160846 0.160086
vt 1.168858 0.160651
vt 1.17613 0.152436
vt 1.186401 0.152435
vt 1.176553 0.164784
vt 1.159036 0.173754
vt 1.154342 0.160046
vt 1.160846 0.160086
vt 1.160846 0.160086
vt 1.167434 0.152441
vt 1.168858 0.160651
vt 1.159321 0.152439
vt 1.167434 0.152441
vt 1.160846 0.160086
vt 1.152793 0.173756
vt 1.148266 0.160261
vt 1.154342 0.160046
vt 1.154342 0.160046
vt 1.159321 0.152439
vt 1.160846 0.160086
vt 1.153033 0.152439
vt 1.159321 0.152439
vt 1.154342 0.160046
vt 1.143142 0.173758
vt 1.148266 0.160261
vt 1.147035 0.173756
vt 1.148266 0.160261
vt 1.153033 0.152439
vt 1.154342 0.160046
vt 1.147174 0.152438
vt 1.153033 0.152439
vt 1.148266 0.160261
vt 1.11726 0.173756
vt 1.119123 0.158601
vt 1.117461 0.173758
vt 1.147174 0.152438
vt 1.148266 0.160261
vt 1.141616 0.159377
vt 1.141616 0.159377
vt 1.143142 0.173758
vt 1.138655 0.173757
vt 1.147174 0.152438
vt 1.141616 0.159377
vt 1.142779 0.152439
vt 1.141616 0.159377
vt 1.138655 0.173757
vt 1.135865 0.165194
vt 1.138993 0.152439
vt 1.135865 0.165194
vt 1.134318 0.158699
vt 1.134318 0.158699
vt 1.135865 0.165194
vt 1.132227 0.173757
vt 1.129952 0.158609
vt 1.132227 0.173757
vt 1.1289 0.173757
vt 1.129952 0.158609
vt 1.1289 0.173757
vt 1.125919 0.173758
vt 1.12575 0.159104
vt 1.125919 0.173758
vt 1.123632 0.173759
vt 1.12575 0.159104
vt 1.123632 0.173759
vt 1.122196 0.163978
vt 1.123173 0.15244
vt 1.122196 0.163978
vt 1.120636 0.159871
vt 1.121357 0.152444
vt 1.120636 0.159871
vt 1.119123 0.158601
vt 1.119123 0.158601
vt 1.11884 0.173756
vt 1.117461 0.173758
vt 1.143142 0.173758
vt 1.148268 0.160256
vt 1.141617 0.159382
vt 1.120286 0.152443
vt 1.120232 0.152441
vt 1.118925 0.158845
vt 1.121357 0.152444
vt 1.120286 0.152443
vt 1.118925 0.158845
vt 1.120636 0.159873
vt 1.118925 0.158845
vt 1.119316 0.167831
vt 1.123173 0.15244
vt 1.121357 0.152444
vt 1.120636 0.159873
vt 1.122195 0.163986
vt 1.120636 0.159873
vt 1.119316 0.167831
vt 1.12487 0.152442
vt 1.123173 0.15244
vt 1.122195 0.163986
vt 1.125751 0.159106
vt 1.12487 0.152442
vt 1.122195 0.163986
vt 1.127649 0.152445
vt 1.12487 0.152442
vt 1.125751 0.159106
vt 1.129954 0.15861
vt 1.125751 0.159106
vt 1.125917 0.173758
vt 1.129954 0.15861
vt 1.127649 0.152445
vt 1.125751 0.159106
vt 1.13432 0.1587
vt 1.129954 0.15861
vt 1.132229 0.173757
vt 1.13432 0.1587
vt 1.13482 0.152437
vt 1.129954 0.15861
vt 1.138994 0.152439
vt 1.13482 0.152437
vt 1.13432 0.1587
vt 1.141617 0.159382
vt 1.138994 0.152439
vt 1.135867 0.165208
vt 1.142779 0.152439
vt 1.138994 0.152439
vt 1.141617 0.159382
vt 1.152789 0.173756
vt 1.148268 0.160256
vt 1.147033 0.173756
vt 1.159025 0.173754
vt 1.154346 0.160037
vt 1.152789 0.173756
vt 1.1891 0.173755
vt 1.176542 0.164774
vt 1.179454 0.173756
vt 1.162003 0.16066
vt 1.159025 0.173754
vt 1.167263 0.173758
vt 1.167436 0.152441
vt 1.162003 0.16066
vt 1.170474 0.160136
vt 1.170474 0.160136
vt 1.167263 0.173758
vt 1.176542 0.164774
vt 1.167436 0.152441
vt 1.170474 0.160136
vt 1.176135 0.152436
vt 1.176135 0.152436
vt 1.170474 0.160136
vt 1.176542 0.164774
vt 1.20233 0.173757
vt 1.191346 0.160412
vt 1.1891 0.173755
vt 1.186407 0.152435
vt 1.176542 0.164774
vt 1.191346 0.160412
vt 1.219513 0.15844
vt 1.20233 0.173757
vt 1.223813 0.173757
vt 1.200701 0.152443
vt 1.191346 0.160412
vt 1.204912 0.158418
vt 1.248539 0.173757
vt 1.266464 0.162773
vt 1.242939 0.158881
vt 1.242939 0.158881
vt 1.223813 0.173757
vt 1.248539 0.173757
vt 1.353482 0.17376
vt 1.357238 0.159163
vt 1.34716 0.162938
vt 1.283535 0.15244
vt 1.264028 0.152443
vt 1.266464 0.162773
vt 1.307964 0.167079
vt 1.284242 0.160372
vt 1.293704 0.173758
vt 1.302913 0.152445
vt 1.283535 0.15244
vt 1.303691 0.157686
vt 1.320059 0.160509
vt 1.303691 0.157686
vt 1.307964 0.167079
vt 1.326105 0.152441
vt 1.315207 0.152444
vt 1.320059 0.160509
vt 1.333441 0.160557
vt 1.320059 0.160509
vt 1.330205 0.173757
vt 1.339017 0.152442
vt 1.326105 0.152441
vt 1.333441 0.160557
vt 1.34716 0.162938
vt 1.333441 0.160557
vt 1.340347 0.173757
vt 1.348998 0.152431
vt 1.339017 0.152442
vt 1.34716 0.162938
vt 1.397524 0.163789
vt 1.393967 0.152444
vt 1.395165 0.161821
vt 1.357238 0.159163
vt 1.348998 0.152431
vt 1.34716 0.162938
vt 1.363703 0.159198
vt 1.357238 0.159163
vt 1.362561 0.173756
vt 1.370309 0.161545
vt 1.363703 0.159198
vt 1.369688 0.173756
vt 1.368111 0.152437
vt 1.370309 0.161545
vt 1.373593 0.152427
vt 1.373593 0.152427
vt 1.374721 0.165357
vt 1.379703 0.159251
vt 1.379703 0.159251
vt 1.377097 0.173756
vt 1.382363 0.173757
vt 1.38352 0.159251
vt 1.382363 0.173757
vt 1.387318 0.17376
vt 1.387231 0.160214
vt 1.387318 0.17376
vt 1.389913 0.166601
vt 1.38694 0.152442
vt 1.387231 0.160214
vt 1.389983 0.157584
vt 1.389983 0.157584
vt 1.389913 0.166601
vt 1.39284 0.160888
vt 1.39284 0.160888
vt 1.394499 0.173758
vt 1.395165 0.161821
vt 1.392105 0.152444
vt 1.39284 0.160888
vt 1.395165 0.161821
vt 1.395165 0.161821
vt 1.397724 0.173759
vt 1.397524 0.163789
vt 0.571269 0.123275
vt 0.570452 0.137191
vt 0.570726 0.122206
vt 1.395599 0.152443
vt 1.397524 0.163789
vt 1.398336 0.157526
vt 1.398336 0.157526
vt 1.399744 0.167022
vt 1.399126 0.159901
vt 0.569628 0.156219
vt 0.570296 0.149127
vt 0.570307 0.149298
vt 0.56444 0.177863
vt 0.567839 0.166118
vt 0.567667 0.16675
vt 0.568965 0.160901
vt 0.569505 0.156053
vt 0.569628 0.156219
vt 0.570944 0.137575
vt 0.569855 0.149064
vt 0.570452 0.137191
vt 0.567839 0.166118
vt 0.568512 0.160724
vt 0.568965 0.160901
vt 0.569505 0.156053
vt 0.569855 0.149064
vt 0.570296 0.149127
vt 0.56444 0.177863
vt 0.567364 0.166341
vt 0.567839 0.166118
vt 0.562832 0.18362
vt 0.561189 0.189163
vt 0.562679 0.182565
vt 0.561596 0.189074
vt 0.560298 0.195052
vt 0.561189 0.189163
vt 0.570726 0.122206
vt 0.569599 0.137188
vt 0.569802 0.122524
vt 0.568512 0.160724
vt 0.568694 0.156056
vt 0.569505 0.156053
vt 0.570452 0.137191
vt 0.569065 0.149055
vt 0.569599 0.137188
vt 0.568512 0.160724
vt 0.566674 0.166329
vt 0.567786 0.160709
vt 0.568694 0.156056
vt 0.569065 0.149055
vt 0.569855 0.149064
vt 0.567364 0.166341
vt 0.562896 0.178452
vt 0.566674 0.166329
vt 0.561189 0.189163
vt 0.561503 0.183768
vt 0.562679 0.182565
vt 0.561503 0.183768
vt 0.562896 0.178452
vt 0.562679 0.182565
vt 0.561189 0.189163
vt 0.559274 0.195364
vt 0.560342 0.189194
vt 0.569802 0.122524
vt 0.568764 0.137144
vt 0.568894 0.122757
vt 0.559708 0.196749
vt 0.559274 0.195364
vt 0.560298 0.195052
vt 0.569599 0.137188
vt 0.568293 0.149028
vt 0.568764 0.137144
vt 0.569065 0.149055
vt 0.567392 0.158669
vt 0.568293 0.149028
vt 0.567786 0.160709
vt 0.565998 0.166312
vt 0.567392 0.158669
vt 0.568764 0.137144
vt 0.567593 0.123061
vt 0.568894 0.122757
vt 0.562896 0.178452
vt 0.565998 0.166312
vt 0.566674 0.166329
vt 0.568764 0.137144
vt 0.567158 0.14909
vt 0.567545 0.137269
vt 0.568293 0.149028
vt 0.566606 0.156057
vt 0.567158 0.14909
vt 0.565998 0.166312
vt 0.566023 0.160722
vt 0.567392 0.158669
vt 0.566023 0.160722
vt 0.566606 0.156057
vt 0.567392 0.158669
vt 0.562896 0.178452
vt 0.56499 0.166339
vt 0.565998 0.166312
vt 0.561503 0.183768
vt 0.559289 0.189151
vt 0.560655 0.182513
vt 0.559274 0.195364
vt 0.559289 0.189151
vt 0.560342 0.189194
vt 0.567545 0.137269
vt 0.565485 0.12365
vt 0.567593 0.123061
vt 0.567545 0.137269
vt 0.565836 0.149048
vt 0.565518 0.137382
vt 0.566606 0.156057
vt 0.565836 0.149048
vt 0.567158 0.14909
vt 0.566023 0.160722
vt 0.563816 0.166318
vt 0.565072 0.158671
vt 0.56499 0.166339
vt 0.559672 0.182533
vt 0.563816 0.166318
vt 0.559289 0.189151
vt 0.559672 0.182533
vt 0.560655 0.182513
vt 0.559289 0.189151
vt 0.557344 0.195215
vt 0.557927 0.189174
vt 0.565836 0.149048
vt 0.56389 0.158677
vt 0.564607 0.149062
vt 0.565072 0.158671
vt 0.562689 0.166328
vt 0.56389 0.158677
vt 0.563816 0.166318
vt 0.55874 0.182528
vt 0.562689 0.166328
vt 0.565485 0.12365
vt 0.563297 0.137286
vt 0.562817 0.123996
vt 0.557927 0.189174
vt 0.55874 0.182528
vt 0.559672 0.182533
vt 0.564607 0.149062
vt 0.563297 0.137286
vt 0.565518 0.137382
vt 0.564607 0.149062
vt 0.562335 0.158695
vt 0.56301 0.149098
vt 0.56389 0.158677
vt 0.561206 0.166346
vt 0.562335 0.158695
vt 0.562689 0.166328
vt 0.557533 0.18252
vt 0.561206 0.166346
vt 0.55874 0.182528
vt 0.556381 0.189154
vt 0.557533 0.18252
vt 0.556458 0.195234
vt 0.556381 0.189154
vt 0.557927 0.189174
vt 0.563297 0.137286
vt 0.561012 0.148769
vt 0.561335 0.13679
vt 0.56301 0.149098
vt 0.560368 0.158479
vt 0.561012 0.148769
vt 0.562335 0.158695
vt 0.55934 0.166159
vt 0.560368 0.158479
vt 0.561206 0.166346
vt 0.556023 0.182433
vt 0.55934 0.166159
vt 0.557533 0.18252
vt 0.554956 0.189167
vt 0.556023 0.182433
vt 0.556381 0.189154
vt 0.554245 0.19481
vt 0.554956 0.189167
vt 0.561012 0.148769
vt 0.558459 0.137435
vt 0.561335 0.13679
vt 0.561335 0.13679
vt 0.560356 0.12285
vt 0.562817 0.123996
vt 0.560368 0.158479
vt 0.559203 0.149099
vt 0.561012 0.148769
vt 0.55934 0.166159
vt 0.55856 0.158697
vt 0.560368 0.158479
vt 0.556023 0.182433
vt 0.557598 0.166341
vt 0.55934 0.166159
vt 0.554956 0.189167
vt 0.553713 0.182532
vt 0.556023 0.182433
vt 0.554245 0.19481
vt 0.552807 0.189174
vt 0.554956 0.189167
vt 0.55856 0.158697
vt 0.557315 0.149098
vt 0.559203 0.149099
vt 0.558085 0.123355
vt 0.560356 0.12285
vt 0.558459 0.137435
vt 0.557598 0.166341
vt 0.556683 0.158695
vt 0.55856 0.158697
vt 0.554001 0.137382
vt 0.558085 0.123355
vt 0.558459 0.137435
vt 0.555788 0.166346
vt 0.557598 0.166341
vt 0.553713 0.182532
vt 0.554624 0.149062
vt 0.558459 0.137435
vt 0.557315 0.149098
vt 0.556683 0.158695
vt 0.554624 0.149062
vt 0.557315 0.149098
vt 0.555788 0.166346
vt 0.554006 0.158677
vt 0.556683 0.158695
vt 0.550961 0.182528
vt 0.555788 0.166346
vt 0.553713 0.182532
vt 0.552807 0.189174
vt 0.550961 0.182528
vt 0.553713 0.182532
vt 0.550265 0.195234
vt 0.552807 0.189174
vt 0.552329 0.195211
vt 0.554006 0.158677
vt 0.551901 0.149048
vt 0.554624 0.149062
vt 0.553191 0.166328
vt 0.551307 0.158671
vt 0.554006 0.158677
vt 0.550961 0.182528
vt 0.55055 0.166318
vt 0.553191 0.166328
vt 0.548618 0.137269
vt 0.554488 0.123293
vt 0.554001 0.137382
vt 0.548656 0.182533
vt 0.550961 0.182528
vt 0.549291 0.189174
vt 0.551901 0.149048
vt 0.548618 0.137269
vt 0.554001 0.137382
vt 0.547599 0.156057
vt 0.551901 0.149048
vt 0.551307 0.158671
vt 0.55055 0.166318
vt 0.547291 0.160722
vt 0.551307 0.158671
vt 0.548656 0.182533
vt 0.546807 0.166339
vt 0.55055 0.166318
vt 0.544773 0.189151
vt 0.548656 0.182533
vt 0.549291 0.189174
vt 0.548152 0.195215
vt 0.544773 0.189151
vt 0.549291 0.189174
vt 0.651063 0.507439
vt 0.606125 0.356617
vt 0.657122 0.361319
vt 0.594635 0.626023
vt 0.651063 0.507439
vt 0.644875 0.62664
vt 0.640787 0.696897
vt 0.594635 0.626023
vt 0.644875 0.62664
vt 0.541975 0.166312
vt 0.547291 0.160722
vt 0.546807 0.166339
vt 0.542558 0.158669
vt 0.547599 0.156057
vt 0.547291 0.160722
vt 0.539403 0.178452
vt 0.546807 0.166339
vt 0.545335 0.182513
vt 0.544773 0.189151
vt 0.538939 0.183768
vt 0.545335 0.182513
vt 0.538818 0.195216
vt 0.544773 0.189151
vt 0.544993 0.195176
vt 0.589958 0.723246
vt 0.544502 0.626288
vt 0.594635 0.626023
vt 0.554315 0.355685
vt 0.606125 0.356617
vt 0.578818 0.506553
vt 1.397524 0.163794
vt 1.393968 0.152444
vt 1.395598 0.152443
vt 0.541975 0.166312
vt 0.537676 0.158689
vt 0.542558 0.158669
vt 0.469134 0.506642
vt 0.554315 0.355685
vt 0.578818 0.506553
vt 0.537163 0.166329
vt 0.541975 0.166312
vt 0.539403 0.178452
vt 0.544502 0.626288
vt 0.469134 0.506642
vt 0.578818 0.506553
vt 0.46388 0.696791
vt 0.544502 0.626288
vt 0.540726 0.723444
vt 0.537163 0.166329
vt 0.529921 0.160724
vt 0.537676 0.158689
vt 0.539403 0.178452
vt 0.529678 0.166341
vt 0.537163 0.166329
vt 0.528961 0.189163
vt 0.538939 0.183768
vt 0.538632 0.189194
vt 0.529211 0.182565
vt 0.539403 0.178452
vt 0.538939 0.183768
vt 0.528773 0.195314
vt 0.538632 0.189194
vt 0.538818 0.195216
vt 0.530577 0.13719
vt 0.52197 0.122148
vt 0.530891 0.122044
vt 0.465848 0.626375
vt 0.366142 0.511393
vt 0.469134 0.506642
vt 0.46388 0.696791
vt 0.365353 0.629292
vt 0.465848 0.626375
vt 0.520149 0.166497
vt 0.529921 0.160724
vt 0.529678 0.166341
vt 0.52023 0.158874
vt 0.530056 0.156046
vt 0.529921 0.160724
vt 0.529211 0.182565
vt 0.520149 0.166497
vt 0.529678 0.166341
vt 0.528961 0.189163
vt 0.520007 0.182593
vt 0.529211 0.182565
vt 0.528773 0.195314
vt 0.518057 0.189069
vt 0.528961 0.189163
vt 0.520364 0.137662
vt 0.514309 0.149124
vt 0.514249 0.137299
vt 0.515698 0.122782
vt 0.52197 0.122148
vt 0.520364 0.137662
vt 0.365353 0.629292
vt 0.305942 0.723885
vt 0.305074 0.626982
vt 0.52023 0.158874
vt 0.514505 0.166372
vt 0.514395 0.158733
vt 0.520149 0.166497
vt 0.514649 0.182531
vt 0.514505 0.166372
vt 0.514249 0.137299
vt 0.505292 0.122204
vt 0.515698 0.122782
vt 0.518057 0.189069
vt 0.514649 0.182531
vt 0.520007 0.182593
vt 0.304471 0.507734
vt 0.2199 0.626376
vt 0.216613 0.506643
vt 0.305074 0.626982
vt 0.221866 0.696791
vt 0.2199 0.626376
vt 0.514505 0.166372
vt 0.506193 0.160724
vt 0.514395 0.158733
vt 0.506193 0.160724
vt 0.506058 0.156046
vt 0.514395 0.158733
vt 0.514505 0.166372
vt 0.506902 0.182565
vt 0.506436 0.166341
vt 0.514649 0.182531
vt 0.507153 0.189163
vt 0.506902 0.182565
vt 0.518057 0.189069
vt 0.507358 0.19532
vt 0.507153 0.189163
vt 0.214141 0.355511
vt 0.136397 0.506619
vt 0.132277 0.358734
vt 0.216613 0.506643
vt 0.141247 0.626289
vt 0.136397 0.506619
vt 0.221866 0.696791
vt 0.141247 0.626289
vt 0.2199 0.626376
vt 0.506193 0.160724
vt 0.498951 0.166329
vt 0.498437 0.158689
vt 0.506436 0.166341
vt 0.496711 0.178452
vt 0.498951 0.166329
vt 0.507153 0.189163
vt 0.497174 0.183768
vt 0.506902 0.182565
vt 0.497174 0.183768
vt 0.496711 0.178452
vt 0.506902 0.182565
vt 0.507153 0.189163
vt 0.497844 0.195312
vt 0.497482 0.189194
vt 0.132277 0.358734
vt 0.085439 0.506174
vt 0.080337 0.36108
vt 0.136397 0.506619
vt 0.091113 0.626022
vt 0.085439 0.506174
vt 0.141247 0.626289
vt 0.095789 0.723246
vt 0.091113 0.626022
vt 0.498437 0.158689
vt 0.494139 0.166312
vt 0.493556 0.158669
vt 0.085439 0.506174
vt 0.029332 0.364146
vt 0.080337 0.36108
vt 0.496711 0.178452
vt 0.494139 0.166312
vt 0.498951 0.166329
vt 0.085439 0.506174
vt 0.04087 0.626639
vt 0.034682 0.50744
vt 0.091113 0.626022
vt 0.044958 0.696899
vt 0.04087 0.626639
vt 0.494139 0.166312
vt 0.488823 0.160722
vt 0.493556 0.158669
vt 0.488823 0.160722
vt 0.488515 0.156057
vt 0.493556 0.158669
vt 0.496711 0.178452
vt 0.489306 0.166339
vt 0.494139 0.166312
vt 0.497174 0.183768
vt 0.49134 0.189151
vt 0.490779 0.182513
vt 0.497482 0.189194
vt 0.49176 0.195146
vt 0.49134 0.189151
vt 0.487496 0.13727
vt 0.481672 0.123649
vt 0.486965 0.12306
vt 0.487496 0.13727
vt 0.484212 0.149048
vt 0.482113 0.137382
vt 0.488515 0.156057
vt 0.484212 0.149048
vt 0.48811 0.14909
vt 0.488823 0.160722
vt 0.485563 0.166318
vt 0.484806 0.158671
vt 0.489306 0.166339
vt 0.487458 0.182533
vt 0.485563 0.166318
vt 0.49134 0.189151
vt 0.487458 0.182533
vt 0.490779 0.182513
vt 0.49134 0.189151
vt 0.487332 0.195141
vt 0.486823 0.189174
vt 0.484212 0.149048
vt 0.482107 0.158677
vt 0.48149 0.149062
vt 0.484806 0.158671
vt 0.482922 0.166328
vt 0.482107 0.158677
vt 0.485563 0.166318
vt 0.485153 0.182528
vt 0.482922 0.166328
vt 0.481672 0.123649
vt 0.478336 0.137286
vt 0.477415 0.123996
vt 0.486823 0.189174
vt 0.485153 0.182528
vt 0.487458 0.182533
vt 0.48149 0.149062
vt 0.478336 0.137286
vt 0.482113 0.137382
vt 0.48149 0.149062
vt 0.479431 0.158695
vt 0.478798 0.149098
vt 0.482107 0.158677
vt 0.480326 0.166346
vt 0.479431 0.158695
vt 0.482922 0.166328
vt 0.482965 0.18252
vt 0.480326 0.166346
vt 0.485153 0.182528
vt 0.483836 0.189154
vt 0.482965 0.18252
vt 0.486823 0.189174
vt 0.484421 0.19516
vt 0.483836 0.189154
vt 0.478336 0.137286
vt 0.476249 0.148769
vt 0.475884 0.13679
vt 0.478798 0.149098
vt 0.476886 0.158479
vt 0.476249 0.148769
vt 0.479431 0.158695
vt 0.477867 0.166159
vt 0.476886 0.158479
vt 0.480326 0.166346
vt 0.480973 0.182433
vt 0.477867 0.166159
vt 0.482965 0.18252
vt 0.48198 0.189167
vt 0.480973 0.182433
vt 0.483836 0.189154
vt 0.482617 0.195156
vt 0.48198 0.189167
vt 0.476249 0.148769
vt 0.473288 0.137435
vt 0.475884 0.13679
vt 0.475884 0.13679
vt 0.474731 0.122849
vt 0.477415 0.123996
vt 0.476886 0.158479
vt 0.474564 0.149099
vt 0.476249 0.148769
vt 0.477867 0.166159
vt 0.475216 0.158697
vt 0.476886 0.158479
vt 0.480973 0.182433
vt 0.476282 0.166341
vt 0.477867 0.166159
vt 0.48198 0.189167
vt 0.478943 0.182532
vt 0.480973 0.182433
vt 0.482617 0.195156
vt 0.480069 0.189174
vt 0.48198 0.189167
vt 0.475216 0.158697
vt 0.473103 0.149098
vt 0.474564 0.149099
vt 0.472863 0.123355
vt 0.474731 0.122849
vt 0.473288 0.137435
vt 0.476282 0.166341
vt 0.473779 0.158695
vt 0.475216 0.158697
vt 0.470596 0.137382
vt 0.472863 0.123355
vt 0.473288 0.137435
vt 0.474908 0.166346
vt 0.476282 0.166341
vt 0.478943 0.182532
vt 0.471507 0.149062
vt 0.473288 0.137435
vt 0.473103 0.149098
vt 0.473779 0.158695
vt 0.471507 0.149062
vt 0.473103 0.149098
vt 0.474908 0.166346
vt 0.472224 0.158677
vt 0.473779 0.158695
vt 0.477374 0.182528
vt 0.474908 0.166346
vt 0.478943 0.182532
vt 0.480069 0.189174
vt 0.477374 0.182528
vt 0.478943 0.182532
vt 0.480772 0.195157
vt 0.478186 0.189174
vt 0.480069 0.189174
vt 0.472224 0.158677
vt 0.470277 0.149048
vt 0.471507 0.149062
vt 0.473424 0.166328
vt 0.471042 0.158671
vt 0.472224 0.158677
vt 0.477374 0.182528
vt 0.472298 0.166318
vt 0.473424 0.166328
vt 0.468568 0.137269
vt 0.47065 0.123294
vt 0.470596 0.137382
vt 0.476442 0.182533
vt 0.477374 0.182528
vt 0.478186 0.189174
vt 0.470277 0.149048
vt 0.468568 0.137269
vt 0.470596 0.137382
vt 0.469508 0.156057
vt 0.470277 0.149048
vt 0.471042 0.158671
vt 0.472298 0.166318
vt 0.47009 0.160722
vt 0.471042 0.158671
vt 0.476442 0.182533
vt 0.471124 0.166339
vt 0.472298 0.166318
vt 0.476824 0.189151
vt 0.476442 0.182533
vt 0.478186 0.189174
vt 0.478969 0.195141
vt 0.476824 0.189151
vt 0.478186 0.189174
vt 0.467349 0.137144
vt 0.46854 0.12278
vt 0.468568 0.137269
vt 0.468956 0.14909
vt 0.467349 0.137144
vt 0.468568 0.137269
vt 0.469508 0.156057
vt 0.46782 0.149028
vt 0.468956 0.14909
vt 0.470116 0.166312
vt 0.47009 0.160722
vt 0.471124 0.166339
vt 0.468721 0.158669
vt 0.469508 0.156057
vt 0.47009 0.160722
vt 0.473218 0.178452
vt 0.471124 0.166339
vt 0.475459 0.182513
vt 0.476824 0.189151
vt 0.474611 0.183768
vt 0.475459 0.182513
vt 0.476975 0.195305
vt 0.476824 0.189151
vt 0.477689 0.195155
vt 0.467349 0.137144
vt 0.466321 0.122221
vt 0.46723 0.122314
vt 0.46782 0.149028
vt 0.466515 0.137188
vt 0.467349 0.137144
vt 0.468721 0.158669
vt 0.467048 0.149055
vt 0.46782 0.149028
vt 0.470116 0.166312
vt 0.468327 0.160709
vt 0.468721 0.158669
vt 0.466515 0.137188
vt 0.465391 0.122023
vt 0.466321 0.122221
vt 0.46944 0.166329
vt 0.470116 0.166312
vt 0.473218 0.178452
vt 0.467048 0.149055
vt 0.465662 0.137191
vt 0.466515 0.137188
vt 0.46944 0.166329
vt 0.467601 0.160724
vt 0.468327 0.160709
vt 0.466258 0.149064
vt 0.467048 0.149055
vt 0.467419 0.156056
vt 0.473218 0.178452
vt 0.46875 0.166341
vt 0.46944 0.166329
vt 0.474924 0.189163
vt 0.474611 0.183768
vt 0.475772 0.189194
vt 0.473435 0.182565
vt 0.473218 0.178452
vt 0.474611 0.183768
vt 0.476297 0.195509
vt 0.474924 0.189163
vt 0.475772 0.189194
vt 0.465185 0.137303
vt 0.465391 0.122023
vt 0.465662 0.137191
vt 0.46668 0.156064
vt 0.467419 0.156056
vt 0.467601 0.160724
vt 0.466258 0.149064
vt 0.465185 0.137303
vt 0.465662 0.137191
vt 0.468447 0.16675
vt 0.467601 0.160724
vt 0.46875 0.166341
vt 0.465807 0.149298
vt 0.466258 0.149064
vt 0.46668 0.156064
vt 0.471674 0.177863
vt 0.46875 0.166341
vt 0.473435 0.182565
vt 0.474924 0.189163
vt 0.473281 0.18362
vt 0.473435 0.182565
vt 0.475819 0.195069
vt 0.474518 0.189074
vt 0.474924 0.189163
vt 0.464845 0.123275
vt 0.465662 0.137191
vt 0.465387 0.122205
vt 0.466486 0.156219
vt 0.46668 0.156064
vt 0.467148 0.160901
vt 0.464845 0.123275
vt 0.464875 0.12148
vt 0.465185 0.137303
vt 0.46517 0.137575
vt 0.465185 0.137303
vt 0.465807 0.149298
vt 0.466486 0.156219
vt 0.465817 0.149127
vt 0.465807 0.149298
vt 0.471674 0.177863
vt 0.468274 0.166118
vt 0.468447 0.16675
vt 0.467148 0.160901
vt 0.466608 0.156053
vt 0.466486 0.156219
vt 0.46517 0.137575
vt 0.466258 0.149064
vt 0.465662 0.137191
vt 0.468274 0.166118
vt 0.467601 0.160724
vt 0.467148 0.160901
vt 0.466608 0.156053
vt 0.466258 0.149064
vt 0.465817 0.149127
vt 0.471674 0.177863
vt 0.46875 0.166341
vt 0.468274 0.166118
vt 0.473281 0.18362
vt 0.474924 0.189163
vt 0.473435 0.182565
vt 0.475543 0.195232
vt 0.474924 0.189163
vt 0.474518 0.189074
vt 0.465387 0.122205
vt 0.466515 0.137188
vt 0.466312 0.122524
vt 0.467601 0.160724
vt 0.467419 0.156056
vt 0.466608 0.156053
vt 0.465662 0.137191
vt 0.467048 0.149055
vt 0.466515 0.137188
vt 0.467601 0.160724
vt 0.46944 0.166329
vt 0.468327 0.160709
vt 0.467419 0.156056
vt 0.467048 0.149055
vt 0.466258 0.149064
vt 0.46875 0.166341
vt 0.473218 0.178452
vt 0.46944 0.166329
vt 0.474924 0.189163
vt 0.474611 0.183768
vt 0.473435 0.182565
vt 0.474611 0.183768
vt 0.473218 0.178452
vt 0.473435 0.182565
vt 0.475921 0.195316
vt 0.475772 0.189194
vt 0.474924 0.189163
vt 0.466312 0.122524
vt 0.467349 0.137144
vt 0.467218 0.122498
vt 0.466515 0.137188
vt 0.46782 0.149028
vt 0.467349 0.137144
vt 0.467048 0.149055
vt 0.468721 0.158669
vt 0.46782 0.149028
vt 0.468327 0.160709
vt 0.470116 0.166312
vt 0.468721 0.158669
vt 0.467349 0.137144
vt 0.46852 0.123061
vt 0.467218 0.122498
vt 0.473218 0.178452
vt 0.470116 0.166312
vt 0.46944 0.166329
vt 0.467349 0.137144
vt 0.468956 0.14909
vt 0.468568 0.137269
vt 0.46782 0.149028
vt 0.469508 0.156057
vt 0.468956 0.14909
vt 0.470116 0.166312
vt 0.47009 0.160722
vt 0.468721 0.158669
vt 0.47009 0.160722
vt 0.469508 0.156057
vt 0.468721 0.158669
vt 0.473218 0.178452
vt 0.471124 0.166339
vt 0.470116 0.166312
vt 0.474611 0.183768
vt 0.476824 0.189151
vt 0.475459 0.182513
vt 0.476751 0.195209
vt 0.476824 0.189151
vt 0.475772 0.189194
vt 0.468568 0.137269
vt 0.470629 0.123649
vt 0.46852 0.123061
vt 0.468568 0.137269
vt 0.470277 0.149048
vt 0.470596 0.137382
vt 0.469508 0.156057
vt 0.470277 0.149048
vt 0.468956 0.14909
vt 0.47009 0.160722
vt 0.472298 0.166318
vt 0.471042 0.158671
vt 0.471124 0.166339
vt 0.476442 0.182533
vt 0.472298 0.166318
vt 0.476824 0.189151
vt 0.476442 0.182533
vt 0.475459 0.182513
vt 0.476824 0.189151
vt 0.47877 0.195215
vt 0.478186 0.189174
vt 0.470277 0.149048
vt 0.472224 0.158677
vt 0.471507 0.149062
vt 0.471042 0.158671
vt 0.473424 0.166328
vt 0.472224 0.158677
vt 0.472298 0.166318
vt 0.477374 0.182528
vt 0.473424 0.166328
vt 0.470629 0.123649
vt 0.472817 0.137286
vt 0.473297 0.123996
vt 0.478186 0.189174
vt 0.477374 0.182528
vt 0.476442 0.182533
vt 0.471507 0.149062
vt 0.472817 0.137286
vt 0.470596 0.137382
vt 0.471507 0.149062
vt 0.473779 0.158695
vt 0.473103 0.149098
vt 0.472224 0.158677
vt 0.474908 0.166346
vt 0.473779 0.158695
vt 0.473424 0.166328
vt 0.47858 0.18252
vt 0.474908 0.166346
vt 0.477374 0.182528
vt 0.479732 0.189154
vt 0.47858 0.18252
vt 0.479656 0.195248
vt 0.479732 0.189154
vt 0.478186 0.189174
vt 0.472817 0.137286
vt 0.475102 0.148769
vt 0.474779 0.13679
vt 0.473103 0.149098
vt 0.475746 0.158479
vt 0.475102 0.148769
vt 0.473779 0.158695
vt 0.476774 0.166159
vt 0.475746 0.158479
vt 0.474908 0.166346
vt 0.480091 0.182433
vt 0.476774 0.166159
vt 0.47858 0.18252
vt 0.481158 0.189167
vt 0.480091 0.182433
vt 0.480797 0.195236
vt 0.481158 0.189167
vt 0.479732 0.189154
vt 0.475102 0.148769
vt 0.477655 0.137435
vt 0.474779 0.13679
vt 0.474779 0.13679
vt 0.475758 0.12285
vt 0.473297 0.123996
vt 0.475746 0.158479
vt 0.476911 0.149099
vt 0.475102 0.148769
vt 0.476774 0.166159
vt 0.477553 0.158697
vt 0.475746 0.158479
vt 0.480091 0.182433
vt 0.478515 0.166341
vt 0.476774 0.166159
vt 0.481158 0.189167
vt 0.482401 0.182532
vt 0.480091 0.182433
vt 0.477553 0.158697
vt 0.478798 0.149098
vt 0.476911 0.149099
vt 0.483306 0.189174
vt 0.481158 0.189167
vt 0.482201 0.195156
vt 0.478028 0.123355
vt 0.475758 0.12285
vt 0.477655 0.137435
vt 0.478515 0.166341
vt 0.479431 0.158695
vt 0.477553 0.158697
vt 0.482113 0.137382
vt 0.478028 0.123355
vt 0.477655 0.137435
vt 0.480326 0.166346
vt 0.478515 0.166341
vt 0.482401 0.182532
vt 0.48149 0.149062
vt 0.477655 0.137435
vt 0.478798 0.149098
vt 0.479431 0.158695
vt 0.48149 0.149062
vt 0.478798 0.149098
vt 0.480326 0.166346
vt 0.482107 0.158677
vt 0.479431 0.158695
vt 0.485153 0.182528
vt 0.480326 0.166346
vt 0.482401 0.182532
vt 0.483306 0.189174
vt 0.485153 0.182528
vt 0.482401 0.182532
vt 0.485846 0.195251
vt 0.483306 0.189174
vt 0.483899 0.195243
vt 0.482107 0.158677
vt 0.484213 0.149048
vt 0.48149 0.149062
vt 0.482922 0.166328
vt 0.484806 0.158671
vt 0.482107 0.158677
vt 0.485153 0.182528
vt 0.485564 0.166318
vt 0.482922 0.166328
vt 0.487496 0.13727
vt 0.481625 0.123293
vt 0.482113 0.137382
vt 0.487458 0.182533
vt 0.485153 0.182528
vt 0.486823 0.189174
vt 0.484213 0.149048
vt 0.487496 0.13727
vt 0.482113 0.137382
vt 0.488515 0.156056
vt 0.484213 0.149048
vt 0.484806 0.158671
vt 0.485564 0.166318
vt 0.488823 0.160722
vt 0.484806 0.158671
vt 0.487458 0.182533
vt 0.489306 0.166339
vt 0.485564 0.166318
vt 0.49134 0.189151
vt 0.487458 0.182533
vt 0.486823 0.189174
vt 0.48796 0.195245
vt 0.49134 0.189151
vt 0.486823 0.189174
vt 0.492529 0.137144
vt 0.486895 0.12278
vt 0.487496 0.13727
vt 0.48811 0.14909
vt 0.492529 0.137144
vt 0.487496 0.13727
vt 0.488515 0.156056
vt 0.493092 0.149028
vt 0.48811 0.14909
vt 0.494139 0.166312
vt 0.488823 0.160722
vt 0.489306 0.166339
vt 0.493555 0.158669
vt 0.488515 0.156056
vt 0.488823 0.160722
vt 0.49671 0.178452
vt 0.489306 0.166339
vt 0.490779 0.182513
vt 0.49134 0.189151
vt 0.497174 0.183768
vt 0.490779 0.182513
vt 0.491738 0.194881
vt 0.497482 0.189194
vt 0.49134 0.189151
vt 0.492529 0.137144
vt 0.49709 0.122221
vt 0.491952 0.122314
vt 0.493092 0.149028
vt 0.497582 0.137188
vt 0.492529 0.137144
vt 0.493555 0.158669
vt 0.498063 0.149055
vt 0.493092 0.149028
vt 0.494139 0.166312
vt 0.498437 0.158689
vt 0.493555 0.158669
vt 0.497582 0.137188
vt 0.505222 0.122044
vt 0.49709 0.122221
vt 0.498951 0.166329
vt 0.494139 0.166312
vt 0.49671 0.178452
vt 0.498063 0.149055
vt 0.505537 0.13719
vt 0.497582 0.137188
vt 0.506058 0.156046
vt 0.498063 0.149055
vt 0.498437 0.158689
vt 0.498951 0.166329
vt 0.506193 0.160724
vt 0.498437 0.158689
vt 0.49671 0.178452
vt 0.506436 0.166341
vt 0.498951 0.166329
vt 0.507153 0.189163
vt 0.497174 0.183768
vt 0.497482 0.189194
vt 0.506902 0.182565
vt 0.49671 0.178452
vt 0.497174 0.183768
vt 0.498692 0.195235
vt 0.507153 0.189163
vt 0.497482 0.189194
vt 0.505537 0.13719
vt 0.514143 0.122148
vt 0.505222 0.122044
vt 0.505862 0.149063
vt 0.515749 0.137662
vt 0.505537 0.13719
vt 0.506058 0.156046
vt 0.515828 0.149353
vt 0.505862 0.149063
vt 0.515965 0.166497
vt 0.506193 0.160724
vt 0.506436 0.166341
vt 0.515883 0.158874
vt 0.506058 0.156046
vt 0.506193 0.160724
vt 0.506902 0.182565
vt 0.515965 0.166497
vt 0.506436 0.166341
vt 0.507153 0.189163
vt 0.516107 0.182593
vt 0.506902 0.182565
vt 0.508671 0.195289
vt 0.518057 0.189069
vt 0.507153 0.189163
vt 0.515749 0.137662
vt 0.521805 0.149124
vt 0.521865 0.137299
vt 0.520416 0.122782
vt 0.514143 0.122148
vt 0.515749 0.137662
vt 0.515828 0.149353
vt 0.521719 0.158733
vt 0.521805 0.149124
vt 0.515883 0.158874
vt 0.521608 0.166372
vt 0.521719 0.158733
vt 0.515965 0.166497
vt 0.521464 0.182531
vt 0.521608 0.166372
vt 0.521865 0.137299
vt 0.530822 0.122204
vt 0.520416 0.122782
vt 0.518057 0.189069
vt 0.521464 0.182531
vt 0.516107 0.182593
vt 0.521865 0.137299
vt 0.530251 0.149063
vt 0.530577 0.13719
vt 0.521805 0.149124
vt 0.530056 0.156046
vt 0.530251 0.149063
vt 0.521608 0.166372
vt 0.529921 0.160724
vt 0.521719 0.158733
vt 0.529921 0.160724
vt 0.530056 0.156046
vt 0.521719 0.158733
vt 0.521608 0.166372
vt 0.529211 0.182565
vt 0.529678 0.166341
vt 0.521464 0.182531
vt 0.52896 0.189163
vt 0.529211 0.182565
vt 0.518296 0.195345
vt 0.52896 0.189163
vt 0.518057 0.189069
vt 0.530822 0.122204
vt 0.538531 0.137188
vt 0.53894 0.122524
vt 0.530577 0.13719
vt 0.53805 0.149055
vt 0.538531 0.137188
vt 0.530056 0.156046
vt 0.53805 0.149055
vt 0.530251 0.149063
vt 0.529921 0.160724
vt 0.537162 0.166329
vt 0.537676 0.158689
vt 0.529678 0.166341
vt 0.539403 0.178452
vt 0.537162 0.166329
vt 0.52896 0.189163
vt 0.538939 0.183768
vt 0.529211 0.182565
vt 0.538939 0.183768
vt 0.539403 0.178452
vt 0.529211 0.182565
vt 0.528774 0.195317
vt 0.538632 0.189194
vt 0.52896 0.189163
vt 0.53894 0.122524
vt 0.543585 0.137144
vt 0.54409 0.122756
vt 0.538531 0.137188
vt 0.543022 0.149028
vt 0.543585 0.137144
vt 0.53805 0.149055
vt 0.542558 0.158669
vt 0.543022 0.149028
vt 0.537676 0.158689
vt 0.541975 0.166312
vt 0.542558 0.158669
vt 0.543585 0.137144
vt 0.549148 0.12306
vt 0.54409 0.122756
vt 0.539403 0.178452
vt 0.541975 0.166312
vt 0.537162 0.166329
vt 0.543585 0.137144
vt 0.548004 0.14909
vt 0.548618 0.13727
vt 0.543022 0.149028
vt 0.547599 0.156057
vt 0.548004 0.14909
vt 0.541975 0.166312
vt 0.547291 0.160722
vt 0.542558 0.158669
vt 0.547291 0.160722
vt 0.547599 0.156057
vt 0.542558 0.158669
vt 0.539403 0.178452
vt 0.546807 0.166339
vt 0.541975 0.166312
vt 0.538939 0.183768
vt 0.544773 0.189151
vt 0.545335 0.182513
vt 0.538816 0.195233
vt 0.544773 0.189151
vt 0.538632 0.189194
vt 0.548618 0.13727
vt 0.554441 0.123649
vt 0.549148 0.12306
vt 0.548618 0.13727
vt 0.551902 0.149048
vt 0.554001 0.137382
vt 0.547599 0.156057
vt 0.551902 0.149048
vt 0.548004 0.14909
vt 0.547291 0.160722
vt 0.550551 0.166318
vt 0.551308 0.158671
vt 0.546807 0.166339
vt 0.548656 0.182533
vt 0.550551 0.166318
vt 0.544773 0.189151
vt 0.548656 0.182533
vt 0.545335 0.182513
vt 0.544773 0.189151
vt 0.548152 0.195215
vt 0.549291 0.189174
vt 0.551902 0.149048
vt 0.554007 0.158677
vt 0.554624 0.149062
vt 0.551308 0.158671
vt 0.553192 0.166328
vt 0.554007 0.158677
vt 0.550551 0.166318
vt 0.550961 0.182528
vt 0.553192 0.166328
vt 0.554441 0.123649
vt 0.557777 0.137286
vt 0.558699 0.123996
vt 0.549291 0.189174
vt 0.550961 0.182528
vt 0.548656 0.182533
vt 0.554624 0.149062
vt 0.557777 0.137286
vt 0.554001 0.137382
vt 0.554624 0.149062
vt 0.556683 0.158695
vt 0.557315 0.149098
vt 0.554007 0.158677
vt 0.555788 0.166346
vt 0.556683 0.158695
vt 0.553192 0.166328
vt 0.553148 0.18252
vt 0.555788 0.166346
vt 0.550961 0.182528
vt 0.552277 0.189154
vt 0.553148 0.18252
vt 0.550265 0.195234
vt 0.552277 0.189154
vt 0.549291 0.189174
vt 0.557777 0.137286
vt 0.559865 0.148769
vt 0.560229 0.13679
vt 0.557315 0.149098
vt 0.559228 0.158479
vt 0.559865 0.148769
vt 0.556683 0.158695
vt 0.558247 0.166159
vt 0.559228 0.158479
vt 0.555788 0.166346
vt 0.55514 0.182433
vt 0.558247 0.166159
vt 0.553148 0.18252
vt 0.554134 0.189167
vt 0.55514 0.182433
vt 0.552215 0.195236
vt 0.554134 0.189167
vt 0.552277 0.189154
vt 0.559865 0.148769
vt 0.562826 0.137435
vt 0.560229 0.13679
vt 0.560229 0.13679
vt 0.561382 0.12285
vt 0.558699 0.123996
vt 0.559228 0.158479
vt 0.56155 0.149098
vt 0.559865 0.148769
vt 0.558247 0.166159
vt 0.560898 0.158697
vt 0.559228 0.158479
vt 0.55514 0.182433
vt 0.559832 0.166341
vt 0.558247 0.166159
vt 0.554134 0.189167
vt 0.557171 0.182532
vt 0.55514 0.182433
vt 0.560898 0.158697
vt 0.56301 0.149098
vt 0.56155 0.149098
vt 0.556045 0.189174
vt 0.554134 0.189167
vt 0.554007 0.195314
vt 0.563251 0.123355
vt 0.561382 0.12285
vt 0.562826 0.137435
vt 0.559832 0.166341
vt 0.562335 0.158695
vt 0.560898 0.158697
vt 0.565518 0.137382
vt 0.563251 0.123355
vt 0.562826 0.137435
vt 0.561206 0.166346
vt 0.559832 0.166341
vt 0.557171 0.182532
vt 0.564607 0.149062
vt 0.562826 0.137435
vt 0.56301 0.149098
vt 0.562335 0.158695
vt 0.564607 0.149062
vt 0.56301 0.149098
vt 0.561206 0.166346
vt 0.56389 0.158677
vt 0.562335 0.158695
vt 0.55874 0.182528
vt 0.561206 0.166346
vt 0.557171 0.182532
vt 0.556045 0.189174
vt 0.55874 0.182528
vt 0.557171 0.182532
vt 0.55566 0.195181
vt 0.557927 0.189174
vt 0.556045 0.189174
vt 0.56389 0.158677
vt 0.565836 0.149048
vt 0.564607 0.149062
vt 0.562689 0.166328
vt 0.565072 0.158671
vt 0.56389 0.158677
vt 0.55874 0.182528
vt 0.563816 0.166318
vt 0.562689 0.166328
vt 0.567545 0.137269
vt 0.565463 0.123293
vt 0.565518 0.137382
vt 0.559672 0.182533
vt 0.55874 0.182528
vt 0.557927 0.189174
vt 0.565836 0.149048
vt 0.567545 0.137269
vt 0.565518 0.137382
vt 0.566606 0.156057
vt 0.565836 0.149048
vt 0.565072 0.158671
vt 0.563816 0.166318
vt 0.566023 0.160722
vt 0.565072 0.158671
vt 0.559672 0.182533
vt 0.56499 0.166339
vt 0.563816 0.166318
vt 0.559289 0.189151
vt 0.559672 0.182533
vt 0.557927 0.189174
vt 0.558404 0.195008
vt 0.557927 0.189174
vt 0.557135 0.195182
vt 0.568764 0.137144
vt 0.567573 0.12278
vt 0.567545 0.137269
vt 0.567158 0.14909
vt 0.568764 0.137144
vt 0.567545 0.137269
vt 0.566606 0.156057
vt 0.568293 0.149028
vt 0.567158 0.14909
vt 0.565998 0.166312
vt 0.566023 0.160722
vt 0.56499 0.166339
vt 0.567392 0.158669
vt 0.566606 0.156057
vt 0.566023 0.160722
vt 0.562896 0.178452
vt 0.56499 0.166339
vt 0.560655 0.182513
vt 0.559289 0.189151
vt 0.561503 0.183768
vt 0.560655 0.182513
vt 0.55919 0.195434
vt 0.559289 0.189151
vt 0.558404 0.195008
vt 0.568764 0.137144
vt 0.569793 0.122221
vt 0.568883 0.122314
vt 0.568293 0.149028
vt 0.569599 0.137188
vt 0.568764 0.137144
vt 0.567392 0.158669
vt 0.569065 0.149055
vt 0.568293 0.149028
vt 0.565998 0.166312
vt 0.567786 0.160709
vt 0.567392 0.158669
vt 0.569599 0.137188
vt 0.570723 0.122023
vt 0.569793 0.122221
vt 0.566674 0.166329
vt 0.565998 0.166312
vt 0.562896 0.178452
vt 0.569065 0.149055
vt 0.570452 0.137191
vt 0.569599 0.137188
vt 0.566674 0.166329
vt 0.568512 0.160724
vt 0.567786 0.160709
vt 0.569855 0.149064
vt 0.569065 0.149055
vt 0.568694 0.156056
vt 0.562896 0.178452
vt 0.567364 0.166341
vt 0.566674 0.166329
vt 0.561189 0.189163
vt 0.561503 0.183768
vt 0.560342 0.189194
vt 0.562679 0.182565
vt 0.562896 0.178452
vt 0.561503 0.183768
vt 0.560235 0.195146
vt 0.560342 0.189194
vt 0.55919 0.195434
vt 0.570929 0.137303
vt 0.570723 0.122023
vt 0.570452 0.137191
vt 0.569434 0.156064
vt 0.568694 0.156056
vt 0.568512 0.160724
vt 0.569855 0.149064
vt 0.570929 0.137303
vt 0.570452 0.137191
vt 0.567667 0.16675
vt 0.568512 0.160724
vt 0.567364 0.166341
vt 0.570307 0.149298
vt 0.569855 0.149064
vt 0.569434 0.156064
vt 0.56444 0.177863
vt 0.567364 0.166341
vt 0.562679 0.182565
vt 0.561189 0.189163
vt 0.562832 0.18362
vt 0.562679 0.182565
vt 0.560235 0.195146
vt 0.561596 0.189074
vt 0.561189 0.189163
vt 0.568894 0.122757
vt 0.570109 0.105381
vt 0.569802 0.122524
vt 0.569628 0.156219
vt 0.569434 0.156064
vt 0.568965 0.160901
vt 0.571269 0.123275
vt 0.571238 0.12148
vt 0.570929 0.137303
vt 0.570944 0.137575
vt 0.570929 0.137303
vt 0.570307 0.149298
vt 0.571063 0.105381
vt 0.571269 0.123275
vt 0.570726 0.122206
vt 0.570109 0.105381
vt 0.570726 0.122206
vt 0.569802 0.122524
vt 0.56531 0.105381
vt 0.567593 0.123061
vt 0.565485 0.12365
vt 0.568011 0.105381
vt 0.568894 0.122757
vt 0.567593 0.123061
vt 0.562817 0.123996
vt 0.56531 0.105381
vt 0.565485 0.12365
vt 0.560356 0.12285
vt 0.557218 0.105381
vt 0.561852 0.105381
vt 0.561852 0.105381
vt 0.562817 0.123996
vt 0.560356 0.12285
vt 0.214141 0.355511
vt 0.33212 0.185857
vt 0.319084 0.361344
vt 0.55228 0.105381
vt 0.557218 0.105381
vt 0.554488 0.123293
vt 0.565621 0.185857
vt 0.63863 0.185857
vt 0.606125 0.356617
vt 0.547385 0.105381
vt 0.55228 0.105381
vt 0.549218 0.12278
vt 0.4458 0.185857
vt 0.565621 0.185857
vt 0.472302 0.353896
vt 0.559708 0.196749
vt 0.559726 0.200285
vt 0.558985 0.200285
vt 0.559274 0.195364
vt 0.558985 0.200285
vt 0.558009 0.200285
vt 0.558282 0.195176
vt 0.558009 0.200285
vt 0.556786 0.200285
vt 0.33212 0.185857
vt 0.4458 0.185857
vt 0.382338 0.354947
vt 0.132277 0.358734
vt 0.210387 0.185857
vt 0.214141 0.355511
vt 0.02641 0.185857
vt 0.080337 0.36108
vt 0.029332 0.364146
vt 0.098293 0.185857
vt 0.132277 0.358734
vt 0.080337 0.36108
vt 0.481466 0.105381
vt 0.486965 0.12306
vt 0.481672 0.123649
vt 0.477963 0.105381
vt 0.481672 0.123649
vt 0.477415 0.123996
vt 0.472863 0.123355
vt 0.470895 0.105381
vt 0.474346 0.105381
vt 0.474346 0.105381
vt 0.477415 0.123996
vt 0.474731 0.122849
vt 0.46854 0.12278
vt 0.470895 0.105381
vt 0.47065 0.123294
vt 0.46723 0.122314
vt 0.468715 0.105381
vt 0.46854 0.12278
vt 0.466321 0.122221
vt 0.465398 0.105381
vt 0.46686 0.105381
vt 0.464875 0.12148
vt 0.465398 0.105381
vt 0.465391 0.122023
vt 0.552329 0.195211
vt 0.554667 0.200285
vt 0.551797 0.200284
vt 0.556458 0.195234
vt 0.556786 0.200285
vt 0.554667 0.200285
vt 0.482956 0.200285
vt 0.484421 0.19516
vt 0.485691 0.200284
vt 0.551797 0.200284
vt 0.547535 0.200284
vt 0.550265 0.195234
vt 0.547535 0.200284
vt 0.541739 0.200284
vt 0.544993 0.195176
vt 0.535248 0.200285
vt 0.525295 0.200285
vt 0.528773 0.195314
vt 0.497844 0.195312
vt 0.500836 0.200285
vt 0.494396 0.200285
vt 0.49176 0.195146
vt 0.494396 0.200285
vt 0.489932 0.200285
vt 0.487332 0.195141
vt 0.489932 0.200285
vt 0.485691 0.200284
vt 0.480772 0.195157
vt 0.482956 0.200285
vt 0.481076 0.200284
vt 0.478969 0.195141
vt 0.481076 0.200284
vt 0.479328 0.200285
vt 0.477689 0.195155
vt 0.479328 0.200285
vt 0.478111 0.200285
vt 0.478111 0.200285
vt 0.476975 0.195305
vt 0.477689 0.195155
vt 0.467488 0.105381
vt 0.466312 0.122524
vt 0.467218 0.122498
vt 0.477132 0.200285
vt 0.476389 0.200285
vt 0.476297 0.195509
vt 0.465051 0.105381
vt 0.464845 0.123275
vt 0.465387 0.122205
vt 0.466004 0.105381
vt 0.465387 0.122205
vt 0.466312 0.122524
vt 0.475758 0.12285
vt 0.473921 0.105381
vt 0.473297 0.123996
vt 0.467488 0.105381
vt 0.467218 0.122498
vt 0.46852 0.123061
vt 0.469105 0.105381
vt 0.46852 0.123061
vt 0.470629 0.123649
vt 0.47149 0.105381
vt 0.470629 0.123649
vt 0.473297 0.123996
vt 0.478028 0.123355
vt 0.482375 0.105381
vt 0.476814 0.105381
vt 0.495969 0.105381
vt 0.488729 0.105381
vt 0.491952 0.122314
vt 0.488729 0.105381
vt 0.482375 0.105381
vt 0.486895 0.12278
vt 0.476751 0.195209
vt 0.476467 0.200285
vt 0.477269 0.200284
vt 0.50785 0.105381
vt 0.495969 0.105381
vt 0.505222 0.122044
vt 0.477831 0.195176
vt 0.477269 0.200284
vt 0.478354 0.200285
vt 0.47877 0.195215
vt 0.478354 0.200285
vt 0.479751 0.200285
vt 0.530822 0.122204
vt 0.519123 0.105381
vt 0.520416 0.122782
vt 0.519123 0.105381
vt 0.50785 0.105381
vt 0.514143 0.122148
vt 0.53894 0.122524
vt 0.531194 0.105381
vt 0.530822 0.122204
vt 0.549438 0.105381
vt 0.54409 0.122756
vt 0.549148 0.12306
vt 0.54231 0.105381
vt 0.53894 0.122524
vt 0.54409 0.122756
vt 0.554648 0.105381
vt 0.549148 0.12306
vt 0.554441 0.123649
vt 0.558151 0.105381
vt 0.554441 0.123649
vt 0.558699 0.123996
vt 0.563251 0.123355
vt 0.565219 0.105381
vt 0.561768 0.105381
vt 0.561768 0.105381
vt 0.558699 0.123996
vt 0.561382 0.12285
vt 0.567573 0.12278
vt 0.565219 0.105381
vt 0.565463 0.123293
vt 0.568883 0.122314
vt 0.567398 0.105381
vt 0.567573 0.12278
vt 0.569793 0.122221
vt 0.570716 0.105381
vt 0.569253 0.105381
vt 0.571238 0.12148
vt 0.570716 0.105381
vt 0.570723 0.122023
vt 0.480797 0.195236
vt 0.479751 0.200285
vt 0.482134 0.200285
vt 0.483899 0.195243
vt 0.482201 0.195156
vt 0.482134 0.200285
vt 0.48796 0.195245
vt 0.485846 0.195251
vt 0.485674 0.200284
vt 0.491738 0.194881
vt 0.48796 0.195245
vt 0.489881 0.200285
vt 0.538816 0.195233
vt 0.537643 0.200285
vt 0.543943 0.200285
vt 0.550265 0.195234
vt 0.54836 0.200285
vt 0.552382 0.200285
vt 0.544993 0.195176
vt 0.543943 0.200285
vt 0.54836 0.200285
vt 0.552382 0.200285
vt 0.5547 0.200285
vt 0.554007 0.195314
vt 0.558404 0.195008
vt 0.557135 0.195182
vt 0.557755 0.200285
vt 0.557755 0.200285
vt 0.55884 0.200285
vt 0.55919 0.195434
vt 1.186114 0.128718
vt 1.183378 0.116857
vt 1.183108 0.128718
vt 1.173211 0.128718
vt 1.171144 0.116732
vt 1.167142 0.128718
vt 1.178001 0.128718
vt 1.174123 0.116898
vt 1.173211 0.128718
vt 1.158008 0.128718
vt 1.160023 0.116858
vt 1.156939 0.11673
vt 1.158008 0.128718
vt 1.16181 0.128718
vt 1.160023 0.116858
vt 1.152989 0.128718
vt 1.150541 0.116737
vt 1.148556 0.128718
vt 1.174123 0.116898
vt 1.171144 0.116732
vt 1.173211 0.128718
vt 1.167142 0.128718
vt 1.163985 0.116878
vt 1.16181 0.128718
vt 1.156939 0.11673
vt 1.153554 0.116728
vt 1.152989 0.128718
vt 1.16742 0.116692
vt 1.163985 0.116878
vt 1.167142 0.128718
vt 1.188059 0.128718
vt 1.186189 0.116659
vt 1.18749 0.128718
vt 1.171565 0.128718
vt 1.173461 0.116688
vt 1.175876 0.128718
vt 1.182519 0.128718
vt 1.183421 0.116853
vt 1.185308 0.128718
vt 1.18682 0.128718
vt 1.185827 0.116908
vt 1.188059 0.128718
vt 1.188059 0.128718
vt 1.185827 0.116908
vt 1.186269 0.116837
vt 1.147257 0.128718
vt 1.149513 0.116753
vt 1.149433 0.128718
vt 1.145914 0.128718
vt 1.148086 0.116688
vt 1.147257 0.128718
vt 1.152371 0.128718
vt 1.154724 0.116849
vt 1.155897 0.128718
vt 1.159771 0.128718
vt 1.161809 0.116863
vt 1.163734 0.128718
vt 1.155897 0.128718
vt 1.158121 0.116864
vt 1.159771 0.128718
vt 1.149433 0.128718
vt 1.151878 0.116849
vt 1.152371 0.128718
vt 1.173461 0.116688
vt 1.176374 0.116701
vt 1.175876 0.128718
vt 1.175876 0.128718
vt 1.176374 0.116701
vt 1.179245 0.128718
vt 1.185053 0.116712
vt 1.185827 0.116908
vt 1.18682 0.128718
vt 1.179245 0.128718
vt 1.179581 0.116855
vt 1.182519 0.128718
vt 1.163734 0.128718
vt 1.165472 0.11684
vt 1.167626 0.128718
vt 1.188059 0.128718
vt 1.186269 0.116837
vt 1.186189 0.116659
vt 1.18749 0.128718
vt 1.186189 0.116659
vt 1.185458 0.116823
vt 1.186114 0.128718
vt 1.185458 0.116823
vt 1.183378 0.116857
vt 1.178001 0.128718
vt 1.176956 0.116865
vt 1.174123 0.116898
vt 1.167142 0.128718
vt 1.171144 0.116732
vt 1.16742 0.116692
vt 1.16181 0.128718
vt 1.163985 0.116878
vt 1.160023 0.116858
vt 1.171565 0.128718
vt 1.170641 0.116921
vt 1.173461 0.116688
vt 1.330422 0.128718
vt 1.331995 0.116668
vt 1.332894 0.116877
vt 1.332077 0.128718
vt 1.334545 0.116892
vt 1.334993 0.128718
vt 1.330422 0.128718
vt 1.332894 0.116877
vt 1.332077 0.128718
vt 1.34375 0.128718
vt 1.343397 0.11677
vt 1.34701 0.116729
vt 1.34375 0.128718
vt 1.34701 0.116729
vt 1.350415 0.128718
vt 1.358106 0.128718
vt 1.353034 0.116751
vt 1.357117 0.116715
vt 1.358106 0.128718
vt 1.357117 0.116715
vt 1.360012 0.116692
vt 1.370821 0.128718
vt 1.370177 0.116831
vt 1.372483 0.128718
vt 1.33008 0.128718
vt 1.331995 0.116668
vt 1.330422 0.128718
vt 1.346537 0.128718
vt 1.34464 0.116688
vt 1.342225 0.128718
vt 1.335582 0.128718
vt 1.334664 0.116849
vt 1.332793 0.128718
vt 1.331281 0.128718
vt 1.332365 0.116753
vt 1.33008 0.128718
vt 1.33008 0.128718
vt 1.332365 0.116753
vt 1.331832 0.116837
vt 1.372727 0.128718
vt 1.370969 0.116695
vt 1.372187 0.128718
vt 1.370844 0.128718
vt 1.368588 0.116753
vt 1.368668 0.128718
vt 1.372187 0.128718
vt 1.370016 0.116688
vt 1.370844 0.128718
vt 1.36573 0.128718
vt 1.363377 0.116849
vt 1.362204 0.128718
vt 1.35833 0.128718
vt 1.356292 0.116863
vt 1.354367 0.128718
vt 1.362204 0.128718
vt 1.35998 0.116864
vt 1.35833 0.128718
vt 1.368668 0.128718
vt 1.366223 0.116849
vt 1.36573 0.128718
vt 1.34464 0.116688
vt 1.341727 0.116701
vt 1.342225 0.128718
vt 1.342225 0.128718
vt 1.341727 0.116701
vt 1.338857 0.128718
vt 1.334664 0.116849
vt 1.335582 0.128718
vt 1.336072 0.116665
vt 1.338857 0.128718
vt 1.33852 0.116855
vt 1.335582 0.128718
vt 1.354367 0.128718
vt 1.352629 0.11684
vt 1.350475 0.128718
vt 1.33008 0.128718
vt 1.331832 0.116837
vt 1.331995 0.116668
vt 1.346537 0.128718
vt 1.34746 0.116921
vt 1.34464 0.116688
vt 1.148139 0.116293
vt 1.153906 0.116297
vt 1.165026 0.116314
vt 1.153802 0.116321
vt 1.150735 0.116366
vt 1.148139 0.116293
vt 1.163978 0.116307
vt 1.158448 0.116341
vt 1.153802 0.116321
vt 1.150323 0.116336
vt 1.153906 0.116297
vt 1.148007 0.116341
vt 1.148139 0.116293
vt 1.148007 0.116341
vt 1.153906 0.116297
vt 1.165026 0.116314
vt 1.153906 0.116297
vt 1.159193 0.116324
vt 1.1731 0.116308
vt 1.163978 0.116307
vt 1.17933 0.116317
vt 1.185439 0.116304
vt 1.185622 0.116339
vt 1.183506 0.116324
vt 1.183506 0.116324
vt 1.17933 0.116317
vt 1.185439 0.116304
vt 1.173859 0.116324
vt 1.179447 0.116313
vt 1.165026 0.116314
vt 1.179447 0.116313
vt 1.183198 0.116355
vt 1.185439 0.116304
vt 1.185458 0.116823
vt 1.186189 0.116659
vt 1.185439 0.116304
vt 1.185458 0.116823
vt 1.185439 0.116304
vt 1.183198 0.116355
vt 1.179447 0.116313
vt 1.181188 0.116881
vt 1.183198 0.116355
vt 1.176956 0.116865
vt 1.178797 0.116674
vt 1.173859 0.116324
vt 1.171144 0.116732
vt 1.174123 0.116898
vt 1.173859 0.116324
vt 1.163985 0.116878
vt 1.16742 0.116692
vt 1.165026 0.116314
vt 1.156939 0.11673
vt 1.160023 0.116858
vt 1.159193 0.116324
vt 1.147145 0.116607
vt 1.147294 0.116841
vt 1.148007 0.116341
vt 1.147366 0.116649
vt 1.147145 0.116607
vt 1.148139 0.116293
vt 1.153802 0.116321
vt 1.151878 0.116849
vt 1.150735 0.116366
vt 1.154724 0.116849
vt 1.153802 0.116321
vt 1.158448 0.116341
vt 1.163978 0.116307
vt 1.161809 0.116863
vt 1.158448 0.116341
vt 1.168275 0.11652
vt 1.165472 0.11684
vt 1.163978 0.116307
vt 1.17933 0.116317
vt 1.176374 0.116701
vt 1.1731 0.116308
vt 1.182011 0.116663
vt 1.17933 0.116317
vt 1.183506 0.116324
vt 1.183421 0.116853
vt 1.182011 0.116663
vt 1.183506 0.116324
vt 1.186269 0.116837
vt 1.185622 0.116339
vt 1.186189 0.116659
vt 1.186189 0.116659
vt 1.185622 0.116339
vt 1.185439 0.116304
vt 1.148007 0.116341
vt 1.148139 0.116293
vt 1.147145 0.116607
vt 1.150735 0.116366
vt 1.151878 0.116849
vt 1.149513 0.116753
vt 1.364298 0.116319
vt 1.370532 0.116307
vt 1.353075 0.116314
vt 1.364197 0.116298
vt 1.370094 0.116341
vt 1.367778 0.116336
vt 1.351763 0.116319
vt 1.364197 0.116298
vt 1.359585 0.116308
vt 1.364197 0.116298
vt 1.370532 0.116307
vt 1.370094 0.116341
vt 1.367133 0.116336
vt 1.36884 0.116331
vt 1.364298 0.116319
vt 1.370532 0.116307
vt 1.364298 0.116319
vt 1.36884 0.116331
vt 1.353075 0.116314
vt 1.359653 0.116341
vt 1.364298 0.116319
vt 1.33326 0.116342
vt 1.332282 0.116309
vt 1.340151 0.116314
vt 1.340151 0.116314
vt 1.351763 0.116319
vt 1.344947 0.116341
vt 1.340151 0.116314
vt 1.336933 0.116345
vt 1.33326 0.116342
vt 1.34639 0.116324
vt 1.353075 0.116314
vt 1.340147 0.116315
vt 1.334223 0.116321
vt 1.332282 0.116309
vt 1.332847 0.116335
vt 1.334223 0.116321
vt 1.340147 0.116315
vt 1.332282 0.116309
vt 1.331207 0.128718
vt 1.331895 0.116808
vt 1.330107 0.128718
vt 1.366093 0.116831
vt 1.364903 0.128718
vt 1.368879 0.128718
vt 1.370006 0.116786
vt 1.370836 0.128718
vt 1.372263 0.128718
vt 1.335089 0.116747
vt 1.332969 0.128718
vt 1.335542 0.128718
vt 1.332975 0.116848
vt 1.331207 0.128718
vt 1.332969 0.128718
vt 1.346543 0.116865
vt 1.344497 0.128718
vt 1.348461 0.128718
vt 1.350236 0.116695
vt 1.348461 0.128718
vt 1.352353 0.128718
vt 1.337968 0.116849
vt 1.335542 0.128718
vt 1.339663 0.128718
vt 1.35381 0.116842
vt 1.352353 0.128718
vt 1.356282 0.128718
vt 1.357549 0.116861
vt 1.356282 0.128718
vt 1.360233 0.128718
vt 1.360511 0.116907
vt 1.360233 0.128718
vt 1.364903 0.128718
vt 1.368116 0.116867
vt 1.368879 0.128718
vt 1.370836 0.128718
vt 1.368116 0.116867
vt 1.366093 0.116831
vt 1.368879 0.128718
vt 1.372797 0.128718
vt 1.370969 0.116695
vt 1.372263 0.128718
vt 1.371615 0.128718
vt 1.370816 0.116834
vt 1.372797 0.128718
vt 1.334161 0.116921
vt 1.334795 0.128718
vt 1.331379 0.128718
vt 1.332174 0.116903
vt 1.331379 0.128718
vt 1.330242 0.128718
vt 1.369994 0.116911
vt 1.370816 0.116834
vt 1.371615 0.128718
vt 1.366552 0.116714
vt 1.368162 0.116855
vt 1.36929 0.128718
vt 1.355492 0.116692
vt 1.357444 0.11668
vt 1.358268 0.128718
vt 1.346483 0.128718
vt 1.3484 0.11684
vt 1.350413 0.128718
vt 1.338801 0.128718
vt 1.341092 0.116874
vt 1.342533 0.128718
vt 1.342533 0.128718
vt 1.344667 0.116866
vt 1.346483 0.128718
vt 1.331908 0.116645
vt 1.330242 0.128718
vt 1.330107 0.128718
vt 1.334795 0.128718
vt 1.337968 0.116849
vt 1.338801 0.128718
vt 1.350413 0.128718
vt 1.352003 0.116832
vt 1.354137 0.128718
vt 1.331207 0.128718
vt 1.332975 0.116848
vt 1.331895 0.116808
vt 1.332969 0.128718
vt 1.335089 0.116747
vt 1.332975 0.116848
vt 1.364903 0.128718
vt 1.363403 0.116844
vt 1.360511 0.116907
vt 1.372263 0.128718
vt 1.370969 0.116695
vt 1.370006 0.116786
vt 1.364903 0.128718
vt 1.366093 0.116831
vt 1.363403 0.116844
vt 1.354137 0.128718
vt 1.352003 0.116832
vt 1.355492 0.116692
vt 1.330107 0.128718
vt 1.331895 0.116808
vt 1.331908 0.116645
vt 1.330242 0.128718
vt 1.331908 0.116645
vt 1.332174 0.116903
vt 1.331379 0.128718
vt 1.332951 0.11669
vt 1.334161 0.116921
vt 1.369962 0.116293
vt 1.364195 0.116297
vt 1.353559 0.116292
vt 1.364299 0.116321
vt 1.367366 0.116366
vt 1.369962 0.116293
vt 1.354123 0.116307
vt 1.359653 0.116341
vt 1.364299 0.116321
vt 1.367778 0.116336
vt 1.364195 0.116297
vt 1.370533 0.116311
vt 1.369962 0.116293
vt 1.370533 0.116311
vt 1.364195 0.116297
vt 1.353559 0.116292
vt 1.364195 0.116297
vt 1.359585 0.116308
vt 1.345001 0.116308
vt 1.354123 0.116307
vt 1.338771 0.116317
vt 1.332662 0.116304
vt 1.332479 0.116339
vt 1.334595 0.116324
vt 1.334595 0.116324
vt 1.338771 0.116317
vt 1.332662 0.116304
vt 1.345001 0.116308
vt 1.338771 0.116318
vt 1.353559 0.116292
vt 1.338771 0.116318
vt 1.334903 0.116355
vt 1.332662 0.116304
vt 1.151747 0.116308
vt 1.147569 0.116307
vt 1.165026 0.116314
vt 1.153905 0.116298
vt 1.148007 0.116341
vt 1.150323 0.116336
vt 1.148007 0.116341
vt 1.153905 0.116298
vt 1.147569 0.116307
vt 1.165026 0.116314
vt 1.153905 0.116298
vt 1.158517 0.116308
vt 1.151747 0.116308
vt 1.149262 0.116331
vt 1.147569 0.116307
vt 1.165026 0.116314
vt 1.158494 0.116323
vt 1.151747 0.116308
vt 1.184085 0.116322
vt 1.185819 0.116309
vt 1.17795 0.116314
vt 1.17795 0.116314
vt 1.165026 0.116314
vt 1.171711 0.116324
vt 1.17795 0.116314
vt 1.181168 0.116345
vt 1.184085 0.116322
vt 1.171711 0.116324
vt 1.165026 0.116314
vt 1.177954 0.116315
vt 1.183878 0.116321
vt 1.185819 0.116309
vt 1.185254 0.116335
vt 1.183878 0.116321
vt 1.177954 0.116315
vt 1.185819 0.116309
vt 1.186894 0.128718
vt 1.186207 0.116808
vt 1.187989 0.128718
vt 1.183012 0.116747
vt 1.185132 0.128718
vt 1.182559 0.128718
vt 1.185126 0.116848
vt 1.186894 0.128718
vt 1.185132 0.128718
vt 1.171563 0.116865
vt 1.173604 0.128718
vt 1.16964 0.128718
vt 1.167872 0.116695
vt 1.16964 0.128718
vt 1.165748 0.128718
vt 1.180133 0.116849
vt 1.182559 0.128718
vt 1.178438 0.128718
vt 1.163665 0.116909
vt 1.165748 0.128718
vt 1.161819 0.128718
vt 1.157259 0.116942
vt 1.157868 0.128718
vt 1.153226 0.128718
vt 1.145376 0.128718
vt 1.14728 0.116742
vt 1.145613 0.128718
vt 1.145613 0.128718
vt 1.14728 0.116742
vt 1.146823 0.128718
vt 1.147265 0.128718
vt 1.147926 0.11683
vt 1.145847 0.128718
vt 1.186891 0.128718
vt 1.183954 0.116925
vt 1.184909 0.128718
vt 1.149474 0.128718
vt 1.149985 0.116867
vt 1.147265 0.128718
vt 1.157868 0.128718
vt 1.156996 0.116699
vt 1.153226 0.128718
vt 1.161819 0.128718
vt 1.160611 0.116688
vt 1.157868 0.128718
vt 1.165748 0.128718
vt 1.164292 0.116842
vt 1.161819 0.128718
vt 1.16964 0.128718
vt 1.167859 0.116695
vt 1.165748 0.128718
vt 1.173604 0.128718
vt 1.171562 0.116864
vt 1.16964 0.128718
vt 1.187826 0.128718
vt 1.185783 0.116531
vt 1.186891 0.128718
vt 1.182559 0.128718
vt 1.180133 0.116849
vt 1.178438 0.128718
vt 1.186894 0.128718
vt 1.185126 0.116848
vt 1.186207 0.116808
vt 1.185132 0.128718
vt 1.183012 0.116747
vt 1.185126 0.116848
vt 1.186891 0.128718
vt 1.185151 0.11669
vt 1.183954 0.116925
vt 1.145376 0.128718
vt 1.147099 0.116843
vt 1.14728 0.116742
vt 1.332174 0.116903
vt 1.331908 0.116645
vt 1.33326 0.116342
vt 1.335716 0.116684
vt 1.334161 0.116921
vt 1.33326 0.116342
vt 1.337968 0.116849
vt 1.336933 0.116345
vt 1.340151 0.116314
vt 1.341092 0.116874
vt 1.340151 0.116314
vt 1.344947 0.116341
vt 1.351763 0.116319
vt 1.3484 0.11684
vt 1.344947 0.116341
vt 1.355492 0.116692
vt 1.351763 0.116319
vt 1.359585 0.116308
vt 1.368162 0.116855
vt 1.366552 0.116714
vt 1.367778 0.116336
vt 1.367133 0.116336
vt 1.368116 0.116867
vt 1.36884 0.116331
vt 1.364298 0.116319
vt 1.366093 0.116831
vt 1.367133 0.116336
vt 1.363403 0.116844
vt 1.364298 0.116319
vt 1.359653 0.116341
vt 1.350236 0.116695
vt 1.35381 0.116842
vt 1.353075 0.116314
vt 1.346543 0.116865
vt 1.350236 0.116695
vt 1.34639 0.116324
vt 1.340147 0.116315
vt 1.341092 0.116874
vt 1.343606 0.116504
vt 1.336869 0.116385
vt 1.337968 0.116849
vt 1.340147 0.116315
vt 1.332847 0.116335
vt 1.332975 0.116848
vt 1.334223 0.116321
vt 1.332282 0.116309
vt 1.331895 0.116808
vt 1.332847 0.116335
vt 1.331895 0.116808
vt 1.332282 0.116309
vt 1.331908 0.116645
vt 1.336869 0.116385
vt 1.340147 0.116315
vt 1.334223 0.116321
vt 1.332894 0.116877
vt 1.332662 0.116304
vt 1.334903 0.116355
vt 1.338771 0.116318
vt 1.336913 0.116881
vt 1.334903 0.116355
vt 1.340245 0.116704
vt 1.338771 0.116318
vt 1.345001 0.116308
vt 1.349936 0.116542
vt 1.34701 0.116729
vt 1.345001 0.116308
vt 1.353034 0.116751
vt 1.349936 0.116542
vt 1.353559 0.116292
vt 1.357117 0.116715
vt 1.353559 0.116292
vt 1.359585 0.116308
vt 1.370798 0.116646
vt 1.370177 0.116831
vt 1.369509 0.116385
vt 1.370969 0.116695
vt 1.370533 0.116311
vt 1.369962 0.116293
vt 1.364299 0.116321
vt 1.366223 0.116849
vt 1.367366 0.116366
vt 1.363377 0.116849
vt 1.364299 0.116321
vt 1.359653 0.116341
vt 1.354123 0.116307
vt 1.356292 0.116863
vt 1.359653 0.116341
vt 1.349826 0.11652
vt 1.352629 0.11684
vt 1.354123 0.116307
vt 1.338771 0.116317
vt 1.341727 0.116701
vt 1.345001 0.116308
vt 1.336072 0.116665
vt 1.338771 0.116317
vt 1.334595 0.116324
vt 1.334664 0.116849
vt 1.336072 0.116665
vt 1.334595 0.116324
vt 1.332365 0.116753
vt 1.333226 0.116891
vt 1.334595 0.116324
vt 1.331832 0.116837
vt 1.332479 0.116339
vt 1.331995 0.116668
vt 1.331995 0.116668
vt 1.332479 0.116339
vt 1.332662 0.116304
vt 1.345001 0.116308
vt 1.353559 0.116292
vt 1.349936 0.116542
vt 1.369509 0.116385
vt 1.367778 0.116336
vt 1.370533 0.116311
vt 1.367366 0.116366
vt 1.366223 0.116849
vt 1.368588 0.116753
vt 1.182385 0.116684
vt 1.183954 0.116925
vt 1.184085 0.116322
vt 1.180133 0.116849
vt 1.181168 0.116345
vt 1.17795 0.116314
vt 1.177009 0.116874
vt 1.17795 0.116314
vt 1.174496 0.116504
vt 1.167859 0.116695
vt 1.171562 0.116864
vt 1.171711 0.116324
vt 1.164292 0.116842
vt 1.167859 0.116695
vt 1.165026 0.116314
vt 1.160611 0.116688
vt 1.165026 0.116314
vt 1.158517 0.116308
vt 1.149985 0.116867
vt 1.151813 0.116688
vt 1.150323 0.116336
vt 1.147569 0.116307
vt 1.147099 0.116843
vt 1.148007 0.116341
vt 1.154153 0.11666
vt 1.151113 0.116847
vt 1.151747 0.116308
vt 1.154153 0.11666
vt 1.151747 0.116308
vt 1.158494 0.116323
vt 1.157259 0.116942
vt 1.154153 0.11666
vt 1.158494 0.116323
vt 1.165026 0.116314
vt 1.160261 0.116695
vt 1.158494 0.116323
vt 1.167872 0.116695
vt 1.163665 0.116909
vt 1.165026 0.116314
vt 1.171563 0.116865
vt 1.167872 0.116695
vt 1.171711 0.116324
vt 1.177954 0.116315
vt 1.177009 0.116874
vt 1.174496 0.116504
vt 1.181233 0.116385
vt 1.180133 0.116849
vt 1.177954 0.116315
vt 1.185254 0.116335
vt 1.185126 0.116848
vt 1.183878 0.116321
vt 1.185819 0.116309
vt 1.186207 0.116808
vt 1.185254 0.116335
vt 1.186207 0.116808
vt 1.185819 0.116309
vt 1.186194 0.116645
vt 1.185783 0.116531
vt 1.185819 0.116309
vt 1.184085 0.116322
vt 1.174496 0.116504
vt 1.17795 0.116314
vt 1.171711 0.116324
vt 1.181233 0.116385
vt 1.177954 0.116315
vt 1.183878 0.116321
vt 1.178797 0.116674
vt 1.183108 0.128718
vt 1.181188 0.116881
vt 1.183108 0.128718
vt 1.183378 0.116857
vt 1.181188 0.116881
vt 1.18749 0.128718
vt 1.185458 0.116823
vt 1.186114 0.128718
vt 1.147294 0.116841
vt 1.146502 0.128718
vt 1.148253 0.116864
vt 1.178001 0.128718
vt 1.178797 0.116674
vt 1.176956 0.116865
vt 1.152989 0.128718
vt 1.158008 0.128718
vt 1.156939 0.11673
vt 1.150541 0.116737
vt 1.152989 0.128718
vt 1.153554 0.116728
vt 1.148253 0.116864
vt 1.148556 0.128718
vt 1.150541 0.116737
vt 1.147366 0.116649
vt 1.145374 0.128718
vt 1.147145 0.116607
vt 1.145914 0.128718
vt 1.147366 0.116649
vt 1.148086 0.116688
vt 1.170641 0.116921
vt 1.167626 0.128718
vt 1.168275 0.11652
vt 1.147257 0.128718
vt 1.148086 0.116688
vt 1.149513 0.116753
vt 1.149433 0.128718
vt 1.149513 0.116753
vt 1.151878 0.116849
vt 1.152371 0.128718
vt 1.151878 0.116849
vt 1.154724 0.116849
vt 1.155897 0.128718
vt 1.154724 0.116849
vt 1.158121 0.116864
vt 1.159771 0.128718
vt 1.158121 0.116864
vt 1.161809 0.116863
vt 1.163734 0.128718
vt 1.161809 0.116863
vt 1.165472 0.11684
vt 1.167626 0.128718
vt 1.165472 0.11684
vt 1.168275 0.11652
vt 1.185053 0.116712
vt 1.185308 0.128718
vt 1.183421 0.116853
vt 1.179245 0.128718
vt 1.176374 0.116701
vt 1.179581 0.116855
vt 1.182519 0.128718
vt 1.179581 0.116855
vt 1.182011 0.116663
vt 1.183421 0.116853
vt 1.182519 0.128718
vt 1.182011 0.116663
vt 1.145374 0.128718
vt 1.147294 0.116841
vt 1.147145 0.116607
vt 1.338985 0.128718
vt 1.336913 0.116881
vt 1.340245 0.116704
vt 1.332077 0.128718
vt 1.332894 0.116877
vt 1.334545 0.116892
vt 1.334993 0.128718
vt 1.334545 0.116892
vt 1.336913 0.116881
vt 1.343397 0.11677
vt 1.338985 0.128718
vt 1.340245 0.116704
vt 1.360012 0.116692
vt 1.364915 0.128718
vt 1.358106 0.128718
vt 1.350415 0.128718
vt 1.34701 0.116729
vt 1.349936 0.116542
vt 1.358106 0.128718
vt 1.350415 0.128718
vt 1.353034 0.116751
vt 1.364915 0.128718
vt 1.361858 0.116697
vt 1.364642 0.11673
vt 1.368761 0.128718
vt 1.364642 0.11673
vt 1.36756 0.116737
vt 1.34746 0.116921
vt 1.350475 0.128718
vt 1.349826 0.11652
vt 1.368761 0.128718
vt 1.36756 0.116737
vt 1.370821 0.128718
vt 1.350415 0.128718
vt 1.349936 0.116542
vt 1.353034 0.116751
vt 1.372483 0.128718
vt 1.370177 0.116831
vt 1.370798 0.116646
vt 1.370821 0.128718
vt 1.36756 0.116737
vt 1.370177 0.116831
vt 1.372187 0.128718
vt 1.370969 0.116695
vt 1.370016 0.116688
vt 1.370844 0.128718
vt 1.370016 0.116688
vt 1.368588 0.116753
vt 1.368668 0.128718
vt 1.368588 0.116753
vt 1.366223 0.116849
vt 1.36573 0.128718
vt 1.366223 0.116849
vt 1.363377 0.116849
vt 1.362204 0.128718
vt 1.363377 0.116849
vt 1.35998 0.116864
vt 1.35833 0.128718
vt 1.35998 0.116864
vt 1.356292 0.116863
vt 1.354367 0.128718
vt 1.356292 0.116863
vt 1.352629 0.11684
vt 1.350475 0.128718
vt 1.352629 0.11684
vt 1.349826 0.11652
vt 1.333226 0.116891
vt 1.332793 0.128718
vt 1.334664 0.116849
vt 1.338857 0.128718
vt 1.341727 0.116701
vt 1.33852 0.116855
vt 1.335582 0.128718
vt 1.33852 0.116855
vt 1.336072 0.116665
vt 1.332365 0.116753
vt 1.331281 0.128718
vt 1.333226 0.116891
vt 1.372727 0.128718
vt 1.370798 0.116646
vt 1.370969 0.116695
vt 1.148139 0.116293
vt 1.17933 0.116317
vt 1.163978 0.116307
vt 1.163978 0.116307
vt 1.153802 0.116321
vt 1.148139 0.116293
vt 1.179447 0.116313
vt 1.148139 0.116293
vt 1.165026 0.116314
vt 1.171144 0.116732
vt 1.165026 0.116314
vt 1.16742 0.116692
vt 1.183198 0.116355
vt 1.183378 0.116857
vt 1.185458 0.116823
vt 1.183198 0.116355
vt 1.181188 0.116881
vt 1.183378 0.116857
vt 1.178797 0.116674
vt 1.181188 0.116881
vt 1.179447 0.116313
vt 1.173859 0.116324
vt 1.178797 0.116674
vt 1.179447 0.116313
vt 1.174123 0.116898
vt 1.176956 0.116865
vt 1.173859 0.116324
vt 1.165026 0.116314
vt 1.160023 0.116858
vt 1.163985 0.116878
vt 1.156939 0.11673
vt 1.153906 0.116297
vt 1.153554 0.116728
vt 1.153906 0.116297
vt 1.150541 0.116737
vt 1.153554 0.116728
vt 1.150323 0.116336
vt 1.148253 0.116864
vt 1.150541 0.116737
vt 1.148139 0.116293
vt 1.149513 0.116753
vt 1.148086 0.116688
vt 1.148007 0.116341
vt 1.147294 0.116841
vt 1.148253 0.116864
vt 1.148086 0.116688
vt 1.147366 0.116649
vt 1.148139 0.116293
vt 1.340151 0.116314
vt 1.370532 0.116307
vt 1.351763 0.116319
vt 1.154724 0.116849
vt 1.151878 0.116849
vt 1.153802 0.116321
vt 1.158121 0.116864
vt 1.154724 0.116849
vt 1.158448 0.116341
vt 1.158448 0.116341
vt 1.161809 0.116863
vt 1.158121 0.116864
vt 1.163978 0.116307
vt 1.165472 0.11684
vt 1.161809 0.116863
vt 1.173461 0.116688
vt 1.170641 0.116921
vt 1.168275 0.11652
vt 1.173461 0.116688
vt 1.168275 0.11652
vt 1.1731 0.116308
vt 1.1731 0.116308
vt 1.176374 0.116701
vt 1.173461 0.116688
vt 1.17933 0.116317
vt 1.179581 0.116855
vt 1.176374 0.116701
vt 1.182011 0.116663
vt 1.179581 0.116855
vt 1.17933 0.116317
vt 1.185053 0.116712
vt 1.183421 0.116853
vt 1.183506 0.116324
vt 1.185622 0.116339
vt 1.185053 0.116712
vt 1.183506 0.116324
vt 1.185622 0.116339
vt 1.185827 0.116908
vt 1.185053 0.116712
vt 1.185622 0.116339
vt 1.186269 0.116837
vt 1.185827 0.116908
vt 1.1731 0.116308
vt 1.168275 0.11652
vt 1.163978 0.116307
vt 1.370532 0.116307
vt 1.364197 0.116298
vt 1.351763 0.116319
vt 1.340147 0.116315
vt 1.370532 0.116307
vt 1.332282 0.116309
vt 1.344497 0.128718
vt 1.341092 0.116874
vt 1.339663 0.128718
vt 1.337968 0.116849
vt 1.335089 0.116747
vt 1.335542 0.128718
vt 1.341092 0.116874
vt 1.337968 0.116849
vt 1.339663 0.128718
vt 1.371615 0.128718
vt 1.368162 0.116855
vt 1.369994 0.116911
vt 1.350236 0.116695
vt 1.346543 0.116865
vt 1.348461 0.128718
vt 1.346543 0.116865
vt 1.343606 0.116504
vt 1.344497 0.128718
vt 1.357549 0.116861
vt 1.35381 0.116842
vt 1.356282 0.128718
vt 1.360511 0.116907
vt 1.357549 0.116861
vt 1.360233 0.128718
vt 1.370006 0.116786
vt 1.368116 0.116867
vt 1.370836 0.128718
vt 1.35381 0.116842
vt 1.350236 0.116695
vt 1.352353 0.128718
vt 1.354137 0.128718
vt 1.355492 0.116692
vt 1.358268 0.128718
vt 1.372797 0.128718
vt 1.370816 0.116834
vt 1.370969 0.116695
vt 1.364308 0.116701
vt 1.362145 0.128718
vt 1.361105 0.116699
vt 1.361105 0.116699
vt 1.358268 0.128718
vt 1.357444 0.11668
vt 1.366552 0.116714
vt 1.365679 0.128718
vt 1.364308 0.116701
vt 1.369962 0.116293
vt 1.338771 0.116317
vt 1.354123 0.116307
vt 1.350413 0.128718
vt 1.3484 0.11684
vt 1.352003 0.116832
vt 1.346483 0.128718
vt 1.344667 0.116866
vt 1.3484 0.11684
vt 1.342533 0.128718
vt 1.341092 0.116874
vt 1.344667 0.116866
vt 1.338801 0.128718
vt 1.337968 0.116849
vt 1.341092 0.116874
vt 1.334795 0.128718
vt 1.335716 0.116684
vt 1.337968 0.116849
vt 1.334795 0.128718
vt 1.334161 0.116921
vt 1.335716 0.116684
vt 1.331379 0.128718
vt 1.332174 0.116903
vt 1.332951 0.11669
vt 1.354123 0.116307
vt 1.364299 0.116321
vt 1.369962 0.116293
vt 1.353559 0.116292
vt 1.332662 0.116304
vt 1.369962 0.116293
vt 1.17795 0.116314
vt 1.147569 0.116307
vt 1.165026 0.116314
vt 1.147569 0.116307
vt 1.153905 0.116298
vt 1.165026 0.116314
vt 1.177954 0.116315
vt 1.147569 0.116307
vt 1.185819 0.116309
vt 1.173604 0.128718
vt 1.177009 0.116874
vt 1.178438 0.128718
vt 1.180133 0.116849
vt 1.183012 0.116747
vt 1.182559 0.128718
vt 1.177009 0.116874
vt 1.180133 0.116849
vt 1.178438 0.128718
vt 1.161819 0.128718
vt 1.160261 0.116695
vt 1.163665 0.116909
vt 1.167872 0.116695
vt 1.171563 0.116865
vt 1.16964 0.128718
vt 1.171563 0.116865
vt 1.174496 0.116504
vt 1.173604 0.128718
vt 1.153226 0.128718
vt 1.151113 0.116847
vt 1.154153 0.11666
vt 1.154153 0.11666
vt 1.157259 0.116942
vt 1.153226 0.128718
vt 1.157259 0.116942
vt 1.160261 0.116695
vt 1.157868 0.128718
vt 1.149474 0.128718
vt 1.148674 0.11671
vt 1.151113 0.116847
vt 1.147099 0.116843
vt 1.145847 0.128718
vt 1.147926 0.11683
vt 1.146823 0.128718
vt 1.14728 0.116742
vt 1.148674 0.11671
vt 1.163665 0.116909
vt 1.167872 0.116695
vt 1.165748 0.128718
vt 1.151813 0.116688
vt 1.153226 0.128718
vt 1.153793 0.116701
vt 1.147265 0.128718
vt 1.149985 0.116867
vt 1.147926 0.11683
vt 1.149474 0.128718
vt 1.151813 0.116688
vt 1.149985 0.116867
vt 1.153226 0.128718
vt 1.156996 0.116699
vt 1.153793 0.116701
vt 1.161819 0.128718
vt 1.164292 0.116842
vt 1.160611 0.116688
vt 1.157868 0.128718
vt 1.160611 0.116688
vt 1.156996 0.116699
vt 1.173604 0.128718
vt 1.177009 0.116874
vt 1.174496 0.116504
vt 1.16964 0.128718
vt 1.171562 0.116864
vt 1.167859 0.116695
vt 1.182385 0.116684
vt 1.184909 0.128718
vt 1.183954 0.116925
vt 1.178438 0.128718
vt 1.180133 0.116849
vt 1.177009 0.116874
vt 1.173604 0.128718
vt 1.174496 0.116504
vt 1.171562 0.116864
vt 1.182559 0.128718
vt 1.182385 0.116684
vt 1.180133 0.116849
vt 1.186194 0.116645
vt 1.187989 0.128718
vt 1.186207 0.116808
vt 1.186891 0.128718
vt 1.185783 0.116531
vt 1.185151 0.11669
vt 1.187826 0.128718
vt 1.186194 0.116645
vt 1.185783 0.116531
vt 1.361105 0.116699
vt 1.364197 0.116298
vt 1.364308 0.116701
vt 1.165748 0.128718
vt 1.167859 0.116695
vt 1.164292 0.116842
vt 1.33326 0.116342
vt 1.331908 0.116645
vt 1.332282 0.116309
vt 1.332951 0.11669
vt 1.332174 0.116903
vt 1.33326 0.116342
vt 1.33326 0.116342
vt 1.334161 0.116921
vt 1.332951 0.11669
vt 1.336933 0.116345
vt 1.335716 0.116684
vt 1.33326 0.116342
vt 1.336933 0.116345
vt 1.337968 0.116849
vt 1.335716 0.116684
vt 1.341092 0.116874
vt 1.337968 0.116849
vt 1.340151 0.116314
vt 1.344667 0.116866
vt 1.341092 0.116874
vt 1.344947 0.116341
vt 1.344947 0.116341
vt 1.3484 0.11684
vt 1.344667 0.116866
vt 1.351763 0.116319
vt 1.352003 0.116832
vt 1.3484 0.11684
vt 1.355492 0.116692
vt 1.352003 0.116832
vt 1.351763 0.116319
vt 1.357444 0.11668
vt 1.355492 0.116692
vt 1.359585 0.116308
vt 1.359585 0.116308
vt 1.361105 0.116699
vt 1.357444 0.11668
vt 1.364197 0.116298
vt 1.366552 0.116714
vt 1.364308 0.116701
vt 1.367778 0.116336
vt 1.369994 0.116911
vt 1.368162 0.116855
vt 1.370816 0.116834
vt 1.370532 0.116307
vt 1.370969 0.116695
vt 1.370094 0.116341
vt 1.370816 0.116834
vt 1.369994 0.116911
vt 1.370532 0.116307
vt 1.370006 0.116786
vt 1.370969 0.116695
vt 1.357549 0.116861
vt 1.353075 0.116314
vt 1.35381 0.116842
vt 1.36884 0.116331
vt 1.368116 0.116867
vt 1.370006 0.116786
vt 1.367133 0.116336
vt 1.366093 0.116831
vt 1.368116 0.116867
vt 1.363403 0.116844
vt 1.366093 0.116831
vt 1.364298 0.116319
vt 1.360511 0.116907
vt 1.363403 0.116844
vt 1.359653 0.116341
vt 1.357549 0.116861
vt 1.360511 0.116907
vt 1.359653 0.116341
vt 1.361858 0.116697
vt 1.364195 0.116297
vt 1.364642 0.11673
vt 1.34639 0.116324
vt 1.350236 0.116695
vt 1.353075 0.116314
vt 1.343606 0.116504
vt 1.346543 0.116865
vt 1.34639 0.116324
vt 1.340147 0.116315
vt 1.337968 0.116849
vt 1.341092 0.116874
vt 1.335089 0.116747
vt 1.337968 0.116849
vt 1.336869 0.116385
vt 1.334223 0.116321
vt 1.335089 0.116747
vt 1.336869 0.116385
vt 1.332975 0.116848
vt 1.335089 0.116747
vt 1.334223 0.116321
vt 1.332847 0.116335
vt 1.331895 0.116808
vt 1.332975 0.116848
vt 1.343606 0.116504
vt 1.34639 0.116324
vt 1.340147 0.116315
vt 1.332894 0.116877
vt 1.331995 0.116668
vt 1.332662 0.116304
vt 1.334903 0.116355
vt 1.334545 0.116892
vt 1.332894 0.116877
vt 1.334903 0.116355
vt 1.336913 0.116881
vt 1.334545 0.116892
vt 1.340245 0.116704
vt 1.336913 0.116881
vt 1.338771 0.116318
vt 1.343397 0.11677
vt 1.340245 0.116704
vt 1.345001 0.116308
vt 1.345001 0.116308
vt 1.34701 0.116729
vt 1.343397 0.11677
vt 1.357117 0.116715
vt 1.353034 0.116751
vt 1.353559 0.116292
vt 1.360012 0.116692
vt 1.357117 0.116715
vt 1.359585 0.116308
vt 1.359585 0.116308
vt 1.361858 0.116697
vt 1.360012 0.116692
vt 1.364195 0.116297
vt 1.36756 0.116737
vt 1.364642 0.11673
vt 1.367778 0.116336
vt 1.370177 0.116831
vt 1.36756 0.116737
vt 1.369962 0.116293
vt 1.368588 0.116753
vt 1.370016 0.116688
vt 1.370533 0.116311
vt 1.370798 0.116646
vt 1.369509 0.116385
vt 1.370533 0.116311
vt 1.370969 0.116695
vt 1.370798 0.116646
vt 1.370016 0.116688
vt 1.370969 0.116695
vt 1.369962 0.116293
vt 1.156996 0.116699
vt 1.153905 0.116298
vt 1.153793 0.116701
vt 1.363377 0.116849
vt 1.366223 0.116849
vt 1.364299 0.116321
vt 1.35998 0.116864
vt 1.363377 0.116849
vt 1.359653 0.116341
vt 1.359653 0.116341
vt 1.356292 0.116863
vt 1.35998 0.116864
vt 1.354123 0.116307
vt 1.352629 0.11684
vt 1.356292 0.116863
vt 1.34464 0.116688
vt 1.34746 0.116921
vt 1.349826 0.11652
vt 1.34464 0.116688
vt 1.349826 0.11652
vt 1.345001 0.116308
vt 1.345001 0.116308
vt 1.341727 0.116701
vt 1.34464 0.116688
vt 1.338771 0.116317
vt 1.33852 0.116855
vt 1.341727 0.116701
vt 1.336072 0.116665
vt 1.33852 0.116855
vt 1.338771 0.116317
vt 1.333226 0.116891
vt 1.334664 0.116849
vt 1.334595 0.116324
vt 1.332479 0.116339
vt 1.332365 0.116753
vt 1.334595 0.116324
vt 1.332479 0.116339
vt 1.331832 0.116837
vt 1.332365 0.116753
vt 1.345001 0.116308
vt 1.349826 0.11652
vt 1.354123 0.116307
vt 1.185783 0.116531
vt 1.186194 0.116645
vt 1.185819 0.116309
vt 1.184085 0.116322
vt 1.185151 0.11669
vt 1.185783 0.116531
vt 1.184085 0.116322
vt 1.183954 0.116925
vt 1.185151 0.11669
vt 1.181168 0.116345
vt 1.182385 0.116684
vt 1.184085 0.116322
vt 1.181168 0.116345
vt 1.180133 0.116849
vt 1.182385 0.116684
vt 1.177009 0.116874
vt 1.180133 0.116849
vt 1.17795 0.116314
vt 1.171711 0.116324
vt 1.171562 0.116864
vt 1.174496 0.116504
vt 1.165026 0.116314
vt 1.167859 0.116695
vt 1.171711 0.116324
vt 1.160611 0.116688
vt 1.164292 0.116842
vt 1.165026 0.116314
vt 1.158517 0.116308
vt 1.156996 0.116699
vt 1.160611 0.116688
vt 1.153905 0.116298
vt 1.151813 0.116688
vt 1.153793 0.116701
vt 1.150323 0.116336
vt 1.147926 0.11683
vt 1.149985 0.116867
vt 1.149262 0.116331
vt 1.14728 0.116742
vt 1.147569 0.116307
vt 1.148007 0.116341
vt 1.147099 0.116843
vt 1.147926 0.11683
vt 1.14728 0.116742
vt 1.147099 0.116843
vt 1.147569 0.116307
vt 1.149262 0.116331
vt 1.151113 0.116847
vt 1.148674 0.11671
vt 1.160261 0.116695
vt 1.157259 0.116942
vt 1.158494 0.116323
vt 1.165026 0.116314
vt 1.163665 0.116909
vt 1.160261 0.116695
vt 1.171711 0.116324
vt 1.167872 0.116695
vt 1.165026 0.116314
vt 1.174496 0.116504
vt 1.171563 0.116865
vt 1.171711 0.116324
vt 1.177954 0.116315
vt 1.180133 0.116849
vt 1.177009 0.116874
vt 1.183012 0.116747
vt 1.180133 0.116849
vt 1.181233 0.116385
vt 1.183878 0.116321
vt 1.183012 0.116747
vt 1.181233 0.116385
vt 1.185126 0.116848
vt 1.183012 0.116747
vt 1.183878 0.116321
vt 1.185254 0.116335
vt 1.186207 0.116808
vt 1.185126 0.116848
vt 1.174496 0.116504
vt 1.171711 0.116324
vt 1.177954 0.116315
vt 1.390417 0.134899
vt 1.390386 0.135055
vt 1.387305 0.131054
vt 1.394654 0.145335
vt 1.392261 0.139718
vt 1.392996 0.139718
vt 1.392996 0.139718
vt 1.392261 0.139718
vt 1.389662 0.135055
vt 1.390386 0.135055
vt 1.389662 0.135055
vt 1.386605 0.13105
vt 1.393498 0.145333
vt 1.391058 0.13971
vt 1.392261 0.139718
vt 1.392261 0.139718
vt 1.391058 0.13971
vt 1.388475 0.13505
vt 1.389662 0.135055
vt 1.388475 0.13505
vt 1.385422 0.131046
vt 1.391058 0.13971
vt 1.389743 0.140358
vt 1.386761 0.135038
vt 1.388475 0.13505
vt 1.386761 0.135038
vt 1.383823 0.131094
vt 1.389743 0.140358
vt 1.387169 0.14046
vt 1.384401 0.134999
vt 1.386761 0.135038
vt 1.384401 0.134999
vt 1.381479 0.131045
vt 1.387169 0.14046
vt 1.384619 0.139611
vt 1.382133 0.134979
vt 1.382133 0.134979
vt 1.379197 0.132609
vt 1.381479 0.131045
vt 1.379641 0.139541
vt 1.376798 0.14018
vt 1.373968 0.134899
vt 1.377251 0.134927
vt 1.373968 0.134899
vt 1.371337 0.131001
vt 1.373968 0.134899
vt 1.367661 0.132996
vt 1.367581 0.130977
vt 1.36398 0.137269
vt 1.361838 0.132966
vt 1.367661 0.132996
vt 1.360032 0.141799
vt 1.358253 0.137062
vt 1.36398 0.137269
vt 1.358253 0.137062
vt 1.356288 0.132815
vt 1.361838 0.132966
vt 1.353784 0.141822
vt 1.352167 0.137072
vt 1.358253 0.137062
vt 1.352167 0.137072
vt 1.350399 0.132826
vt 1.356288 0.132815
vt 1.350399 0.132826
vt 1.345923 0.130193
vt 1.355901 0.130136
vt 1.347215 0.141779
vt 1.345754 0.137088
vt 1.352167 0.137072
vt 1.345754 0.137088
vt 1.344177 0.132841
vt 1.350399 0.132826
vt 1.337477 0.141835
vt 1.33613 0.137104
vt 1.345754 0.137088
vt 1.33613 0.137104
vt 1.334808 0.132858
vt 1.344177 0.132841
vt 1.333521 0.130206
vt 1.345923 0.130193
vt 1.344177 0.132841
vt 1.324781 0.141835
vt 1.323566 0.137129
vt 1.33613 0.137104
vt 1.323566 0.137129
vt 1.322833 0.133968
vt 1.334808 0.132858
vt 1.311741 0.141904
vt 1.310707 0.137149
vt 1.323566 0.137129
vt 1.310707 0.137149
vt 1.309898 0.132901
vt 1.322833 0.133968
vt 1.297774 0.141869
vt 1.296936 0.137144
vt 1.310707 0.137149
vt 1.296936 0.137144
vt 1.290105 0.132896
vt 1.309898 0.132901
vt 1.290105 0.132896
vt 1.289241 0.130274
vt 1.307936 0.129135
vt 1.283756 0.141912
vt 1.282882 0.137129
vt 1.296936 0.137144
vt 1.26516 0.141763
vt 1.264937 0.136926
vt 1.282882 0.137129
vt 1.264854 0.132764
vt 1.290105 0.132896
vt 1.282882 0.137129
vt 1.264854 0.132764
vt 1.263995 0.12914
vt 1.289241 0.130274
vt 1.26516 0.141763
vt 1.248743 0.141835
vt 1.249388 0.137073
vt 1.264937 0.136926
vt 1.249388 0.137073
vt 1.249584 0.132878
vt 1.249584 0.132878
vt 1.249394 0.129129
vt 1.263995 0.12914
vt 1.248743 0.141835
vt 1.234321 0.141817
vt 1.235219 0.137057
vt 1.249388 0.137073
vt 1.235219 0.137057
vt 1.235625 0.132873
vt 1.235625 0.132873
vt 1.228816 0.130284
vt 1.249394 0.129129
vt 1.234321 0.141817
vt 1.220296 0.14173
vt 1.221153 0.137035
vt 1.235219 0.137057
vt 1.221153 0.137035
vt 1.221754 0.132863
vt 1.220296 0.14173
vt 1.206325 0.141724
vt 1.207372 0.137007
vt 1.221153 0.137035
vt 1.207372 0.137007
vt 1.208182 0.132849
vt 1.221754 0.132863
vt 1.208182 0.132849
vt 1.206833 0.129103
vt 1.206325 0.141724
vt 1.193292 0.1416
vt 1.194508 0.136948
vt 1.207372 0.137007
vt 1.194508 0.136948
vt 1.195238 0.133863
vt 1.193292 0.1416
vt 1.180585 0.141558
vt 1.181941 0.136895
vt 1.194508 0.136948
vt 1.181941 0.136895
vt 1.183257 0.13278
vt 1.180585 0.141558
vt 1.170841 0.141468
vt 1.172322 0.136851
vt 1.181941 0.136895
vt 1.172322 0.136851
vt 1.174754 0.131719
vt 1.170841 0.141468
vt 1.164263 0.14149
vt 1.165915 0.136815
vt 1.172322 0.136851
vt 1.165915 0.136815
vt 1.167677 0.132728
vt 1.158008 0.141457
vt 1.158321 0.136769
vt 1.165915 0.136815
vt 1.165915 0.136815
vt 1.158321 0.136769
vt 1.160334 0.132698
vt 1.167677 0.132728
vt 1.160334 0.132698
vt 1.162202 0.130086
vt 1.158321 0.136769
vt 1.151523 0.136952
vt 1.153751 0.132839
vt 1.160334 0.132698
vt 1.153751 0.132839
vt 1.155637 0.130176
vt 1.144967 0.141478
vt 1.147476 0.135588
vt 1.151523 0.136952
vt 1.140806 0.141457
vt 1.143505 0.135598
vt 1.147476 0.135588
vt 1.143505 0.135598
vt 1.145704 0.130665
vt 1.150523 0.130908
vt 1.139584 0.136782
vt 1.143505 0.135598
vt 1.140806 0.141457
vt 1.134631 0.141488
vt 1.135753 0.136803
vt 1.139584 0.136782
vt 1.135753 0.136803
vt 1.138435 0.132738
vt 1.142177 0.132719
vt 1.140696 0.130139
vt 1.145704 0.130665
vt 1.142177 0.132719
vt 1.132366 0.136833
vt 1.135753 0.136803
vt 1.132396 0.141458
vt 1.132366 0.136833
vt 1.135112 0.132763
vt 1.138435 0.132738
vt 1.135112 0.132763
vt 1.137423 0.130179
vt 1.140696 0.130139
vt 1.127676 0.141549
vt 1.129993 0.136863
vt 1.132366 0.136833
vt 1.129993 0.136863
vt 1.132776 0.132787
vt 1.135112 0.132763
vt 1.132776 0.132787
vt 1.136614 0.129062
vt 1.137423 0.130179
vt 1.125925 0.14154
vt 1.128267 0.13687
vt 1.129993 0.136863
vt 1.128267 0.13687
vt 1.130427 0.132791
vt 1.132776 0.132787
vt 1.132773 0.130218
vt 1.136614 0.129062
vt 1.132776 0.132787
vt 1.124697 0.141581
vt 1.127072 0.13687
vt 1.128267 0.13687
vt 1.123957 0.141533
vt 1.126343 0.136865
vt 1.127072 0.13687
vt 1.129179 0.132794
vt 1.130427 0.132791
vt 1.127072 0.13687
vt 1.129179 0.132794
vt 1.131459 0.130082
vt 1.132773 0.130218
vt 1.123849 0.141423
vt 1.12631 0.136692
vt 1.126343 0.136865
vt 1.12631 0.136692
vt 1.129149 0.132668
vt 1.129179 0.132794
vt 1.123849 0.141423
vt 1.124697 0.14158
vt 1.127073 0.13687
vt 1.127073 0.13687
vt 1.130427 0.132792
vt 1.129149 0.132668
vt 1.129149 0.132668
vt 1.130427 0.132792
vt 1.132857 0.13017
vt 1.124697 0.14158
vt 1.125925 0.141541
vt 1.128267 0.136872
vt 1.125925 0.141541
vt 1.127677 0.141552
vt 1.130659 0.135698
vt 1.127677 0.141552
vt 1.130113 0.141473
vt 1.132368 0.136843
vt 1.132398 0.141464
vt 1.135758 0.136816
vt 1.132368 0.136843
vt 1.132368 0.136843
vt 1.135758 0.136816
vt 1.13844 0.132747
vt 1.135114 0.13277
vt 1.13844 0.132747
vt 1.1407 0.130142
vt 1.134635 0.141494
vt 1.137414 0.141428
vt 1.139588 0.136797
vt 1.135758 0.136816
vt 1.139588 0.136797
vt 1.142182 0.132728
vt 1.142182 0.132728
vt 1.14571 0.130663
vt 1.1407 0.130142
vt 1.14081 0.141463
vt 1.143509 0.13561
vt 1.139588 0.136797
vt 1.14081 0.141463
vt 1.144969 0.141482
vt 1.147478 0.135595
vt 1.143509 0.13561
vt 1.147478 0.135595
vt 1.150517 0.130915
vt 1.144969 0.141482
vt 1.151019 0.141482
vt 1.151529 0.13695
vt 1.158342 0.136757
vt 1.160353 0.13269
vt 1.153757 0.132838
vt 1.160353 0.13269
vt 1.162208 0.130091
vt 1.155643 0.130174
vt 1.165951 0.136796
vt 1.158342 0.136757
vt 1.158021 0.14145
vt 1.165951 0.136796
vt 1.167713 0.132715
vt 1.160353 0.13269
vt 1.167713 0.132715
vt 1.172188 0.130155
vt 1.162208 0.130091
vt 1.170866 0.141457
vt 1.17237 0.13683
vt 1.165951 0.136796
vt 1.17237 0.13683
vt 1.173939 0.132737
vt 1.167713 0.132715
vt 1.180622 0.141549
vt 1.182004 0.136875
vt 1.17237 0.13683
vt 1.182004 0.136875
vt 1.183319 0.132767
vt 1.173939 0.132737
vt 1.184595 0.130171
vt 1.172188 0.130155
vt 1.173939 0.132737
vt 1.193328 0.141593
vt 1.194573 0.136929
vt 1.182004 0.136875
vt 1.194573 0.136929
vt 1.195303 0.13385
vt 1.183319 0.132767
vt 1.206356 0.141715
vt 1.20744 0.136986
vt 1.194573 0.136929
vt 1.20744 0.136986
vt 1.208251 0.132835
vt 1.195303 0.13385
vt 1.220325 0.141724
vt 1.22122 0.137022
vt 1.20744 0.136986
vt 1.22122 0.137022
vt 1.228088 0.132856
vt 1.208251 0.132835
vt 1.228088 0.132856
vt 1.228904 0.130261
vt 1.211014 0.128692
vt 1.234345 0.141813
vt 1.235282 0.137046
vt 1.22122 0.137022
vt 1.248762 0.141831
vt 1.249434 0.137063
vt 1.235282 0.137046
vt 1.24963 0.132871
vt 1.228088 0.132856
vt 1.235282 0.137046
vt 1.24963 0.132871
vt 1.253728 0.129077
vt 1.228904 0.130261
vt 1.265164 0.141763
vt 1.26494 0.136918
vt 1.249434 0.137063
vt 1.26494 0.136918
vt 1.264858 0.132758
vt 1.24963 0.132871
vt 1.264858 0.132758
vt 1.264975 0.130181
vt 1.253728 0.129077
vt 1.265164 0.141763
vt 1.283737 0.141908
vt 1.282839 0.137122
vt 1.282839 0.137122
vt 1.290074 0.132892
vt 1.264858 0.132758
vt 1.264858 0.132758
vt 1.290074 0.132892
vt 1.289276 0.130295
vt 1.283737 0.141908
vt 1.297762 0.141866
vt 1.296916 0.137139
vt 1.297762 0.141866
vt 1.311743 0.141903
vt 1.310714 0.13715
vt 1.39303 0.139504
vt 1.392996 0.139718
vt 1.390386 0.135055
vt 1.296916 0.137139
vt 1.310714 0.13715
vt 1.309906 0.132902
vt 1.309906 0.132902
vt 1.311305 0.129123
vt 1.289276 0.130295
vt 1.311743 0.141903
vt 1.324795 0.141837
vt 1.32359 0.137135
vt 1.310714 0.13715
vt 1.32359 0.137135
vt 1.322855 0.133972
vt 1.324795 0.141837
vt 1.337497 0.14184
vt 1.336161 0.137115
vt 1.32359 0.137135
vt 1.336161 0.137115
vt 1.334839 0.132865
vt 1.337497 0.14184
vt 1.34723 0.141785
vt 1.34578 0.137101
vt 1.336161 0.137115
vt 1.34578 0.137101
vt 1.344202 0.132849
vt 1.334839 0.132865
vt 1.344202 0.132849
vt 1.342769 0.130211
vt 1.34723 0.141785
vt 1.353794 0.141827
vt 1.352185 0.137082
vt 1.34578 0.137101
vt 1.352185 0.137082
vt 1.350416 0.132833
vt 1.344202 0.132849
vt 1.350416 0.132833
vt 1.3477 0.12904
vt 1.353794 0.141827
vt 1.360037 0.141802
vt 1.358261 0.137068
vt 1.352185 0.137082
vt 1.358261 0.137068
vt 1.356296 0.132819
vt 1.356296 0.132819
vt 1.355901 0.13013
vt 1.3477 0.12904
vt 1.360037 0.141802
vt 1.36512 0.145305
vt 1.363984 0.137268
vt 1.358261 0.137068
vt 1.363984 0.137268
vt 1.361842 0.132965
vt 1.367666 0.13299
vt 1.361842 0.132965
vt 1.363984 0.137268
vt 1.375175 0.137104
vt 1.370077 0.137066
vt 1.37306 0.141885
vt 1.375175 0.137104
vt 1.372679 0.132838
vt 1.367666 0.13299
vt 1.38031 0.141582
vt 1.378501 0.137136
vt 1.375175 0.137104
vt 1.378501 0.137136
vt 1.375913 0.132859
vt 1.372679 0.132838
vt 1.38339 0.14196
vt 1.381223 0.137169
vt 1.378501 0.137136
vt 1.381223 0.137169
vt 1.379205 0.132597
vt 1.375913 0.132859
vt 1.377409 0.130195
vt 1.37222 0.130188
vt 1.375913 0.132859
vt 1.387172 0.140451
vt 1.384404 0.134986
vt 1.382138 0.134966
vt 1.38148 0.131041
vt 1.379205 0.132597
vt 1.382138 0.134966
vt 1.387417 0.136006
vt 1.383823 0.131089
vt 1.38148 0.131041
vt 1.388475 0.135044
vt 1.385421 0.131046
vt 1.383823 0.131089
vt 1.392261 0.139715
vt 1.391057 0.139702
vt 1.393498 0.145333
vt 1.392261 0.139715
vt 1.389661 0.135052
vt 1.388475 0.135044
vt 1.389661 0.135052
vt 1.386609 0.131058
vt 1.385421 0.131046
vt 1.395364 0.145333
vt 1.39303 0.139504
vt 1.392261 0.139715
vt 1.39303 0.139504
vt 1.390417 0.134899
vt 1.389661 0.135052
vt 1.390417 0.134899
vt 1.387372 0.131002
vt 1.386609 0.131058
vt 1.38227 0.127585
vt 1.208316 0.127584
vt 1.20235 0.127578
vt 1.37385 0.127722
vt 1.370123 0.128073
vt 1.372885 0.128391
vt 1.274742 0.127742
vt 1.277097 0.128474
vt 1.299127 0.128495
vt 1.192231 0.127637
vt 1.180846 0.127859
vt 1.180976 0.128389
vt 1.180846 0.127859
vt 1.171662 0.127635
vt 1.171791 0.128385
vt 1.135353 0.127636
vt 1.136034 0.127728
vt 1.133872 0.128439
vt 1.144258 0.127717
vt 1.149468 0.127623
vt 1.147428 0.128355
vt 1.149468 0.127623
vt 1.155695 0.127876
vt 1.153791 0.128418
vt 1.180963 0.128389
vt 1.180828 0.127743
vt 1.191168 0.127627
vt 1.32678 0.127708
vt 1.325145 0.128405
vt 1.313718 0.128425
vt 1.32678 0.127708
vt 1.336893 0.127639
vt 1.337228 0.128403
vt 1.336893 0.127639
vt 1.351506 0.127852
vt 1.347317 0.1284
vt 1.361669 0.127627
vt 1.362068 0.128372
vt 1.355691 0.128395
vt 1.325537 0.127585
vt 1.25404 0.127582
vt 1.274742 0.127742
vt 1.388387 0.163422
vt 1.385556 0.163284
vt 1.383406 0.152445
vt 1.382217 0.164986
vt 1.378076 0.165103
vt 1.375981 0.158737
vt 1.353482 0.17376
vt 1.347742 0.163878
vt 1.357237 0.159164
vt 1.24854 0.173757
vt 1.242938 0.158879
vt 1.266467 0.162776
vt 1.202336 0.173757
vt 1.204911 0.158415
vt 1.219516 0.158439
vt 1.202336 0.173757
vt 1.189112 0.173755
vt 1.191338 0.160418
vt 1.189112 0.173755
vt 1.179466 0.173756
vt 1.176553 0.164784
vt 1.167264 0.173758
vt 1.159036 0.173754
vt 1.160846 0.160086
vt 1.159036 0.173754
vt 1.152793 0.173756
vt 1.154342 0.160046
vt 1.152793 0.173756
vt 1.147035 0.173756
vt 1.148266 0.160261
vt 1.143142 0.173758
vt 1.141616 0.159377
vt 1.148266 0.160261
vt 1.11726 0.173756
vt 1.118925 0.158845
vt 1.119123 0.158601
vt 1.143142 0.173758
vt 1.147033 0.173756
vt 1.148268 0.160256
vt 1.152789 0.173756
vt 1.154346 0.160037
vt 1.148268 0.160256
vt 1.159025 0.173754
vt 1.162003 0.16066
vt 1.154346 0.160037
vt 1.1891 0.173755
vt 1.191346 0.160412
vt 1.176542 0.164774
vt 1.20233 0.173757
vt 1.204912 0.158418
vt 1.191346 0.160412
vt 1.219513 0.15844
vt 1.204912 0.158418
vt 1.20233 0.173757
vt 1.248539 0.173757
vt 1.26505 0.173759
vt 1.266464 0.162773
vt 1.353482 0.17376
vt 1.362561 0.173756
vt 1.357238 0.159163
vt 1.397524 0.163789
vt 1.395599 0.152443
vt 1.393967 0.152444
vt 0.571269 0.123275
vt 0.570944 0.137575
vt 0.570452 0.137191
vt 0.570944 0.137575
vt 0.570296 0.149127
vt 0.569855 0.149064
vt 0.567839 0.166118
vt 0.567364 0.166341
vt 0.568512 0.160724
vt 0.56444 0.177863
vt 0.562679 0.182565
vt 0.567364 0.166341
vt 0.562832 0.18362
vt 0.561596 0.189074
vt 0.561189 0.189163
vt 0.561596 0.189074
vt 0.560564 0.195265
vt 0.560298 0.195052
vt 0.570726 0.122206
vt 0.570452 0.137191
vt 0.569599 0.137188
vt 0.570452 0.137191
vt 0.569855 0.149064
vt 0.569065 0.149055
vt 0.568512 0.160724
vt 0.567364 0.166341
vt 0.566674 0.166329
vt 0.567364 0.166341
vt 0.562679 0.182565
vt 0.562896 0.178452
vt 0.561189 0.189163
vt 0.560342 0.189194
vt 0.561503 0.183768
vt 0.561189 0.189163
vt 0.560298 0.195052
vt 0.559274 0.195364
vt 0.569802 0.122524
vt 0.569599 0.137188
vt 0.568764 0.137144
vt 0.569599 0.137188
vt 0.569065 0.149055
vt 0.568293 0.149028
vt 0.569065 0.149055
vt 0.568694 0.156056
vt 0.567392 0.158669
vt 0.567786 0.160709
vt 0.566674 0.166329
vt 0.565998 0.166312
vt 0.568764 0.137144
vt 0.567545 0.137269
vt 0.567593 0.123061
vt 0.568764 0.137144
vt 0.568293 0.149028
vt 0.567158 0.14909
vt 0.568293 0.149028
vt 0.567392 0.158669
vt 0.566606 0.156057
vt 0.565998 0.166312
vt 0.56499 0.166339
vt 0.566023 0.160722
vt 0.562896 0.178452
vt 0.560655 0.182513
vt 0.56499 0.166339
vt 0.561503 0.183768
vt 0.560342 0.189194
vt 0.559289 0.189151
vt 0.559274 0.195364
vt 0.558282 0.195176
vt 0.559289 0.189151
vt 0.567545 0.137269
vt 0.565518 0.137382
vt 0.565485 0.12365
vt 0.567545 0.137269
vt 0.567158 0.14909
vt 0.565836 0.149048
vt 0.566606 0.156057
vt 0.565072 0.158671
vt 0.565836 0.149048
vt 0.566023 0.160722
vt 0.56499 0.166339
vt 0.563816 0.166318
vt 0.56499 0.166339
vt 0.560655 0.182513
vt 0.559672 0.182533
vt 0.559289 0.189151
vt 0.557927 0.189174
vt 0.559672 0.182533
vt 0.559289 0.189151
vt 0.558282 0.195176
vt 0.557344 0.195215
vt 0.565836 0.149048
vt 0.565072 0.158671
vt 0.56389 0.158677
vt 0.565072 0.158671
vt 0.563816 0.166318
vt 0.562689 0.166328
vt 0.563816 0.166318
vt 0.559672 0.182533
vt 0.55874 0.182528
vt 0.565485 0.12365
vt 0.565518 0.137382
vt 0.563297 0.137286
vt 0.564607 0.149062
vt 0.56301 0.149098
vt 0.563297 0.137286
vt 0.564607 0.149062
vt 0.56389 0.158677
vt 0.562335 0.158695
vt 0.56389 0.158677
vt 0.562689 0.166328
vt 0.561206 0.166346
vt 0.562689 0.166328
vt 0.55874 0.182528
vt 0.557533 0.18252
vt 0.55874 0.182528
vt 0.557927 0.189174
vt 0.556381 0.189154
vt 0.556458 0.195234
vt 0.555316 0.195236
vt 0.556381 0.189154
vt 0.563297 0.137286
vt 0.56301 0.149098
vt 0.561012 0.148769
vt 0.56301 0.149098
vt 0.562335 0.158695
vt 0.560368 0.158479
vt 0.562335 0.158695
vt 0.561206 0.166346
vt 0.55934 0.166159
vt 0.561206 0.166346
vt 0.557533 0.18252
vt 0.556023 0.182433
vt 0.557533 0.18252
vt 0.556381 0.189154
vt 0.554956 0.189167
vt 0.556381 0.189154
vt 0.555316 0.195236
vt 0.554245 0.19481
vt 0.561012 0.148769
vt 0.559203 0.149099
vt 0.558459 0.137435
vt 0.560368 0.158479
vt 0.55856 0.158697
vt 0.559203 0.149099
vt 0.55934 0.166159
vt 0.557598 0.166341
vt 0.55856 0.158697
vt 0.556023 0.182433
vt 0.553713 0.182532
vt 0.557598 0.166341
vt 0.554956 0.189167
vt 0.552807 0.189174
vt 0.553713 0.182532
vt 0.554245 0.19481
vt 0.552329 0.195211
vt 0.552807 0.189174
vt 0.55856 0.158697
vt 0.556683 0.158695
vt 0.557315 0.149098
vt 0.557598 0.166341
vt 0.555788 0.166346
vt 0.556683 0.158695
vt 0.554001 0.137382
vt 0.554488 0.123293
vt 0.558085 0.123355
vt 0.554624 0.149062
vt 0.554001 0.137382
vt 0.558459 0.137435
vt 0.556683 0.158695
vt 0.554006 0.158677
vt 0.554624 0.149062
vt 0.555788 0.166346
vt 0.553191 0.166328
vt 0.554006 0.158677
vt 0.550961 0.182528
vt 0.553191 0.166328
vt 0.555788 0.166346
vt 0.552807 0.189174
vt 0.549291 0.189174
vt 0.550961 0.182528
vt 0.550265 0.195234
vt 0.549291 0.189174
vt 0.552807 0.189174
vt 0.554006 0.158677
vt 0.551307 0.158671
vt 0.551901 0.149048
vt 0.553191 0.166328
vt 0.55055 0.166318
vt 0.551307 0.158671
vt 0.550961 0.182528
vt 0.548656 0.182533
vt 0.55055 0.166318
vt 0.548618 0.137269
vt 0.549218 0.12278
vt 0.554488 0.123293
vt 0.551901 0.149048
vt 0.548004 0.14909
vt 0.548618 0.137269
vt 0.547599 0.156057
vt 0.548004 0.14909
vt 0.551901 0.149048
vt 0.55055 0.166318
vt 0.546807 0.166339
vt 0.547291 0.160722
vt 0.548656 0.182533
vt 0.545335 0.182513
vt 0.546807 0.166339
vt 0.544773 0.189151
vt 0.545335 0.182513
vt 0.548656 0.182533
vt 0.548152 0.195215
vt 0.544993 0.195176
vt 0.544773 0.189151
vt 0.651063 0.507439
vt 0.578818 0.506553
vt 0.606125 0.356617
vt 0.594635 0.626023
vt 0.578818 0.506553
vt 0.651063 0.507439
vt 0.640787 0.696897
vt 0.589958 0.723246
vt 0.594635 0.626023
vt 0.541975 0.166312
vt 0.542558 0.158669
vt 0.547291 0.160722
vt 0.539403 0.178452
vt 0.541975 0.166312
vt 0.546807 0.166339
vt 0.544773 0.189151
vt 0.538632 0.189194
vt 0.538939 0.183768
vt 0.538818 0.195216
vt 0.538632 0.189194
vt 0.544773 0.189151
vt 0.589958 0.723246
vt 0.540726 0.723444
vt 0.544502 0.626288
vt 1.397524 0.163794
vt 1.395166 0.161825
vt 1.393968 0.152444
vt 0.541975 0.166312
vt 0.537163 0.166329
vt 0.537676 0.158689
vt 0.469134 0.506642
vt 0.472302 0.353896
vt 0.554315 0.355685
vt 0.544502 0.626288
vt 0.465848 0.626375
vt 0.469134 0.506642
vt 0.46388 0.696791
vt 0.465848 0.626375
vt 0.544502 0.626288
vt 0.537163 0.166329
vt 0.529678 0.166341
vt 0.529921 0.160724
vt 0.539403 0.178452
vt 0.529211 0.182565
vt 0.529678 0.166341
vt 0.528961 0.189163
vt 0.529211 0.182565
vt 0.538939 0.183768
vt 0.528773 0.195314
vt 0.528961 0.189163
vt 0.538632 0.189194
vt 0.530577 0.13719
vt 0.520364 0.137662
vt 0.52197 0.122148
vt 0.465848 0.626375
vt 0.365353 0.629292
vt 0.366142 0.511393
vt 0.46388 0.696791
vt 0.364793 0.725308
vt 0.365353 0.629292
vt 0.520149 0.166497
vt 0.52023 0.158874
vt 0.529921 0.160724
vt 0.529211 0.182565
vt 0.520007 0.182593
vt 0.520149 0.166497
vt 0.528961 0.189163
vt 0.518057 0.189069
vt 0.520007 0.182593
vt 0.528773 0.195314
vt 0.518057 0.195284
vt 0.518057 0.189069
vt 0.520364 0.137662
vt 0.520286 0.149353
vt 0.514309 0.149124
vt 0.365353 0.629292
vt 0.364793 0.725308
vt 0.305942 0.723885
vt 0.52023 0.158874
vt 0.520149 0.166497
vt 0.514505 0.166372
vt 0.520149 0.166497
vt 0.520007 0.182593
vt 0.514649 0.182531
vt 0.514249 0.137299
vt 0.505537 0.13719
vt 0.505292 0.122204
vt 0.304471 0.507734
vt 0.305074 0.626982
vt 0.2199 0.626376
vt 0.305074 0.626982
vt 0.305942 0.723885
vt 0.221866 0.696791
vt 0.514505 0.166372
vt 0.506436 0.166341
vt 0.506193 0.160724
vt 0.514505 0.166372
vt 0.514649 0.182531
vt 0.506902 0.182565
vt 0.514649 0.182531
vt 0.518057 0.189069
vt 0.507153 0.189163
vt 0.518057 0.189069
vt 0.518057 0.195284
vt 0.507358 0.19532
vt 0.214141 0.355511
vt 0.216613 0.506643
vt 0.136397 0.506619
vt 0.216613 0.506643
vt 0.2199 0.626376
vt 0.141247 0.626289
vt 0.221866 0.696791
vt 0.145022 0.723444
vt 0.141247 0.626289
vt 0.506193 0.160724
vt 0.506436 0.166341
vt 0.498951 0.166329
vt 0.506436 0.166341
vt 0.506902 0.182565
vt 0.496711 0.178452
vt 0.507153 0.189163
vt 0.497482 0.189194
vt 0.497174 0.183768
vt 0.507153 0.189163
vt 0.507358 0.19532
vt 0.497844 0.195312
vt 0.132277 0.358734
vt 0.136397 0.506619
vt 0.085439 0.506174
vt 0.136397 0.506619
vt 0.141247 0.626289
vt 0.091113 0.626022
vt 0.141247 0.626289
vt 0.145022 0.723444
vt 0.095789 0.723246
vt 0.498437 0.158689
vt 0.498951 0.166329
vt 0.494139 0.166312
vt 0.085439 0.506174
vt 0.034682 0.50744
vt 0.029332 0.364146
vt 0.085439 0.506174
vt 0.091113 0.626022
vt 0.04087 0.626639
vt 0.091113 0.626022
vt 0.095789 0.723246
vt 0.044958 0.696899
vt 0.494139 0.166312
vt 0.489306 0.166339
vt 0.488823 0.160722
vt 0.496711 0.178452
vt 0.490779 0.182513
vt 0.489306 0.166339
vt 0.497174 0.183768
vt 0.497482 0.189194
vt 0.49134 0.189151
vt 0.497482 0.189194
vt 0.497844 0.195312
vt 0.49176 0.195146
vt 0.487496 0.13727
vt 0.482113 0.137382
vt 0.481672 0.123649
vt 0.487496 0.13727
vt 0.48811 0.14909
vt 0.484212 0.149048
vt 0.488515 0.156057
vt 0.484806 0.158671
vt 0.484212 0.149048
vt 0.488823 0.160722
vt 0.489306 0.166339
vt 0.485563 0.166318
vt 0.489306 0.166339
vt 0.490779 0.182513
vt 0.487458 0.182533
vt 0.49134 0.189151
vt 0.486823 0.189174
vt 0.487458 0.182533
vt 0.49134 0.189151
vt 0.49176 0.195146
vt 0.487332 0.195141
vt 0.484212 0.149048
vt 0.484806 0.158671
vt 0.482107 0.158677
vt 0.484806 0.158671
vt 0.485563 0.166318
vt 0.482922 0.166328
vt 0.485563 0.166318
vt 0.487458 0.182533
vt 0.485153 0.182528
vt 0.481672 0.123649
vt 0.482113 0.137382
vt 0.478336 0.137286
vt 0.48149 0.149062
vt 0.478798 0.149098
vt 0.478336 0.137286
vt 0.48149 0.149062
vt 0.482107 0.158677
vt 0.479431 0.158695
vt 0.482107 0.158677
vt 0.482922 0.166328
vt 0.480326 0.166346
vt 0.482922 0.166328
vt 0.485153 0.182528
vt 0.482965 0.18252
vt 0.485153 0.182528
vt 0.486823 0.189174
vt 0.483836 0.189154
vt 0.486823 0.189174
vt 0.487332 0.195141
vt 0.484421 0.19516
vt 0.478336 0.137286
vt 0.478798 0.149098
vt 0.476249 0.148769
vt 0.478798 0.149098
vt 0.479431 0.158695
vt 0.476886 0.158479
vt 0.479431 0.158695
vt 0.480326 0.166346
vt 0.477867 0.166159
vt 0.480326 0.166346
vt 0.482965 0.18252
vt 0.480973 0.182433
vt 0.482965 0.18252
vt 0.483836 0.189154
vt 0.48198 0.189167
vt 0.483836 0.189154
vt 0.484421 0.19516
vt 0.482617 0.195156
vt 0.476249 0.148769
vt 0.474564 0.149099
vt 0.473288 0.137435
vt 0.476886 0.158479
vt 0.475216 0.158697
vt 0.474564 0.149099
vt 0.477867 0.166159
vt 0.476282 0.166341
vt 0.475216 0.158697
vt 0.480973 0.182433
vt 0.478943 0.182532
vt 0.476282 0.166341
vt 0.48198 0.189167
vt 0.480069 0.189174
vt 0.478943 0.182532
vt 0.482617 0.195156
vt 0.480772 0.195157
vt 0.480069 0.189174
vt 0.475216 0.158697
vt 0.473779 0.158695
vt 0.473103 0.149098
vt 0.476282 0.166341
vt 0.474908 0.166346
vt 0.473779 0.158695
vt 0.470596 0.137382
vt 0.47065 0.123294
vt 0.472863 0.123355
vt 0.471507 0.149062
vt 0.470596 0.137382
vt 0.473288 0.137435
vt 0.473779 0.158695
vt 0.472224 0.158677
vt 0.471507 0.149062
vt 0.474908 0.166346
vt 0.473424 0.166328
vt 0.472224 0.158677
vt 0.477374 0.182528
vt 0.473424 0.166328
vt 0.474908 0.166346
vt 0.480069 0.189174
vt 0.478186 0.189174
vt 0.477374 0.182528
vt 0.480772 0.195157
vt 0.478969 0.195141
vt 0.478186 0.189174
vt 0.472224 0.158677
vt 0.471042 0.158671
vt 0.470277 0.149048
vt 0.473424 0.166328
vt 0.472298 0.166318
vt 0.471042 0.158671
vt 0.477374 0.182528
vt 0.476442 0.182533
vt 0.472298 0.166318
vt 0.468568 0.137269
vt 0.46854 0.12278
vt 0.47065 0.123294
vt 0.470277 0.149048
vt 0.468956 0.14909
vt 0.468568 0.137269
vt 0.469508 0.156057
vt 0.468956 0.14909
vt 0.470277 0.149048
vt 0.472298 0.166318
vt 0.471124 0.166339
vt 0.47009 0.160722
vt 0.476442 0.182533
vt 0.475459 0.182513
vt 0.471124 0.166339
vt 0.476824 0.189151
vt 0.475459 0.182513
vt 0.476442 0.182533
vt 0.478969 0.195141
vt 0.477689 0.195155
vt 0.476824 0.189151
vt 0.467349 0.137144
vt 0.46723 0.122314
vt 0.46854 0.12278
vt 0.468956 0.14909
vt 0.46782 0.149028
vt 0.467349 0.137144
vt 0.469508 0.156057
vt 0.468721 0.158669
vt 0.46782 0.149028
vt 0.470116 0.166312
vt 0.468721 0.158669
vt 0.47009 0.160722
vt 0.473218 0.178452
vt 0.470116 0.166312
vt 0.471124 0.166339
vt 0.476824 0.189151
vt 0.475772 0.189194
vt 0.474611 0.183768
vt 0.476975 0.195305
vt 0.475772 0.189194
vt 0.476824 0.189151
vt 0.467349 0.137144
vt 0.466515 0.137188
vt 0.466321 0.122221
vt 0.46782 0.149028
vt 0.467048 0.149055
vt 0.466515 0.137188
vt 0.468721 0.158669
vt 0.467419 0.156056
vt 0.467048 0.149055
vt 0.470116 0.166312
vt 0.46944 0.166329
vt 0.468327 0.160709
vt 0.466515 0.137188
vt 0.465662 0.137191
vt 0.465391 0.122023
vt 0.467048 0.149055
vt 0.466258 0.149064
vt 0.465662 0.137191
vt 0.46944 0.166329
vt 0.46875 0.166341
vt 0.467601 0.160724
vt 0.473218 0.178452
vt 0.473435 0.182565
vt 0.46875 0.166341
vt 0.474924 0.189163
vt 0.473435 0.182565
vt 0.474611 0.183768
vt 0.476297 0.195509
vt 0.475819 0.195069
vt 0.474924 0.189163
vt 0.465185 0.137303
vt 0.464875 0.12148
vt 0.465391 0.122023
vt 0.466258 0.149064
vt 0.465807 0.149298
vt 0.465185 0.137303
vt 0.468447 0.16675
vt 0.467148 0.160901
vt 0.467601 0.160724
vt 0.471674 0.177863
vt 0.468447 0.16675
vt 0.46875 0.166341
vt 0.474924 0.189163
vt 0.474518 0.189074
vt 0.473281 0.18362
vt 0.475819 0.195069
vt 0.475543 0.195232
vt 0.474518 0.189074
vt 0.464845 0.123275
vt 0.46517 0.137575
vt 0.465662 0.137191
vt 0.46517 0.137575
vt 0.465817 0.149127
vt 0.466258 0.149064
vt 0.468274 0.166118
vt 0.46875 0.166341
vt 0.467601 0.160724
vt 0.471674 0.177863
vt 0.473435 0.182565
vt 0.46875 0.166341
vt 0.473281 0.18362
vt 0.474518 0.189074
vt 0.474924 0.189163
vt 0.475543 0.195232
vt 0.475921 0.195316
vt 0.474924 0.189163
vt 0.465387 0.122205
vt 0.465662 0.137191
vt 0.466515 0.137188
vt 0.465662 0.137191
vt 0.466258 0.149064
vt 0.467048 0.149055
vt 0.467601 0.160724
vt 0.46875 0.166341
vt 0.46944 0.166329
vt 0.46875 0.166341
vt 0.473435 0.182565
vt 0.473218 0.178452
vt 0.474924 0.189163
vt 0.475772 0.189194
vt 0.474611 0.183768
vt 0.475921 0.195316
vt 0.476751 0.195209
vt 0.475772 0.189194
vt 0.466312 0.122524
vt 0.466515 0.137188
vt 0.467349 0.137144
vt 0.466515 0.137188
vt 0.467048 0.149055
vt 0.46782 0.149028
vt 0.467048 0.149055
vt 0.467419 0.156056
vt 0.468721 0.158669
vt 0.468327 0.160709
vt 0.46944 0.166329
vt 0.470116 0.166312
vt 0.467349 0.137144
vt 0.468568 0.137269
vt 0.46852 0.123061
vt 0.467349 0.137144
vt 0.46782 0.149028
vt 0.468956 0.14909
vt 0.46782 0.149028
vt 0.468721 0.158669
vt 0.469508 0.156057
vt 0.470116 0.166312
vt 0.471124 0.166339
vt 0.47009 0.160722
vt 0.473218 0.178452
vt 0.475459 0.182513
vt 0.471124 0.166339
vt 0.474611 0.183768
vt 0.475772 0.189194
vt 0.476824 0.189151
vt 0.476751 0.195209
vt 0.477831 0.195176
vt 0.476824 0.189151
vt 0.468568 0.137269
vt 0.470596 0.137382
vt 0.470629 0.123649
vt 0.468568 0.137269
vt 0.468956 0.14909
vt 0.470277 0.149048
vt 0.469508 0.156057
vt 0.471042 0.158671
vt 0.470277 0.149048
vt 0.47009 0.160722
vt 0.471124 0.166339
vt 0.472298 0.166318
vt 0.471124 0.166339
vt 0.475459 0.182513
vt 0.476442 0.182533
vt 0.476824 0.189151
vt 0.478186 0.189174
vt 0.476442 0.182533
vt 0.476824 0.189151
vt 0.477831 0.195176
vt 0.47877 0.195215
vt 0.470277 0.149048
vt 0.471042 0.158671
vt 0.472224 0.158677
vt 0.471042 0.158671
vt 0.472298 0.166318
vt 0.473424 0.166328
vt 0.472298 0.166318
vt 0.476442 0.182533
vt 0.477374 0.182528
vt 0.470629 0.123649
vt 0.470596 0.137382
vt 0.472817 0.137286
vt 0.471507 0.149062
vt 0.473103 0.149098
vt 0.472817 0.137286
vt 0.471507 0.149062
vt 0.472224 0.158677
vt 0.473779 0.158695
vt 0.472224 0.158677
vt 0.473424 0.166328
vt 0.474908 0.166346
vt 0.473424 0.166328
vt 0.477374 0.182528
vt 0.47858 0.18252
vt 0.477374 0.182528
vt 0.478186 0.189174
vt 0.479732 0.189154
vt 0.479656 0.195248
vt 0.480797 0.195236
vt 0.479732 0.189154
vt 0.472817 0.137286
vt 0.473103 0.149098
vt 0.475102 0.148769
vt 0.473103 0.149098
vt 0.473779 0.158695
vt 0.475746 0.158479
vt 0.473779 0.158695
vt 0.474908 0.166346
vt 0.476774 0.166159
vt 0.474908 0.166346
vt 0.47858 0.18252
vt 0.480091 0.182433
vt 0.47858 0.18252
vt 0.479732 0.189154
vt 0.481158 0.189167
vt 0.480797 0.195236
vt 0.482201 0.195156
vt 0.481158 0.189167
vt 0.475102 0.148769
vt 0.476911 0.149099
vt 0.477655 0.137435
vt 0.475746 0.158479
vt 0.477553 0.158697
vt 0.476911 0.149099
vt 0.476774 0.166159
vt 0.478515 0.166341
vt 0.477553 0.158697
vt 0.480091 0.182433
vt 0.482401 0.182532
vt 0.478515 0.166341
vt 0.481158 0.189167
vt 0.483306 0.189174
vt 0.482401 0.182532
vt 0.477553 0.158697
vt 0.479431 0.158695
vt 0.478798 0.149098
vt 0.478515 0.166341
vt 0.480326 0.166346
vt 0.479431 0.158695
vt 0.482113 0.137382
vt 0.481625 0.123293
vt 0.478028 0.123355
vt 0.48149 0.149062
vt 0.482113 0.137382
vt 0.477655 0.137435
vt 0.479431 0.158695
vt 0.482107 0.158677
vt 0.48149 0.149062
vt 0.480326 0.166346
vt 0.482922 0.166328
vt 0.482107 0.158677
vt 0.485153 0.182528
vt 0.482922 0.166328
vt 0.480326 0.166346
vt 0.483306 0.189174
vt 0.486823 0.189174
vt 0.485153 0.182528
vt 0.485846 0.195251
vt 0.486823 0.189174
vt 0.483306 0.189174
vt 0.482107 0.158677
vt 0.484806 0.158671
vt 0.484213 0.149048
vt 0.482922 0.166328
vt 0.485564 0.166318
vt 0.484806 0.158671
vt 0.485153 0.182528
vt 0.487458 0.182533
vt 0.485564 0.166318
vt 0.487496 0.13727
vt 0.486895 0.12278
vt 0.481625 0.123293
vt 0.484213 0.149048
vt 0.48811 0.14909
vt 0.487496 0.13727
vt 0.488515 0.156056
vt 0.48811 0.14909
vt 0.484213 0.149048
vt 0.485564 0.166318
vt 0.489306 0.166339
vt 0.488823 0.160722
vt 0.487458 0.182533
vt 0.490779 0.182513
vt 0.489306 0.166339
vt 0.49134 0.189151
vt 0.490779 0.182513
vt 0.487458 0.182533
vt 0.48796 0.195245
vt 0.491738 0.194881
vt 0.49134 0.189151
vt 0.492529 0.137144
vt 0.491952 0.122314
vt 0.486895 0.12278
vt 0.48811 0.14909
vt 0.493092 0.149028
vt 0.492529 0.137144
vt 0.488515 0.156056
vt 0.493555 0.158669
vt 0.493092 0.149028
vt 0.494139 0.166312
vt 0.493555 0.158669
vt 0.488823 0.160722
vt 0.49671 0.178452
vt 0.494139 0.166312
vt 0.489306 0.166339
vt 0.49134 0.189151
vt 0.497482 0.189194
vt 0.497174 0.183768
vt 0.491738 0.194881
vt 0.498692 0.195235
vt 0.497482 0.189194
vt 0.492529 0.137144
vt 0.497582 0.137188
vt 0.49709 0.122221
vt 0.493092 0.149028
vt 0.498063 0.149055
vt 0.497582 0.137188
vt 0.493555 0.158669
vt 0.498437 0.158689
vt 0.498063 0.149055
vt 0.494139 0.166312
vt 0.498951 0.166329
vt 0.498437 0.158689
vt 0.497582 0.137188
vt 0.505537 0.13719
vt 0.505222 0.122044
vt 0.498063 0.149055
vt 0.505862 0.149063
vt 0.505537 0.13719
vt 0.506058 0.156046
vt 0.505862 0.149063
vt 0.498063 0.149055
vt 0.498951 0.166329
vt 0.506436 0.166341
vt 0.506193 0.160724
vt 0.49671 0.178452
vt 0.506902 0.182565
vt 0.506436 0.166341
vt 0.507153 0.189163
vt 0.506902 0.182565
vt 0.497174 0.183768
vt 0.498692 0.195235
vt 0.508671 0.195289
vt 0.507153 0.189163
vt 0.505537 0.13719
vt 0.515749 0.137662
vt 0.514143 0.122148
vt 0.505862 0.149063
vt 0.515828 0.149353
vt 0.515749 0.137662
vt 0.506058 0.156046
vt 0.515883 0.158874
vt 0.515828 0.149353
vt 0.515965 0.166497
vt 0.515883 0.158874
vt 0.506193 0.160724
vt 0.506902 0.182565
vt 0.516107 0.182593
vt 0.515965 0.166497
vt 0.507153 0.189163
vt 0.518057 0.189069
vt 0.516107 0.182593
vt 0.508671 0.195289
vt 0.518296 0.195345
vt 0.518057 0.189069
vt 0.515749 0.137662
vt 0.515828 0.149353
vt 0.521805 0.149124
vt 0.515828 0.149353
vt 0.515883 0.158874
vt 0.521719 0.158733
vt 0.515883 0.158874
vt 0.515965 0.166497
vt 0.521608 0.166372
vt 0.515965 0.166497
vt 0.516107 0.182593
vt 0.521464 0.182531
vt 0.521865 0.137299
vt 0.530577 0.13719
vt 0.530822 0.122204
vt 0.521865 0.137299
vt 0.521805 0.149124
vt 0.530251 0.149063
vt 0.521805 0.149124
vt 0.521719 0.158733
vt 0.530056 0.156046
vt 0.521608 0.166372
vt 0.529678 0.166341
vt 0.529921 0.160724
vt 0.521608 0.166372
vt 0.521464 0.182531
vt 0.529211 0.182565
vt 0.521464 0.182531
vt 0.518057 0.189069
vt 0.52896 0.189163
vt 0.518296 0.195345
vt 0.528774 0.195317
vt 0.52896 0.189163
vt 0.530822 0.122204
vt 0.530577 0.13719
vt 0.538531 0.137188
vt 0.530577 0.13719
vt 0.530251 0.149063
vt 0.53805 0.149055
vt 0.530056 0.156046
vt 0.537676 0.158689
vt 0.53805 0.149055
vt 0.529921 0.160724
vt 0.529678 0.166341
vt 0.537162 0.166329
vt 0.529678 0.166341
vt 0.529211 0.182565
vt 0.539403 0.178452
vt 0.52896 0.189163
vt 0.538632 0.189194
vt 0.538939 0.183768
vt 0.528774 0.195317
vt 0.538816 0.195233
vt 0.538632 0.189194
vt 0.53894 0.122524
vt 0.538531 0.137188
vt 0.543585 0.137144
vt 0.538531 0.137188
vt 0.53805 0.149055
vt 0.543022 0.149028
vt 0.53805 0.149055
vt 0.537676 0.158689
vt 0.542558 0.158669
vt 0.537676 0.158689
vt 0.537162 0.166329
vt 0.541975 0.166312
vt 0.543585 0.137144
vt 0.548618 0.13727
vt 0.549148 0.12306
vt 0.543585 0.137144
vt 0.543022 0.149028
vt 0.548004 0.14909
vt 0.543022 0.149028
vt 0.542558 0.158669
vt 0.547599 0.156057
vt 0.541975 0.166312
vt 0.546807 0.166339
vt 0.547291 0.160722
vt 0.539403 0.178452
vt 0.545335 0.182513
vt 0.546807 0.166339
vt 0.538939 0.183768
vt 0.538632 0.189194
vt 0.544773 0.189151
vt 0.538816 0.195233
vt 0.544993 0.195176
vt 0.544773 0.189151
vt 0.548618 0.13727
vt 0.554001 0.137382
vt 0.554441 0.123649
vt 0.548618 0.13727
vt 0.548004 0.14909
vt 0.551902 0.149048
vt 0.547599 0.156057
vt 0.551308 0.158671
vt 0.551902 0.149048
vt 0.547291 0.160722
vt 0.546807 0.166339
vt 0.550551 0.166318
vt 0.546807 0.166339
vt 0.545335 0.182513
vt 0.548656 0.182533
vt 0.544773 0.189151
vt 0.549291 0.189174
vt 0.548656 0.182533
vt 0.544773 0.189151
vt 0.544993 0.195176
vt 0.548152 0.195215
vt 0.551902 0.149048
vt 0.551308 0.158671
vt 0.554007 0.158677
vt 0.551308 0.158671
vt 0.550551 0.166318
vt 0.553192 0.166328
vt 0.550551 0.166318
vt 0.548656 0.182533
vt 0.550961 0.182528
vt 0.554441 0.123649
vt 0.554001 0.137382
vt 0.557777 0.137286
vt 0.554624 0.149062
vt 0.557315 0.149098
vt 0.557777 0.137286
vt 0.554624 0.149062
vt 0.554007 0.158677
vt 0.556683 0.158695
vt 0.554007 0.158677
vt 0.553192 0.166328
vt 0.555788 0.166346
vt 0.553192 0.166328
vt 0.550961 0.182528
vt 0.553148 0.18252
vt 0.550961 0.182528
vt 0.549291 0.189174
vt 0.552277 0.189154
vt 0.550265 0.195234
vt 0.552215 0.195236
vt 0.552277 0.189154
vt 0.557777 0.137286
vt 0.557315 0.149098
vt 0.559865 0.148769
vt 0.557315 0.149098
vt 0.556683 0.158695
vt 0.559228 0.158479
vt 0.556683 0.158695
vt 0.555788 0.166346
vt 0.558247 0.166159
vt 0.555788 0.166346
vt 0.553148 0.18252
vt 0.55514 0.182433
vt 0.553148 0.18252
vt 0.552277 0.189154
vt 0.554134 0.189167
vt 0.552215 0.195236
vt 0.554007 0.195314
vt 0.554134 0.189167
vt 0.559865 0.148769
vt 0.56155 0.149098
vt 0.562826 0.137435
vt 0.559228 0.158479
vt 0.560898 0.158697
vt 0.56155 0.149098
vt 0.558247 0.166159
vt 0.559832 0.166341
vt 0.560898 0.158697
vt 0.55514 0.182433
vt 0.557171 0.182532
vt 0.559832 0.166341
vt 0.554134 0.189167
vt 0.556045 0.189174
vt 0.557171 0.182532
vt 0.560898 0.158697
vt 0.562335 0.158695
vt 0.56301 0.149098
vt 0.559832 0.166341
vt 0.561206 0.166346
vt 0.562335 0.158695
vt 0.565518 0.137382
vt 0.565463 0.123293
vt 0.563251 0.123355
vt 0.564607 0.149062
vt 0.565518 0.137382
vt 0.562826 0.137435
vt 0.562335 0.158695
vt 0.56389 0.158677
vt 0.564607 0.149062
vt 0.561206 0.166346
vt 0.562689 0.166328
vt 0.56389 0.158677
vt 0.55874 0.182528
vt 0.562689 0.166328
vt 0.561206 0.166346
vt 0.556045 0.189174
vt 0.557927 0.189174
vt 0.55874 0.182528
vt 0.55566 0.195181
vt 0.557135 0.195182
vt 0.557927 0.189174
vt 0.56389 0.158677
vt 0.565072 0.158671
vt 0.565836 0.149048
vt 0.562689 0.166328
vt 0.563816 0.166318
vt 0.565072 0.158671
vt 0.55874 0.182528
vt 0.559672 0.182533
vt 0.563816 0.166318
vt 0.567545 0.137269
vt 0.567573 0.12278
vt 0.565463 0.123293
vt 0.565836 0.149048
vt 0.567158 0.14909
vt 0.567545 0.137269
vt 0.566606 0.156057
vt 0.567158 0.14909
vt 0.565836 0.149048
vt 0.563816 0.166318
vt 0.56499 0.166339
vt 0.566023 0.160722
vt 0.559672 0.182533
vt 0.560655 0.182513
vt 0.56499 0.166339
vt 0.559289 0.189151
vt 0.560655 0.182513
vt 0.559672 0.182533
vt 0.558404 0.195008
vt 0.559289 0.189151
vt 0.557927 0.189174
vt 0.568764 0.137144
vt 0.568883 0.122314
vt 0.567573 0.12278
vt 0.567158 0.14909
vt 0.568293 0.149028
vt 0.568764 0.137144
vt 0.566606 0.156057
vt 0.567392 0.158669
vt 0.568293 0.149028
vt 0.565998 0.166312
vt 0.567392 0.158669
vt 0.566023 0.160722
vt 0.562896 0.178452
vt 0.565998 0.166312
vt 0.56499 0.166339
vt 0.559289 0.189151
vt 0.560342 0.189194
vt 0.561503 0.183768
vt 0.55919 0.195434
vt 0.560342 0.189194
vt 0.559289 0.189151
vt 0.568764 0.137144
vt 0.569599 0.137188
vt 0.569793 0.122221
vt 0.568293 0.149028
vt 0.569065 0.149055
vt 0.569599 0.137188
vt 0.567392 0.158669
vt 0.568694 0.156056
vt 0.569065 0.149055
vt 0.565998 0.166312
vt 0.566674 0.166329
vt 0.567786 0.160709
vt 0.569599 0.137188
vt 0.570452 0.137191
vt 0.570723 0.122023
vt 0.569065 0.149055
vt 0.569855 0.149064
vt 0.570452 0.137191
vt 0.566674 0.166329
vt 0.567364 0.166341
vt 0.568512 0.160724
vt 0.562896 0.178452
vt 0.562679 0.182565
vt 0.567364 0.166341
vt 0.561189 0.189163
vt 0.562679 0.182565
vt 0.561503 0.183768
vt 0.560235 0.195146
vt 0.561189 0.189163
vt 0.560342 0.189194
vt 0.570929 0.137303
vt 0.571238 0.12148
vt 0.570723 0.122023
vt 0.569855 0.149064
vt 0.570307 0.149298
vt 0.570929 0.137303
vt 0.567667 0.16675
vt 0.568965 0.160901
vt 0.568512 0.160724
vt 0.56444 0.177863
vt 0.567667 0.16675
vt 0.567364 0.166341
vt 0.561189 0.189163
vt 0.561596 0.189074
vt 0.562832 0.18362
vt 0.560235 0.195146
vt 0.560564 0.195265
vt 0.561596 0.189074
vt 0.568894 0.122757
vt 0.568011 0.105381
vt 0.570109 0.105381
vt 0.56531 0.105381
vt 0.568011 0.105381
vt 0.567593 0.123061
vt 0.562817 0.123996
vt 0.561852 0.105381
vt 0.56531 0.105381
vt 0.560356 0.12285
vt 0.558085 0.123355
vt 0.557218 0.105381
vt 0.214141 0.355511
vt 0.210387 0.185857
vt 0.33212 0.185857
vt 0.132277 0.358734
vt 0.098293 0.185857
vt 0.210387 0.185857
vt 0.02641 0.185857
vt 0.098293 0.185857
vt 0.080337 0.36108
vt 0.481466 0.105381
vt 0.486676 0.105381
vt 0.486965 0.12306
vt 0.477963 0.105381
vt 0.481466 0.105381
vt 0.481672 0.123649
vt 0.472863 0.123355
vt 0.47065 0.123294
vt 0.470895 0.105381
vt 0.46854 0.12278
vt 0.468715 0.105381
vt 0.470895 0.105381
vt 0.46723 0.122314
vt 0.46686 0.105381
vt 0.468715 0.105381
vt 0.466321 0.122221
vt 0.465391 0.122023
vt 0.465398 0.105381
vt 0.464875 0.12148
vt 0.464749 0.105381
vt 0.465398 0.105381
vt 0.552329 0.195211
vt 0.554245 0.19481
vt 0.554667 0.200285
vt 0.482956 0.200285
vt 0.482617 0.195156
vt 0.484421 0.19516
vt 0.480772 0.195157
vt 0.482617 0.195156
vt 0.482956 0.200285
vt 0.478969 0.195141
vt 0.480772 0.195157
vt 0.481076 0.200284
vt 0.477689 0.195155
vt 0.478969 0.195141
vt 0.479328 0.200285
vt 0.478111 0.200285
vt 0.477132 0.200285
vt 0.476975 0.195305
vt 0.467488 0.105381
vt 0.466004 0.105381
vt 0.466312 0.122524
vt 0.475758 0.12285
vt 0.476814 0.105381
vt 0.473921 0.105381
vt 0.478028 0.123355
vt 0.481625 0.123293
vt 0.482375 0.105381
vt 0.476751 0.195209
vt 0.475921 0.195316
vt 0.476467 0.200285
vt 0.477831 0.195176
vt 0.476751 0.195209
vt 0.477269 0.200284
vt 0.47877 0.195215
vt 0.477831 0.195176
vt 0.478354 0.200285
vt 0.530822 0.122204
vt 0.531194 0.105381
vt 0.519123 0.105381
vt 0.53894 0.122524
vt 0.54231 0.105381
vt 0.531194 0.105381
vt 0.549438 0.105381
vt 0.54231 0.105381
vt 0.54409 0.122756
vt 0.554648 0.105381
vt 0.549438 0.105381
vt 0.549148 0.12306
vt 0.558151 0.105381
vt 0.554648 0.105381
vt 0.554441 0.123649
vt 0.563251 0.123355
vt 0.565463 0.123293
vt 0.565219 0.105381
vt 0.567573 0.12278
vt 0.567398 0.105381
vt 0.565219 0.105381
vt 0.568883 0.122314
vt 0.569253 0.105381
vt 0.567398 0.105381
vt 0.569793 0.122221
vt 0.570723 0.122023
vt 0.570716 0.105381
vt 0.571238 0.12148
vt 0.571365 0.105381
vt 0.570716 0.105381
vt 0.480797 0.195236
vt 0.479656 0.195248
vt 0.479751 0.200285
vt 1.178797 0.116674
vt 1.178001 0.128718
vt 1.183108 0.128718
vt 1.147294 0.116841
vt 1.145558 0.128718
vt 1.146502 0.128718
vt 1.148253 0.116864
vt 1.146502 0.128718
vt 1.148556 0.128718
vt 1.147366 0.116649
vt 1.145914 0.128718
vt 1.145374 0.128718
vt 1.170641 0.116921
vt 1.171565 0.128718
vt 1.167626 0.128718
vt 1.185053 0.116712
vt 1.18682 0.128718
vt 1.185308 0.128718
vt 1.145374 0.128718
vt 1.145558 0.128718
vt 1.147294 0.116841
vt 1.338985 0.128718
vt 1.334993 0.128718
vt 1.336913 0.116881
vt 1.343397 0.11677
vt 1.34375 0.128718
vt 1.338985 0.128718
vt 1.360012 0.116692
vt 1.361858 0.116697
vt 1.364915 0.128718
vt 1.368761 0.128718
vt 1.364915 0.128718
vt 1.364642 0.11673
vt 1.34746 0.116921
vt 1.346537 0.128718
vt 1.350475 0.128718
vt 1.333226 0.116891
vt 1.331281 0.128718
vt 1.332793 0.128718
vt 1.372727 0.128718
vt 1.372483 0.128718
vt 1.370798 0.116646
vt 1.148139 0.116293
vt 1.185439 0.116304
vt 1.17933 0.116317
vt 1.179447 0.116313
vt 1.185439 0.116304
vt 1.148139 0.116293
vt 1.171144 0.116732
vt 1.173859 0.116324
vt 1.165026 0.116314
vt 1.165026 0.116314
vt 1.159193 0.116324
vt 1.160023 0.116858
vt 1.156939 0.11673
vt 1.159193 0.116324
vt 1.153906 0.116297
vt 1.153906 0.116297
vt 1.150323 0.116336
vt 1.150541 0.116737
vt 1.150323 0.116336
vt 1.148007 0.116341
vt 1.148253 0.116864
vt 1.148139 0.116293
vt 1.150735 0.116366
vt 1.149513 0.116753
vt 1.340151 0.116314
vt 1.332282 0.116309
vt 1.370532 0.116307
vt 1.340147 0.116315
vt 1.353075 0.116314
vt 1.370532 0.116307
vt 1.344497 0.128718
vt 1.343606 0.116504
vt 1.341092 0.116874
vt 1.371615 0.128718
vt 1.36929 0.128718
vt 1.368162 0.116855
vt 1.364308 0.116701
vt 1.365679 0.128718
vt 1.362145 0.128718
vt 1.361105 0.116699
vt 1.362145 0.128718
vt 1.358268 0.128718
vt 1.366552 0.116714
vt 1.36929 0.128718
vt 1.365679 0.128718
vt 1.369962 0.116293
vt 1.332662 0.116304
vt 1.338771 0.116317
vt 1.353559 0.116292
vt 1.338771 0.116318
vt 1.332662 0.116304
vt 1.17795 0.116314
vt 1.185819 0.116309
vt 1.147569 0.116307
vt 1.177954 0.116315
vt 1.165026 0.116314
vt 1.147569 0.116307
vt 1.173604 0.128718
vt 1.174496 0.116504
vt 1.177009 0.116874
vt 1.161819 0.128718
vt 1.157868 0.128718
vt 1.160261 0.116695
vt 1.153226 0.128718
vt 1.149474 0.128718
vt 1.151113 0.116847
vt 1.149474 0.128718
vt 1.146823 0.128718
vt 1.148674 0.11671
vt 1.147099 0.116843
vt 1.145376 0.128718
vt 1.145847 0.128718
vt 1.151813 0.116688
vt 1.149474 0.128718
vt 1.153226 0.128718
vt 1.173604 0.128718
vt 1.178438 0.128718
vt 1.177009 0.116874
vt 1.182385 0.116684
vt 1.182559 0.128718
vt 1.184909 0.128718
vt 1.186194 0.116645
vt 1.187826 0.128718
vt 1.187989 0.128718
vt 1.361105 0.116699
vt 1.359585 0.116308
vt 1.364197 0.116298
vt 1.364197 0.116298
vt 1.367778 0.116336
vt 1.366552 0.116714
vt 1.367778 0.116336
vt 1.370094 0.116341
vt 1.369994 0.116911
vt 1.370816 0.116834
vt 1.370094 0.116341
vt 1.370532 0.116307
vt 1.370532 0.116307
vt 1.36884 0.116331
vt 1.370006 0.116786
vt 1.357549 0.116861
vt 1.359653 0.116341
vt 1.353075 0.116314
vt 1.361858 0.116697
vt 1.359585 0.116308
vt 1.364195 0.116297
vt 1.364195 0.116297
vt 1.367778 0.116336
vt 1.36756 0.116737
vt 1.367778 0.116336
vt 1.369509 0.116385
vt 1.370177 0.116831
vt 1.369962 0.116293
vt 1.367366 0.116366
vt 1.368588 0.116753
vt 1.156996 0.116699
vt 1.158517 0.116308
vt 1.153905 0.116298
vt 1.153905 0.116298
vt 1.150323 0.116336
vt 1.151813 0.116688
vt 1.150323 0.116336
vt 1.148007 0.116341
vt 1.147926 0.11683
vt 1.149262 0.116331
vt 1.148674 0.11671
vt 1.14728 0.116742
vt 1.149262 0.116331
vt 1.151747 0.116308
vt 1.151113 0.116847
f 19/1 16/2 280/3
f 24/4 18/5 23/6
f 22/7 19/8 21/9
f 23/10 20/11 22/12
f 25/13 21/14 282/15
f 26/16 22/17 25/18
f 27/19 23/20 26/21
f 25/22 282/23 283/24
f 34/25 28/26 31/27
f 35/28 29/29 34/30
f 34/31 31/32 33/33
f 36/34 32/35 35/36
f 36/37 35/38 39/39
f 36/40 39/41 43/42
f 53/43 57/44 58/45
f 58/46 61/47 62/48
f 81/49 77/50 80/51
f 88/52 84/53 87/54
f 92/55 88/56 91/57
f 99/58 95/59 98/60
f 102/61 100/62 101/63
f 106/64 109/65 110/66
f 112/67 114/68 115/69
f 147/70 144/71 146/72
f 151/73 147/74 150/75
f 154/76 150/77 153/78
f 155/79 151/80 154/81
f 158/82 156/83 157/84
f 166/85 163/86 165/87
f 172/88 168/89 171/90
f 173/91 169/92 172/93
f 171/94 170/95 175/96
f 187/97 191/98 192/99
f 192/100 195/101 196/102
f 214/103 211/104 213/105
f 222/106 218/107 221/108
f 226/109 222/110 225/111
f 238/112 236/113 241/114
f 240/115 237/116 239/117
f 240/118 239/119 244/120
f 246/121 249/122 254/123
f 255/124 364/125 257/126
f 256/127 257/128 258/129
f 262/130 265/131 266/132
f 265/133 367/134 268/135
f 266/136 268/137 269/138
f 285/139 31/140 284/141
f 287/142 40/143 37/144
f 33/145 285/146 286/147
f 279/148 16/149 278/150
f 280/151 281/152 21/153
f 287/154 288/155 44/156
f 294/157 295/158 63/159
f 288/160 289/161 44/162
f 65/163 295/164 296/165
f 290/166 47/167 289/168
f 290/169 291/170 51/171
f 291/172 292/173 51/174
f 294/175 59/176 293/177
f 292/178 293/179 55/180
f 276/181 277/182 13/183
f 277/184 278/185 13/186
f 279/187 280/188 16/189
f 284/190 28/191 283/192
f 21/193 281/194 282/195
f 31/196 285/197 33/198
f 44/199 40/200 287/201
f 33/202 286/203 37/204
f 47/205 44/206 289/207
f 51/208 47/209 290/210
f 55/211 51/212 292/213
f 55/214 293/215 59/216
f 63/217 295/218 65/219
f 59/220 294/221 63/222
f 65/223 296/224 69/225
f 69/226 296/227 297/228
f 309/229 310/230 101/231
f 309/232 100/233 308/234
f 101/235 310/236 311/237
f 108/238 311/239 312/240
f 303/241 304/242 89/243
f 302/244 303/245 85/246
f 96/247 307/248 308/249
f 96/250 306/251 307/252
f 306/253 93/254 305/255
f 304/256 305/257 89/258
f 312/259 313/260 111/261
f 313/262 314/263 111/264
f 315/265 316/266 117/267
f 315/268 113/269 314/270
f 316/271 317/272 118/273
f 321/274 322/275 136/276
f 318/277 319/278 126/279
f 132/280 320/281 321/282
f 130/283 319/284 320/285
f 317/286 318/287 122/288
f 75/289 299/290 300/291
f 72/292 298/293 299/294
f 82/295 301/296 302/297
f 78/298 300/299 301/300
f 69/301 297/302 298/303
f 69/304 298/305 72/306
f 299/307 75/308 72/309
f 75/310 300/311 78/312
f 78/313 301/314 82/315
f 85/316 82/317 302/318
f 303/319 89/320 85/321
f 93/322 306/323 96/324
f 89/325 305/326 93/327
f 308/328 100/329 96/330
f 100/331 309/332 101/333
f 108/334 101/335 311/336
f 111/337 108/338 312/339
f 113/340 111/341 314/342
f 117/343 113/344 315/345
f 118/346 117/347 316/348
f 122/349 118/350 317/351
f 139/352 136/353 322/354
f 488/355 3/356 6/357
f 480/358 9/359 12/360
f 480/361 6/362 9/363
f 15/364 487/365 12/366
f 18/367 487/368 15/369
f 24/370 390/371 18/372
f 487/373 480/374 12/375
f 488/376 482/377 3/378
f 480/379 488/380 6/381
f 27/382 478/383 24/384
f 30/385 476/386 27/387
f 32/388 476/389 30/390
f 36/391 475/392 32/393
f 43/394 474/395 36/396
f 50/397 389/398 43/399
f 62/400 388/401 58/402
f 58/403 471/404 54/405
f 387/406 486/407 68/408
f 54/409 472/410 50/411
f 390/412 487/413 18/414
f 478/415 27/416 476/417
f 24/418 478/419 390/420
f 476/421 32/422 475/423
f 36/424 474/425 475/426
f 474/427 43/428 389/429
f 486/430 62/431 68/432
f 50/433 472/434 389/435
f 471/436 472/437 54/438
f 471/439 58/440 388/441
f 484/442 485/443 81/444
f 92/445 463/446 88/447
f 485/448 386/449 81/450
f 104/451 107/452 459/453
f 95/454 385/455 92/456
f 116/457 384/458 110/459
f 110/460 384/461 107/462
f 130/463 126/464 319/465
f 136/466 132/467 321/468
f 132/469 130/470 320/471
f 126/472 122/473 318/474
f 121/475 457/476 116/477
f 125/478 453/479 121/480
f 135/481 383/482 129/483
f 142/484 382/485 135/486
f 88/487 463/488 484/489
f 92/490 385/491 463/492
f 104/493 460/494 99/495
f 95/496 99/497 385/498
f 384/499 459/500 107/501
f 460/502 104/503 459/504
f 382/505 142/506 449/507
f 135/508 382/509 383/510
f 384/511 116/512 457/513
f 455/514 457/515 121/516
f 453/517 125/518 129/519
f 455/520 121/521 453/522
f 328/523 152/524 327/525
f 322/526 323/527 139/528
f 331/529 161/530 330/531
f 329/532 156/533 328/534
f 157/535 329/536 330/537
f 323/538 324/539 139/540
f 324/541 325/542 143/543
f 326/544 145/545 325/546
f 149/547 326/548 327/549
f 333/550 334/551 167/552
f 332/553 333/554 164/555
f 331/556 332/557 164/558
f 335/559 170/560 334/561
f 174/562 336/563 337/564
f 335/565 336/566 170/567
f 338/568 178/569 337/570
f 340/571 181/572 339/573
f 338/574 339/575 178/576
f 341/577 185/578 340/579
f 343/580 189/581 342/582
f 342/583 185/584 341/585
f 143/586 325/587 145/588
f 139/589 324/590 143/591
f 149/592 327/593 152/594
f 156/595 152/596 328/597
f 157/598 156/599 329/600
f 145/601 326/602 149/603
f 161/604 157/605 330/606
f 164/607 161/608 331/609
f 167/610 164/611 333/612
f 170/613 167/614 334/615
f 170/616 336/617 174/618
f 178/619 339/620 181/621
f 174/622 337/623 178/624
f 193/625 343/626 344/627
f 199/628 345/629 346/630
f 197/631 344/632 345/633
f 189/634 343/635 193/636
f 342/637 189/638 185/639
f 197/640 193/641 344/642
f 347/643 203/644 346/645
f 199/646 197/647 345/648
f 203/649 199/650 346/651
f 340/652 185/653 181/654
f 206/655 347/656 348/657
f 210/658 349/659 350/660
f 206/661 348/662 349/663
f 212/664 350/665 351/666
f 352/667 216/668 351/669
f 354/670 223/671 353/672
f 353/673 219/674 352/675
f 231/676 357/677 358/678
f 356/679 357/680 231/681
f 355/682 356/683 227/684
f 358/685 237/686 234/687
f 360/688 239/689 359/690
f 243/691 360/692 361/693
f 247/694 361/695 362/696
f 250/697 251/698 362/699
f 364/700 255/701 363/702
f 223/703 354/704 355/705
f 206/706 203/707 347/708
f 210/709 206/710 349/711
f 212/712 210/713 350/714
f 216/715 212/716 351/717
f 219/718 216/719 352/720
f 219/721 353/722 223/723
f 223/724 355/725 227/726
f 231/727 358/728 234/729
f 227/730 356/731 231/732
f 239/733 237/734 359/735
f 243/736 239/737 360/738
f 247/739 243/740 361/741
f 251/742 247/743 362/744
f 262/745 365/746 261/747
f 366/748 265/749 261/750
f 250/751 363/752 255/753
f 364/754 365/755 262/756
f 148/757 381/758 142/759
f 155/760 380/761 151/762
f 160/763 379/764 155/765
f 151/766 380/767 148/768
f 166/769 445/770 160/771
f 169/772 378/773 166/774
f 177/775 439/776 173/777
f 184/778 438/779 177/780
f 173/781 378/782 169/783
f 188/784 377/785 184/786
f 192/787 433/788 188/789
f 196/790 433/791 192/792
f 431/793 202/794 376/795
f 376/796 209/797 375/798
f 449/799 142/800 381/801
f 380/802 381/803 148/804
f 379/805 380/806 155/807
f 445/808 379/809 160/810
f 445/811 166/812 442/813
f 166/814 378/815 442/816
f 188/817 433/818 377/819
f 438/820 439/821 177/822
f 378/823 173/824 439/825
f 184/826 436/827 438/828
f 377/829 436/830 184/831
f 196/832 202/833 431/834
f 215/835 375/836 209/837
f 373/838 374/839 215/840
f 226/841 424/842 222/843
f 230/844 372/845 226/846
f 242/847 418/848 238/849
f 246/850 418/851 242/852
f 254/853 417/854 246/855
f 260/856 416/857 254/858
f 264/859 483/860 260/861
f 366/862 367/863 265/864
f 270/865 412/866 267/867
f 410/868 270/869 273/870
f 3/871 370/872 273/873
f 412/874 264/875 267/876
f 3/877 482/878 370/879
f 374/880 375/881 215/882
f 424/883 373/884 222/885
f 226/886 372/887 424/888
f 238/889 421/890 371/891
f 230/892 371/893 372/894
f 412/895 483/896 264/897
f 260/898 483/899 414/900
f 410/901 412/902 270/903
f 421/904 238/905 418/906
f 415/907 254/908 416/909
f 417/910 254/911 415/912
f 417/913 418/914 246/915
f 416/916 260/917 414/918
f 273/919 370/920 410/921
f 451/922 406/923 456/924
f 456/925 406/926 397/927
f 448/928 391/929 451/930
f 451/931 391/932 406/933
f 398/934 397/935 406/936
f 399/937 398/938 464/939
f 464/940 398/941 406/942
f 391/943 464/944 406/945
f 396/946 391/947 448/948
f 391/949 396/950 409/951
f 396/952 443/953 409/954
f 443/955 441/956 409/957
f 429/958 391/959 409/960
f 409/961 441/962 435/963
f 429/964 435/965 432/966
f 435/967 429/968 409/969
f 395/970 429/971 432/972
f 469/973 467/974 464/975
f 402/976 401/977 469/978
f 407/979 402/980 469/981
f 464/982 392/983 407/984
f 469/985 464/986 407/987
f 402/988 407/989 403/990
f 403/991 407/992 404/993
f 404/994 407/995 405/996
f 392/997 405/998 407/999
f 392/1000 429/1001 408/1002
f 425/1003 408/1004 429/1005
f 420/1006 408/1007 425/1008
f 393/1009 392/1010 408/1011
f 419/1012 408/1013 420/1014
f 419/1015 394/1016 408/1017
f 393/1018 408/1019 394/1020
f 464/1021 467/1022 400/1023
f 410/1024 392/1025 393/1026
f 414/1027 411/1028 413/1029
f 415/1030 413/1031 394/1032
f 417/1033 394/1034 419/1035
f 418/1036 417/1037 419/1038
f 422/1039 421/1040 419/1041
f 422/1042 419/1043 420/1044
f 423/1045 372/1046 420/1047
f 426/1048 424/1049 423/1050
f 431/1051 428/1052 430/1053
f 430/1054 429/1055 395/1056
f 196/1057 430/1058 395/1059
f 433/1060 395/1061 432/1062
f 434/1063 432/1064 435/1065
f 438/1066 435/1067 437/1068
f 437/1069 435/1070 441/1071
f 442/1072 378/1073 440/1074
f 443/1075 442/1076 440/1077
f 444/1078 445/1079 442/1080
f 396/1081 444/1082 443/1083
f 380/1084 379/1085 444/1086
f 447/1087 446/1088 396/1089
f 448/1090 449/1091 447/1092
f 452/1093 450/1094 451/1095
f 455/1096 453/1097 454/1098
f 458/1099 456/1100 397/1101
f 460/1102 459/1103 458/1104
f 460/1105 397/1106 398/1107
f 462/1108 461/1109 398/1110
f 465/1111 463/1112 399/1113
f 466/1114 485/1115 400/1116
f 466/1117 400/1118 467/1119
f 468/1120 467/1121 469/1122
f 486/1123 468/1124 469/1125
f 473/1126 401/1127 402/1128
f 403/1129 473/1130 402/1131
f 404/1132 476/1133 403/1134
f 477/1135 478/1136 404/1137
f 405/1138 390/1139 477/1140
f 487/1141 390/1142 405/1143
f 481/1144 479/1145 405/1146
f 482/1147 488/1148 481/1149
f 411/1150 483/1151 412/1152
f 414/1153 483/1154 411/1155
f 372/1156 371/1157 422/1158
f 374/1159 373/1160 426/1161
f 371/1162 421/1163 422/1164
f 373/1165 424/1166 426/1167
f 428/1168 376/1169 375/1170
f 431/1171 376/1172 428/1173
f 381/1174 380/1175 446/1176
f 437/1177 378/1178 439/1179
f 396/1180 448/1181 447/1182
f 452/1183 129/1184 383/1185
f 460/1186 461/1187 99/1188
f 452/1189 453/1190 129/1191
f 459/1192 384/1193 458/1194
f 99/1195 461/1196 385/1197
f 485/1198 484/1199 465/1200
f 465/1201 484/1202 463/1203
f 466/1204 387/1205 386/1206
f 466/1207 486/1208 387/1209
f 466/1210 386/1211 485/1212
f 486/1213 388/1214 62/1215
f 480/1216 487/1217 479/1218
f 450/1219 448/1220 451/1221
f 398/1222 399/1223 462/1224
f 470/1225 469/1226 401/1227
f 481/1228 405/1229 392/1230
f 477/1231 404/1232 405/1233
f 4/1234 1/1235 369/1236
f 2/1237 6/1238 3/1239
f 275/1240 4/1241 369/1242
f 4/1243 8/1244 5/1245
f 5/1246 9/1247 6/1248
f 276/1249 7/1250 275/1251
f 7/1252 11/1253 8/1254
f 8/1255 12/1256 9/1257
f 10/1258 14/1259 11/1260
f 13/1261 10/1262 276/1263
f 11/1264 15/1265 12/1266
f 13/1267 17/1268 14/1269
f 16/1270 13/1271 278/1272
f 14/1273 18/1274 15/1275
f 16/1276 20/1277 17/1278
f 20/1279 18/1280 17/1281
f 25/1282 29/1283 26/1284
f 21/1285 19/1286 280/1287
f 22/1288 20/1289 19/1290
f 25/1291 22/1292 21/1293
f 26/1294 23/1295 22/1296
f 27/1297 24/1298 23/1299
f 28/1300 25/1301 283/1302
f 26/1303 30/1304 27/1305
f 29/1306 32/1307 30/1308
f 31/1309 28/1310 284/1311
f 34/1312 29/1313 28/1314
f 38/1315 35/1316 34/1317
f 38/1318 34/1319 33/1320
f 40/1321 38/1322 37/1323
f 38/1324 33/1325 37/1326
f 41/1327 39/1328 38/1329
f 44/1330 41/1331 40/1332
f 43/1333 39/1334 42/1335
f 45/1336 42/1337 41/1338
f 46/1339 43/1340 42/1341
f 47/1342 45/1343 44/1344
f 48/1345 46/1346 45/1347
f 51/1348 48/1349 47/1350
f 50/1351 46/1352 49/1353
f 52/1354 49/1355 48/1356
f 54/1357 49/1358 53/1359
f 55/1360 52/1361 51/1362
f 56/1363 53/1364 52/1365
f 59/1366 56/1367 55/1368
f 54/1369 53/1370 58/1371
f 60/1372 57/1373 56/1374
f 63/1375 60/1376 59/1377
f 58/1378 57/1379 61/1380
f 64/1381 61/1382 60/1383
f 67/1384 62/1385 61/1386
f 65/1387 64/1388 63/1389
f 69/1390 66/1391 65/1392
f 67/1393 64/1394 66/1395
f 71/1396 66/1397 70/1398
f 71/1399 68/1400 67/1401
f 69/1402 73/1403 70/1404
f 70/1405 74/1406 71/1407
f 74/1408 387/1409 71/1410
f 72/1411 76/1412 73/1413
f 73/1414 77/1415 74/1416
f 77/1417 386/1418 74/1419
f 75/1420 79/1421 76/1422
f 76/1423 80/1424 77/1425
f 78/1426 83/1427 79/1428
f 79/1429 84/1430 80/1431
f 80/1432 484/1433 81/1434
f 82/1435 86/1436 83/1437
f 83/1438 87/1439 84/1440
f 85/1441 90/1442 86/1443
f 88/1444 484/1445 84/1446
f 86/1447 91/1448 87/1449
f 89/1450 94/1451 90/1452
f 91/1453 88/1454 87/1455
f 90/1456 95/1457 91/1458
f 93/1459 97/1460 94/1461
f 95/1462 92/1463 91/1464
f 94/1465 98/1466 95/1467
f 100/1468 97/1469 96/1470
f 97/1471 103/1472 98/1473
f 98/1474 104/1475 99/1476
f 102/1477 106/1478 103/1479
f 105/1480 102/1481 101/1482
f 103/1483 107/1484 104/1485
f 108/1486 105/1487 101/1488
f 111/1489 109/1490 108/1491
f 106/1492 105/1493 109/1494
f 107/1495 106/1496 110/1497
f 112/1498 110/1499 109/1500
f 114/1501 111/1502 113/1503
f 117/1504 114/1505 113/1506
f 116/1507 112/1508 115/1509
f 119/1510 115/1511 114/1512
f 121/1513 115/1514 120/1515
f 123/1516 118/1517 122/1518
f 119/1519 117/1520 118/1521
f 123/1522 120/1523 119/1524
f 124/1525 121/1526 120/1527
f 126/1528 123/1529 122/1530
f 127/1531 124/1532 123/1533
f 128/1534 125/1535 124/1536
f 130/1537 127/1538 126/1539
f 131/1540 128/1541 127/1542
f 135/1543 128/1544 134/1545
f 132/1546 131/1547 130/1548
f 136/1549 133/1550 132/1551
f 134/1552 131/1553 133/1554
f 138/1555 133/1556 137/1557
f 138/1558 135/1559 134/1560
f 139/1561 137/1562 136/1563
f 140/1564 138/1565 137/1566
f 139/1567 144/1568 140/1569
f 142/1570 138/1571 141/1572
f 144/1573 141/1574 140/1575
f 141/1576 148/1577 142/1578
f 143/1579 146/1580 144/1581
f 145/1582 150/1583 146/1584
f 149/1585 153/1586 150/1587
f 150/1588 147/1589 146/1590
f 151/1591 148/1592 147/1593
f 156/1594 153/1595 152/1596
f 154/1597 151/1598 150/1599
f 153/1600 159/1601 154/1602
f 154/1603 160/1604 155/1605
f 157/1606 162/1607 158/1608
f 158/1609 163/1610 159/1611
f 163/1612 160/1613 159/1614
f 164/1615 162/1616 161/1617
f 164/1618 168/1619 165/1620
f 165/1621 163/1622 162/1623
f 165/1624 169/1625 166/1626
f 167/1627 171/1628 168/1629
f 175/1630 172/1631 171/1632
f 172/1633 169/1634 168/1635
f 176/1636 173/1637 172/1638
f 179/1639 174/1640 178/1641
f 175/1642 170/1643 174/1644
f 179/1645 176/1646 175/1647
f 180/1648 177/1649 176/1650
f 181/1651 179/1652 178/1653
f 182/1654 180/1655 179/1656
f 185/1657 182/1658 181/1659
f 184/1660 180/1661 183/1662
f 186/1663 183/1664 182/1665
f 188/1666 183/1667 187/1668
f 189/1669 186/1670 185/1671
f 190/1672 187/1673 186/1674
f 193/1675 190/1676 189/1677
f 188/1678 187/1679 192/1680
f 194/1681 191/1682 190/1683
f 197/1684 194/1685 193/1686
f 192/1687 191/1688 195/1689
f 198/1690 195/1691 194/1692
f 201/1693 196/1694 195/1695
f 199/1696 198/1697 197/1698
f 203/1699 200/1700 199/1701
f 201/1702 198/1703 200/1704
f 205/1705 200/1706 204/1707
f 205/1708 202/1709 201/1710
f 206/1711 204/1712 203/1713
f 207/1714 205/1715 204/1716
f 208/1717 376/1718 205/1719
f 206/1720 211/1721 207/1722
f 211/1723 208/1724 207/1725
f 208/1726 215/1727 209/1728
f 210/1729 213/1730 211/1731
f 212/1732 217/1733 213/1734
f 1/1735 5/1736 2/1737
f 213/1738 218/1739 214/1740
f 218/1741 215/1742 214/1743
f 216/1744 220/1745 217/1746
f 217/1747 221/1748 218/1749
f 219/1750 224/1751 220/1752
f 222/1753 373/1754 218/1755
f 220/1756 225/1757 221/1758
f 223/1759 228/1760 224/1761
f 225/1762 222/1763 221/1764
f 224/1765 229/1766 225/1767
f 225/1768 230/1769 226/1770
f 227/1771 232/1772 228/1773
f 228/1774 233/1775 229/1776
f 229/1777 371/1778 230/1779
f 231/1780 235/1781 232/1782
f 232/1783 236/1784 233/1785
f 236/1786 371/1787 233/1788
f 234/1789 240/1790 235/1791
f 235/1792 241/1793 236/1794
f 245/1795 240/1796 244/1797
f 242/1798 238/1799 241/1800
f 248/1801 243/1802 247/1803
f 242/1804 241/1805 245/1806
f 244/1807 239/1808 243/1809
f 242/1810 245/1811 246/1812
f 248/1813 245/1814 244/1815
f 251/1816 248/1817 247/1818
f 246/1819 245/1820 249/1821
f 252/1822 249/1823 248/1824
f 255/1825 252/1826 251/1827
f 254/1828 249/1829 253/1830
f 251/1831 250/1832 255/1833
f 256/1834 253/1835 252/1836
f 260/1837 253/1838 259/1839
f 262/1840 258/1841 257/1842
f 256/1843 255/1844 257/1845
f 259/1846 256/1847 258/1848
f 257/1849 364/1850 262/1851
f 264/1852 258/1853 263/1854
f 266/1855 264/1856 263/1857
f 260/1858 259/1859 264/1860
f 262/1861 261/1862 265/1863
f 263/1864 262/1865 266/1866
f 269/1867 267/1868 266/1869
f 266/1870 265/1871 268/1872
f 271/1873 367/1874 368/1875
f 271/1876 269/1877 268/1878
f 272/1879 270/1880 269/1881
f 274/1882 271/1883 368/1884
f 1/1885 272/1886 271/1887
f 2/1888 273/1889 272/1890
f 392/1891 391/1892 429/1893
f 1/1894 274/1895 369/1896
f 413/1897 416/1898 414/1899
f 410/1900 370/1901 482/1902
f 392/1903 410/1904 482/1905
f 411/1906 412/1907 410/1908
f 393/1909 411/1910 410/1911
f 413/1912 411/1913 393/1914
f 427/1915 374/1916 426/1917
f 417/1918 415/1919 394/1920
f 419/1921 421/1922 418/1923
f 420/1924 372/1925 422/1926
f 425/1927 423/1928 420/1929
f 423/1930 424/1931 372/1932
f 425/1933 426/1934 423/1935
f 432/1936 377/1937 433/1938
f 428/1939 375/1940 427/1941
f 428/1942 427/1943 429/1944
f 429/1945 430/1946 428/1947
f 196/1948 431/1949 430/1950
f 433/1951 196/1952 395/1953
f 434/1954 436/1955 377/1956
f 448/1957 382/1958 449/1959
f 438/1960 436/1961 435/1962
f 439/1963 438/1964 437/1965
f 440/1966 378/1967 437/1968
f 441/1969 440/1970 437/1971
f 443/1972 444/1973 442/1974
f 444/1975 379/1976 445/1977
f 396/1978 380/1979 444/1980
f 446/1981 380/1982 396/1983
f 447/1984 381/1985 446/1986
f 447/1987 449/1988 381/1989
f 454/1990 457/1991 455/1992
f 383/1993 382/1994 450/1995
f 452/1996 383/1997 450/1998
f 451/1999 453/2000 452/2001
f 454/2002 453/2003 451/2004
f 456/2005 384/2006 457/2007
f 385/2008 399/2009 463/2010
f 397/2011 460/2012 458/2013
f 398/2014 461/2015 460/2016
f 462/2017 385/2018 461/2019
f 470/2020 388/2021 469/2022
f 464/2023 465/2024 399/2025
f 400/2026 485/2027 465/2028
f 400/2029 465/2030 464/2031
f 468/2032 466/2033 467/2034
f 468/2035 486/2036 466/2037
f 388/2038 486/2039 469/2040
f 470/2041 472/2042 471/2043
f 401/2044 389/2045 472/2046
f 403/2047 474/2048 473/2049
f 474/2050 389/2051 473/2052
f 425/2053 427/2054 426/2055
f 403/2056 476/2057 475/2058
f 404/2059 478/2060 476/2061
f 477/2062 390/2063 478/2064
f 479/2065 487/2066 405/2067
f 481/2068 480/2069 479/2070
f 481/2071 488/2072 480/2073
f 392/2074 482/2075 481/2076
f 413/2077 393/2078 394/2079
f 440/2080 441/2081 443/2082
f 454/2083 451/2084 456/2085
f 672/2086 673/2087 490/2088
f 492/2089 490/2090 491/2091
f 494/2092 492/2093 493/2094
f 670/2095 492/2096 494/2097
f 497/2098 495/2099 496/2100
f 667/2101 498/2102 499/2103
f 502/2104 500/2105 501/2106
f 665/2107 502/2108 501/2109
f 501/2110 503/2111 505/2112
f 505/2113 504/2114 506/2115
f 506/2116 508/2117 662/2118
f 508/2119 509/2120 511/2121
f 661/2122 511/2123 660/2124
f 660/2125 511/2126 659/2127
f 511/2128 510/2129 513/2130
f 659/2131 513/2132 658/2133
f 513/2134 512/2135 515/2136
f 514/2137 515/2138 518/2139
f 512/2140 516/2141 517/2142
f 518/2143 519/2144 657/2145
f 521/2146 682/2147 520/2148
f 526/2149 524/2150 527/2151
f 529/2152 527/2153 530/2154
f 531/2155 530/2156 533/2157
f 533/2158 530/2159 532/2160
f 534/2161 531/2162 533/2163
f 545/2164 546/2165 654/2166
f 546/2167 702/2168 654/2169
f 654/2170 548/2171 549/2172
f 548/2173 547/2174 551/2175
f 548/2176 551/2177 549/2178
f 551/2179 552/2180 553/2181
f 551/2182 553/2183 652/2184
f 652/2185 553/2186 651/2187
f 553/2188 554/2189 651/2190
f 651/2191 554/2192 555/2193
f 554/2194 684/2195 556/2196
f 555/2197 556/2198 650/2199
f 556/2200 684/2201 558/2202
f 650/2203 558/2204 559/2205
f 558/2206 562/2207 559/2208
f 562/2209 685/2210 561/2211
f 563/2212 562/2213 564/2214
f 649/2215 564/2216 565/2217
f 568/2218 565/2219 567/2220
f 568/2221 567/2222 705/2223
f 569/2224 705/2225 706/2226
f 569/2227 706/2228 570/2229
f 571/2230 570/2231 707/2232
f 573/2233 571/2234 707/2235
f 575/2236 707/2237 574/2238
f 575/2239 574/2240 708/2241
f 645/2242 646/2243 575/2244
f 645/2245 575/2246 576/2247
f 645/2248 576/2249 644/2250
f 576/2251 577/2252 644/2253
f 644/2254 577/2255 643/2256
f 577/2257 578/2258 643/2259
f 643/2260 578/2261 642/2262
f 578/2263 709/2264 579/2265
f 641/2266 710/2267 640/2268
f 640/2269 582/2270 639/2271
f 585/2272 691/2273 587/2274
f 585/2275 587/2276 638/2277
f 638/2278 587/2279 637/2280
f 636/2281 587/2282 589/2283
f 591/2284 589/2285 590/2286
f 593/2287 589/2288 591/2289
f 594/2290 591/2291 592/2292
f 593/2293 591/2294 594/2295
f 634/2296 594/2297 596/2298
f 596/2299 592/2300 595/2301
f 597/2302 596/2303 598/2304
f 598/2305 595/2306 693/2307
f 633/2308 598/2309 599/2310
f 602/2311 695/2312 696/2313
f 630/2314 602/2315 604/2316
f 604/2317 696/2318 603/2319
f 604/2320 603/2321 606/2322
f 603/2323 605/2324 608/2325
f 608/2326 607/2327 610/2328
f 610/2329 609/2330 612/2331
f 610/2332 612/2333 627/2334
f 627/2335 612/2336 626/2337
f 612/2338 611/2339 613/2340
f 611/2341 698/2342 615/2343
f 613/2344 615/2345 614/2346
f 614/2347 615/2348 625/2349
f 617/2350 618/2351 619/2352
f 618/2353 701/2354 620/2355
f 619/2356 620/2357 674/2358
f 679/2359 503/2360 501/2361
f 678/2362 498/2363 677/2364
f 500/2365 678/2366 679/2367
f 512/2368 680/2369 516/2370
f 507/2371 509/2372 508/2373
f 490/2374 675/2375 491/2376
f 489/2377 701/2378 675/2379
f 489/2380 675/2381 490/2382
f 491/2383 493/2384 492/2385
f 493/2386 676/2387 495/2388
f 677/2389 495/2390 676/2391
f 496/2392 677/2393 498/2394
f 495/2395 677/2396 496/2397
f 678/2398 499/2399 498/2400
f 500/2401 499/2402 678/2403
f 501/2404 500/2405 679/2406
f 512/2407 510/2408 680/2409
f 516/2410 681/2411 519/2412
f 544/2413 547/2414 702/2415
f 683/2416 554/2417 704/2418
f 532/2419 530/2420 528/2421
f 665/2422 666/2423 502/2424
f 506/2425 664/2426 505/2427
f 662/2428 663/2429 506/2430
f 658/2431 515/2432 514/2433
f 656/2434 657/2435 521/2436
f 671/2437 492/2438 670/2439
f 669/2440 495/2441 497/2442
f 664/2443 506/2444 663/2445
f 664/2446 665/2447 505/2448
f 666/2449 667/2450 502/2451
f 655/2452 522/2453 524/2454
f 653/2455 549/2456 551/2457
f 683/2458 684/2459 554/2460
f 655/2461 524/2462 526/2463
f 652/2464 653/2465 551/2466
f 687/2467 561/2468 686/2469
f 687/2470 567/2471 565/2472
f 707/2473 570/2474 574/2475
f 561/2476 685/2477 686/2478
f 561/2479 687/2480 565/2481
f 580/2482 710/2483 709/2484
f 590/2485 589/2486 588/2487
f 692/2488 592/2489 590/2490
f 693/2491 694/2492 599/2493
f 603/2494 696/2495 605/2496
f 697/2497 611/2498 609/2499
f 699/2500 616/2501 698/2502
f 700/2503 617/2504 699/2505
f 701/2506 618/2507 700/2508
f 572/2509 647/2510 569/2511
f 647/2512 648/2513 569/2514
f 585/2515 638/2516 584/2517
f 636/2518 637/2519 587/2520
f 638/2521 639/2522 584/2523
f 692/2524 595/2525 592/2526
f 601/2527 632/2528 600/2529
f 601/2530 602/2531 631/2532
f 594/2533 634/2534 635/2535
f 697/2536 698/2537 611/2538
f 700/2539 618/2540 617/2541
f 610/2542 628/2543 608/2544
f 608/2545 629/2546 606/2547
f 674/2548 621/2549 619/2550
f 631/2551 632/2552 601/2553
f 602/2554 630/2555 631/2556
f 628/2557 629/2558 608/2559
f 627/2560 628/2561 610/2562
f 613/2563 614/2564 626/2565
f 625/2566 616/2567 624/2568
f 622/2569 623/2570 619/2571
f 619/2572 621/2573 622/2574
f 729/2575 728/2576 1256/2577
f 730/2578 729/2579 1262/2580
f 735/2581 730/2582 1257/2583
f 737/2584 1259/2585 1260/2586
f 739/2587 734/2588 730/2589
f 744/2590 739/2591 735/2592
f 753/2593 739/2594 744/2595
f 761/2596 746/2597 747/2598
f 767/2599 758/2600 759/2601
f 772/2602 765/2603 766/2604
f 776/2605 770/2606 771/2607
f 785/2608 777/2609 778/2610
f 792/2611 785/2612 793/2613
f 793/2614 794/2615 801/2616
f 806/2617 807/2618 813/2619
f 811/2620 804/2621 812/2622
f 821/2623 814/2624 822/2625
f 832/2626 824/2627 833/2628
f 828/2629 829/2630 837/2631
f 843/2632 838/2633 844/2634
f 859/2635 858/2636 850/2637
f 876/2638 867/2639 868/2640
f 893/2641 878/2642 879/2643
f 900/2644 890/2645 891/2646
f 905/2647 898/2648 899/2649
f 917/2650 909/2651 910/2652
f 924/2653 917/2654 925/2655
f 925/2656 926/2657 933/2658
f 937/2659 938/2660 944/2661
f 951/2662 945/2663 952/2664
f 962/2665 954/2666 963/2667
f 969/2668 960/2669 970/2670
f 964/2671 965/2672 972/2673
f 969/2674 970/2675 976/2676
f 975/2677 969/2678 980/2679
f 980/2680 976/2681 985/2682
f 987/2683 978/2684 988/2685
f 984/2686 980/2687 990/2688
f 985/2689 986/2690 994/2691
f 992/2692 983/2693 993/2694
f 995/2695 993/2696 984/2697
f 996/2698 995/2699 990/2700
f 1000/2701 996/2702 985/2703
f 1002/2704 987/2705 988/2706
f 1005/2707 999/2708 996/2709
f 1009/2710 1005/2711 1000/2712
f 1018/2713 1005/2714 1009/2715
f 1026/2716 1011/2717 1012/2718
f 1033/2719 1023/2720 1024/2721
f 1039/2722 1031/2723 1032/2724
f 1043/2725 1036/2726 1037/2727
f 1052/2728 1044/2729 1045/2730
f 1059/2731 1052/2732 1060/2733
f 1060/2734 1061/2735 1068/2736
f 1065/2737 1058/2738 1066/2739
f 1074/2740 1075/2741 1081/2742
f 1079/2743 1072/2744 1080/2745
f 1090/2746 1082/2747 1091/2748
f 1101/2749 1093/2750 1102/2751
f 1113/2752 1108/2753 1114/2754
f 1128/2755 1127/2756 1120/2757
f 1145/2758 1136/2759 1137/2760
f 1162/2761 1147/2762 1148/2763
f 1168/2764 1159/2765 1160/2766
f 1174/2767 1166/2768 1167/2769
f 1178/2770 1171/2771 1172/2772
f 1187/2773 1179/2774 1180/2775
f 1194/2776 1187/2777 1195/2778
f 1195/2779 1196/2780 1202/2781
f 1200/2782 1193/2783 1205/2784
f 1208/2785 1209/2786 1215/2787
f 1223/2788 1216/2789 1224/2790
f 1236/2791 1226/2792 1237/2793
f 1242/2794 1234/2795 1243/2796
f 1242/2797 1243/2798 1249/2799
f 1248/2800 1242/2801 1253/2802
f 1253/2803 1249/2804 1257/2805
f 1259/2806 1251/2807 1260/2808
f 1256/2809 1253/2810 1262/2811
f 1257/2812 1258/2813 1265/2814
f 1264/2815 1255/2816 728/2817
f 1324/2818 1264/2819 1323/2820
f 1323/2821 732/2822 1322/2823
f 1319/2824 805/2825 818/2826
f 1318/2827 818/2828 827/2829
f 1280/2830 827/2831 836/2832
f 1280/2833 836/2834 840/2835
f 1320/2836 800/2837 805/2838
f 1263/2839 1266/2840 731/2841
f 731/2842 1279/2843 740/2844
f 749/2845 1278/2846 763/2847
f 711/2848 749/2849 740/2850
f 763/2851 1277/2852 771/2853
f 1288/2854 840/2855 849/2856
f 1281/2857 849/2858 858/2859
f 1283/2860 924/2861 932/2862
f 1316/2863 957/2864 966/2865
f 1294/2866 982/2867 992/2868
f 1291/2869 909/2870 1283/2871
f 1279/2872 731/2873 1266/2874
f 771/2875 1277/2876 776/2877
f 776/2878 712/2879 784/2880
f 784/2881 712/2882 791/2883
f 1276/2884 804/2885 799/2886
f 713/2887 817/2888 812/2889
f 713/2890 812/2891 804/2892
f 848/2893 826/2894 835/2895
f 856/2896 848/2897 714/2898
f 1275/2899 826/2900 817/2901
f 826/2902 1275/2903 835/2904
f 856/2905 714/2906 857/2907
f 857/2908 872/2909 856/2910
f 872/2911 1274/2912 881/2913
f 881/2914 715/2915 895/2916
f 1274/2917 872/2918 857/2919
f 895/2920 896/2921 904/2922
f 904/2923 716/2924 916/2925
f 965/2926 721/2927 972/2928
f 991/2929 981/2930 723/2931
f 722/2932 981/2933 972/2934
f 723/2935 981/2936 722/2937
f 1294/2938 992/2939 1285/2940
f 1285/2941 997/2942 1295/2943
f 1315/2944 1020/2945 1314/2946
f 1314/2947 1030/2948 1313/2949
f 1297/2950 1059/2951 1067/2952
f 1313/2953 1044/2954 1296/2955
f 1298/2956 1073/2957 1087/2958
f 1299/2959 1087/2960 1096/2961
f 1302/2962 1096/2963 1105/2964
f 1302/2965 1105/2966 1110/2967
f 723/2968 1004/2969 991/2970
f 1037/2971 1038/2972 1043/2973
f 1303/2974 1110/2975 1119/2976
f 1304/2977 1119/2978 1127/2979
f 1312/2980 1194/2981 1201/2982
f 1301/2983 1231/2984 1239/2985
f 1324/2986 1254/2987 1264/2988
f 1308/2989 1179/2990 1312/2991
f 1004/2992 723/2993 724/2994
f 1051/2995 1273/2996 1058/2997
f 1066/2998 1273/2999 1071/3000
f 1071/3001 1072/3002 1066/3003
f 1086/3004 1085/3005 1095/3006
f 1080/3007 1071/3008 1085/3009
f 1104/3010 1086/3011 1095/3012
f 1272/3013 1118/3014 1104/3015
f 1118/3016 726/3017 1126/3018
f 1141/3019 1126/3020 1271/3021
f 1104/3022 1095/3023 1272/3024
f 1271/3025 1126/3026 726/3027
f 726/3028 1118/3029 1272/3030
f 1270/3031 1150/3032 1141/3033
f 1150/3034 727/3035 1164/3036
f 1164/3037 1173/3038 1172/3039
f 1172/3040 1173/3041 1178/3042
f 1178/3043 1269/3044 1186/3045
f 1141/3046 1271/3047 1270/3048
f 1186/3049 1269/3050 1193/3051
f 1268/3052 1205/3053 1193/3054
f 1205/3055 1268/3056 1206/3057
f 1214/3058 1206/3059 1219/3060
f 1206/3061 1214/3062 1205/3063
f 1245/3064 1229/3065 1230/3066
f 1263/3067 1245/3068 1266/3069
f 1219/3070 1229/3071 1228/3072
f 1245/3073 1230/3074 1267/3075
f 1245/3076 1267/3077 1266/3078
f 489/3079 620/3080 701/3081
f 673/3082 620/3083 489/3084
f 673/3085 674/3086 620/3087
f 490/3088 673/3089 489/3090
f 496/3091 668/3092 497/3093
f 669/3094 670/3095 494/3096
f 495/3097 494/3098 493/3099
f 495/3100 669/3101 494/3102
f 499/3103 502/3104 667/3105
f 667/3106 668/3107 498/3108
f 507/3109 506/3110 504/3111
f 665/3112 501/3113 505/3114
f 505/3115 503/3116 504/3117
f 682/3118 519/3119 681/3120
f 662/3121 508/3122 661/3123
f 661/3124 508/3125 511/3126
f 511/3127 509/3128 510/3129
f 659/3130 511/3131 513/3132
f 513/3133 510/3134 512/3135
f 658/3136 513/3137 515/3138
f 515/3139 512/3140 517/3141
f 518/3142 515/3143 517/3144
f 517/3145 516/3146 519/3147
f 518/3148 517/3149 519/3150
f 523/3151 522/3152 520/3153
f 657/3154 519/3155 521/3156
f 655/3157 656/3158 521/3159
f 522/3160 521/3161 520/3162
f 522/3163 655/3164 521/3165
f 523/3166 527/3167 524/3168
f 525/3169 530/3170 527/3171
f 529/3172 526/3173 527/3174
f 532/3175 536/3176 533/3177
f 531/3178 529/3179 530/3180
f 535/3181 539/3182 536/3183
f 536/3184 534/3185 533/3186
f 537/3187 534/3188 536/3189
f 538/3190 542/3191 539/3192
f 539/3193 537/3194 536/3195
f 540/3196 537/3197 539/3198
f 703/3199 542/3200 541/3201
f 542/3202 540/3203 539/3204
f 543/3205 540/3206 542/3207
f 685/3208 558/3209 557/3210
f 543/3211 542/3212 546/3213
f 546/3214 703/3215 544/3216
f 543/3217 546/3218 545/3219
f 546/3220 544/3221 702/3222
f 654/3223 702/3224 548/3225
f 548/3226 702/3227 547/3228
f 551/3229 547/3230 550/3231
f 551/3232 550/3233 552/3234
f 553/3235 552/3236 704/3237
f 553/3238 704/3239 554/3240
f 555/3241 554/3242 556/3243
f 650/3244 556/3245 558/3246
f 558/3247 684/3248 557/3249
f 708/3250 576/3251 575/3252
f 560/3253 559/3254 562/3255
f 563/3256 560/3257 562/3258
f 564/3259 562/3260 561/3261
f 649/3262 563/3263 564/3264
f 565/3265 564/3266 561/3267
f 566/3268 649/3269 565/3270
f 568/3271 566/3272 565/3273
f 648/3274 566/3275 568/3276
f 569/3277 568/3278 705/3279
f 569/3280 648/3281 568/3282
f 571/3283 569/3284 570/3285
f 571/3286 572/3287 569/3288
f 573/3289 572/3290 571/3291
f 575/3292 573/3293 707/3294
f 646/3295 573/3296 575/3297
f 689/3298 576/3299 688/3300
f 690/3301 577/3302 689/3303
f 581/3304 710/3305 580/3306
f 578/3307 690/3308 709/3309
f 642/3310 578/3311 579/3312
f 579/3313 709/3314 710/3315
f 642/3316 579/3317 641/3318
f 641/3319 579/3320 710/3321
f 583/3322 582/3323 581/3324
f 640/3325 710/3326 582/3327
f 585/3328 583/3329 691/3330
f 639/3331 582/3332 584/3333
f 586/3334 589/3335 587/3336
f 587/3337 691/3338 586/3339
f 694/3340 601/3341 599/3342
f 593/3343 636/3344 589/3345
f 592/3346 591/3347 590/3348
f 635/3349 593/3350 594/3351
f 596/3352 594/3353 592/3354
f 597/3355 634/3356 596/3357
f 598/3358 596/3359 595/3360
f 633/3361 597/3362 598/3363
f 599/3364 598/3365 693/3366
f 600/3367 633/3368 599/3369
f 617/3370 624/3371 616/3372
f 601/3373 600/3374 599/3375
f 602/3376 601/3377 695/3378
f 604/3379 602/3380 696/3381
f 630/3382 604/3383 606/3384
f 606/3385 603/3386 608/3387
f 608/3388 605/3389 607/3390
f 610/3391 607/3392 609/3393
f 612/3394 609/3395 611/3396
f 626/3397 612/3398 613/3399
f 613/3400 611/3401 615/3402
f 615/3403 698/3404 616/3405
f 625/3406 615/3407 616/3408
f 616/3409 699/3410 617/3411
f 1264/3412 733/3413 732/3414
f 623/3415 617/3416 619/3417
f 619/3418 618/3419 620/3420
f 1262/3421 729/3422 1256/3423
f 1259/3424 1265/3425 1258/3426
f 1257/3427 730/3428 1262/3429
f 728/3430 734/3431 733/3432
f 1265/3433 735/3434 1257/3435
f 730/3436 734/3437 729/3438
f 1259/3439 736/3440 1265/3441
f 1260/3442 738/3443 737/3444
f 1261/3445 731/3446 738/3447
f 732/3448 742/3449 741/3450
f 735/3451 739/3452 730/3453
f 733/3454 743/3455 742/3456
f 735/3457 745/3458 744/3459
f 739/3460 743/3461 734/3462
f 736/3463 746/3464 745/3465
f 738/3466 747/3467 737/3468
f 747/3469 746/3470 737/3471
f 738/3472 749/3473 748/3474
f 741/3475 751/3476 750/3477
f 740/3478 749/3479 731/3480
f 742/3481 752/3482 751/3483
f 743/3484 753/3485 752/3486
f 744/3487 754/3488 753/3489
f 751/3490 755/3491 750/3492
f 746/3493 754/3494 745/3495
f 751/3496 757/3497 756/3498
f 752/3499 758/3500 757/3501
f 754/3502 759/3503 753/3504
f 759/3505 758/3506 753/3507
f 746/3508 760/3509 754/3510
f 747/3511 762/3512 761/3513
f 749/3514 762/3515 748/3516
f 756/3517 764/3518 755/3519
f 756/3520 766/3521 765/3522
f 758/3523 766/3524 757/3525
f 759/3526 768/3527 767/3528
f 760/3529 769/3530 768/3531
f 762/3532 769/3533 761/3534
f 762/3535 771/3536 770/3537
f 766/3538 773/3539 772/3540
f 767/3541 774/3542 773/3543
f 768/3544 775/3545 774/3546
f 764/3547 778/3548 777/3549
f 770/3550 775/3551 769/3552
f 772/3553 778/3554 765/3555
f 772/3556 780/3557 779/3558
f 773/3559 781/3560 780/3561
f 774/3562 782/3563 781/3564
f 775/3565 783/3566 782/3567
f 776/3568 783/3569 770/3570
f 778/3571 786/3572 785/3573
f 779/3574 787/3575 786/3576
f 780/3577 788/3578 787/3579
f 781/3580 789/3581 788/3582
f 782/3583 790/3584 789/3585
f 783/3586 791/3587 790/3588
f 786/3589 793/3590 785/3591
f 785/3592 792/3593 777/3594
f 787/3595 794/3596 786/3597
f 788/3598 795/3599 787/3600
f 789/3601 796/3602 788/3603
f 790/3604 797/3605 789/3606
f 791/3607 798/3608 790/3609
f 795/3610 801/3611 794/3612
f 800/3613 792/3614 793/3615
f 796/3616 802/3617 795/3618
f 806/3619 800/3620 793/3621
f 803/3622 796/3623 797/3624
f 807/3625 793/3626 801/3627
f 802/3628 807/3629 801/3630
f 803/3631 808/3632 802/3633
f 810/3634 803/3635 797/3636
f 798/3637 810/3638 797/3639
f 804/3640 798/3641 799/3642
f 808/3643 813/3644 807/3645
f 809/3646 814/3647 808/3648
f 810/3649 815/3650 809/3651
f 819/3652 805/3653 806/3654
f 816/3655 810/3656 811/3657
f 813/3658 819/3659 806/3660
f 821/3661 813/3662 814/3663
f 815/3664 822/3665 814/3666
f 816/3667 823/3668 815/3669
f 825/3670 816/3671 811/3672
f 812/3673 825/3674 811/3675
f 819/3676 827/3677 818/3678
f 829/3679 819/3680 820/3681
f 821/3682 829/3683 820/3684
f 831/3685 822/3686 823/3687
f 830/3688 821/3689 822/3690
f 832/3691 823/3692 824/3693
f 825/3694 833/3695 824/3696
f 826/3697 825/3698 817/3699
f 830/3700 837/3701 829/3702
f 836/3703 827/3704 828/3705
f 490/3706 671/3707 672/3708
f 831/3709 838/3710 830/3711
f 841/3712 836/3713 828/3714
f 839/3715 831/3716 832/3717
f 837/3718 841/3719 828/3720
f 843/3721 837/3722 838/3723
f 839/3724 844/3725 838/3726
f 832/3727 845/3728 839/3729
f 847/3730 833/3731 834/3732
f 846/3733 832/3734 833/3735
f 848/3736 834/3737 826/3738
f 841/3739 849/3740 840/3741
f 842/3742 850/3743 841/3744
f 843/3745 851/3746 842/3747
f 853/3748 844/3749 845/3750
f 852/3751 843/3752 844/3753
f 846/3754 853/3755 845/3756
f 847/3757 854/3758 846/3759
f 848/3760 855/3761 847/3762
f 850/3763 860/3764 859/3765
f 858/3766 849/3767 850/3768
f 851/3769 861/3770 860/3771
f 852/3772 862/3773 861/3774
f 853/3775 863/3776 862/3777
f 859/3778 864/3779 858/3780
f 855/3781 863/3782 854/3783
f 859/3784 866/3785 865/3786
f 860/3787 867/3788 866/3789
f 862/3790 868/3791 861/3792
f 868/3793 867/3794 861/3795
f 862/3796 870/3797 869/3798
f 863/3799 871/3800 870/3801
f 855/3802 872/3803 871/3804
f 864/3805 874/3806 873/3807
f 865/3808 875/3809 874/3810
f 867/3811 875/3812 866/3813
f 868/3814 877/3815 876/3816
f 869/3817 878/3818 877/3819
f 871/3820 879/3821 870/3822
f 879/3823 878/3824 870/3825
f 871/3826 881/3827 880/3828
f 873/3829 883/3830 882/3831
f 874/3832 884/3833 883/3834
f 875/3835 885/3836 884/3837
f 876/3838 886/3839 885/3840
f 883/3841 887/3842 882/3843
f 878/3844 886/3845 877/3846
f 883/3847 889/3848 888/3849
f 884/3850 890/3851 889/3852
f 886/3853 891/3854 885/3855
f 891/3856 890/3857 885/3858
f 878/3859 892/3860 886/3861
f 879/3862 894/3863 893/3864
f 880/3865 895/3866 894/3867
f 888/3868 897/3869 887/3870
f 888/3871 899/3872 898/3873
f 890/3874 899/3875 889/3876
f 891/3877 901/3878 900/3879
f 892/3880 902/3881 901/3882
f 894/3883 902/3884 893/3885
f 894/3886 904/3887 903/3888
f 899/3889 906/3890 905/3891
f 900/3892 907/3893 906/3894
f 901/3895 908/3896 907/3897
f 897/3898 910/3899 909/3900
f 903/3901 908/3902 902/3903
f 905/3904 910/3905 898/3906
f 905/3907 912/3908 911/3909
f 906/3910 913/3911 912/3912
f 907/3913 914/3914 913/3915
f 908/3916 915/3917 914/3918
f 903/3919 916/3920 915/3921
f 910/3922 918/3923 917/3924
f 911/3925 919/3926 918/3927
f 912/3928 920/3929 919/3930
f 913/3931 921/3932 920/3933
f 914/3934 922/3935 921/3936
f 915/3937 923/3938 922/3939
f 918/3940 925/3941 917/3942
f 917/3943 924/3944 909/3945
f 919/3946 926/3947 918/3948
f 920/3949 927/3950 919/3951
f 921/3952 928/3953 920/3954
f 922/3955 929/3956 921/3957
f 923/3958 930/3959 922/3960
f 927/3961 933/3962 926/3963
f 932/3964 924/3965 925/3966
f 928/3967 934/3968 927/3969
f 937/3970 932/3971 925/3972
f 935/3973 928/3974 929/3975
f 938/3976 925/3977 933/3978
f 934/3979 938/3980 933/3981
f 935/3982 939/3983 934/3984
f 941/3985 935/3986 929/3987
f 930/3988 941/3989 929/3990
f 931/3991 942/3992 930/3993
f 939/3994 944/3995 938/3996
f 940/3997 945/3998 939/3999
f 941/4000 946/4001 940/4002
f 949/4003 936/4004 937/4005
f 947/4006 941/4007 942/4008
f 944/4009 949/4010 937/4011
f 951/4012 944/4013 945/4014
f 946/4015 952/4016 945/4017
f 947/4018 953/4019 946/4020
f 955/4021 947/4022 942/4023
f 943/4024 955/4025 942/4026
f 958/4027 948/4028 949/4029
f 950/4030 958/4031 949/4032
f 951/4033 959/4034 950/4035
f 961/4036 952/4037 953/4038
f 960/4039 951/4040 952/4041
f 962/4042 953/4043 954/4044
f 955/4045 963/4046 954/4047
f 965/4048 955/4049 956/4050
f 958/4051 966/4052 957/4053
f 959/4054 967/4055 958/4056
f 960/4057 968/4058 959/4059
f 961/4060 970/4061 960/4062
f 967/4063 973/4064 966/4065
f 971/4066 961/4067 962/4068
f 968/4069 974/4070 967/4071
f 971/4072 976/4073 970/4074
f 975/4075 968/4076 969/4077
f 962/4078 977/4079 971/4080
f 979/4081 963/4082 964/4083
f 978/4084 962/4085 963/4086
f 972/4087 979/4088 964/4089
f 983/4090 973/4091 974/4092
f 980/4093 969/4094 976/4095
f 975/4096 983/4097 974/4098
f 986/4099 976/4100 977/4101
f 984/4102 975/4103 980/4104
f 987/4105 977/4106 978/4107
f 979/4108 988/4109 978/4110
f 981/4111 989/4112 979/4113
f 992/4114 998/4115 997/4116
f 990/4117 980/4118 985/4119
f 992/4120 982/4121 983/4122
f 993/4123 983/4124 984/4125
f 990/4126 995/4127 984/4128
f 987/4129 994/4130 986/4131
f 985/4132 996/4133 990/4134
f 993/4135 999/4136 998/4137
f 994/4138 1000/4139 985/4140
f 996/4141 999/4142 995/4143
f 987/4144 1001/4145 994/4146
f 988/4147 1003/4148 1002/4149
f 991/4150 1003/4151 989/4152
f 997/4153 1007/4154 1006/4155
f 1000/4156 1005/4157 996/4158
f 998/4159 1008/4160 1007/4161
f 1000/4162 1010/4163 1009/4164
f 1005/4165 1008/4166 999/4167
f 1001/4168 1011/4169 1010/4170
f 1003/4171 1012/4172 1002/4173
f 1012/4174 1011/4175 1002/4176
f 1004/4177 1013/4178 1003/4179
f 1006/4180 1016/4181 1015/4182
f 1007/4183 1017/4184 1016/4185
f 1008/4186 1018/4187 1017/4188
f 1009/4189 1019/4190 1018/4191
f 1016/4192 1020/4193 1015/4194
f 1011/4195 1019/4196 1010/4197
f 1016/4198 1022/4199 1021/4200
f 1017/4201 1023/4202 1022/4203
f 1019/4204 1024/4205 1018/4206
f 1024/4207 1023/4208 1018/4209
f 1011/4210 1025/4211 1019/4212
f 1012/4213 1027/4214 1026/4215
f 1014/4216 1027/4217 1013/4218
f 1021/4219 1030/4220 1020/4221
f 1021/4222 1032/4223 1031/4224
f 1023/4225 1032/4226 1022/4227
f 1024/4228 1034/4229 1033/4230
f 1025/4231 1035/4232 1034/4233
f 1027/4234 1035/4235 1026/4236
f 1027/4237 1037/4238 1036/4239
f 1032/4240 1040/4241 1039/4242
f 1033/4243 1041/4244 1040/4245
f 1034/4246 1042/4247 1041/4248
f 1030/4249 1045/4250 1044/4251
f 1036/4252 1042/4253 1035/4254
f 1039/4255 1045/4256 1031/4257
f 1039/4258 1047/4259 1046/4260
f 1040/4261 1048/4262 1047/4263
f 1041/4264 1049/4265 1048/4266
f 1042/4267 1050/4268 1049/4269
f 1043/4270 1050/4271 1036/4272
f 1045/4273 1053/4274 1052/4275
f 1046/4276 1054/4277 1053/4278
f 1047/4279 1055/4280 1054/4281
f 1048/4282 1056/4283 1055/4284
f 1049/4285 1057/4286 1056/4287
f 1051/4288 1057/4289 1050/4290
f 1053/4291 1060/4292 1052/4293
f 1052/4294 1059/4295 1044/4296
f 1054/4297 1061/4298 1053/4299
f 1055/4300 1062/4301 1054/4302
f 1056/4303 1063/4304 1055/4305
f 1057/4306 1064/4307 1056/4308
f 1062/4309 1068/4310 1061/4311
f 1065/4312 1057/4313 1058/4314
f 1067/4315 1059/4316 1060/4317
f 1063/4318 1069/4319 1062/4320
f 1074/4321 1067/4322 1060/4323
f 1070/4324 1063/4325 1064/4326
f 1075/4327 1060/4328 1068/4329
f 1069/4330 1075/4331 1068/4332
f 1070/4333 1076/4334 1069/4335
f 1078/4336 1070/4337 1064/4338
f 1065/4339 1078/4340 1064/4341
f 1072/4342 1065/4343 1066/4344
f 1076/4345 1081/4346 1075/4347
f 1077/4348 1082/4349 1076/4350
f 1078/4351 1083/4352 1077/4353
f 1088/4354 1073/4355 1074/4356
f 1084/4357 1078/4358 1079/4359
f 1081/4360 1088/4361 1074/4362
f 1090/4363 1081/4364 1082/4365
f 1083/4366 1091/4367 1082/4368
f 1084/4369 1092/4370 1083/4371
f 1094/4372 1084/4373 1079/4374
f 1080/4375 1094/4376 1079/4377
f 1097/4378 1087/4379 1088/4380
f 1089/4381 1097/4382 1088/4383
f 1090/4384 1098/4385 1089/4386
f 1100/4387 1091/4388 1092/4389
f 1099/4390 1090/4391 1091/4392
f 1101/4393 1092/4394 1093/4395
f 1094/4396 1102/4397 1093/4398
f 1086/4399 1103/4400 1094/4401
f 1097/4402 1105/4403 1096/4404
f 1098/4405 1106/4406 1097/4407
f 1099/4408 1107/4409 1098/4410
f 1100/4411 1108/4412 1099/4413
f 1106/4414 1110/4415 1105/4416
f 1109/4417 1100/4418 1101/4419
f 1107/4420 1111/4421 1106/4422
f 1113/4423 1107/4424 1108/4425
f 1109/4426 1114/4427 1108/4428
f 1101/4429 1115/4430 1109/4431
f 1117/4432 1102/4433 1103/4434
f 1116/4435 1101/4436 1102/4437
f 1104/4438 1117/4439 1103/4440
f 1111/4441 1119/4442 1110/4443
f 1112/4444 1120/4445 1111/4446
f 1113/4447 1121/4448 1112/4449
f 1123/4450 1114/4451 1115/4452
f 1122/4453 1113/4454 1114/4455
f 1116/4456 1123/4457 1115/4458
f 1117/4459 1124/4460 1116/4461
f 1118/4462 1125/4463 1117/4464
f 1120/4465 1129/4466 1128/4467
f 1127/4468 1119/4469 1120/4470
f 1121/4471 1130/4472 1129/4473
f 1122/4474 1131/4475 1130/4476
f 1123/4477 1132/4478 1131/4479
f 1128/4480 1133/4481 1127/4482
f 1125/4483 1132/4484 1124/4485
f 1128/4486 1135/4487 1134/4488
f 1129/4489 1136/4490 1135/4491
f 1131/4492 1137/4493 1130/4494
f 1137/4495 1136/4496 1130/4497
f 1131/4498 1139/4499 1138/4500
f 1132/4501 1140/4502 1139/4503
f 1126/4504 1140/4505 1125/4506
f 1133/4507 1143/4508 1142/4509
f 1134/4510 1144/4511 1143/4512
f 1136/4513 1144/4514 1135/4515
f 1137/4516 1146/4517 1145/4518
f 1138/4519 1147/4520 1146/4521
f 1140/4522 1148/4523 1139/4524
f 1148/4525 1147/4526 1139/4527
f 1141/4528 1149/4529 1140/4530
f 1142/4531 1152/4532 1151/4533
f 1143/4534 1153/4535 1152/4536
f 1144/4537 1154/4538 1153/4539
f 1145/4540 1155/4541 1154/4542
f 1152/4543 1156/4544 1151/4545
f 1147/4546 1155/4547 1146/4548
f 1152/4549 1158/4550 1157/4551
f 1153/4552 1159/4553 1158/4554
f 1155/4555 1160/4556 1154/4557
f 1160/4558 1159/4559 1154/4560
f 1147/4561 1161/4562 1155/4563
f 1148/4564 1163/4565 1162/4566
f 1150/4567 1163/4568 1149/4569
f 1157/4570 1165/4571 1156/4572
f 1157/4573 1167/4574 1166/4575
f 1159/4576 1167/4577 1158/4578
f 1160/4579 1169/4580 1168/4581
f 1161/4582 1170/4583 1169/4584
f 1163/4585 1170/4586 1162/4587
f 1163/4588 1172/4589 1171/4590
f 1167/4591 1175/4592 1174/4593
f 1168/4594 1176/4595 1175/4596
f 1169/4597 1177/4598 1176/4599
f 1165/4600 1180/4601 1179/4602
f 1171/4603 1177/4604 1170/4605
f 1174/4606 1180/4607 1166/4608
f 1174/4609 1182/4610 1181/4611
f 1175/4612 1183/4613 1182/4614
f 1176/4615 1184/4616 1183/4617
f 1177/4618 1185/4619 1184/4620
f 1178/4621 1185/4622 1171/4623
f 1180/4624 1188/4625 1187/4626
f 1181/4627 1189/4628 1188/4629
f 1182/4630 1190/4631 1189/4632
f 1183/4633 1191/4634 1190/4635
f 1184/4636 1192/4637 1191/4638
f 1186/4639 1192/4640 1185/4641
f 1188/4642 1195/4643 1187/4644
f 1187/4645 1194/4646 1179/4647
f 1189/4648 1196/4649 1188/4650
f 1190/4651 1197/4652 1189/4653
f 1191/4654 1198/4655 1190/4656
f 1192/4657 1199/4658 1191/4659
f 1197/4660 1202/4661 1196/4662
f 1200/4663 1192/4664 1193/4665
f 1201/4666 1194/4667 1195/4668
f 1198/4669 1203/4670 1197/4671
f 1208/4672 1201/4673 1195/4674
f 1204/4675 1198/4676 1199/4677
f 1209/4678 1195/4679 1202/4680
f 1203/4681 1209/4682 1202/4683
f 1204/4684 1210/4685 1203/4686
f 1212/4687 1204/4688 1199/4689
f 1200/4690 1212/4691 1199/4692
f 1205/4693 1213/4694 1200/4695
f 1210/4696 1215/4697 1209/4698
f 1211/4699 1216/4700 1210/4701
f 1212/4702 1217/4703 1211/4704
f 1221/4705 1207/4706 1208/4707
f 1218/4708 1212/4709 1213/4710
f 1215/4711 1221/4712 1208/4713
f 1223/4714 1215/4715 1216/4716
f 1217/4717 1224/4718 1216/4719
f 1218/4720 1225/4721 1217/4722
f 1227/4723 1218/4724 1213/4725
f 1228/4726 1213/4727 1214/4728
f 1232/4729 1220/4730 1221/4731
f 1222/4732 1232/4733 1221/4734
f 1223/4735 1233/4736 1222/4737
f 1235/4738 1224/4739 1225/4740
f 1234/4741 1223/4742 1224/4743
f 1236/4744 1225/4745 1226/4746
f 1227/4747 1237/4748 1226/4749
f 1229/4750 1227/4751 1228/4752
f 1232/4753 1239/4754 1231/4755
f 1233/4756 1240/4757 1232/4758
f 1234/4759 1241/4760 1233/4761
f 1235/4762 1243/4763 1234/4764
f 1240/4765 1246/4766 1239/4767
f 1244/4768 1235/4769 1236/4770
f 1241/4771 1247/4772 1240/4773
f 1244/4774 1249/4775 1243/4776
f 1248/4777 1241/4778 1242/4779
f 1236/4780 1250/4781 1244/4782
f 1252/4783 1237/4784 1238/4785
f 1251/4786 1236/4787 1237/4788
f 1245/4789 1238/4790 1229/4791
f 1255/4792 1246/4793 1247/4794
f 1253/4795 1242/4796 1249/4797
f 1248/4798 1255/4799 1247/4800
f 1258/4801 1249/4802 1250/4803
f 1256/4804 1248/4805 1253/4806
f 1259/4807 1250/4808 1251/4809
f 1252/4810 1260/4811 1251/4812
f 1245/4813 1261/4814 1252/4815
f 750/4816 1322/4817 741/4818
f 1262/4819 1253/4820 1257/4821
f 1264/4822 1254/4823 1255/4824
f 728/4825 1255/4826 1256/4827
f 1323/4828 1264/4829 732/4830
f 1322/4831 732/4832 741/4833
f 1321/4834 755/4835 764/4836
f 1286/4837 750/4838 755/4839
f 777/4840 1321/4841 764/4842
f 792/4843 1320/4844 1287/4845
f 1287/4846 777/4847 792/4848
f 864/4849 1281/4850 858/4851
f 1319/4852 1320/4853 805/4854
f 1280/4855 1318/4856 827/4857
f 1318/4858 1319/4859 818/4860
f 1288/4861 1280/4862 840/4863
f 740/4864 1279/4865 711/4866
f 749/4867 711/4868 1278/4869
f 763/4870 1278/4871 1277/4872
f 1281/4873 1288/4874 849/4875
f 873/4876 1289/4877 864/4878
f 1317/4879 882/4880 887/4881
f 1282/4882 873/4883 882/4884
f 1290/4885 887/4886 897/4887
f 1291/4888 897/4889 909/4890
f 932/4891 1292/4892 1283/4893
f 1283/4894 909/4895 924/4896
f 948/4897 1292/4898 936/4899
f 957/4900 1284/4901 948/4902
f 966/4903 1293/4904 1316/4905
f 982/4906 1293/4907 973/4908
f 799/4909 712/4910 1276/4911
f 776/4912 1277/4913 712/4914
f 717/4915 916/4916 716/4917
f 1276/4918 713/4919 804/4920
f 713/4921 1275/4922 817/4923
f 835/4924 714/4925 848/4926
f 881/4927 1274/4928 715/4929
f 895/4930 715/4931 896/4932
f 904/4933 896/4934 716/4935
f 931/4936 717/4937 718/4938
f 943/4939 718/4940 719/4941
f 956/4942 719/4943 720/4944
f 720/4945 965/4946 956/4947
f 1315/4948 1006/4949 1015/4950
f 721/4951 722/4952 972/4953
f 1285/4954 992/4955 997/4956
f 1295/4957 997/4958 1006/4959
f 1059/4960 1296/4961 1044/4962
f 1315/4963 1015/4964 1020/4965
f 1314/4966 1020/4967 1030/4968
f 1313/4969 1030/4970 1044/4971
f 1067/4972 1298/4973 1297/4974
f 1302/4975 1299/4976 1096/4977
f 1299/4978 1298/4979 1087/4980
f 1014/4981 724/4982 725/4983
f 1303/4984 1302/4985 1110/4986
f 1028/4987 725/4988 1029/4989
f 1037/4990 1029/4991 1038/4992
f 1133/4993 1304/4994 1127/4995
f 1304/4996 1303/4997 1119/4998
f 1142/4999 1305/5000 1133/5001
f 1300/5002 1151/5003 1156/5004
f 1306/5005 1142/5006 1151/5007
f 1307/5008 1156/5009 1165/5010
f 1308/5011 1165/5012 1179/5013
f 1201/5014 1311/5015 1312/5016
f 1312/5017 1179/5018 1194/5019
f 1220/5020 1311/5021 1207/5022
f 1231/5023 1310/5024 1220/5025
f 1239/5026 1309/5027 1301/5028
f 1254/5029 1309/5030 1246/5031
f 1051/5032 1038/5033 1273/5034
f 1066/5035 1058/5036 1273/5037
f 1080/5038 1072/5039 1071/5040
f 1086/5041 1080/5042 1085/5043
f 1150/5044 1270/5045 727/5046
f 1178/5047 1173/5048 1269/5049
f 1164/5050 727/5051 1173/5052
f 1269/5053 1268/5054 1193/5055
f 1228/5056 1214/5057 1219/5058
f 1219/5059 1230/5060 1229/5061
f 1364/5062 1449/5063 1350/5064
f 1366/5065 1358/5066 1367/5067
f 1365/5068 1450/5069 1366/5070
f 1352/5071 1425/5072 1426/5073
f 1352/5074 1351/5075 1425/5076
f 1368/5077 1429/5078 1369/5079
f 1450/5080 1358/5081 1366/5082
f 1367/5083 1359/5084 1351/5085
f 1426/5086 1428/5087 1368/5088
f 1423/5089 1359/5090 1367/5091
f 1348/5092 1417/5093 1349/5094
f 1354/5095 1444/5096 1355/5097
f 1379/5098 1447/5099 1356/5100
f 1380/5101 1381/5102 1348/5103
f 1348/5104 1381/5105 1454/5106
f 1325/5107 1362/5108 1373/5109
f 1326/5110 1435/5111 1325/5112
f 1374/5113 1438/5114 1375/5115
f 1376/5116 1440/5117 1377/5118
f 1375/5119 1439/5120 1376/5121
f 1373/5122 1363/5123 1374/5124
f 1444/5125 1445/5126 1355/5127
f 1355/5128 1445/5129 1378/5130
f 1453/5131 1381/5132 1380/5133
f 1378/5134 1452/5135 1379/5136
f 1377/5137 1441/5138 1353/5139
f 1348/5140 1454/5141 1417/5142
f 1349/5143 1417/5144 1418/5145
f 1364/5146 1418/5147 1449/5148
f 1365/5149 1357/5150 1450/5151
f 1367/5152 1358/5153 1423/5154
f 1351/5155 1359/5156 1425/5157
f 1354/5158 1451/5159 1444/5160
f 1383/5161 1570/5162 1571/5163
f 1384/5164 1393/5165 1341/5166
f 1383/5167 1571/5168 1384/5169
f 1385/5170 1608/5171 1577/5172
f 1385/5173 1577/5174 1386/5175
f 1387/5176 1579/5177 1580/5178
f 1387/5179 1580/5180 1581/5181
f 1398/5182 1609/5183 1399/5184
f 1382/5185 1570/5186 1383/5187
f 1391/5188 1601/5189 1392/5190
f 1408/5191 1604/5192 1338/5193
f 1409/5194 1606/5195 1382/5196
f 1382/5197 1606/5198 1397/5199
f 1389/5200 1588/5201 1390/5202
f 1400/5203 1610/5204 1401/5205
f 1390/5206 1590/5207 1400/5208
f 1402/5209 1594/5210 1403/5211
f 1404/5212 1394/5213 1405/5214
f 1403/5215 1595/5216 1404/5217
f 1401/5218 1592/5219 1402/5220
f 1601/5221 1602/5222 1392/5223
f 1392/5224 1602/5225 1407/5226
f 1604/5227 1408/5228 1603/5229
f 1407/5230 1396/5231 1408/5232
f 1405/5233 1597/5234 1406/5235
f 1382/5236 1397/5237 1570/5238
f 1391/5239 1395/5240 1601/5241
f 1434/5242 1413/5243 1424/5244
f 1437/5245 1436/5246 1434/5247
f 1443/5248 1414/5249 1437/5250
f 1430/5251 1413/5252 1431/5253
f 1434/5254 1431/5255 1413/5256
f 1424/5257 1413/5258 1427/5259
f 1415/5260 1443/5261 1410/5262
f 1411/5263 1416/5264 1448/5265
f 1448/5266 1410/5267 1411/5268
f 1422/5269 1420/5270 1424/5271
f 1420/5272 1412/5273 1411/5274
f 1418/5275 1417/5276 1411/5277
f 1418/5278 1411/5279 1412/5280
f 1420/5281 1419/5282 1412/5283
f 1357/5284 1421/5285 1422/5286
f 1358/5287 1450/5288 1422/5289
f 1359/5290 1423/5291 1424/5292
f 1426/5293 1425/5294 1427/5295
f 1432/5296 1361/5297 1431/5298
f 1433/5299 1432/5300 1434/5301
f 1437/5302 1363/5303 1436/5304
f 1438/5305 1437/5306 1414/5307
f 1443/5308 1440/5309 1414/5310
f 1442/5311 1441/5312 1443/5313
f 1410/5314 1445/5315 1415/5316
f 1446/5317 1410/5318 1448/5319
f 1447/5320 1446/5321 1448/5322
f 1454/5323 1416/5324 1417/5325
f 1417/5326 1416/5327 1411/5328
f 1431/5329 1434/5330 1432/5331
f 1436/5332 1363/5333 1362/5334
f 1550/5335 1544/5336 1455/5337
f 1538/5338 1457/5339 1540/5340
f 1458/5341 1538/5342 1536/5343
f 1538/5344 1544/5345 1457/5346
f 1548/5347 1547/5348 1550/5349
f 1544/5350 1550/5351 1547/5352
f 1455/5353 1552/5354 1550/5355
f 1528/5356 1565/5357 1459/5358
f 1459/5359 1458/5360 1534/5361
f 1459/5362 1531/5363 1528/5364
f 1557/5365 1455/5366 1456/5367
f 1561/5368 1565/5369 1563/5370
f 1561/5371 1456/5372 1565/5373
f 1327/5374 1564/5375 1467/5376
f 1549/5377 1331/5378 1332/5379
f 1546/5380 1333/5381 1477/5382
f 1560/5383 1460/5384 1461/5385
f 1562/5386 1327/5387 1460/5388
f 1469/5389 1329/5390 1462/5391
f 1555/5392 1462/5393 1330/5394
f 1468/5395 1461/5396 1328/5397
f 1554/5398 1330/5399 1475/5400
f 1553/5401 1475/5402 1476/5403
f 1551/5404 1476/5405 1331/5406
f 1471/5407 1332/5408 1333/5409
f 1471/5410 1549/5411 1332/5412
f 1478/5413 1545/5414 1477/5415
f 1479/5416 1543/5417 1478/5418
f 1474/5419 1337/5420 1465/5421
f 1566/5422 1465/5423 1466/5424
f 1542/5425 1543/5426 1479/5427
f 1539/5428 1541/5429 1480/5430
f 1569/5431 1473/5432 1335/5433
f 1481/5434 1567/5435 1464/5436
f 1483/5437 1533/5438 1482/5439
f 1482/5440 1535/5441 1481/5442
f 1527/5443 1466/5444 1467/5445
f 1337/5446 1532/5447 1483/5448
f 1464/5449 1568/5450 1336/5451
f 1327/5452 1562/5453 1564/5454
f 1460/5455 1560/5456 1562/5457
f 1331/5458 1470/5459 1551/5460
f 1477/5461 1545/5462 1546/5463
f 1331/5464 1549/5465 1470/5466
f 1336/5467 1568/5468 1569/5469
f 1467/5470 1564/5471 1527/5472
f 1466/5473 1527/5474 1566/5475
f 1465/5476 1529/5477 1474/5478
f 1589/5479 1488/5480 1486/5481
f 1593/5482 1591/5483 1589/5484
f 1599/5485 1596/5486 1593/5487
f 1585/5488 1488/5489 1489/5490
f 1589/5491 1489/5492 1488/5493
f 1486/5494 1488/5495 1487/5496
f 1600/5497 1599/5498 1484/5499
f 1485/5500 1607/5501 1490/5502
f 1490/5503 1484/5504 1485/5505
f 1576/5506 1574/5507 1486/5508
f 1574/5509 1572/5510 1485/5511
f 1496/5512 1633/5513 1491/5514
f 1497/5515 1630/5516 1628/5517
f 1630/5518 1497/5519 1633/5520
f 1621/5521 1497/5522 1624/5523
f 1496/5524 1634/5525 1633/5526
f 1491/5527 1637/5528 1496/5529
f 1498/5530 1646/5531 1616/5532
f 1616/5533 1621/5534 1619/5535
f 1616/5536 1614/5537 1498/5538
f 1495/5539 1491/5540 1492/5541
f 1494/5542 1646/5543 1493/5544
f 1494/5545 1492/5546 1646/5547
f 1500/5548 1516/5549 1499/5550
f 1512/5551 1342/5552 1343/5553
f 1645/5554 1500/5555 1342/5556
f 1640/5557 1344/5558 1502/5559
f 1639/5560 1502/5561 1503/5562
f 1643/5563 1343/5564 1501/5565
f 1650/5566 1503/5567 1517/5568
f 1513/5569 1518/5570 1504/5571
f 1520/5572 1632/5573 1519/5574
f 1519/5575 1632/5576 1345/5577
f 1346/5578 1515/5579 1506/5580
f 1510/5581 1647/5582 1509/5583
f 1521/5584 1629/5585 1346/5586
f 1508/5587 1625/5588 1507/5589
f 1522/5590 1623/5591 1508/5592
f 1523/5593 1622/5594 1522/5595
f 1524/5596 1620/5597 1523/5598
f 1525/5599 1618/5600 1524/5601
f 1511/5602 1612/5603 1510/5604
f 1347/5605 1648/5606 1526/5607
f 1500/5608 1645/5609 1516/5610
f 1342/5611 1512/5612 1645/5613
f 1510/5614 1613/5615 1647/5616
f 1520/5617 1631/5618 1632/5619
f 1566/5620 1527/5621 1528/5622
f 1530/5623 1474/5624 1528/5625
f 1532/5626 1531/5627 1459/5628
f 1533/5629 1459/5630 1534/5631
f 1458/5632 1567/5633 1534/5634
f 1569/5635 1458/5636 1536/5637
f 1541/5638 1539/5639 1540/5640
f 1548/5641 1471/5642 1547/5643
f 1550/5644 1549/5645 1548/5646
f 1470/5647 1550/5648 1552/5649
f 1555/5650 1554/5651 1455/5652
f 1469/5653 1555/5654 1557/5655
f 1456/5656 1558/5657 1556/5658
f 1559/5659 1468/5660 1456/5661
f 1563/5662 1562/5663 1561/5664
f 1565/5665 1564/5666 1563/5667
f 1564/5668 1565/5669 1527/5670
f 1559/5671 1456/5672 1561/5673
f 1571/5674 1485/5675 1572/5676
f 1574/5677 1573/5678 1572/5679
f 1575/5680 1574/5681 1576/5682
f 1578/5683 1577/5684 1576/5685
f 1579/5686 1578/5687 1486/5688
f 1580/5689 1486/5690 1487/5691
f 1587/5692 1609/5693 1586/5694
f 1588/5695 1489/5696 1589/5697
f 1593/5698 1592/5699 1591/5700
f 1594/5701 1593/5702 1596/5703
f 1599/5704 1394/5705 1596/5706
f 1598/5707 1597/5708 1599/5709
f 1484/5710 1602/5711 1600/5712
f 1603/5713 1484/5714 1490/5715
f 1604/5716 1603/5717 1490/5718
f 1606/5719 1605/5720 1490/5721
f 1397/5722 1607/5723 1570/5724
f 1570/5725 1607/5726 1485/5727
f 1576/5728 1486/5729 1578/5730
f 1586/5731 1585/5732 1489/5733
f 1591/5734 1592/5735 1610/5736
f 1615/5737 1647/5738 1498/5739
f 1648/5740 1614/5741 1616/5742
f 1649/5743 1616/5744 1617/5745
f 1620/5746 1618/5747 1619/5748
f 1622/5749 1620/5750 1621/5751
f 1623/5752 1621/5753 1624/5754
f 1629/5755 1627/5756 1628/5757
f 1633/5758 1631/5759 1630/5760
f 1636/5761 1635/5762 1496/5763
f 1636/5764 1496/5765 1637/5766
f 1513/5767 1636/5768 1637/5769
f 1491/5770 1638/5771 1637/5772
f 1639/5773 1650/5774 1491/5775
f 1640/5776 1639/5777 1495/5778
f 1492/5779 1642/5780 1641/5781
f 1644/5782 1643/5783 1492/5784
f 1493/5785 1645/5786 1494/5787
f 1646/5788 1516/5789 1493/5790
f 1516/5791 1646/5792 1611/5793
f 1612/5794 1646/5795 1498/5796
f 1617/5797 1616/5798 1619/5799
f 1644/5800 1492/5801 1494/5802
f 1421/5803 1350/5804 1419/5805
f 1350/5806 1449/5807 1419/5808
f 1349/5809 1418/5810 1364/5811
f 1361/5812 1370/5813 1360/5814
f 1365/5815 1421/5816 1357/5817
f 1368/5818 1352/5819 1426/5820
f 1429/5821 1368/5822 1428/5823
f 1360/5824 1369/5825 1429/5826
f 1433/5827 1372/5828 1432/5829
f 1326/5830 1433/5831 1435/5832
f 1451/5833 1353/5834 1442/5835
f 1325/5836 1435/5837 1362/5838
f 1373/5839 1362/5840 1363/5841
f 1374/5842 1363/5843 1438/5844
f 1375/5845 1438/5846 1439/5847
f 1376/5848 1439/5849 1440/5850
f 1377/5851 1440/5852 1441/5853
f 1353/5854 1441/5855 1442/5856
f 1453/5857 1356/5858 1447/5859
f 1378/5860 1445/5861 1452/5862
f 1379/5863 1452/5864 1446/5865
f 1447/5866 1379/5867 1446/5868
f 1372/5869 1361/5870 1432/5871
f 1340/5872 1573/5873 1575/5874
f 1384/5875 1571/5876 1393/5877
f 1341/5878 1393/5879 1573/5880
f 1608/5881 1340/5882 1575/5883
f 1581/5884 1388/5885 1387/5886
f 1386/5887 1577/5888 1578/5889
f 1387/5890 1386/5891 1579/5892
f 1388/5893 1582/5894 1583/5895
f 1339/5896 1583/5897 1584/5898
f 1395/5899 1406/5900 1598/5901
f 1339/5902 1584/5903 1398/5904
f 1386/5905 1578/5906 1579/5907
f 1399/5908 1609/5909 1587/5910
f 1398/5911 1584/5912 1609/5913
f 1390/5914 1588/5915 1590/5916
f 1400/5917 1590/5918 1610/5919
f 1401/5920 1610/5921 1592/5922
f 1402/5923 1592/5924 1594/5925
f 1403/5926 1594/5927 1595/5928
f 1404/5929 1595/5930 1394/5931
f 1405/5932 1394/5933 1597/5934
f 1406/5935 1597/5936 1598/5937
f 1605/5938 1338/5939 1604/5940
f 1407/5941 1602/5942 1396/5943
f 1408/5944 1396/5945 1603/5946
f 1606/5947 1409/5948 1605/5949
f 1389/5950 1587/5951 1588/5952
f 1434/5953 1410/5954 1443/5955
f 1443/5956 1437/5957 1434/5958
f 1420/5959 1434/5960 1424/5961
f 1358/5962 1424/5963 1423/5964
f 1412/5965 1449/5966 1418/5967
f 1412/5968 1419/5969 1449/5970
f 1421/5971 1419/5972 1420/5973
f 1422/5974 1421/5975 1420/5976
f 1450/5977 1357/5978 1422/5979
f 1424/5980 1425/5981 1359/5982
f 1426/5983 1413/5984 1428/5985
f 1413/5986 1429/5987 1428/5988
f 1430/5989 1360/5990 1429/5991
f 1434/5992 1362/5993 1435/5994
f 1431/5995 1361/5996 1360/5997
f 1435/5998 1433/5999 1434/6000
f 1459/6001 1544/6002 1458/6003
f 1438/6004 1363/6005 1437/6006
f 1439/6007 1438/6008 1414/6009
f 1414/6010 1440/6011 1439/6012
f 1443/6013 1441/6014 1440/6015
f 1444/6016 1451/6017 1442/6018
f 1444/6019 1442/6020 1415/6021
f 1415/6022 1445/6023 1444/6024
f 1410/6025 1452/6026 1445/6027
f 1446/6028 1452/6029 1410/6030
f 1453/6031 1447/6032 1448/6033
f 1416/6034 1453/6035 1448/6036
f 1416/6037 1381/6038 1453/6039
f 1416/6040 1454/6041 1381/6042
f 1415/6043 1442/6044 1443/6045
f 1544/6046 1538/6047 1458/6048
f 1456/6049 1544/6050 1565/6051
f 1329/6052 1558/6053 1328/6054
f 1468/6055 1560/6056 1461/6057
f 1558/6058 1468/6059 1328/6060
f 1479/6061 1541/6062 1542/6063
f 1555/6064 1469/6065 1462/6066
f 1469/6067 1556/6068 1329/6069
f 1553/6070 1554/6071 1475/6072
f 1551/6073 1553/6074 1476/6075
f 1546/6076 1471/6077 1333/6078
f 1554/6079 1555/6080 1330/6081
f 1336/6082 1569/6083 1335/6084
f 1478/6085 1543/6086 1545/6087
f 1537/6088 1463/6089 1472/6090
f 1472/6091 1335/6092 1473/6093
f 1539/6094 1334/6095 1537/6096
f 1589/6097 1484/6098 1599/6099
f 1464/6100 1567/6101 1568/6102
f 1481/6103 1535/6104 1567/6105
f 1482/6106 1533/6107 1535/6108
f 1483/6109 1532/6110 1533/6111
f 1337/6112 1530/6113 1532/6114
f 1337/6115 1474/6116 1530/6117
f 1465/6118 1566/6119 1529/6120
f 1599/6121 1593/6122 1589/6123
f 1486/6124 1485/6125 1589/6126
f 1616/6127 1633/6128 1621/6129
f 1633/6130 1497/6131 1621/6132
f 1492/6133 1633/6134 1646/6135
f 1344/6136 1642/6137 1501/6138
f 1643/6139 1512/6140 1343/6141
f 1642/6142 1643/6143 1501/6144
f 1517/6145 1638/6146 1650/6147
f 1639/6148 1640/6149 1502/6150
f 1640/6151 1641/6152 1344/6153
f 1504/6154 1635/6155 1636/6156
f 1636/6157 1513/6158 1504/6159
f 1513/6160 1638/6161 1518/6162
f 1505/6163 1514/6164 1635/6165
f 1631/6166 1506/6167 1515/6168
f 1345/6169 1632/6170 1514/6171
f 1650/6172 1639/6173 1503/6174
f 1627/6175 1507/6176 1626/6177
f 1346/6178 1629/6179 1515/6180
f 1521/6181 1627/6182 1629/6183
f 1507/6184 1625/6185 1626/6186
f 1522/6187 1622/6188 1623/6189
f 1508/6190 1623/6191 1625/6192
f 1525/6193 1649/6194 1617/6195
f 1524/6196 1618/6197 1620/6198
f 1615/6199 1509/6200 1647/6201
f 1526/6202 1648/6203 1649/6204
f 1525/6205 1617/6206 1618/6207
f 1347/6208 1615/6209 1648/6210
f 1611/6211 1499/6212 1516/6213
f 1510/6214 1612/6215 1613/6216
f 1511/6217 1611/6218 1612/6219
f 1472/6220 1538/6221 1537/6222
f 1523/6223 1620/6224 1622/6225
f 1528/6226 1527/6227 1565/6228
f 1529/6229 1566/6230 1528/6231
f 1528/6232 1474/6233 1529/6234
f 1531/6235 1530/6236 1528/6237
f 1531/6238 1532/6239 1530/6240
f 1533/6241 1532/6242 1459/6243
f 1535/6244 1533/6245 1534/6246
f 1534/6247 1567/6248 1535/6249
f 1458/6250 1568/6251 1567/6252
f 1569/6253 1568/6254 1458/6255
f 1473/6256 1569/6257 1536/6258
f 1536/6259 1472/6260 1473/6261
f 1538/6262 1539/6263 1537/6264
f 1540/6265 1542/6266 1541/6267
f 1543/6268 1544/6269 1545/6270
f 1457/6271 1543/6272 1542/6273
f 1544/6274 1546/6275 1545/6276
f 1553/6277 1455/6278 1554/6279
f 1547/6280 1471/6281 1546/6282
f 1548/6283 1549/6284 1471/6285
f 1470/6286 1549/6287 1550/6288
f 1551/6289 1470/6290 1552/6291
f 1553/6292 1551/6293 1552/6294
f 1582/6295 1488/6296 1583/6297
f 1557/6298 1555/6299 1455/6300
f 1556/6301 1469/6302 1557/6303
f 1456/6304 1468/6305 1558/6306
f 1560/6307 1468/6308 1559/6309
f 1561/6310 1560/6311 1559/6312
f 1562/6313 1560/6314 1561/6315
f 1563/6316 1564/6317 1562/6318
f 1556/6319 1557/6320 1456/6321
f 1571/6322 1570/6323 1485/6324
f 1572/6325 1393/6326 1571/6327
f 1572/6328 1573/6329 1393/6330
f 1575/6331 1573/6332 1574/6333
f 1608/6334 1575/6335 1576/6336
f 1576/6337 1577/6338 1608/6339
f 1580/6340 1579/6341 1486/6342
f 1581/6343 1580/6344 1487/6345
f 1487/6346 1582/6347 1581/6348
f 1488/6349 1584/6350 1583/6351
f 1585/6352 1609/6353 1584/6354
f 1589/6355 1610/6356 1590/6357
f 1489/6358 1587/6359 1586/6360
f 1489/6361 1588/6362 1587/6363
f 1590/6364 1588/6365 1589/6366
f 1625/6367 1497/6368 1626/6369
f 1594/6370 1592/6371 1593/6372
f 1595/6373 1594/6374 1596/6375
f 1596/6376 1394/6377 1595/6378
f 1599/6379 1597/6380 1394/6381
f 1601/6382 1395/6383 1598/6384
f 1601/6385 1598/6386 1600/6387
f 1600/6388 1602/6389 1601/6390
f 1484/6391 1396/6392 1602/6393
f 1603/6394 1396/6395 1484/6396
f 1605/6397 1604/6398 1490/6399
f 1607/6400 1606/6401 1490/6402
f 1607/6403 1397/6404 1606/6405
f 1600/6406 1598/6407 1599/6408
f 1612/6409 1611/6410 1646/6411
f 1498/6412 1613/6413 1612/6414
f 1498/6415 1647/6416 1613/6417
f 1614/6418 1615/6419 1498/6420
f 1614/6421 1648/6422 1615/6423
f 1649/6424 1648/6425 1616/6426
f 1619/6427 1618/6428 1617/6429
f 1621/6430 1620/6431 1619/6432
f 1623/6433 1622/6434 1621/6435
f 1624/6436 1625/6437 1623/6438
f 1497/6439 1627/6440 1626/6441
f 1628/6442 1515/6443 1629/6444
f 1634/6445 1632/6446 1633/6447
f 1630/6448 1631/6449 1515/6450
f 1632/6451 1631/6452 1633/6453
f 1634/6454 1635/6455 1514/6456
f 1638/6457 1513/6458 1637/6459
f 1491/6460 1650/6461 1638/6462
f 1495/6463 1639/6464 1491/6465
f 1641/6466 1640/6467 1495/6468
f 1492/6469 1643/6470 1642/6471
f 1512/6472 1643/6473 1644/6474
f 1494/6475 1512/6476 1644/6477
f 1645/6478 1512/6479 1494/6480
f 1493/6481 1516/6482 1645/6483
f 1641/6484 1495/6485 1492/6486
f 2/6487 5/6488 6/6489
f 275/6490 7/6491 4/6492
f 4/6493 7/6494 8/6495
f 5/6496 8/6497 9/6498
f 276/6499 10/6500 7/6501
f 7/6502 10/6503 11/6504
f 8/6505 11/6506 12/6507
f 10/6508 13/6509 14/6510
f 11/6511 14/6512 15/6513
f 13/6514 16/6515 17/6516
f 14/6517 17/6518 18/6519
f 16/6520 19/6521 20/6522
f 20/6523 23/6524 18/6525
f 25/6526 28/6527 29/6528
f 26/6529 29/6530 30/6531
f 29/6532 35/6533 32/6534
f 38/6535 39/6536 35/6537
f 40/6538 41/6539 38/6540
f 41/6541 42/6542 39/6543
f 44/6544 45/6545 41/6546
f 45/6547 46/6548 42/6549
f 46/6550 50/6551 43/6552
f 47/6553 48/6554 45/6555
f 48/6556 49/6557 46/6558
f 51/6559 52/6560 48/6561
f 52/6562 53/6563 49/6564
f 54/6565 50/6566 49/6567
f 55/6568 56/6569 52/6570
f 56/6571 57/6572 53/6573
f 59/6574 60/6575 56/6576
f 60/6577 61/6578 57/6579
f 63/6580 64/6581 60/6582
f 64/6583 67/6584 61/6585
f 67/6586 68/6587 62/6588
f 65/6589 66/6590 64/6591
f 69/6592 70/6593 66/6594
f 71/6595 67/6596 66/6597
f 71/6598 387/6599 68/6600
f 69/6601 72/6602 73/6603
f 70/6604 73/6605 74/6606
f 74/6607 386/6608 387/6609
f 72/6610 75/6611 76/6612
f 73/6613 76/6614 77/6615
f 77/6616 81/6617 386/6618
f 75/6619 78/6620 79/6621
f 76/6622 79/6623 80/6624
f 78/6625 82/6626 83/6627
f 79/6628 83/6629 84/6630
f 80/6631 84/6632 484/6633
f 82/6634 85/6635 86/6636
f 83/6637 86/6638 87/6639
f 85/6640 89/6641 90/6642
f 86/6643 90/6644 91/6645
f 89/6646 93/6647 94/6648
f 90/6649 94/6650 95/6651
f 93/6652 96/6653 97/6654
f 94/6655 97/6656 98/6657
f 100/6658 102/6659 97/6660
f 97/6661 102/6662 103/6663
f 98/6664 103/6665 104/6666
f 102/6667 105/6668 106/6669
f 103/6670 106/6671 107/6672
f 108/6673 109/6674 105/6675
f 111/6676 112/6677 109/6678
f 112/6679 116/6680 110/6681
f 114/6682 112/6683 111/6684
f 117/6685 119/6686 114/6687
f 119/6688 120/6689 115/6690
f 121/6691 116/6692 115/6693
f 123/6694 119/6695 118/6696
f 123/6697 124/6698 120/6699
f 124/6700 125/6701 121/6702
f 126/6703 127/6704 123/6705
f 127/6706 128/6707 124/6708
f 128/6709 129/6710 125/6711
f 130/6712 131/6713 127/6714
f 131/6715 134/6716 128/6717
f 135/6718 129/6719 128/6720
f 132/6721 133/6722 131/6723
f 136/6724 137/6725 133/6726
f 138/6727 134/6728 133/6729
f 138/6730 142/6731 135/6732
f 139/6733 140/6734 137/6735
f 140/6736 141/6737 138/6738
f 139/6739 143/6740 144/6741
f 144/6742 147/6743 141/6744
f 141/6745 147/6746 148/6747
f 143/6748 145/6749 146/6750
f 145/6751 149/6752 150/6753
f 149/6754 152/6755 153/6756
f 156/6757 158/6758 153/6759
f 153/6760 158/6761 159/6762
f 154/6763 159/6764 160/6765
f 157/6766 161/6767 162/6768
f 158/6769 162/6770 163/6771
f 163/6772 166/6773 160/6774
f 164/6775 165/6776 162/6777
f 164/6778 167/6779 168/6780
f 165/6781 168/6782 169/6783
f 167/6784 170/6785 171/6786
f 175/6787 176/6788 172/6789
f 176/6790 177/6791 173/6792
f 179/6793 175/6794 174/6795
f 179/6796 180/6797 176/6798
f 180/6799 184/6800 177/6801
f 181/6802 182/6803 179/6804
f 182/6805 183/6806 180/6807
f 185/6808 186/6809 182/6810
f 186/6811 187/6812 183/6813
f 188/6814 184/6815 183/6816
f 189/6817 190/6818 186/6819
f 190/6820 191/6821 187/6822
f 193/6823 194/6824 190/6825
f 194/6826 195/6827 191/6828
f 197/6829 198/6830 194/6831
f 198/6832 201/6833 195/6834
f 201/6835 202/6836 196/6837
f 199/6838 200/6839 198/6840
f 203/6841 204/6842 200/6843
f 205/6844 201/6845 200/6846
f 205/6847 376/6848 202/6849
f 206/6850 207/6851 204/6852
f 207/6853 208/6854 205/6855
f 208/6856 209/6857 376/6858
f 206/6859 210/6860 211/6861
f 211/6862 214/6863 208/6864
f 208/6865 214/6866 215/6867
f 210/6868 212/6869 213/6870
f 212/6871 216/6872 217/6873
f 1/6874 4/6875 5/6876
f 213/6877 217/6878 218/6879
f 218/6880 373/6881 215/6882
f 216/6883 219/6884 220/6885
f 217/6886 220/6887 221/6888
f 219/6889 223/6890 224/6891
f 220/6892 224/6893 225/6894
f 223/6895 227/6896 228/6897
f 224/6898 228/6899 229/6900
f 225/6901 229/6902 230/6903
f 227/6904 231/6905 232/6906
f 228/6907 232/6908 233/6909
f 229/6910 233/6911 371/6912
f 231/6913 234/6914 235/6915
f 232/6916 235/6917 236/6918
f 236/6919 238/6920 371/6921
f 234/6922 237/6923 240/6924
f 235/6925 240/6926 241/6927
f 245/6928 241/6929 240/6930
f 248/6931 244/6932 243/6933
f 248/6934 249/6935 245/6936
f 251/6937 252/6938 248/6939
f 252/6940 253/6941 249/6942
f 255/6943 256/6944 252/6945
f 256/6946 259/6947 253/6948
f 260/6949 254/6950 253/6951
f 262/6952 263/6953 258/6954
f 264/6955 259/6956 258/6957
f 266/6958 267/6959 264/6960
f 269/6961 270/6962 267/6963
f 271/6964 268/6965 367/6966
f 271/6967 272/6968 269/6969
f 272/6970 273/6971 270/6972
f 274/6973 1/6974 271/6975
f 1/6976 2/6977 272/6978
f 2/6979 3/6980 273/6981
f 392/6982 464/6983 391/6984
f 413/6985 415/6986 416/6987
f 427/6988 375/6989 374/6990
f 432/6991 434/6992 377/6993
f 434/6994 435/6995 436/6996
f 448/6997 450/6998 382/6999
f 454/7000 456/7001 457/7002
f 456/7003 458/7004 384/7005
f 385/7006 462/7007 399/7008
f 470/7009 471/7010 388/7011
f 470/7012 401/7013 472/7014
f 401/7015 473/7016 389/7017
f 403/7018 475/7019 474/7020
f 425/7021 429/7022 427/7023
f 496/7024 498/7025 668/7026
f 499/7027 500/7028 502/7029
f 507/7030 508/7031 506/7032
f 682/7033 521/7034 519/7035
f 523/7036 524/7037 522/7038
f 523/7039 525/7040 527/7041
f 525/7042 528/7043 530/7044
f 532/7045 535/7046 536/7047
f 535/7048 538/7049 539/7050
f 538/7051 541/7052 542/7053
f 703/7054 546/7055 542/7056
f 685/7057 562/7058 558/7059
f 708/7060 688/7061 576/7062
f 689/7063 577/7064 576/7065
f 690/7066 578/7067 577/7068
f 581/7069 582/7070 710/7071
f 583/7072 584/7073 582/7074
f 585/7075 584/7076 583/7077
f 586/7078 588/7079 589/7080
f 694/7081 695/7082 601/7083
f 617/7084 623/7085 624/7086
f 1264/7087 728/7088 733/7089
f 728/7090 729/7091 734/7092
f 1265/7093 736/7094 735/7095
f 1259/7096 737/7097 736/7098
f 1260/7099 1261/7100 738/7101
f 1261/7102 1263/7103 731/7104
f 732/7105 733/7106 742/7107
f 733/7108 734/7109 743/7110
f 735/7111 736/7112 745/7113
f 736/7114 737/7115 746/7116
f 738/7117 748/7118 747/7119
f 738/7120 731/7121 749/7122
f 741/7123 742/7124 751/7125
f 742/7126 743/7127 752/7128
f 743/7129 739/7130 753/7131
f 744/7132 745/7133 754/7134
f 751/7135 756/7136 755/7137
f 751/7138 752/7139 757/7140
f 752/7141 753/7142 758/7143
f 754/7144 760/7145 759/7146
f 746/7147 761/7148 760/7149
f 747/7150 748/7151 762/7152
f 749/7153 763/7154 762/7155
f 756/7156 765/7157 764/7158
f 756/7159 757/7160 766/7161
f 758/7162 767/7163 766/7164
f 759/7165 760/7166 768/7167
f 760/7168 761/7169 769/7170
f 762/7171 770/7172 769/7173
f 762/7174 763/7175 771/7176
f 766/7177 767/7178 773/7179
f 767/7180 768/7181 774/7182
f 768/7183 769/7184 775/7185
f 764/7186 765/7187 778/7188
f 772/7189 779/7190 778/7191
f 772/7192 773/7193 780/7194
f 773/7195 774/7196 781/7197
f 774/7198 775/7199 782/7200
f 775/7201 770/7202 783/7203
f 776/7204 784/7205 783/7206
f 778/7207 779/7208 786/7209
f 779/7210 780/7211 787/7212
f 780/7213 781/7214 788/7215
f 781/7216 782/7217 789/7218
f 782/7219 783/7220 790/7221
f 783/7222 784/7223 791/7224
f 786/7225 794/7226 793/7227
f 787/7228 795/7229 794/7230
f 788/7231 796/7232 795/7233
f 789/7234 797/7235 796/7236
f 790/7237 798/7238 797/7239
f 791/7240 799/7241 798/7242
f 795/7243 802/7244 801/7245
f 796/7246 803/7247 802/7248
f 806/7249 805/7250 800/7251
f 807/7252 806/7253 793/7254
f 802/7255 808/7256 807/7257
f 803/7258 809/7259 808/7260
f 810/7261 809/7262 803/7263
f 798/7264 811/7265 810/7266
f 804/7267 811/7268 798/7269
f 808/7270 814/7271 813/7272
f 809/7273 815/7274 814/7275
f 810/7276 816/7277 815/7278
f 819/7279 818/7280 805/7281
f 813/7282 820/7283 819/7284
f 821/7285 820/7286 813/7287
f 815/7288 823/7289 822/7290
f 816/7291 824/7292 823/7293
f 825/7294 824/7295 816/7296
f 812/7297 817/7298 825/7299
f 819/7300 828/7301 827/7302
f 829/7303 828/7304 819/7305
f 821/7306 830/7307 829/7308
f 831/7309 830/7310 822/7311
f 832/7312 831/7313 823/7314
f 825/7315 834/7316 833/7317
f 826/7318 834/7319 825/7320
f 830/7321 838/7322 837/7323
f 490/7324 492/7325 671/7326
f 831/7327 839/7328 838/7329
f 841/7330 840/7331 836/7332
f 837/7333 842/7334 841/7335
f 843/7336 842/7337 837/7338
f 839/7339 845/7340 844/7341
f 832/7342 846/7343 845/7344
f 847/7345 846/7346 833/7347
f 848/7348 847/7349 834/7350
f 841/7351 850/7352 849/7353
f 842/7354 851/7355 850/7356
f 843/7357 852/7358 851/7359
f 853/7360 852/7361 844/7362
f 846/7363 854/7364 853/7365
f 847/7366 855/7367 854/7368
f 848/7369 856/7370 855/7371
f 850/7372 851/7373 860/7374
f 851/7375 852/7376 861/7377
f 852/7378 853/7379 862/7380
f 853/7381 854/7382 863/7383
f 859/7384 865/7385 864/7386
f 859/7387 860/7388 866/7389
f 860/7390 861/7391 867/7392
f 862/7393 869/7394 868/7395
f 862/7396 863/7397 870/7398
f 863/7399 855/7400 871/7401
f 855/7402 856/7403 872/7404
f 864/7405 865/7406 874/7407
f 865/7408 866/7409 875/7410
f 867/7411 876/7412 875/7413
f 868/7414 869/7415 877/7416
f 869/7417 870/7418 878/7419
f 871/7420 880/7421 879/7422
f 871/7423 872/7424 881/7425
f 873/7426 874/7427 883/7428
f 874/7429 875/7430 884/7431
f 875/7432 876/7433 885/7434
f 876/7435 877/7436 886/7437
f 883/7438 888/7439 887/7440
f 883/7441 884/7442 889/7443
f 884/7444 885/7445 890/7446
f 886/7447 892/7448 891/7449
f 878/7450 893/7451 892/7452
f 879/7453 880/7454 894/7455
f 880/7456 881/7457 895/7458
f 888/7459 898/7460 897/7461
f 888/7462 889/7463 899/7464
f 890/7465 900/7466 899/7467
f 891/7468 892/7469 901/7470
f 892/7471 893/7472 902/7473
f 894/7474 903/7475 902/7476
f 894/7477 895/7478 904/7479
f 899/7480 900/7481 906/7482
f 900/7483 901/7484 907/7485
f 901/7486 902/7487 908/7488
f 897/7489 898/7490 910/7491
f 905/7492 911/7493 910/7494
f 905/7495 906/7496 912/7497
f 906/7498 907/7499 913/7500
f 907/7501 908/7502 914/7503
f 908/7504 903/7505 915/7506
f 903/7507 904/7508 916/7509
f 910/7510 911/7511 918/7512
f 911/7513 912/7514 919/7515
f 912/7516 913/7517 920/7518
f 913/7519 914/7520 921/7521
f 914/7522 915/7523 922/7524
f 915/7525 916/7526 923/7527
f 918/7528 926/7529 925/7530
f 919/7531 927/7532 926/7533
f 920/7534 928/7535 927/7536
f 921/7537 929/7538 928/7539
f 922/7540 930/7541 929/7542
f 923/7543 931/7544 930/7545
f 927/7546 934/7547 933/7548
f 928/7549 935/7550 934/7551
f 937/7552 936/7553 932/7554
f 938/7555 937/7556 925/7557
f 934/7558 939/7559 938/7560
f 935/7561 940/7562 939/7563
f 941/7564 940/7565 935/7566
f 930/7567 942/7568 941/7569
f 931/7570 943/7571 942/7572
f 939/7573 945/7574 944/7575
f 940/7576 946/7577 945/7578
f 941/7579 947/7580 946/7581
f 949/7582 948/7583 936/7584
f 944/7585 950/7586 949/7587
f 951/7588 950/7589 944/7590
f 946/7591 953/7592 952/7593
f 947/7594 954/7595 953/7596
f 955/7597 954/7598 947/7599
f 943/7600 956/7601 955/7602
f 958/7603 957/7604 948/7605
f 950/7606 959/7607 958/7608
f 951/7609 960/7610 959/7611
f 961/7612 960/7613 952/7614
f 962/7615 961/7616 953/7617
f 955/7618 964/7619 963/7620
f 965/7621 964/7622 955/7623
f 958/7624 967/7625 966/7626
f 959/7627 968/7628 967/7629
f 960/7630 969/7631 968/7632
f 961/7633 971/7634 970/7635
f 967/7636 974/7637 973/7638
f 968/7639 975/7640 974/7641
f 971/7642 977/7643 976/7644
f 962/7645 978/7646 977/7647
f 979/7648 978/7649 963/7650
f 972/7651 981/7652 979/7653
f 983/7654 982/7655 973/7656
f 975/7657 984/7658 983/7659
f 986/7660 985/7661 976/7662
f 987/7663 986/7664 977/7665
f 979/7666 989/7667 988/7668
f 981/7669 991/7670 989/7671
f 992/7672 993/7673 998/7674
f 993/7675 995/7676 999/7677
f 994/7678 1001/7679 1000/7680
f 987/7681 1002/7682 1001/7683
f 988/7684 989/7685 1003/7686
f 991/7687 1004/7688 1003/7689
f 997/7690 998/7691 1007/7692
f 998/7693 999/7694 1008/7695
f 1000/7696 1001/7697 1010/7698
f 1001/7699 1002/7700 1011/7701
f 1003/7702 1013/7703 1012/7704
f 1004/7705 1014/7706 1013/7707
f 1006/7708 1007/7709 1016/7710
f 1007/7711 1008/7712 1017/7713
f 1008/7714 1005/7715 1018/7716
f 1009/7717 1010/7718 1019/7719
f 1016/7720 1021/7721 1020/7722
f 1016/7723 1017/7724 1022/7725
f 1017/7726 1018/7727 1023/7728
f 1019/7729 1025/7730 1024/7731
f 1011/7732 1026/7733 1025/7734
f 1012/7735 1013/7736 1027/7737
f 1014/7738 1028/7739 1027/7740
f 1021/7741 1031/7742 1030/7743
f 1021/7744 1022/7745 1032/7746
f 1023/7747 1033/7748 1032/7749
f 1024/7750 1025/7751 1034/7752
f 1025/7753 1026/7754 1035/7755
f 1027/7756 1036/7757 1035/7758
f 1027/7759 1028/7760 1037/7761
f 1032/7762 1033/7763 1040/7764
f 1033/7765 1034/7766 1041/7767
f 1034/7768 1035/7769 1042/7770
f 1030/7771 1031/7772 1045/7773
f 1039/7774 1046/7775 1045/7776
f 1039/7777 1040/7778 1047/7779
f 1040/7780 1041/7781 1048/7782
f 1041/7783 1042/7784 1049/7785
f 1042/7786 1036/7787 1050/7788
f 1043/7789 1051/7790 1050/7791
f 1045/7792 1046/7793 1053/7794
f 1046/7795 1047/7796 1054/7797
f 1047/7798 1048/7799 1055/7800
f 1048/7801 1049/7802 1056/7803
f 1049/7804 1050/7805 1057/7806
f 1051/7807 1058/7808 1057/7809
f 1053/7810 1061/7811 1060/7812
f 1054/7813 1062/7814 1061/7815
f 1055/7816 1063/7817 1062/7818
f 1056/7819 1064/7820 1063/7821
f 1057/7822 1065/7823 1064/7824
f 1062/7825 1069/7826 1068/7827
f 1063/7828 1070/7829 1069/7830
f 1074/7831 1073/7832 1067/7833
f 1075/7834 1074/7835 1060/7836
f 1069/7837 1076/7838 1075/7839
f 1070/7840 1077/7841 1076/7842
f 1078/7843 1077/7844 1070/7845
f 1065/7846 1079/7847 1078/7848
f 1072/7849 1079/7850 1065/7851
f 1076/7852 1082/7853 1081/7854
f 1077/7855 1083/7856 1082/7857
f 1078/7858 1084/7859 1083/7860
f 1088/7861 1087/7862 1073/7863
f 1081/7864 1089/7865 1088/7866
f 1090/7867 1089/7868 1081/7869
f 1083/7870 1092/7871 1091/7872
f 1084/7873 1093/7874 1092/7875
f 1094/7876 1093/7877 1084/7878
f 1080/7879 1086/7880 1094/7881
f 1097/7882 1096/7883 1087/7884
f 1089/7885 1098/7886 1097/7887
f 1090/7888 1099/7889 1098/7890
f 1100/7891 1099/7892 1091/7893
f 1101/7894 1100/7895 1092/7896
f 1094/7897 1103/7898 1102/7899
f 1086/7900 1104/7901 1103/7902
f 1097/7903 1106/7904 1105/7905
f 1098/7906 1107/7907 1106/7908
f 1099/7909 1108/7910 1107/7911
f 1100/7912 1109/7913 1108/7914
f 1106/7915 1111/7916 1110/7917
f 1107/7918 1112/7919 1111/7920
f 1113/7921 1112/7922 1107/7923
f 1109/7924 1115/7925 1114/7926
f 1101/7927 1116/7928 1115/7929
f 1117/7930 1116/7931 1102/7932
f 1104/7933 1118/7934 1117/7935
f 1111/7936 1120/7937 1119/7938
f 1112/7939 1121/7940 1120/7941
f 1113/7942 1122/7943 1121/7944
f 1123/7945 1122/7946 1114/7947
f 1116/7948 1124/7949 1123/7950
f 1117/7951 1125/7952 1124/7953
f 1118/7954 1126/7955 1125/7956
f 1120/7957 1121/7958 1129/7959
f 1121/7960 1122/7961 1130/7962
f 1122/7963 1123/7964 1131/7965
f 1123/7966 1124/7967 1132/7968
f 1128/7969 1134/7970 1133/7971
f 1128/7972 1129/7973 1135/7974
f 1129/7975 1130/7976 1136/7977
f 1131/7978 1138/7979 1137/7980
f 1131/7981 1132/7982 1139/7983
f 1132/7984 1125/7985 1140/7986
f 1126/7987 1141/7988 1140/7989
f 1133/7990 1134/7991 1143/7992
f 1134/7993 1135/7994 1144/7995
f 1136/7996 1145/7997 1144/7998
f 1137/7999 1138/8000 1146/8001
f 1138/8002 1139/8003 1147/8004
f 1140/8005 1149/8006 1148/8007
f 1141/8008 1150/8009 1149/8010
f 1142/8011 1143/8012 1152/8013
f 1143/8014 1144/8015 1153/8016
f 1144/8017 1145/8018 1154/8019
f 1145/8020 1146/8021 1155/8022
f 1152/8023 1157/8024 1156/8025
f 1152/8026 1153/8027 1158/8028
f 1153/8029 1154/8030 1159/8031
f 1155/8032 1161/8033 1160/8034
f 1147/8035 1162/8036 1161/8037
f 1148/8038 1149/8039 1163/8040
f 1150/8041 1164/8042 1163/8043
f 1157/8044 1166/8045 1165/8046
f 1157/8047 1158/8048 1167/8049
f 1159/8050 1168/8051 1167/8052
f 1160/8053 1161/8054 1169/8055
f 1161/8056 1162/8057 1170/8058
f 1163/8059 1171/8060 1170/8061
f 1163/8062 1164/8063 1172/8064
f 1167/8065 1168/8066 1175/8067
f 1168/8068 1169/8069 1176/8070
f 1169/8071 1170/8072 1177/8073
f 1165/8074 1166/8075 1180/8076
f 1174/8077 1181/8078 1180/8079
f 1174/8080 1175/8081 1182/8082
f 1175/8083 1176/8084 1183/8085
f 1176/8086 1177/8087 1184/8088
f 1177/8089 1171/8090 1185/8091
f 1178/8092 1186/8093 1185/8094
f 1180/8095 1181/8096 1188/8097
f 1181/8098 1182/8099 1189/8100
f 1182/8101 1183/8102 1190/8103
f 1183/8104 1184/8105 1191/8106
f 1184/8107 1185/8108 1192/8109
f 1186/8110 1193/8111 1192/8112
f 1188/8113 1196/8114 1195/8115
f 1189/8116 1197/8117 1196/8118
f 1190/8119 1198/8120 1197/8121
f 1191/8122 1199/8123 1198/8124
f 1192/8125 1200/8126 1199/8127
f 1197/8128 1203/8129 1202/8130
f 1198/8131 1204/8132 1203/8133
f 1208/8134 1207/8135 1201/8136
f 1209/8137 1208/8138 1195/8139
f 1203/8140 1210/8141 1209/8142
f 1204/8143 1211/8144 1210/8145
f 1212/8146 1211/8147 1204/8148
f 1200/8149 1213/8150 1212/8151
f 1205/8152 1214/8153 1213/8154
f 1210/8155 1216/8156 1215/8157
f 1211/8158 1217/8159 1216/8160
f 1212/8161 1218/8162 1217/8163
f 1221/8164 1220/8165 1207/8166
f 1215/8167 1222/8168 1221/8169
f 1223/8170 1222/8171 1215/8172
f 1217/8173 1225/8174 1224/8175
f 1218/8176 1226/8177 1225/8178
f 1227/8179 1226/8180 1218/8181
f 1228/8182 1227/8183 1213/8184
f 1232/8185 1231/8186 1220/8187
f 1222/8188 1233/8189 1232/8190
f 1223/8191 1234/8192 1233/8193
f 1235/8194 1234/8195 1224/8196
f 1236/8197 1235/8198 1225/8199
f 1227/8200 1238/8201 1237/8202
f 1229/8203 1238/8204 1227/8205
f 1232/8206 1240/8207 1239/8208
f 1233/8209 1241/8210 1240/8211
f 1234/8212 1242/8213 1241/8214
f 1235/8215 1244/8216 1243/8217
f 1240/8218 1247/8219 1246/8220
f 1241/8221 1248/8222 1247/8223
f 1244/8224 1250/8225 1249/8226
f 1236/8227 1251/8228 1250/8229
f 1252/8230 1251/8231 1237/8232
f 1245/8233 1252/8234 1238/8235
f 1255/8236 1254/8237 1246/8238
f 1248/8239 1256/8240 1255/8241
f 1258/8242 1257/8243 1249/8244
f 1259/8245 1258/8246 1250/8247
f 1252/8248 1261/8249 1260/8250
f 1245/8251 1263/8252 1261/8253
f 750/8254 1286/8255 1322/8256
f 1321/8257 1286/8258 755/8259
f 777/8260 1287/8261 1321/8262
f 792/8263 800/8264 1320/8265
f 864/8266 1289/8267 1281/8268
f 873/8269 1282/8270 1289/8271
f 1317/8272 1282/8273 882/8274
f 1290/8275 1317/8276 887/8277
f 1291/8278 1290/8279 897/8280
f 932/8281 936/8282 1292/8283
f 948/8284 1284/8285 1292/8286
f 957/8287 1316/8288 1284/8289
f 966/8290 973/8291 1293/8292
f 982/8293 1294/8294 1293/8295
f 799/8296 791/8297 712/8298
f 717/8299 923/8300 916/8301
f 931/8302 923/8303 717/8304
f 943/8305 931/8306 718/8307
f 956/8308 943/8309 719/8310
f 720/8311 721/8312 965/8313
f 1315/8314 1295/8315 1006/8316
f 1059/8317 1297/8318 1296/8319
f 1067/8320 1073/8321 1298/8322
f 1014/8323 1004/8324 724/8325
f 1028/8326 1014/8327 725/8328
f 1037/8329 1028/8330 1029/8331
f 1133/8332 1305/8333 1304/8334
f 1142/8335 1306/8336 1305/8337
f 1300/8338 1306/8339 1151/8340
f 1307/8341 1300/8342 1156/8343
f 1308/8344 1307/8345 1165/8346
f 1201/8347 1207/8348 1311/8349
f 1220/8350 1310/8351 1311/8352
f 1231/8353 1301/8354 1310/8355
f 1239/8356 1246/8357 1309/8358
f 1254/8359 1324/8360 1309/8361
f 1051/8362 1043/8363 1038/8364
f 1421/8365 1365/8366 1350/8367
f 1361/8368 1371/8369 1370/8370
f 1360/8371 1370/8372 1369/8373
f 1433/8374 1326/8375 1372/8376
f 1451/8377 1354/8378 1353/8379
f 1453/8380 1380/8381 1356/8382
f 1372/8383 1371/8384 1361/8385
f 1340/8386 1341/8387 1573/8388
f 1608/8389 1385/8390 1340/8391
f 1581/8392 1582/8393 1388/8394
f 1339/8395 1388/8396 1583/8397
f 1395/8398 1391/8399 1406/8400
f 1605/8401 1409/8402 1338/8403
f 1389/8404 1399/8405 1587/8406
f 1434/8407 1411/8408 1410/8409
f 1420/8410 1411/8411 1434/8412
f 1358/8413 1422/8414 1424/8415
f 1424/8416 1427/8417 1425/8418
f 1426/8419 1427/8420 1413/8421
f 1413/8422 1430/8423 1429/8424
f 1430/8425 1431/8426 1360/8427
f 1434/8428 1436/8429 1362/8430
f 1459/8431 1565/8432 1544/8433
f 1456/8434 1455/8435 1544/8436
f 1329/8437 1556/8438 1558/8439
f 1479/8440 1480/8441 1541/8442
f 1537/8443 1334/8444 1463/8445
f 1472/8446 1463/8447 1335/8448
f 1539/8449 1480/8450 1334/8451
f 1589/8452 1485/8453 1484/8454
f 1486/8455 1574/8456 1485/8457
f 1616/8458 1646/8459 1633/8460
f 1492/8461 1491/8462 1633/8463
f 1344/8464 1641/8465 1642/8466
f 1517/8467 1518/8468 1638/8469
f 1504/8470 1505/8471 1635/8472
f 1505/8473 1345/8474 1514/8475
f 1631/8476 1520/8477 1506/8478
f 1627/8479 1521/8480 1507/8481
f 1525/8482 1526/8483 1649/8484
f 1615/8485 1347/8486 1509/8487
f 1611/8488 1511/8489 1499/8490
f 1472/8491 1536/8492 1538/8493
f 1538/8494 1540/8495 1539/8496
f 1540/8497 1457/8498 1542/8499
f 1543/8500 1457/8501 1544/8502
f 1544/8503 1547/8504 1546/8505
f 1553/8506 1552/8507 1455/8508
f 1582/8509 1487/8510 1488/8511
f 1488/8512 1585/8513 1584/8514
f 1585/8515 1586/8516 1609/8517
f 1589/8518 1591/8519 1610/8520
f 1625/8521 1624/8522 1497/8523
f 1497/8524 1628/8525 1627/8526
f 1628/8527 1630/8528 1515/8529
f 1634/8530 1514/8531 1632/8532
f 1634/8533 1496/8534 1635/8535
