o Refrigerator031_freezer_door
v -0.155347 -0.1990225 -0.077267
v -0.155824 -0.1968595 -0.077855
v -0.371322 -0.1995635 -0.076667
v -0.371278 -0.1968595 -0.077855
v -0.155347 -0.1990225 -0.003712
v -0.15578 -0.1963185 -0.004312
v -0.371322 -0.1995625 -0.004312
v -0.371755 -0.1968595 -0.003712
v -0.15578 -0.1995625 -0.076667
v -0.15631 -0.1963185 -0.077321
v -0.371278 -0.1990225 -0.077855
v -0.371322 -0.1963185 -0.076667
v -0.15631 -0.1995625 -0.003658
v -0.155347 -0.1968595 -0.003712
v -0.371278 -0.1990225 -0.003124
v -0.370792 -0.1963185 -0.003658
v -0.155824 -0.1990225 -0.077855
v -0.155347 -0.1968595 -0.077267
v -0.370792 -0.1995625 -0.077321
v -0.371755 -0.1968595 -0.077267
v -0.155824 -0.1990225 -0.003124
v -0.15631 -0.1963185 -0.003658
v -0.370792 -0.1995625 -0.003658
v -0.371278 -0.1968595 -0.003124
v -0.15631 -0.1995625 -0.077321
v -0.15578 -0.1963185 -0.076667
v -0.371755 -0.1990225 -0.077267
v -0.370792 -0.1963185 -0.077321
v -0.15578 -0.1995625 -0.004312
v -0.155824 -0.1968595 -0.003124
v -0.371755 -0.1990225 -0.003712
v -0.371322 -0.1963185 -0.004311
v -0.16117 -0.1990225 -0.077855
v -0.231999 -0.1990225 -0.077855
v -0.276727 -0.1990225 -0.077855
v -0.320047 -0.1990225 -0.077855
v -0.365932 -0.1990225 -0.077855
v -0.365932 -0.1968595 -0.077855
v -0.320047 -0.1968595 -0.077855
v -0.276727 -0.1968595 -0.077855
v -0.231999 -0.1968595 -0.077855
v -0.16117 -0.1968595 -0.077855
v -0.16117 -0.1968595 -0.003124
v -0.231999 -0.1968595 -0.003124
v -0.276727 -0.1968595 -0.003124
v -0.320047 -0.1968595 -0.003124
v -0.365932 -0.1968595 -0.003124
v -0.365932 -0.1990225 -0.003124
v -0.320047 -0.1990225 -0.003124
v -0.276727 -0.1990225 -0.003124
v -0.231999 -0.1990225 -0.003124
v -0.16117 -0.1990225 -0.003124
v -0.161637 -0.1995625 -0.077321
v -0.232232 -0.1995625 -0.077321
v -0.276727 -0.1995625 -0.077321
v -0.319814 -0.1995625 -0.077321
v -0.365465 -0.1995625 -0.077321
v -0.365465 -0.1963185 -0.077321
v -0.319814 -0.1963185 -0.077321
v -0.276727 -0.1963185 -0.077321
v -0.232232 -0.1963185 -0.077321
v -0.161637 -0.1963185 -0.077321
v -0.161637 -0.1963185 -0.003658
v -0.232232 -0.1963185 -0.003658
v -0.276727 -0.1963185 -0.003658
v -0.319814 -0.1963185 -0.003658
v -0.365465 -0.1963185 -0.003658
v -0.365465 -0.1995635 -0.003658
v -0.319814 -0.1995625 -0.003658
v -0.276727 -0.1995625 -0.003658
v -0.232232 -0.1995625 -0.003658
v -0.161637 -0.1995625 -0.003658
v -0.155347 -0.1968595 -0.073589
v -0.155347 -0.1968595 -0.040489
v -0.155347 -0.1968595 -0.007389
v -0.155347 -0.1990225 -0.007389
v -0.155347 -0.1990225 -0.040489
v -0.155347 -0.1990225 -0.073589
v -0.371322 -0.1963185 -0.073049
v -0.371322 -0.1963185 -0.040489
v -0.371322 -0.1963185 -0.007929
v -0.371755 -0.1990225 -0.073589
v -0.371755 -0.1990225 -0.040489
v -0.371755 -0.1990225 -0.007389
v -0.15578 -0.1963185 -0.073049
v -0.15578 -0.1963185 -0.040489
v -0.15578 -0.1963185 -0.007929
v -0.15578 -0.1995625 -0.007929
v -0.15578 -0.1995625 -0.040489
v -0.15578 -0.1995625 -0.073049
v -0.371755 -0.1968595 -0.073589
v -0.371755 -0.1968595 -0.040489
v -0.371755 -0.1968595 -0.007389
v -0.371322 -0.1995625 -0.073049
v -0.371322 -0.1995625 -0.040489
v -0.371322 -0.1995625 -0.007929
v -0.365465 -0.1963185 -0.073638
v -0.365465 -0.1963185 -0.040489
v -0.365465 -0.1963185 -0.007341
v -0.319814 -0.1963185 -0.073638
v -0.319814 -0.1963185 -0.040489
v -0.319814 -0.1963185 -0.007341
v -0.276727 -0.1963185 -0.073638
v -0.276727 -0.1963185 -0.040489
v -0.276727 -0.1963185 -0.007341
v -0.161637 -0.1963185 -0.007341
v -0.161637 -0.1963185 -0.040489
v -0.161637 -0.1963185 -0.073638
v -0.232232 -0.1963185 -0.007341
v -0.232232 -0.1963185 -0.040489
v -0.232232 -0.1963185 -0.073638
v -0.161637 -0.1995625 -0.073638
v -0.161637 -0.1995625 -0.040489
v -0.161637 -0.1995625 -0.007341
v -0.232232 -0.1995625 -0.073638
v -0.232232 -0.1995625 -0.040489
v -0.232232 -0.1995625 -0.007341
v -0.276727 -0.1995625 -0.073638
v -0.276727 -0.1995625 -0.040489
v -0.276727 -0.1995625 -0.007341
v -0.365465 -0.1995625 -0.007341
v -0.365465 -0.1995635 -0.040489
v -0.365465 -0.1995625 -0.073638
v -0.319814 -0.1995625 -0.007341
v -0.319814 -0.1995625 -0.040489
v -0.319814 -0.1995625 -0.073638
v -0.457911 -0.3527915 0.940183
v -0.455638 -0.3530375 -0.939072
v -0.455524 -0.3059365 0.942517
v -0.457911 -0.3059365 -0.936571
v -0.061279 -0.3738475 0.942517
v -0.059036 -0.3059365 0.940016
v -0.059036 -0.3738535 -0.936721
v -0.061423 -0.3059295 -0.939072
v -0.406522 -0.3059365 0.942517
v -0.355132 -0.3059365 0.942517
v -0.322014 -0.3059365 0.942517
v -0.291461 -0.3059365 0.942517
v -0.240072 -0.3059365 0.942517
v -0.20811 -0.3059365 0.942517
v -0.153605 -0.3053145 0.942517
v -0.09675 -0.3058315 0.942517
v -0.09675 -0.3737485 0.942517
v -0.153605 -0.3732315 0.942517
v -0.210173 -0.3721945 0.942517
v -0.247008 -0.3705405 0.942517
v -0.302992 -0.3681715 0.942517
v -0.337854 -0.3649885 0.942517
v -0.374984 -0.3608955 0.942517
v -0.430442 -0.3568425 0.94145
v -0.09675 -0.3748305 -0.938005
v -0.153605 -0.3732315 -0.939072
v -0.2102 -0.3732755 -0.938005
v -0.247099 -0.3716195 -0.938005
v -0.303148 -0.3692465 -0.938005
v -0.338075 -0.3660575 -0.938005
v -0.375274 -0.3619565 -0.938005
v -0.09675 -0.3058315 -0.939072
v -0.153605 -0.3053145 -0.939072
v -0.20811 -0.3059365 -0.939072
v -0.240072 -0.3059365 -0.939072
v -0.291461 -0.3059365 -0.939072
v -0.322014 -0.3059365 -0.939072
v -0.355132 -0.3059365 -0.939072
v -0.406522 -0.3059365 -0.939072
v -0.457911 -0.3527945 0.371151
v -0.457911 -0.3059365 0.371151
v -0.059036 -0.3738535 0.371151
v -0.059036 -0.3059365 0.371151
v -0.096642 -0.3721285 0.371151
v -0.153569 -0.3705305 0.371151
v -0.2102 -0.3705745 0.372218
v -0.247099 -0.3689185 0.372218
v -0.430334 -0.3541415 0.371151
v -0.375274 -0.3592545 0.372218
v -0.338035 -0.3622755 0.371151
v -0.303148 -0.3665445 0.372218
v -0.457911 -0.3527945 -0.048221
v -0.060055 -0.3749325 -0.048221
v -0.096642 -0.3721285 -0.048221
v -0.153605 -0.3716115 -0.049288
v -0.210163 -0.3694935 -0.048221
v -0.247061 -0.3678375 -0.048221
v -0.457911 -0.3059365 -0.048221
v -0.059036 -0.3059365 -0.048221
v -0.430334 -0.3541415 -0.048221
v -0.375232 -0.3581735 -0.048221
v -0.338075 -0.3633565 -0.049288
v -0.303109 -0.3654645 -0.048221
v -0.129864 -0.3055305 0.942517
v -0.129864 -0.3734475 0.942517
v -0.129864 -0.3745295 -0.938005
v -0.129864 -0.3055305 -0.939072
v -0.128745 -0.3718375 0.371151
v -0.128748 -0.3718375 -0.048221
v -0.384978 -0.3059365 0.942517
v -0.40668 -0.3579595 0.942517
v -0.407009 -0.3590145 -0.938005
v -0.384978 -0.3059365 -0.939072
v -0.408079 -0.3562145 0.371151
v -0.408077 -0.3562145 -0.048221
v -0.24444 -0.3124255 0.371151
v -0.300489 -0.3124255 0.371151
v -0.335417 -0.3124255 0.371151
v -0.372616 -0.3124255 0.371151
v -0.40438 -0.3124255 0.370083
v -0.403361 -0.3124255 -0.048221
v -0.372616 -0.3124255 -0.048221
v -0.335417 -0.3124255 -0.048221
v -0.300489 -0.3124255 -0.048221
v -0.24444 -0.3124255 -0.048221
v -0.207541 -0.3124255 -0.048221
v -0.150947 -0.3124255 -0.048221
v -0.127205 -0.3124255 -0.047153
v -0.128225 -0.3124255 0.371151
v -0.150947 -0.3124255 0.371151
v -0.207542 -0.3124255 0.371151
v -0.153497 -0.3716115 -0.099168
v -0.210092 -0.3705745 -0.099168
v -0.24699 -0.3689185 -0.099168
v -0.429958 -0.3541765 -0.098707
v -0.375166 -0.3592545 -0.099168
v -0.337967 -0.3633565 -0.099168
v -0.303039 -0.3665445 -0.099168
v -0.129755 -0.3718275 -0.099168
v -0.406901 -0.3563135 -0.099168
v -0.457911 -0.3059365 0.421181
v -0.059036 -0.3059365 0.421181
v -0.430334 -0.3541415 0.422249
v -0.375166 -0.3592545 0.421181
v -0.337967 -0.3633565 0.421181
v -0.303039 -0.3665445 0.421181
v -0.457911 -0.3527945 0.421181
v -0.060055 -0.3749325 0.421181
v -0.096642 -0.3721285 0.422249
v -0.153497 -0.3716115 0.421181
v -0.210092 -0.3705745 0.421181
v -0.24699 -0.3689185 0.421181
v -0.129755 -0.3718275 0.421181
v -0.406901 -0.3563135 0.421181
v -0.153605 -0.3716115 0.372218
v -0.210163 -0.3694935 0.371151
v -0.247061 -0.3678375 0.371151
v -0.375232 -0.3581735 0.371151
v -0.338075 -0.3633565 0.372218
v -0.303109 -0.3654635 0.371151
v -0.153569 -0.3705305 -0.048221
v -0.2102 -0.3705745 -0.049288
v -0.247099 -0.3689185 -0.049288
v -0.375274 -0.3592545 -0.049288
v -0.338035 -0.3622755 -0.048221
v -0.303148 -0.3665445 -0.049288
v -0.129864 -0.3718275 0.37251
v -0.130847 -0.3707375 0.371151
v -0.129828 -0.3707465 0.370083
v -0.129827 -0.3707465 -0.047153
v -0.130847 -0.3707375 -0.048221
v -0.129864 -0.3718275 -0.049587
v -0.406965 -0.3552325 0.370083
v -0.405949 -0.3553255 0.371151
v -0.407009 -0.3563135 0.372631
v -0.407009 -0.3563135 -0.049708
v -0.405949 -0.3553255 -0.048221
v -0.406965 -0.3552325 -0.047153
v -0.403361 -0.3124255 0.371151
v -0.40438 -0.3124255 -0.047153
v -0.128225 -0.3124255 -0.048221
v -0.127205 -0.3124255 0.370083
v -0.09695 -0.3721255 -0.098487
v -0.431348 -0.3540315 0.421181
v -0.430334 -0.3541415 0.418766
v -0.429203 -0.3542465 0.421181
v -0.097881 -0.3721175 0.421181
v -0.096642 -0.3721285 0.419308
v -0.095623 -0.3721315 0.421181
v -0.445396 -0.3552275 -0.928663
v -0.407009 -0.3590145 -0.928663
v -0.375274 -0.3619565 -0.928663
v -0.338075 -0.3660575 -0.928663
v -0.303148 -0.3692465 -0.928663
v -0.247099 -0.3716195 -0.928663
v -0.2102 -0.3732755 -0.928663
v -0.153605 -0.3743135 -0.928663
v -0.129864 -0.3745295 -0.928663
v -0.09675 -0.3748305 -0.928663
v -0.068969 -0.3749075 -0.92585
v -0.068969 -0.3749075 -0.048221
v -0.068969 -0.3749075 0.371151
v -0.068969 -0.3749075 0.421181
v -0.071625 -0.3749005 0.932109
v -0.129864 -0.3745295 0.932108
v -0.153605 -0.3743135 0.932108
v -0.2102 -0.3732755 0.932109
v -0.247099 -0.3716195 0.932109
v -0.303148 -0.3692465 0.932109
v -0.338075 -0.3660575 0.932109
v -0.375274 -0.3619555 0.932109
v -0.407009 -0.3590145 0.932109
v -0.430442 -0.3568425 0.932109
v -0.448029 -0.3549435 0.929291
v -0.448029 -0.3549435 0.421181
v -0.448029 -0.3549435 0.371151
v -0.447765 -0.3547005 -0.048221
v -0.445464 -0.3527795 -0.928396
v -0.406912 -0.3565835 -0.928396
v -0.375177 -0.3595245 -0.928396
v -0.337978 -0.3636265 -0.928396
v -0.30305 -0.3668145 -0.928396
v -0.247001 -0.3691885 -0.928396
v -0.210102 -0.3708445 -0.928396
v -0.153508 -0.3718825 -0.928396
v -0.129766 -0.3720985 -0.928396
v -0.096653 -0.3723995 -0.928396
v -0.069126 -0.3724755 -0.926038
v -0.069126 -0.3724755 -0.048221
v -0.069126 -0.3724755 0.371151
v -0.069126 -0.3724755 0.421181
v -0.071357 -0.3724695 0.931841
v -0.129766 -0.3720975 0.931841
v -0.153508 -0.3718825 0.931841
v -0.210103 -0.3708445 0.931842
v -0.247001 -0.3691885 0.931841
v -0.30305 -0.3668145 0.931841
v -0.337978 -0.3636265 0.931841
v -0.375177 -0.3595245 0.931841
v -0.406912 -0.3565835 0.931842
v -0.430345 -0.3544115 0.931841
v -0.447678 -0.3525395 0.92948
v -0.447678 -0.3525395 0.421181
v -0.447678 -0.3525395 0.371151
v -0.447678 -0.3525395 -0.048221
v -0.125188 -0.3718695 0.383244
v -0.118504 -0.3719305 0.375116
v -0.118507 -0.3719305 -0.052165
v -0.125167 -0.3718695 -0.060322
v -0.153612 -0.3716115 -0.059964
v -0.210146 -0.3705745 -0.059964
v -0.247045 -0.3689185 -0.059964
v -0.303094 -0.3665445 -0.059964
v -0.338021 -0.3633565 -0.059964
v -0.375156 -0.3592605 -0.059964
v -0.411959 -0.3558495 -0.060451
v -0.418172 -0.3552735 -0.0518
v -0.418174 -0.3552735 0.374747
v -0.411941 -0.3558515 0.383373
v -0.375157 -0.3592605 0.382894
v -0.338021 -0.3633565 0.382894
v -0.303094 -0.3665445 0.382894
v -0.247045 -0.3689185 0.382894
v -0.210146 -0.3705745 0.382894
v -0.153611 -0.3716115 0.382894
v -0.439733 -0.3531265 -0.923059
v -0.406901 -0.3563135 -0.923059
v -0.375166 -0.3592545 -0.923059
v -0.337967 -0.3633565 -0.923059
v -0.303039 -0.3665445 -0.923059
v -0.24699 -0.3689185 -0.923059
v -0.210092 -0.3705745 -0.923059
v -0.153497 -0.3716115 -0.923059
v -0.129755 -0.3718275 -0.923059
v -0.096642 -0.3721285 -0.923059
v -0.074209 -0.3721915 -0.920039
v -0.074209 -0.3721915 -0.048221
v -0.074209 -0.3721915 0.371151
v -0.074209 -0.3721915 0.421181
v -0.07709 -0.3721835 0.926504
v -0.129755 -0.3718275 0.926504
v -0.153497 -0.3716115 0.926504
v -0.210092 -0.3705745 0.926504
v -0.24699 -0.3689175 0.926504
v -0.303039 -0.3665445 0.926504
v -0.337967 -0.3633565 0.926503
v -0.375166 -0.3592545 0.926504
v -0.406901 -0.3563135 0.926504
v -0.430334 -0.3541415 0.926504
v -0.4426 -0.3528165 0.923484
v -0.4426 -0.3528165 0.421181
v -0.4426 -0.3528165 0.371151
v -0.4426 -0.3528165 -0.048221
v -0.122823 -0.3718905 0.388611
v -0.113357 -0.3719765 0.377099
v -0.11336 -0.3719765 -0.054137
v -0.122792 -0.3718905 -0.065689
v -0.153589 -0.3716115 -0.065302
v -0.210092 -0.3705745 -0.065302
v -0.24699 -0.3689185 -0.065302
v -0.303039 -0.3665445 -0.065302
v -0.337967 -0.3633565 -0.065302
v -0.37507 -0.3592635 -0.065302
v -0.414407 -0.3556175 -0.065822
v -0.423192 -0.3548035 -0.05359
v -0.423194 -0.3548035 0.376546
v -0.41438 -0.3556205 0.388744
v -0.375072 -0.3592635 0.388232
v -0.337967 -0.3633565 0.388232
v -0.303039 -0.3665445 0.388232
v -0.24699 -0.3689185 0.388232
v -0.210092 -0.3705745 0.388232
v -0.153587 -0.3716115 0.388232
v -0.456897 -0.3539855 0.938671
v -0.454187 -0.3542785 -0.938005
v -0.062728 -0.3749245 0.94145
v -0.060055 -0.3749325 -0.935201
v -0.09675 -0.3748305 0.94145
v -0.153605 -0.3743135 0.94145
v -0.2102 -0.3732755 0.94145
v -0.247099 -0.3716195 0.94145
v -0.303148 -0.3692465 0.94145
v -0.338075 -0.3660575 0.94145
v -0.375274 -0.3619555 0.94145
v -0.430076 -0.3557935 0.942517
v -0.09675 -0.3737485 -0.939072
v -0.153605 -0.3743135 -0.938005
v -0.210173 -0.3721945 -0.939072
v -0.247008 -0.3705405 -0.939072
v -0.302992 -0.3681715 -0.939072
v -0.337854 -0.3649885 -0.939072
v -0.374984 -0.3608955 -0.939072
v -0.456897 -0.3539855 0.371151
v -0.060055 -0.3749325 0.371151
v -0.456897 -0.3539855 -0.048221
v -0.059036 -0.3738535 -0.048221
v -0.129864 -0.3745295 0.94145
v -0.129864 -0.3734475 -0.939072
v -0.407009 -0.3590145 0.94145
v -0.40668 -0.3579595 -0.939072
v -0.456897 -0.3539855 0.421181
v -0.059036 -0.3738535 0.421181
v -0.44555 -0.3549395 -0.928396
v -0.406999 -0.3587445 -0.928397
v -0.375263 -0.3616855 -0.928396
v -0.338064 -0.3657875 -0.928396
v -0.303137 -0.3689765 -0.928396
v -0.247088 -0.3713495 -0.928396
v -0.210189 -0.3730055 -0.928396
v -0.153594 -0.3740435 -0.928396
v -0.129853 -0.3742585 -0.928396
v -0.096739 -0.3745595 -0.928396
v -0.069213 -0.3746365 -0.926038
v -0.069213 -0.3746365 -0.048221
v -0.069213 -0.3746365 0.371151
v -0.069213 -0.3746365 0.421181
v -0.071444 -0.3746305 0.931841
v -0.129853 -0.3742585 0.931841
v -0.153594 -0.3740425 0.931842
v -0.210189 -0.3730055 0.931841
v -0.247088 -0.3713495 0.931841
v -0.303137 -0.3689755 0.931842
v -0.338064 -0.3657875 0.931842
v -0.375263 -0.3616855 0.931841
v -0.406999 -0.3587445 0.931841
v -0.430432 -0.3565725 0.931841
v -0.447765 -0.3547005 0.92948
v -0.447765 -0.3547005 0.421181
v -0.447765 -0.3547005 0.371151
v -0.448029 -0.3549435 -0.048221
v -0.444781 -0.3525815 -0.92813
v -0.406901 -0.3563135 -0.92813
v -0.375166 -0.3592545 -0.92813
v -0.337967 -0.3633565 -0.928129
v -0.303039 -0.3665445 -0.928129
v -0.24699 -0.3689185 -0.928129
v -0.210092 -0.3705745 -0.928129
v -0.153497 -0.3716115 -0.928129
v -0.129755 -0.3718275 -0.928129
v -0.096642 -0.3721285 -0.928129
v -0.06937 -0.3722045 -0.925316
v -0.06937 -0.3722045 -0.048221
v -0.06937 -0.3722045 0.371151
v -0.06937 -0.3722045 0.421181
v -0.072026 -0.3721975 0.931575
v -0.129755 -0.3718275 0.931575
v -0.153497 -0.3716115 0.931575
v -0.210092 -0.3705745 0.931575
v -0.24699 -0.3689175 0.931575
v -0.303039 -0.3665445 0.931575
v -0.337967 -0.3633565 0.931575
v -0.375166 -0.3592545 0.931575
v -0.406901 -0.3563135 0.931575
v -0.430334 -0.3541415 0.931575
v -0.447414 -0.3522965 0.928757
v -0.447414 -0.3522965 0.421181
v -0.447414 -0.3522965 0.371151
v -0.447414 -0.3522965 -0.048221
v -0.456897 -0.3539855 -0.131729
v -0.060055 -0.3749325 -0.131729
v -0.380381 -0.3059365 -0.13415
v -0.354998 -0.3059365 -0.13415
v -0.311344 -0.3059365 -0.13415
v -0.288527 -0.3059365 -0.13415
v -0.362081 -0.3059365 -0.13415
v -0.457911 -0.3059365 -0.132797
v -0.059036 -0.3059365 -0.132797
v -0.126049 -0.3058315 -0.13415
v -0.174346 -0.3053145 -0.13415
v -0.220646 -0.3059365 -0.13415
v -0.244873 -0.3059365 -0.13415
v -0.154178 -0.3055305 -0.13415
v -0.447765 -0.3547005 -0.122121
v -0.069213 -0.3746365 -0.122121
v -0.447414 -0.3522965 -0.121854
v -0.06937 -0.3722045 -0.121854
v -0.4426 -0.3528165 -0.116783
v -0.074209 -0.3721915 -0.116783
v -0.457911 -0.3527925 -0.132797
v -0.059036 -0.3738535 -0.132797
v -0.448029 -0.3549435 -0.122388
v -0.068969 -0.3749075 -0.122388
v -0.447678 -0.3525395 -0.122121
v -0.069126 -0.3724755 -0.122121
v -0.427349 -0.3059365 0.942517
v -0.430442 -0.3568425 -0.938005
v -0.427349 -0.3059365 -0.939072
v -0.398939 -0.3059365 0.371151
v -0.398939 -0.3059365 -0.048221
v -0.398939 -0.3059365 0.421181
v -0.430432 -0.3565725 -0.928396
v -0.430334 -0.3541415 -0.92813
v -0.430334 -0.3541415 -0.923059
v -0.430076 -0.3557935 -0.939072
v -0.430442 -0.3568425 -0.928663
v -0.430345 -0.3544115 -0.928396
v -0.398074 -0.3059365 -0.13415
v -0.090617 -0.3748475 0.94145
v -0.090617 -0.3748475 -0.938005
v -0.089598 -0.3058515 -0.939072
v -0.089598 -0.3058515 0.942517
v -0.119108 -0.3058545 0.371151
v -0.119108 -0.3058545 -0.048221
v -0.119108 -0.3058545 0.421181
v -0.096739 -0.3745595 0.931841
v -0.096642 -0.3721285 0.931575
v -0.096642 -0.3721285 0.926504
v -0.089598 -0.3737685 0.942517
v -0.089598 -0.3737685 -0.939072
v -0.09675 -0.3748305 0.932109
v -0.096653 -0.3723995 0.931841
v -0.119108 -0.3058545 -0.132797
v -0.457911 -0.3059365 0.91049
v -0.059036 -0.3059365 0.91049
v -0.126049 -0.3058315 0.911557
v -0.174346 -0.3053145 0.911557
v -0.220646 -0.3059365 0.911557
v -0.244873 -0.3059365 0.911557
v -0.154178 -0.3055305 0.911557
v -0.456897 -0.3539855 0.909423
v -0.060055 -0.3749325 0.909423
v -0.380381 -0.3059365 0.911557
v -0.354998 -0.3059365 0.911557
v -0.311344 -0.3059365 0.911557
v -0.288527 -0.3059365 0.911558
v -0.362081 -0.3059365 0.911557
v -0.069213 -0.3746365 0.899814
v -0.447765 -0.3547005 0.899814
v -0.06937 -0.3722045 0.899547
v -0.447414 -0.3522965 0.899547
v -0.074209 -0.3721915 0.894476
v -0.4426 -0.3528165 0.894476
v -0.457911 -0.3527915 0.91049
v -0.059036 -0.3738535 0.91049
v -0.068969 -0.3749075 0.900081
v -0.448029 -0.3549435 0.900081
v -0.069126 -0.3724755 0.899814
v -0.447678 -0.3525395 0.899814
v -0.398074 -0.3059365 0.911557
v -0.119973 -0.3058515 0.911557
v -0.430334 -0.3541415 0.894459
v -0.406901 -0.3563135 0.894433
v -0.375166 -0.3592545 0.894398
v -0.337967 -0.3633565 0.89436
v -0.303039 -0.3665445 0.894345
v -0.24699 -0.3689175 0.894349
v -0.210092 -0.3705745 0.89437
v -0.153497 -0.3716115 0.894406
v -0.129755 -0.3718275 0.894426
v -0.096642 -0.3721285 0.894454
v -0.096642 -0.3721285 -0.116907
v -0.129755 -0.3718275 -0.117063
v -0.153497 -0.3716115 -0.117174
v -0.210092 -0.3705745 -0.117372
v -0.24699 -0.3689185 -0.117488
v -0.303039 -0.3665445 -0.11751
v -0.337967 -0.3633565 -0.117425
v -0.375166 -0.3592545 -0.11722
v -0.406901 -0.3563135 -0.117026
v -0.430334 -0.3541415 -0.116883
v -0.126055 -0.2583495 -0.087244
v -0.126055 -0.2137845 0.426519
v -0.154184 -0.2170695 0.417186
v -0.174352 -0.2168645 0.417195
v -0.220653 -0.2174555 0.417168
v -0.244879 -0.2174555 0.417168
v -0.288533 -0.2174555 0.417168
v -0.311351 -0.2174555 0.417168
v -0.355005 -0.2174555 0.417168
v -0.362087 -0.2174555 0.417168
v -0.380388 -0.2174555 0.417168
v -0.244879 -0.2594315 -0.132797
v -0.288533 -0.2594315 -0.132797
v -0.311351 -0.2594315 -0.132797
v -0.355005 -0.2594315 -0.132797
v -0.362087 -0.2594315 -0.132797
v -0.380388 -0.2594315 -0.132797
v -0.39808 -0.2609605 -0.13173
v -0.39808 -0.2594315 -0.087244
v -0.397215 -0.2440855 0.387202
v -0.397215 -0.2138895 0.426519
v -0.397214 -0.2247045 0.91049
v -0.380387 -0.2247045 0.91049
v -0.362086 -0.2247045 0.91049
v -0.355004 -0.2247045 0.91049
v -0.31135 -0.2247045 0.91049
v -0.288533 -0.2247045 0.91049
v -0.244879 -0.2247045 0.91049
v -0.220652 -0.2247055 0.91049
v -0.174351 -0.2240835 0.91049
v -0.154183 -0.2242995 0.91049
v -0.126054 -0.2246005 0.91049
v -0.119979 -0.2246965 0.909423
v -0.120845 -0.2173715 0.417172
v -0.120845 -0.2583495 0.349799
v -0.120845 -0.2583495 -0.087244
v -0.120845 -0.2594315 -0.132797
v -0.126055 -0.2594315 -0.132797
v -0.154184 -0.2594315 -0.132797
v -0.174352 -0.2594315 -0.132797
v -0.220653 -0.2594315 -0.132797
v -0.126055 -0.2583495 0.349799
v -0.154184 -0.2440055 0.387174
v -0.174352 -0.2439625 0.387167
v -0.220653 -0.2440875 0.387193
v -0.244879 -0.2440865 0.387195
v -0.288533 -0.2440865 0.387197
v -0.311351 -0.2440865 0.387198
v -0.355005 -0.2440865 0.3872
v -0.362087 -0.2440855 0.387201
v -0.380388 -0.2440855 0.387202
v -0.145781 -0.2583495 -0.087171
v -0.16768 -0.2561865 -0.087112
v -0.220653 -0.2583495 -0.089397
v -0.244879 -0.2583495 -0.089393
v -0.288533 -0.2583495 -0.08939
v -0.311351 -0.2583495 -0.089386
v -0.355005 -0.2583495 -0.089383
v -0.362087 -0.2583495 -0.089381
v -0.380388 -0.2583495 -0.08938
v -0.39808 -0.2594315 0.349829
v -0.11998 -0.2449025 0.387871
v -0.126055 -0.2440665 0.387185
v -0.154184 -0.2583495 0.349841
v -0.174352 -0.2583495 0.349872
v -0.220653 -0.2583495 0.349789
v -0.244879 -0.2583495 0.349791
v -0.288533 -0.2583495 0.349793
v -0.311351 -0.2583495 0.349795
v -0.355005 -0.2583495 0.349797
v -0.362087 -0.2583495 0.349798
v -0.380388 -0.2583495 0.349799
v -0.397215 -0.2484445 0.381704
v -0.397215 -0.2520105 0.375912
v -0.397215 -0.2547835 0.369826
v -0.397215 -0.2567645 0.363444
v -0.39808 -0.2590295 0.356892
v -0.120845 -0.2579535 0.356769
v -0.120845 -0.2567625 0.363443
v -0.120845 -0.2547795 0.369822
v -0.120845 -0.2520035 0.375906
v -0.11998 -0.2493245 0.382304
v -0.126055 -0.2579525 0.356768
v -0.126055 -0.2567625 0.363442
v -0.126055 -0.2547785 0.369821
v -0.126055 -0.2520015 0.375905
v -0.126055 -0.2484305 0.381692
v -0.154184 -0.2483885 0.381698
v -0.154184 -0.2519745 0.375923
v -0.154184 -0.2547635 0.36985
v -0.154184 -0.2567555 0.363479
v -0.154184 -0.2579515 0.356809
v -0.174352 -0.2483585 0.381702
v -0.174352 -0.2519555 0.375937
v -0.174352 -0.2547525 0.369871
v -0.174352 -0.2567515 0.363505
v -0.174352 -0.2579505 0.356839
v -0.220653 -0.2484455 0.381695
v -0.220653 -0.2520105 0.375902
v -0.220653 -0.2547845 0.369816
v -0.220653 -0.2567645 0.363434
v -0.220653 -0.2579535 0.356759
v -0.244879 -0.2484455 0.381697
v -0.244879 -0.2520105 0.375904
v -0.244879 -0.2547845 0.369818
v -0.244879 -0.2567645 0.363436
v -0.244879 -0.2579535 0.356761
v -0.288533 -0.2484445 0.381699
v -0.288533 -0.2520105 0.375906
v -0.288533 -0.2547835 0.369819
v -0.288533 -0.2567645 0.363438
v -0.288533 -0.2579535 0.356763
v -0.311351 -0.2484445 0.3817
v -0.311351 -0.2520105 0.375908
v -0.311351 -0.2547835 0.369822
v -0.311351 -0.2567645 0.36344
v -0.311351 -0.2579535 0.356765
v -0.355005 -0.2484445 0.381702
v -0.355005 -0.2520105 0.37591
v -0.355005 -0.2547835 0.369824
v -0.355005 -0.2567645 0.363442
v -0.355005 -0.2579535 0.356767
v -0.362087 -0.2484445 0.381703
v -0.362087 -0.2520105 0.375911
v -0.362087 -0.2547835 0.369825
v -0.362087 -0.2567645 0.363444
v -0.362087 -0.2579535 0.356768
v -0.380388 -0.2484445 0.381704
v -0.380388 -0.2520105 0.375912
v -0.380388 -0.2547835 0.369826
v -0.380388 -0.2567645 0.363445
v -0.380388 -0.2579535 0.356769
v -0.126055 -0.2173555 0.417172
v -0.154184 -0.2134835 0.426519
v -0.174352 -0.2132675 0.426519
v -0.220653 -0.2138895 0.426519
v -0.244879 -0.2138895 0.426519
v -0.288533 -0.2138895 0.426519
v -0.311351 -0.2138895 0.426519
v -0.355005 -0.2138895 0.426519
v -0.362087 -0.2138895 0.426519
v -0.380388 -0.2138895 0.426519
v -0.397215 -0.2174555 0.417168
v -0.120845 -0.2138015 0.426519
v -0.126055 -0.2146775 0.421513
v -0.154184 -0.2143805 0.421517
v -0.174352 -0.2141675 0.421519
v -0.220653 -0.2147815 0.421512
v -0.244879 -0.2147815 0.421512
v -0.288533 -0.2147815 0.421512
v -0.311351 -0.2147815 0.421512
v -0.355005 -0.2147815 0.421512
v -0.362087 -0.2147815 0.421512
v -0.380388 -0.2147815 0.421512
v -0.397215 -0.2147815 0.421512
v -0.120845 -0.2146945 0.421513
v -0.39808 -0.2149715 0.899738
v -0.380388 -0.2138895 0.899814
v -0.362087 -0.2138895 0.899814
v -0.355005 -0.2138895 0.899814
v -0.311351 -0.2138895 0.899814
v -0.288533 -0.2138895 0.899814
v -0.244879 -0.2138895 0.899814
v -0.220653 -0.2138895 0.899814
v -0.174352 -0.2132675 0.899814
v -0.154184 -0.2134835 0.899814
v -0.126055 -0.2137845 0.899814
v -0.120845 -0.2138015 0.899814
v -0.397214 -0.2199735 0.909823
v -0.397215 -0.2165935 0.907821
v -0.39808 -0.2156055 0.904121
v -0.380387 -0.2199735 0.909823
v -0.380388 -0.2165935 0.907821
v -0.380388 -0.2145655 0.904485
v -0.362087 -0.2199735 0.909823
v -0.362087 -0.2165935 0.907821
v -0.362087 -0.2145655 0.904485
v -0.355004 -0.2199735 0.909823
v -0.355005 -0.2165935 0.907821
v -0.355005 -0.2145655 0.904485
v -0.31135 -0.2199735 0.909823
v -0.311351 -0.2165935 0.907821
v -0.311351 -0.2145655 0.904485
v -0.288533 -0.2199735 0.909823
v -0.288533 -0.2165935 0.907821
v -0.288533 -0.2145655 0.904485
v -0.244879 -0.2199735 0.909823
v -0.244879 -0.2165935 0.907821
v -0.244879 -0.2145655 0.904485
v -0.220652 -0.2199735 0.909823
v -0.220653 -0.2165935 0.907821
v -0.220653 -0.2145655 0.904485
v -0.174352 -0.2193515 0.909823
v -0.174352 -0.2159715 0.907821
v -0.174352 -0.2139435 0.904485
v -0.154184 -0.2195675 0.909823
v -0.154184 -0.2161875 0.907821
v -0.154184 -0.2141595 0.904485
v -0.126055 -0.2198685 0.909823
v -0.126055 -0.2164885 0.907821
v -0.126055 -0.2144605 0.904485
v -0.120845 -0.2144775 0.904485
v -0.120845 -0.2165055 0.907821
v -0.119979 -0.2202575 0.908797
v -0.398074 -0.3005285 0.421181
v -0.398074 -0.3005285 0.905152
v -0.398079 -0.2250895 0.905152
v -0.39808 -0.2218195 0.904691
v -0.39808 -0.2205355 0.90393
v -0.39808 -0.2197645 0.902663
v -0.39808 -0.2192975 0.899435
v -0.39808 -0.2192975 0.426985
v -0.39808 -0.2199315 0.423426
v -0.39808 -0.2218325 0.420338
v -0.39808 -0.2482505 0.390609
v -0.39808 -0.2528995 0.384746
v -0.39808 -0.2568045 0.378402
v -0.39808 -0.2598545 0.37171
v -0.39808 -0.2620325 0.364693
v -0.39808 -0.2633345 0.357383
v -0.39808 -0.2637575 0.349948
v -0.39808 -0.2637575 -0.087244
v -0.398079 -0.2652865 -0.127459
v -0.398074 -0.3005295 -0.127459
v -0.398074 -0.3005295 -0.048221
v -0.398074 -0.3005295 0.371151
v -0.119974 -0.3004435 0.421181
v -0.119974 -0.3004435 0.371151
v -0.119974 -0.3004435 -0.048221
v -0.119974 -0.3004435 -0.127459
v -0.119979 -0.2637575 -0.125949
v -0.119979 -0.2637575 -0.087244
v -0.119979 -0.2637575 0.349949
v -0.119979 -0.2633345 0.357383
v -0.119979 -0.2620305 0.364693
v -0.119979 -0.2598495 0.371709
v -0.119979 -0.2567965 0.3784
v -0.119979 -0.2528865 0.38474
v -0.119979 -0.2482325 0.3906
v -0.119979 -0.2217485 0.420345
v -0.119979 -0.2198465 0.423429
v -0.119979 -0.2192125 0.426985
v -0.119979 -0.2192125 0.899435
v -0.119979 -0.2196795 0.902663
v -0.119979 -0.2204495 0.90393
v -0.119979 -0.2217335 0.904691
v -0.119979 -0.2250045 0.905152
v -0.119974 -0.3004435 0.905152
v -0.380382 -0.3048555 -0.132797
v -0.354998 -0.3048555 -0.132797
v -0.311345 -0.3048555 -0.132797
v -0.288527 -0.3048555 -0.132797
v -0.362081 -0.3048555 -0.132797
v -0.126049 -0.3047505 -0.132797
v -0.174346 -0.3042335 -0.132797
v -0.220646 -0.3048555 -0.132797
v -0.244873 -0.3048555 -0.132797
v -0.154178 -0.3044495 -0.132797
v -0.398074 -0.3048555 0.371151
v -0.398074 -0.3048555 -0.048221
v -0.398074 -0.3048555 0.421181
v -0.398939 -0.3059365 -0.132797
v -0.398074 -0.3048555 -0.131729
v -0.397208 -0.3048555 -0.132797
v -0.119973 -0.3047695 0.371151
v -0.119973 -0.3047695 -0.048221
v -0.119973 -0.3047695 0.421181
v -0.119973 -0.3058515 -0.13415
v -0.120839 -0.3047675 -0.132797
v -0.119973 -0.3047705 -0.131729
v -0.126049 -0.3047505 0.91049
v -0.174346 -0.3042335 0.91049
v -0.220646 -0.3048545 0.91049
v -0.244873 -0.3048555 0.91049
v -0.154178 -0.3044485 0.91049
v -0.380381 -0.3048555 0.91049
v -0.354998 -0.3048555 0.91049
v -0.311344 -0.3048555 0.91049
v -0.288527 -0.3048555 0.91049
v -0.362081 -0.3048555 0.91049
v -0.397208 -0.3048555 0.91049
v -0.398074 -0.3048555 0.909423
v -0.398939 -0.3059365 0.91049
v -0.119108 -0.3058545 0.91049
v -0.119973 -0.3047695 0.909423
v -0.120839 -0.3047675 0.91049
v -0.244879 -0.2583495 -0.131729
v -0.288533 -0.2583495 -0.131729
v -0.311351 -0.2583495 -0.131729
v -0.355005 -0.2583495 -0.13173
v -0.362087 -0.2583495 -0.131729
v -0.380388 -0.2583495 -0.131729
v -0.39808 -0.2594315 -0.13022
v -0.397215 -0.2583495 -0.131729
v -0.397215 -0.2594315 -0.132797
v -0.397215 -0.2583495 -0.087244
v -0.39808 -0.2449185 0.387883
v -0.39808 -0.2149715 0.426612
v -0.398079 -0.2247815 0.909423
v -0.120844 -0.2246175 0.91049
v -0.11998 -0.2182495 0.417806
v -0.11998 -0.2594315 0.349829
v -0.11998 -0.2594315 -0.087244
v -0.120845 -0.2583495 -0.131729
v -0.11998 -0.2594315 -0.13022
v -0.119979 -0.2609605 -0.131729
v -0.126055 -0.2583495 -0.131729
v -0.154184 -0.2583495 -0.131729
v -0.174352 -0.2583495 -0.131729
v -0.220653 -0.2583495 -0.131729
v -0.397215 -0.2583495 0.349799
v -0.120845 -0.2440695 0.387188
v -0.39808 -0.2493355 0.382312
v -0.39808 -0.2529695 0.37641
v -0.39808 -0.2557975 0.370202
v -0.39808 -0.2578185 0.363694
v -0.397215 -0.2579535 0.356769
v -0.11998 -0.2590295 0.356891
v -0.11998 -0.2578165 0.363693
v -0.11998 -0.2557935 0.3702
v -0.11998 -0.2529615 0.376405
v -0.120845 -0.2484335 0.381695
v -0.39808 -0.2183315 0.417802
v -0.11998 -0.2148865 0.426612
v -0.39808 -0.2158115 0.421895
v -0.11998 -0.2157265 0.421896
v -0.397215 -0.2138895 0.899814
v -0.11998 -0.2148865 0.899738
v -0.39808 -0.2203425 0.908797
v -0.39808 -0.2173815 0.907043
v -0.397215 -0.2145655 0.904485
v -0.11998 -0.2155205 0.904121
v -0.119979 -0.2172965 0.907043
v -0.120845 -0.2198855 0.909823
v -0.39808 -0.2637575 -0.125949
v -0.119979 -0.2652865 -0.127459
v -0.427349 -0.3059365 0.931842
v -0.406522 -0.3059365 0.931841
v -0.384978 -0.3059365 0.931841
v -0.355132 -0.3059365 0.931841
v -0.322014 -0.3059365 0.931841
v -0.291461 -0.3059365 0.931842
v -0.240072 -0.3059365 0.931841
v -0.20811 -0.3059365 0.931841
v -0.153605 -0.3053145 0.931841
v -0.129864 -0.3055305 0.931841
v -0.09675 -0.3058315 0.931841
v -0.089598 -0.3058515 0.931841
v -0.069224 -0.3059085 0.928822
v -0.069224 -0.3059085 0.91049
v -0.069224 -0.3059085 0.421181
v -0.069224 -0.3059085 0.371151
v -0.069224 -0.3059085 -0.048221
v -0.069224 -0.3059085 -0.132797
v -0.072105 -0.3059005 -0.928396
v -0.089598 -0.3058515 -0.928396
v -0.09675 -0.3058315 -0.928396
v -0.129864 -0.3055305 -0.928396
v -0.153605 -0.3053145 -0.928396
v -0.20811 -0.3059365 -0.928396
v -0.240072 -0.3059365 -0.928396
v -0.291461 -0.3059365 -0.928396
v -0.322014 -0.3059365 -0.928396
v -0.355132 -0.3059365 -0.928396
v -0.384978 -0.3059365 -0.928396
v -0.406522 -0.3059365 -0.928396
v -0.427349 -0.3059365 -0.928396
v -0.447723 -0.3059365 -0.925377
v -0.447723 -0.3059365 -0.132797
v -0.447723 -0.3059365 -0.048221
v -0.447723 -0.3059365 0.371151
v -0.447723 -0.3059365 0.421181
v -0.447723 -0.3059365 0.91049
v -0.444842 -0.3059365 0.931842
v -0.407593 -0.3059365 -0.132749
v -0.406825 -0.3059365 -0.144826
v -0.380381 -0.3059365 -0.144826
v -0.362081 -0.3059365 -0.144826
v -0.354998 -0.3059365 -0.144826
v -0.311344 -0.3059365 -0.144826
v -0.288527 -0.3059365 -0.144826
v -0.244873 -0.3059365 -0.144826
v -0.220646 -0.3059365 -0.144826
v -0.174346 -0.3053145 -0.144826
v -0.154178 -0.3055305 -0.144826
v -0.126049 -0.3058315 -0.144826
v -0.111222 -0.3058635 -0.144826
v -0.110454 -0.3058825 -0.132749
v -0.110454 -0.3058825 -0.048221
v -0.110454 -0.3058825 0.371151
v -0.110454 -0.3058825 0.421181
v -0.110454 -0.3058825 0.914912
v -0.116389 -0.3058635 0.922233
v -0.126049 -0.3058315 0.922233
v -0.154178 -0.3055305 0.922233
v -0.174346 -0.3053145 0.922233
v -0.220646 -0.3059365 0.922233
v -0.244873 -0.3059365 0.922233
v -0.288527 -0.3059365 0.922233
v -0.311344 -0.3059365 0.922233
v -0.354998 -0.3059365 0.922233
v -0.362081 -0.3059365 0.922233
v -0.381204 -0.3059365 0.922233
v -0.401658 -0.3059365 0.922233
v -0.407593 -0.3059365 0.914912
v -0.407593 -0.3059365 0.421181
v -0.407593 -0.3059365 0.371151
v -0.407593 -0.3059365 -0.048221
v -0.455638 -0.3530365 0.942517
v -0.457911 -0.3527925 -0.936738
v -0.457911 -0.3059365 0.940016
v -0.455524 -0.3059365 -0.939072
v -0.059036 -0.3738535 0.940166
v -0.061423 -0.3059295 0.942517
v -0.061279 -0.3738475 -0.939072
v -0.059036 -0.3059365 -0.936571
v -0.448029 -0.3549435 -0.925845
v -0.071625 -0.3749005 -0.928663
v -0.068969 -0.3749075 0.929295
v -0.445396 -0.3552275 0.932109
v -0.447678 -0.3525395 -0.926035
v -0.071357 -0.3724695 -0.928396
v -0.069126 -0.3724755 0.929484
v -0.445464 -0.3527785 0.931841
v -0.4426 -0.3528165 -0.920039
v -0.07709 -0.3721835 -0.923059
v -0.074209 -0.3721915 0.923484
v -0.439733 -0.3531265 0.926504
v -0.454187 -0.3542785 0.94145
v -0.456897 -0.3539855 -0.935226
v -0.060055 -0.3749325 0.938646
v -0.062728 -0.3749245 -0.938005
v -0.447765 -0.3547005 -0.926035
v -0.071444 -0.3746305 -0.928396
v -0.069213 -0.3746365 0.929484
v -0.44555 -0.3549395 0.931841
v -0.447414 -0.3522965 -0.925312
v -0.072026 -0.3721975 -0.928129
v -0.06937 -0.3722045 0.928762
v -0.444781 -0.3525815 0.931575
v -0.072105 -0.3059005 0.931841
v -0.069224 -0.3059085 -0.925377
v -0.444842 -0.3059365 -0.928396
v -0.447723 -0.3059365 0.928822
v -0.457658 -0.3528195 0.94148
v -0.4569 -0.3529005 0.942258
v -0.4569 -0.3529005 -0.938813
v -0.457658 -0.3528195 -0.938035
v -0.45685 -0.3059365 0.94224
v -0.457645 -0.3059365 0.941406
v -0.457645 -0.3059365 -0.93796
v -0.45685 -0.3059365 -0.938794
v -0.060033 -0.3738505 0.942256
v -0.059286 -0.3738525 0.941472
v -0.059302 -0.3059355 0.941406
v -0.060097 -0.3059335 0.942239
v -0.059286 -0.3738535 -0.938027
v -0.060033 -0.3738505 -0.938811
v -0.060097 -0.3059335 -0.938794
v -0.059301 -0.3059355 -0.93796
v -0.446859 -0.3550695 -0.92835
v -0.447737 -0.3549755 -0.927411
v -0.069264 -0.3749065 -0.927413
v -0.070149 -0.3749045 -0.928351
v -0.070149 -0.3749045 0.931796
v -0.069264 -0.3749065 0.930858
v -0.447737 -0.3549745 0.930856
v -0.446859 -0.3550695 0.931796
v -0.446694 -0.3526465 -0.928134
v -0.447432 -0.3525665 -0.927347
v -0.069374 -0.3724755 -0.927348
v -0.070118 -0.3724725 -0.928135
v -0.070118 -0.3724725 0.93158
v -0.069374 -0.3724745 0.930794
v -0.447432 -0.3525665 0.930792
v -0.446694 -0.3526455 0.931579
v -0.442281 -0.3528515 -0.921717
v -0.441326 -0.3529545 -0.922723
v -0.075489 -0.3721875 -0.922723
v -0.074529 -0.3721905 -0.921717
v -0.074529 -0.3721905 0.925162
v -0.075489 -0.3721875 0.926168
v -0.441326 -0.3529545 0.926168
v -0.442281 -0.3528515 0.925162
v -0.456596 -0.3540185 0.940215
v -0.455693 -0.3541155 0.941141
v -0.455693 -0.3541155 -0.937696
v -0.456596 -0.3540185 -0.93677
v -0.061243 -0.3749285 0.941138
v -0.060352 -0.3749315 0.940204
v -0.060352 -0.3749315 -0.936759
v -0.061243 -0.3749295 -0.937693
v -0.446781 -0.3548065 -0.928134
v -0.447519 -0.3547275 -0.927347
v -0.069461 -0.3746355 -0.927348
v -0.070204 -0.3746335 -0.928135
v -0.070204 -0.3746335 0.93158
v -0.069461 -0.3746355 0.930794
v -0.447519 -0.3547265 0.930792
v -0.446781 -0.3548065 0.931579
v -0.446244 -0.3524235 -0.927817
v -0.447121 -0.3523285 -0.926877
v -0.069665 -0.3722035 -0.926879
v -0.07055 -0.3722015 -0.927817
v -0.07055 -0.3722015 0.931262
v -0.069665 -0.3722035 0.930325
v -0.447121 -0.3523285 0.930323
v -0.446244 -0.3524235 0.931262
v -0.070504 -0.3059045 0.931506
v -0.069544 -0.3059075 0.9305
v -0.069544 -0.3059075 -0.927055
v -0.070504 -0.3059045 -0.928061
v -0.446443 -0.3059365 -0.928061
v -0.447403 -0.3059365 -0.927055
v -0.447403 -0.3059365 0.9305
v -0.446443 -0.3059365 0.931506
v -0.126055 -0.2583495 -0.077853
v -0.126055 -0.2583495 0.001908
v -0.11998 -0.2594315 -0.077849
v -0.11998 -0.2594315 0.001934
v -0.147512 -0.2583495 0.004091
v -0.147512 -0.2561865 -0.077781
v -0.168774 -0.2583495 0.00199
v -0.16768 -0.2583495 -0.075595
v -0.220653 -0.2583495 0.001897
v -0.220653 -0.2561865 -0.07787
v -0.244879 -0.2583495 0.001899
v -0.244879 -0.2561865 -0.077866
v -0.288533 -0.2583495 0.001902
v -0.288533 -0.2561865 -0.077863
v -0.311351 -0.2583495 0.001904
v -0.311351 -0.2561865 -0.07786
v -0.355005 -0.2583495 0.001906
v -0.355005 -0.2561865 -0.077857
v -0.362087 -0.2583495 0.001908
v -0.362087 -0.2561865 -0.077855
v -0.382119 -0.2583495 -0.077854
v -0.380388 -0.2583495 0.004043
v -0.39808 -0.2594315 0.001934
v -0.39808 -0.2594315 -0.077849
v -0.39808 -0.2637575 0.002035
v -0.39808 -0.2637575 -0.077831
v -0.119979 -0.2637575 -0.077831
v -0.119979 -0.2637575 0.002035
v -0.120845 -0.2583495 -0.077854
v -0.120845 -0.2583495 0.001908
v -0.397215 -0.2583495 0.001908
v -0.397215 -0.2583495 -0.077854
v -0.418726 -0.3579285 0.94145
v -0.418726 -0.3579285 -0.938005
v -0.39575 -0.3059365 -0.939072
v -0.39575 -0.3059365 0.942517
v -0.418715 -0.3576585 -0.928396
v -0.418715 -0.3576585 0.931841
v -0.418618 -0.3552275 -0.92813
v -0.418618 -0.3552275 0.931575
v -0.418618 -0.3552275 -0.923059
v -0.418618 -0.3552275 0.926503
v -0.418378 -0.3568765 0.942517
v -0.418378 -0.3568765 -0.939072
v -0.418726 -0.3579285 -0.928663
v -0.418726 -0.3579285 0.932109
v -0.418628 -0.3554975 -0.928396
v -0.418628 -0.3554975 0.931841
v -0.371231 -0.3048555 -0.132797
v -0.371231 -0.3048555 0.91049
v -0.418618 -0.3552275 0.894446
v -0.418618 -0.3552275 -0.116954
v -0.371237 -0.2138895 0.426519
v -0.371237 -0.2583495 -0.131729
v -0.371237 -0.2138895 0.899814
v -0.371237 -0.2440855 0.387201
v -0.371237 -0.2583495 -0.08938
v -0.371237 -0.2583495 0.349799
v -0.371237 -0.2484445 0.381704
v -0.371237 -0.2520105 0.375912
v -0.371237 -0.2547835 0.369825
v -0.371237 -0.2567645 0.363444
v -0.371237 -0.2579535 0.356768
v -0.371237 -0.2174555 0.417168
v -0.371237 -0.2147815 0.421512
v -0.371237 -0.2247045 0.91049
v -0.371237 -0.2145655 0.904485
v -0.371237 -0.2165935 0.907821
v -0.371237 -0.2199735 0.909823
v -0.371231 -0.3059365 -0.13415
v -0.371231 -0.3059365 0.911557
v -0.371237 -0.2594315 -0.132797
v -0.39575 -0.3059365 0.931842
v -0.39575 -0.3059365 -0.928397
v -0.371231 -0.3059365 -0.144826
v -0.371231 -0.3059365 0.922233
v -0.369507 -0.2561865 -0.077855
v -0.369507 -0.2583495 0.001908
v -0.141735 -0.3744215 0.94145
v -0.141735 -0.3744215 -0.938005
v -0.141734 -0.3054225 -0.939072
v -0.142208 -0.3706335 0.371151
v -0.142208 -0.3706345 -0.048221
v -0.141734 -0.3054225 0.942517
v -0.139586 -0.3124255 -0.048221
v -0.139586 -0.3124255 0.371151
v -0.141626 -0.3717195 -0.099168
v -0.141626 -0.3717195 0.421181
v -0.141735 -0.3717195 0.372365
v -0.141735 -0.3717195 -0.049438
v -0.141724 -0.3741505 -0.928396
v -0.141724 -0.3741505 0.931841
v -0.141626 -0.3717195 -0.928129
v -0.141626 -0.3717195 0.931575
v -0.13939 -0.3717405 -0.060143
v -0.139399 -0.3717405 0.383069
v -0.141626 -0.3717195 -0.923059
v -0.141626 -0.3717195 0.926504
v -0.13819 -0.3717515 -0.065496
v -0.138205 -0.3717505 0.388421
v -0.141735 -0.3733395 0.942517
v -0.141735 -0.3733395 -0.939072
v -0.141735 -0.3744215 -0.928663
v -0.141735 -0.3744215 0.932109
v -0.141637 -0.3719905 -0.928396
v -0.141637 -0.3719905 0.931841
v -0.164262 -0.3043415 -0.132797
v -0.164262 -0.3043405 0.91049
v -0.141626 -0.3717195 0.894416
v -0.141626 -0.3717195 -0.117118
v -0.164268 -0.2133755 0.426519
v -0.164268 -0.2133755 0.899814
v -0.164268 -0.2583495 -0.131729
v -0.164268 -0.2439835 0.387171
v -0.157596 -0.2583495 -0.089274
v -0.164268 -0.2583495 0.349857
v -0.164268 -0.2483735 0.3817
v -0.164268 -0.2519645 0.37593
v -0.164268 -0.2547585 0.369861
v -0.164268 -0.2567535 0.363492
v -0.164268 -0.2579505 0.356824
v -0.164268 -0.2169675 0.41719
v -0.164268 -0.2142735 0.421518
v -0.164267 -0.2241915 0.91049
v -0.164268 -0.2140515 0.904485
v -0.164268 -0.2160795 0.907821
v -0.164268 -0.2194595 0.909823
v -0.164262 -0.3054225 -0.13415
v -0.164262 -0.3054225 0.911557
v -0.164268 -0.2594315 -0.132797
v -0.141734 -0.3054225 0.931841
v -0.141734 -0.3054225 -0.928396
v -0.164262 -0.3054225 -0.144826
v -0.164262 -0.3054225 0.922233
v -0.159326 -0.2583495 -0.075616
v -0.155865 -0.2561865 0.00197
v -0.149242 -0.1956215 -0.087162
v -0.157596 -0.1956215 -0.087139
v -0.16768 -0.1956215 -0.087112
v -0.220653 -0.1956215 -0.087261
v -0.244879 -0.1956215 -0.087258
v -0.288533 -0.1956215 -0.087254
v -0.311351 -0.1956215 -0.087251
v -0.355005 -0.1956215 -0.087248
v -0.362087 -0.1956215 -0.087246
v -0.371237 -0.1956215 -0.087245
v -0.380388 -0.1956215 -0.085109
v -0.380388 -0.1956215 -0.077854
v -0.378657 -0.1956215 0.001908
v -0.371237 -0.1956215 -0.000227
v -0.369507 -0.1956215 -0.077855
v -0.362087 -0.1956215 -0.077855
v -0.355005 -0.1956215 -0.077857
v -0.311351 -0.1956215 -0.07786
v -0.288533 -0.1956215 -0.077863
v -0.244879 -0.1956215 -0.077867
v -0.220653 -0.1956215 -0.07787
v -0.16768 -0.1956215 -0.07773
v -0.157596 -0.1956215 -0.075621
v -0.155865 -0.1956215 0.00197
v -0.147512 -0.1956215 -0.000179
v -0.147512 -0.1956215 -0.077781
v -0.147512 -0.2583495 -0.089302
v -0.149242 -0.2561865 -0.087162
v -0.147512 -0.2561865 -0.085031
v -0.16768 -0.2583495 -0.089247
v -0.220653 -0.2561865 -0.087261
v -0.244879 -0.2561865 -0.087258
v -0.288533 -0.2561865 -0.087254
v -0.311351 -0.2561865 -0.087251
v -0.355005 -0.2561865 -0.087248
v -0.362087 -0.2561865 -0.087246
v -0.382119 -0.2583495 -0.087244
v -0.380388 -0.2561865 -0.085109
v -0.378657 -0.2561865 -0.087245
v -0.145781 -0.2583495 0.001953
v -0.147512 -0.2561865 -0.000179
v -0.149242 -0.2561865 0.001959
v -0.145781 -0.2583495 -0.077786
v -0.16768 -0.2561865 -0.07773
v -0.220653 -0.2583495 -0.075735
v -0.244879 -0.2583495 -0.075731
v -0.288533 -0.2583495 -0.075728
v -0.311351 -0.2583495 -0.075725
v -0.355005 -0.2583495 -0.075722
v -0.362087 -0.2583495 -0.07572
v -0.380388 -0.2561865 -0.077854
v -0.378657 -0.2580745 0.001908
v -0.380388 -0.2561865 -0.000227
v -0.382119 -0.2583495 0.001908
v -0.371237 -0.2561865 -0.087245
v -0.371237 -0.2561865 -0.075719
v -0.369507 -0.2583495 -0.07572
v -0.371237 -0.2561865 -0.000227
v -0.372968 -0.2580745 0.001908
v -0.371237 -0.2583495 0.004043
v -0.157596 -0.2561865 -0.087139
v -0.157596 -0.2561865 -0.075621
v -0.159326 -0.2561865 -0.077752
v -0.157596 -0.2561865 -0.000162
v -0.159326 -0.2583495 0.001976
v -0.157596 -0.2583495 0.004109
v -0.149242 -0.1934585 -0.085027
v -0.147512 -0.1956215 -0.085031
v -0.157596 -0.1934585 -0.085004
v -0.16768 -0.1934585 -0.084977
v -0.220653 -0.1934585 -0.085126
v -0.244879 -0.1934585 -0.085123
v -0.288533 -0.1934585 -0.085119
v -0.311351 -0.1934585 -0.085116
v -0.355005 -0.1934585 -0.085113
v -0.362087 -0.1934585 -0.085111
v -0.371237 -0.1934585 -0.08511
v -0.378657 -0.1934585 -0.085109
v -0.378657 -0.1956215 -0.087245
v -0.378657 -0.1934585 -0.077854
v -0.378657 -0.1934585 -0.000227
v -0.380388 -0.1956215 -0.000227
v -0.372968 -0.1934585 -0.000227
v -0.372968 -0.1956215 0.001908
v -0.371237 -0.1934585 -0.07999
v -0.372968 -0.1934585 -0.077854
v -0.371237 -0.1956215 -0.075719
v -0.362087 -0.1934585 -0.07999
v -0.355005 -0.1934585 -0.079992
v -0.311351 -0.1934585 -0.079995
v -0.288533 -0.1934585 -0.079999
v -0.244879 -0.1934585 -0.080002
v -0.220653 -0.1934585 -0.080005
v -0.16768 -0.1934585 -0.079866
v -0.155865 -0.1934585 -0.07776
v -0.157596 -0.1934585 -0.079891
v -0.159326 -0.1956215 -0.077752
v -0.155865 -0.1934585 -0.000165
v -0.157596 -0.1956215 -0.000162
v -0.149242 -0.1934585 -0.000176
v -0.149242 -0.1956215 0.001959
v -0.149242 -0.1934585 -0.077777
v -0.147319 -0.2583495 -0.088116
v -0.146742 -0.2583495 -0.087406
v -0.148281 -0.2573885 -0.087401
v -0.147704 -0.2581095 -0.088115
v -0.147704 -0.2571485 -0.086217
v -0.148281 -0.2571485 -0.086927
v -0.146742 -0.2581095 -0.086931
v -0.147319 -0.2573885 -0.086218
v -0.16768 -0.2573885 -0.087349
v -0.16768 -0.2581095 -0.088061
v -0.220653 -0.2581095 -0.08821
v -0.220653 -0.2573885 -0.087499
v -0.244879 -0.2581095 -0.088207
v -0.244879 -0.2573885 -0.087495
v -0.288533 -0.2581095 -0.088204
v -0.288533 -0.2573885 -0.087492
v -0.311351 -0.2581095 -0.0882
v -0.311351 -0.2573885 -0.087488
v -0.355005 -0.2581095 -0.088197
v -0.355005 -0.2573885 -0.087485
v -0.362087 -0.2581095 -0.088195
v -0.362087 -0.2573885 -0.087483
v -0.381157 -0.2583495 -0.087482
v -0.38058 -0.2583495 -0.088193
v -0.38058 -0.2573885 -0.086295
v -0.381157 -0.2581095 -0.087007
v -0.379619 -0.2571485 -0.087007
v -0.380195 -0.2571485 -0.086295
v -0.380195 -0.2581095 -0.088193
v -0.379619 -0.2573885 -0.087482
v -0.146742 -0.2583495 0.002192
v -0.147319 -0.2583495 0.002905
v -0.147319 -0.2573885 0.001007
v -0.146742 -0.2581095 0.001718
v -0.148281 -0.2571485 0.00172
v -0.147704 -0.2571485 0.001008
v -0.147704 -0.2581095 0.002906
v -0.148281 -0.2573885 0.002195
v -0.147319 -0.2573885 -0.077782
v -0.146742 -0.2581095 -0.077783
v -0.16768 -0.2581095 -0.076781
v -0.16768 -0.2573885 -0.077493
v -0.220653 -0.2573885 -0.077633
v -0.220653 -0.2581095 -0.076921
v -0.244879 -0.2573885 -0.077629
v -0.244879 -0.2581095 -0.076918
v -0.288533 -0.2573885 -0.077626
v -0.288533 -0.2581095 -0.076915
v -0.311351 -0.2573885 -0.077623
v -0.311351 -0.2581095 -0.076911
v -0.355005 -0.2573885 -0.07762
v -0.355005 -0.2581095 -0.076908
v -0.362087 -0.2573885 -0.077618
v -0.362087 -0.2581095 -0.076906
v -0.381157 -0.2581095 -0.077854
v -0.38058 -0.2573885 -0.077854
v -0.379619 -0.2582575 0.002347
v -0.380195 -0.2583495 0.002857
v -0.380195 -0.2573885 0.000959
v -0.379619 -0.2581095 0.001671
v -0.381157 -0.2581095 0.001671
v -0.38058 -0.2573885 0.000959
v -0.38058 -0.2583495 0.002857
v -0.381157 -0.2583495 0.002146
v -0.371237 -0.2581095 -0.088194
v -0.371237 -0.2573885 -0.087482
v -0.371045 -0.2561865 -0.076906
v -0.370468 -0.2561865 -0.077617
v -0.370468 -0.2581095 -0.075719
v -0.371045 -0.2573885 -0.075719
v -0.369507 -0.2573885 -0.077617
v -0.369507 -0.2581095 -0.076906
v -0.371045 -0.2573885 0.000959
v -0.370468 -0.2581095 0.00167
v -0.372007 -0.2581095 0.00167
v -0.37143 -0.2573885 0.000959
v -0.37143 -0.2583495 0.002857
v -0.372007 -0.2582575 0.002347
v -0.370468 -0.2583495 0.002145
v -0.371045 -0.2583495 0.002857
v -0.157596 -0.2581095 -0.088088
v -0.157596 -0.2573885 -0.087376
v -0.157788 -0.2573885 -0.07562
v -0.158365 -0.2581095 -0.075619
v -0.158365 -0.2561865 -0.077517
v -0.157788 -0.2561865 -0.076807
v -0.159326 -0.2581095 -0.076803
v -0.159326 -0.2573885 -0.077514
v -0.157403 -0.2571485 0.001024
v -0.156826 -0.2571485 0.001735
v -0.158365 -0.2581095 0.001737
v -0.157788 -0.2573885 0.001025
v -0.157788 -0.2583495 0.002923
v -0.158365 -0.2583495 0.002212
v -0.156826 -0.2573885 0.002209
v -0.157403 -0.2581095 0.002922
v -0.149242 -0.1936985 -0.086213
v -0.149242 -0.1944195 -0.086925
v -0.147704 -0.1944195 -0.085031
v -0.148281 -0.1936985 -0.085029
v -0.148281 -0.1956215 -0.086927
v -0.147704 -0.1956215 -0.086217
v -0.157596 -0.1944195 -0.086902
v -0.157596 -0.1936985 -0.08619
v -0.16768 -0.1944195 -0.086875
v -0.16768 -0.1936985 -0.086163
v -0.220653 -0.1944195 -0.087024
v -0.220653 -0.1936985 -0.086312
v -0.244879 -0.1944195 -0.087021
v -0.244879 -0.1936985 -0.086309
v -0.288533 -0.1944195 -0.087017
v -0.288533 -0.1936985 -0.086305
v -0.311351 -0.1944195 -0.087014
v -0.311351 -0.1936985 -0.086302
v -0.355005 -0.1944195 -0.087011
v -0.355005 -0.1936985 -0.086299
v -0.362087 -0.1944195 -0.087009
v -0.362087 -0.1936985 -0.086297
v -0.371237 -0.1944195 -0.087008
v -0.371237 -0.1936985 -0.086296
v -0.379619 -0.1936985 -0.085109
v -0.380195 -0.1944195 -0.085109
v -0.378657 -0.1944195 -0.087007
v -0.378657 -0.1936985 -0.086296
v -0.380195 -0.1956215 -0.086295
v -0.379619 -0.1956215 -0.087007
v -0.380195 -0.1944195 -0.077854
v -0.379619 -0.1936985 -0.077854
v -0.378657 -0.1936985 0.000959
v -0.378657 -0.1944195 0.001671
v -0.380195 -0.1944195 -0.000227
v -0.379619 -0.1936985 -0.000227
v -0.379619 -0.1956215 0.001671
v -0.380195 -0.1956215 0.000959
v -0.372007 -0.1936985 -0.000227
v -0.37143 -0.1944195 -0.000227
v -0.372968 -0.1944195 0.00167
v -0.372968 -0.1936985 0.000959
v -0.37143 -0.1956215 0.000959
v -0.372007 -0.1956215 0.00167
v -0.371045 -0.1936985 -0.078804
v -0.370468 -0.1944195 -0.078092
v -0.372007 -0.1934585 -0.078092
v -0.37143 -0.1934585 -0.078804
v -0.37143 -0.1944195 -0.076906
v -0.372007 -0.1936985 -0.077617
v -0.370468 -0.1946605 -0.077617
v -0.371045 -0.1946605 -0.076906
v -0.362087 -0.1944195 -0.078093
v -0.362087 -0.1936985 -0.078804
v -0.355005 -0.1944195 -0.078094
v -0.355005 -0.1936985 -0.078806
v -0.311351 -0.1944195 -0.078097
v -0.311351 -0.1936985 -0.078809
v -0.288533 -0.1944195 -0.078101
v -0.288533 -0.1936985 -0.078812
v -0.244879 -0.1944195 -0.078104
v -0.244879 -0.1936985 -0.078816
v -0.220653 -0.1944195 -0.078107
v -0.220653 -0.1936985 -0.078819
v -0.16768 -0.1944195 -0.077968
v -0.16768 -0.1936985 -0.078679
v -0.156826 -0.1936985 -0.077521
v -0.157403 -0.1944195 -0.076808
v -0.157403 -0.1934585 -0.078705
v -0.156826 -0.1934585 -0.077995
v -0.158365 -0.1944195 -0.077991
v -0.157788 -0.1936985 -0.078704
v -0.157788 -0.1946605 -0.076807
v -0.158365 -0.1946605 -0.077517
v -0.155865 -0.1936985 0.001021
v -0.155865 -0.1944195 0.001733
v -0.157403 -0.1944195 -0.000162
v -0.156826 -0.1936985 -0.000163
v -0.156826 -0.1956215 0.001734
v -0.157403 -0.1956215 0.001024
v -0.148281 -0.1936985 -0.000178
v -0.147704 -0.1944195 -0.000179
v -0.149242 -0.1944195 0.001722
v -0.149242 -0.1936985 0.00101
v -0.147704 -0.1956215 0.001008
v -0.148281 -0.1956215 0.00172
v -0.147704 -0.1944195 -0.077781
v -0.148281 -0.1936985 -0.077779
v -0.370874 -0.2572545 -0.076906
v -0.370361 -0.2568545 -0.077617
v -0.370361 -0.2578955 -0.076906
v -0.370041 -0.2572545 -0.077618
v -0.157959 -0.2573885 -0.076674
v -0.158472 -0.2581095 -0.076278
v -0.158472 -0.2573885 -0.077306
v -0.158792 -0.2581095 -0.076672
v -0.148388 -0.1939125 -0.086215
v -0.148708 -0.1945535 -0.086926
v -0.147875 -0.1945535 -0.086217
v -0.148388 -0.1949535 -0.086927
v -0.379619 -0.1939125 -0.086164
v -0.380195 -0.1945535 -0.085768
v -0.379619 -0.1945535 -0.086796
v -0.380195 -0.1949535 -0.086164
v -0.379512 -0.1939125 0.000959
v -0.379191 -0.1945535 0.001671
v -0.380025 -0.1945535 0.000959
v -0.379512 -0.1949535 0.001671
v -0.372007 -0.1939125 0.000827
v -0.37143 -0.1945535 0.000432
v -0.372007 -0.1945535 0.00146
v -0.37143 -0.1949535 0.000827
v -0.156719 -0.1939125 0.001023
v -0.156399 -0.1945535 0.001734
v -0.157232 -0.1945535 0.001024
v -0.156719 -0.1949535 0.001734
v -0.148281 -0.1939125 0.000877
v -0.147704 -0.1945535 0.00048
v -0.148281 -0.1945535 0.001509
v -0.147704 -0.1949535 0.000876
v -0.456188 -0.3540625 -0.934476
v -0.448739 -0.3548665 -0.926596
v -0.430442 -0.3568425 -0.929411
v -0.407009 -0.3590145 -0.937258
v -0.407009 -0.3590145 -0.929411
v -0.375274 -0.3619565 -0.937258
v -0.375274 -0.3619565 -0.929411
v -0.338075 -0.3660575 -0.937257
v -0.338075 -0.3660575 -0.929411
v -0.303148 -0.3692465 -0.937257
v -0.303148 -0.3692465 -0.929411
v -0.247099 -0.3716195 -0.937257
v -0.247099 -0.3716195 -0.929411
v -0.2102 -0.3732755 -0.937257
v -0.2102 -0.3732755 -0.929411
v -0.153605 -0.3743135 -0.937257
v -0.153605 -0.3743135 -0.929411
v -0.129864 -0.3745295 -0.937257
v -0.129864 -0.3745295 -0.929411
v -0.09675 -0.3748305 -0.937257
v -0.09675 -0.3748305 -0.929411
v -0.06344 -0.3749225 -0.937257
v -0.070913 -0.3749025 -0.929411
v -0.060768 -0.3749305 -0.048221
v -0.068256 -0.3749095 -0.048221
v -0.060768 -0.3749305 0.371151
v -0.068256 -0.3749095 0.371151
v -0.060768 -0.3749305 0.421181
v -0.068256 -0.3749095 0.421181
v -0.060768 -0.3749305 0.937898
v -0.068256 -0.3749095 0.930044
v -0.09675 -0.3748305 0.940703
v -0.09675 -0.3748305 0.932856
v -0.129864 -0.3745295 0.940703
v -0.129864 -0.3745295 0.932855
v -0.153605 -0.3743135 0.940703
v -0.153605 -0.3743135 0.932856
v -0.2102 -0.3732755 0.940703
v -0.2102 -0.3732755 0.932856
v -0.247099 -0.3716195 0.940703
v -0.247099 -0.3716195 0.932856
v -0.303148 -0.3692465 0.940703
v -0.303148 -0.3692465 0.932855
v -0.338075 -0.3660575 0.940703
v -0.338075 -0.3660575 0.932856
v -0.375274 -0.3619555 0.940703
v -0.375274 -0.3619555 0.932855
v -0.407009 -0.3590145 0.940703
v -0.407009 -0.3590145 0.932856
v -0.430442 -0.3568425 0.940703
v -0.453483 -0.3543545 0.940703
v -0.446099 -0.3551515 0.932856
v -0.456188 -0.3540625 0.421181
v -0.448739 -0.3548665 0.421181
v -0.456188 -0.3540625 0.371151
v -0.448739 -0.3548665 0.371151
v -0.456188 -0.3540625 -0.048221
v -0.448739 -0.3548665 -0.048221
v -0.456188 -0.3540625 -0.130982
v -0.448739 -0.3548665 -0.123135
v -0.060768 -0.3749305 -0.130982
v -0.068256 -0.3749095 -0.123135
v -0.430442 -0.3568425 -0.937258
v -0.430442 -0.3568425 0.932856
v -0.091108 -0.3748455 -0.937257
v -0.096259 -0.3748315 -0.929411
v -0.091108 -0.3748455 0.940703
v -0.096259 -0.3748315 0.932856
v -0.060768 -0.3749305 0.908675
v -0.068256 -0.3749095 0.900828
v -0.456188 -0.3540625 0.908675
v -0.448739 -0.3548665 0.900828
v -0.453483 -0.3543545 -0.937257
v -0.446099 -0.3551515 -0.929411
v -0.060768 -0.3749305 -0.934453
v -0.068256 -0.3749095 -0.926599
v -0.06344 -0.3749225 0.940703
v -0.070913 -0.3749015 0.932856
v -0.456188 -0.3540625 0.937921
v -0.448739 -0.3548665 0.930041
v -0.455887 -0.3540945 -0.936021
v -0.448445 -0.3548985 -0.92816
v -0.454986 -0.3541925 -0.936948
v -0.447565 -0.3549935 -0.929098
v -0.061956 -0.3749275 -0.936946
v -0.069437 -0.3749065 -0.929098
v -0.061065 -0.3749295 -0.936011
v -0.068551 -0.3749085 -0.928161
v -0.061065 -0.3749295 0.939456
v -0.068551 -0.3749085 0.931606
v -0.061956 -0.3749265 0.940391
v -0.069437 -0.3749065 0.932543
v -0.454986 -0.3541925 0.940394
v -0.447565 -0.3549935 0.932543
v -0.455887 -0.3540945 0.939466
v -0.448445 -0.3548985 0.931605
v -0.418726 -0.3579285 -0.937258
v -0.418726 -0.3579285 -0.929411
v -0.418726 -0.3579285 0.940703
v -0.418726 -0.3579285 0.932856
v -0.141735 -0.3744215 -0.937257
v -0.141735 -0.3744215 -0.929411
v -0.141735 -0.3744215 0.940703
v -0.141735 -0.3744215 0.932856
v -0.455529 -0.3091675 0.942517
v -0.455581 -0.3207255 0.942517
v -0.455632 -0.3498055 0.942517
v -0.457911 -0.3091555 -0.936579
v -0.457911 -0.3206025 -0.936655
v -0.457911 -0.3495735 -0.93673
v -0.061286 -0.3695755 0.942517
v -0.061351 -0.3311265 0.942517
v -0.061416 -0.3102015 0.942517
v -0.061416 -0.3102025 -0.939072
v -0.061351 -0.3311275 -0.939072
v -0.061286 -0.3695755 -0.939072
v -0.09675 -0.3694765 0.942517
v -0.09675 -0.3310285 0.942517
v -0.09675 -0.3101035 0.942517
v -0.153605 -0.3689595 0.942517
v -0.153605 -0.3305115 0.942517
v -0.153605 -0.3095865 0.942517
v -0.21007 -0.3680055 0.942517
v -0.209142 -0.3303035 0.942517
v -0.208213 -0.3101255 0.942517
v -0.246661 -0.3664345 0.942517
v -0.24354 -0.3294765 0.942517
v -0.240419 -0.3100425 0.942517
v -0.407699 -0.3093055 0.942517
v -0.418299 -0.3221035 0.942517
v -0.428898 -0.3524245 0.942517
v -0.356125 -0.3095605 0.942517
v -0.365058 -0.3246545 0.942517
v -0.373991 -0.3572715 0.942518
v -0.322806 -0.3097655 0.942517
v -0.329934 -0.3267005 0.942517
v -0.337062 -0.3611595 0.942517
v -0.292038 -0.3099245 0.942517
v -0.297227 -0.3282925 0.942517
v -0.302416 -0.3641835 0.942517
v -0.09675 -0.3101035 -0.939072
v -0.09675 -0.3310285 -0.939072
v -0.09675 -0.3694765 -0.939072
v -0.153605 -0.3095865 -0.939072
v -0.153605 -0.3305115 -0.939072
v -0.153605 -0.3689595 -0.939072
v -0.208213 -0.3101255 -0.939072
v -0.209142 -0.3303045 -0.939072
v -0.21007 -0.3680055 -0.939072
v -0.240419 -0.3100435 -0.939072
v -0.24354 -0.3294775 -0.939072
v -0.246661 -0.3664345 -0.939072
v -0.428898 -0.3524245 -0.939072
v -0.418299 -0.3221035 -0.939072
v -0.407699 -0.3093055 -0.939072
v -0.373991 -0.3572715 -0.939072
v -0.365058 -0.3246545 -0.939072
v -0.356125 -0.3095605 -0.939072
v -0.337062 -0.3611595 -0.939072
v -0.329934 -0.3267015 -0.939072
v -0.322806 -0.3097655 -0.939072
v -0.302416 -0.3641835 -0.939072
v -0.297227 -0.3282925 -0.939072
v -0.292038 -0.3099245 -0.939072
v -0.457911 -0.3091555 0.371151
v -0.457911 -0.3206045 0.371151
v -0.457911 -0.3495755 0.371151
v -0.059036 -0.3695815 0.371151
v -0.059036 -0.3311335 0.371151
v -0.059036 -0.3102085 0.371151
v -0.457911 -0.3091555 -0.048221
v -0.457911 -0.3206045 -0.048221
v -0.457911 -0.3495755 -0.048221
v -0.059036 -0.3695815 -0.048221
v -0.059036 -0.3311335 -0.048221
v -0.059036 -0.3102085 -0.048221
v -0.129864 -0.3691755 0.942517
v -0.129864 -0.3307275 0.942517
v -0.129864 -0.3098025 0.942517
v -0.129864 -0.3098025 -0.939072
v -0.129864 -0.3307275 -0.939072
v -0.129864 -0.3691755 -0.939072
v -0.386063 -0.3094135 0.942517
v -0.395829 -0.3231865 0.942517
v -0.405595 -0.3544825 0.942517
v -0.405595 -0.3544825 -0.939072
v -0.395829 -0.3231865 -0.939072
v -0.386063 -0.3094145 -0.939072
v -0.457911 -0.3091555 0.421181
v -0.457911 -0.3206045 0.421181
v -0.457911 -0.3495755 0.421181
v -0.059036 -0.3695815 0.421181
v -0.059036 -0.3311335 0.421181
v -0.059036 -0.3102085 0.421181
v -0.457911 -0.3091555 -0.132797
v -0.457911 -0.3206035 -0.132797
v -0.457911 -0.3495735 -0.132797
v -0.059036 -0.3695815 -0.132797
v -0.059036 -0.3311335 -0.132797
v -0.059036 -0.3102085 -0.132797
v -0.427485 -0.3093055 0.942517
v -0.428712 -0.3221035 0.942517
v -0.429939 -0.3524245 0.942517
v -0.429939 -0.3524245 -0.939072
v -0.428712 -0.3221035 -0.939072
v -0.427485 -0.3093055 -0.939072
v -0.089598 -0.3694965 0.942517
v -0.089598 -0.3310485 0.942517
v -0.089598 -0.3101235 0.942517
v -0.089598 -0.3101235 -0.939072
v -0.089598 -0.3310485 -0.939072
v -0.089598 -0.3694965 -0.939072
v -0.457911 -0.3091555 0.91049
v -0.457911 -0.3206025 0.91049
v -0.457911 -0.3495735 0.91049
v -0.059036 -0.3695815 0.91049
v -0.059036 -0.3311335 0.91049
v -0.059036 -0.3102085 0.91049
v -0.457911 -0.3091555 0.940024
v -0.457911 -0.3206025 0.9401
v -0.457911 -0.3495725 0.940175
v -0.455529 -0.3091675 -0.939072
v -0.455581 -0.3207255 -0.939072
v -0.455632 -0.3498055 -0.939072
v -0.059036 -0.3695815 0.940159
v -0.059036 -0.3311335 0.940091
v -0.059036 -0.3102085 0.940023
v -0.059036 -0.3102085 -0.936578
v -0.059036 -0.3311335 -0.936646
v -0.059036 -0.3695815 -0.936713
v -0.456852 -0.3091605 0.94224
v -0.456875 -0.3206575 0.942249
v -0.456898 -0.3496765 0.942257
v -0.457646 -0.3091565 0.941409
v -0.457652 -0.3206165 0.941443
v -0.457657 -0.3495985 0.941476
v -0.457646 -0.3091575 -0.937964
v -0.457652 -0.3206165 -0.937998
v -0.457657 -0.3495985 -0.938031
v -0.456852 -0.3091615 -0.938795
v -0.456875 -0.3206575 -0.938804
v -0.456898 -0.3496765 -0.938812
v -0.060036 -0.3695785 0.942255
v -0.060065 -0.3311305 0.942248
v -0.060094 -0.3102055 0.94224
v -0.059286 -0.3695805 0.941469
v -0.059294 -0.3311325 0.941439
v -0.059301 -0.3102075 0.941409
v -0.060094 -0.3102055 -0.938795
v -0.060065 -0.3311305 -0.938803
v -0.060036 -0.3695785 -0.93881
v -0.059301 -0.3102075 -0.937964
v -0.059294 -0.3311325 -0.937994
v -0.059286 -0.3695805 -0.938024
v -0.396881 -0.3093595 0.942517
v -0.407064 -0.3226445 0.942517
v -0.417246 -0.3534535 0.942517
v -0.417246 -0.3534535 -0.939072
v -0.407064 -0.3226445 -0.939072
v -0.396881 -0.3093595 -0.939072
v -0.141735 -0.3690675 0.942517
v -0.141735 -0.3306195 0.942517
v -0.141735 -0.3096945 0.942517
v -0.141735 -0.3096945 -0.939072
v -0.141735 -0.3306195 -0.939072
v -0.141735 -0.3690675 -0.939072
v -0.446933 -0.3523485 -0.924784
v -0.430334 -0.3541415 -0.927622
v -0.406901 -0.3563135 -0.927622
v -0.375166 -0.3592545 -0.927622
v -0.337967 -0.3633565 -0.927623
v -0.303039 -0.3665445 -0.927622
v -0.24699 -0.3689185 -0.927622
v -0.210092 -0.3705745 -0.927622
v -0.153497 -0.3716115 -0.927622
v -0.129755 -0.3718275 -0.927622
v -0.072532 -0.3721955 -0.927623
v -0.069854 -0.3722035 -0.048221
v -0.069854 -0.3722035 0.371151
v -0.069854 -0.3722035 0.421181
v -0.069854 -0.3722035 0.928234
v -0.096642 -0.3721285 0.931068
v -0.129755 -0.3718275 0.931068
v -0.153497 -0.3716115 0.931067
v -0.210092 -0.3705745 0.931068
v -0.24699 -0.3689175 0.931068
v -0.303039 -0.3665445 0.931068
v -0.337967 -0.3633565 0.931067
v -0.375166 -0.3592545 0.931068
v -0.406901 -0.3563135 0.931068
v -0.444276 -0.3526355 0.931068
v -0.446933 -0.3523485 0.421181
v -0.446933 -0.3523485 0.371151
v -0.446933 -0.3523485 -0.048221
v -0.446933 -0.3523485 -0.121347
v -0.069854 -0.3722035 -0.121347
v -0.430334 -0.3541415 0.931068
v -0.096642 -0.3721285 -0.927622
v -0.069854 -0.3722035 0.89904
v -0.446933 -0.3523485 0.89904
v -0.444276 -0.3526355 -0.927622
v -0.069854 -0.3722035 -0.924789
v -0.072532 -0.3721955 0.931068
v -0.446933 -0.3523485 0.92823
v -0.446637 -0.3523805 -0.926361
v -0.445752 -0.3524765 -0.927307
v -0.071044 -0.3722005 -0.927308
v -0.070151 -0.3722025 -0.926363
v -0.070151 -0.3722025 0.929808
v -0.071044 -0.3721995 0.930753
v -0.445752 -0.3524765 0.930752
v -0.446637 -0.3523805 0.929806
v -0.418618 -0.3552275 -0.927623
v -0.418618 -0.3552275 0.931067
v -0.141626 -0.3717195 -0.927623
v -0.141626 -0.3717195 0.931067
v -0.129396 -0.3718315 0.373584
v -0.127721 -0.3718475 0.371547
v -0.127724 -0.3718475 -0.048615
v -0.129394 -0.3718315 -0.05066
v -0.153606 -0.3716115 -0.050356
v -0.210195 -0.3705745 -0.050356
v -0.247093 -0.3689185 -0.050356
v -0.303142 -0.3665445 -0.050356
v -0.33807 -0.3633565 -0.050356
v -0.375263 -0.3592555 -0.050356
v -0.407504 -0.3562665 -0.050782
v -0.409087 -0.3561205 -0.048579
v -0.409089 -0.3561205 0.37151
v -0.407503 -0.3562675 0.373706
v -0.375263 -0.3592555 0.373286
v -0.33807 -0.3633565 0.373286
v -0.303142 -0.3665445 0.373286
v -0.247093 -0.3689185 0.373286
v -0.210195 -0.3705745 0.373286
v -0.153606 -0.3716115 0.373286
v -0.1415 -0.3717225 -0.050508
v -0.141501 -0.3717215 0.373435
v -0.156111 -0.3877465 0.411833
v -0.156607 -0.3877285 0.413745
v -0.157063 -0.3923285 0.413991
v -0.3838 -0.3841085 0.41398
v -0.3844 -0.3794665 0.304254
v -0.15646 -0.3877345 0.303855
v -0.384202 -0.3839165 0.303882
v -0.156338 -0.3922975 0.304335
v -0.384116 -0.3844305 0.305053
v -0.156298 -0.3921815 0.411867
v -0.156116 -0.3877465 0.304406
v -0.156793 -0.3925845 0.304136
v -0.156634 -0.3926085 0.412509
v -0.382469 -0.3844215 0.41443
v -0.383787 -0.3844525 0.413432
v -0.156605 -0.3922325 0.413213
v -0.157791 -0.3921915 0.414476
v -0.383081 -0.3840175 0.414467
v -0.384253 -0.3839695 0.4132
v -0.156626 -0.3922935 0.303917
v -0.38168 -0.3840585 0.414753
v -0.158255 -0.3925705 0.414357
v -0.384495 -0.3841345 0.304308
v -0.384287 -0.3843495 0.411923
v -0.384548 -0.3839085 0.411841
v -0.382194 -0.3795455 0.414792
v -0.383833 -0.3794865 0.413868
v -0.157634 -0.3926715 0.305145
v -0.383925 -0.3794835 0.30385
v -0.160611 -0.3913375 0.414819
v -0.158163 -0.3876715 0.414771
v -0.38409 -0.3843145 0.304101
v -0.159133 -0.3923325 0.414708
v -0.384411 -0.3794655 0.411901
v -0.156536 -0.3925785 0.304321
v -0.157493 -0.3926645 0.413678
v -0.387163 -0.3780025 0.412732
v -0.385979 -0.3780465 0.416566
v -0.386367 -0.3793605 0.416932
v -0.158 -0.3863155 0.417844
v -0.154445 -0.3864445 0.416566
v -0.154153 -0.3877835 0.416932
v -0.152877 -0.3878275 0.412799
v -0.153253 -0.3864875 0.306822
v -0.154534 -0.3859995 0.306879
v -0.153474 -0.3923825 0.41273
v -0.154659 -0.3923395 0.416566
v -0.154271 -0.3910255 0.416932
v -0.158095 -0.3908865 0.418308
v -0.382639 -0.3840705 0.417844
v -0.386193 -0.3839415 0.416566
v -0.386485 -0.3826025 0.416932
v -0.387754 -0.3825645 0.412822
v -0.387371 -0.3838995 0.302247
v -0.387735 -0.3825555 0.302467
v -0.353279 -0.2863925 0.227227
v -0.18041 -0.2926715 0.227232
v -0.181626 -0.2922255 0.227083
v -0.180196 -0.2933545 0.226517
v -0.180582 -0.2985295 0.223234
v -0.353449 -0.2921535 0.223133
v -0.353767 -0.2910285 0.223838
v -0.154762 -0.3802695 0.293847
v -0.154432 -0.3811885 0.292821
v -0.156016 -0.3799465 0.294213
v -0.385216 -0.3719105 0.293847
v -0.385611 -0.3728035 0.292821
v -0.154942 -0.3864405 0.289853
v -0.156262 -0.3867255 0.289542
v -0.154414 -0.3855335 0.290861
v -0.385484 -0.3780775 0.289853
v -0.385945 -0.3771355 0.290861
v -0.153626 -0.3849125 0.299435
v -0.386685 -0.3764595 0.299435
v -0.387619 -0.3791175 0.301239
v -0.385377 -0.3761165 0.299668
v -0.386896 -0.3824595 0.295231
v -0.387273 -0.3812745 0.29593
v -0.153851 -0.3909125 0.295231
v -0.153389 -0.3897575 0.29593
v -0.155152 -0.3912555 0.294998
v -0.154536 -0.3859985 0.412509
v -0.158439 -0.3926455 0.416452
v -0.181743 -0.2929745 0.226044
v -0.35212 -0.2906225 0.223411
v -0.352337 -0.2867345 0.22816
v -0.180282 -0.2973255 0.223822
v -0.18163 -0.2997155 0.22349
v -0.353549 -0.2870535 0.226516
v -0.156737 -0.3886975 0.414184
v -0.158537 -0.3886315 0.414831
v -0.382057 -0.3805245 0.414831
v -0.383857 -0.3804585 0.414184
v -0.384457 -0.3804375 0.412242
v -0.156415 -0.3924575 0.303982
v -0.384451 -0.3842045 0.303978
v -0.156257 -0.3920305 0.412242
v -0.156788 -0.3924875 0.414277
v -0.155964 -0.3927985 0.415177
v -0.15866 -0.3925385 0.415075
v -0.382241 -0.3842945 0.414935
v -0.384085 -0.3842325 0.414246
v -0.384925 -0.3844935 0.415177
v -0.384673 -0.3841855 0.41225
v -0.384306 -0.3804445 0.303875
v -0.156259 -0.3887155 0.30396
v -0.385029 -0.3844135 0.303368
v -0.1558 -0.3927305 0.303331
v -0.383919 -0.3842495 0.303713
v -0.156921 -0.3924585 0.303736
v -0.156137 -0.3925315 0.304619
v -0.386103 -0.3843885 0.30221
v -0.154782 -0.3927785 0.302209
v -0.385628 -0.3828955 0.294998
v -0.384185 -0.3784585 0.289542
v -0.352574 -0.2935165 0.223491
v -0.181795 -0.2982695 0.222921
v -0.181892 -0.2967945 0.223412
v -0.351964 -0.2868015 0.226043
v -0.352096 -0.2860425 0.227084
v -0.181394 -0.2929365 0.228162
v -0.383941 -0.3716785 0.294212
v -0.154901 -0.3844755 0.299668
v -0.385856 -0.3776085 0.306879
v -0.15597 -0.3859445 0.416242
v -0.153021 -0.3910695 0.30247
v -0.157978 -0.3876445 0.418308
v -0.382543 -0.3794995 0.418308
v -0.382661 -0.3827415 0.418308
v -0.382425 -0.3781755 0.417844
v -0.158213 -0.3922105 0.417844
v -0.38193 -0.3845985 0.416076
v -0.158657 -0.3919435 0.414831
v -0.153003 -0.3910785 0.412823
v -0.15478 -0.3927775 0.412504
v -0.387378 -0.3838985 0.41273
v -0.156043 -0.3926395 0.412243
v -0.385655 -0.3844695 0.412298
v -0.156137 -0.3887185 0.412242
v -0.384721 -0.3842285 0.304596
v -0.153481 -0.3923825 0.302247
v -0.152902 -0.3875435 0.301084
v -0.153261 -0.3864865 0.412732
v -0.385857 -0.3776075 0.412509
v -0.387171 -0.3780035 0.306822
v -0.387643 -0.3793155 0.412804
v -0.384463 -0.3776575 0.416185
v -0.302204 -0.3624085 0.231515
v -0.23687 -0.3648435 0.231608
v -0.245391 -0.3658175 0.231639
v -0.309118 -0.3803045 0.283654
v -0.308276 -0.3822085 0.276799
v -0.305233 -0.3840845 0.270775
v -0.301421 -0.3849195 0.268519
v -0.29326 -0.3854535 0.267746
v -0.232246 -0.3849665 0.276799
v -0.231269 -0.3831285 0.283654
v -0.308052 -0.3068685 0.231691
v -0.226949 -0.3141395 0.231195
v -0.305488 -0.3880045 0.269748
v -0.294691 -0.3890745 0.26697
v -0.233322 -0.3899545 0.27187
v -0.310695 -0.3816975 0.289436
v -0.309394 -0.3445125 0.261185
v -0.306518 -0.3066805 0.231669
v -0.228528 -0.3095085 0.231669
v -0.268352 -0.3353665 0.253927
v -0.247819 -0.3871085 0.267725
v -0.2674 -0.3037925 0.232028
v -0.309478 -0.3442035 0.231413
v -0.308864 -0.3531555 0.231449
v -0.306447 -0.3588695 0.231481
v -0.303134 -0.3883865 0.268202
v -0.246208 -0.3909295 0.267143
v -0.230022 -0.3506115 0.259157
v -0.230761 -0.3591345 0.23154
v -0.235451 -0.3905435 0.269763
v -0.230796 -0.3884135 0.277249
v -0.230801 -0.3850325 0.288258
v -0.226943 -0.3098795 0.232273
v -0.310927 -0.3815715 0.289244
v -0.309587 -0.3443365 0.260751
v -0.230995 -0.3843575 0.28945
v -0.230164 -0.3484725 0.261906
v -0.230241 -0.3487045 0.26178
v -0.252988 -0.3053865 0.232003
v -0.226846 -0.3100305 0.231132
v -0.281785 -0.3044535 0.232352
v -0.310999 -0.3827095 0.285581
v -0.310648 -0.3842005 0.280549
v -0.308951 -0.3864005 0.274013
v -0.229577 -0.3857025 0.285469
v -0.230025 -0.3871245 0.280549
v -0.231865 -0.3891885 0.273964
v -0.28346 -0.3895215 0.266815
v -0.310665 -0.3838045 0.282786
v -0.30852 -0.3853115 0.277914
v -0.307564 -0.3872615 0.27187
v -0.306299 -0.3869225 0.2729
v -0.303774 -0.3879075 0.270295
v -0.299894 -0.3882965 0.269209
v -0.229979 -0.3867315 0.282785
v -0.230985 -0.3845715 0.289431
v -0.309672 -0.3817585 0.28946
v -0.308983 -0.3841755 0.281083
v -0.307475 -0.3861355 0.274919
v -0.304509 -0.3874255 0.271106
v -0.248051 -0.3901975 0.268731
v -0.241041 -0.3903065 0.269198
v -0.236379 -0.3899035 0.271103
v -0.23333 -0.3888255 0.274919
v -0.231683 -0.3869795 0.281083
v -0.231271 -0.3856125 0.285273
v -0.284129 -0.3242205 0.246262
v -0.242301 -0.3906205 0.268718
v -0.23166 -0.3248635 0.244242
v -0.228531 -0.3095205 0.232004
v -0.308112 -0.3069395 0.23228
v -0.301309 -0.3148575 0.238759
v -0.308096 -0.3456645 0.261992
v -0.308957 -0.3255295 0.231297
v -0.309381 -0.3495265 0.231438
v -0.229738 -0.3486645 0.262116
v -0.231164 -0.3843835 0.289162
v -0.282978 -0.3645475 0.231573
v -0.228302 -0.3472595 0.231468
v -0.229557 -0.3560815 0.231518
v -0.232381 -0.3616135 0.231563
v -0.308247 -0.3070765 0.231142
v -0.309972 -0.3855415 0.277249
v -0.300229 -0.3888865 0.26759
v -0.308843 -0.3812885 0.280633
v -0.307337 -0.3830415 0.273907
v -0.302441 -0.3878615 0.269925
v -0.293521 -0.3885375 0.268765
v -0.238491 -0.3901795 0.269921
v -0.239502 -0.3871785 0.268475
v -0.234686 -0.3894385 0.272758
v -0.235553 -0.3866615 0.270615
v -0.232227 -0.3880785 0.277914
v -0.233243 -0.3857285 0.273907
v -0.231614 -0.3840905 0.280633
v -0.309184 -0.3792775 0.284107
v -0.306515 -0.3066925 0.232004
v -0.227011 -0.3098095 0.231691
v -0.229801 -0.3846035 0.289479
v -0.309335 -0.3815925 0.289311
v -0.226854 -0.3099775 0.231786
v -0.308237 -0.3070245 0.23179
v -0.228439 -0.3481425 0.261719
v -0.292998 -0.3888485 0.268525
v -0.237149 -0.3903235 0.270295
v -0.233844 -0.3894785 0.273428
v -0.309295 -0.3827975 0.285233
v -0.253458 -0.3451625 0.260232
v -0.240648 -0.3910375 0.267622
v -0.256638 -0.3904395 0.266751
v -0.253131 -0.3054635 0.232312
v -0.28994 -0.3419375 0.258856
v -0.308007 -0.3477925 0.259165
v -0.241413 -0.3337715 0.251514
v -0.307648 -0.3458355 0.26185
v -0.281823 -0.3043405 0.232003
v -0.241339 -0.3075195 0.232338
v -0.293776 -0.3639985 0.23155
v -0.237816 -0.3907565 0.268212
v -0.231128 -0.3821095 0.284107
v -0.307884 -0.3562835 0.231464
v -0.299398 -0.3633615 0.231531
v -0.304554 -0.3609105 0.231499
v -0.227577 -0.3315165 0.231349
v -0.228778 -0.3524955 0.231502
v -0.234418 -0.3635165 0.231586
v -0.239738 -0.3655955 0.23163
v -0.2562 -0.3655555 0.231625
v -0.228211 -0.3478345 0.261158
v -0.229562 -0.3845485 0.289288
v -0.229679 -0.3843675 0.289398
v -0.310783 -0.3814795 0.289446
v -0.309565 -0.3814625 0.289444
v -0.229916 -0.3489235 0.261949
v -0.307989 -0.3460905 0.261949
v -0.247838 -0.3875855 0.267887
v -0.239297 -0.3876505 0.268681
v -0.235 -0.3541705 0.262865
v -0.303299 -0.3516935 0.262865
v -0.231288 -0.3854615 0.286098
v -0.306587 -0.3819935 0.289412
v -0.231171 -0.3832955 0.285738
v -0.231182 -0.3833085 0.283918
v -0.231009 -0.3788155 0.282722
v -0.309227 -0.3804645 0.285739
v -0.309065 -0.3759845 0.282722
v -0.308285 -0.3853685 0.277638
v -0.293552 -0.3884605 0.268833
v -0.238524 -0.3900885 0.269975
v -0.234743 -0.3893535 0.272784
v -0.232395 -0.3879305 0.277687
v -0.306587 -0.3539175 0.267847
v -0.306748 -0.3540685 0.267177
v -0.23178 -0.3565085 0.267852
v -0.231646 -0.3566995 0.267185
v -0.307619 -0.3860425 0.276452
v -0.309186 -0.3817555 0.28891
v -0.231193 -0.3844405 0.288802
v -0.252426 -0.3528275 0.265709
v -0.303896 -0.3877685 0.271349
v -0.28502 -0.3516775 0.265646
v -0.249512 -0.3495655 0.259548
v -0.23352 -0.3844375 0.289453
v -0.30825 -0.3632415 0.275342
v -0.230545 -0.3663765 0.27382
v -0.242754 -0.3486355 0.261272
v -0.231591 -0.3848055 0.289275
v -0.308897 -0.3816575 0.289393
v -0.308821 -0.3844565 0.281033
v -0.239982 -0.3903535 0.269913
v -0.30887 -0.3819815 0.289257
v -0.230738 -0.3645195 0.274214
v -0.307347 -0.3862395 0.274928
v -0.304408 -0.3875135 0.27115
v -0.299835 -0.3881755 0.269259
v -0.241077 -0.3902185 0.269254
v -0.236438 -0.3897895 0.271131
v -0.231771 -0.3869385 0.280975
v -0.309189 -0.3829195 0.285517
v -0.308536 -0.3628855 0.274289
v -0.230588 -0.3666175 0.275415
v -0.300324 -0.3827205 0.2882
v -0.29482 -0.3468355 0.261269
v -0.29859 -0.3884115 0.269428
v -0.231872 -0.3865175 0.28333
v -0.309228 -0.3804805 0.284
v -0.309148 -0.3808085 0.282677
v -0.307945 -0.3830885 0.275392
v -0.30542 -0.3845135 0.271073
v -0.301438 -0.3853965 0.268681
v -0.293262 -0.3859315 0.267908
v -0.236307 -0.3872745 0.270248
v -0.233916 -0.3865715 0.272807
v -0.232044 -0.3851675 0.277556
v -0.304845 -0.3510115 0.264056
v -0.30862 -0.3637155 0.2728
v -0.230564 -0.3665465 0.2728
v -0.233299 -0.3535365 0.264063
v -0.234395 -0.3528985 0.265178
v -0.23333 -0.3530935 0.265002
v -0.30476 -0.3506255 0.264994
v -0.303549 -0.3504605 0.265123
v -0.231392 -0.3845205 0.289303
v -0.306029 -0.3870495 0.272831
v -0.302336 -0.3880235 0.270037
v -0.246605 -0.3902785 0.268973
v -0.23581 -0.3898175 0.272178
v -0.23334 -0.3888325 0.275214
v -0.231173 -0.3833525 0.285081
v -0.309229 -0.3805215 0.285083
v -0.30922 -0.3802595 0.285993
v -0.231164 -0.3830905 0.285993
v -0.288516 -0.3481575 0.259553
v -0.268737 -0.3478885 0.261043
v -0.257363 -0.3897875 0.268758
v -0.267157 -0.3055755 0.234807
v -0.289302 -0.3127025 0.138736
v -0.241662 -0.3157725 0.138592
v -0.245016 -0.3136095 0.143746
v -0.290367 -0.3120255 0.143375
v -0.308217 -0.2960055 0.234066
v -0.306934 -0.2953425 0.234001
v -0.22655 -0.2982885 0.234004
v -0.306651 -0.3058065 0.114376
v -0.303036 -0.3171315 0.139479
v -0.22698 -0.3117905 0.235243
v -0.234123 -0.3084385 0.112622
v -0.255159 -0.3114045 0.143551
v -0.280102 -0.3105185 0.14344
v -0.301541 -0.3169265 0.141138
v -0.230222 -0.3086345 0.113285
v -0.230734 -0.3212865 0.114384
v -0.305229 -0.3185795 0.114406
v -0.304681 -0.3059555 0.11325
v -0.255733 -0.3184645 0.137596
v -0.227418 -0.3089865 0.115559
v -0.30826 -0.3182125 0.117532
v -0.301707 -0.3165615 0.143597
v -0.233907 -0.3193685 0.141661
v -0.302834 -0.3091075 0.235249
v -0.267638 -0.3101325 0.143597
v -0.27778 -0.3115205 0.138507
v -0.275666 -0.3056355 0.234841
v -0.307439 -0.3055235 0.115749
v -0.30253 -0.3159515 0.152358
v -0.233465 -0.3090515 0.112525
v -0.299822 -0.3066465 0.112435
v -0.232428 -0.3200535 0.135314
v -0.308648 -0.3083725 0.235201
v -0.308254 -0.3088205 0.235241
v -0.226524 -0.3113495 0.235201
v -0.226043 -0.2991655 0.234083
v -0.261276 -0.3105935 0.143528
v -0.267611 -0.3107445 0.139691
v -0.264694 -0.3115245 0.138515
v -0.251543 -0.3131355 0.138607
v -0.288645 -0.3120905 0.139907
v -0.299163 -0.3138645 0.158246
v -0.294315 -0.3130515 0.143694
v -0.252566 -0.3161295 0.137528
v -0.2605 -0.3129155 0.137793
v -0.289804 -0.3134585 0.138105
v -0.237847 -0.3100465 0.235119
v -0.23802 -0.3175335 0.139118
v -0.285593 -0.3111655 0.143435
v -0.236265 -0.3161465 0.158246
v -0.248554 -0.3078515 0.234954
v -0.25731 -0.3064115 0.234851
v -0.29422 -0.3076605 0.235085
v -0.298631 -0.3082045 0.235153
v -0.289319 -0.3176625 0.137297
v -0.229123 -0.3216855 0.115927
v -0.301283 -0.3191295 0.113976
v -0.22818 -0.3085635 0.114529
v -0.228798 -0.3212425 0.115488
v -0.233933 -0.3214995 0.113922
v -0.307113 -0.3184175 0.115512
v -0.301973 -0.3060335 0.112663
v -0.307463 -0.3050175 0.118534
v -0.301816 -0.3188725 0.113695
v -0.295537 -0.3170345 0.13814
v -0.23408 -0.3174295 0.158141
v -0.232168 -0.3116795 0.23525
v -0.300405 -0.3170615 0.139597
v -0.306803 -0.3188685 0.115924
v -0.231141 -0.3216755 0.116543
v -0.305635 -0.3174195 0.135006
v -0.249732 -0.3124245 0.143662
v -0.280611 -0.3152415 0.137527
v -0.278645 -0.3126305 0.137812
v -0.241652 -0.3149715 0.140875
v -0.237268 -0.3171555 0.141179
v -0.277311 -0.3108185 0.139728
v -0.274037 -0.3101455 0.143455
v -0.226491 -0.3073395 0.129681
v -0.226842 -0.3199455 0.132074
v -0.231309 -0.3217285 0.114826
v -0.228105 -0.3214215 0.116463
v -0.236007 -0.3195715 0.138428
v -0.23226 -0.3081615 0.113514
v -0.308384 -0.3044335 0.128819
v -0.308962 -0.3169215 0.132634
v -0.233628 -0.3208035 0.11365
v -0.22691 -0.3083595 0.117757
v -0.307587 -0.3060785 0.115559
v -0.299591 -0.3168625 0.139367
v -0.239718 -0.3190835 0.138248
v -0.236126 -0.3191955 0.139359
v -0.233182 -0.3184875 0.152112
v -0.296524 -0.3174215 0.137775
v -0.30479 -0.3190625 0.115749
v -0.304249 -0.3191025 0.114667
v -0.245982 -0.3192295 0.137351
v -0.238929 -0.3209845 0.113567
v -0.297278 -0.3185305 0.113505
v -0.305701 -0.3053215 0.114905
v -0.24652 -0.3136665 0.139876
v -0.257918 -0.3115215 0.139733
v -0.298435 -0.3149435 0.141341
v -0.29415 -0.3135335 0.13951
v -0.24568 -0.3150595 0.138105
v -0.294187 -0.3157125 0.137962
v -0.294303 -0.3142185 0.138514
v -0.297886 -0.3154615 0.139183
v -0.241107 -0.3175645 0.138061
v -0.22782 -0.3214605 0.119615
v -0.227163 -0.3202645 0.132559
v -0.308658 -0.3173075 0.132567
v -0.227464 -0.3079175 0.118547
v -0.228934 -0.3080855 0.11524
v -0.300788 -0.3056945 0.113404
v -0.284416 -0.3174475 0.137616
v -0.244194 -0.3189025 0.137837
v -0.22743 -0.3211055 0.118197
v -0.308072 -0.3054275 0.117952
v -0.307801 -0.3185305 0.116461
v -0.30858 -0.3180595 0.119247
v -0.234741 -0.3191845 0.140779
v -0.30809 -0.3185495 0.119603
v -0.259359 -0.3498625 0.227766
v -0.267702 -0.3593625 0.227766
v -0.261388 -0.3433905 0.227766
v -0.262286 -0.3523035 0.224831
v -0.263633 -0.3545165 0.224826
v -0.265629 -0.3561105 0.224824
v -0.26803 -0.3569145 0.22482
v -0.272891 -0.3558485 0.224829
v -0.274765 -0.3541135 0.224826
v -0.275946 -0.3518075 0.224825
v -0.276285 -0.3492375 0.224818
v -0.275753 -0.3466985 0.224825
v -0.274408 -0.3444985 0.224831
v -0.272411 -0.3429085 0.224818
v -0.270007 -0.3421065 0.224831
v -0.267497 -0.3422045 0.224824
v -0.265169 -0.3431705 0.224818
v -0.263294 -0.3449035 0.224825
v -0.262111 -0.3471935 0.224825
v -0.261849 -0.3497595 0.216394
v -0.260065 -0.3532415 0.227766
v -0.261852 -0.3561705 0.227766
v -0.264504 -0.3582965 0.227766
v -0.271059 -0.3592415 0.227766
v -0.27417 -0.3579455 0.227766
v -0.276661 -0.3556335 0.227766
v -0.278232 -0.3525825 0.227766
v -0.278691 -0.3491615 0.227766
v -0.277985 -0.3457825 0.227766
v -0.276198 -0.3428535 0.227766
v -0.273546 -0.3407275 0.227766
v -0.270348 -0.3396615 0.227766
v -0.266991 -0.3397835 0.227766
v -0.26388 -0.3410785 0.227766
v -0.259818 -0.3464415 0.227766
v -0.264668 -0.3523175 0.219643
v -0.267463 -0.3544915 0.219643
v -0.2708 -0.3544495 0.219643
v -0.273574 -0.3519945 0.219643
v -0.274002 -0.3484215 0.219643
v -0.272769 -0.3460365 0.219643
v -0.270749 -0.3445625 0.219643
v -0.267963 -0.3444335 0.219643
v -0.265473 -0.3457185 0.219643
v -0.263982 -0.3487855 0.219643
v -0.261761 -0.3497635 0.224825
v -0.270533 -0.3568505 0.224836
v -0.262366 -0.3522715 0.216406
v -0.263697 -0.3544575 0.216401
v -0.26567 -0.3560305 0.216393
v -0.268042 -0.3568295 0.216401
v -0.270531 -0.3567505 0.216412
v -0.272843 -0.3557705 0.216393
v -0.274699 -0.3540605 0.216407
v -0.275865 -0.3517805 0.2164
v -0.276202 -0.3492395 0.2164
v -0.275672 -0.3467315 0.216394
v -0.274343 -0.3445585 0.2164
v -0.272371 -0.3429835 0.2164
v -0.269997 -0.3421935 0.216406
v -0.267516 -0.3422925 0.216393
v -0.265213 -0.3432415 0.216406
v -0.263364 -0.3449575 0.216394
v -0.26219 -0.3472205 0.216406
v -0.260114 -0.3531935 0.22498
v -0.259423 -0.3498345 0.224974
v -0.259889 -0.3464375 0.224974
v -0.261445 -0.3434365 0.224971
v -0.263913 -0.3411325 0.224971
v -0.26703 -0.3398435 0.224974
v -0.270339 -0.3397315 0.224977
v -0.273517 -0.3407845 0.224971
v -0.276147 -0.3429005 0.224977
v -0.277914 -0.3457835 0.224974
v -0.278629 -0.3491635 0.224971
v -0.278163 -0.3525595 0.224971
v -0.276614 -0.3555955 0.224976
v -0.274134 -0.3578865 0.224977
v -0.271046 -0.3591805 0.224976
v -0.267685 -0.3592895 0.224968
v -0.264538 -0.3582315 0.224971
v -0.261896 -0.3561295 0.224976
v -0.263915 -0.3496725 0.216395
v -0.264279 -0.3514875 0.216381
v -0.265249 -0.3530525 0.216389
v -0.266657 -0.3541665 0.216395
v -0.268326 -0.3547155 0.216391
v -0.270075 -0.3546645 0.216383
v -0.271724 -0.3539825 0.216395
v -0.27303 -0.3527305 0.216489
v -0.273851 -0.3513235 0.216387
v -0.274136 -0.3493005 0.216389
v -0.273755 -0.3475435 0.216398
v -0.272835 -0.3460105 0.216389
v -0.271438 -0.3448795 0.216389
v -0.269751 -0.3443045 0.216383
v -0.267949 -0.3443645 0.216392
v -0.26628 -0.3450645 0.216383
v -0.264974 -0.3462965 0.216395
v -0.26416 -0.3478895 0.216386
v -0.236825 -0.3635585 0.227878
v -0.24635 -0.3647385 0.228324
v -0.292149 -0.3630935 0.228272
v -0.302158 -0.3611875 0.227878
v -0.306349 -0.3576905 0.22788
v -0.308734 -0.3520185 0.227881
v -0.309301 -0.3390835 0.227976
v -0.267378 -0.3040955 0.227934
v -0.252749 -0.3057645 0.227827
v -0.282089 -0.3047005 0.227827
v -0.282009 -0.3043185 0.232943
v -0.308143 -0.3070225 0.228231
v -0.227052 -0.3101625 0.227844
v -0.2281 -0.3420365 0.227976
v -0.228826 -0.3512765 0.227888
v -0.230802 -0.3578275 0.227738
v -0.239665 -0.3642975 0.227876
v -0.234401 -0.3622495 0.227877
v -0.309246 -0.3483585 0.227887
v -0.30775 -0.3550365 0.227738
v -0.30448 -0.3597075 0.227877
v -0.299379 -0.3621305 0.227876
v -0.306518 -0.3066835 0.232121
v -0.238094 -0.3626965 0.227668
v -0.229643 -0.3163665 0.227669
v -0.305855 -0.3117655 0.227685
v -0.226931 -0.3099685 0.228232
v -0.229601 -0.3548895 0.227881
v -0.232391 -0.3603735 0.22788
v -0.292387 -0.3627435 0.227794
v -0.247136 -0.3644095 0.227794
v -0.253294 -0.3055225 0.22839
v -0.281528 -0.3044985 0.22839
v -0.228535 -0.3095425 0.232945
v -0.308037 -0.3072255 0.227843
v -0.301033 -0.3602645 0.227667
v -0.227049 -0.3098185 0.232167
v -0.228528 -0.3095125 0.232121
v -0.246433 -0.3658325 0.232052
v -0.230761 -0.3591345 0.231801
v -0.239737 -0.3655955 0.232024
v -0.234418 -0.3635165 0.231915
v -0.309393 -0.3384705 0.231416
v -0.30917 -0.3518475 0.231568
v -0.307884 -0.3562835 0.231614
v -0.304554 -0.3609105 0.231699
v -0.299398 -0.3633615 0.23178
v -0.252801 -0.3053785 0.232943
v -0.226846 -0.3100305 0.230794
v -0.308233 -0.3070785 0.230794
v -0.226985 -0.3149455 0.230973
v -0.227965 -0.3414615 0.23153
v -0.292085 -0.3641625 0.231838
v -0.229158 -0.3548065 0.231734
v -0.232381 -0.3616135 0.231859
v -0.23687 -0.3648445 0.23197
v -0.30845 -0.3119855 0.230955
v -0.306447 -0.3588695 0.231657
v -0.302204 -0.3624085 0.23174
v -0.308015 -0.3068825 0.232167
v -0.226854 -0.3099775 0.232408
v -0.308221 -0.3070255 0.232408
v -0.267369 -0.3038485 0.232943
v -0.306513 -0.3067145 0.232945
v -0.35211 -0.2904345 0.225626
v -0.357749 -0.2905775 -0.042971
v -0.359648 -0.2937715 -0.046582
v -0.133798 -0.3773165 -0.046654
v -0.32432 -0.3733155 -0.04781
v -0.404152 -0.3621775 0.367455
v -0.174119 -0.2978315 0.226409
v -0.174312 -0.2972495 -0.042971
v -0.179141 -0.2972375 -0.046569
v -0.35293 -0.2909035 -0.046583
v -0.264458 -0.3775505 -0.047699
v -0.352173 -0.2899515 -0.043253
v -0.141308 -0.3798445 0.372315
v -0.178955 -0.3005415 -0.047612
v -0.352614 -0.2899055 0.219777
v -0.171784 -0.3003765 0.224294
v -0.180523 -0.2974075 0.227684
v -0.362298 -0.3088165 0.26202
v -0.334575 -0.3071305 0.255301
v -0.33976 -0.3578585 0.345952
v -0.2684 -0.3792785 0.373051
v -0.288551 -0.3064245 0.250261
v -0.357958 -0.2911225 0.226412
v -0.172735 -0.3006405 -0.046582
v -0.1299 -0.3583805 0.373149
v -0.129439 -0.3583255 0.36807
v -0.139827 -0.3588705 0.375368
v -0.140055 -0.3584935 -0.048439
v -0.340812 -0.3512865 -0.048547
v -0.405733 -0.3419725 -0.047503
v -0.396575 -0.3434365 -0.048439
v -0.406632 -0.3420195 -0.044197
v -0.198852 -0.3599745 0.375573
v -0.396845 -0.3437915 0.375355
v -0.198882 -0.3595785 -0.048547
v -0.340888 -0.3516845 0.375568
v -0.269921 -0.3575635 -0.048547
v -0.269944 -0.3579615 0.375571
v -0.129452 -0.3583135 -0.044194
v -0.407084 -0.3636565 -0.043911
v -0.406099 -0.3635525 -0.046993
v -0.396681 -0.3651775 -0.048375
v -0.130504 -0.3801415 0.367805
v -0.141943 -0.3807375 0.374875
v -0.143337 -0.3802135 -0.048329
v -0.396453 -0.3658045 0.374859
v -0.341811 -0.3727855 -0.048412
v -0.198741 -0.3815635 0.375341
v -0.199535 -0.3817445 0.374728
v -0.341915 -0.3734095 0.375095
v -0.339582 -0.3733185 0.373361
v -0.270763 -0.3791075 -0.048473
v -0.270698 -0.3797515 0.374978
v -0.130555 -0.3799135 -0.043916
v -0.131443 -0.3792385 -0.043092
v -0.353858 -0.2944245 -0.04765
v -0.187599 -0.3297305 0.284452
v -0.355982 -0.3162985 0.274734
v -0.305282 -0.3347985 0.30063
v -0.356406 -0.2902205 -0.044943
v -0.405958 -0.3634415 0.369188
v -0.405175 -0.3628355 -0.046462
v -0.35811 -0.2910705 -0.045441
v -0.403053 -0.3623505 -0.047291
v -0.357688 -0.2917185 -0.046743
v -0.132369 -0.3788705 -0.046477
v -0.131697 -0.3796565 0.370296
v -0.173999 -0.2977645 -0.045422
v -0.175537 -0.2972435 -0.046128
v -0.17559 -0.2966845 0.223287
v -0.17457 -0.2981735 -0.046664
v -0.404987 -0.3638985 0.372173
v -0.356421 -0.2901355 0.224083
v -0.406123 -0.3630815 -0.043033
v -0.395443 -0.3643935 -0.047876
v -0.358585 -0.2940365 -0.047245
v -0.132962 -0.3775695 0.364998
v -0.173304 -0.2981545 0.224962
v -0.172079 -0.3005975 -0.045492
v -0.170461 -0.3807235 0.372851
v -0.175356 -0.2974505 0.226854
v -0.369706 -0.3693945 0.37345
v -0.235438 -0.3807765 0.373233
v -0.179905 -0.2964655 0.224757
v -0.179481 -0.2982225 -0.047223
v -0.304978 -0.3767725 0.37323
v -0.132807 -0.3771175 -0.042588
v -0.180713 -0.2961415 -0.042763
v -0.358869 -0.2914205 -0.043313
v -0.173286 -0.2981875 -0.043313
v -0.175613 -0.2966935 -0.043303
v -0.346662 -0.2933975 0.231646
v -0.130261 -0.3796265 0.368403
v -0.165087 -0.3591675 -0.048552
v -0.406753 -0.3640235 0.372114
v -0.40517 -0.3638075 -0.047963
v -0.131526 -0.3796895 -0.046996
v -0.130849 -0.3802365 0.372425
v -0.131979 -0.3803595 0.373712
v -0.132481 -0.3798255 -0.047964
v -0.405572 -0.3643345 0.373953
v -0.407069 -0.3637085 0.355268
v -0.16571 -0.3813435 0.374772
v -0.374072 -0.3691285 0.375112
v -0.306751 -0.3763955 -0.048402
v -0.234756 -0.3805895 -0.048396
v -0.306571 -0.3770665 0.375073
v -0.130573 -0.3799625 0.355455
v -0.407023 -0.3637495 0.372602
v -0.40686 -0.3634675 -0.046753
v -0.405605 -0.3633985 -0.048093
v -0.130779 -0.3796945 -0.046757
v -0.130688 -0.3796695 0.373077
v -0.131789 -0.3800315 0.374651
v -0.13203 -0.3794685 -0.048093
v -0.405904 -0.3639385 0.374616
v -0.369486 -0.3692245 -0.048504
v -0.167431 -0.3810775 0.37551
v -0.143423 -0.3798225 -0.048498
v -0.371808 -0.3689275 0.375523
v -0.234792 -0.3812105 0.375215
v -0.326867 -0.3748315 0.375419
v -0.130238 -0.3795745 -0.040269
v -0.360911 -0.2938745 -0.042789
v -0.39378 -0.3626235 -0.047624
v -0.186368 -0.3032125 0.238472
v -0.160467 -0.3389235 0.300426
v -0.14395 -0.3770895 -0.047609
v -0.337168 -0.3324945 0.300626
v -0.180143 -0.2961515 0.219897
v -0.254117 -0.2962795 0.230578
v -0.352381 -0.2901085 0.223997
v -0.356956 -0.2909585 -0.046339
v -0.353328 -0.2919265 -0.047231
v -0.179447 -0.2966115 -0.045495
v -0.142837 -0.3792175 -0.047879
v -0.39622 -0.3651005 0.372579
v -0.406107 -0.3630615 0.363219
v -0.404205 -0.3612985 -0.045544
v -0.360312 -0.2936785 -0.045487
v -0.358834 -0.2913775 0.224947
v -0.404464 -0.3616425 0.364546
v -0.131482 -0.3791665 0.363348
v -0.133355 -0.3780245 0.367718
v -0.133204 -0.3771645 -0.045544
v -0.134247 -0.3782825 0.369323
v -0.352631 -0.2902955 -0.045497
v -0.217659 -0.3798935 -0.047897
v -0.134442 -0.3781325 -0.047294
v -0.173819 -0.3007925 -0.047243
v -0.403335 -0.3626235 0.369327
v -0.356865 -0.2911805 0.227473
v -0.351948 -0.2910345 0.22735
v -0.404592 -0.3612075 0.358198
v -0.360553 -0.2933865 0.224335
v -0.132805 -0.3771115 0.358616
v -0.357718 -0.2906175 0.224167
v -0.17437 -0.2972655 0.224062
v -0.404578 -0.3611775 -0.042552
v -0.171476 -0.3009055 -0.042784
v -0.200794 -0.3810765 0.372881
v -0.403625 -0.3615075 -0.046654
v -0.406554 -0.3635485 0.373727
v -0.406213 -0.3421465 0.373021
v -0.404903 -0.3421215 -0.048113
v -0.131305 -0.3793995 -0.047546
v -0.130356 -0.3581555 -0.047526
v -0.13095 -0.3585525 0.374741
v -0.13119 -0.3581985 -0.048113
v -0.397463 -0.3650935 0.37529
v -0.405185 -0.3424535 0.374706
v -0.373113 -0.3469805 -0.048547
v -0.164955 -0.3595565 0.375575
v -0.40737 -0.3633355 0.368288
v -0.373291 -0.3473595 0.375569
v -0.305966 -0.3548895 -0.048547
v -0.234038 -0.3594825 0.375572
v -0.234026 -0.3590855 -0.048547
v -0.306 -0.3552905 0.375569
v -0.407304 -0.3599935 -0.040425
v -0.406647 -0.3420295 0.367941
v -0.407163 -0.3638865 0.367607
v -0.406317 -0.3632405 -0.047546
v -0.130358 -0.3795535 -0.044703
v -0.140757 -0.3801535 0.375303
v -0.199346 -0.3811055 -0.048412
v -0.270974 -0.3792375 0.375482
v -0.407298 -0.3633525 -0.044451
v -0.10466 -0.4244365 -0.33594
v -0.086651 -0.4243215 -0.33594
v -0.104853 -0.3703185 -0.33594
v -0.086844 -0.3702035 -0.33594
v -0.10466 -0.4244365 -0.292077
v -0.086651 -0.4243215 -0.292077
v -0.104853 -0.3703185 -0.292077
v -0.086844 -0.3702035 -0.292077
v -0.10466 -0.4244355 0.530178
v -0.086651 -0.4243205 0.530178
v -0.104853 -0.3703175 0.530178
v -0.086844 -0.3702025 0.530178
v -0.10466 -0.4244355 0.574042
v -0.086651 -0.4243205 0.574042
v -0.104853 -0.3703175 0.574042
v -0.086844 -0.3702025 0.574042
v -0.111403 -0.4281625 -0.421516
v -0.079862 -0.4279615 -0.421516
v -0.111481 -0.4159305 -0.421516
v -0.07994 -0.4157285 -0.421516
v -0.111403 -0.4281615 0.679164
v -0.079862 -0.4279605 0.679164
v -0.111481 -0.4159295 0.679164
v -0.07994 -0.4157275 0.679164
vt 0.889305 0.513104
vt 0.889305 0.513104
vt 0.899434 0.513104
vt 0.899434 0.513104
vt 0.899434 0.513104
vt 0.889305 0.513104
vt 0.889305 0.524257
vt 0.889305 0.524257
vt 0.899434 0.524257
vt 0.899434 0.524257
vt 0.899434 0.524257
vt 0.889305 0.524257
vt 0.911537 0.518681
vt 0.911537 0.518681
vt 0.911537 0.513741
vt 0.911537 0.513741
vt 0.911537 0.513741
vt 0.911537 0.518681
vt 0.889305 0.518681
vt 0.899397 0.518681
vt 0.899397 0.513734
vt 0.899397 0.513734
vt 0.889305 0.513734
vt 0.889305 0.518681
vt 0.868127 0.518681
vt 0.868127 0.518681
vt 0.868127 0.513741
vt 0.868127 0.513741
vt 0.868127 0.513741
vt 0.868127 0.518681
vt 0.889305 0.518681
vt 0.879212 0.518681
vt 0.879213 0.513734
vt 0.879213 0.513734
vt 0.889305 0.513734
vt 0.889305 0.518681
vt 0.889305 0.513184
vt 0.889305 0.513104
vt 0.899434 0.513104
vt 0.899434 0.513104
vt 0.899397 0.513184
vt 0.889305 0.513184
vt 0.889305 0.513184
vt 0.889305 0.513104
vt 0.879175 0.513104
vt 0.879175 0.513104
vt 0.879213 0.513184
vt 0.889305 0.513184
vt 0.889305 0.524178
vt 0.889305 0.524257
vt 0.899434 0.524257
vt 0.899434 0.524257
vt 0.899397 0.524178
vt 0.889305 0.524178
vt 0.889305 0.524178
vt 0.889305 0.524257
vt 0.879175 0.524257
vt 0.879175 0.524257
vt 0.879212 0.524178
vt 0.889305 0.524178
vt 0.911468 0.513821
vt 0.911468 0.518681
vt 0.911537 0.518681
vt 0.911537 0.518681
vt 0.911537 0.513741
vt 0.911468 0.513821
vt 0.911468 0.52354
vt 0.911468 0.518681
vt 0.911537 0.518681
vt 0.911537 0.518681
vt 0.911537 0.523621
vt 0.911468 0.52354
vt 0.868127 0.518681
vt 0.868195 0.518681
vt 0.868195 0.513821
vt 0.868195 0.513821
vt 0.868127 0.513741
vt 0.868127 0.518681
vt 0.868195 0.513821
vt 0.868195 0.518681
vt 0.868127 0.518681
vt 0.868127 0.518681
vt 0.868127 0.513741
vt 0.868195 0.513821
vt 0.868202 0.513104
vt 0.868127 0.513192
vt 0.868127 0.513192
vt 0.868127 0.513192
vt 0.868202 0.513104
vt 0.868202 0.513104
vt 0.911461 0.513104
vt 0.911537 0.513192
vt 0.911537 0.513192
vt 0.911537 0.513192
vt 0.911461 0.513104
vt 0.911461 0.513104
vt 0.911461 0.524257
vt 0.911537 0.52417
vt 0.911537 0.52417
vt 0.911537 0.52417
vt 0.911461 0.524257
vt 0.911461 0.524257
vt 0.868202 0.524257
vt 0.868127 0.52417
vt 0.868127 0.52417
vt 0.868127 0.52417
vt 0.868202 0.524257
vt 0.868202 0.524257
vt 0.911468 0.513281
vt 0.911385 0.513184
vt 0.911461 0.513104
vt 0.911461 0.513104
vt 0.911537 0.513192
vt 0.911468 0.513281
vt 0.911385 0.513184
vt 0.911468 0.513281
vt 0.911537 0.513192
vt 0.911537 0.513192
vt 0.911461 0.513104
vt 0.911385 0.513184
vt 0.868127 0.513192
vt 0.868202 0.513104
vt 0.868279 0.513184
vt 0.868279 0.513184
vt 0.868195 0.513281
vt 0.868127 0.513192
vt 0.868195 0.513281
vt 0.868279 0.513184
vt 0.868202 0.513104
vt 0.868202 0.513104
vt 0.868127 0.513192
vt 0.868195 0.513281
vt 0.911385 0.524178
vt 0.911468 0.52408
vt 0.911537 0.52417
vt 0.911537 0.52417
vt 0.911461 0.524257
vt 0.911385 0.524178
vt 0.911461 0.524257
vt 0.911537 0.52417
vt 0.911468 0.52408
vt 0.911468 0.52408
vt 0.911385 0.524178
vt 0.911461 0.524257
vt 0.868202 0.524257
vt 0.868127 0.52417
vt 0.868195 0.52408
vt 0.868195 0.52408
vt 0.868279 0.524178
vt 0.868202 0.524257
vt 0.868279 0.524178
vt 0.868195 0.52408
vt 0.868127 0.52417
vt 0.868127 0.52417
vt 0.868202 0.524257
vt 0.868279 0.524178
vt 0.868202 0.513104
vt 0.868202 0.513104
vt 0.869046 0.513104
vt 0.869046 0.513104
vt 0.869046 0.513104
vt 0.868202 0.513104
vt 0.869046 0.513104
vt 0.869046 0.513104
vt 0.879175 0.513104
vt 0.879175 0.513104
vt 0.879175 0.513104
vt 0.869046 0.513104
vt 0.879175 0.513104
vt 0.879175 0.513104
vt 0.889305 0.513104
vt 0.889305 0.513104
vt 0.889305 0.513104
vt 0.879175 0.513104
vt 0.911461 0.513104
vt 0.911461 0.513104
vt 0.910617 0.513104
vt 0.910617 0.513104
vt 0.910617 0.513104
vt 0.911461 0.513104
vt 0.910617 0.513104
vt 0.910617 0.513104
vt 0.899434 0.513104
vt 0.899434 0.513104
vt 0.899434 0.513104
vt 0.910617 0.513104
vt 0.868202 0.524257
vt 0.868202 0.524257
vt 0.869046 0.524257
vt 0.869046 0.524257
vt 0.869046 0.524257
vt 0.868202 0.524257
vt 0.869046 0.524257
vt 0.869046 0.524257
vt 0.879175 0.524257
vt 0.879175 0.524257
vt 0.879175 0.524257
vt 0.869046 0.524257
vt 0.879175 0.524257
vt 0.879175 0.524257
vt 0.889305 0.524257
vt 0.889305 0.524257
vt 0.889305 0.524257
vt 0.879175 0.524257
vt 0.911461 0.524257
vt 0.911461 0.524257
vt 0.910617 0.524257
vt 0.910617 0.524257
vt 0.910617 0.524257
vt 0.911461 0.524257
vt 0.910617 0.524257
vt 0.910617 0.524257
vt 0.899434 0.524257
vt 0.899434 0.524257
vt 0.899434 0.524257
vt 0.910617 0.524257
vt 0.868195 0.513821
vt 0.868195 0.518681
vt 0.86912 0.518681
vt 0.86912 0.518681
vt 0.86912 0.513734
vt 0.868195 0.513821
vt 0.86912 0.518681
vt 0.879213 0.518681
vt 0.879213 0.513734
vt 0.879213 0.513734
vt 0.86912 0.513734
vt 0.86912 0.518681
vt 0.879213 0.518681
vt 0.889305 0.518681
vt 0.889305 0.513734
vt 0.889305 0.513734
vt 0.879213 0.513734
vt 0.879213 0.518681
vt 0.911468 0.52354
vt 0.911468 0.518681
vt 0.910544 0.518681
vt 0.910544 0.518681
vt 0.910544 0.523628
vt 0.911468 0.52354
vt 0.910544 0.518681
vt 0.899397 0.518681
vt 0.899397 0.523628
vt 0.899397 0.523628
vt 0.910544 0.523628
vt 0.910544 0.518681
vt 0.911468 0.513821
vt 0.911468 0.518681
vt 0.910544 0.518681
vt 0.910544 0.518681
vt 0.910544 0.513734
vt 0.911468 0.513821
vt 0.910544 0.518681
vt 0.899397 0.518681
vt 0.899397 0.513734
vt 0.899397 0.513734
vt 0.910544 0.513734
vt 0.910544 0.518681
vt 0.899397 0.518681
vt 0.889305 0.518681
vt 0.889305 0.513734
vt 0.889305 0.513734
vt 0.899397 0.513734
vt 0.899397 0.518681
vt 0.868195 0.52354
vt 0.868195 0.518681
vt 0.86912 0.518681
vt 0.86912 0.518681
vt 0.86912 0.523628
vt 0.868195 0.52354
vt 0.86912 0.518681
vt 0.879212 0.518681
vt 0.879212 0.523628
vt 0.879212 0.523628
vt 0.86912 0.523628
vt 0.86912 0.518681
vt 0.868279 0.513184
vt 0.868202 0.513104
vt 0.869046 0.513104
vt 0.869046 0.513104
vt 0.86912 0.513184
vt 0.868279 0.513184
vt 0.86912 0.513184
vt 0.869046 0.513104
vt 0.879175 0.513104
vt 0.879175 0.513104
vt 0.879212 0.513184
vt 0.86912 0.513184
vt 0.879212 0.513184
vt 0.879175 0.513104
vt 0.889305 0.513104
vt 0.889305 0.513104
vt 0.889305 0.513184
vt 0.879212 0.513184
vt 0.910617 0.513104
vt 0.911461 0.513104
vt 0.911385 0.513184
vt 0.911385 0.513184
vt 0.910544 0.513184
vt 0.910617 0.513104
vt 0.899434 0.513104
vt 0.910617 0.513104
vt 0.910544 0.513184
vt 0.910544 0.513184
vt 0.899397 0.513184
vt 0.899434 0.513104
vt 0.911385 0.513184
vt 0.911461 0.513104
vt 0.910617 0.513104
vt 0.910617 0.513104
vt 0.910544 0.513184
vt 0.911385 0.513184
vt 0.910544 0.513184
vt 0.910617 0.513104
vt 0.899434 0.513104
vt 0.899434 0.513104
vt 0.899397 0.513184
vt 0.910544 0.513184
vt 0.899397 0.513184
vt 0.899434 0.513104
vt 0.889305 0.513104
vt 0.889305 0.513104
vt 0.889305 0.513184
vt 0.899397 0.513184
vt 0.869046 0.513104
vt 0.868202 0.513104
vt 0.868279 0.513184
vt 0.868279 0.513184
vt 0.86912 0.513184
vt 0.869046 0.513104
vt 0.879175 0.513104
vt 0.869046 0.513104
vt 0.86912 0.513184
vt 0.86912 0.513184
vt 0.879213 0.513184
vt 0.879175 0.513104
vt 0.868279 0.524178
vt 0.868202 0.524257
vt 0.869046 0.524257
vt 0.869046 0.524257
vt 0.86912 0.524178
vt 0.868279 0.524178
vt 0.86912 0.524178
vt 0.869046 0.524257
vt 0.879175 0.524257
vt 0.879175 0.524257
vt 0.879212 0.524178
vt 0.86912 0.524178
vt 0.879212 0.524178
vt 0.879175 0.524257
vt 0.889305 0.524257
vt 0.889305 0.524257
vt 0.889305 0.524178
vt 0.879212 0.524178
vt 0.910617 0.524257
vt 0.911461 0.524257
vt 0.911385 0.524178
vt 0.911385 0.524178
vt 0.910544 0.524178
vt 0.910617 0.524257
vt 0.899434 0.524257
vt 0.910617 0.524257
vt 0.910544 0.524178
vt 0.910544 0.524178
vt 0.899397 0.524178
vt 0.899434 0.524257
vt 0.911385 0.524178
vt 0.911461 0.524257
vt 0.910617 0.524257
vt 0.910617 0.524257
vt 0.910544 0.524178
vt 0.911385 0.524178
vt 0.910544 0.524178
vt 0.910617 0.524257
vt 0.899434 0.524257
vt 0.899434 0.524257
vt 0.899397 0.524178
vt 0.910544 0.524178
vt 0.899397 0.524178
vt 0.899434 0.524257
vt 0.889305 0.524257
vt 0.889305 0.524257
vt 0.889305 0.524178
vt 0.899397 0.524178
vt 0.869046 0.524257
vt 0.868202 0.524257
vt 0.868279 0.524178
vt 0.868279 0.524178
vt 0.86912 0.524178
vt 0.869046 0.524257
vt 0.879175 0.524257
vt 0.869046 0.524257
vt 0.86912 0.524178
vt 0.86912 0.524178
vt 0.879212 0.524178
vt 0.879175 0.524257
vt 0.911537 0.52417
vt 0.911537 0.52417
vt 0.911537 0.523621
vt 0.911537 0.523621
vt 0.911537 0.523621
vt 0.911537 0.52417
vt 0.911537 0.523621
vt 0.911537 0.523621
vt 0.911537 0.518681
vt 0.911537 0.518681
vt 0.911537 0.518681
vt 0.911537 0.523621
vt 0.911537 0.513192
vt 0.911537 0.513192
vt 0.911537 0.513741
vt 0.911537 0.513741
vt 0.911537 0.513741
vt 0.911537 0.513192
vt 0.889305 0.524178
vt 0.899397 0.524178
vt 0.899397 0.523628
vt 0.899397 0.523628
vt 0.889305 0.523628
vt 0.889305 0.524178
vt 0.889305 0.523628
vt 0.899397 0.523628
vt 0.899397 0.518681
vt 0.899397 0.518681
vt 0.889305 0.518681
vt 0.889305 0.523628
vt 0.899397 0.513184
vt 0.889305 0.513184
vt 0.889305 0.513734
vt 0.889305 0.513734
vt 0.899397 0.513734
vt 0.899397 0.513184
vt 0.868127 0.52417
vt 0.868127 0.52417
vt 0.868127 0.523621
vt 0.868127 0.523621
vt 0.868127 0.523621
vt 0.868127 0.52417
vt 0.868127 0.523621
vt 0.868127 0.523621
vt 0.868127 0.518681
vt 0.868127 0.518681
vt 0.868127 0.518681
vt 0.868127 0.523621
vt 0.868127 0.513192
vt 0.868127 0.513192
vt 0.868127 0.513741
vt 0.868127 0.513741
vt 0.868127 0.513741
vt 0.868127 0.513192
vt 0.889305 0.524178
vt 0.879212 0.524178
vt 0.879212 0.523628
vt 0.879212 0.523628
vt 0.889305 0.523628
vt 0.889305 0.524178
vt 0.889305 0.523628
vt 0.879212 0.523628
vt 0.879212 0.518681
vt 0.879212 0.518681
vt 0.889305 0.518681
vt 0.889305 0.523628
vt 0.879212 0.513184
vt 0.889305 0.513184
vt 0.889305 0.513734
vt 0.889305 0.513734
vt 0.879213 0.513734
vt 0.879212 0.513184
vt 0.911468 0.52408
vt 0.911537 0.52417
vt 0.911537 0.523621
vt 0.911537 0.523621
vt 0.911468 0.52354
vt 0.911468 0.52408
vt 0.911468 0.52354
vt 0.911537 0.523621
vt 0.911537 0.518681
vt 0.911537 0.518681
vt 0.911468 0.518681
vt 0.911468 0.52354
vt 0.911537 0.513741
vt 0.911537 0.513192
vt 0.911468 0.513281
vt 0.911468 0.513281
vt 0.911468 0.513821
vt 0.911537 0.513741
vt 0.911468 0.513281
vt 0.911537 0.513192
vt 0.911537 0.513741
vt 0.911537 0.513741
vt 0.911468 0.513821
vt 0.911468 0.513281
vt 0.911468 0.513821
vt 0.911537 0.513741
vt 0.911537 0.518681
vt 0.911537 0.518681
vt 0.911468 0.518681
vt 0.911468 0.513821
vt 0.911537 0.523621
vt 0.911537 0.52417
vt 0.911468 0.52408
vt 0.911468 0.52408
vt 0.911468 0.52354
vt 0.911537 0.523621
vt 0.868127 0.523621
vt 0.868127 0.52417
vt 0.868195 0.52408
vt 0.868195 0.52408
vt 0.868195 0.52354
vt 0.868127 0.523621
vt 0.868127 0.518681
vt 0.868127 0.523621
vt 0.868195 0.52354
vt 0.868195 0.52354
vt 0.868195 0.518681
vt 0.868127 0.518681
vt 0.868195 0.513281
vt 0.868127 0.513192
vt 0.868127 0.513741
vt 0.868127 0.513741
vt 0.868195 0.513821
vt 0.868195 0.513281
vt 0.868195 0.52408
vt 0.868127 0.52417
vt 0.868127 0.523621
vt 0.868127 0.523621
vt 0.868195 0.52354
vt 0.868195 0.52408
vt 0.868195 0.52354
vt 0.868127 0.523621
vt 0.868127 0.518681
vt 0.868127 0.518681
vt 0.868195 0.518681
vt 0.868195 0.52354
vt 0.868127 0.513741
vt 0.868127 0.513192
vt 0.868195 0.513281
vt 0.868195 0.513281
vt 0.868195 0.513821
vt 0.868127 0.513741
vt 0.868195 0.52408
vt 0.868279 0.524178
vt 0.86912 0.524178
vt 0.868195 0.52408
vt 0.86912 0.524178
vt 0.86912 0.523628
vt 0.868195 0.52354
vt 0.868195 0.52408
vt 0.86912 0.523628
vt 0.868195 0.518681
vt 0.868195 0.52354
vt 0.86912 0.523628
vt 0.86912 0.523628
vt 0.86912 0.518681
vt 0.868195 0.518681
vt 0.868279 0.513184
vt 0.868195 0.513281
vt 0.868195 0.513821
vt 0.86912 0.513184
vt 0.868279 0.513184
vt 0.868195 0.513821
vt 0.86912 0.513734
vt 0.86912 0.513184
vt 0.868195 0.513821
vt 0.86912 0.524178
vt 0.879212 0.524178
vt 0.879213 0.523628
vt 0.879213 0.523628
vt 0.86912 0.523628
vt 0.86912 0.524178
vt 0.86912 0.523628
vt 0.879213 0.523628
vt 0.879213 0.518681
vt 0.879213 0.518681
vt 0.86912 0.518681
vt 0.86912 0.523628
vt 0.879213 0.513184
vt 0.86912 0.513184
vt 0.86912 0.513734
vt 0.86912 0.513734
vt 0.879213 0.513734
vt 0.879213 0.513184
vt 0.879212 0.524178
vt 0.889305 0.524178
vt 0.889305 0.523628
vt 0.889305 0.523628
vt 0.879213 0.523628
vt 0.879212 0.524178
vt 0.879213 0.523628
vt 0.889305 0.523628
vt 0.889305 0.518681
vt 0.889305 0.518681
vt 0.879213 0.518681
vt 0.879213 0.523628
vt 0.889305 0.513184
vt 0.879213 0.513184
vt 0.879213 0.513734
vt 0.879213 0.513734
vt 0.889305 0.513734
vt 0.889305 0.513184
vt 0.911468 0.513281
vt 0.911385 0.513184
vt 0.910544 0.513184
vt 0.911468 0.513281
vt 0.910544 0.513184
vt 0.910544 0.513734
vt 0.911468 0.513821
vt 0.911468 0.513281
vt 0.910544 0.513734
vt 0.911468 0.518681
vt 0.911468 0.513821
vt 0.910544 0.513734
vt 0.910544 0.513734
vt 0.910544 0.518681
vt 0.911468 0.518681
vt 0.911385 0.524178
vt 0.911468 0.52408
vt 0.911468 0.52354
vt 0.910544 0.524178
vt 0.911385 0.524178
vt 0.911468 0.52354
vt 0.910544 0.523628
vt 0.910544 0.524178
vt 0.911468 0.52354
vt 0.910544 0.513184
vt 0.899397 0.513184
vt 0.899397 0.513734
vt 0.899397 0.513734
vt 0.910544 0.513734
vt 0.910544 0.513184
vt 0.910544 0.513734
vt 0.899397 0.513734
vt 0.899397 0.518681
vt 0.899397 0.518681
vt 0.910544 0.518681
vt 0.910544 0.513734
vt 0.899397 0.524178
vt 0.910544 0.524178
vt 0.910544 0.523628
vt 0.910544 0.523628
vt 0.899397 0.523628
vt 0.899397 0.524178
vt 0.911468 0.52408
vt 0.911385 0.524178
vt 0.910544 0.524178
vt 0.911468 0.52408
vt 0.910544 0.524178
vt 0.910544 0.523628
vt 0.911468 0.52354
vt 0.911468 0.52408
vt 0.910544 0.523628
vt 0.911468 0.518681
vt 0.911468 0.52354
vt 0.910544 0.523628
vt 0.910544 0.523628
vt 0.910544 0.518681
vt 0.911468 0.518681
vt 0.911385 0.513184
vt 0.911468 0.513281
vt 0.911468 0.513821
vt 0.910544 0.513184
vt 0.911385 0.513184
vt 0.911468 0.513821
vt 0.910544 0.513734
vt 0.910544 0.513184
vt 0.911468 0.513821
vt 0.910544 0.524178
vt 0.899397 0.524178
vt 0.899397 0.523628
vt 0.899397 0.523628
vt 0.910544 0.523628
vt 0.910544 0.524178
vt 0.910544 0.523628
vt 0.899397 0.523628
vt 0.899397 0.518681
vt 0.899397 0.518681
vt 0.910544 0.518681
vt 0.910544 0.523628
vt 0.899397 0.513184
vt 0.910544 0.513184
vt 0.910544 0.513734
vt 0.910544 0.513734
vt 0.899397 0.513734
vt 0.899397 0.513184
vt 0.899397 0.524178
vt 0.889305 0.524178
vt 0.889305 0.523628
vt 0.889305 0.523628
vt 0.899397 0.523628
vt 0.899397 0.524178
vt 0.899397 0.523628
vt 0.889305 0.523628
vt 0.889305 0.518681
vt 0.889305 0.518681
vt 0.899397 0.518681
vt 0.899397 0.523628
vt 0.889305 0.513184
vt 0.899397 0.513184
vt 0.899397 0.513734
vt 0.899397 0.513734
vt 0.889305 0.513734
vt 0.889305 0.513184
vt 0.868195 0.513281
vt 0.868279 0.513184
vt 0.86912 0.513184
vt 0.868195 0.513281
vt 0.86912 0.513184
vt 0.86912 0.513734
vt 0.868195 0.513821
vt 0.868195 0.513281
vt 0.86912 0.513734
vt 0.868195 0.518681
vt 0.868195 0.513821
vt 0.86912 0.513734
vt 0.86912 0.513734
vt 0.86912 0.518681
vt 0.868195 0.518681
vt 0.868279 0.524178
vt 0.868195 0.52408
vt 0.868195 0.52354
vt 0.86912 0.524178
vt 0.868279 0.524178
vt 0.868195 0.52354
vt 0.86912 0.523628
vt 0.86912 0.524178
vt 0.868195 0.52354
vt 0.86912 0.513184
vt 0.879212 0.513184
vt 0.879213 0.513734
vt 0.879213 0.513734
vt 0.86912 0.513734
vt 0.86912 0.513184
vt 0.86912 0.513734
vt 0.879213 0.513734
vt 0.879212 0.518681
vt 0.879212 0.518681
vt 0.86912 0.518681
vt 0.86912 0.513734
vt 0.879212 0.524178
vt 0.86912 0.524178
vt 0.86912 0.523628
vt 0.86912 0.523628
vt 0.879212 0.523628
vt 0.879212 0.524178
vt 0.718463 0.43137
vt 0.716622 0.418012
vt 0.736588 0.417704
vt 0.736588 0.417704
vt 0.737657 0.431453
vt 0.718463 0.43137
vt 0.790988 0.317106
vt 0.79099 0.296246
vt 0.802946 0.296246
vt 0.802946 0.296246
vt 0.802946 0.317106
vt 0.790988 0.317106
vt 0.793118 0.218154
vt 0.804128 0.218154
vt 0.8041 0.228926
vt 0.8041 0.228926
vt 0.793118 0.228926
vt 0.793118 0.218154
vt 0.560683 0.41088
vt 0.580649 0.411189
vt 0.579579 0.424938
vt 0.579579 0.424938
vt 0.558842 0.424238
vt 0.560683 0.41088
vt 0.886314 0.537087
vt 0.888242 0.537087
vt 0.888454 0.534734
vt 0.888454 0.534734
vt 0.886185 0.534734
vt 0.886314 0.537087
vt 0.791173 0.417488
vt 0.793832 0.417498
vt 0.793737 0.431795
vt 0.793737 0.431795
vt 0.791078 0.431784
vt 0.791173 0.417488
vt 0.770031 0.41754
vt 0.774445 0.41753
vt 0.774351 0.431826
vt 0.774351 0.431826
vt 0.769936 0.431837
vt 0.770031 0.41754
vt 0.749633 0.431502
vt 0.74938 0.417481
vt 0.770031 0.41754
vt 0.770031 0.41754
vt 0.769936 0.431837
vt 0.749633 0.431502
vt 0.737657 0.431453
vt 0.736588 0.417704
vt 0.74938 0.417481
vt 0.74938 0.417481
vt 0.749633 0.431502
vt 0.737657 0.431453
vt 0.667722 0.408715
vt 0.671589 0.420016
vt 0.667717 0.41999
vt 0.667717 0.41999
vt 0.667335 0.408713
vt 0.667722 0.408715
vt 0.68815 0.407048
vt 0.691392 0.419198
vt 0.679946 0.419668
vt 0.679946 0.419668
vt 0.676392 0.408007
vt 0.68815 0.407048
vt 0.701891 0.405693
vt 0.704457 0.418523
vt 0.691392 0.419198
vt 0.691392 0.419198
vt 0.68815 0.407048
vt 0.701891 0.405693
vt 0.714781 0.404654
vt 0.716622 0.418012
vt 0.704457 0.418523
vt 0.704457 0.418523
vt 0.701891 0.405693
vt 0.714781 0.404654
vt 0.791037 0.232019
vt 0.801823 0.232019
vt 0.802447 0.232138
vt 0.791037 0.232019
vt 0.802447 0.232138
vt 0.802821 0.232495
vt 0.791037 0.232019
vt 0.802821 0.232495
vt 0.802946 0.23309
vt 0.791028 0.240351
vt 0.791037 0.232019
vt 0.802946 0.23309
vt 0.791028 0.240351
vt 0.802946 0.23309
vt 0.802946 0.240351
vt 0.791011 0.261475
vt 0.791014 0.257065
vt 0.802946 0.257065
vt 0.802946 0.257065
vt 0.802946 0.261475
vt 0.791011 0.261475
vt 0.790998 0.282512
vt 0.791011 0.261475
vt 0.802946 0.261475
vt 0.802946 0.261475
vt 0.802946 0.282512
vt 0.790998 0.282512
vt 0.79099 0.296246
vt 0.790998 0.282512
vt 0.802946 0.282512
vt 0.802946 0.282512
vt 0.802946 0.296246
vt 0.79099 0.296246
vt 0.41501 0.369191
vt 0.116327 0.369191
vt 0.115704 0.369072
vt 0.41501 0.369191
vt 0.115704 0.369072
vt 0.115329 0.368715
vt 0.41501 0.369191
vt 0.115329 0.368715
vt 0.115205 0.36812
vt 0.414973 0.364611
vt 0.41501 0.369191
vt 0.115205 0.36812
vt 0.414973 0.364611
vt 0.115205 0.36812
vt 0.115205 0.364611
vt 0.414848 0.344028
vt 0.41492 0.355868
vt 0.115205 0.355868
vt 0.115205 0.355868
vt 0.115205 0.344028
vt 0.414848 0.344028
vt 0.414771 0.330136
vt 0.414848 0.344028
vt 0.115205 0.344028
vt 0.115205 0.344028
vt 0.115205 0.330136
vt 0.414771 0.330136
vt 0.41474 0.317106
vt 0.414771 0.330136
vt 0.115205 0.330136
vt 0.115205 0.330136
vt 0.115205 0.317106
vt 0.41474 0.317106
vt 0.635234 0.411404
vt 0.637893 0.411394
vt 0.637988 0.42569
vt 0.637988 0.42569
vt 0.635328 0.425701
vt 0.635234 0.411404
vt 0.614187 0.425648
vt 0.614092 0.411352
vt 0.618506 0.411363
vt 0.618506 0.411363
vt 0.618601 0.425659
vt 0.614187 0.425648
vt 0.593441 0.411412
vt 0.614092 0.411352
vt 0.614187 0.425648
vt 0.614187 0.425648
vt 0.593189 0.425432
vt 0.593441 0.411412
vt 0.580649 0.411189
vt 0.593441 0.411412
vt 0.593189 0.425432
vt 0.593189 0.425432
vt 0.579579 0.424938
vt 0.580649 0.411189
vt 0.51565 0.408877
vt 0.511778 0.408903
vt 0.512159 0.397625
vt 0.512159 0.397625
vt 0.519516 0.397577
vt 0.51565 0.408877
vt 0.535453 0.409695
vt 0.524007 0.409224
vt 0.527562 0.397564
vt 0.527562 0.397564
vt 0.538694 0.397545
vt 0.535453 0.409695
vt 0.548518 0.410369
vt 0.535453 0.409695
vt 0.538694 0.397545
vt 0.538694 0.397545
vt 0.551083 0.397539
vt 0.548518 0.410369
vt 0.560683 0.41088
vt 0.548518 0.410369
vt 0.551083 0.397539
vt 0.551083 0.397539
vt 0.562525 0.397522
vt 0.560683 0.41088
vt 0.894346 0.537087
vt 0.895 0.537087
vt 0.895955 0.534734
vt 0.895955 0.534734
vt 0.895639 0.534734
vt 0.894346 0.537087
vt 0.892213 0.537087
vt 0.892658 0.537087
vt 0.893653 0.534734
vt 0.893653 0.534734
vt 0.893129 0.534734
vt 0.892213 0.537087
vt 0.890169 0.537087
vt 0.892213 0.537087
vt 0.893129 0.534734
vt 0.893129 0.534734
vt 0.890723 0.534734
vt 0.890169 0.537087
vt 0.888242 0.537087
vt 0.890169 0.537087
vt 0.890723 0.534734
vt 0.890723 0.534734
vt 0.888454 0.534734
vt 0.888242 0.537087
vt 0.880496 0.58173
vt 0.879593 0.58173
vt 0.878459 0.582131
vt 0.878459 0.582131
vt 0.879378 0.582131
vt 0.880496 0.58173
vt 0.88246 0.58173
vt 0.88134 0.58173
vt 0.880329 0.582131
vt 0.880329 0.582131
vt 0.881647 0.582131
vt 0.88246 0.58173
vt 0.884387 0.58173
vt 0.88246 0.58173
vt 0.881647 0.582131
vt 0.881647 0.582131
vt 0.883916 0.582131
vt 0.884387 0.58173
vt 0.886314 0.58173
vt 0.884387 0.58173
vt 0.883916 0.582131
vt 0.883916 0.582131
vt 0.886185 0.582131
vt 0.886314 0.58173
vt 0.804126 0.189456
vt 0.793119 0.189456
vt 0.793119 0.17516
vt 0.793119 0.17516
vt 0.804101 0.17516
vt 0.804126 0.189456
vt 0.436631 0.218154
vt 0.59257 0.218154
vt 0.59257 0.228926
vt 0.59257 0.228926
vt 0.436631 0.228926
vt 0.436631 0.218154
vt 0.440504 0.240351
vt 0.440504 0.232019
vt 0.596443 0.232019
vt 0.596443 0.232019
vt 0.596443 0.240351
vt 0.440504 0.240351
vt 0.596443 0.364611
vt 0.614149 0.364611
vt 0.615047 0.364989
vt 0.615047 0.364989
vt 0.615047 0.369191
vt 0.596443 0.369191
vt 0.596443 0.364611
vt 0.615047 0.364989
vt 0.596443 0.369191
vt 0.615047 0.344028
vt 0.615047 0.355868
vt 0.602985 0.358658
vt 0.602985 0.358658
vt 0.602795 0.343992
vt 0.615047 0.344028
vt 0.615047 0.330136
vt 0.615047 0.344028
vt 0.602795 0.343992
vt 0.602795 0.343992
vt 0.602795 0.330136
vt 0.615047 0.330136
vt 0.615047 0.317106
vt 0.615047 0.330136
vt 0.602795 0.330136
vt 0.602795 0.330136
vt 0.602795 0.317106
vt 0.615047 0.317106
vt 0.894345 0.560541
vt 0.894575 0.560541
vt 0.894575 0.55929
vt 0.894575 0.55929
vt 0.894345 0.55929
vt 0.894345 0.560541
vt 0.436632 0.189456
vt 0.592571 0.189456
vt 0.592571 0.203752
vt 0.592571 0.203752
vt 0.436632 0.203752
vt 0.436632 0.189456
vt 0.596443 0.364611
vt 0.596443 0.369191
vt 0.440504 0.369191
vt 0.440504 0.369191
vt 0.440504 0.364611
vt 0.596443 0.364611
vt 0.894345 0.543211
vt 0.894575 0.543211
vt 0.894575 0.539882
vt 0.894575 0.539882
vt 0.894345 0.539882
vt 0.894345 0.543211
vt 0.42156 0.317106
vt 0.42156 0.296246
vt 0.434153 0.296246
vt 0.434153 0.296246
vt 0.434153 0.317106
vt 0.42156 0.317106
vt 0.405182 0.218154
vt 0.436631 0.218154
vt 0.436631 0.228926
vt 0.436631 0.228926
vt 0.405182 0.228926
vt 0.405182 0.218154
vt 0.414964 0.240351
vt 0.41501 0.232019
vt 0.440504 0.232019
vt 0.421813 0.240466
vt 0.414964 0.240351
vt 0.440504 0.232019
vt 0.440504 0.240351
vt 0.421813 0.240466
vt 0.440504 0.232019
vt 0.434153 0.261509
vt 0.42156 0.261475
vt 0.42156 0.257065
vt 0.42156 0.257065
vt 0.434081 0.255788
vt 0.434153 0.261509
vt 0.42156 0.282512
vt 0.42156 0.261475
vt 0.434153 0.261509
vt 0.434153 0.261509
vt 0.434153 0.282512
vt 0.42156 0.282512
vt 0.42156 0.296246
vt 0.42156 0.282512
vt 0.434153 0.282512
vt 0.434153 0.282512
vt 0.434153 0.296246
vt 0.42156 0.296246
vt 0.880532 0.537633
vt 0.879789 0.537633
vt 0.879789 0.53949
vt 0.880532 0.539401
vt 0.880532 0.537633
vt 0.879789 0.53949
vt 0.880524 0.53945
vt 0.880532 0.539401
vt 0.879789 0.53949
vt 0.880498 0.53948
vt 0.880524 0.53945
vt 0.879789 0.53949
vt 0.880456 0.53949
vt 0.880498 0.53948
vt 0.879789 0.53949
vt 0.405183 0.189456
vt 0.436632 0.189456
vt 0.436632 0.203752
vt 0.436632 0.203752
vt 0.405183 0.203752
vt 0.405183 0.189456
vt 0.791173 0.417488
vt 0.778859 0.417519
vt 0.778954 0.403222
vt 0.778954 0.403222
vt 0.791267 0.403192
vt 0.791173 0.417488
vt 0.598655 0.246562
vt 0.596443 0.240351
vt 0.61435 0.240351
vt 0.635139 0.397108
vt 0.635234 0.411404
vt 0.62292 0.411374
vt 0.62292 0.411374
vt 0.622826 0.397078
vt 0.635139 0.397108
vt 0.440504 0.240351
vt 0.596443 0.240351
vt 0.598655 0.246562
vt 0.598655 0.246562
vt 0.438304 0.246563
vt 0.440504 0.240351
vt 0.895639 0.582131
vt 0.894346 0.58173
vt 0.893104 0.58173
vt 0.893104 0.58173
vt 0.894177 0.582131
vt 0.895639 0.582131
vt 0.115205 0.240351
vt 0.414964 0.240351
vt 0.414906 0.252654
vt 0.414906 0.252654
vt 0.115205 0.252654
vt 0.115205 0.240351
vt 0.679478 0.431322
vt 0.675768 0.419842
vt 0.679946 0.419668
vt 0.679946 0.419668
vt 0.683501 0.431329
vt 0.679478 0.431322
vt 0.438508 0.361946
vt 0.440504 0.364611
vt 0.421731 0.364471
vt 0.519829 0.409051
vt 0.524007 0.409224
vt 0.520453 0.420885
vt 0.520453 0.420885
vt 0.516118 0.420531
vt 0.519829 0.409051
vt 0.802946 0.360239
vt 0.791026 0.360239
vt 0.791021 0.355868
vt 0.791021 0.355868
vt 0.802946 0.355868
vt 0.802946 0.360239
vt 0.596443 0.364611
vt 0.440504 0.364611
vt 0.438508 0.361946
vt 0.438508 0.361946
vt 0.59845 0.361947
vt 0.596443 0.364611
vt 0.879854 0.534734
vt 0.880937 0.537087
vt 0.88134 0.537087
vt 0.88134 0.537087
vt 0.880329 0.534734
vt 0.879854 0.534734
vt 0.457044 0.422587
vt 0.436203 0.421705
vt 0.437177 0.395467
vt 0.437177 0.395467
vt 0.458019 0.395467
vt 0.457044 0.422587
vt 0.436203 0.421705
vt 0.423217 0.420519
vt 0.42419 0.395467
vt 0.42419 0.395467
vt 0.437177 0.395467
vt 0.436203 0.421705
vt 0.423217 0.420519
vt 0.409385 0.418994
vt 0.410358 0.395467
vt 0.410358 0.395467
vt 0.42419 0.395467
vt 0.423217 0.420519
vt 0.409385 0.418994
vt 0.397963 0.417935
vt 0.398926 0.395467
vt 0.398926 0.395467
vt 0.410358 0.395467
vt 0.409385 0.418994
vt 0.648595 0.395436
vt 0.49345 0.395436
vt 0.49345 0.372995
vt 0.49345 0.372995
vt 0.648595 0.372995
vt 0.648595 0.395436
vt 0.501232 0.446459
vt 0.48981 0.447518
vt 0.488838 0.423991
vt 0.488838 0.423991
vt 0.50027 0.423991
vt 0.501232 0.446459
vt 0.48981 0.447518
vt 0.475979 0.449043
vt 0.475006 0.423991
vt 0.475006 0.423991
vt 0.488838 0.423991
vt 0.48981 0.447518
vt 0.475979 0.449043
vt 0.462992 0.450229
vt 0.462018 0.423991
vt 0.462018 0.423991
vt 0.475006 0.423991
vt 0.475979 0.449043
vt 0.462992 0.450229
vt 0.442152 0.451111
vt 0.441177 0.423991
vt 0.441177 0.423991
vt 0.462018 0.423991
vt 0.462992 0.450229
vt 0.442152 0.451111
vt 0.428431 0.451727
vt 0.427456 0.423991
vt 0.427456 0.423991
vt 0.441177 0.423991
vt 0.442152 0.451111
vt 0.428431 0.451727
vt 0.407387 0.452113
vt 0.406412 0.423991
vt 0.406412 0.423991
vt 0.427456 0.423991
vt 0.428431 0.451727
vt 0.403163 0.452151
vt 0.402188 0.423991
vt 0.406412 0.423991
vt 0.406412 0.423991
vt 0.407387 0.452113
vt 0.403163 0.452151
vt 0.649389 0.372992
vt 0.804534 0.372992
vt 0.804534 0.401201
vt 0.804534 0.401201
vt 0.649389 0.401201
vt 0.649389 0.372992
vt 0.500257 0.423666
vt 0.496033 0.423627
vt 0.497008 0.395467
vt 0.497008 0.395467
vt 0.501232 0.395467
vt 0.500257 0.423666
vt 0.491808 0.423589
vt 0.470764 0.423203
vt 0.471739 0.395467
vt 0.471739 0.395467
vt 0.492783 0.395467
vt 0.491808 0.423589
vt 0.470764 0.423203
vt 0.457044 0.422587
vt 0.458019 0.395467
vt 0.458019 0.395467
vt 0.471739 0.395467
vt 0.470764 0.423203
vt 0.434153 0.343992
vt 0.43396 0.358668
vt 0.42156 0.355868
vt 0.42156 0.355868
vt 0.42156 0.344028
vt 0.434153 0.343992
vt 0.434153 0.330136
vt 0.434153 0.343992
vt 0.42156 0.344028
vt 0.42156 0.344028
vt 0.42156 0.330136
vt 0.434153 0.330136
vt 0.434153 0.317106
vt 0.434153 0.330136
vt 0.42156 0.330136
vt 0.42156 0.330136
vt 0.42156 0.317106
vt 0.434153 0.317106
vt 0.115205 0.317106
vt 0.115205 0.296246
vt 0.414748 0.296246
vt 0.414748 0.296246
vt 0.41474 0.317106
vt 0.115205 0.317106
vt 0.115205 0.240351
vt 0.115205 0.23309
vt 0.115329 0.232495
vt 0.115205 0.240351
vt 0.115329 0.232495
vt 0.115704 0.232138
vt 0.115205 0.240351
vt 0.115704 0.232138
vt 0.116327 0.232019
vt 0.414964 0.240351
vt 0.115205 0.240351
vt 0.116327 0.232019
vt 0.414964 0.240351
vt 0.116327 0.232019
vt 0.41501 0.232019
vt 0.115205 0.261475
vt 0.115205 0.257065
vt 0.414886 0.257065
vt 0.414886 0.257065
vt 0.414865 0.261475
vt 0.115205 0.261475
vt 0.115205 0.282512
vt 0.115205 0.261475
vt 0.414865 0.261475
vt 0.414865 0.261475
vt 0.414791 0.282512
vt 0.115205 0.282512
vt 0.115205 0.296246
vt 0.115205 0.282512
vt 0.414791 0.282512
vt 0.414791 0.282512
vt 0.414748 0.296246
vt 0.115205 0.296246
vt 0.88246 0.537633
vt 0.88134 0.537633
vt 0.88134 0.539401
vt 0.88134 0.539401
vt 0.88246 0.539401
vt 0.88246 0.537633
vt 0.884387 0.537633
vt 0.88246 0.537633
vt 0.88246 0.539401
vt 0.88246 0.539401
vt 0.884387 0.539401
vt 0.884387 0.537633
vt 0.886314 0.537633
vt 0.884387 0.537633
vt 0.884387 0.539401
vt 0.884387 0.539401
vt 0.886314 0.5394
vt 0.886314 0.537633
vt 0.893103 0.537633
vt 0.893398 0.539404
vt 0.893406 0.539454
vt 0.893103 0.537633
vt 0.893406 0.539454
vt 0.893432 0.539483
vt 0.893103 0.537633
vt 0.893432 0.539483
vt 0.893474 0.539493
vt 0.894345 0.537633
vt 0.893103 0.537633
vt 0.893474 0.539493
vt 0.894345 0.537633
vt 0.893474 0.539493
vt 0.894345 0.53949
vt 0.421813 0.240466
vt 0.434009 0.250067
vt 0.42156 0.252654
vt 0.115205 0.364611
vt 0.115205 0.360239
vt 0.414947 0.360239
vt 0.414947 0.360239
vt 0.414973 0.364611
vt 0.115205 0.364611
vt 0.602795 0.317106
vt 0.602795 0.296246
vt 0.615047 0.296246
vt 0.615047 0.296246
vt 0.615047 0.317106
vt 0.602795 0.317106
vt 0.59257 0.218154
vt 0.611174 0.218154
vt 0.611174 0.228926
vt 0.611174 0.228926
vt 0.59257 0.228926
vt 0.59257 0.218154
vt 0.596443 0.240351
vt 0.596443 0.232019
vt 0.615047 0.232019
vt 0.61435 0.240351
vt 0.596443 0.240351
vt 0.615047 0.232019
vt 0.615047 0.239973
vt 0.61435 0.240351
vt 0.615047 0.232019
vt 0.602795 0.261509
vt 0.602865 0.255794
vt 0.615047 0.257065
vt 0.615047 0.257065
vt 0.615047 0.261475
vt 0.602795 0.261509
vt 0.602795 0.282512
vt 0.602795 0.261509
vt 0.615047 0.261475
vt 0.615047 0.261475
vt 0.615047 0.282512
vt 0.602795 0.282512
vt 0.602795 0.296246
vt 0.602795 0.282512
vt 0.615047 0.282512
vt 0.615047 0.282512
vt 0.615047 0.296246
vt 0.602795 0.296246
vt 0.880532 0.55929
vt 0.879789 0.55929
vt 0.879789 0.560541
vt 0.879789 0.560541
vt 0.880532 0.560541
vt 0.880532 0.55929
vt 0.592571 0.189456
vt 0.611174 0.189456
vt 0.611174 0.203752
vt 0.611174 0.203752
vt 0.592571 0.203752
vt 0.592571 0.189456
vt 0.886314 0.580795
vt 0.888241 0.580795
vt 0.888241 0.560931
vt 0.888241 0.560931
vt 0.886314 0.560931
vt 0.886314 0.580795
vt 0.802946 0.364611
vt 0.802946 0.36812
vt 0.802821 0.368715
vt 0.802946 0.364611
vt 0.802821 0.368715
vt 0.802447 0.369072
vt 0.802946 0.364611
vt 0.802447 0.369072
vt 0.801823 0.369191
vt 0.79103 0.364611
vt 0.802946 0.364611
vt 0.801823 0.369191
vt 0.79103 0.364611
vt 0.801823 0.369191
vt 0.791037 0.369191
vt 0.802946 0.344028
vt 0.802946 0.355868
vt 0.791021 0.355868
vt 0.791021 0.355868
vt 0.791008 0.344028
vt 0.802946 0.344028
vt 0.802946 0.330136
vt 0.802946 0.344028
vt 0.791008 0.344028
vt 0.791008 0.344028
vt 0.790994 0.330136
vt 0.802946 0.330136
vt 0.802946 0.317106
vt 0.802946 0.330136
vt 0.790994 0.330136
vt 0.790994 0.330136
vt 0.790988 0.317106
vt 0.802946 0.317106
vt 0.894345 0.580795
vt 0.894575 0.580795
vt 0.894575 0.560931
vt 0.894575 0.560931
vt 0.894345 0.560931
vt 0.894345 0.580795
vt 0.892213 0.580795
vt 0.892658 0.580795
vt 0.892658 0.560931
vt 0.892658 0.560931
vt 0.892213 0.560931
vt 0.892213 0.580795
vt 0.890169 0.580795
vt 0.892213 0.580795
vt 0.892213 0.560931
vt 0.892213 0.560931
vt 0.890169 0.560931
vt 0.890169 0.580795
vt 0.888241 0.580795
vt 0.890169 0.580795
vt 0.890169 0.560931
vt 0.890169 0.560931
vt 0.888241 0.560931
vt 0.888241 0.580795
vt 0.802946 0.240351
vt 0.802946 0.252654
vt 0.791018 0.252654
vt 0.791018 0.252654
vt 0.791028 0.240351
vt 0.802946 0.240351
vt 0.880532 0.580795
vt 0.880936 0.580795
vt 0.880936 0.560931
vt 0.880936 0.560931
vt 0.880532 0.560931
vt 0.880532 0.580795
vt 0.615047 0.364189
vt 0.602985 0.358658
vt 0.615047 0.355868
vt 0.614149 0.364611
vt 0.596443 0.364611
vt 0.59845 0.361947
vt 0.615047 0.240812
vt 0.615047 0.252654
vt 0.602936 0.250079
vt 0.421813 0.240466
vt 0.440504 0.240351
vt 0.438304 0.246563
vt 0.421731 0.364471
vt 0.42156 0.355868
vt 0.43396 0.358668
vt 0.596443 0.252279
vt 0.596949 0.252695
vt 0.596443 0.25308
vt 0.596443 0.25308
vt 0.596046 0.252701
vt 0.596443 0.252279
vt 0.440504 0.25228
vt 0.440901 0.252701
vt 0.440504 0.25308
vt 0.440504 0.25308
vt 0.439996 0.252695
vt 0.440504 0.25228
vt 0.596443 0.356307
vt 0.596046 0.355912
vt 0.596443 0.355533
vt 0.596443 0.355533
vt 0.596994 0.355908
vt 0.596443 0.356307
vt 0.440504 0.356307
vt 0.439951 0.355908
vt 0.440504 0.355533
vt 0.440504 0.355533
vt 0.440901 0.355912
vt 0.440504 0.356307
vt 0.615444 0.364611
vt 0.615047 0.364989
vt 0.614149 0.364611
vt 0.614149 0.364611
vt 0.615047 0.364189
vt 0.615444 0.364611
vt 0.615444 0.240351
vt 0.615047 0.240812
vt 0.61435 0.240351
vt 0.61435 0.240351
vt 0.615047 0.239973
vt 0.615444 0.240351
vt 0.457044 0.422587
vt 0.45703 0.422989
vt 0.436189 0.422107
vt 0.436189 0.422107
vt 0.436203 0.421705
vt 0.457044 0.422587
vt 0.596443 0.25308
vt 0.596949 0.252695
vt 0.596895 0.257105
vt 0.596895 0.257105
vt 0.596443 0.257301
vt 0.596443 0.25308
vt 0.491808 0.423589
vt 0.491795 0.423991
vt 0.470751 0.423605
vt 0.470751 0.423605
vt 0.470764 0.423203
vt 0.491808 0.423589
vt 0.470764 0.423203
vt 0.470751 0.423605
vt 0.45703 0.422989
vt 0.45703 0.422989
vt 0.457044 0.422587
vt 0.470764 0.423203
vt 0.409385 0.418994
vt 0.409369 0.419396
vt 0.397569 0.418302
vt 0.596994 0.355908
vt 0.596443 0.355533
vt 0.596443 0.344072
vt 0.423217 0.420519
vt 0.423201 0.420921
vt 0.409369 0.419396
vt 0.409369 0.419396
vt 0.409385 0.418994
vt 0.423217 0.420519
vt 0.436203 0.421705
vt 0.436189 0.422107
vt 0.423201 0.420921
vt 0.423201 0.420921
vt 0.423217 0.420519
vt 0.436203 0.421705
vt 0.440504 0.355533
vt 0.439951 0.355908
vt 0.440107 0.344068
vt 0.489826 0.44792
vt 0.48981 0.447518
vt 0.501232 0.446459
vt 0.48981 0.447518
vt 0.489826 0.44792
vt 0.475994 0.449445
vt 0.475994 0.449445
vt 0.475979 0.449043
vt 0.48981 0.447518
vt 0.475979 0.449043
vt 0.475994 0.449445
vt 0.463007 0.45063
vt 0.463007 0.45063
vt 0.462992 0.450229
vt 0.475979 0.449043
vt 0.462992 0.450229
vt 0.463007 0.45063
vt 0.442165 0.451513
vt 0.442165 0.451513
vt 0.442152 0.451111
vt 0.462992 0.450229
vt 0.440107 0.261515
vt 0.440052 0.257105
vt 0.440504 0.257301
vt 0.403163 0.452151
vt 0.407387 0.452113
vt 0.407401 0.452515
vt 0.428431 0.451727
vt 0.428445 0.452129
vt 0.407401 0.452515
vt 0.407401 0.452515
vt 0.407387 0.452113
vt 0.428431 0.451727
vt 0.442152 0.451111
vt 0.442165 0.451513
vt 0.428445 0.452129
vt 0.428445 0.452129
vt 0.428431 0.451727
vt 0.442152 0.451111
vt 0.440901 0.252701
vt 0.440504 0.25228
vt 0.596443 0.252279
vt 0.596443 0.252279
vt 0.596046 0.252701
vt 0.440901 0.252701
vt 0.596046 0.355912
vt 0.596443 0.356307
vt 0.440504 0.356307
vt 0.440504 0.356307
vt 0.440901 0.355912
vt 0.596046 0.355912
vt 0.648992 0.395467
vt 0.648595 0.395436
vt 0.648595 0.372995
vt 0.648595 0.372995
vt 0.648992 0.372992
vt 0.648992 0.395467
vt 0.49345 0.395436
vt 0.493053 0.395467
vt 0.493053 0.372992
vt 0.493053 0.372992
vt 0.49345 0.372995
vt 0.49345 0.395436
vt 0.648992 0.372992
vt 0.649389 0.372992
vt 0.649389 0.401201
vt 0.649389 0.401201
vt 0.648992 0.401198
vt 0.648992 0.372992
vt 0.804534 0.372992
vt 0.804931 0.372992
vt 0.804931 0.401198
vt 0.804931 0.401198
vt 0.804534 0.401201
vt 0.804534 0.372992
vt 0.615047 0.364189
vt 0.614149 0.364611
vt 0.59845 0.361947
vt 0.59845 0.361947
vt 0.602985 0.358658
vt 0.615047 0.364189
vt 0.61435 0.240351
vt 0.615047 0.240812
vt 0.602936 0.250079
vt 0.602936 0.250079
vt 0.598655 0.246562
vt 0.61435 0.240351
vt 0.421813 0.240466
vt 0.438304 0.246563
vt 0.434009 0.250067
vt 0.421731 0.364471
vt 0.43396 0.358668
vt 0.438508 0.361946
vt 0.105955 0.163295
vt 0.108873 0.163295
vt 0.108873 0.169141
vt 0.108873 0.169141
vt 0.105955 0.171898
vt 0.105955 0.163295
vt 0.108873 0.158923
vt 0.108873 0.163295
vt 0.105955 0.163295
vt 0.105955 0.163295
vt 0.105955 0.158923
vt 0.108873 0.158923
vt 0.108873 0.142712
vt 0.108873 0.154552
vt 0.105955 0.154552
vt 0.105955 0.154552
vt 0.105955 0.142712
vt 0.108873 0.142712
vt 0.108873 0.12882
vt 0.108873 0.142712
vt 0.105955 0.142712
vt 0.105955 0.142712
vt 0.105955 0.12882
vt 0.108873 0.12882
vt 0.108873 0.11579
vt 0.108873 0.12882
vt 0.105955 0.12882
vt 0.105955 0.12882
vt 0.105955 0.11579
vt 0.108873 0.11579
vt 0.108873 0.09493
vt 0.108873 0.11579
vt 0.105955 0.11579
vt 0.105955 0.11579
vt 0.105955 0.09493
vt 0.108873 0.09493
vt 0.108873 0.081196
vt 0.108873 0.09493
vt 0.105955 0.09493
vt 0.105955 0.09493
vt 0.105955 0.081196
vt 0.108873 0.081196
vt 0.108873 0.060159
vt 0.108873 0.081196
vt 0.105955 0.081196
vt 0.105955 0.081196
vt 0.105955 0.060159
vt 0.108873 0.060159
vt 0.108873 0.055749
vt 0.108873 0.060159
vt 0.105955 0.060159
vt 0.105955 0.060159
vt 0.105955 0.055749
vt 0.108873 0.055749
vt 0.108873 0.039035
vt 0.108873 0.051338
vt 0.105955 0.051338
vt 0.105955 0.051338
vt 0.105955 0.039035
vt 0.108873 0.039035
vt 0.108873 0.038853
vt 0.108873 0.039035
vt 0.105955 0.039035
vt 0.105955 0.039035
vt 0.105955 0.03694
vt 0.108873 0.038853
vt 0.405761 0.025671
vt 0.408678 0.028452
vt 0.109919 0.028452
vt 0.109919 0.028452
vt 0.106998 0.025671
vt 0.405761 0.025671
vt 0.592474 0.028452
vt 0.436535 0.028452
vt 0.436535 0.025671
vt 0.436535 0.025671
vt 0.592474 0.025671
vt 0.592474 0.028452
vt 0.611077 0.028452
vt 0.592474 0.028452
vt 0.592474 0.025671
vt 0.592474 0.025671
vt 0.611077 0.025671
vt 0.611077 0.028452
vt 0.789429 0.028452
vt 0.611077 0.028452
vt 0.611077 0.025671
vt 0.611077 0.025671
vt 0.792347 0.025671
vt 0.789429 0.028452
vt 0.804256 0.03694
vt 0.801338 0.038853
vt 0.801338 0.029439
vt 0.801338 0.029439
vt 0.804256 0.026663
vt 0.804256 0.03694
vt 0.801338 0.051338
vt 0.801338 0.039035
vt 0.804256 0.039035
vt 0.804256 0.039035
vt 0.804256 0.051338
vt 0.801338 0.051338
vt 0.801338 0.055749
vt 0.801338 0.051338
vt 0.804256 0.051338
vt 0.804256 0.051338
vt 0.804256 0.055749
vt 0.801338 0.055749
vt 0.801338 0.081196
vt 0.801338 0.060159
vt 0.804256 0.060159
vt 0.804256 0.060159
vt 0.804256 0.081196
vt 0.801338 0.081196
vt 0.801338 0.09493
vt 0.801338 0.081196
vt 0.804256 0.081196
vt 0.804256 0.081196
vt 0.804256 0.09493
vt 0.801338 0.09493
vt 0.801338 0.11579
vt 0.801338 0.09493
vt 0.804256 0.09493
vt 0.804256 0.09493
vt 0.804256 0.11579
vt 0.801338 0.11579
vt 0.801338 0.12882
vt 0.801338 0.11579
vt 0.804256 0.11579
vt 0.804256 0.11579
vt 0.804256 0.12882
vt 0.801338 0.12882
vt 0.801338 0.142711
vt 0.801338 0.12882
vt 0.804256 0.12882
vt 0.804256 0.12882
vt 0.804256 0.142711
vt 0.801338 0.142711
vt 0.801338 0.154552
vt 0.801338 0.142711
vt 0.804256 0.142711
vt 0.804256 0.142711
vt 0.804256 0.154552
vt 0.801338 0.154552
vt 0.801338 0.158923
vt 0.801338 0.154552
vt 0.804256 0.154552
vt 0.804256 0.154552
vt 0.804256 0.158923
vt 0.801338 0.158923
vt 0.792347 0.172908
vt 0.789429 0.170126
vt 0.800292 0.170126
vt 0.800292 0.170126
vt 0.803221 0.172908
vt 0.792347 0.172908
vt 0.592474 0.170126
vt 0.611077 0.170126
vt 0.611077 0.172908
vt 0.611077 0.172908
vt 0.592474 0.172908
vt 0.592474 0.170126
vt 0.436535 0.170126
vt 0.592474 0.170126
vt 0.592474 0.172908
vt 0.592474 0.172908
vt 0.436535 0.172908
vt 0.436535 0.170126
vt 0.408678 0.170126
vt 0.436535 0.170126
vt 0.436535 0.172908
vt 0.436535 0.172908
vt 0.405761 0.172908
vt 0.408678 0.170126
vt 0.596949 0.252695
vt 0.596443 0.252279
vt 0.596591 0.251899
vt 0.596591 0.251899
vt 0.597348 0.252521
vt 0.596949 0.252695
vt 0.440504 0.25228
vt 0.440358 0.2519
vt 0.596591 0.251899
vt 0.596591 0.251899
vt 0.596443 0.252279
vt 0.440504 0.25228
vt 0.439996 0.252695
vt 0.439597 0.25252
vt 0.440358 0.2519
vt 0.440358 0.2519
vt 0.440504 0.25228
vt 0.439996 0.252695
vt 0.439996 0.252695
vt 0.440052 0.257105
vt 0.439654 0.257018
vt 0.439654 0.257018
vt 0.439597 0.25252
vt 0.439996 0.252695
vt 0.440107 0.282553
vt 0.43971 0.282551
vt 0.43971 0.261516
vt 0.43971 0.261516
vt 0.440107 0.261515
vt 0.440107 0.282553
vt 0.440107 0.296287
vt 0.43971 0.296285
vt 0.43971 0.282551
vt 0.43971 0.282551
vt 0.440107 0.282553
vt 0.440107 0.296287
vt 0.440107 0.317146
vt 0.43971 0.317144
vt 0.43971 0.296285
vt 0.43971 0.296285
vt 0.440107 0.296287
vt 0.440107 0.317146
vt 0.440107 0.330176
vt 0.43971 0.330174
vt 0.43971 0.317144
vt 0.43971 0.317144
vt 0.440107 0.317146
vt 0.440107 0.330176
vt 0.440107 0.344068
vt 0.43971 0.344063
vt 0.43971 0.330174
vt 0.43971 0.330174
vt 0.440107 0.330176
vt 0.440107 0.344068
vt 0.439951 0.355908
vt 0.439552 0.356093
vt 0.43971 0.344063
vt 0.43971 0.344063
vt 0.440107 0.344068
vt 0.439951 0.355908
vt 0.439951 0.355908
vt 0.440504 0.356307
vt 0.440371 0.356683
vt 0.440371 0.356683
vt 0.439552 0.356093
vt 0.439951 0.355908
vt 0.596443 0.356307
vt 0.596577 0.356684
vt 0.440371 0.356683
vt 0.440371 0.356683
vt 0.440504 0.356307
vt 0.596443 0.356307
vt 0.596994 0.355908
vt 0.597394 0.356092
vt 0.596577 0.356684
vt 0.596577 0.356684
vt 0.596443 0.356307
vt 0.596994 0.355908
vt 0.596994 0.355908
vt 0.596841 0.344068
vt 0.597237 0.344063
vt 0.597237 0.344063
vt 0.597394 0.356092
vt 0.596994 0.355908
vt 0.59684 0.330176
vt 0.597237 0.330174
vt 0.597237 0.344063
vt 0.597237 0.344063
vt 0.596841 0.344068
vt 0.59684 0.330176
vt 0.59684 0.317146
vt 0.597237 0.317144
vt 0.597237 0.330174
vt 0.597237 0.330174
vt 0.59684 0.330176
vt 0.59684 0.317146
vt 0.59684 0.296287
vt 0.597237 0.296285
vt 0.597237 0.317144
vt 0.597237 0.317144
vt 0.59684 0.317146
vt 0.59684 0.296287
vt 0.59684 0.282553
vt 0.597237 0.282551
vt 0.597237 0.296285
vt 0.597237 0.296285
vt 0.59684 0.296287
vt 0.59684 0.282553
vt 0.596841 0.261515
vt 0.597237 0.261516
vt 0.597237 0.282551
vt 0.597237 0.282551
vt 0.59684 0.282553
vt 0.596841 0.261515
vt 0.596895 0.257105
vt 0.597293 0.257018
vt 0.597237 0.261516
vt 0.597237 0.261516
vt 0.596841 0.261515
vt 0.596895 0.257105
vt 0.509205 0.430221
vt 0.514851 0.42991
vt 0.514841 0.430714
vt 0.514841 0.430714
vt 0.509195 0.431025
vt 0.509205 0.430221
vt 0.514851 0.42991
vt 0.519223 0.429736
vt 0.519213 0.43054
vt 0.519213 0.43054
vt 0.514841 0.430714
vt 0.514851 0.42991
vt 0.523595 0.429561
vt 0.535437 0.429089
vt 0.535426 0.429893
vt 0.535426 0.429893
vt 0.523585 0.430365
vt 0.523595 0.429561
vt 0.535437 0.429089
vt 0.54933 0.428293
vt 0.54932 0.429097
vt 0.54932 0.429097
vt 0.535426 0.429893
vt 0.535437 0.429089
vt 0.54933 0.428293
vt 0.562361 0.427792
vt 0.562351 0.428596
vt 0.562351 0.428596
vt 0.54932 0.429097
vt 0.54933 0.428293
vt 0.562361 0.427792
vt 0.58322 0.428006
vt 0.58321 0.42881
vt 0.58321 0.42881
vt 0.562351 0.428596
vt 0.562361 0.427792
vt 0.58322 0.428006
vt 0.596954 0.428112
vt 0.596944 0.428916
vt 0.596944 0.428916
vt 0.58321 0.42881
vt 0.58322 0.428006
vt 0.596954 0.428112
vt 0.61799 0.428832
vt 0.61798 0.429637
vt 0.61798 0.429637
vt 0.596944 0.428916
vt 0.596954 0.428112
vt 0.6224 0.429024
vt 0.62239 0.429828
vt 0.61798 0.429637
vt 0.61798 0.429637
vt 0.61799 0.428832
vt 0.6224 0.429024
vt 0.62681 0.429216
vt 0.639112 0.429751
vt 0.639102 0.430556
vt 0.639102 0.430556
vt 0.6268 0.43002
vt 0.62681 0.429216
vt 0.413123 0.371182
vt 0.413123 0.371986
vt 0.114194 0.371986
vt 0.114194 0.371986
vt 0.114194 0.371183
vt 0.413123 0.371182
vt 0.440602 0.371182
vt 0.596541 0.371182
vt 0.596541 0.371986
vt 0.596541 0.371986
vt 0.440602 0.371986
vt 0.440602 0.371182
vt 0.596541 0.371182
vt 0.615144 0.371182
vt 0.615144 0.371986
vt 0.615144 0.371986
vt 0.596541 0.371986
vt 0.596541 0.371182
vt 0.793119 0.371183
vt 0.793119 0.371986
vt 0.615144 0.371986
vt 0.615144 0.371986
vt 0.615144 0.371182
vt 0.793119 0.371183
vt 0.648506 0.432004
vt 0.639112 0.432472
vt 0.639102 0.431668
vt 0.639102 0.431668
vt 0.648496 0.4312
vt 0.648506 0.432004
vt 0.639112 0.432472
vt 0.62681 0.433007
vt 0.6268 0.432203
vt 0.6268 0.432203
vt 0.639102 0.431668
vt 0.639112 0.432472
vt 0.62681 0.433007
vt 0.6224 0.433199
vt 0.62239 0.432395
vt 0.62239 0.432395
vt 0.6268 0.432203
vt 0.62681 0.433007
vt 0.61799 0.433391
vt 0.596954 0.434112
vt 0.596944 0.433308
vt 0.596944 0.433308
vt 0.61798 0.432587
vt 0.61799 0.433391
vt 0.596954 0.434112
vt 0.58322 0.434218
vt 0.58321 0.433414
vt 0.58321 0.433414
vt 0.596944 0.433308
vt 0.596954 0.434112
vt 0.58322 0.434218
vt 0.562361 0.434432
vt 0.562351 0.433628
vt 0.562351 0.433628
vt 0.58321 0.433414
vt 0.58322 0.434218
vt 0.562361 0.434432
vt 0.54933 0.43393
vt 0.54932 0.433126
vt 0.54932 0.433126
vt 0.562351 0.433628
vt 0.562361 0.434432
vt 0.54933 0.43393
vt 0.535437 0.433134
vt 0.535426 0.43233
vt 0.535426 0.43233
vt 0.54932 0.433126
vt 0.54933 0.43393
vt 0.535437 0.433134
vt 0.523595 0.432662
vt 0.523585 0.431858
vt 0.523585 0.431858
vt 0.535426 0.43233
vt 0.535437 0.433134
vt 0.519223 0.432488
vt 0.519213 0.431684
vt 0.523585 0.431858
vt 0.523585 0.431858
vt 0.523595 0.432662
vt 0.519223 0.432488
vt 0.793119 0.37289
vt 0.793119 0.372086
vt 0.80415 0.372086
vt 0.80415 0.372086
vt 0.80415 0.37289
vt 0.793119 0.37289
vt 0.615144 0.37289
vt 0.596541 0.37289
vt 0.596541 0.372086
vt 0.596541 0.372086
vt 0.615144 0.372086
vt 0.615144 0.37289
vt 0.596541 0.37289
vt 0.440602 0.37289
vt 0.440602 0.372086
vt 0.440602 0.372086
vt 0.596541 0.372086
vt 0.596541 0.37289
vt 0.440602 0.37289
vt 0.413123 0.37289
vt 0.413123 0.372086
vt 0.413123 0.372086
vt 0.440602 0.372086
vt 0.440602 0.37289
vt 0.113319 0.364611
vt 0.113508 0.364611
vt 0.113508 0.369817
vt 0.113508 0.369817
vt 0.113319 0.370005
vt 0.113319 0.364611
vt 0.113319 0.360239
vt 0.113508 0.360239
vt 0.113508 0.364611
vt 0.113508 0.364611
vt 0.113319 0.364611
vt 0.113319 0.360239
vt 0.113319 0.344028
vt 0.113508 0.344028
vt 0.113508 0.355868
vt 0.113508 0.355868
vt 0.113319 0.355868
vt 0.113319 0.344028
vt 0.113319 0.330136
vt 0.113508 0.330136
vt 0.113508 0.344028
vt 0.113508 0.344028
vt 0.113319 0.344028
vt 0.113319 0.330136
vt 0.113319 0.317106
vt 0.113508 0.317106
vt 0.113508 0.330136
vt 0.113508 0.330136
vt 0.113319 0.330136
vt 0.113319 0.317106
vt 0.113319 0.296246
vt 0.113508 0.296246
vt 0.113508 0.317106
vt 0.113508 0.317106
vt 0.113319 0.317106
vt 0.113319 0.296246
vt 0.113319 0.282512
vt 0.113508 0.282512
vt 0.113508 0.296246
vt 0.113508 0.296246
vt 0.113319 0.296246
vt 0.113319 0.282512
vt 0.113319 0.261475
vt 0.113508 0.261475
vt 0.113508 0.282512
vt 0.113508 0.282512
vt 0.113319 0.282512
vt 0.113319 0.261475
vt 0.113319 0.257065
vt 0.113508 0.257065
vt 0.113508 0.261475
vt 0.113508 0.261475
vt 0.113319 0.261475
vt 0.113319 0.257065
vt 0.113319 0.240351
vt 0.113508 0.240351
vt 0.113508 0.252654
vt 0.113508 0.252654
vt 0.113319 0.252654
vt 0.113319 0.240351
vt 0.413124 0.230222
vt 0.413313 0.230402
vt 0.114561 0.230402
vt 0.114561 0.230402
vt 0.114365 0.230222
vt 0.413124 0.230222
vt 0.596443 0.230222
vt 0.596443 0.230402
vt 0.440504 0.230402
vt 0.440504 0.230402
vt 0.440504 0.230222
vt 0.596443 0.230222
vt 0.615047 0.230222
vt 0.615047 0.230402
vt 0.596443 0.230402
vt 0.596443 0.230402
vt 0.596443 0.230222
vt 0.615047 0.230222
vt 0.792922 0.230222
vt 0.792734 0.230402
vt 0.615047 0.230402
vt 0.615047 0.230402
vt 0.615047 0.230222
vt 0.792922 0.230222
vt 0.804832 0.240351
vt 0.804643 0.240351
vt 0.804643 0.231396
vt 0.804643 0.231396
vt 0.804832 0.231208
vt 0.804832 0.240351
vt 0.804832 0.252654
vt 0.804643 0.252654
vt 0.804643 0.240351
vt 0.804643 0.240351
vt 0.804832 0.240351
vt 0.804832 0.252654
vt 0.804832 0.257065
vt 0.804643 0.257065
vt 0.804643 0.252654
vt 0.804643 0.252654
vt 0.804832 0.252654
vt 0.804832 0.257065
vt 0.804832 0.282512
vt 0.804643 0.282512
vt 0.804643 0.261475
vt 0.804643 0.261475
vt 0.804832 0.261475
vt 0.804832 0.282512
vt 0.804832 0.296246
vt 0.804643 0.296246
vt 0.804643 0.282512
vt 0.804643 0.282512
vt 0.804832 0.282512
vt 0.804832 0.296246
vt 0.804832 0.317106
vt 0.804643 0.317106
vt 0.804643 0.296246
vt 0.804643 0.296246
vt 0.804832 0.296246
vt 0.804832 0.317106
vt 0.804832 0.330136
vt 0.804643 0.330136
vt 0.804643 0.317106
vt 0.804643 0.317106
vt 0.804832 0.317106
vt 0.804832 0.330136
vt 0.804832 0.344028
vt 0.804643 0.344028
vt 0.804643 0.330136
vt 0.804643 0.330136
vt 0.804832 0.330136
vt 0.804832 0.344028
vt 0.804832 0.355868
vt 0.804643 0.355868
vt 0.804643 0.344028
vt 0.804643 0.344028
vt 0.804832 0.344028
vt 0.804832 0.355868
vt 0.804832 0.360239
vt 0.804643 0.360239
vt 0.804643 0.355868
vt 0.804643 0.355868
vt 0.804832 0.355868
vt 0.804832 0.360239
vt 0.792922 0.370988
vt 0.792734 0.370808
vt 0.803588 0.370808
vt 0.803588 0.370808
vt 0.803784 0.370988
vt 0.792922 0.370988
vt 0.596444 0.370988
vt 0.596443 0.370808
vt 0.615047 0.370808
vt 0.615047 0.370808
vt 0.615047 0.370988
vt 0.596444 0.370988
vt 0.440504 0.370988
vt 0.440504 0.370808
vt 0.596443 0.370808
vt 0.596443 0.370808
vt 0.596444 0.370988
vt 0.440504 0.370988
vt 0.440504 0.370988
vt 0.413124 0.370988
vt 0.413313 0.370808
vt 0.413313 0.370808
vt 0.440504 0.370808
vt 0.440504 0.370988
vt 0.60094 0.250957
vt 0.597918 0.248474
vt 0.598655 0.246562
vt 0.598655 0.246562
vt 0.602936 0.250079
vt 0.60094 0.250957
vt 0.597918 0.248474
vt 0.439038 0.248475
vt 0.438304 0.246563
vt 0.438304 0.246563
vt 0.598655 0.246562
vt 0.597918 0.248474
vt 0.439038 0.248475
vt 0.436005 0.25095
vt 0.434009 0.250067
vt 0.434009 0.250067
vt 0.438304 0.246563
vt 0.439038 0.248475
vt 0.436005 0.25095
vt 0.436071 0.256234
vt 0.434081 0.255788
vt 0.434081 0.255788
vt 0.434009 0.250067
vt 0.436005 0.25095
vt 0.436138 0.261518
vt 0.436138 0.282532
vt 0.434153 0.282512
vt 0.434153 0.282512
vt 0.434153 0.261509
vt 0.436138 0.261518
vt 0.436138 0.282532
vt 0.436138 0.296266
vt 0.434153 0.296246
vt 0.434153 0.296246
vt 0.434153 0.282512
vt 0.436138 0.282532
vt 0.436138 0.296266
vt 0.436138 0.317126
vt 0.434153 0.317106
vt 0.434153 0.317106
vt 0.434153 0.296246
vt 0.436138 0.296266
vt 0.436138 0.317126
vt 0.436138 0.330156
vt 0.434153 0.330136
vt 0.434153 0.330136
vt 0.434153 0.317106
vt 0.436138 0.317126
vt 0.436138 0.330156
vt 0.436138 0.344024
vt 0.434153 0.343992
vt 0.434153 0.343992
vt 0.434153 0.330136
vt 0.436138 0.330156
vt 0.436138 0.344024
vt 0.435957 0.357755
vt 0.43396 0.358668
vt 0.43396 0.358668
vt 0.434153 0.343992
vt 0.436138 0.344024
vt 0.435957 0.357755
vt 0.439173 0.360073
vt 0.438508 0.361946
vt 0.438508 0.361946
vt 0.43396 0.358668
vt 0.435957 0.357755
vt 0.439173 0.360073
vt 0.597781 0.360074
vt 0.59845 0.361947
vt 0.59845 0.361947
vt 0.438508 0.361946
vt 0.439173 0.360073
vt 0.597781 0.360074
vt 0.600988 0.357748
vt 0.602985 0.358658
vt 0.602985 0.358658
vt 0.59845 0.361947
vt 0.597781 0.360074
vt 0.600988 0.357748
vt 0.60081 0.344024
vt 0.602795 0.343992
vt 0.602795 0.343992
vt 0.602985 0.358658
vt 0.600988 0.357748
vt 0.60081 0.344024
vt 0.60081 0.330156
vt 0.602795 0.330136
vt 0.602795 0.330136
vt 0.602795 0.343992
vt 0.60081 0.344024
vt 0.60081 0.330156
vt 0.60081 0.317126
vt 0.602795 0.317106
vt 0.602795 0.317106
vt 0.602795 0.330136
vt 0.60081 0.330156
vt 0.60081 0.317126
vt 0.60081 0.296266
vt 0.602795 0.296246
vt 0.602795 0.296246
vt 0.602795 0.317106
vt 0.60081 0.317126
vt 0.60081 0.296266
vt 0.60081 0.282532
vt 0.602795 0.282512
vt 0.602795 0.282512
vt 0.602795 0.296246
vt 0.60081 0.296266
vt 0.60081 0.282532
vt 0.60081 0.261518
vt 0.602795 0.261509
vt 0.602795 0.261509
vt 0.602795 0.282512
vt 0.60081 0.282532
vt 0.600875 0.256238
vt 0.602865 0.255794
vt 0.602795 0.261509
vt 0.602795 0.261509
vt 0.60081 0.261518
vt 0.600875 0.256238
vt 0.803931 0.40125
vt 0.804467 0.401654
vt 0.793937 0.401614
vt 0.793937 0.401614
vt 0.793561 0.40121
vt 0.803931 0.40125
vt 0.635339 0.427289
vt 0.637998 0.427279
vt 0.637622 0.427682
vt 0.637622 0.427682
vt 0.635342 0.427691
vt 0.635339 0.427289
vt 0.106817 0.205745
vt 0.106252 0.20534
vt 0.405183 0.20534
vt 0.405183 0.20534
vt 0.40558 0.205745
vt 0.106817 0.205745
vt 0.778965 0.401634
vt 0.77455 0.401645
vt 0.774553 0.401243
vt 0.774553 0.401243
vt 0.778967 0.401232
vt 0.778965 0.401634
vt 0.770139 0.401254
vt 0.770136 0.401656
vt 0.7491 0.401902
vt 0.7491 0.401902
vt 0.749092 0.4015
vt 0.770139 0.401254
vt 0.749092 0.4015
vt 0.7491 0.401902
vt 0.735399 0.402427
vt 0.735399 0.402427
vt 0.735368 0.402025
vt 0.749092 0.4015
vt 0.735368 0.402025
vt 0.735399 0.402427
vt 0.714577 0.40317
vt 0.714577 0.40317
vt 0.714522 0.40277
vt 0.735368 0.402025
vt 0.714522 0.40277
vt 0.714577 0.40317
vt 0.701606 0.404267
vt 0.701606 0.404267
vt 0.701527 0.403869
vt 0.714522 0.40277
vt 0.701527 0.403869
vt 0.701606 0.404267
vt 0.68779 0.405698
vt 0.68779 0.405698
vt 0.687685 0.405303
vt 0.701527 0.403869
vt 0.675877 0.406319
vt 0.675997 0.406712
vt 0.671645 0.407086
vt 0.671645 0.407086
vt 0.671518 0.406693
vt 0.675877 0.406319
vt 0.614197 0.427237
vt 0.618611 0.427248
vt 0.618614 0.42765
vt 0.618614 0.42765
vt 0.6142 0.427639
vt 0.614197 0.427237
vt 0.593153 0.427392
vt 0.593161 0.42699
vt 0.614197 0.427237
vt 0.614197 0.427237
vt 0.6142 0.427639
vt 0.593153 0.427392
vt 0.579429 0.426867
vt 0.579461 0.426466
vt 0.593161 0.42699
vt 0.593161 0.42699
vt 0.593153 0.427392
vt 0.579429 0.426867
vt 0.558583 0.426123
vt 0.558638 0.425723
vt 0.579461 0.426466
vt 0.579461 0.426466
vt 0.579429 0.426867
vt 0.558583 0.426123
vt 0.545588 0.425023
vt 0.545667 0.424625
vt 0.558638 0.425723
vt 0.558638 0.425723
vt 0.558583 0.426123
vt 0.545588 0.425023
vt 0.531746 0.42359
vt 0.531851 0.423195
vt 0.545667 0.424625
vt 0.545667 0.424625
vt 0.545588 0.425023
vt 0.531746 0.42359
vt 0.511354 0.421433
vt 0.515706 0.421807
vt 0.515579 0.422199
vt 0.515579 0.422199
vt 0.51122 0.421824
vt 0.511354 0.421433
vt 0.502385 0.420929
vt 0.501842 0.420471
vt 0.511354 0.421433
vt 0.511354 0.421433
vt 0.51122 0.421824
vt 0.502385 0.420929
vt 0.611174 0.205745
vt 0.611174 0.206184
vt 0.59257 0.206184
vt 0.59257 0.206184
vt 0.59257 0.205745
vt 0.611174 0.205745
vt 0.592571 0.205745
vt 0.592571 0.20534
vt 0.611174 0.20534
vt 0.611174 0.20534
vt 0.611174 0.205745
vt 0.592571 0.205745
vt 0.59257 0.205745
vt 0.59257 0.206184
vt 0.436631 0.206184
vt 0.436631 0.206184
vt 0.436631 0.205745
vt 0.59257 0.205745
vt 0.436632 0.205745
vt 0.436632 0.20534
vt 0.592571 0.20534
vt 0.592571 0.20534
vt 0.592571 0.205745
vt 0.436632 0.205745
vt 0.791281 0.401201
vt 0.791278 0.401604
vt 0.778965 0.401634
vt 0.778965 0.401634
vt 0.778967 0.401232
vt 0.791281 0.401201
vt 0.623028 0.427661
vt 0.623026 0.427258
vt 0.635339 0.427289
vt 0.635339 0.427289
vt 0.635342 0.427691
vt 0.623028 0.427661
vt 0.687685 0.405303
vt 0.68779 0.405698
vt 0.675997 0.406712
vt 0.675997 0.406712
vt 0.675877 0.406319
vt 0.687685 0.405303
vt 0.519938 0.422574
vt 0.520058 0.422181
vt 0.531851 0.423195
vt 0.531851 0.423195
vt 0.531746 0.42359
vt 0.519938 0.422574
vt 0.436631 0.205745
vt 0.436631 0.206184
vt 0.405182 0.206185
vt 0.405182 0.206185
vt 0.405579 0.205745
vt 0.436631 0.205745
vt 0.40558 0.205745
vt 0.405183 0.20534
vt 0.436632 0.20534
vt 0.436632 0.20534
vt 0.436632 0.205745
vt 0.40558 0.205745
vt 0.803597 0.205745
vt 0.804159 0.206185
vt 0.793118 0.206185
vt 0.793118 0.206185
vt 0.792721 0.205745
vt 0.803597 0.205745
vt 0.611174 0.20534
vt 0.793119 0.20534
vt 0.792722 0.205745
vt 0.792722 0.205745
vt 0.611174 0.205745
vt 0.611174 0.20534
vt 0.436535 0.169861
vt 0.408956 0.169861
vt 0.409056 0.169768
vt 0.409056 0.169768
vt 0.436535 0.169768
vt 0.436535 0.169861
vt 0.509205 0.430221
vt 0.509268 0.430117
vt 0.514853 0.429809
vt 0.514853 0.429809
vt 0.514851 0.42991
vt 0.509205 0.430221
vt 0.514853 0.429809
vt 0.519224 0.429635
vt 0.519223 0.429736
vt 0.519223 0.429736
vt 0.514851 0.42991
vt 0.514853 0.429809
vt 0.523595 0.429561
vt 0.523596 0.429461
vt 0.535438 0.428989
vt 0.535438 0.428989
vt 0.535437 0.429089
vt 0.523595 0.429561
vt 0.535437 0.429089
vt 0.535438 0.428989
vt 0.549331 0.428193
vt 0.549331 0.428193
vt 0.54933 0.428293
vt 0.535437 0.429089
vt 0.54933 0.428293
vt 0.549331 0.428193
vt 0.562363 0.427691
vt 0.562363 0.427691
vt 0.562361 0.427792
vt 0.54933 0.428293
vt 0.562361 0.427792
vt 0.562363 0.427691
vt 0.583222 0.427905
vt 0.583222 0.427905
vt 0.58322 0.428006
vt 0.562361 0.427792
vt 0.58322 0.428006
vt 0.583222 0.427905
vt 0.596955 0.428011
vt 0.596955 0.428011
vt 0.596954 0.428112
vt 0.58322 0.428006
vt 0.596954 0.428112
vt 0.596955 0.428011
vt 0.617991 0.428732
vt 0.617991 0.428732
vt 0.61799 0.428832
vt 0.596954 0.428112
vt 0.617991 0.428732
vt 0.622401 0.428924
vt 0.6224 0.429024
vt 0.6224 0.429024
vt 0.61799 0.428832
vt 0.617991 0.428732
vt 0.62681 0.429216
vt 0.626811 0.429116
vt 0.639113 0.429651
vt 0.639113 0.429651
vt 0.639112 0.429751
vt 0.62681 0.429216
vt 0.114194 0.371183
vt 0.114264 0.371083
vt 0.413023 0.371083
vt 0.413023 0.371083
vt 0.413123 0.371182
vt 0.114194 0.371183
vt 0.413123 0.371182
vt 0.413023 0.371083
vt 0.440602 0.371083
vt 0.440602 0.371083
vt 0.440602 0.371182
vt 0.413123 0.371182
vt 0.440602 0.371182
vt 0.440602 0.371083
vt 0.596541 0.371083
vt 0.596541 0.371083
vt 0.596541 0.371182
vt 0.440602 0.371182
vt 0.596541 0.371182
vt 0.596541 0.371083
vt 0.615144 0.371083
vt 0.615144 0.371083
vt 0.615144 0.371182
vt 0.596541 0.371182
vt 0.615144 0.371083
vt 0.793218 0.371083
vt 0.793119 0.371183
vt 0.793119 0.371183
vt 0.615144 0.371182
vt 0.615144 0.371083
vt 0.648506 0.432004
vt 0.648444 0.432108
vt 0.639113 0.432573
vt 0.639113 0.432573
vt 0.639112 0.432472
vt 0.648506 0.432004
vt 0.639112 0.432472
vt 0.639113 0.432573
vt 0.626811 0.433108
vt 0.626811 0.433108
vt 0.62681 0.433007
vt 0.639112 0.432472
vt 0.626811 0.433108
vt 0.622401 0.4333
vt 0.6224 0.433199
vt 0.6224 0.433199
vt 0.62681 0.433007
vt 0.626811 0.433108
vt 0.61799 0.433391
vt 0.617991 0.433492
vt 0.596955 0.434212
vt 0.596955 0.434212
vt 0.596954 0.434112
vt 0.61799 0.433391
vt 0.596954 0.434112
vt 0.596955 0.434212
vt 0.583222 0.434318
vt 0.583222 0.434318
vt 0.58322 0.434218
vt 0.596954 0.434112
vt 0.58322 0.434218
vt 0.583222 0.434318
vt 0.562363 0.434532
vt 0.562363 0.434532
vt 0.562361 0.434432
vt 0.58322 0.434218
vt 0.562361 0.434432
vt 0.562363 0.434532
vt 0.549331 0.434031
vt 0.549331 0.434031
vt 0.54933 0.43393
vt 0.562361 0.434432
vt 0.54933 0.43393
vt 0.549331 0.434031
vt 0.535438 0.433235
vt 0.535438 0.433235
vt 0.535437 0.433134
vt 0.54933 0.43393
vt 0.535437 0.433134
vt 0.535438 0.433235
vt 0.523596 0.432763
vt 0.523596 0.432763
vt 0.523595 0.432662
vt 0.535437 0.433134
vt 0.523596 0.432763
vt 0.519224 0.432588
vt 0.519223 0.432488
vt 0.519223 0.432488
vt 0.523595 0.432662
vt 0.523596 0.432763
vt 0.800012 0.169861
vt 0.789151 0.169861
vt 0.789052 0.169768
vt 0.789052 0.169768
vt 0.800083 0.169768
vt 0.800012 0.169861
vt 0.611077 0.169768
vt 0.611077 0.169861
vt 0.592474 0.169861
vt 0.592474 0.169861
vt 0.592474 0.169768
vt 0.611077 0.169768
vt 0.592474 0.169768
vt 0.592474 0.169861
vt 0.436535 0.169861
vt 0.436535 0.169861
vt 0.436535 0.169768
vt 0.592474 0.169768
vt 0.440504 0.370988
vt 0.440504 0.371082
vt 0.413025 0.371082
vt 0.413025 0.371082
vt 0.413124 0.370988
vt 0.440504 0.370988
vt 0.509445 0.431112
vt 0.509195 0.431025
vt 0.514841 0.430714
vt 0.514841 0.430714
vt 0.51484 0.430815
vt 0.509445 0.431112
vt 0.514841 0.430714
vt 0.519213 0.43054
vt 0.519212 0.43064
vt 0.519212 0.43064
vt 0.51484 0.430815
vt 0.514841 0.430714
vt 0.523584 0.430466
vt 0.523585 0.430365
vt 0.535426 0.429893
vt 0.535426 0.429893
vt 0.535425 0.429994
vt 0.523584 0.430466
vt 0.535425 0.429994
vt 0.535426 0.429893
vt 0.54932 0.429097
vt 0.54932 0.429097
vt 0.549318 0.429198
vt 0.535425 0.429994
vt 0.549318 0.429198
vt 0.54932 0.429097
vt 0.562351 0.428596
vt 0.562351 0.428596
vt 0.56235 0.428696
vt 0.549318 0.429198
vt 0.56235 0.428696
vt 0.562351 0.428596
vt 0.58321 0.42881
vt 0.58321 0.42881
vt 0.583209 0.42891
vt 0.56235 0.428696
vt 0.583209 0.42891
vt 0.58321 0.42881
vt 0.596944 0.428916
vt 0.596944 0.428916
vt 0.596943 0.429016
vt 0.583209 0.42891
vt 0.596943 0.429016
vt 0.596944 0.428916
vt 0.61798 0.429637
vt 0.61798 0.429637
vt 0.617978 0.429737
vt 0.596943 0.429016
vt 0.61798 0.429637
vt 0.62239 0.429828
vt 0.622388 0.429929
vt 0.622388 0.429929
vt 0.617978 0.429737
vt 0.61798 0.429637
vt 0.626798 0.430121
vt 0.6268 0.43002
vt 0.639102 0.430556
vt 0.639102 0.430556
vt 0.6391 0.430656
vt 0.626798 0.430121
vt 0.114462 0.372086
vt 0.114194 0.371986
vt 0.413123 0.371986
vt 0.413123 0.371986
vt 0.413222 0.372086
vt 0.114462 0.372086
vt 0.413222 0.372086
vt 0.413123 0.371986
vt 0.440602 0.371986
vt 0.440602 0.371986
vt 0.440602 0.372086
vt 0.413222 0.372086
vt 0.440602 0.372086
vt 0.440602 0.371986
vt 0.596541 0.371986
vt 0.596541 0.371986
vt 0.596541 0.372086
vt 0.440602 0.372086
vt 0.596541 0.372086
vt 0.596541 0.371986
vt 0.615144 0.371986
vt 0.615144 0.371986
vt 0.615144 0.372086
vt 0.596541 0.372086
vt 0.615144 0.371986
vt 0.793119 0.371986
vt 0.79302 0.372086
vt 0.79302 0.372086
vt 0.615144 0.372086
vt 0.615144 0.371986
vt 0.648242 0.431112
vt 0.648496 0.4312
vt 0.639102 0.431668
vt 0.639102 0.431668
vt 0.6391 0.431567
vt 0.648242 0.431112
vt 0.6391 0.431567
vt 0.639102 0.431668
vt 0.6268 0.432203
vt 0.6268 0.432203
vt 0.626798 0.432103
vt 0.6391 0.431567
vt 0.6268 0.432203
vt 0.62239 0.432395
vt 0.622388 0.432295
vt 0.622388 0.432295
vt 0.626798 0.432103
vt 0.6268 0.432203
vt 0.617978 0.432486
vt 0.61798 0.432587
vt 0.596944 0.433308
vt 0.596944 0.433308
vt 0.596943 0.433207
vt 0.617978 0.432486
vt 0.596943 0.433207
vt 0.596944 0.433308
vt 0.58321 0.433414
vt 0.58321 0.433414
vt 0.583209 0.433313
vt 0.596943 0.433207
vt 0.583209 0.433313
vt 0.58321 0.433414
vt 0.562351 0.433628
vt 0.562351 0.433628
vt 0.56235 0.433527
vt 0.583209 0.433313
vt 0.56235 0.433527
vt 0.562351 0.433628
vt 0.54932 0.433126
vt 0.54932 0.433126
vt 0.549318 0.433026
vt 0.56235 0.433527
vt 0.549318 0.433026
vt 0.54932 0.433126
vt 0.535426 0.43233
vt 0.535426 0.43233
vt 0.535425 0.432229
vt 0.549318 0.433026
vt 0.535425 0.432229
vt 0.535426 0.43233
vt 0.523585 0.431858
vt 0.523585 0.431858
vt 0.523584 0.431757
vt 0.535425 0.432229
vt 0.523585 0.431858
vt 0.519213 0.431684
vt 0.519212 0.431583
vt 0.519212 0.431583
vt 0.523584 0.431757
vt 0.523585 0.431858
vt 0.804053 0.371082
vt 0.793022 0.371082
vt 0.792922 0.370988
vt 0.792922 0.370988
vt 0.803784 0.370988
vt 0.804053 0.371082
vt 0.615047 0.370988
vt 0.615047 0.371082
vt 0.596443 0.371082
vt 0.596443 0.371082
vt 0.596444 0.370988
vt 0.615047 0.370988
vt 0.596444 0.370988
vt 0.596443 0.371082
vt 0.440504 0.371082
vt 0.440504 0.371082
vt 0.440504 0.370988
vt 0.596444 0.370988
vt 0.886314 0.5394
vt 0.888241 0.5394
vt 0.888241 0.537633
vt 0.888241 0.537633
vt 0.886314 0.537633
vt 0.886314 0.5394
vt 0.894345 0.53949
vt 0.894575 0.53949
vt 0.894575 0.537633
vt 0.894575 0.537633
vt 0.894345 0.537633
vt 0.894345 0.53949
vt 0.892508 0.539406
vt 0.892953 0.539405
vt 0.892658 0.537633
vt 0.892658 0.537633
vt 0.892213 0.537633
vt 0.892508 0.539406
vt 0.890169 0.5394
vt 0.892508 0.539406
vt 0.892213 0.537633
vt 0.892213 0.537633
vt 0.890169 0.537633
vt 0.890169 0.5394
vt 0.888241 0.5394
vt 0.890169 0.5394
vt 0.890169 0.537633
vt 0.890169 0.537633
vt 0.888241 0.537633
vt 0.888241 0.5394
vt 0.880532 0.539401
vt 0.880936 0.539401
vt 0.880936 0.537633
vt 0.880936 0.537633
vt 0.880532 0.537633
vt 0.880532 0.539401
vt 0.106276 0.218154
vt 0.405182 0.218154
vt 0.405182 0.228926
vt 0.405182 0.228926
vt 0.106304 0.228926
vt 0.106276 0.218154
vt 0.879378 0.534734
vt 0.878459 0.534734
vt 0.879365 0.537087
vt 0.879365 0.537087
vt 0.880533 0.537087
vt 0.879378 0.534734
vt 0.881647 0.534734
vt 0.880329 0.534734
vt 0.88134 0.537087
vt 0.88134 0.537087
vt 0.88246 0.537087
vt 0.881647 0.534734
vt 0.883916 0.534734
vt 0.881647 0.534734
vt 0.88246 0.537087
vt 0.88246 0.537087
vt 0.884387 0.537087
vt 0.883916 0.534734
vt 0.886185 0.534734
vt 0.883916 0.534734
vt 0.884387 0.537087
vt 0.884387 0.537087
vt 0.886314 0.537087
vt 0.886185 0.534734
vt 0.10628 0.189456
vt 0.405183 0.189456
vt 0.405183 0.203752
vt 0.405183 0.203752
vt 0.106255 0.203752
vt 0.10628 0.189456
vt 0.895639 0.534734
vt 0.894177 0.534734
vt 0.893104 0.537087
vt 0.893104 0.537087
vt 0.894346 0.537087
vt 0.895639 0.534734
vt 0.10992 0.170126
vt 0.408678 0.170126
vt 0.405761 0.172908
vt 0.405761 0.172908
vt 0.10699 0.172908
vt 0.10992 0.170126
vt 0.436535 0.025671
vt 0.436535 0.028452
vt 0.408678 0.028452
vt 0.408678 0.028452
vt 0.405761 0.025671
vt 0.436535 0.025671
vt 0.114195 0.37289
vt 0.114195 0.372086
vt 0.413123 0.372086
vt 0.413123 0.372086
vt 0.413123 0.37289
vt 0.114195 0.37289
vt 0.413123 0.371182
vt 0.440602 0.371182
vt 0.440602 0.371986
vt 0.440602 0.371986
vt 0.413123 0.371986
vt 0.413123 0.371182
vt 0.413124 0.370988
vt 0.114367 0.370988
vt 0.114563 0.370809
vt 0.114563 0.370809
vt 0.413313 0.370808
vt 0.413124 0.370988
vt 0.440504 0.230222
vt 0.440504 0.230402
vt 0.413313 0.230402
vt 0.413313 0.230402
vt 0.413124 0.230222
vt 0.440504 0.230222
vt 0.405182 0.206185
vt 0.106245 0.206185
vt 0.106807 0.205745
vt 0.106807 0.205745
vt 0.405579 0.205745
vt 0.405182 0.206185
vt 0.408956 0.169861
vt 0.110199 0.169861
vt 0.110128 0.169768
vt 0.110128 0.169768
vt 0.409056 0.169768
vt 0.408956 0.169861
vt 0.413025 0.371082
vt 0.114098 0.371082
vt 0.114367 0.370988
vt 0.114367 0.370988
vt 0.413124 0.370988
vt 0.413025 0.371082
vt 0.657723 0.420436
vt 0.667717 0.41999
vt 0.668098 0.431267
vt 0.668098 0.431267
vt 0.65767 0.431249
vt 0.657723 0.420436
vt 0.501836 0.41927
vt 0.501784 0.408456
vt 0.511778 0.408903
vt 0.511778 0.408903
vt 0.511396 0.42018
vt 0.501836 0.41927
vt 0.877559 0.560709
vt 0.877559 0.58124
vt 0.879331 0.581424
vt 0.879331 0.581424
vt 0.879331 0.560709
vt 0.877559 0.560709
vt 0.877559 0.541119
vt 0.877559 0.55862
vt 0.879331 0.55862
vt 0.879331 0.55862
vt 0.879331 0.541119
vt 0.877559 0.541119
vt 0.877559 0.537589
vt 0.877559 0.541119
vt 0.879331 0.541119
vt 0.879331 0.541119
vt 0.879331 0.537591
vt 0.877559 0.537589
vt 0.877559 0.55862
vt 0.877559 0.560709
vt 0.879331 0.560709
vt 0.879331 0.560709
vt 0.879331 0.55862
vt 0.877559 0.55862
vt 0.801338 0.169141
vt 0.801338 0.163295
vt 0.804256 0.163295
vt 0.804256 0.163295
vt 0.804256 0.171898
vt 0.801338 0.169141
vt 0.509205 0.432002
vt 0.509195 0.431198
vt 0.514841 0.431509
vt 0.514841 0.431509
vt 0.514851 0.432313
vt 0.509205 0.432002
vt 0.804832 0.364611
vt 0.804832 0.370005
vt 0.804643 0.369816
vt 0.804643 0.369816
vt 0.804643 0.364611
vt 0.804832 0.364611
vt 0.667293 0.40746
vt 0.657781 0.408422
vt 0.658324 0.407964
vt 0.658324 0.407964
vt 0.667159 0.407068
vt 0.667293 0.40746
vt 0.514853 0.432414
vt 0.509268 0.432106
vt 0.509205 0.432002
vt 0.509205 0.432002
vt 0.514851 0.432313
vt 0.514853 0.432414
vt 0.514841 0.431509
vt 0.509195 0.431198
vt 0.509445 0.431112
vt 0.509445 0.431112
vt 0.51484 0.431409
vt 0.514841 0.431509
vt 0.878459 0.534734
vt 0.877687 0.534734
vt 0.877616 0.534748
vt 0.878459 0.534734
vt 0.877616 0.534748
vt 0.877573 0.53479
vt 0.878459 0.534734
vt 0.877573 0.53479
vt 0.877559 0.53486
vt 0.877559 0.537589
vt 0.879331 0.537591
vt 0.879365 0.537087
vt 0.877559 0.53486
vt 0.877559 0.537589
vt 0.879365 0.537087
vt 0.878459 0.534734
vt 0.877559 0.53486
vt 0.879365 0.537087
vt 0.804335 0.417539
vt 0.793832 0.417498
vt 0.793927 0.403202
vt 0.793927 0.403202
vt 0.804454 0.403243
vt 0.804335 0.417539
vt 0.648396 0.411354
vt 0.637893 0.411394
vt 0.637798 0.397098
vt 0.637798 0.397098
vt 0.648278 0.397058
vt 0.648396 0.411354
vt 0.896854 0.537589
vt 0.896854 0.53486
vt 0.89684 0.53479
vt 0.896854 0.537589
vt 0.89684 0.53479
vt 0.896798 0.534748
vt 0.896854 0.537589
vt 0.896798 0.534748
vt 0.896727 0.534734
vt 0.896854 0.537589
vt 0.896727 0.534734
vt 0.895955 0.534734
vt 0.895034 0.537591
vt 0.896854 0.537589
vt 0.895955 0.534734
vt 0.895 0.537087
vt 0.895034 0.537591
vt 0.895955 0.534734
vt 0.896854 0.560709
vt 0.896854 0.55862
vt 0.895034 0.55862
vt 0.895034 0.55862
vt 0.895034 0.560709
vt 0.896854 0.560709
vt 0.896854 0.55862
vt 0.896854 0.541119
vt 0.895034 0.541119
vt 0.895034 0.541119
vt 0.895034 0.55862
vt 0.896854 0.55862
vt 0.895955 0.582131
vt 0.896727 0.582131
vt 0.896798 0.582117
vt 0.895955 0.582131
vt 0.896798 0.582117
vt 0.89684 0.582075
vt 0.895955 0.582131
vt 0.89684 0.582075
vt 0.896854 0.582005
vt 0.896854 0.58124
vt 0.895034 0.581424
vt 0.894772 0.58173
vt 0.896854 0.582005
vt 0.896854 0.58124
vt 0.894772 0.58173
vt 0.895955 0.582131
vt 0.896854 0.582005
vt 0.894772 0.58173
vt 0.108873 0.029439
vt 0.108873 0.038853
vt 0.105955 0.03694
vt 0.105955 0.03694
vt 0.105955 0.026663
vt 0.108873 0.029439
vt 0.804256 0.039035
vt 0.801338 0.039035
vt 0.801338 0.038853
vt 0.801338 0.038853
vt 0.804256 0.03694
vt 0.804256 0.039035
vt 0.648506 0.43022
vt 0.648496 0.431024
vt 0.639102 0.430556
vt 0.639102 0.430556
vt 0.639112 0.429751
vt 0.648506 0.43022
vt 0.113319 0.240351
vt 0.113319 0.231208
vt 0.113508 0.231397
vt 0.113508 0.231397
vt 0.113508 0.240351
vt 0.113319 0.240351
vt 0.791278 0.401604
vt 0.791281 0.401201
vt 0.793561 0.40121
vt 0.793561 0.40121
vt 0.793937 0.401614
vt 0.791278 0.401604
vt 0.637998 0.427279
vt 0.648529 0.427238
vt 0.647992 0.427643
vt 0.647992 0.427643
vt 0.637622 0.427682
vt 0.637998 0.427279
vt 0.639113 0.429651
vt 0.648444 0.430116
vt 0.648506 0.43022
vt 0.648506 0.43022
vt 0.639112 0.429751
vt 0.639113 0.429651
vt 0.639102 0.430556
vt 0.648496 0.431024
vt 0.648242 0.431112
vt 0.648242 0.431112
vt 0.6391 0.430656
vt 0.639102 0.430556
vt 0.895034 0.541119
vt 0.896854 0.541119
vt 0.896854 0.537589
vt 0.896854 0.537589
vt 0.895034 0.537591
vt 0.895034 0.541119
vt 0.611174 0.218154
vt 0.793118 0.218154
vt 0.793118 0.228926
vt 0.793118 0.228926
vt 0.611174 0.228926
vt 0.611174 0.218154
vt 0.880532 0.560931
vt 0.879789 0.560931
vt 0.879789 0.580795
vt 0.879789 0.580795
vt 0.880532 0.580795
vt 0.880532 0.560931
vt 0.88246 0.560931
vt 0.88134 0.560931
vt 0.88134 0.580795
vt 0.88134 0.580795
vt 0.88246 0.580795
vt 0.88246 0.560931
vt 0.884387 0.560931
vt 0.88246 0.560931
vt 0.88246 0.580795
vt 0.88246 0.580795
vt 0.884387 0.580795
vt 0.884387 0.560931
vt 0.886314 0.560931
vt 0.884387 0.560931
vt 0.884387 0.580795
vt 0.884387 0.580795
vt 0.886314 0.580795
vt 0.886314 0.560931
vt 0.611174 0.189456
vt 0.793119 0.189456
vt 0.793119 0.203752
vt 0.793119 0.203752
vt 0.611174 0.203752
vt 0.611174 0.189456
vt 0.894345 0.560931
vt 0.893103 0.560931
vt 0.893103 0.580795
vt 0.893103 0.580795
vt 0.894345 0.580795
vt 0.894345 0.560931
vt 0.886185 0.582131
vt 0.888454 0.582131
vt 0.888242 0.58173
vt 0.888242 0.58173
vt 0.886314 0.58173
vt 0.886185 0.582131
vt 0.895639 0.582131
vt 0.895955 0.582131
vt 0.894772 0.58173
vt 0.894772 0.58173
vt 0.894346 0.58173
vt 0.895639 0.582131
vt 0.893129 0.582131
vt 0.893653 0.582131
vt 0.892658 0.58173
vt 0.892658 0.58173
vt 0.892213 0.58173
vt 0.893129 0.582131
vt 0.890723 0.582131
vt 0.893129 0.582131
vt 0.892213 0.58173
vt 0.892213 0.58173
vt 0.890169 0.58173
vt 0.890723 0.582131
vt 0.888454 0.582131
vt 0.890723 0.582131
vt 0.890169 0.58173
vt 0.890169 0.58173
vt 0.888242 0.58173
vt 0.888454 0.582131
vt 0.879378 0.582131
vt 0.879854 0.582131
vt 0.880937 0.58173
vt 0.880937 0.58173
vt 0.880496 0.58173
vt 0.879378 0.582131
vt 0.800292 0.028452
vt 0.789429 0.028452
vt 0.792347 0.025671
vt 0.792347 0.025671
vt 0.803213 0.025671
vt 0.800292 0.028452
vt 0.611077 0.172908
vt 0.611077 0.170126
vt 0.789429 0.170126
vt 0.789429 0.170126
vt 0.792347 0.172908
vt 0.611077 0.172908
vt 0.804151 0.371183
vt 0.804151 0.371986
vt 0.793119 0.371986
vt 0.793119 0.371986
vt 0.793119 0.371183
vt 0.804151 0.371183
vt 0.615144 0.37289
vt 0.615144 0.372086
vt 0.793119 0.372086
vt 0.793119 0.372086
vt 0.793119 0.37289
vt 0.615144 0.37289
vt 0.792922 0.230222
vt 0.803786 0.230222
vt 0.803589 0.230402
vt 0.803589 0.230402
vt 0.792734 0.230402
vt 0.792922 0.230222
vt 0.615047 0.370988
vt 0.615047 0.370808
vt 0.792734 0.370808
vt 0.792734 0.370808
vt 0.792922 0.370988
vt 0.615047 0.370988
vt 0.611174 0.206184
vt 0.611174 0.205745
vt 0.792721 0.205745
vt 0.792721 0.205745
vt 0.793118 0.206185
vt 0.611174 0.206184
vt 0.793119 0.20534
vt 0.804154 0.20534
vt 0.803588 0.205745
vt 0.803588 0.205745
vt 0.792722 0.205745
vt 0.793119 0.20534
vt 0.804081 0.371083
vt 0.804151 0.371183
vt 0.793119 0.371183
vt 0.793119 0.371183
vt 0.793218 0.371083
vt 0.804081 0.371083
vt 0.611077 0.169861
vt 0.611077 0.169768
vt 0.789052 0.169768
vt 0.789052 0.169768
vt 0.789151 0.169861
vt 0.611077 0.169861
vt 0.804151 0.371986
vt 0.803883 0.372086
vt 0.79302 0.372086
vt 0.79302 0.372086
vt 0.793119 0.371986
vt 0.804151 0.371986
vt 0.615047 0.371082
vt 0.615047 0.370988
vt 0.792922 0.370988
vt 0.792922 0.370988
vt 0.793022 0.371082
vt 0.615047 0.371082
vt 0.877559 0.58124
vt 0.877559 0.582005
vt 0.877573 0.582075
vt 0.877559 0.58124
vt 0.877573 0.582075
vt 0.877616 0.582117
vt 0.877559 0.58124
vt 0.877616 0.582117
vt 0.877687 0.582131
vt 0.878459 0.582131
vt 0.879593 0.58173
vt 0.879331 0.581424
vt 0.877687 0.582131
vt 0.878459 0.582131
vt 0.879331 0.581424
vt 0.877559 0.58124
vt 0.877687 0.582131
vt 0.879331 0.581424
vt 0.896854 0.560709
vt 0.895034 0.560709
vt 0.895034 0.581424
vt 0.895034 0.581424
vt 0.896854 0.58124
vt 0.896854 0.560709
vt 0.615047 0.369191
vt 0.615047 0.364989
vt 0.615444 0.364611
vt 0.615047 0.369191
vt 0.615444 0.364611
vt 0.79103 0.364611
vt 0.791037 0.369191
vt 0.615047 0.369191
vt 0.79103 0.364611
vt 0.615444 0.364611
vt 0.615047 0.364189
vt 0.615047 0.355868
vt 0.615444 0.364611
vt 0.615047 0.355868
vt 0.791021 0.355868
vt 0.615444 0.364611
vt 0.791021 0.355868
vt 0.791026 0.360239
vt 0.79103 0.364611
vt 0.615444 0.364611
vt 0.791026 0.360239
vt 0.615047 0.355868
vt 0.615047 0.344028
vt 0.791008 0.344028
vt 0.791008 0.344028
vt 0.791021 0.355868
vt 0.615047 0.355868
vt 0.615047 0.344028
vt 0.615047 0.330136
vt 0.790994 0.330136
vt 0.790994 0.330136
vt 0.791008 0.344028
vt 0.615047 0.344028
vt 0.615047 0.330136
vt 0.615047 0.317106
vt 0.790988 0.317106
vt 0.790988 0.317106
vt 0.790994 0.330136
vt 0.615047 0.330136
vt 0.615047 0.317106
vt 0.615047 0.296246
vt 0.79099 0.296246
vt 0.79099 0.296246
vt 0.790988 0.317106
vt 0.615047 0.317106
vt 0.615047 0.296246
vt 0.615047 0.282512
vt 0.790998 0.282512
vt 0.790998 0.282512
vt 0.79099 0.296246
vt 0.615047 0.296246
vt 0.615047 0.282512
vt 0.615047 0.261475
vt 0.791011 0.261475
vt 0.791011 0.261475
vt 0.790998 0.282512
vt 0.615047 0.282512
vt 0.615047 0.261475
vt 0.615047 0.257065
vt 0.791014 0.257065
vt 0.791014 0.257065
vt 0.791011 0.261475
vt 0.615047 0.261475
vt 0.615047 0.252654
vt 0.615047 0.240812
vt 0.615444 0.240351
vt 0.615047 0.252654
vt 0.615444 0.240351
vt 0.791028 0.240351
vt 0.791018 0.252654
vt 0.615047 0.252654
vt 0.791028 0.240351
vt 0.615444 0.240351
vt 0.615047 0.239973
vt 0.615047 0.232019
vt 0.615444 0.240351
vt 0.615047 0.232019
vt 0.791037 0.232019
vt 0.791028 0.240351
vt 0.615444 0.240351
vt 0.791037 0.232019
vt 0.421813 0.240466
vt 0.42156 0.252654
vt 0.414906 0.252654
vt 0.414906 0.252654
vt 0.414964 0.240351
vt 0.421813 0.240466
vt 0.42156 0.252654
vt 0.42156 0.257065
vt 0.414886 0.257065
vt 0.414886 0.257065
vt 0.414906 0.252654
vt 0.42156 0.252654
vt 0.42156 0.261475
vt 0.42156 0.282512
vt 0.414791 0.282512
vt 0.414791 0.282512
vt 0.414865 0.261475
vt 0.42156 0.261475
vt 0.42156 0.282512
vt 0.42156 0.296246
vt 0.414748 0.296246
vt 0.414748 0.296246
vt 0.414791 0.282512
vt 0.42156 0.282512
vt 0.42156 0.296246
vt 0.42156 0.317106
vt 0.41474 0.317106
vt 0.41474 0.317106
vt 0.414748 0.296246
vt 0.42156 0.296246
vt 0.42156 0.317106
vt 0.42156 0.330136
vt 0.414771 0.330136
vt 0.414771 0.330136
vt 0.41474 0.317106
vt 0.42156 0.317106
vt 0.42156 0.330136
vt 0.42156 0.344028
vt 0.414848 0.344028
vt 0.414848 0.344028
vt 0.414771 0.330136
vt 0.42156 0.330136
vt 0.42156 0.344028
vt 0.42156 0.355868
vt 0.41492 0.355868
vt 0.41492 0.355868
vt 0.414848 0.344028
vt 0.42156 0.344028
vt 0.42156 0.355868
vt 0.421731 0.364471
vt 0.414973 0.364611
vt 0.42156 0.355868
vt 0.414973 0.364611
vt 0.414947 0.360239
vt 0.41492 0.355868
vt 0.42156 0.355868
vt 0.414947 0.360239
vt 0.440504 0.364611
vt 0.440504 0.369191
vt 0.41501 0.369191
vt 0.421731 0.364471
vt 0.440504 0.364611
vt 0.41501 0.369191
vt 0.414973 0.364611
vt 0.421731 0.364471
vt 0.41501 0.369191
vt 0.888242 0.537589
vt 0.886314 0.537589
vt 0.886314 0.537589
vt 0.886314 0.537589
vt 0.888241 0.537589
vt 0.888242 0.537589
vt 0.886314 0.537589
vt 0.884387 0.537589
vt 0.884387 0.537589
vt 0.884387 0.537589
vt 0.886314 0.537589
vt 0.886314 0.537589
vt 0.884387 0.537589
vt 0.88246 0.537589
vt 0.88246 0.537589
vt 0.88246 0.537589
vt 0.884387 0.537589
vt 0.884387 0.537589
vt 0.88246 0.537589
vt 0.88134 0.537589
vt 0.88134 0.537589
vt 0.88134 0.537589
vt 0.88246 0.537589
vt 0.88246 0.537589
vt 0.880937 0.537589
vt 0.880936 0.537589
vt 0.88134 0.537589
vt 0.88134 0.537589
vt 0.88134 0.537589
vt 0.880937 0.537589
vt 0.880533 0.537589
vt 0.87979 0.537589
vt 0.879789 0.537589
vt 0.879789 0.537589
vt 0.880532 0.537589
vt 0.880533 0.537589
vt 0.87979 0.58124
vt 0.880533 0.58124
vt 0.880532 0.58124
vt 0.880532 0.58124
vt 0.879789 0.58124
vt 0.87979 0.58124
vt 0.880937 0.58124
vt 0.880936 0.58124
vt 0.880532 0.58124
vt 0.880532 0.58124
vt 0.880533 0.58124
vt 0.880937 0.58124
vt 0.88134 0.58124
vt 0.88246 0.58124
vt 0.88246 0.58124
vt 0.88246 0.58124
vt 0.88134 0.58124
vt 0.88134 0.58124
vt 0.88246 0.58124
vt 0.884387 0.58124
vt 0.884387 0.58124
vt 0.884387 0.58124
vt 0.88246 0.58124
vt 0.88246 0.58124
vt 0.884387 0.58124
vt 0.886314 0.58124
vt 0.886314 0.58124
vt 0.886314 0.58124
vt 0.884387 0.58124
vt 0.884387 0.58124
vt 0.886314 0.58124
vt 0.888242 0.58124
vt 0.888242 0.58124
vt 0.888242 0.58124
vt 0.886314 0.58124
vt 0.886314 0.58124
vt 0.888242 0.58124
vt 0.890169 0.58124
vt 0.890169 0.58124
vt 0.890169 0.58124
vt 0.888242 0.58124
vt 0.888242 0.58124
vt 0.890169 0.58124
vt 0.892213 0.58124
vt 0.892213 0.58124
vt 0.892213 0.58124
vt 0.890169 0.58124
vt 0.890169 0.58124
vt 0.892658 0.58124
vt 0.892658 0.58124
vt 0.892213 0.58124
vt 0.892213 0.58124
vt 0.892213 0.58124
vt 0.892658 0.58124
vt 0.893104 0.58124
vt 0.894346 0.58124
vt 0.894345 0.58124
vt 0.894345 0.58124
vt 0.893103 0.58124
vt 0.893104 0.58124
vt 0.894346 0.58124
vt 0.894576 0.58124
vt 0.894575 0.58124
vt 0.894575 0.58124
vt 0.894345 0.58124
vt 0.894346 0.58124
vt 0.894576 0.537589
vt 0.894346 0.537589
vt 0.894345 0.537589
vt 0.894345 0.537589
vt 0.894575 0.537589
vt 0.894576 0.537589
vt 0.894346 0.537589
vt 0.893104 0.537589
vt 0.893103 0.537589
vt 0.893103 0.537589
vt 0.894345 0.537589
vt 0.894346 0.537589
vt 0.892658 0.537589
vt 0.892658 0.537589
vt 0.893103 0.537589
vt 0.893103 0.537589
vt 0.893104 0.537589
vt 0.892658 0.537589
vt 0.892213 0.537589
vt 0.890169 0.537589
vt 0.890169 0.537589
vt 0.890169 0.537589
vt 0.892213 0.537589
vt 0.892213 0.537589
vt 0.890169 0.537589
vt 0.888242 0.537589
vt 0.888241 0.537589
vt 0.888241 0.537589
vt 0.890169 0.537589
vt 0.890169 0.537589
vt 0.880532 0.560541
vt 0.880936 0.560541
vt 0.880936 0.55929
vt 0.880936 0.55929
vt 0.880532 0.55929
vt 0.880532 0.560541
vt 0.88134 0.560541
vt 0.88246 0.560541
vt 0.88246 0.55929
vt 0.88246 0.55929
vt 0.88134 0.55929
vt 0.88134 0.560541
vt 0.88246 0.560541
vt 0.884387 0.560541
vt 0.884387 0.55929
vt 0.884387 0.55929
vt 0.88246 0.55929
vt 0.88246 0.560541
vt 0.884387 0.560541
vt 0.886314 0.560541
vt 0.886314 0.55929
vt 0.886314 0.55929
vt 0.884387 0.55929
vt 0.884387 0.560541
vt 0.886314 0.560541
vt 0.888241 0.560541
vt 0.888241 0.55929
vt 0.888241 0.55929
vt 0.886314 0.55929
vt 0.886314 0.560541
vt 0.888241 0.560541
vt 0.890169 0.560541
vt 0.890169 0.55929
vt 0.890169 0.55929
vt 0.888241 0.55929
vt 0.888241 0.560541
vt 0.890169 0.560541
vt 0.892213 0.560542
vt 0.892213 0.559289
vt 0.892213 0.559289
vt 0.890169 0.55929
vt 0.890169 0.560541
vt 0.892213 0.560542
vt 0.892658 0.560542
vt 0.892658 0.559289
vt 0.892658 0.559289
vt 0.892213 0.559289
vt 0.892213 0.560542
vt 0.893103 0.560542
vt 0.894345 0.560541
vt 0.894345 0.55929
vt 0.894345 0.55929
vt 0.893103 0.559289
vt 0.893103 0.560542
vt 0.894345 0.539882
vt 0.893474 0.539885
vt 0.893474 0.543212
vt 0.893474 0.543212
vt 0.894345 0.543211
vt 0.894345 0.539882
vt 0.893322 0.539885
vt 0.893029 0.539886
vt 0.893029 0.543124
vt 0.893029 0.543124
vt 0.893322 0.543124
vt 0.893322 0.539885
vt 0.892508 0.539976
vt 0.890169 0.53997
vt 0.890169 0.54321
vt 0.890169 0.54321
vt 0.892459 0.543214
vt 0.892508 0.539976
vt 0.890169 0.53997
vt 0.888241 0.53997
vt 0.888241 0.54321
vt 0.888241 0.54321
vt 0.890169 0.54321
vt 0.890169 0.53997
vt 0.888241 0.53997
vt 0.886314 0.539971
vt 0.886314 0.54321
vt 0.886314 0.54321
vt 0.888241 0.54321
vt 0.888241 0.53997
vt 0.886314 0.539971
vt 0.884387 0.539971
vt 0.884387 0.54321
vt 0.884387 0.54321
vt 0.886314 0.54321
vt 0.886314 0.539971
vt 0.884387 0.539971
vt 0.88246 0.539971
vt 0.88246 0.543211
vt 0.88246 0.543211
vt 0.884387 0.54321
vt 0.884387 0.539971
vt 0.88246 0.539971
vt 0.88134 0.539971
vt 0.88134 0.543211
vt 0.88134 0.543211
vt 0.88246 0.543211
vt 0.88246 0.539971
vt 0.88134 0.539971
vt 0.881013 0.539971
vt 0.881013 0.543211
vt 0.881013 0.543211
vt 0.88134 0.543211
vt 0.88134 0.539971
vt 0.879789 0.543211
vt 0.880456 0.543211
vt 0.880456 0.539882
vt 0.880456 0.539882
vt 0.879789 0.539882
vt 0.879789 0.543211
vt 0.894575 0.55802
vt 0.894575 0.55773
vt 0.894345 0.55773
vt 0.894345 0.55773
vt 0.894345 0.55802
vt 0.894575 0.55802
vt 0.879789 0.559061
vt 0.879789 0.55929
vt 0.880532 0.55929
vt 0.880532 0.55929
vt 0.880532 0.559061
vt 0.879789 0.559061
vt 0.893103 0.55906
vt 0.893103 0.559289
vt 0.894345 0.55929
vt 0.894345 0.55929
vt 0.894345 0.55906
vt 0.893103 0.55906
vt 0.893103 0.55906
vt 0.892658 0.559061
vt 0.892658 0.559289
vt 0.892658 0.559289
vt 0.893103 0.559289
vt 0.893103 0.55906
vt 0.890169 0.55906
vt 0.890169 0.55929
vt 0.892213 0.559289
vt 0.892213 0.559289
vt 0.892213 0.559061
vt 0.890169 0.55906
vt 0.888241 0.55906
vt 0.888241 0.55929
vt 0.890169 0.55929
vt 0.890169 0.55929
vt 0.890169 0.55906
vt 0.888241 0.55906
vt 0.886314 0.55906
vt 0.886314 0.55929
vt 0.888241 0.55929
vt 0.888241 0.55929
vt 0.888241 0.55906
vt 0.886314 0.55906
vt 0.884387 0.559061
vt 0.884387 0.55929
vt 0.886314 0.55929
vt 0.886314 0.55929
vt 0.886314 0.55906
vt 0.884387 0.559061
vt 0.88246 0.559061
vt 0.88246 0.55929
vt 0.884387 0.55929
vt 0.884387 0.55929
vt 0.884387 0.559061
vt 0.88246 0.559061
vt 0.88134 0.559061
vt 0.88134 0.55929
vt 0.88246 0.55929
vt 0.88246 0.55929
vt 0.88246 0.559061
vt 0.88134 0.559061
vt 0.88134 0.559061
vt 0.880936 0.559061
vt 0.880936 0.55929
vt 0.880936 0.55929
vt 0.88134 0.55929
vt 0.88134 0.559061
vt 0.894575 0.558299
vt 0.894575 0.55802
vt 0.894345 0.55802
vt 0.894345 0.55802
vt 0.894345 0.558299
vt 0.894575 0.558299
vt 0.894575 0.558565
vt 0.894575 0.558299
vt 0.894345 0.558299
vt 0.894345 0.558299
vt 0.894345 0.558565
vt 0.894575 0.558565
vt 0.894575 0.558819
vt 0.894575 0.558565
vt 0.894345 0.558565
vt 0.894345 0.558565
vt 0.894345 0.558819
vt 0.894575 0.558819
vt 0.894575 0.55906
vt 0.894575 0.558819
vt 0.894345 0.558819
vt 0.894345 0.558819
vt 0.894345 0.55906
vt 0.894575 0.55906
vt 0.894575 0.55929
vt 0.894575 0.55906
vt 0.894345 0.55906
vt 0.894345 0.55906
vt 0.894345 0.55929
vt 0.894575 0.55929
vt 0.879789 0.558819
vt 0.879789 0.559061
vt 0.880532 0.559061
vt 0.880532 0.559061
vt 0.880532 0.558819
vt 0.879789 0.558819
vt 0.879789 0.558565
vt 0.879789 0.558819
vt 0.880532 0.558819
vt 0.880532 0.558819
vt 0.880532 0.558565
vt 0.879789 0.558565
vt 0.879789 0.558299
vt 0.879789 0.558565
vt 0.880532 0.558565
vt 0.880532 0.558565
vt 0.880532 0.558299
vt 0.879789 0.558299
vt 0.879789 0.55802
vt 0.879789 0.558299
vt 0.880532 0.558299
vt 0.880532 0.558299
vt 0.880532 0.55802
vt 0.879789 0.55802
vt 0.879789 0.55773
vt 0.879789 0.55802
vt 0.880532 0.55802
vt 0.880532 0.55802
vt 0.880532 0.55773
vt 0.879789 0.55773
vt 0.893103 0.55882
vt 0.893103 0.55906
vt 0.894345 0.55906
vt 0.894345 0.55906
vt 0.894345 0.558819
vt 0.893103 0.55882
vt 0.893103 0.558566
vt 0.893103 0.55882
vt 0.894345 0.558819
vt 0.894345 0.558819
vt 0.894345 0.558565
vt 0.893103 0.558566
vt 0.893103 0.5583
vt 0.893103 0.558566
vt 0.894345 0.558565
vt 0.894345 0.558565
vt 0.894345 0.558299
vt 0.893103 0.5583
vt 0.893103 0.558022
vt 0.893103 0.5583
vt 0.894345 0.558299
vt 0.894345 0.558299
vt 0.894345 0.55802
vt 0.893103 0.558022
vt 0.893103 0.557731
vt 0.893103 0.558022
vt 0.894345 0.55802
vt 0.894345 0.55802
vt 0.894345 0.55773
vt 0.893103 0.557731
vt 0.893103 0.55882
vt 0.892658 0.55882
vt 0.892658 0.559061
vt 0.892658 0.559061
vt 0.893103 0.55906
vt 0.893103 0.55882
vt 0.893103 0.558566
vt 0.892658 0.558567
vt 0.892658 0.55882
vt 0.892658 0.55882
vt 0.893103 0.55882
vt 0.893103 0.558566
vt 0.893103 0.5583
vt 0.892658 0.558301
vt 0.892658 0.558567
vt 0.892658 0.558567
vt 0.893103 0.558566
vt 0.893103 0.5583
vt 0.893103 0.558022
vt 0.892658 0.558023
vt 0.892658 0.558301
vt 0.892658 0.558301
vt 0.893103 0.5583
vt 0.893103 0.558022
vt 0.893103 0.557731
vt 0.892658 0.557732
vt 0.892658 0.558023
vt 0.892658 0.558023
vt 0.893103 0.558022
vt 0.893103 0.557731
vt 0.890169 0.558819
vt 0.890169 0.55906
vt 0.892213 0.559061
vt 0.892213 0.559061
vt 0.892213 0.55882
vt 0.890169 0.558819
vt 0.890169 0.558565
vt 0.890169 0.558819
vt 0.892213 0.55882
vt 0.892213 0.55882
vt 0.892213 0.558567
vt 0.890169 0.558565
vt 0.890169 0.558299
vt 0.890169 0.558565
vt 0.892213 0.558567
vt 0.892213 0.558567
vt 0.892213 0.558301
vt 0.890169 0.558299
vt 0.890169 0.55802
vt 0.890169 0.558299
vt 0.892213 0.558301
vt 0.892213 0.558301
vt 0.892213 0.558023
vt 0.890169 0.55802
vt 0.890169 0.557729
vt 0.890169 0.55802
vt 0.892213 0.558023
vt 0.892213 0.558023
vt 0.892213 0.557732
vt 0.890169 0.557729
vt 0.888241 0.558819
vt 0.888241 0.55906
vt 0.890169 0.55906
vt 0.890169 0.55906
vt 0.890169 0.558819
vt 0.888241 0.558819
vt 0.888241 0.558565
vt 0.888241 0.558819
vt 0.890169 0.558819
vt 0.890169 0.558819
vt 0.890169 0.558565
vt 0.888241 0.558565
vt 0.888241 0.558299
vt 0.888241 0.558565
vt 0.890169 0.558565
vt 0.890169 0.558565
vt 0.890169 0.558299
vt 0.888241 0.558299
vt 0.888241 0.55802
vt 0.888241 0.558299
vt 0.890169 0.558299
vt 0.890169 0.558299
vt 0.890169 0.55802
vt 0.888241 0.55802
vt 0.888241 0.557729
vt 0.888241 0.55802
vt 0.890169 0.55802
vt 0.890169 0.55802
vt 0.890169 0.557729
vt 0.888241 0.557729
vt 0.886314 0.558819
vt 0.886314 0.55906
vt 0.888241 0.55906
vt 0.888241 0.55906
vt 0.888241 0.558819
vt 0.886314 0.558819
vt 0.886314 0.558565
vt 0.886314 0.558819
vt 0.888241 0.558819
vt 0.888241 0.558819
vt 0.888241 0.558565
vt 0.886314 0.558565
vt 0.886314 0.558299
vt 0.886314 0.558565
vt 0.888241 0.558565
vt 0.888241 0.558565
vt 0.888241 0.558299
vt 0.886314 0.558299
vt 0.886314 0.55802
vt 0.886314 0.558299
vt 0.888241 0.558299
vt 0.888241 0.558299
vt 0.888241 0.55802
vt 0.886314 0.55802
vt 0.886314 0.557729
vt 0.886314 0.55802
vt 0.888241 0.55802
vt 0.888241 0.55802
vt 0.888241 0.557729
vt 0.886314 0.557729
vt 0.884387 0.558819
vt 0.884387 0.559061
vt 0.886314 0.55906
vt 0.886314 0.55906
vt 0.886314 0.558819
vt 0.884387 0.558819
vt 0.884387 0.558565
vt 0.884387 0.558819
vt 0.886314 0.558819
vt 0.886314 0.558819
vt 0.886314 0.558565
vt 0.884387 0.558565
vt 0.884387 0.558299
vt 0.884387 0.558565
vt 0.886314 0.558565
vt 0.886314 0.558565
vt 0.886314 0.558299
vt 0.884387 0.558299
vt 0.884387 0.55802
vt 0.884387 0.558299
vt 0.886314 0.558299
vt 0.886314 0.558299
vt 0.886314 0.55802
vt 0.884387 0.55802
vt 0.884387 0.557729
vt 0.884387 0.55802
vt 0.886314 0.55802
vt 0.886314 0.55802
vt 0.886314 0.557729
vt 0.884387 0.557729
vt 0.88246 0.558819
vt 0.88246 0.559061
vt 0.884387 0.559061
vt 0.884387 0.559061
vt 0.884387 0.558819
vt 0.88246 0.558819
vt 0.88246 0.558565
vt 0.88246 0.558819
vt 0.884387 0.558819
vt 0.884387 0.558819
vt 0.884387 0.558565
vt 0.88246 0.558565
vt 0.88246 0.558299
vt 0.88246 0.558565
vt 0.884387 0.558565
vt 0.884387 0.558565
vt 0.884387 0.558299
vt 0.88246 0.558299
vt 0.88246 0.55802
vt 0.88246 0.558299
vt 0.884387 0.558299
vt 0.884387 0.558299
vt 0.884387 0.55802
vt 0.88246 0.55802
vt 0.88246 0.55773
vt 0.88246 0.55802
vt 0.884387 0.55802
vt 0.884387 0.55802
vt 0.884387 0.557729
vt 0.88246 0.55773
vt 0.88134 0.558819
vt 0.88134 0.559061
vt 0.88246 0.559061
vt 0.88246 0.559061
vt 0.88246 0.558819
vt 0.88134 0.558819
vt 0.88134 0.558565
vt 0.88134 0.558819
vt 0.88246 0.558819
vt 0.88246 0.558819
vt 0.88246 0.558565
vt 0.88134 0.558565
vt 0.88134 0.558299
vt 0.88134 0.558565
vt 0.88246 0.558565
vt 0.88246 0.558565
vt 0.88246 0.558299
vt 0.88134 0.558299
vt 0.88134 0.55802
vt 0.88134 0.558299
vt 0.88246 0.558299
vt 0.88246 0.558299
vt 0.88246 0.55802
vt 0.88134 0.55802
vt 0.88134 0.55773
vt 0.88134 0.55802
vt 0.88246 0.55802
vt 0.88246 0.55802
vt 0.88246 0.55773
vt 0.88134 0.55773
vt 0.88134 0.558819
vt 0.880936 0.558819
vt 0.880936 0.559061
vt 0.880936 0.559061
vt 0.88134 0.559061
vt 0.88134 0.558819
vt 0.88134 0.558565
vt 0.880936 0.558565
vt 0.880936 0.558819
vt 0.880936 0.558819
vt 0.88134 0.558819
vt 0.88134 0.558565
vt 0.88134 0.558299
vt 0.880936 0.558299
vt 0.880936 0.558565
vt 0.880936 0.558565
vt 0.88134 0.558565
vt 0.88134 0.558299
vt 0.88134 0.55802
vt 0.880936 0.55802
vt 0.880936 0.558299
vt 0.880936 0.558299
vt 0.88134 0.558299
vt 0.88134 0.55802
vt 0.88134 0.55773
vt 0.880936 0.55773
vt 0.880936 0.55802
vt 0.880936 0.55802
vt 0.88134 0.55802
vt 0.88134 0.55773
vt 0.879789 0.560722
vt 0.879789 0.560931
vt 0.880532 0.560931
vt 0.880532 0.560931
vt 0.880532 0.560722
vt 0.879789 0.560722
vt 0.894575 0.560722
vt 0.894575 0.560541
vt 0.894345 0.560541
vt 0.894345 0.560541
vt 0.894345 0.560722
vt 0.894575 0.560722
vt 0.893103 0.560723
vt 0.893103 0.560931
vt 0.894345 0.560931
vt 0.894345 0.560931
vt 0.894345 0.560722
vt 0.893103 0.560723
vt 0.893103 0.560723
vt 0.892658 0.560723
vt 0.892658 0.560931
vt 0.892658 0.560931
vt 0.893103 0.560931
vt 0.893103 0.560723
vt 0.890169 0.560722
vt 0.890169 0.560931
vt 0.892213 0.560931
vt 0.892213 0.560931
vt 0.892213 0.560723
vt 0.890169 0.560722
vt 0.888241 0.560722
vt 0.888241 0.560931
vt 0.890169 0.560931
vt 0.890169 0.560931
vt 0.890169 0.560722
vt 0.888241 0.560722
vt 0.886314 0.560722
vt 0.886314 0.560931
vt 0.888241 0.560931
vt 0.888241 0.560931
vt 0.888241 0.560722
vt 0.886314 0.560722
vt 0.884387 0.560722
vt 0.884387 0.560931
vt 0.886314 0.560931
vt 0.886314 0.560931
vt 0.886314 0.560722
vt 0.884387 0.560722
vt 0.88246 0.560722
vt 0.88246 0.560931
vt 0.884387 0.560931
vt 0.884387 0.560931
vt 0.884387 0.560722
vt 0.88246 0.560722
vt 0.88134 0.560722
vt 0.88134 0.560931
vt 0.88246 0.560931
vt 0.88246 0.560931
vt 0.88246 0.560722
vt 0.88134 0.560722
vt 0.88134 0.560722
vt 0.880936 0.560722
vt 0.880936 0.560931
vt 0.880936 0.560931
vt 0.88134 0.560931
vt 0.88134 0.560722
vt 0.879789 0.560541
vt 0.879789 0.560722
vt 0.880532 0.560722
vt 0.880532 0.560722
vt 0.880532 0.560541
vt 0.879789 0.560541
vt 0.894575 0.560931
vt 0.894575 0.560722
vt 0.894345 0.560722
vt 0.894345 0.560722
vt 0.894345 0.560931
vt 0.894575 0.560931
vt 0.893103 0.560542
vt 0.893103 0.560723
vt 0.894345 0.560722
vt 0.894345 0.560722
vt 0.894345 0.560541
vt 0.893103 0.560542
vt 0.893103 0.560542
vt 0.892658 0.560542
vt 0.892658 0.560723
vt 0.892658 0.560723
vt 0.893103 0.560723
vt 0.893103 0.560542
vt 0.890169 0.560541
vt 0.890169 0.560722
vt 0.892213 0.560723
vt 0.892213 0.560723
vt 0.892213 0.560542
vt 0.890169 0.560541
vt 0.888241 0.560541
vt 0.888241 0.560722
vt 0.890169 0.560722
vt 0.890169 0.560722
vt 0.890169 0.560541
vt 0.888241 0.560541
vt 0.886314 0.560541
vt 0.886314 0.560722
vt 0.888241 0.560722
vt 0.888241 0.560722
vt 0.888241 0.560541
vt 0.886314 0.560541
vt 0.884387 0.560541
vt 0.884387 0.560722
vt 0.886314 0.560722
vt 0.886314 0.560722
vt 0.886314 0.560541
vt 0.884387 0.560541
vt 0.88246 0.560541
vt 0.88246 0.560722
vt 0.884387 0.560722
vt 0.884387 0.560722
vt 0.884387 0.560541
vt 0.88246 0.560541
vt 0.88134 0.560541
vt 0.88134 0.560722
vt 0.88246 0.560722
vt 0.88246 0.560722
vt 0.88246 0.560541
vt 0.88134 0.560541
vt 0.88134 0.560541
vt 0.880936 0.560541
vt 0.880936 0.560722
vt 0.880936 0.560722
vt 0.88134 0.560722
vt 0.88134 0.560541
vt 0.879751 0.581017
vt 0.879751 0.581017
vt 0.879751 0.580998
vt 0.879751 0.581017
vt 0.879751 0.580998
vt 0.879751 0.580966
vt 0.879751 0.581017
vt 0.879751 0.580966
vt 0.879751 0.580913
vt 0.879751 0.581017
vt 0.879751 0.580913
vt 0.879751 0.580778
vt 0.879751 0.580778
vt 0.879751 0.560951
vt 0.879751 0.560802
vt 0.879751 0.560802
vt 0.879751 0.560673
vt 0.879751 0.559432
vt 0.879751 0.580778
vt 0.879751 0.560802
vt 0.879751 0.559432
vt 0.879751 0.580778
vt 0.879751 0.559432
vt 0.879751 0.559188
vt 0.879751 0.580778
vt 0.879751 0.559188
vt 0.879751 0.558923
vt 0.879751 0.580778
vt 0.879751 0.558923
vt 0.879751 0.558644
vt 0.879751 0.580778
vt 0.879751 0.558644
vt 0.879751 0.558351
vt 0.879751 0.580778
vt 0.879751 0.558351
vt 0.879751 0.558046
vt 0.879751 0.53949
vt 0.879751 0.537875
vt 0.879751 0.537812
vt 0.879751 0.53949
vt 0.879751 0.537812
vt 0.879751 0.537812
vt 0.879751 0.539883
vt 0.879751 0.53949
vt 0.879751 0.537812
vt 0.879751 0.543216
vt 0.879751 0.539883
vt 0.879751 0.537812
vt 0.879751 0.557736
vt 0.879751 0.543216
vt 0.879751 0.537812
vt 0.879751 0.558046
vt 0.879751 0.557736
vt 0.879751 0.537812
vt 0.879751 0.580778
vt 0.879751 0.558046
vt 0.879751 0.537812
vt 0.879751 0.580778
vt 0.879751 0.537812
vt 0.879751 0.541119
vt 0.879751 0.580778
vt 0.879751 0.541119
vt 0.879751 0.55862
vt 0.879751 0.580778
vt 0.879751 0.55862
vt 0.879751 0.560709
vt 0.879751 0.581017
vt 0.879751 0.580778
vt 0.879751 0.560709
vt 0.894614 0.537812
vt 0.894613 0.537812
vt 0.894613 0.537875
vt 0.894614 0.541119
vt 0.894614 0.537812
vt 0.894613 0.537875
vt 0.894614 0.55862
vt 0.894614 0.541119
vt 0.894613 0.537875
vt 0.894614 0.55862
vt 0.894613 0.537875
vt 0.894613 0.53949
vt 0.894614 0.55862
vt 0.894613 0.53949
vt 0.894613 0.539883
vt 0.894614 0.55862
vt 0.894613 0.539883
vt 0.894613 0.543216
vt 0.894614 0.55862
vt 0.894613 0.543216
vt 0.894613 0.557736
vt 0.894614 0.55862
vt 0.894613 0.557736
vt 0.894613 0.558046
vt 0.894613 0.559432
vt 0.894613 0.560674
vt 0.894613 0.560802
vt 0.894613 0.560951
vt 0.894613 0.580778
vt 0.894613 0.580913
vt 0.894613 0.560951
vt 0.894613 0.580913
vt 0.894613 0.580966
vt 0.894613 0.560951
vt 0.894613 0.580966
vt 0.894613 0.580998
vt 0.894613 0.560951
vt 0.894613 0.580998
vt 0.894613 0.581017
vt 0.894613 0.560802
vt 0.894613 0.560951
vt 0.894613 0.581017
vt 0.894613 0.559432
vt 0.894613 0.560802
vt 0.894613 0.581017
vt 0.894613 0.559188
vt 0.894613 0.559432
vt 0.894613 0.581017
vt 0.894613 0.558923
vt 0.894613 0.559188
vt 0.894613 0.581017
vt 0.894613 0.558644
vt 0.894613 0.558923
vt 0.894613 0.581017
vt 0.894613 0.558351
vt 0.894613 0.558644
vt 0.894613 0.581017
vt 0.894613 0.558046
vt 0.894613 0.558351
vt 0.894613 0.581017
vt 0.894614 0.55862
vt 0.894613 0.558046
vt 0.894613 0.581017
vt 0.894613 0.581017
vt 0.894614 0.581017
vt 0.894614 0.560709
vt 0.894614 0.55862
vt 0.894613 0.581017
vt 0.894614 0.560709
vt 0.880532 0.580989
vt 0.880532 0.580795
vt 0.879789 0.580795
vt 0.879789 0.580795
vt 0.879789 0.580989
vt 0.880532 0.580989
vt 0.880532 0.580989
vt 0.880936 0.580989
vt 0.880936 0.580795
vt 0.880936 0.580795
vt 0.880532 0.580795
vt 0.880532 0.580989
vt 0.88246 0.580989
vt 0.88246 0.580795
vt 0.88134 0.580795
vt 0.88134 0.580795
vt 0.88134 0.580989
vt 0.88246 0.580989
vt 0.884387 0.580989
vt 0.884387 0.580795
vt 0.88246 0.580795
vt 0.88246 0.580795
vt 0.88246 0.580989
vt 0.884387 0.580989
vt 0.886314 0.580989
vt 0.886314 0.580795
vt 0.884387 0.580795
vt 0.884387 0.580795
vt 0.884387 0.580989
vt 0.886314 0.580989
vt 0.888241 0.580989
vt 0.888241 0.580795
vt 0.886314 0.580795
vt 0.886314 0.580795
vt 0.886314 0.580989
vt 0.888241 0.580989
vt 0.890169 0.580989
vt 0.890169 0.580795
vt 0.888241 0.580795
vt 0.888241 0.580795
vt 0.888241 0.580989
vt 0.890169 0.580989
vt 0.892213 0.580989
vt 0.892213 0.580795
vt 0.890169 0.580795
vt 0.890169 0.580795
vt 0.890169 0.580989
vt 0.892213 0.580989
vt 0.892213 0.580989
vt 0.892658 0.580989
vt 0.892658 0.580795
vt 0.892658 0.580795
vt 0.892213 0.580795
vt 0.892213 0.580989
vt 0.894345 0.580989
vt 0.894345 0.580795
vt 0.893103 0.580795
vt 0.893103 0.580795
vt 0.893103 0.580989
vt 0.894345 0.580989
vt 0.894575 0.580989
vt 0.894575 0.580795
vt 0.894345 0.580795
vt 0.894345 0.580795
vt 0.894345 0.580989
vt 0.894575 0.580989
vt 0.880532 0.581129
vt 0.880532 0.580989
vt 0.879789 0.580989
vt 0.879789 0.580989
vt 0.879789 0.581129
vt 0.880532 0.581129
vt 0.880532 0.581212
vt 0.880532 0.581129
vt 0.879789 0.581129
vt 0.879789 0.581129
vt 0.879789 0.581212
vt 0.880532 0.581212
vt 0.880532 0.58124
vt 0.880532 0.581212
vt 0.879789 0.581212
vt 0.879789 0.581212
vt 0.879789 0.58124
vt 0.880532 0.58124
vt 0.880532 0.581129
vt 0.880936 0.581129
vt 0.880936 0.580989
vt 0.880936 0.580989
vt 0.880532 0.580989
vt 0.880532 0.581129
vt 0.880532 0.581212
vt 0.880936 0.581212
vt 0.880936 0.581129
vt 0.880936 0.581129
vt 0.880532 0.581129
vt 0.880532 0.581212
vt 0.880532 0.58124
vt 0.880936 0.58124
vt 0.880936 0.581212
vt 0.880936 0.581212
vt 0.880532 0.581212
vt 0.880532 0.58124
vt 0.88246 0.581129
vt 0.88246 0.580989
vt 0.88134 0.580989
vt 0.88134 0.580989
vt 0.88134 0.581129
vt 0.88246 0.581129
vt 0.88246 0.581212
vt 0.88246 0.581129
vt 0.88134 0.581129
vt 0.88134 0.581129
vt 0.88134 0.581212
vt 0.88246 0.581212
vt 0.88246 0.58124
vt 0.88246 0.581212
vt 0.88134 0.581212
vt 0.88134 0.581212
vt 0.88134 0.58124
vt 0.88246 0.58124
vt 0.884387 0.581129
vt 0.884387 0.580989
vt 0.88246 0.580989
vt 0.88246 0.580989
vt 0.88246 0.581129
vt 0.884387 0.581129
vt 0.884387 0.581212
vt 0.884387 0.581129
vt 0.88246 0.581129
vt 0.88246 0.581129
vt 0.88246 0.581212
vt 0.884387 0.581212
vt 0.884387 0.58124
vt 0.884387 0.581212
vt 0.88246 0.581212
vt 0.88246 0.581212
vt 0.88246 0.58124
vt 0.884387 0.58124
vt 0.886314 0.581129
vt 0.886314 0.580989
vt 0.884387 0.580989
vt 0.884387 0.580989
vt 0.884387 0.581129
vt 0.886314 0.581129
vt 0.886314 0.581212
vt 0.886314 0.581129
vt 0.884387 0.581129
vt 0.884387 0.581129
vt 0.884387 0.581212
vt 0.886314 0.581212
vt 0.886314 0.58124
vt 0.886314 0.581212
vt 0.884387 0.581212
vt 0.884387 0.581212
vt 0.884387 0.58124
vt 0.886314 0.58124
vt 0.888241 0.581129
vt 0.888241 0.580989
vt 0.886314 0.580989
vt 0.886314 0.580989
vt 0.886314 0.581129
vt 0.888241 0.581129
vt 0.888242 0.581212
vt 0.888241 0.581129
vt 0.886314 0.581129
vt 0.886314 0.581129
vt 0.886314 0.581212
vt 0.888242 0.581212
vt 0.888242 0.58124
vt 0.888242 0.581212
vt 0.886314 0.581212
vt 0.886314 0.581212
vt 0.886314 0.58124
vt 0.888242 0.58124
vt 0.890169 0.581129
vt 0.890169 0.580989
vt 0.888241 0.580989
vt 0.888241 0.580989
vt 0.888241 0.581129
vt 0.890169 0.581129
vt 0.890169 0.581212
vt 0.890169 0.581129
vt 0.888241 0.581129
vt 0.888241 0.581129
vt 0.888242 0.581212
vt 0.890169 0.581212
vt 0.890169 0.58124
vt 0.890169 0.581212
vt 0.888242 0.581212
vt 0.888242 0.581212
vt 0.888242 0.58124
vt 0.890169 0.58124
vt 0.892213 0.581129
vt 0.892213 0.580989
vt 0.890169 0.580989
vt 0.890169 0.580989
vt 0.890169 0.581129
vt 0.892213 0.581129
vt 0.892213 0.581212
vt 0.892213 0.581129
vt 0.890169 0.581129
vt 0.890169 0.581129
vt 0.890169 0.581212
vt 0.892213 0.581212
vt 0.892213 0.58124
vt 0.892213 0.581212
vt 0.890169 0.581212
vt 0.890169 0.581212
vt 0.890169 0.58124
vt 0.892213 0.58124
vt 0.892213 0.581129
vt 0.892658 0.581129
vt 0.892658 0.580989
vt 0.892658 0.580989
vt 0.892213 0.580989
vt 0.892213 0.581129
vt 0.892213 0.581212
vt 0.892658 0.581212
vt 0.892658 0.581129
vt 0.892658 0.581129
vt 0.892213 0.581129
vt 0.892213 0.581212
vt 0.892213 0.58124
vt 0.892658 0.58124
vt 0.892658 0.581212
vt 0.892658 0.581212
vt 0.892213 0.581212
vt 0.892213 0.58124
vt 0.894345 0.581129
vt 0.894345 0.580989
vt 0.893103 0.580989
vt 0.893103 0.580989
vt 0.893103 0.581129
vt 0.894345 0.581129
vt 0.894345 0.581212
vt 0.894345 0.581129
vt 0.893103 0.581129
vt 0.893103 0.581129
vt 0.893103 0.581212
vt 0.894345 0.581212
vt 0.894345 0.58124
vt 0.894345 0.581212
vt 0.893103 0.581212
vt 0.893103 0.581212
vt 0.893103 0.58124
vt 0.894345 0.58124
vt 0.894575 0.581129
vt 0.894575 0.580989
vt 0.894345 0.580989
vt 0.894345 0.580989
vt 0.894345 0.581129
vt 0.894575 0.581129
vt 0.894575 0.581212
vt 0.894575 0.581129
vt 0.894345 0.581129
vt 0.894345 0.581129
vt 0.894345 0.581212
vt 0.894575 0.581212
vt 0.894575 0.58124
vt 0.894575 0.581212
vt 0.894345 0.581212
vt 0.894345 0.581212
vt 0.894345 0.58124
vt 0.894575 0.58124
vt 0.879751 0.560709
vt 0.879751 0.581195
vt 0.879751 0.581017
vt 0.879751 0.581017
vt 0.879751 0.560709
vt 0.879751 0.560709
vt 0.879751 0.581195
vt 0.879751 0.581195
vt 0.879751 0.581017
vt 0.879751 0.581017
vt 0.879751 0.581017
vt 0.879751 0.581195
vt 0.879751 0.581195
vt 0.879751 0.581169
vt 0.879751 0.580998
vt 0.879751 0.580998
vt 0.879751 0.581017
vt 0.879751 0.581195
vt 0.879751 0.581169
vt 0.879751 0.581096
vt 0.879751 0.580966
vt 0.879751 0.580966
vt 0.879751 0.580998
vt 0.879751 0.581169
vt 0.879751 0.581096
vt 0.879751 0.580974
vt 0.879751 0.580913
vt 0.879751 0.580913
vt 0.879751 0.580966
vt 0.879751 0.581096
vt 0.879751 0.580974
vt 0.879751 0.580791
vt 0.879751 0.580778
vt 0.879751 0.580778
vt 0.879751 0.580913
vt 0.879751 0.580974
vt 0.879751 0.580791
vt 0.879751 0.560935
vt 0.879751 0.560951
vt 0.879751 0.560951
vt 0.879751 0.580778
vt 0.879751 0.580791
vt 0.879751 0.560935
vt 0.879751 0.560738
vt 0.879751 0.560802
vt 0.879751 0.560802
vt 0.879751 0.560951
vt 0.879751 0.560935
vt 0.879751 0.560738
vt 0.879751 0.560568
vt 0.879751 0.560673
vt 0.879751 0.560673
vt 0.879751 0.560802
vt 0.879751 0.560738
vt 0.879751 0.560568
vt 0.879751 0.559319
vt 0.879751 0.559432
vt 0.879751 0.559432
vt 0.879751 0.560673
vt 0.879751 0.560568
vt 0.879751 0.559319
vt 0.879751 0.559086
vt 0.879751 0.559188
vt 0.879751 0.559188
vt 0.879751 0.559432
vt 0.879751 0.559319
vt 0.879751 0.559086
vt 0.879751 0.55884
vt 0.879751 0.558923
vt 0.879751 0.558923
vt 0.879751 0.559188
vt 0.879751 0.559086
vt 0.879751 0.55884
vt 0.879751 0.558581
vt 0.879751 0.558644
vt 0.879751 0.558644
vt 0.879751 0.558923
vt 0.879751 0.55884
vt 0.879751 0.558581
vt 0.879751 0.558309
vt 0.879751 0.558351
vt 0.879751 0.558351
vt 0.879751 0.558644
vt 0.879751 0.558581
vt 0.879751 0.558309
vt 0.879751 0.558025
vt 0.879751 0.558046
vt 0.879751 0.558046
vt 0.879751 0.558351
vt 0.879751 0.558309
vt 0.879751 0.558025
vt 0.879751 0.557731
vt 0.879751 0.557736
vt 0.879751 0.557736
vt 0.879751 0.558046
vt 0.879751 0.558025
vt 0.879751 0.539882
vt 0.879751 0.539883
vt 0.879751 0.543216
vt 0.879751 0.543216
vt 0.879751 0.543212
vt 0.879751 0.539882
vt 0.879751 0.53949
vt 0.879751 0.537696
vt 0.879751 0.537875
vt 0.879751 0.537875
vt 0.879751 0.53949
vt 0.879751 0.53949
vt 0.879751 0.537633
vt 0.879751 0.537633
vt 0.879751 0.537812
vt 0.879751 0.537812
vt 0.879751 0.537812
vt 0.879751 0.537633
vt 0.879751 0.537633
vt 0.879751 0.541119
vt 0.879751 0.541119
vt 0.879751 0.541119
vt 0.879751 0.537812
vt 0.879751 0.537633
vt 0.879751 0.541119
vt 0.879751 0.55862
vt 0.879751 0.55862
vt 0.879751 0.55862
vt 0.879751 0.541119
vt 0.879751 0.541119
vt 0.879751 0.55862
vt 0.879751 0.560709
vt 0.879751 0.560709
vt 0.879751 0.560709
vt 0.879751 0.55862
vt 0.879751 0.55862
vt 0.894614 0.560709
vt 0.894614 0.55862
vt 0.894614 0.55862
vt 0.894614 0.55862
vt 0.894614 0.560709
vt 0.894614 0.560709
vt 0.894614 0.55862
vt 0.894614 0.541119
vt 0.894614 0.541119
vt 0.894614 0.541119
vt 0.894614 0.55862
vt 0.894614 0.55862
vt 0.894614 0.541119
vt 0.894614 0.537633
vt 0.894614 0.537812
vt 0.894614 0.537812
vt 0.894614 0.541119
vt 0.894614 0.541119
vt 0.894614 0.537633
vt 0.894613 0.537633
vt 0.894613 0.537812
vt 0.894613 0.537812
vt 0.894614 0.537812
vt 0.894614 0.537633
vt 0.894613 0.537696
vt 0.894613 0.53949
vt 0.894613 0.53949
vt 0.894613 0.53949
vt 0.894613 0.537875
vt 0.894613 0.537696
vt 0.894613 0.543212
vt 0.894613 0.543216
vt 0.894613 0.539883
vt 0.894613 0.539883
vt 0.894613 0.539882
vt 0.894613 0.543212
vt 0.894613 0.557731
vt 0.894613 0.558025
vt 0.894613 0.558046
vt 0.894613 0.558046
vt 0.894613 0.557736
vt 0.894613 0.557731
vt 0.894613 0.558025
vt 0.894613 0.558309
vt 0.894613 0.558351
vt 0.894613 0.558351
vt 0.894613 0.558046
vt 0.894613 0.558025
vt 0.894613 0.558309
vt 0.894613 0.558581
vt 0.894613 0.558644
vt 0.894613 0.558644
vt 0.894613 0.558351
vt 0.894613 0.558309
vt 0.894613 0.558581
vt 0.894613 0.55884
vt 0.894613 0.558923
vt 0.894613 0.558923
vt 0.894613 0.558644
vt 0.894613 0.558581
vt 0.894613 0.55884
vt 0.894613 0.559086
vt 0.894613 0.559188
vt 0.894613 0.559188
vt 0.894613 0.558923
vt 0.894613 0.55884
vt 0.894613 0.559086
vt 0.894613 0.559319
vt 0.894613 0.559432
vt 0.894613 0.559432
vt 0.894613 0.559188
vt 0.894613 0.559086
vt 0.894613 0.559319
vt 0.894613 0.560568
vt 0.894613 0.560674
vt 0.894613 0.560674
vt 0.894613 0.559432
vt 0.894613 0.559319
vt 0.894613 0.560568
vt 0.894613 0.560738
vt 0.894613 0.560802
vt 0.894613 0.560802
vt 0.894613 0.560674
vt 0.894613 0.560568
vt 0.894613 0.560738
vt 0.894613 0.560935
vt 0.894613 0.560951
vt 0.894613 0.560951
vt 0.894613 0.560802
vt 0.894613 0.560738
vt 0.894613 0.560935
vt 0.894613 0.580791
vt 0.894613 0.580778
vt 0.894613 0.580778
vt 0.894613 0.560951
vt 0.894613 0.560935
vt 0.894613 0.580791
vt 0.894613 0.580974
vt 0.894613 0.580913
vt 0.894613 0.580913
vt 0.894613 0.580778
vt 0.894613 0.580791
vt 0.894613 0.580974
vt 0.894613 0.581096
vt 0.894613 0.580966
vt 0.894613 0.580966
vt 0.894613 0.580913
vt 0.894613 0.580974
vt 0.894613 0.581096
vt 0.894613 0.581169
vt 0.894613 0.580998
vt 0.894613 0.580998
vt 0.894613 0.580966
vt 0.894613 0.581096
vt 0.894613 0.581169
vt 0.894613 0.581195
vt 0.894613 0.581017
vt 0.894613 0.581017
vt 0.894613 0.580998
vt 0.894613 0.581169
vt 0.894613 0.581195
vt 0.894614 0.581195
vt 0.894614 0.581017
vt 0.894614 0.581017
vt 0.894613 0.581017
vt 0.894613 0.581195
vt 0.894614 0.581195
vt 0.894614 0.560709
vt 0.894614 0.560709
vt 0.894614 0.560709
vt 0.894614 0.581017
vt 0.894614 0.581195
vt 0.879751 0.537532
vt 0.879713 0.537589
vt 0.879751 0.537633
vt 0.879751 0.537633
vt 0.87979 0.537589
vt 0.879751 0.537532
vt 0.894652 0.537589
vt 0.894614 0.537532
vt 0.894576 0.537589
vt 0.894576 0.537589
vt 0.894614 0.537633
vt 0.894652 0.537589
vt 0.879751 0.581284
vt 0.87979 0.58124
vt 0.879751 0.581195
vt 0.879751 0.581195
vt 0.879713 0.58124
vt 0.879751 0.581284
vt 0.894614 0.581284
vt 0.894652 0.58124
vt 0.894614 0.581195
vt 0.894614 0.581195
vt 0.894576 0.58124
vt 0.894614 0.581284
vt 0.879751 0.537633
vt 0.879751 0.537696
vt 0.879789 0.537633
vt 0.879789 0.537633
vt 0.879789 0.537589
vt 0.879751 0.537633
vt 0.894575 0.537589
vt 0.894575 0.537633
vt 0.894613 0.537696
vt 0.894613 0.537696
vt 0.894613 0.537633
vt 0.894575 0.537589
vt 0.888242 0.537589
vt 0.888242 0.537532
vt 0.886314 0.537532
vt 0.886314 0.537532
vt 0.886314 0.537589
vt 0.888242 0.537589
vt 0.894576 0.537589
vt 0.894614 0.537532
vt 0.894346 0.537532
vt 0.894346 0.537532
vt 0.894346 0.537589
vt 0.894576 0.537589
vt 0.893104 0.537532
vt 0.892658 0.537532
vt 0.892658 0.537589
vt 0.892658 0.537589
vt 0.893104 0.537589
vt 0.893104 0.537532
vt 0.892213 0.537589
vt 0.892213 0.537532
vt 0.890169 0.537532
vt 0.890169 0.537532
vt 0.890169 0.537589
vt 0.892213 0.537589
vt 0.890169 0.537589
vt 0.890169 0.537532
vt 0.888242 0.537532
vt 0.888242 0.537532
vt 0.888242 0.537589
vt 0.890169 0.537589
vt 0.88134 0.537532
vt 0.880937 0.537532
vt 0.880937 0.537589
vt 0.880937 0.537589
vt 0.88134 0.537589
vt 0.88134 0.537532
vt 0.880533 0.537589
vt 0.880533 0.537532
vt 0.879751 0.537532
vt 0.879751 0.537532
vt 0.87979 0.537589
vt 0.880533 0.537589
vt 0.88246 0.537589
vt 0.88246 0.537532
vt 0.88134 0.537532
vt 0.88134 0.537532
vt 0.88134 0.537589
vt 0.88246 0.537589
vt 0.884387 0.537589
vt 0.884387 0.537532
vt 0.88246 0.537532
vt 0.88246 0.537532
vt 0.88246 0.537589
vt 0.884387 0.537589
vt 0.886314 0.537589
vt 0.886314 0.537532
vt 0.884387 0.537532
vt 0.884387 0.537532
vt 0.884387 0.537589
vt 0.886314 0.537589
vt 0.894346 0.537589
vt 0.894346 0.537532
vt 0.893104 0.537532
vt 0.893104 0.537532
vt 0.893104 0.537589
vt 0.894346 0.537589
vt 0.879751 0.560709
vt 0.879713 0.560709
vt 0.879713 0.58124
vt 0.879713 0.58124
vt 0.879751 0.581195
vt 0.879751 0.560709
vt 0.879751 0.541119
vt 0.879713 0.541119
vt 0.879713 0.55862
vt 0.879713 0.55862
vt 0.879751 0.55862
vt 0.879751 0.541119
vt 0.879751 0.537633
vt 0.879713 0.537589
vt 0.879713 0.541119
vt 0.879713 0.541119
vt 0.879751 0.541119
vt 0.879751 0.537633
vt 0.879751 0.55862
vt 0.879713 0.55862
vt 0.879713 0.560709
vt 0.879713 0.560709
vt 0.879751 0.560709
vt 0.879751 0.55862
vt 0.894614 0.560709
vt 0.894652 0.560709
vt 0.894652 0.55862
vt 0.894652 0.55862
vt 0.894614 0.55862
vt 0.894614 0.560709
vt 0.894614 0.55862
vt 0.894652 0.55862
vt 0.894652 0.541119
vt 0.894652 0.541119
vt 0.894614 0.541119
vt 0.894614 0.55862
vt 0.894614 0.541119
vt 0.894652 0.541119
vt 0.894652 0.537589
vt 0.894652 0.537589
vt 0.894614 0.537633
vt 0.894614 0.541119
vt 0.894614 0.581195
vt 0.894652 0.58124
vt 0.894652 0.560709
vt 0.894652 0.560709
vt 0.894614 0.560709
vt 0.894614 0.581195
vt 0.87979 0.58124
vt 0.879751 0.581284
vt 0.880533 0.581284
vt 0.880533 0.581284
vt 0.880533 0.58124
vt 0.87979 0.58124
vt 0.88134 0.58124
vt 0.88134 0.581284
vt 0.88246 0.581284
vt 0.88246 0.581284
vt 0.88246 0.58124
vt 0.88134 0.58124
vt 0.88246 0.58124
vt 0.88246 0.581284
vt 0.884387 0.581284
vt 0.884387 0.581284
vt 0.884387 0.58124
vt 0.88246 0.58124
vt 0.884387 0.58124
vt 0.884387 0.581284
vt 0.886314 0.581284
vt 0.886314 0.581284
vt 0.886314 0.58124
vt 0.884387 0.58124
vt 0.893104 0.58124
vt 0.893104 0.581284
vt 0.894346 0.581284
vt 0.894346 0.581284
vt 0.894346 0.58124
vt 0.893104 0.58124
vt 0.886314 0.58124
vt 0.886314 0.581284
vt 0.888242 0.581284
vt 0.888242 0.581284
vt 0.888242 0.58124
vt 0.886314 0.58124
vt 0.894346 0.58124
vt 0.894346 0.581284
vt 0.894614 0.581284
vt 0.894614 0.581284
vt 0.894576 0.58124
vt 0.894346 0.58124
vt 0.892213 0.581284
vt 0.892658 0.581284
vt 0.892658 0.58124
vt 0.892658 0.58124
vt 0.892213 0.58124
vt 0.892213 0.581284
vt 0.890169 0.58124
vt 0.890169 0.581284
vt 0.892213 0.581284
vt 0.892213 0.581284
vt 0.892213 0.58124
vt 0.890169 0.58124
vt 0.888242 0.58124
vt 0.888242 0.581284
vt 0.890169 0.581284
vt 0.890169 0.581284
vt 0.890169 0.58124
vt 0.888242 0.58124
vt 0.880533 0.581284
vt 0.880937 0.581284
vt 0.880937 0.58124
vt 0.880937 0.58124
vt 0.880533 0.58124
vt 0.880533 0.581284
vt 0.888241 0.537633
vt 0.888241 0.537589
vt 0.886314 0.537589
vt 0.886314 0.537589
vt 0.886314 0.537633
vt 0.888241 0.537633
vt 0.886314 0.537633
vt 0.886314 0.537589
vt 0.884387 0.537589
vt 0.884387 0.537589
vt 0.884387 0.537633
vt 0.886314 0.537633
vt 0.884387 0.537633
vt 0.884387 0.537589
vt 0.88246 0.537589
vt 0.88246 0.537589
vt 0.88246 0.537633
vt 0.884387 0.537633
vt 0.88246 0.537633
vt 0.88246 0.537589
vt 0.88134 0.537589
vt 0.88134 0.537589
vt 0.88134 0.537633
vt 0.88246 0.537633
vt 0.88134 0.537589
vt 0.880936 0.537589
vt 0.880936 0.537633
vt 0.880936 0.537633
vt 0.88134 0.537633
vt 0.88134 0.537589
vt 0.880532 0.537633
vt 0.880532 0.537589
vt 0.879789 0.537589
vt 0.879789 0.537589
vt 0.879789 0.537633
vt 0.880532 0.537633
vt 0.879751 0.53949
vt 0.879789 0.53949
vt 0.879789 0.537633
vt 0.879789 0.537633
vt 0.879751 0.537696
vt 0.879751 0.53949
vt 0.879751 0.560568
vt 0.879789 0.560541
vt 0.879789 0.55929
vt 0.879789 0.55929
vt 0.879751 0.559319
vt 0.879751 0.560568
vt 0.879751 0.580791
vt 0.879789 0.580795
vt 0.879789 0.560931
vt 0.879789 0.560931
vt 0.879751 0.560935
vt 0.879751 0.580791
vt 0.894613 0.560935
vt 0.894575 0.560931
vt 0.894575 0.580795
vt 0.894575 0.580795
vt 0.894613 0.580791
vt 0.894613 0.560935
vt 0.894613 0.559319
vt 0.894575 0.55929
vt 0.894575 0.560541
vt 0.894575 0.560541
vt 0.894613 0.560568
vt 0.894613 0.559319
vt 0.894575 0.543211
vt 0.894613 0.543212
vt 0.894613 0.539882
vt 0.894613 0.539882
vt 0.894575 0.539882
vt 0.894575 0.543211
vt 0.894613 0.537696
vt 0.894575 0.537633
vt 0.894575 0.53949
vt 0.894575 0.53949
vt 0.894613 0.53949
vt 0.894613 0.537696
vt 0.894575 0.537633
vt 0.894575 0.537589
vt 0.894345 0.537589
vt 0.894345 0.537589
vt 0.894345 0.537633
vt 0.894575 0.537633
vt 0.894345 0.537633
vt 0.894345 0.537589
vt 0.893103 0.537589
vt 0.893103 0.537589
vt 0.893103 0.537633
vt 0.894345 0.537633
vt 0.893103 0.537589
vt 0.892658 0.537589
vt 0.892658 0.537633
vt 0.892658 0.537633
vt 0.893103 0.537633
vt 0.893103 0.537589
vt 0.892213 0.537633
vt 0.892213 0.537589
vt 0.890169 0.537589
vt 0.890169 0.537589
vt 0.890169 0.537633
vt 0.892213 0.537633
vt 0.890169 0.537633
vt 0.890169 0.537589
vt 0.888241 0.537589
vt 0.888241 0.537589
vt 0.888241 0.537633
vt 0.890169 0.537633
vt 0.879751 0.537633
vt 0.879789 0.537589
vt 0.87979 0.537589
vt 0.87979 0.537589
vt 0.879751 0.537633
vt 0.879751 0.537633
vt 0.879751 0.581195
vt 0.87979 0.58124
vt 0.879789 0.58124
vt 0.879789 0.58124
vt 0.879751 0.581195
vt 0.879751 0.581195
vt 0.894613 0.581195
vt 0.894575 0.58124
vt 0.894576 0.58124
vt 0.894576 0.58124
vt 0.894614 0.581195
vt 0.894613 0.581195
vt 0.894614 0.537633
vt 0.894576 0.537589
vt 0.894575 0.537589
vt 0.894575 0.537589
vt 0.894613 0.537633
vt 0.894614 0.537633
vt 0.879789 0.539882
vt 0.879751 0.539882
vt 0.879751 0.543212
vt 0.879751 0.543212
vt 0.879789 0.543211
vt 0.879789 0.539882
vt 0.879751 0.558025
vt 0.879789 0.55802
vt 0.879789 0.55773
vt 0.879789 0.55773
vt 0.879751 0.557731
vt 0.879751 0.558025
vt 0.894613 0.559086
vt 0.894575 0.55906
vt 0.894575 0.55929
vt 0.894575 0.55929
vt 0.894613 0.559319
vt 0.894613 0.559086
vt 0.879751 0.559319
vt 0.879789 0.55929
vt 0.879789 0.559061
vt 0.879789 0.559061
vt 0.879751 0.559086
vt 0.879751 0.559319
vt 0.879751 0.559086
vt 0.879789 0.559061
vt 0.879789 0.558819
vt 0.879789 0.558819
vt 0.879751 0.55884
vt 0.879751 0.559086
vt 0.879751 0.55884
vt 0.879789 0.558819
vt 0.879789 0.558565
vt 0.879789 0.558565
vt 0.879751 0.558581
vt 0.879751 0.55884
vt 0.879751 0.558581
vt 0.879789 0.558565
vt 0.879789 0.558299
vt 0.879789 0.558299
vt 0.879751 0.558309
vt 0.879751 0.558581
vt 0.879751 0.558309
vt 0.879789 0.558299
vt 0.879789 0.55802
vt 0.879789 0.55802
vt 0.879751 0.558025
vt 0.879751 0.558309
vt 0.894613 0.557731
vt 0.894575 0.55773
vt 0.894575 0.55802
vt 0.894575 0.55802
vt 0.894613 0.558025
vt 0.894613 0.557731
vt 0.894613 0.558025
vt 0.894575 0.55802
vt 0.894575 0.558299
vt 0.894575 0.558299
vt 0.894613 0.558309
vt 0.894613 0.558025
vt 0.894613 0.558309
vt 0.894575 0.558299
vt 0.894575 0.558565
vt 0.894575 0.558565
vt 0.894613 0.558581
vt 0.894613 0.558309
vt 0.894613 0.558581
vt 0.894575 0.558565
vt 0.894575 0.558819
vt 0.894575 0.558819
vt 0.894613 0.55884
vt 0.894613 0.558581
vt 0.894613 0.55884
vt 0.894575 0.558819
vt 0.894575 0.55906
vt 0.894575 0.55906
vt 0.894613 0.559086
vt 0.894613 0.55884
vt 0.879751 0.560738
vt 0.879789 0.560722
vt 0.879789 0.560541
vt 0.879789 0.560541
vt 0.879751 0.560568
vt 0.879751 0.560738
vt 0.894613 0.560738
vt 0.894575 0.560722
vt 0.894575 0.560931
vt 0.894575 0.560931
vt 0.894613 0.560935
vt 0.894613 0.560738
vt 0.879751 0.560935
vt 0.879789 0.560931
vt 0.879789 0.560722
vt 0.879789 0.560722
vt 0.879751 0.560738
vt 0.879751 0.560935
vt 0.894613 0.560568
vt 0.894575 0.560541
vt 0.894575 0.560722
vt 0.894575 0.560722
vt 0.894613 0.560738
vt 0.894613 0.560568
vt 0.879751 0.580974
vt 0.879789 0.580989
vt 0.879789 0.580795
vt 0.879789 0.580795
vt 0.879751 0.580791
vt 0.879751 0.580974
vt 0.894613 0.581169
vt 0.894575 0.581212
vt 0.894575 0.58124
vt 0.894575 0.58124
vt 0.894613 0.581195
vt 0.894613 0.581169
vt 0.879751 0.581195
vt 0.879789 0.58124
vt 0.879789 0.581212
vt 0.879789 0.581212
vt 0.879751 0.581169
vt 0.879751 0.581195
vt 0.879751 0.581169
vt 0.879789 0.581212
vt 0.879789 0.581129
vt 0.879789 0.581129
vt 0.879751 0.581096
vt 0.879751 0.581169
vt 0.879751 0.581096
vt 0.879789 0.581129
vt 0.879789 0.580989
vt 0.879789 0.580989
vt 0.879751 0.580974
vt 0.879751 0.581096
vt 0.894613 0.580791
vt 0.894575 0.580795
vt 0.894575 0.580989
vt 0.894575 0.580989
vt 0.894613 0.580974
vt 0.894613 0.580791
vt 0.894613 0.580974
vt 0.894575 0.580989
vt 0.894575 0.581129
vt 0.894575 0.581129
vt 0.894613 0.581096
vt 0.894613 0.580974
vt 0.894613 0.581096
vt 0.894575 0.581129
vt 0.894575 0.581212
vt 0.894575 0.581212
vt 0.894613 0.581169
vt 0.894613 0.581096
vt 0.879751 0.537696
vt 0.879751 0.537633
vt 0.879751 0.537812
vt 0.879751 0.537812
vt 0.879751 0.537875
vt 0.879751 0.537696
vt 0.894613 0.537633
vt 0.894613 0.537696
vt 0.894613 0.537875
vt 0.894613 0.537875
vt 0.894613 0.537812
vt 0.894613 0.537633
vt 0.878459 0.582576
vt 0.879378 0.582576
vt 0.879378 0.582131
vt 0.879378 0.582131
vt 0.878459 0.582131
vt 0.878459 0.582576
vt 0.879854 0.582576
vt 0.879854 0.582131
vt 0.879378 0.582131
vt 0.879378 0.582131
vt 0.879378 0.582576
vt 0.879854 0.582576
vt 0.880329 0.582576
vt 0.881647 0.582576
vt 0.881647 0.582131
vt 0.881647 0.582131
vt 0.880329 0.582131
vt 0.880329 0.582576
vt 0.881647 0.582576
vt 0.883916 0.582576
vt 0.883916 0.582131
vt 0.883916 0.582131
vt 0.881647 0.582131
vt 0.881647 0.582576
vt 0.883916 0.582576
vt 0.886185 0.582576
vt 0.886185 0.582131
vt 0.886185 0.582131
vt 0.883916 0.582131
vt 0.883916 0.582576
vt 0.886185 0.582576
vt 0.888454 0.582576
vt 0.888454 0.582131
vt 0.888454 0.582131
vt 0.886185 0.582131
vt 0.886185 0.582576
vt 0.888454 0.582576
vt 0.890723 0.582576
vt 0.890723 0.582131
vt 0.890723 0.582131
vt 0.888454 0.582131
vt 0.888454 0.582576
vt 0.890723 0.582576
vt 0.893129 0.582576
vt 0.893129 0.582131
vt 0.893129 0.582131
vt 0.890723 0.582131
vt 0.890723 0.582576
vt 0.893653 0.582576
vt 0.893653 0.582131
vt 0.893129 0.582131
vt 0.893129 0.582131
vt 0.893129 0.582576
vt 0.893653 0.582576
vt 0.894177 0.582576
vt 0.895639 0.582576
vt 0.895639 0.582131
vt 0.895639 0.582131
vt 0.894177 0.582131
vt 0.894177 0.582576
vt 0.895639 0.582576
vt 0.895955 0.582576
vt 0.895955 0.582131
vt 0.895955 0.582131
vt 0.895639 0.582131
vt 0.895639 0.582576
vt 0.895955 0.582576
vt 0.897199 0.582576
vt 0.896727 0.582131
vt 0.896727 0.582131
vt 0.895955 0.582131
vt 0.895955 0.582576
vt 0.897304 0.582472
vt 0.897304 0.58124
vt 0.896854 0.58124
vt 0.896854 0.58124
vt 0.896854 0.582005
vt 0.897304 0.582472
vt 0.897304 0.58124
vt 0.897304 0.560709
vt 0.896854 0.560709
vt 0.896854 0.560709
vt 0.896854 0.58124
vt 0.897304 0.58124
vt 0.897304 0.560709
vt 0.897304 0.55862
vt 0.896854 0.55862
vt 0.896854 0.55862
vt 0.896854 0.560709
vt 0.897304 0.560709
vt 0.897304 0.55862
vt 0.897304 0.541119
vt 0.896854 0.541119
vt 0.896854 0.541119
vt 0.896854 0.55862
vt 0.897304 0.55862
vt 0.897304 0.541119
vt 0.897304 0.537589
vt 0.896854 0.537589
vt 0.896854 0.537589
vt 0.896854 0.541119
vt 0.897304 0.541119
vt 0.897304 0.537589
vt 0.897304 0.534393
vt 0.896854 0.53486
vt 0.896854 0.53486
vt 0.896854 0.537589
vt 0.897304 0.537589
vt 0.897199 0.534289
vt 0.895955 0.534289
vt 0.895955 0.534734
vt 0.895955 0.534734
vt 0.896727 0.534734
vt 0.897199 0.534289
vt 0.895955 0.534289
vt 0.895639 0.534289
vt 0.895639 0.534734
vt 0.895639 0.534734
vt 0.895955 0.534734
vt 0.895955 0.534289
vt 0.895639 0.534289
vt 0.894177 0.534289
vt 0.894177 0.534734
vt 0.894177 0.534734
vt 0.895639 0.534734
vt 0.895639 0.534289
vt 0.893653 0.534289
vt 0.893653 0.534734
vt 0.894177 0.534734
vt 0.894177 0.534734
vt 0.894177 0.534289
vt 0.893653 0.534289
vt 0.893129 0.534289
vt 0.890723 0.534289
vt 0.890723 0.534734
vt 0.890723 0.534734
vt 0.893129 0.534734
vt 0.893129 0.534289
vt 0.890723 0.534289
vt 0.888454 0.534289
vt 0.888454 0.534734
vt 0.888454 0.534734
vt 0.890723 0.534734
vt 0.890723 0.534289
vt 0.888454 0.534289
vt 0.886185 0.534289
vt 0.886185 0.534734
vt 0.886185 0.534734
vt 0.888454 0.534734
vt 0.888454 0.534289
vt 0.886185 0.534289
vt 0.883916 0.534289
vt 0.883916 0.534734
vt 0.883916 0.534734
vt 0.886185 0.534734
vt 0.886185 0.534289
vt 0.883916 0.534289
vt 0.881647 0.534289
vt 0.881647 0.534734
vt 0.881647 0.534734
vt 0.883916 0.534734
vt 0.883916 0.534289
vt 0.881647 0.534289
vt 0.880329 0.534289
vt 0.880329 0.534734
vt 0.880329 0.534734
vt 0.881647 0.534734
vt 0.881647 0.534289
vt 0.879854 0.534289
vt 0.879854 0.534734
vt 0.880329 0.534734
vt 0.880329 0.534734
vt 0.880329 0.534289
vt 0.879854 0.534289
vt 0.879378 0.534289
vt 0.878459 0.534289
vt 0.878459 0.534734
vt 0.878459 0.534734
vt 0.879378 0.534734
vt 0.879378 0.534289
vt 0.878459 0.534289
vt 0.877215 0.534289
vt 0.877687 0.534734
vt 0.877687 0.534734
vt 0.878459 0.534734
vt 0.878459 0.534289
vt 0.877109 0.534393
vt 0.877109 0.537589
vt 0.877559 0.537589
vt 0.877559 0.537589
vt 0.877559 0.53486
vt 0.877109 0.534393
vt 0.877109 0.537589
vt 0.877109 0.541119
vt 0.877559 0.541119
vt 0.877559 0.541119
vt 0.877559 0.537589
vt 0.877109 0.537589
vt 0.877109 0.541119
vt 0.877109 0.55862
vt 0.877559 0.55862
vt 0.877559 0.55862
vt 0.877559 0.541119
vt 0.877109 0.541119
vt 0.877109 0.55862
vt 0.877109 0.560709
vt 0.877559 0.560709
vt 0.877559 0.560709
vt 0.877559 0.55862
vt 0.877109 0.55862
vt 0.877109 0.560709
vt 0.877109 0.58124
vt 0.877559 0.58124
vt 0.877559 0.58124
vt 0.877559 0.560709
vt 0.877109 0.560709
vt 0.877109 0.58124
vt 0.877109 0.582472
vt 0.877559 0.582005
vt 0.877559 0.582005
vt 0.877559 0.58124
vt 0.877109 0.58124
vt 0.877215 0.582576
vt 0.878459 0.582576
vt 0.878459 0.582131
vt 0.878459 0.582131
vt 0.877687 0.582131
vt 0.877215 0.582576
vt 0.879713 0.537589
vt 0.879751 0.537532
vt 0.879365 0.537087
vt 0.879365 0.537087
vt 0.879331 0.537591
vt 0.879713 0.537589
vt 0.879751 0.537532
vt 0.880533 0.537532
vt 0.880533 0.537087
vt 0.880533 0.537087
vt 0.879365 0.537087
vt 0.879751 0.537532
vt 0.880937 0.537532
vt 0.880937 0.537087
vt 0.880533 0.537087
vt 0.880533 0.537087
vt 0.880533 0.537532
vt 0.880937 0.537532
vt 0.88134 0.537532
vt 0.88246 0.537532
vt 0.88246 0.537087
vt 0.88246 0.537087
vt 0.88134 0.537087
vt 0.88134 0.537532
vt 0.88246 0.537532
vt 0.884387 0.537532
vt 0.884387 0.537087
vt 0.884387 0.537087
vt 0.88246 0.537087
vt 0.88246 0.537532
vt 0.884387 0.537532
vt 0.886314 0.537532
vt 0.886314 0.537087
vt 0.886314 0.537087
vt 0.884387 0.537087
vt 0.884387 0.537532
vt 0.886314 0.537532
vt 0.888242 0.537532
vt 0.888242 0.537087
vt 0.888242 0.537087
vt 0.886314 0.537087
vt 0.886314 0.537532
vt 0.888242 0.537532
vt 0.890169 0.537532
vt 0.890169 0.537087
vt 0.890169 0.537087
vt 0.888242 0.537087
vt 0.888242 0.537532
vt 0.890169 0.537532
vt 0.892213 0.537532
vt 0.892213 0.537087
vt 0.892213 0.537087
vt 0.890169 0.537087
vt 0.890169 0.537532
vt 0.892658 0.537532
vt 0.892658 0.537087
vt 0.892213 0.537087
vt 0.892213 0.537087
vt 0.892213 0.537532
vt 0.892658 0.537532
vt 0.893104 0.537532
vt 0.894346 0.537532
vt 0.894346 0.537087
vt 0.894346 0.537087
vt 0.893104 0.537087
vt 0.893104 0.537532
vt 0.894346 0.537532
vt 0.894614 0.537532
vt 0.895 0.537087
vt 0.895 0.537087
vt 0.894346 0.537087
vt 0.894346 0.537532
vt 0.894614 0.537532
vt 0.894652 0.537589
vt 0.895034 0.537591
vt 0.895034 0.537591
vt 0.895 0.537087
vt 0.894614 0.537532
vt 0.894652 0.537589
vt 0.894652 0.541119
vt 0.895034 0.541119
vt 0.895034 0.541119
vt 0.895034 0.537591
vt 0.894652 0.537589
vt 0.894652 0.541119
vt 0.894652 0.55862
vt 0.895034 0.55862
vt 0.895034 0.55862
vt 0.895034 0.541119
vt 0.894652 0.541119
vt 0.894652 0.55862
vt 0.894652 0.560709
vt 0.895034 0.560709
vt 0.895034 0.560709
vt 0.895034 0.55862
vt 0.894652 0.55862
vt 0.894652 0.560709
vt 0.894652 0.58124
vt 0.895034 0.581424
vt 0.895034 0.581424
vt 0.895034 0.560709
vt 0.894652 0.560709
vt 0.894652 0.58124
vt 0.894614 0.581284
vt 0.894772 0.58173
vt 0.894772 0.58173
vt 0.895034 0.581424
vt 0.894652 0.58124
vt 0.894614 0.581284
vt 0.894346 0.581284
vt 0.894346 0.58173
vt 0.894346 0.58173
vt 0.894772 0.58173
vt 0.894614 0.581284
vt 0.894346 0.581284
vt 0.893104 0.581284
vt 0.893104 0.58173
vt 0.893104 0.58173
vt 0.894346 0.58173
vt 0.894346 0.581284
vt 0.892658 0.581284
vt 0.892658 0.58173
vt 0.893104 0.58173
vt 0.893104 0.58173
vt 0.893104 0.581284
vt 0.892658 0.581284
vt 0.892213 0.581284
vt 0.890169 0.581284
vt 0.890169 0.58173
vt 0.890169 0.58173
vt 0.892213 0.58173
vt 0.892213 0.581284
vt 0.890169 0.581284
vt 0.888242 0.581284
vt 0.888242 0.58173
vt 0.888242 0.58173
vt 0.890169 0.58173
vt 0.890169 0.581284
vt 0.888242 0.581284
vt 0.886314 0.581284
vt 0.886314 0.58173
vt 0.886314 0.58173
vt 0.888242 0.58173
vt 0.888242 0.581284
vt 0.886314 0.581284
vt 0.884387 0.581284
vt 0.884387 0.58173
vt 0.884387 0.58173
vt 0.886314 0.58173
vt 0.886314 0.581284
vt 0.884387 0.581284
vt 0.88246 0.581284
vt 0.88246 0.58173
vt 0.88246 0.58173
vt 0.884387 0.58173
vt 0.884387 0.581284
vt 0.88246 0.581284
vt 0.88134 0.581284
vt 0.88134 0.58173
vt 0.88134 0.58173
vt 0.88246 0.58173
vt 0.88246 0.581284
vt 0.880937 0.581284
vt 0.880937 0.58173
vt 0.88134 0.58173
vt 0.88134 0.58173
vt 0.88134 0.581284
vt 0.880937 0.581284
vt 0.880533 0.581284
vt 0.879751 0.581284
vt 0.879593 0.58173
vt 0.879593 0.58173
vt 0.880496 0.58173
vt 0.880533 0.581284
vt 0.879751 0.581284
vt 0.879713 0.58124
vt 0.879331 0.581424
vt 0.879331 0.581424
vt 0.879593 0.58173
vt 0.879751 0.581284
vt 0.879713 0.58124
vt 0.879713 0.560709
vt 0.879331 0.560709
vt 0.879331 0.560709
vt 0.879331 0.581424
vt 0.879713 0.58124
vt 0.879713 0.560709
vt 0.879713 0.55862
vt 0.879331 0.55862
vt 0.879331 0.55862
vt 0.879331 0.560709
vt 0.879713 0.560709
vt 0.879713 0.55862
vt 0.879713 0.541119
vt 0.879331 0.541119
vt 0.879331 0.541119
vt 0.879331 0.55862
vt 0.879713 0.55862
vt 0.879713 0.541119
vt 0.879713 0.537589
vt 0.879331 0.537591
vt 0.879331 0.537591
vt 0.879331 0.541119
vt 0.879713 0.541119
vt 0.657241 0.420458
vt 0.657723 0.420436
vt 0.65767 0.431249
vt 0.65767 0.431249
vt 0.657178 0.431249
vt 0.657241 0.420458
vt 0.105777 0.21815
vt 0.106276 0.218154
vt 0.106304 0.228926
vt 0.106304 0.228926
vt 0.105789 0.228926
vt 0.105777 0.21815
vt 0.804814 0.41754
vt 0.804335 0.417539
vt 0.804454 0.403243
vt 0.804454 0.403243
vt 0.804919 0.403244
vt 0.804814 0.41754
vt 0.648875 0.411352
vt 0.648396 0.411354
vt 0.648278 0.397058
vt 0.648278 0.397058
vt 0.648769 0.397056
vt 0.648875 0.411352
vt 0.109338 0.170017
vt 0.10992 0.170126
vt 0.10699 0.172908
vt 0.10699 0.172908
vt 0.106415 0.172796
vt 0.109338 0.170017
vt 0.108989 0.028891
vt 0.108873 0.029439
vt 0.105955 0.026663
vt 0.105955 0.026663
vt 0.106071 0.026112
vt 0.108989 0.028891
vt 0.800873 0.028561
vt 0.800292 0.028452
vt 0.803213 0.025671
vt 0.803213 0.025671
vt 0.803792 0.025781
vt 0.800873 0.028561
vt 0.801222 0.169688
vt 0.801338 0.169141
vt 0.804256 0.171898
vt 0.804256 0.171898
vt 0.804141 0.172459
vt 0.801222 0.169688
vt 0.113707 0.372095
vt 0.114195 0.372086
vt 0.114195 0.37289
vt 0.114195 0.37289
vt 0.113707 0.372899
vt 0.113707 0.372095
vt 0.648956 0.431047
vt 0.648496 0.431024
vt 0.648506 0.43022
vt 0.648506 0.43022
vt 0.648966 0.430243
vt 0.648956 0.431047
vt 0.804639 0.371986
vt 0.804151 0.371986
vt 0.804151 0.371183
vt 0.804151 0.371183
vt 0.804638 0.371182
vt 0.804639 0.371986
vt 0.508736 0.431173
vt 0.509195 0.431198
vt 0.509205 0.432002
vt 0.509205 0.432002
vt 0.508746 0.431977
vt 0.508736 0.431173
vt 0.114367 0.370988
vt 0.113785 0.370879
vt 0.113977 0.370698
vt 0.113977 0.370698
vt 0.114563 0.370809
vt 0.114367 0.370988
vt 0.113319 0.231208
vt 0.113435 0.23066
vt 0.113625 0.230844
vt 0.113625 0.230844
vt 0.113508 0.231397
vt 0.113319 0.231208
vt 0.803786 0.230222
vt 0.804367 0.230332
vt 0.804175 0.230512
vt 0.804175 0.230512
vt 0.803589 0.230402
vt 0.803786 0.230222
vt 0.804832 0.370005
vt 0.804715 0.370551
vt 0.804526 0.370368
vt 0.804526 0.370368
vt 0.804643 0.369816
vt 0.804832 0.370005
vt 0.804545 0.173477
vt 0.804063 0.173571
vt 0.803501 0.173173
vt 0.803501 0.173173
vt 0.804075 0.17306
vt 0.804545 0.173477
vt 0.105377 0.173194
vt 0.10528 0.172723
vt 0.105677 0.172161
vt 0.105677 0.172161
vt 0.105792 0.172723
vt 0.105377 0.173194
vt 0.804834 0.025418
vt 0.804931 0.025881
vt 0.804534 0.026399
vt 0.804534 0.026399
vt 0.804418 0.025847
vt 0.804834 0.025418
vt 0.105669 0.02514
vt 0.106155 0.025048
vt 0.10672 0.025406
vt 0.10672 0.025406
vt 0.106141 0.025516
vt 0.105669 0.02514
vt 0.508722 0.430147
vt 0.509268 0.430117
vt 0.509205 0.430221
vt 0.509205 0.430221
vt 0.508746 0.430246
vt 0.508722 0.430147
vt 0.113683 0.371082
vt 0.114264 0.371083
vt 0.114194 0.371183
vt 0.114194 0.371183
vt 0.113707 0.371182
vt 0.113683 0.371082
vt 0.648992 0.43208
vt 0.648444 0.432108
vt 0.648506 0.432004
vt 0.648506 0.432004
vt 0.648966 0.431981
vt 0.648992 0.43208
vt 0.804662 0.372992
vt 0.80408 0.372981
vt 0.80415 0.37289
vt 0.80415 0.37289
vt 0.804638 0.372899
vt 0.804662 0.372992
vt 0.113317 0.370714
vt 0.11322 0.370255
vt 0.113319 0.370005
vt 0.113319 0.370005
vt 0.113436 0.370551
vt 0.113317 0.370714
vt 0.11361 0.230218
vt 0.114097 0.230126
vt 0.114365 0.230222
vt 0.114365 0.230222
vt 0.113784 0.230332
vt 0.11361 0.230218
vt 0.804833 0.230495
vt 0.804931 0.230955
vt 0.804832 0.231208
vt 0.804832 0.231208
vt 0.804715 0.23066
vt 0.804833 0.230495
vt 0.804541 0.37099
vt 0.804053 0.371082
vt 0.803784 0.370988
vt 0.803784 0.370988
vt 0.804366 0.370879
vt 0.804541 0.37099
vt 0.896798 0.582117
vt 0.896727 0.582131
vt 0.897199 0.582576
vt 0.897199 0.582576
vt 0.897257 0.582565
vt 0.896798 0.582117
vt 0.89684 0.53479
vt 0.896854 0.53486
vt 0.897304 0.534393
vt 0.897304 0.534393
vt 0.897292 0.534335
vt 0.89684 0.53479
vt 0.877616 0.534748
vt 0.877687 0.534734
vt 0.877215 0.534289
vt 0.877215 0.534289
vt 0.877156 0.5343
vt 0.877616 0.534748
vt 0.877573 0.582075
vt 0.877559 0.582005
vt 0.877109 0.582472
vt 0.877109 0.582472
vt 0.877121 0.58253
vt 0.877573 0.582075
vt 0.804628 0.21815
vt 0.804927 0.218137
vt 0.804924 0.228927
vt 0.804924 0.228927
vt 0.804615 0.228926
vt 0.804628 0.21815
vt 0.804128 0.218154
vt 0.804628 0.21815
vt 0.804615 0.228926
vt 0.804615 0.228926
vt 0.8041 0.228926
vt 0.804128 0.218154
vt 0.105477 0.218137
vt 0.105777 0.21815
vt 0.105789 0.228926
vt 0.105789 0.228926
vt 0.10548 0.228927
vt 0.105477 0.218137
vt 0.501784 0.408456
vt 0.501302 0.408434
vt 0.501239 0.397644
vt 0.501239 0.397644
vt 0.501731 0.397643
vt 0.501784 0.408456
vt 0.804627 0.189456
vt 0.804928 0.189458
vt 0.80493 0.203754
vt 0.80493 0.203754
vt 0.804638 0.203752
vt 0.804627 0.189456
vt 0.804126 0.189456
vt 0.804627 0.189456
vt 0.804638 0.203752
vt 0.804638 0.203752
vt 0.804151 0.203752
vt 0.804126 0.189456
vt 0.105778 0.189456
vt 0.105478 0.189458
vt 0.10548 0.175162
vt 0.10548 0.175162
vt 0.10579 0.175161
vt 0.105778 0.189456
vt 0.10628 0.189456
vt 0.105778 0.189456
vt 0.10579 0.175161
vt 0.10579 0.175161
vt 0.106305 0.17516
vt 0.10628 0.189456
vt 0.108989 0.169688
vt 0.109338 0.170017
vt 0.106415 0.172796
vt 0.106415 0.172796
vt 0.10607 0.172459
vt 0.108989 0.169688
vt 0.105955 0.171898
vt 0.108873 0.169141
vt 0.108989 0.169688
vt 0.108989 0.169688
vt 0.10607 0.172459
vt 0.105955 0.171898
vt 0.109338 0.028562
vt 0.108989 0.028891
vt 0.106071 0.026112
vt 0.106071 0.026112
vt 0.106419 0.025781
vt 0.109338 0.028562
vt 0.106998 0.025671
vt 0.109919 0.028452
vt 0.109338 0.028562
vt 0.109338 0.028562
vt 0.106419 0.025781
vt 0.106998 0.025671
vt 0.801222 0.028891
vt 0.800873 0.028561
vt 0.803792 0.025781
vt 0.803792 0.025781
vt 0.80414 0.026112
vt 0.801222 0.028891
vt 0.804256 0.026663
vt 0.801338 0.029439
vt 0.801222 0.028891
vt 0.801222 0.028891
vt 0.80414 0.026112
vt 0.804256 0.026663
vt 0.800873 0.170017
vt 0.801222 0.169688
vt 0.804141 0.172459
vt 0.804141 0.172459
vt 0.803796 0.172796
vt 0.800873 0.170017
vt 0.803221 0.172908
vt 0.800292 0.170126
vt 0.800873 0.170017
vt 0.800873 0.170017
vt 0.803796 0.172796
vt 0.803221 0.172908
vt 0.113415 0.372123
vt 0.113707 0.372095
vt 0.113707 0.372899
vt 0.113707 0.372899
vt 0.113415 0.372926
vt 0.113415 0.372123
vt 0.509195 0.431025
vt 0.508736 0.43105
vt 0.508746 0.430246
vt 0.508746 0.430246
vt 0.509205 0.430221
vt 0.509195 0.431025
vt 0.113707 0.371986
vt 0.113415 0.371984
vt 0.113415 0.37118
vt 0.113415 0.37118
vt 0.113707 0.371182
vt 0.113707 0.371986
vt 0.114194 0.371986
vt 0.113707 0.371986
vt 0.113707 0.371182
vt 0.113707 0.371182
vt 0.114194 0.371183
vt 0.114194 0.371986
vt 0.804931 0.371984
vt 0.804639 0.371986
vt 0.804638 0.371182
vt 0.804638 0.371182
vt 0.804931 0.37118
vt 0.804931 0.371984
vt 0.648496 0.4312
vt 0.648956 0.431177
vt 0.648966 0.431981
vt 0.648966 0.431981
vt 0.648506 0.432004
vt 0.648496 0.4312
vt 0.804638 0.372095
vt 0.804931 0.372122
vt 0.804931 0.372926
vt 0.804931 0.372926
vt 0.804638 0.372899
vt 0.804638 0.372095
vt 0.80415 0.372086
vt 0.804638 0.372095
vt 0.804638 0.372899
vt 0.804638 0.372899
vt 0.80415 0.37289
vt 0.80415 0.372086
vt 0.113785 0.370879
vt 0.113436 0.370551
vt 0.113625 0.370368
vt 0.113625 0.370368
vt 0.113977 0.370698
vt 0.113785 0.370879
vt 0.113319 0.370005
vt 0.113508 0.369817
vt 0.113625 0.370368
vt 0.113625 0.370368
vt 0.113436 0.370551
vt 0.113319 0.370005
vt 0.113784 0.230332
vt 0.113976 0.230512
vt 0.113625 0.230844
vt 0.113625 0.230844
vt 0.113435 0.23066
vt 0.113784 0.230332
vt 0.114365 0.230222
vt 0.114561 0.230402
vt 0.113976 0.230512
vt 0.113976 0.230512
vt 0.113784 0.230332
vt 0.114365 0.230222
vt 0.804715 0.23066
vt 0.804526 0.230844
vt 0.804175 0.230512
vt 0.804175 0.230512
vt 0.804367 0.230332
vt 0.804715 0.23066
vt 0.804832 0.231208
vt 0.804643 0.231396
vt 0.804526 0.230844
vt 0.804526 0.230844
vt 0.804715 0.23066
vt 0.804832 0.231208
vt 0.804366 0.370879
vt 0.804174 0.370698
vt 0.804526 0.370368
vt 0.804526 0.370368
vt 0.804715 0.370551
vt 0.804366 0.370879
vt 0.803784 0.370988
vt 0.803588 0.370808
vt 0.804174 0.370698
vt 0.804174 0.370698
vt 0.804366 0.370879
vt 0.803784 0.370988
vt 0.804834 0.173194
vt 0.804545 0.173477
vt 0.804075 0.17306
vt 0.804075 0.17306
vt 0.804419 0.172723
vt 0.804834 0.173194
vt 0.804931 0.172723
vt 0.804834 0.173194
vt 0.804419 0.172723
vt 0.804419 0.172723
vt 0.804534 0.172161
vt 0.804931 0.172723
vt 0.105666 0.173477
vt 0.105377 0.173194
vt 0.105792 0.172723
vt 0.105792 0.172723
vt 0.106137 0.17306
vt 0.105666 0.173477
vt 0.106148 0.173571
vt 0.105666 0.173477
vt 0.106137 0.17306
vt 0.106137 0.17306
vt 0.106711 0.173173
vt 0.106148 0.173571
vt 0.804542 0.02514
vt 0.804834 0.025418
vt 0.804418 0.025847
vt 0.804418 0.025847
vt 0.80407 0.025516
vt 0.804542 0.02514
vt 0.804056 0.025048
vt 0.804542 0.02514
vt 0.80407 0.025516
vt 0.80407 0.025516
vt 0.803491 0.025406
vt 0.804056 0.025048
vt 0.105378 0.025418
vt 0.105669 0.02514
vt 0.106141 0.025516
vt 0.106141 0.025516
vt 0.105793 0.025847
vt 0.105378 0.025418
vt 0.10528 0.025881
vt 0.105378 0.025418
vt 0.105793 0.025847
vt 0.105793 0.025847
vt 0.105677 0.026399
vt 0.10528 0.025881
vt 0.109617 0.169752
vt 0.109267 0.169424
vt 0.109348 0.1694
vt 0.109348 0.1694
vt 0.10964 0.169676
vt 0.109617 0.169752
vt 0.114266 0.372981
vt 0.113684 0.372992
vt 0.113707 0.372899
vt 0.113707 0.372899
vt 0.114195 0.37289
vt 0.114266 0.372981
vt 0.109267 0.029155
vt 0.109616 0.028826
vt 0.10964 0.028904
vt 0.10964 0.028904
vt 0.109347 0.029181
vt 0.109267 0.029155
vt 0.648444 0.430116
vt 0.648992 0.430143
vt 0.648966 0.430243
vt 0.648966 0.430243
vt 0.648506 0.43022
vt 0.648444 0.430116
vt 0.800595 0.028826
vt 0.800944 0.029155
vt 0.800864 0.029181
vt 0.800864 0.029181
vt 0.800571 0.028904
vt 0.800595 0.028826
vt 0.804081 0.371083
vt 0.804662 0.371082
vt 0.804638 0.371182
vt 0.804638 0.371182
vt 0.804151 0.371183
vt 0.804081 0.371083
vt 0.800944 0.169424
vt 0.800595 0.169752
vt 0.800571 0.169676
vt 0.800571 0.169676
vt 0.800864 0.1694
vt 0.800944 0.169424
vt 0.509268 0.432106
vt 0.508722 0.432076
vt 0.508746 0.431977
vt 0.508746 0.431977
vt 0.509205 0.432002
vt 0.509268 0.432106
vt 0.11361 0.37099
vt 0.113317 0.370714
vt 0.113436 0.370551
vt 0.113436 0.370551
vt 0.113785 0.370879
vt 0.11361 0.37099
vt 0.114098 0.371082
vt 0.11361 0.37099
vt 0.113785 0.370879
vt 0.113785 0.370879
vt 0.114367 0.370988
vt 0.114098 0.371082
vt 0.113317 0.230495
vt 0.11361 0.230218
vt 0.113784 0.230332
vt 0.113784 0.230332
vt 0.113435 0.23066
vt 0.113317 0.230495
vt 0.11322 0.230955
vt 0.113317 0.230495
vt 0.113435 0.23066
vt 0.113435 0.23066
vt 0.113319 0.231208
vt 0.11322 0.230955
vt 0.804541 0.230218
vt 0.804833 0.230495
vt 0.804715 0.23066
vt 0.804715 0.23066
vt 0.804367 0.230332
vt 0.804541 0.230218
vt 0.804054 0.230126
vt 0.804541 0.230218
vt 0.804367 0.230332
vt 0.804367 0.230332
vt 0.803786 0.230222
vt 0.804054 0.230126
vt 0.804833 0.370714
vt 0.804541 0.37099
vt 0.804366 0.370879
vt 0.804366 0.370879
vt 0.804715 0.370551
vt 0.804833 0.370714
vt 0.804931 0.370255
vt 0.804833 0.370714
vt 0.804715 0.370551
vt 0.804715 0.370551
vt 0.804832 0.370005
vt 0.804931 0.370255
vt 0.89684 0.582075
vt 0.896798 0.582117
vt 0.897257 0.582565
vt 0.897257 0.582565
vt 0.897292 0.58253
vt 0.89684 0.582075
vt 0.896854 0.582005
vt 0.89684 0.582075
vt 0.897292 0.58253
vt 0.897292 0.58253
vt 0.897304 0.582472
vt 0.896854 0.582005
vt 0.896798 0.534748
vt 0.89684 0.53479
vt 0.897292 0.534335
vt 0.897292 0.534335
vt 0.897257 0.5343
vt 0.896798 0.534748
vt 0.896727 0.534734
vt 0.896798 0.534748
vt 0.897257 0.5343
vt 0.897257 0.5343
vt 0.897199 0.534289
vt 0.896727 0.534734
vt 0.877573 0.53479
vt 0.877616 0.534748
vt 0.877156 0.5343
vt 0.877156 0.5343
vt 0.877121 0.534335
vt 0.877573 0.53479
vt 0.877559 0.53486
vt 0.877573 0.53479
vt 0.877121 0.534335
vt 0.877121 0.534335
vt 0.877109 0.534393
vt 0.877559 0.53486
vt 0.877616 0.582117
vt 0.877573 0.582075
vt 0.877121 0.58253
vt 0.877121 0.58253
vt 0.877156 0.582565
vt 0.877616 0.582117
vt 0.877687 0.582131
vt 0.877616 0.582117
vt 0.877156 0.582565
vt 0.877156 0.582565
vt 0.877215 0.582576
vt 0.877687 0.582131
vt 0.894345 0.55773
vt 0.894575 0.55773
vt 0.894575 0.543211
vt 0.894575 0.543211
vt 0.894345 0.543211
vt 0.894345 0.55773
vt 0.894575 0.53949
vt 0.894345 0.53949
vt 0.894345 0.539882
vt 0.894345 0.539882
vt 0.894575 0.539882
vt 0.894575 0.53949
vt 0.894345 0.53949
vt 0.893474 0.539493
vt 0.893474 0.539885
vt 0.893474 0.539885
vt 0.894345 0.539882
vt 0.894345 0.53949
vt 0.893103 0.557731
vt 0.894345 0.55773
vt 0.894345 0.543211
vt 0.893398 0.543302
vt 0.893103 0.557731
vt 0.894345 0.543211
vt 0.893406 0.543252
vt 0.893398 0.543302
vt 0.894345 0.543211
vt 0.893432 0.543222
vt 0.893406 0.543252
vt 0.894345 0.543211
vt 0.893474 0.543212
vt 0.893432 0.543222
vt 0.894345 0.543211
vt 0.892953 0.539583
vt 0.892953 0.539797
vt 0.892961 0.539846
vt 0.892953 0.539583
vt 0.892961 0.539846
vt 0.892987 0.539876
vt 0.892953 0.539583
vt 0.892987 0.539876
vt 0.893029 0.539886
vt 0.893322 0.539582
vt 0.892953 0.539583
vt 0.893029 0.539886
vt 0.893322 0.539885
vt 0.893322 0.539582
vt 0.893029 0.539886
vt 0.892658 0.557732
vt 0.892953 0.543302
vt 0.892944 0.543253
vt 0.892658 0.557732
vt 0.892944 0.543253
vt 0.892919 0.543223
vt 0.892658 0.557732
vt 0.892919 0.543223
vt 0.892876 0.543213
vt 0.892213 0.557732
vt 0.892658 0.557732
vt 0.892876 0.543213
vt 0.892459 0.543214
vt 0.892213 0.557732
vt 0.892876 0.543213
vt 0.892508 0.539585
vt 0.890169 0.539578
vt 0.890169 0.539792
vt 0.890169 0.539792
vt 0.892508 0.539798
vt 0.892508 0.539585
vt 0.890169 0.557729
vt 0.892213 0.557732
vt 0.892459 0.543214
vt 0.892459 0.543214
vt 0.890169 0.54321
vt 0.890169 0.557729
vt 0.890169 0.539578
vt 0.888241 0.539578
vt 0.888241 0.539792
vt 0.888241 0.539792
vt 0.890169 0.539792
vt 0.890169 0.539578
vt 0.888241 0.557729
vt 0.890169 0.557729
vt 0.890169 0.54321
vt 0.890169 0.54321
vt 0.888241 0.54321
vt 0.888241 0.557729
vt 0.888241 0.539578
vt 0.886314 0.539579
vt 0.886314 0.539792
vt 0.886314 0.539792
vt 0.888241 0.539792
vt 0.888241 0.539578
vt 0.886314 0.557729
vt 0.888241 0.557729
vt 0.888241 0.54321
vt 0.888241 0.54321
vt 0.886314 0.54321
vt 0.886314 0.557729
vt 0.886314 0.539579
vt 0.884387 0.539579
vt 0.884387 0.539793
vt 0.884387 0.539793
vt 0.886314 0.539792
vt 0.886314 0.539579
vt 0.884387 0.557729
vt 0.886314 0.557729
vt 0.886314 0.54321
vt 0.886314 0.54321
vt 0.884387 0.54321
vt 0.884387 0.557729
vt 0.884387 0.539579
vt 0.88246 0.539579
vt 0.88246 0.539793
vt 0.88246 0.539793
vt 0.884387 0.539793
vt 0.884387 0.539579
vt 0.88246 0.55773
vt 0.884387 0.557729
vt 0.884387 0.54321
vt 0.884387 0.54321
vt 0.88246 0.543211
vt 0.88246 0.55773
vt 0.88246 0.539579
vt 0.88134 0.539579
vt 0.88134 0.539793
vt 0.88134 0.539793
vt 0.88246 0.539793
vt 0.88246 0.539579
vt 0.88134 0.55773
vt 0.88246 0.55773
vt 0.88246 0.543211
vt 0.88246 0.543211
vt 0.88134 0.543211
vt 0.88134 0.55773
vt 0.88134 0.539579
vt 0.880936 0.539579
vt 0.880936 0.539793
vt 0.880936 0.539793
vt 0.88134 0.539793
vt 0.88134 0.539579
vt 0.880566 0.543229
vt 0.880902 0.543229
vt 0.88086 0.543211
vt 0.88086 0.543211
vt 0.880609 0.543211
vt 0.880566 0.543229
vt 0.880532 0.55773
vt 0.880532 0.5433
vt 0.880524 0.54325
vt 0.880532 0.55773
vt 0.880524 0.54325
vt 0.880498 0.543221
vt 0.880532 0.55773
vt 0.880498 0.543221
vt 0.880456 0.543211
vt 0.879789 0.55773
vt 0.880532 0.55773
vt 0.880456 0.543211
vt 0.879789 0.543211
vt 0.879789 0.55773
vt 0.880456 0.543211
vt 0.880456 0.53949
vt 0.879789 0.53949
vt 0.879789 0.539882
vt 0.879789 0.539882
vt 0.880456 0.539882
vt 0.880456 0.53949
vt 0.879751 0.53949
vt 0.879751 0.53949
vt 0.879751 0.539883
vt 0.879751 0.539883
vt 0.879751 0.539882
vt 0.879751 0.53949
vt 0.879751 0.557736
vt 0.879751 0.557731
vt 0.879751 0.543212
vt 0.879751 0.543212
vt 0.879751 0.543216
vt 0.879751 0.557736
vt 0.894613 0.557731
vt 0.894613 0.557736
vt 0.894613 0.543216
vt 0.894613 0.543216
vt 0.894613 0.543212
vt 0.894613 0.557731
vt 0.894613 0.53949
vt 0.894613 0.53949
vt 0.894613 0.539882
vt 0.894613 0.539882
vt 0.894613 0.539883
vt 0.894613 0.53949
vt 0.894575 0.55773
vt 0.894613 0.557731
vt 0.894613 0.543212
vt 0.894613 0.543212
vt 0.894575 0.543211
vt 0.894575 0.55773
vt 0.894613 0.53949
vt 0.894575 0.53949
vt 0.894575 0.539882
vt 0.894575 0.539882
vt 0.894613 0.539882
vt 0.894613 0.53949
vt 0.879789 0.53949
vt 0.879751 0.53949
vt 0.879751 0.539882
vt 0.879751 0.539882
vt 0.879789 0.539882
vt 0.879789 0.53949
vt 0.879751 0.557731
vt 0.879789 0.55773
vt 0.879789 0.543211
vt 0.879789 0.543211
vt 0.879751 0.543212
vt 0.879751 0.557731
vt 0.675455 0.431316
vt 0.671589 0.420016
vt 0.675768 0.419842
vt 0.675768 0.419842
vt 0.679478 0.431322
vt 0.675455 0.431316
vt 0.51565 0.408877
vt 0.519829 0.409051
vt 0.516118 0.420531
vt 0.516118 0.420531
vt 0.511783 0.420177
vt 0.51565 0.408877
vt 0.802946 0.364611
vt 0.79103 0.364611
vt 0.791026 0.360239
vt 0.791026 0.360239
vt 0.802946 0.360239
vt 0.802946 0.364611
vt 0.879378 0.534734
vt 0.880533 0.537087
vt 0.880937 0.537087
vt 0.880937 0.537087
vt 0.879854 0.534734
vt 0.879378 0.534734
vt 0.115205 0.355868
vt 0.41492 0.355868
vt 0.414947 0.360239
vt 0.414947 0.360239
vt 0.115205 0.360239
vt 0.115205 0.355868
vt 0.88134 0.580795
vt 0.88134 0.560931
vt 0.880936 0.560931
vt 0.880936 0.560931
vt 0.880936 0.580795
vt 0.88134 0.580795
vt 0.108873 0.154552
vt 0.108873 0.158923
vt 0.105955 0.158923
vt 0.105955 0.158923
vt 0.105955 0.154552
vt 0.108873 0.154552
vt 0.801338 0.163295
vt 0.801338 0.158923
vt 0.804256 0.158923
vt 0.804256 0.158923
vt 0.804256 0.163295
vt 0.801338 0.163295
vt 0.519223 0.429736
vt 0.523595 0.429561
vt 0.523585 0.430365
vt 0.523585 0.430365
vt 0.519213 0.43054
vt 0.519223 0.429736
vt 0.514851 0.432313
vt 0.514841 0.431509
vt 0.519213 0.431684
vt 0.519213 0.431684
vt 0.519223 0.432488
vt 0.514851 0.432313
vt 0.113319 0.355868
vt 0.113508 0.355868
vt 0.113508 0.360239
vt 0.113508 0.360239
vt 0.113319 0.360239
vt 0.113319 0.355868
vt 0.804832 0.364611
vt 0.804643 0.364611
vt 0.804643 0.360239
vt 0.804643 0.360239
vt 0.804832 0.360239
vt 0.804832 0.364611
vt 0.667293 0.40746
vt 0.667159 0.407068
vt 0.671518 0.406693
vt 0.671518 0.406693
vt 0.671645 0.407086
vt 0.667293 0.40746
vt 0.515706 0.421807
vt 0.520058 0.422181
vt 0.519938 0.422574
vt 0.519938 0.422574
vt 0.515579 0.422199
vt 0.515706 0.421807
vt 0.523596 0.429461
vt 0.523595 0.429561
vt 0.519223 0.429736
vt 0.519223 0.429736
vt 0.519224 0.429635
vt 0.523596 0.429461
vt 0.514853 0.432414
vt 0.514851 0.432313
vt 0.519223 0.432488
vt 0.519223 0.432488
vt 0.519224 0.432588
vt 0.514853 0.432414
vt 0.523585 0.430365
vt 0.523584 0.430466
vt 0.519212 0.43064
vt 0.519212 0.43064
vt 0.519213 0.43054
vt 0.523585 0.430365
vt 0.514841 0.431509
vt 0.51484 0.431409
vt 0.519212 0.431583
vt 0.519212 0.431583
vt 0.519213 0.431684
vt 0.514841 0.431509
vt 0.88134 0.539401
vt 0.88134 0.537633
vt 0.880936 0.537633
vt 0.880936 0.537633
vt 0.880936 0.539401
vt 0.88134 0.539401
vt 0.880329 0.582131
vt 0.88134 0.58173
vt 0.880937 0.58173
vt 0.880937 0.58173
vt 0.879854 0.582131
vt 0.880329 0.582131
vt 0.880533 0.537589
vt 0.880532 0.537589
vt 0.880936 0.537589
vt 0.880936 0.537589
vt 0.880937 0.537589
vt 0.880533 0.537589
vt 0.88134 0.58124
vt 0.88134 0.58124
vt 0.880936 0.58124
vt 0.880936 0.58124
vt 0.880937 0.58124
vt 0.88134 0.58124
vt 0.88134 0.560541
vt 0.88134 0.55929
vt 0.880936 0.55929
vt 0.880936 0.55929
vt 0.880936 0.560541
vt 0.88134 0.560541
vt 0.880609 0.539882
vt 0.880609 0.543122
vt 0.88086 0.543121
vt 0.88086 0.543121
vt 0.88086 0.539882
vt 0.880609 0.539882
vt 0.880532 0.559061
vt 0.880532 0.55929
vt 0.880936 0.55929
vt 0.880936 0.55929
vt 0.880936 0.559061
vt 0.880532 0.559061
vt 0.880532 0.558819
vt 0.880532 0.559061
vt 0.880936 0.559061
vt 0.880936 0.559061
vt 0.880936 0.558819
vt 0.880532 0.558819
vt 0.880532 0.558565
vt 0.880532 0.558819
vt 0.880936 0.558819
vt 0.880936 0.558819
vt 0.880936 0.558565
vt 0.880532 0.558565
vt 0.880532 0.558299
vt 0.880532 0.558565
vt 0.880936 0.558565
vt 0.880936 0.558565
vt 0.880936 0.558299
vt 0.880532 0.558299
vt 0.880532 0.55802
vt 0.880532 0.558299
vt 0.880936 0.558299
vt 0.880936 0.558299
vt 0.880936 0.55802
vt 0.880532 0.55802
vt 0.880532 0.55773
vt 0.880532 0.55802
vt 0.880936 0.55802
vt 0.880936 0.55802
vt 0.880936 0.55773
vt 0.880532 0.55773
vt 0.880532 0.560722
vt 0.880532 0.560931
vt 0.880936 0.560931
vt 0.880936 0.560931
vt 0.880936 0.560722
vt 0.880532 0.560722
vt 0.880532 0.560541
vt 0.880532 0.560722
vt 0.880936 0.560722
vt 0.880936 0.560722
vt 0.880936 0.560541
vt 0.880532 0.560541
vt 0.88134 0.580989
vt 0.88134 0.580795
vt 0.880936 0.580795
vt 0.880936 0.580795
vt 0.880936 0.580989
vt 0.88134 0.580989
vt 0.88134 0.581129
vt 0.88134 0.580989
vt 0.880936 0.580989
vt 0.880936 0.580989
vt 0.880936 0.581129
vt 0.88134 0.581129
vt 0.88134 0.581212
vt 0.88134 0.581129
vt 0.880936 0.581129
vt 0.880936 0.581129
vt 0.880936 0.581212
vt 0.88134 0.581212
vt 0.88134 0.58124
vt 0.88134 0.581212
vt 0.880936 0.581212
vt 0.880936 0.581212
vt 0.880936 0.58124
vt 0.88134 0.58124
vt 0.880533 0.537532
vt 0.880533 0.537589
vt 0.880937 0.537589
vt 0.880937 0.537589
vt 0.880937 0.537532
vt 0.880533 0.537532
vt 0.88134 0.581284
vt 0.88134 0.58124
vt 0.880937 0.58124
vt 0.880937 0.58124
vt 0.880937 0.581284
vt 0.88134 0.581284
vt 0.880532 0.537589
vt 0.880532 0.537633
vt 0.880936 0.537633
vt 0.880936 0.537633
vt 0.880936 0.537589
vt 0.880532 0.537589
vt 0.880329 0.582576
vt 0.880329 0.582131
vt 0.879854 0.582131
vt 0.879854 0.582131
vt 0.879854 0.582576
vt 0.880329 0.582576
vt 0.879378 0.534289
vt 0.879378 0.534734
vt 0.879854 0.534734
vt 0.879854 0.534734
vt 0.879854 0.534289
vt 0.879378 0.534289
vt 0.88134 0.537532
vt 0.88134 0.537087
vt 0.880937 0.537087
vt 0.880937 0.537087
vt 0.880937 0.537532
vt 0.88134 0.537532
vt 0.880533 0.581284
vt 0.880496 0.58173
vt 0.880937 0.58173
vt 0.880937 0.58173
vt 0.880937 0.581284
vt 0.880533 0.581284
vt 0.880609 0.539882
vt 0.88086 0.539882
vt 0.880902 0.539872
vt 0.880609 0.539882
vt 0.880902 0.539872
vt 0.880928 0.539842
vt 0.880609 0.539882
vt 0.880928 0.539842
vt 0.880936 0.539793
vt 0.880609 0.539579
vt 0.880609 0.539882
vt 0.880936 0.539793
vt 0.880936 0.539579
vt 0.880609 0.539579
vt 0.880936 0.539793
vt 0.88134 0.543211
vt 0.881013 0.543211
vt 0.88097 0.54322
vt 0.88134 0.543211
vt 0.88097 0.54322
vt 0.880945 0.54325
vt 0.88134 0.543211
vt 0.880945 0.54325
vt 0.880936 0.5433
vt 0.88134 0.55773
vt 0.88134 0.543211
vt 0.880936 0.5433
vt 0.880936 0.55773
vt 0.88134 0.55773
vt 0.880936 0.5433
vt 0.778859 0.417519
vt 0.774445 0.41753
vt 0.77454 0.403233
vt 0.77454 0.403233
vt 0.778954 0.403222
vt 0.778859 0.417519
vt 0.791018 0.252654
vt 0.802946 0.252654
vt 0.802946 0.257065
vt 0.802946 0.257065
vt 0.791014 0.257065
vt 0.791018 0.252654
vt 0.622826 0.397078
vt 0.62292 0.411374
vt 0.618506 0.411363
vt 0.618506 0.411363
vt 0.618412 0.397067
vt 0.622826 0.397078
vt 0.893104 0.537087
vt 0.894177 0.534734
vt 0.893653 0.534734
vt 0.893653 0.534734
vt 0.892658 0.537087
vt 0.893104 0.537087
vt 0.42156 0.252654
vt 0.434009 0.250067
vt 0.434081 0.255788
vt 0.434081 0.255788
vt 0.42156 0.257065
vt 0.42156 0.252654
vt 0.398938 0.452189
vt 0.397963 0.423991
vt 0.402188 0.423991
vt 0.402188 0.423991
vt 0.403163 0.452151
vt 0.398938 0.452189
vt 0.496033 0.423627
vt 0.491808 0.423589
vt 0.492783 0.395467
vt 0.492783 0.395467
vt 0.497008 0.395467
vt 0.496033 0.423627
vt 0.115205 0.252654
vt 0.414906 0.252654
vt 0.414886 0.257065
vt 0.414886 0.257065
vt 0.115205 0.257065
vt 0.115205 0.252654
vt 0.602865 0.255794
vt 0.602936 0.250079
vt 0.615047 0.252654
vt 0.615047 0.252654
vt 0.615047 0.257065
vt 0.602865 0.255794
vt 0.893103 0.580795
vt 0.893103 0.560931
vt 0.892658 0.560931
vt 0.892658 0.560931
vt 0.892658 0.580795
vt 0.893103 0.580795
vt 0.491795 0.423991
vt 0.491808 0.423589
vt 0.496033 0.423627
vt 0.596443 0.257301
vt 0.596895 0.257105
vt 0.596841 0.261515
vt 0.440052 0.257105
vt 0.439996 0.252695
vt 0.440504 0.25308
vt 0.440504 0.25308
vt 0.440504 0.257301
vt 0.440052 0.257105
vt 0.108873 0.051338
vt 0.108873 0.055749
vt 0.105955 0.055749
vt 0.105955 0.055749
vt 0.105955 0.051338
vt 0.108873 0.051338
vt 0.801338 0.060159
vt 0.801338 0.055749
vt 0.804256 0.055749
vt 0.804256 0.055749
vt 0.804256 0.060159
vt 0.801338 0.060159
vt 0.440052 0.257105
vt 0.440107 0.261515
vt 0.43971 0.261516
vt 0.43971 0.261516
vt 0.439654 0.257018
vt 0.440052 0.257105
vt 0.596949 0.252695
vt 0.597348 0.252521
vt 0.597293 0.257018
vt 0.597293 0.257018
vt 0.596895 0.257105
vt 0.596949 0.252695
vt 0.62681 0.429216
vt 0.6268 0.43002
vt 0.62239 0.429828
vt 0.62239 0.429828
vt 0.6224 0.429024
vt 0.62681 0.429216
vt 0.6224 0.433199
vt 0.61799 0.433391
vt 0.61798 0.432587
vt 0.61798 0.432587
vt 0.62239 0.432395
vt 0.6224 0.433199
vt 0.113319 0.252654
vt 0.113508 0.252654
vt 0.113508 0.257065
vt 0.113508 0.257065
vt 0.113319 0.257065
vt 0.113319 0.252654
vt 0.804832 0.261475
vt 0.804643 0.261475
vt 0.804643 0.257065
vt 0.804643 0.257065
vt 0.804832 0.257065
vt 0.804832 0.261475
vt 0.436071 0.256234
vt 0.436138 0.261518
vt 0.434153 0.261509
vt 0.434153 0.261509
vt 0.434081 0.255788
vt 0.436071 0.256234
vt 0.60094 0.250957
vt 0.602936 0.250079
vt 0.602865 0.255794
vt 0.602865 0.255794
vt 0.600875 0.256238
vt 0.60094 0.250957
vt 0.770136 0.401656
vt 0.770139 0.401254
vt 0.774553 0.401243
vt 0.774553 0.401243
vt 0.77455 0.401645
vt 0.770136 0.401656
vt 0.623026 0.427258
vt 0.623028 0.427661
vt 0.618614 0.42765
vt 0.618614 0.42765
vt 0.618611 0.427248
vt 0.623026 0.427258
vt 0.626811 0.429116
vt 0.62681 0.429216
vt 0.6224 0.429024
vt 0.6224 0.429024
vt 0.622401 0.428924
vt 0.626811 0.429116
vt 0.617991 0.433492
vt 0.61799 0.433391
vt 0.6224 0.433199
vt 0.6224 0.433199
vt 0.622401 0.4333
vt 0.617991 0.433492
vt 0.6268 0.43002
vt 0.626798 0.430121
vt 0.622388 0.429929
vt 0.622388 0.429929
vt 0.62239 0.429828
vt 0.6268 0.43002
vt 0.61798 0.432587
vt 0.617978 0.432486
vt 0.622388 0.432295
vt 0.622388 0.432295
vt 0.62239 0.432395
vt 0.61798 0.432587
vt 0.893398 0.539404
vt 0.893103 0.537633
vt 0.892658 0.537633
vt 0.892658 0.537633
vt 0.892953 0.539405
vt 0.893398 0.539404
vt 0.894177 0.582131
vt 0.893104 0.58173
vt 0.892658 0.58173
vt 0.892658 0.58173
vt 0.893653 0.582131
vt 0.894177 0.582131
vt 0.615047 0.252654
vt 0.791018 0.252654
vt 0.791014 0.257065
vt 0.791014 0.257065
vt 0.615047 0.257065
vt 0.615047 0.252654
vt 0.42156 0.261475
vt 0.414865 0.261475
vt 0.414886 0.257065
vt 0.414886 0.257065
vt 0.42156 0.257065
vt 0.42156 0.261475
vt 0.893104 0.58124
vt 0.893103 0.58124
vt 0.892658 0.58124
vt 0.892658 0.58124
vt 0.892658 0.58124
vt 0.893104 0.58124
vt 0.892213 0.537589
vt 0.892213 0.537589
vt 0.892658 0.537589
vt 0.892658 0.537589
vt 0.892658 0.537589
vt 0.892213 0.537589
vt 0.893103 0.560542
vt 0.893103 0.559289
vt 0.892658 0.559289
vt 0.892658 0.559289
vt 0.892658 0.560542
vt 0.893103 0.560542
vt 0.892508 0.539976
vt 0.892459 0.543214
vt 0.892876 0.543213
vt 0.892876 0.543213
vt 0.892876 0.539975
vt 0.892508 0.539976
vt 0.892213 0.559061
vt 0.892213 0.559289
vt 0.892658 0.559289
vt 0.892658 0.559289
vt 0.892658 0.559061
vt 0.892213 0.559061
vt 0.892213 0.55882
vt 0.892213 0.559061
vt 0.892658 0.559061
vt 0.892658 0.559061
vt 0.892658 0.55882
vt 0.892213 0.55882
vt 0.892213 0.558567
vt 0.892213 0.55882
vt 0.892658 0.55882
vt 0.892658 0.55882
vt 0.892658 0.558567
vt 0.892213 0.558567
vt 0.892213 0.558301
vt 0.892213 0.558567
vt 0.892658 0.558567
vt 0.892658 0.558567
vt 0.892658 0.558301
vt 0.892213 0.558301
vt 0.892213 0.558023
vt 0.892213 0.558301
vt 0.892658 0.558301
vt 0.892658 0.558301
vt 0.892658 0.558023
vt 0.892213 0.558023
vt 0.892213 0.557732
vt 0.892213 0.558023
vt 0.892658 0.558023
vt 0.892658 0.558023
vt 0.892658 0.557732
vt 0.892213 0.557732
vt 0.892213 0.560723
vt 0.892213 0.560931
vt 0.892658 0.560931
vt 0.892658 0.560931
vt 0.892658 0.560723
vt 0.892213 0.560723
vt 0.892213 0.560542
vt 0.892213 0.560723
vt 0.892658 0.560723
vt 0.892658 0.560723
vt 0.892658 0.560542
vt 0.892213 0.560542
vt 0.893103 0.580989
vt 0.893103 0.580795
vt 0.892658 0.580795
vt 0.892658 0.580795
vt 0.892658 0.580989
vt 0.893103 0.580989
vt 0.893103 0.581129
vt 0.893103 0.580989
vt 0.892658 0.580989
vt 0.892658 0.580989
vt 0.892658 0.581129
vt 0.893103 0.581129
vt 0.893103 0.581212
vt 0.893103 0.581129
vt 0.892658 0.581129
vt 0.892658 0.581129
vt 0.892658 0.581212
vt 0.893103 0.581212
vt 0.892658 0.58124
vt 0.893103 0.58124
vt 0.893103 0.581212
vt 0.893103 0.581212
vt 0.892658 0.581212
vt 0.892658 0.58124
vt 0.892213 0.537532
vt 0.892213 0.537589
vt 0.892658 0.537589
vt 0.892658 0.537589
vt 0.892658 0.537532
vt 0.892213 0.537532
vt 0.893104 0.581284
vt 0.893104 0.58124
vt 0.892658 0.58124
vt 0.892658 0.58124
vt 0.892658 0.581284
vt 0.893104 0.581284
vt 0.892213 0.537589
vt 0.892213 0.537633
vt 0.892658 0.537633
vt 0.892658 0.537633
vt 0.892658 0.537589
vt 0.892213 0.537589
vt 0.894177 0.582576
vt 0.894177 0.582131
vt 0.893653 0.582131
vt 0.893653 0.582131
vt 0.893653 0.582576
vt 0.894177 0.582576
vt 0.893129 0.534289
vt 0.893129 0.534734
vt 0.893653 0.534734
vt 0.893653 0.534734
vt 0.893653 0.534289
vt 0.893129 0.534289
vt 0.893104 0.537532
vt 0.893104 0.537087
vt 0.892658 0.537087
vt 0.892658 0.537087
vt 0.892658 0.537532
vt 0.893104 0.537532
vt 0.892213 0.581284
vt 0.892213 0.58173
vt 0.892658 0.58173
vt 0.892658 0.58173
vt 0.892658 0.581284
vt 0.892213 0.581284
vt 0.892508 0.539585
vt 0.892508 0.539798
vt 0.892953 0.539797
vt 0.892953 0.539797
vt 0.892953 0.539583
vt 0.892508 0.539585
vt 0.893103 0.557731
vt 0.893398 0.543302
vt 0.892953 0.543302
vt 0.892953 0.543302
vt 0.892658 0.557732
vt 0.893103 0.557731
vt 0.893322 0.539493
vt 0.892953 0.539494
vt 0.892953 0.539494
vt 0.892953 0.539494
vt 0.893322 0.539493
vt 0.893322 0.539493
vt 0.892953 0.539494
vt 0.892508 0.539495
vt 0.892508 0.539495
vt 0.892508 0.539495
vt 0.892953 0.539494
vt 0.892953 0.539494
vt 0.892508 0.539495
vt 0.890169 0.539489
vt 0.890169 0.539489
vt 0.890169 0.539489
vt 0.892508 0.539495
vt 0.892508 0.539495
vt 0.890169 0.539489
vt 0.888241 0.539489
vt 0.888241 0.539489
vt 0.888241 0.539489
vt 0.890169 0.539489
vt 0.890169 0.539489
vt 0.888241 0.539489
vt 0.886314 0.53949
vt 0.886314 0.53949
vt 0.886314 0.53949
vt 0.888241 0.539489
vt 0.888241 0.539489
vt 0.886314 0.53949
vt 0.884387 0.53949
vt 0.884387 0.53949
vt 0.884387 0.53949
vt 0.886314 0.53949
vt 0.886314 0.53949
vt 0.884387 0.53949
vt 0.88246 0.53949
vt 0.88246 0.53949
vt 0.88246 0.53949
vt 0.884387 0.53949
vt 0.884387 0.53949
vt 0.88246 0.53949
vt 0.88134 0.53949
vt 0.88134 0.53949
vt 0.88134 0.53949
vt 0.88246 0.53949
vt 0.88246 0.53949
vt 0.88134 0.53949
vt 0.880936 0.53949
vt 0.880936 0.53949
vt 0.880936 0.53949
vt 0.88134 0.53949
vt 0.88134 0.53949
vt 0.880936 0.53949
vt 0.880609 0.53949
vt 0.880609 0.53949
vt 0.880609 0.53949
vt 0.880936 0.53949
vt 0.880936 0.53949
vt 0.880532 0.539579
vt 0.880532 0.539882
vt 0.880532 0.539882
vt 0.880532 0.539882
vt 0.880532 0.539579
vt 0.880532 0.539579
vt 0.880532 0.539882
vt 0.880532 0.543122
vt 0.880532 0.543122
vt 0.880532 0.543122
vt 0.880532 0.539882
vt 0.880532 0.539882
vt 0.880609 0.543211
vt 0.88086 0.543211
vt 0.88086 0.543211
vt 0.88086 0.543211
vt 0.880609 0.543211
vt 0.880609 0.543211
vt 0.880936 0.543121
vt 0.880936 0.539971
vt 0.880936 0.539971
vt 0.880936 0.539971
vt 0.880936 0.543121
vt 0.880936 0.543121
vt 0.881013 0.539882
vt 0.88134 0.539882
vt 0.88134 0.539882
vt 0.88134 0.539882
vt 0.881013 0.539882
vt 0.881013 0.539882
vt 0.88134 0.539882
vt 0.88246 0.539882
vt 0.88246 0.539882
vt 0.88246 0.539882
vt 0.88134 0.539882
vt 0.88134 0.539882
vt 0.88246 0.539882
vt 0.884387 0.539882
vt 0.884387 0.539882
vt 0.884387 0.539882
vt 0.88246 0.539882
vt 0.88246 0.539882
vt 0.884387 0.539882
vt 0.886314 0.539881
vt 0.886314 0.539881
vt 0.886314 0.539881
vt 0.884387 0.539882
vt 0.884387 0.539882
vt 0.886314 0.539881
vt 0.888241 0.539881
vt 0.888241 0.539881
vt 0.888241 0.539881
vt 0.886314 0.539881
vt 0.886314 0.539881
vt 0.888241 0.539881
vt 0.890169 0.539881
vt 0.890169 0.539881
vt 0.890169 0.539881
vt 0.888241 0.539881
vt 0.888241 0.539881
vt 0.890169 0.539881
vt 0.892508 0.539887
vt 0.892508 0.539887
vt 0.892508 0.539887
vt 0.890169 0.539881
vt 0.890169 0.539881
vt 0.892508 0.539887
vt 0.892876 0.539886
vt 0.892876 0.539886
vt 0.892876 0.539886
vt 0.892508 0.539887
vt 0.892508 0.539887
vt 0.892953 0.539975
vt 0.892953 0.543124
vt 0.892953 0.543124
vt 0.892953 0.543124
vt 0.892953 0.539975
vt 0.892953 0.539975
vt 0.893029 0.543213
vt 0.893322 0.543213
vt 0.893322 0.543213
vt 0.893322 0.543213
vt 0.893029 0.543213
vt 0.893029 0.543213
vt 0.893398 0.543123
vt 0.893398 0.539885
vt 0.893398 0.539885
vt 0.893398 0.539885
vt 0.893398 0.543123
vt 0.893398 0.543123
vt 0.893398 0.539885
vt 0.893398 0.539582
vt 0.893398 0.539582
vt 0.893398 0.539582
vt 0.893398 0.539885
vt 0.893398 0.539885
vt 0.893432 0.539483
vt 0.893406 0.539454
vt 0.893389 0.539454
vt 0.893389 0.539454
vt 0.893364 0.539483
vt 0.893364 0.539503
vt 0.893364 0.539503
vt 0.893389 0.539533
vt 0.893406 0.539533
vt 0.893389 0.539454
vt 0.893364 0.539503
vt 0.893406 0.539533
vt 0.893432 0.539483
vt 0.893389 0.539454
vt 0.893406 0.539533
vt 0.893432 0.539483
vt 0.893406 0.539533
vt 0.893432 0.539503
vt 0.880524 0.53945
vt 0.880498 0.53948
vt 0.880498 0.5395
vt 0.880498 0.5395
vt 0.880524 0.53953
vt 0.880541 0.53953
vt 0.880541 0.53953
vt 0.880566 0.5395
vt 0.880566 0.53948
vt 0.880498 0.5395
vt 0.880541 0.53953
vt 0.880566 0.53948
vt 0.880524 0.53945
vt 0.880498 0.5395
vt 0.880566 0.53948
vt 0.880524 0.53945
vt 0.880566 0.53948
vt 0.880541 0.53945
vt 0.893432 0.543222
vt 0.893432 0.543203
vt 0.893389 0.543252
vt 0.893389 0.543252
vt 0.893406 0.543252
vt 0.893432 0.543222
vt 0.880566 0.543229
vt 0.880498 0.543221
vt 0.880524 0.54325
vt 0.880524 0.54325
vt 0.880541 0.54325
vt 0.880566 0.543229
vt 0.881013 0.539882
vt 0.880989 0.539892
vt 0.881013 0.539892
vt 0.892876 0.539975
vt 0.8929 0.539931
vt 0.892876 0.539926
vt 0.892987 0.543203
vt 0.892961 0.543174
vt 0.892944 0.543174
vt 0.892944 0.543174
vt 0.892987 0.543223
vt 0.892987 0.543203
vt 0.893322 0.539493
vt 0.893359 0.539503
vt 0.893364 0.539503
vt 0.880532 0.539579
vt 0.880541 0.539535
vt 0.880541 0.53953
vt 0.880609 0.543211
vt 0.880571 0.543201
vt 0.880566 0.543201
vt 0.880936 0.543121
vt 0.880928 0.543166
vt 0.880928 0.543171
vt 0.88097 0.539872
vt 0.880945 0.539842
vt 0.880928 0.539842
vt 0.880928 0.539842
vt 0.880902 0.539872
vt 0.880902 0.539892
vt 0.880902 0.539892
vt 0.880928 0.539921
vt 0.880945 0.539921
vt 0.880928 0.539842
vt 0.880902 0.539892
vt 0.880945 0.539921
vt 0.88097 0.539872
vt 0.880928 0.539842
vt 0.880945 0.539921
vt 0.88097 0.539872
vt 0.880945 0.539921
vt 0.88097 0.539892
vt 0.892961 0.539926
vt 0.892987 0.539896
vt 0.892987 0.539876
vt 0.892987 0.539876
vt 0.892961 0.539846
vt 0.892944 0.539846
vt 0.892944 0.539846
vt 0.892919 0.539876
vt 0.892919 0.539896
vt 0.892987 0.539876
vt 0.892944 0.539846
vt 0.892919 0.539896
vt 0.892961 0.539926
vt 0.892987 0.539876
vt 0.892919 0.539896
vt 0.892961 0.539926
vt 0.892919 0.539896
vt 0.892944 0.539926
vt 0.893029 0.543213
vt 0.892991 0.543203
vt 0.892987 0.543203
vt 0.893398 0.543123
vt 0.893389 0.543168
vt 0.893389 0.543173
vt 0.892953 0.539484
vt 0.892953 0.539494
vt 0.893322 0.539493
vt 0.893322 0.539493
vt 0.893364 0.539483
vt 0.892953 0.539484
vt 0.890169 0.539479
vt 0.890169 0.539489
vt 0.892508 0.539495
vt 0.892508 0.539495
vt 0.892508 0.539486
vt 0.890169 0.539479
vt 0.888241 0.539479
vt 0.888241 0.539489
vt 0.890169 0.539489
vt 0.890169 0.539489
vt 0.890169 0.539479
vt 0.888241 0.539479
vt 0.886314 0.53948
vt 0.886314 0.53949
vt 0.888241 0.539489
vt 0.888241 0.539489
vt 0.888241 0.539479
vt 0.886314 0.53948
vt 0.884387 0.53948
vt 0.884387 0.53949
vt 0.886314 0.53949
vt 0.886314 0.53949
vt 0.886314 0.53948
vt 0.884387 0.53948
vt 0.88246 0.53948
vt 0.88246 0.53949
vt 0.884387 0.53949
vt 0.884387 0.53949
vt 0.884387 0.53948
vt 0.88246 0.53948
vt 0.88134 0.53948
vt 0.88134 0.53949
vt 0.88246 0.53949
vt 0.88246 0.53949
vt 0.88246 0.53948
vt 0.88134 0.53948
vt 0.880524 0.539882
vt 0.880532 0.539882
vt 0.880532 0.539579
vt 0.880532 0.539579
vt 0.880524 0.53953
vt 0.880524 0.539882
vt 0.880936 0.53948
vt 0.880936 0.53949
vt 0.88134 0.53949
vt 0.88134 0.53949
vt 0.88134 0.53948
vt 0.880936 0.53948
vt 0.893406 0.539885
vt 0.893398 0.539885
vt 0.893398 0.543123
vt 0.893398 0.543123
vt 0.893406 0.543173
vt 0.893406 0.539885
vt 0.893406 0.539533
vt 0.893398 0.539582
vt 0.893398 0.539885
vt 0.893398 0.539885
vt 0.893406 0.539885
vt 0.893406 0.539533
vt 0.880524 0.543171
vt 0.880532 0.543122
vt 0.880532 0.539882
vt 0.880532 0.539882
vt 0.880524 0.539882
vt 0.880524 0.543171
vt 0.892508 0.539897
vt 0.892508 0.539887
vt 0.890169 0.539881
vt 0.890169 0.539881
vt 0.890169 0.539891
vt 0.892508 0.539897
vt 0.890169 0.539891
vt 0.890169 0.539881
vt 0.888241 0.539881
vt 0.888241 0.539881
vt 0.888241 0.539891
vt 0.890169 0.539891
vt 0.888241 0.539891
vt 0.888241 0.539881
vt 0.886314 0.539881
vt 0.886314 0.539881
vt 0.886314 0.539891
vt 0.888241 0.539891
vt 0.886314 0.539891
vt 0.886314 0.539881
vt 0.884387 0.539882
vt 0.884387 0.539882
vt 0.884387 0.539891
vt 0.886314 0.539891
vt 0.884387 0.539891
vt 0.884387 0.539882
vt 0.88246 0.539882
vt 0.88246 0.539882
vt 0.88246 0.539892
vt 0.884387 0.539891
vt 0.88246 0.539892
vt 0.88246 0.539882
vt 0.88134 0.539882
vt 0.88134 0.539882
vt 0.88134 0.539892
vt 0.88246 0.539892
vt 0.88134 0.539892
vt 0.88134 0.539882
vt 0.881013 0.539882
vt 0.881013 0.539882
vt 0.881013 0.539892
vt 0.88134 0.539892
vt 0.880566 0.53948
vt 0.880609 0.53949
vt 0.880936 0.53949
vt 0.880936 0.53949
vt 0.880936 0.53948
vt 0.880566 0.53948
vt 0.880945 0.539971
vt 0.880936 0.539971
vt 0.880936 0.543121
vt 0.880936 0.543121
vt 0.880945 0.543171
vt 0.880945 0.539971
vt 0.892508 0.539486
vt 0.892508 0.539495
vt 0.892953 0.539494
vt 0.892953 0.539494
vt 0.892953 0.539484
vt 0.892508 0.539486
vt 0.892876 0.539896
vt 0.892876 0.539886
vt 0.892508 0.539887
vt 0.892508 0.539887
vt 0.892508 0.539897
vt 0.892876 0.539896
vt 0.893364 0.543223
vt 0.893322 0.543213
vt 0.893029 0.543213
vt 0.893029 0.543213
vt 0.892987 0.543223
vt 0.893364 0.543223
vt 0.892944 0.543174
vt 0.892953 0.543124
vt 0.892953 0.539975
vt 0.892953 0.539975
vt 0.892944 0.539975
vt 0.892944 0.543174
vt 0.892953 0.539534
vt 0.892953 0.539583
vt 0.893322 0.539582
vt 0.893322 0.539582
vt 0.893322 0.539533
vt 0.892953 0.539534
vt 0.892508 0.539535
vt 0.892508 0.539585
vt 0.892953 0.539583
vt 0.892953 0.539583
vt 0.892953 0.539534
vt 0.892508 0.539535
vt 0.890169 0.539529
vt 0.890169 0.539578
vt 0.892508 0.539585
vt 0.892508 0.539585
vt 0.892508 0.539535
vt 0.890169 0.539529
vt 0.888241 0.539529
vt 0.888241 0.539578
vt 0.890169 0.539578
vt 0.890169 0.539578
vt 0.890169 0.539529
vt 0.888241 0.539529
vt 0.886314 0.539529
vt 0.886314 0.539579
vt 0.888241 0.539578
vt 0.888241 0.539578
vt 0.888241 0.539529
vt 0.886314 0.539529
vt 0.884387 0.539529
vt 0.884387 0.539579
vt 0.886314 0.539579
vt 0.886314 0.539579
vt 0.886314 0.539529
vt 0.884387 0.539529
vt 0.88246 0.539529
vt 0.88246 0.539579
vt 0.884387 0.539579
vt 0.884387 0.539579
vt 0.884387 0.539529
vt 0.88246 0.539529
vt 0.88134 0.539529
vt 0.88134 0.539579
vt 0.88246 0.539579
vt 0.88246 0.539579
vt 0.88246 0.539529
vt 0.88134 0.539529
vt 0.880936 0.53953
vt 0.880936 0.539579
vt 0.88134 0.539579
vt 0.88134 0.539579
vt 0.88134 0.539529
vt 0.880936 0.53953
vt 0.880609 0.53953
vt 0.880609 0.539579
vt 0.880936 0.539579
vt 0.880936 0.539579
vt 0.880936 0.53953
vt 0.880609 0.53953
vt 0.880566 0.539882
vt 0.880609 0.539882
vt 0.880609 0.539579
vt 0.880609 0.539579
vt 0.880566 0.539579
vt 0.880566 0.539882
vt 0.880566 0.543122
vt 0.880609 0.543122
vt 0.880609 0.539882
vt 0.880609 0.539882
vt 0.880566 0.539882
vt 0.880566 0.543122
vt 0.88086 0.543171
vt 0.88086 0.543121
vt 0.880609 0.543122
vt 0.880609 0.543122
vt 0.880609 0.543171
vt 0.88086 0.543171
vt 0.880902 0.539892
vt 0.88086 0.539882
vt 0.88086 0.543121
vt 0.88086 0.543121
vt 0.880902 0.543121
vt 0.880902 0.539892
vt 0.88134 0.539842
vt 0.88134 0.539793
vt 0.880936 0.539793
vt 0.880936 0.539793
vt 0.880945 0.539842
vt 0.88134 0.539842
vt 0.88246 0.539842
vt 0.88246 0.539793
vt 0.88134 0.539793
vt 0.88134 0.539793
vt 0.88134 0.539842
vt 0.88246 0.539842
vt 0.884387 0.539842
vt 0.884387 0.539793
vt 0.88246 0.539793
vt 0.88246 0.539793
vt 0.88246 0.539842
vt 0.884387 0.539842
vt 0.886314 0.539842
vt 0.886314 0.539792
vt 0.884387 0.539793
vt 0.884387 0.539793
vt 0.884387 0.539842
vt 0.886314 0.539842
vt 0.888241 0.539842
vt 0.888241 0.539792
vt 0.886314 0.539792
vt 0.886314 0.539792
vt 0.886314 0.539842
vt 0.888241 0.539842
vt 0.890169 0.539842
vt 0.890169 0.539792
vt 0.888241 0.539792
vt 0.888241 0.539792
vt 0.888241 0.539842
vt 0.890169 0.539842
vt 0.892508 0.539847
vt 0.892508 0.539798
vt 0.890169 0.539792
vt 0.890169 0.539792
vt 0.890169 0.539842
vt 0.892508 0.539847
vt 0.892944 0.539846
vt 0.892953 0.539797
vt 0.892508 0.539798
vt 0.892508 0.539798
vt 0.892508 0.539847
vt 0.892944 0.539846
vt 0.892987 0.543124
vt 0.893029 0.543124
vt 0.893029 0.539886
vt 0.893029 0.539886
vt 0.892987 0.539896
vt 0.892987 0.543124
vt 0.893322 0.543173
vt 0.893322 0.543124
vt 0.893029 0.543124
vt 0.893029 0.543124
vt 0.893029 0.543174
vt 0.893322 0.543173
vt 0.893364 0.539885
vt 0.893322 0.539885
vt 0.893322 0.543124
vt 0.893322 0.543124
vt 0.893364 0.543124
vt 0.893364 0.539885
vt 0.893364 0.539582
vt 0.893322 0.539582
vt 0.893322 0.539885
vt 0.893322 0.539885
vt 0.893364 0.539885
vt 0.893364 0.539582
vt 0.893389 0.539533
vt 0.893398 0.539582
vt 0.893398 0.539582
vt 0.893398 0.539582
vt 0.893389 0.539533
vt 0.893389 0.539533
vt 0.880566 0.5395
vt 0.880609 0.53949
vt 0.880609 0.53949
vt 0.880609 0.53949
vt 0.880566 0.5395
vt 0.880566 0.5395
vt 0.880541 0.543171
vt 0.880532 0.543122
vt 0.880532 0.543122
vt 0.880532 0.543122
vt 0.880541 0.543171
vt 0.880541 0.543171
vt 0.880902 0.543201
vt 0.88086 0.543211
vt 0.88086 0.543211
vt 0.88086 0.543211
vt 0.880902 0.543201
vt 0.880902 0.543201
vt 0.880945 0.539921
vt 0.880936 0.539971
vt 0.880936 0.539971
vt 0.880936 0.539971
vt 0.880945 0.539921
vt 0.880945 0.539921
vt 0.892919 0.539896
vt 0.892876 0.539886
vt 0.892876 0.539886
vt 0.892876 0.539886
vt 0.892919 0.539896
vt 0.892919 0.539896
vt 0.892961 0.543174
vt 0.892953 0.543124
vt 0.892953 0.543124
vt 0.892953 0.543124
vt 0.892961 0.543174
vt 0.892961 0.543174
vt 0.893364 0.543203
vt 0.893322 0.543213
vt 0.893322 0.543213
vt 0.893322 0.543213
vt 0.893364 0.543203
vt 0.893364 0.543203
vt 0.893432 0.539503
vt 0.893474 0.539493
vt 0.893432 0.539483
vt 0.893406 0.539454
vt 0.893398 0.539404
vt 0.893389 0.539454
vt 0.893364 0.539483
vt 0.893322 0.539493
vt 0.893364 0.539503
vt 0.893389 0.539533
vt 0.893398 0.539582
vt 0.893406 0.539533
vt 0.880541 0.53945
vt 0.880532 0.539401
vt 0.880524 0.53945
vt 0.880498 0.53948
vt 0.880456 0.53949
vt 0.880498 0.5395
vt 0.880524 0.53953
vt 0.880532 0.539579
vt 0.880541 0.53953
vt 0.880566 0.5395
vt 0.880609 0.53949
vt 0.880566 0.53948
vt 0.893389 0.543252
vt 0.893398 0.543302
vt 0.893406 0.543252
vt 0.893432 0.543222
vt 0.893474 0.543212
vt 0.893432 0.543203
vt 0.893406 0.543173
vt 0.893398 0.543123
vt 0.893389 0.543173
vt 0.893364 0.543203
vt 0.893322 0.543213
vt 0.893364 0.543223
vt 0.880524 0.54325
vt 0.880532 0.5433
vt 0.880541 0.54325
vt 0.880566 0.543229
vt 0.880609 0.543211
vt 0.880566 0.543201
vt 0.880541 0.543171
vt 0.880532 0.543122
vt 0.880524 0.543171
vt 0.880498 0.543201
vt 0.880456 0.543211
vt 0.880498 0.543221
vt 0.881013 0.539882
vt 0.88097 0.539892
vt 0.880975 0.539892
vt 0.880952 0.539921
vt 0.880975 0.539892
vt 0.88097 0.539892
vt 0.88097 0.539892
vt 0.880945 0.539921
vt 0.880952 0.539921
vt 0.880945 0.539971
vt 0.880952 0.539921
vt 0.880945 0.539921
vt 0.880945 0.539921
vt 0.880936 0.539971
vt 0.880945 0.539971
vt 0.881013 0.539882
vt 0.880975 0.539892
vt 0.880989 0.539892
vt 0.880975 0.539921
vt 0.880989 0.539892
vt 0.880975 0.539892
vt 0.880975 0.539892
vt 0.880952 0.539921
vt 0.880975 0.539921
vt 0.88097 0.539971
vt 0.880975 0.539921
vt 0.880952 0.539921
vt 0.880952 0.539921
vt 0.880945 0.539971
vt 0.88097 0.539971
vt 0.881013 0.539921
vt 0.881013 0.539892
vt 0.880989 0.539892
vt 0.880989 0.539892
vt 0.880975 0.539921
vt 0.881013 0.539921
vt 0.881013 0.539971
vt 0.881013 0.539921
vt 0.880975 0.539921
vt 0.880975 0.539921
vt 0.88097 0.539971
vt 0.881013 0.539971
vt 0.880945 0.543171
vt 0.880936 0.543121
vt 0.880928 0.543171
vt 0.892876 0.539975
vt 0.892919 0.539975
vt 0.892914 0.539948
vt 0.892937 0.539931
vt 0.892914 0.539948
vt 0.892919 0.539975
vt 0.892919 0.539975
vt 0.892944 0.539975
vt 0.892937 0.539931
vt 0.892944 0.539926
vt 0.892937 0.539931
vt 0.892944 0.539975
vt 0.892944 0.539975
vt 0.892953 0.539975
vt 0.892944 0.539926
vt 0.892876 0.539975
vt 0.892914 0.539948
vt 0.8929 0.539931
vt 0.892914 0.539905
vt 0.8929 0.539931
vt 0.892914 0.539948
vt 0.892914 0.539948
vt 0.892937 0.539931
vt 0.892914 0.539905
vt 0.892919 0.539896
vt 0.892914 0.539905
vt 0.892937 0.539931
vt 0.892937 0.539931
vt 0.892944 0.539926
vt 0.892919 0.539896
vt 0.892876 0.539896
vt 0.892876 0.539926
vt 0.8929 0.539931
vt 0.8929 0.539931
vt 0.892914 0.539905
vt 0.892876 0.539896
vt 0.892876 0.539886
vt 0.892876 0.539896
vt 0.892914 0.539905
vt 0.892914 0.539905
vt 0.892919 0.539896
vt 0.892876 0.539886
vt 0.892987 0.543223
vt 0.893029 0.543213
vt 0.892987 0.543203
vt 0.892961 0.543174
vt 0.892953 0.543124
vt 0.892944 0.543174
vt 0.892919 0.543203
vt 0.892876 0.543213
vt 0.892919 0.543223
vt 0.892944 0.543253
vt 0.892953 0.543302
vt 0.892961 0.543253
vt 0.893322 0.539493
vt 0.893322 0.539503
vt 0.893345 0.539503
vt 0.893359 0.539533
vt 0.893345 0.539503
vt 0.893322 0.539503
vt 0.893322 0.539503
vt 0.893322 0.539533
vt 0.893359 0.539533
vt 0.893364 0.539582
vt 0.893359 0.539533
vt 0.893322 0.539533
vt 0.893322 0.539533
vt 0.893322 0.539582
vt 0.893364 0.539582
vt 0.893322 0.539493
vt 0.893345 0.539503
vt 0.893359 0.539503
vt 0.893382 0.539533
vt 0.893359 0.539503
vt 0.893345 0.539503
vt 0.893345 0.539503
vt 0.893359 0.539533
vt 0.893382 0.539533
vt 0.893389 0.539582
vt 0.893382 0.539533
vt 0.893359 0.539533
vt 0.893359 0.539533
vt 0.893364 0.539582
vt 0.893389 0.539582
vt 0.893389 0.539533
vt 0.893364 0.539503
vt 0.893359 0.539503
vt 0.893359 0.539503
vt 0.893382 0.539533
vt 0.893389 0.539533
vt 0.893398 0.539582
vt 0.893389 0.539533
vt 0.893382 0.539533
vt 0.893382 0.539533
vt 0.893389 0.539582
vt 0.893398 0.539582
vt 0.880532 0.539579
vt 0.880541 0.539579
vt 0.880541 0.539552
vt 0.880566 0.539535
vt 0.880541 0.539552
vt 0.880541 0.539579
vt 0.880541 0.539579
vt 0.880566 0.539579
vt 0.880566 0.539535
vt 0.880609 0.53953
vt 0.880566 0.539535
vt 0.880566 0.539579
vt 0.880566 0.539579
vt 0.880609 0.539579
vt 0.880609 0.53953
vt 0.880532 0.539579
vt 0.880541 0.539552
vt 0.880541 0.539535
vt 0.880566 0.539509
vt 0.880541 0.539535
vt 0.880541 0.539552
vt 0.880541 0.539552
vt 0.880566 0.539535
vt 0.880566 0.539509
vt 0.880609 0.5395
vt 0.880566 0.539509
vt 0.880566 0.539535
vt 0.880566 0.539535
vt 0.880609 0.53953
vt 0.880609 0.5395
vt 0.880566 0.5395
vt 0.880541 0.53953
vt 0.880541 0.539535
vt 0.880541 0.539535
vt 0.880566 0.539509
vt 0.880566 0.5395
vt 0.880609 0.53949
vt 0.880566 0.5395
vt 0.880566 0.539509
vt 0.880566 0.539509
vt 0.880609 0.5395
vt 0.880609 0.53949
vt 0.880609 0.543211
vt 0.880609 0.543201
vt 0.880585 0.543201
vt 0.880571 0.543171
vt 0.880585 0.543201
vt 0.880609 0.543201
vt 0.880609 0.543201
vt 0.880609 0.543171
vt 0.880571 0.543171
vt 0.880566 0.543122
vt 0.880571 0.543171
vt 0.880609 0.543171
vt 0.880609 0.543171
vt 0.880609 0.543122
vt 0.880566 0.543122
vt 0.880609 0.543211
vt 0.880585 0.543201
vt 0.880571 0.543201
vt 0.880548 0.543171
vt 0.880571 0.543201
vt 0.880585 0.543201
vt 0.880585 0.543201
vt 0.880571 0.543171
vt 0.880548 0.543171
vt 0.880541 0.543122
vt 0.880548 0.543171
vt 0.880571 0.543171
vt 0.880571 0.543171
vt 0.880566 0.543122
vt 0.880541 0.543122
vt 0.880541 0.543171
vt 0.880566 0.543201
vt 0.880571 0.543201
vt 0.880571 0.543201
vt 0.880548 0.543171
vt 0.880541 0.543171
vt 0.880532 0.543122
vt 0.880541 0.543171
vt 0.880548 0.543171
vt 0.880548 0.543171
vt 0.880541 0.543122
vt 0.880532 0.543122
vt 0.880936 0.543121
vt 0.880928 0.543121
vt 0.880928 0.543149
vt 0.880902 0.543166
vt 0.880928 0.543149
vt 0.880928 0.543121
vt 0.880928 0.543121
vt 0.880902 0.543121
vt 0.880902 0.543166
vt 0.88086 0.543171
vt 0.880902 0.543166
vt 0.880902 0.543121
vt 0.880902 0.543121
vt 0.88086 0.543121
vt 0.88086 0.543171
vt 0.880936 0.543121
vt 0.880928 0.543149
vt 0.880928 0.543166
vt 0.880902 0.543192
vt 0.880928 0.543166
vt 0.880928 0.543149
vt 0.880928 0.543149
vt 0.880902 0.543166
vt 0.880902 0.543192
vt 0.88086 0.543201
vt 0.880902 0.543192
vt 0.880902 0.543166
vt 0.880902 0.543166
vt 0.88086 0.543171
vt 0.88086 0.543201
vt 0.880902 0.543201
vt 0.880928 0.543171
vt 0.880928 0.543166
vt 0.880928 0.543166
vt 0.880902 0.543192
vt 0.880902 0.543201
vt 0.88086 0.543211
vt 0.880902 0.543201
vt 0.880902 0.543192
vt 0.880902 0.543192
vt 0.88086 0.543201
vt 0.88086 0.543211
vt 0.88097 0.539892
vt 0.881013 0.539882
vt 0.88097 0.539872
vt 0.880945 0.539842
vt 0.880936 0.539793
vt 0.880928 0.539842
vt 0.880902 0.539872
vt 0.88086 0.539882
vt 0.880902 0.539892
vt 0.880928 0.539921
vt 0.880936 0.539971
vt 0.880945 0.539921
vt 0.892944 0.539926
vt 0.892953 0.539975
vt 0.892961 0.539926
vt 0.892987 0.539896
vt 0.893029 0.539886
vt 0.892987 0.539876
vt 0.892961 0.539846
vt 0.892953 0.539797
vt 0.892944 0.539846
vt 0.892919 0.539876
vt 0.892876 0.539886
vt 0.892919 0.539896
vt 0.893029 0.543213
vt 0.893029 0.543203
vt 0.893006 0.543203
vt 0.892991 0.543174
vt 0.893006 0.543203
vt 0.893029 0.543203
vt 0.893029 0.543203
vt 0.893029 0.543174
vt 0.892991 0.543174
vt 0.892987 0.543124
vt 0.892991 0.543174
vt 0.893029 0.543174
vt 0.893029 0.543174
vt 0.893029 0.543124
vt 0.892987 0.543124
vt 0.893029 0.543213
vt 0.893006 0.543203
vt 0.892991 0.543203
vt 0.892969 0.543174
vt 0.892991 0.543203
vt 0.893006 0.543203
vt 0.893006 0.543203
vt 0.892991 0.543174
vt 0.892969 0.543174
vt 0.892961 0.543124
vt 0.892969 0.543174
vt 0.892991 0.543174
vt 0.892991 0.543174
vt 0.892987 0.543124
vt 0.892961 0.543124
vt 0.892961 0.543174
vt 0.892987 0.543203
vt 0.892991 0.543203
vt 0.892991 0.543203
vt 0.892969 0.543174
vt 0.892961 0.543174
vt 0.892953 0.543124
vt 0.892961 0.543174
vt 0.892969 0.543174
vt 0.892969 0.543174
vt 0.892961 0.543124
vt 0.892953 0.543124
vt 0.893398 0.543123
vt 0.893389 0.543123
vt 0.893389 0.543151
vt 0.893364 0.543168
vt 0.893389 0.543151
vt 0.893389 0.543123
vt 0.893389 0.543123
vt 0.893364 0.543124
vt 0.893364 0.543168
vt 0.893322 0.543173
vt 0.893364 0.543168
vt 0.893364 0.543124
vt 0.893364 0.543124
vt 0.893322 0.543124
vt 0.893322 0.543173
vt 0.893398 0.543123
vt 0.893389 0.543151
vt 0.893389 0.543168
vt 0.893364 0.543194
vt 0.893389 0.543168
vt 0.893389 0.543151
vt 0.893389 0.543151
vt 0.893364 0.543168
vt 0.893364 0.543194
vt 0.893322 0.543203
vt 0.893364 0.543194
vt 0.893364 0.543168
vt 0.893364 0.543168
vt 0.893322 0.543173
vt 0.893322 0.543203
vt 0.893364 0.543203
vt 0.893389 0.543173
vt 0.893389 0.543168
vt 0.893389 0.543168
vt 0.893364 0.543194
vt 0.893364 0.543203
vt 0.893322 0.543213
vt 0.893364 0.543203
vt 0.893364 0.543194
vt 0.893364 0.543194
vt 0.893322 0.543203
vt 0.893322 0.543213
vt 0.892953 0.539455
vt 0.892953 0.539484
vt 0.893364 0.539483
vt 0.893364 0.539483
vt 0.893389 0.539454
vt 0.892953 0.539455
vt 0.892953 0.539405
vt 0.892953 0.539455
vt 0.893389 0.539454
vt 0.893389 0.539454
vt 0.893398 0.539404
vt 0.892953 0.539405
vt 0.890169 0.53945
vt 0.890169 0.539479
vt 0.892508 0.539486
vt 0.892508 0.539486
vt 0.892508 0.539456
vt 0.890169 0.53945
vt 0.890169 0.5394
vt 0.890169 0.53945
vt 0.892508 0.539456
vt 0.892508 0.539456
vt 0.892508 0.539406
vt 0.890169 0.5394
vt 0.888241 0.53945
vt 0.888241 0.539479
vt 0.890169 0.539479
vt 0.890169 0.539479
vt 0.890169 0.53945
vt 0.888241 0.53945
vt 0.888241 0.5394
vt 0.888241 0.53945
vt 0.890169 0.53945
vt 0.890169 0.53945
vt 0.890169 0.5394
vt 0.888241 0.5394
vt 0.886314 0.53945
vt 0.886314 0.53948
vt 0.888241 0.539479
vt 0.888241 0.539479
vt 0.888241 0.53945
vt 0.886314 0.53945
vt 0.886314 0.5394
vt 0.886314 0.53945
vt 0.888241 0.53945
vt 0.888241 0.53945
vt 0.888241 0.5394
vt 0.886314 0.5394
vt 0.884387 0.53945
vt 0.884387 0.53948
vt 0.886314 0.53948
vt 0.886314 0.53948
vt 0.886314 0.53945
vt 0.884387 0.53945
vt 0.884387 0.539401
vt 0.884387 0.53945
vt 0.886314 0.53945
vt 0.886314 0.53945
vt 0.886314 0.5394
vt 0.884387 0.539401
vt 0.88246 0.53945
vt 0.88246 0.53948
vt 0.884387 0.53948
vt 0.884387 0.53948
vt 0.884387 0.53945
vt 0.88246 0.53945
vt 0.88246 0.539401
vt 0.88246 0.53945
vt 0.884387 0.53945
vt 0.884387 0.53945
vt 0.884387 0.539401
vt 0.88246 0.539401
vt 0.88134 0.53945
vt 0.88134 0.53948
vt 0.88246 0.53948
vt 0.88246 0.53948
vt 0.88246 0.53945
vt 0.88134 0.53945
vt 0.88134 0.539401
vt 0.88134 0.53945
vt 0.88246 0.53945
vt 0.88246 0.53945
vt 0.88246 0.539401
vt 0.88134 0.539401
vt 0.880498 0.539882
vt 0.880524 0.539882
vt 0.880524 0.53953
vt 0.880524 0.53953
vt 0.880498 0.5395
vt 0.880498 0.539882
vt 0.880456 0.539882
vt 0.880498 0.539882
vt 0.880498 0.5395
vt 0.880498 0.5395
vt 0.880456 0.53949
vt 0.880456 0.539882
vt 0.880936 0.53945
vt 0.880936 0.53948
vt 0.88134 0.53948
vt 0.88134 0.53948
vt 0.88134 0.53945
vt 0.880936 0.53945
vt 0.880936 0.539401
vt 0.880936 0.53945
vt 0.88134 0.53945
vt 0.88134 0.53945
vt 0.88134 0.539401
vt 0.880936 0.539401
vt 0.893432 0.539885
vt 0.893406 0.539885
vt 0.893406 0.543173
vt 0.893406 0.543173
vt 0.893432 0.543203
vt 0.893432 0.539885
vt 0.893474 0.539885
vt 0.893432 0.539885
vt 0.893432 0.543203
vt 0.893432 0.543203
vt 0.893474 0.543212
vt 0.893474 0.539885
vt 0.893432 0.539503
vt 0.893406 0.539533
vt 0.893406 0.539885
vt 0.893406 0.539885
vt 0.893432 0.539885
vt 0.893432 0.539503
vt 0.893474 0.539493
vt 0.893432 0.539503
vt 0.893432 0.539885
vt 0.893432 0.539885
vt 0.893474 0.539885
vt 0.893474 0.539493
vt 0.880498 0.543201
vt 0.880524 0.543171
vt 0.880524 0.539882
vt 0.880524 0.539882
vt 0.880498 0.539882
vt 0.880498 0.543201
vt 0.880456 0.543211
vt 0.880498 0.543201
vt 0.880498 0.539882
vt 0.880498 0.539882
vt 0.880456 0.539882
vt 0.880456 0.543211
vt 0.892508 0.539927
vt 0.892508 0.539897
vt 0.890169 0.539891
vt 0.890169 0.539891
vt 0.890169 0.539921
vt 0.892508 0.539927
vt 0.892508 0.539976
vt 0.892508 0.539927
vt 0.890169 0.539921
vt 0.890169 0.539921
vt 0.890169 0.53997
vt 0.892508 0.539976
vt 0.890169 0.539921
vt 0.890169 0.539891
vt 0.888241 0.539891
vt 0.888241 0.539891
vt 0.888241 0.539921
vt 0.890169 0.539921
vt 0.890169 0.53997
vt 0.890169 0.539921
vt 0.888241 0.539921
vt 0.888241 0.539921
vt 0.888241 0.53997
vt 0.890169 0.53997
vt 0.888241 0.539921
vt 0.888241 0.539891
vt 0.886314 0.539891
vt 0.886314 0.539891
vt 0.886314 0.539921
vt 0.888241 0.539921
vt 0.888241 0.53997
vt 0.888241 0.539921
vt 0.886314 0.539921
vt 0.886314 0.539921
vt 0.886314 0.539971
vt 0.888241 0.53997
vt 0.886314 0.539921
vt 0.886314 0.539891
vt 0.884387 0.539891
vt 0.884387 0.539891
vt 0.884387 0.539921
vt 0.886314 0.539921
vt 0.886314 0.539971
vt 0.886314 0.539921
vt 0.884387 0.539921
vt 0.884387 0.539921
vt 0.884387 0.539971
vt 0.886314 0.539971
vt 0.884387 0.539921
vt 0.884387 0.539891
vt 0.88246 0.539892
vt 0.88246 0.539892
vt 0.88246 0.539921
vt 0.884387 0.539921
vt 0.884387 0.539971
vt 0.884387 0.539921
vt 0.88246 0.539921
vt 0.88246 0.539921
vt 0.88246 0.539971
vt 0.884387 0.539971
vt 0.88246 0.539921
vt 0.88246 0.539892
vt 0.88134 0.539892
vt 0.88134 0.539892
vt 0.88134 0.539921
vt 0.88246 0.539921
vt 0.88246 0.539971
vt 0.88246 0.539921
vt 0.88134 0.539921
vt 0.88134 0.539921
vt 0.88134 0.539971
vt 0.88246 0.539971
vt 0.88134 0.539921
vt 0.88134 0.539892
vt 0.881013 0.539892
vt 0.881013 0.539892
vt 0.881013 0.539921
vt 0.88134 0.539921
vt 0.88134 0.539971
vt 0.88134 0.539921
vt 0.881013 0.539921
vt 0.881013 0.539921
vt 0.881013 0.539971
vt 0.88134 0.539971
vt 0.880541 0.53945
vt 0.880566 0.53948
vt 0.880936 0.53948
vt 0.880936 0.53948
vt 0.880936 0.53945
vt 0.880541 0.53945
vt 0.880532 0.539401
vt 0.880541 0.53945
vt 0.880936 0.53945
vt 0.880936 0.53945
vt 0.880936 0.539401
vt 0.880532 0.539401
vt 0.88097 0.539971
vt 0.880945 0.539971
vt 0.880945 0.543171
vt 0.880945 0.543171
vt 0.88097 0.543201
vt 0.88097 0.539971
vt 0.881013 0.539971
vt 0.88097 0.539971
vt 0.88097 0.543201
vt 0.88097 0.543201
vt 0.881013 0.543211
vt 0.881013 0.539971
vt 0.892508 0.539456
vt 0.892508 0.539486
vt 0.892953 0.539484
vt 0.892953 0.539484
vt 0.892953 0.539455
vt 0.892508 0.539456
vt 0.892508 0.539406
vt 0.892508 0.539456
vt 0.892953 0.539455
vt 0.892953 0.539455
vt 0.892953 0.539405
vt 0.892508 0.539406
vt 0.892876 0.539926
vt 0.892876 0.539896
vt 0.892508 0.539897
vt 0.892508 0.539897
vt 0.892508 0.539927
vt 0.892876 0.539926
vt 0.892876 0.539975
vt 0.892876 0.539926
vt 0.892508 0.539927
vt 0.892508 0.539927
vt 0.892508 0.539976
vt 0.892876 0.539975
vt 0.893389 0.543252
vt 0.893364 0.543223
vt 0.892987 0.543223
vt 0.892987 0.543223
vt 0.892961 0.543253
vt 0.893389 0.543252
vt 0.893398 0.543302
vt 0.893389 0.543252
vt 0.892961 0.543253
vt 0.892961 0.543253
vt 0.892953 0.543302
vt 0.893398 0.543302
vt 0.892919 0.543203
vt 0.892944 0.543174
vt 0.892944 0.539975
vt 0.892944 0.539975
vt 0.892919 0.539975
vt 0.892919 0.543203
vt 0.892876 0.543213
vt 0.892919 0.543203
vt 0.892919 0.539975
vt 0.892919 0.539975
vt 0.892876 0.539975
vt 0.892876 0.543213
vt 0.892953 0.539504
vt 0.892953 0.539534
vt 0.893322 0.539533
vt 0.893322 0.539533
vt 0.893322 0.539503
vt 0.892953 0.539504
vt 0.892953 0.539494
vt 0.892953 0.539504
vt 0.893322 0.539503
vt 0.893322 0.539503
vt 0.893322 0.539493
vt 0.892953 0.539494
vt 0.892508 0.539505
vt 0.892508 0.539535
vt 0.892953 0.539534
vt 0.892953 0.539534
vt 0.892953 0.539504
vt 0.892508 0.539505
vt 0.892508 0.539495
vt 0.892508 0.539505
vt 0.892953 0.539504
vt 0.892953 0.539504
vt 0.892953 0.539494
vt 0.892508 0.539495
vt 0.890169 0.539499
vt 0.890169 0.539529
vt 0.892508 0.539535
vt 0.892508 0.539535
vt 0.892508 0.539505
vt 0.890169 0.539499
vt 0.890169 0.539489
vt 0.890169 0.539499
vt 0.892508 0.539505
vt 0.892508 0.539505
vt 0.892508 0.539495
vt 0.890169 0.539489
vt 0.888241 0.539499
vt 0.888241 0.539529
vt 0.890169 0.539529
vt 0.890169 0.539529
vt 0.890169 0.539499
vt 0.888241 0.539499
vt 0.888241 0.539489
vt 0.888241 0.539499
vt 0.890169 0.539499
vt 0.890169 0.539499
vt 0.890169 0.539489
vt 0.888241 0.539489
vt 0.886314 0.539499
vt 0.886314 0.539529
vt 0.888241 0.539529
vt 0.888241 0.539529
vt 0.888241 0.539499
vt 0.886314 0.539499
vt 0.886314 0.53949
vt 0.886314 0.539499
vt 0.888241 0.539499
vt 0.888241 0.539499
vt 0.888241 0.539489
vt 0.886314 0.53949
vt 0.884387 0.5395
vt 0.884387 0.539529
vt 0.886314 0.539529
vt 0.886314 0.539529
vt 0.886314 0.539499
vt 0.884387 0.5395
vt 0.884387 0.53949
vt 0.884387 0.5395
vt 0.886314 0.539499
vt 0.886314 0.539499
vt 0.886314 0.53949
vt 0.884387 0.53949
vt 0.88246 0.5395
vt 0.88246 0.539529
vt 0.884387 0.539529
vt 0.884387 0.539529
vt 0.884387 0.5395
vt 0.88246 0.5395
vt 0.88246 0.53949
vt 0.88246 0.5395
vt 0.884387 0.5395
vt 0.884387 0.5395
vt 0.884387 0.53949
vt 0.88246 0.53949
vt 0.88134 0.5395
vt 0.88134 0.539529
vt 0.88246 0.539529
vt 0.88246 0.539529
vt 0.88246 0.5395
vt 0.88134 0.5395
vt 0.88134 0.53949
vt 0.88134 0.5395
vt 0.88246 0.5395
vt 0.88246 0.5395
vt 0.88246 0.53949
vt 0.88134 0.53949
vt 0.880936 0.5395
vt 0.880936 0.53953
vt 0.88134 0.539529
vt 0.88134 0.539529
vt 0.88134 0.5395
vt 0.880936 0.5395
vt 0.880936 0.53949
vt 0.880936 0.5395
vt 0.88134 0.5395
vt 0.88134 0.5395
vt 0.88134 0.53949
vt 0.880936 0.53949
vt 0.880609 0.5395
vt 0.880609 0.53953
vt 0.880936 0.53953
vt 0.880936 0.53953
vt 0.880936 0.5395
vt 0.880609 0.5395
vt 0.880609 0.53949
vt 0.880609 0.5395
vt 0.880936 0.5395
vt 0.880936 0.5395
vt 0.880936 0.53949
vt 0.880609 0.53949
vt 0.880541 0.539882
vt 0.880566 0.539882
vt 0.880566 0.539579
vt 0.880566 0.539579
vt 0.880541 0.539579
vt 0.880541 0.539882
vt 0.880532 0.539882
vt 0.880541 0.539882
vt 0.880541 0.539579
vt 0.880541 0.539579
vt 0.880532 0.539579
vt 0.880532 0.539882
vt 0.880541 0.543122
vt 0.880566 0.543122
vt 0.880566 0.539882
vt 0.880566 0.539882
vt 0.880541 0.539882
vt 0.880541 0.543122
vt 0.880532 0.543122
vt 0.880541 0.543122
vt 0.880541 0.539882
vt 0.880541 0.539882
vt 0.880532 0.539882
vt 0.880532 0.543122
vt 0.88086 0.543201
vt 0.88086 0.543171
vt 0.880609 0.543171
vt 0.880609 0.543171
vt 0.880609 0.543201
vt 0.88086 0.543201
vt 0.88086 0.543211
vt 0.88086 0.543201
vt 0.880609 0.543201
vt 0.880609 0.543201
vt 0.880609 0.543211
vt 0.88086 0.543211
vt 0.880928 0.539921
vt 0.880902 0.539892
vt 0.880902 0.543121
vt 0.880902 0.543121
vt 0.880928 0.543121
vt 0.880928 0.539921
vt 0.880936 0.539971
vt 0.880928 0.539921
vt 0.880928 0.543121
vt 0.880928 0.543121
vt 0.880936 0.543121
vt 0.880936 0.539971
vt 0.88134 0.539872
vt 0.88134 0.539842
vt 0.880945 0.539842
vt 0.880945 0.539842
vt 0.88097 0.539872
vt 0.88134 0.539872
vt 0.88134 0.539882
vt 0.88134 0.539872
vt 0.88097 0.539872
vt 0.88097 0.539872
vt 0.881013 0.539882
vt 0.88134 0.539882
vt 0.88246 0.539872
vt 0.88246 0.539842
vt 0.88134 0.539842
vt 0.88134 0.539842
vt 0.88134 0.539872
vt 0.88246 0.539872
vt 0.88246 0.539882
vt 0.88246 0.539872
vt 0.88134 0.539872
vt 0.88134 0.539872
vt 0.88134 0.539882
vt 0.88246 0.539882
vt 0.884387 0.539872
vt 0.884387 0.539842
vt 0.88246 0.539842
vt 0.88246 0.539842
vt 0.88246 0.539872
vt 0.884387 0.539872
vt 0.884387 0.539882
vt 0.884387 0.539872
vt 0.88246 0.539872
vt 0.88246 0.539872
vt 0.88246 0.539882
vt 0.884387 0.539882
vt 0.886314 0.539872
vt 0.886314 0.539842
vt 0.884387 0.539842
vt 0.884387 0.539842
vt 0.884387 0.539872
vt 0.886314 0.539872
vt 0.886314 0.539881
vt 0.886314 0.539872
vt 0.884387 0.539872
vt 0.884387 0.539872
vt 0.884387 0.539882
vt 0.886314 0.539881
vt 0.888241 0.539871
vt 0.888241 0.539842
vt 0.886314 0.539842
vt 0.886314 0.539842
vt 0.886314 0.539872
vt 0.888241 0.539871
vt 0.888241 0.539881
vt 0.888241 0.539871
vt 0.886314 0.539872
vt 0.886314 0.539872
vt 0.886314 0.539881
vt 0.888241 0.539881
vt 0.890169 0.539871
vt 0.890169 0.539842
vt 0.888241 0.539842
vt 0.888241 0.539842
vt 0.888241 0.539871
vt 0.890169 0.539871
vt 0.890169 0.539881
vt 0.890169 0.539871
vt 0.888241 0.539871
vt 0.888241 0.539871
vt 0.888241 0.539881
vt 0.890169 0.539881
vt 0.892508 0.539877
vt 0.892508 0.539847
vt 0.890169 0.539842
vt 0.890169 0.539842
vt 0.890169 0.539871
vt 0.892508 0.539877
vt 0.892508 0.539887
vt 0.892508 0.539877
vt 0.890169 0.539871
vt 0.890169 0.539871
vt 0.890169 0.539881
vt 0.892508 0.539887
vt 0.892919 0.539876
vt 0.892944 0.539846
vt 0.892508 0.539847
vt 0.892508 0.539847
vt 0.892508 0.539877
vt 0.892919 0.539876
vt 0.892876 0.539886
vt 0.892919 0.539876
vt 0.892508 0.539877
vt 0.892508 0.539877
vt 0.892508 0.539887
vt 0.892876 0.539886
vt 0.892961 0.543124
vt 0.892987 0.543124
vt 0.892987 0.539896
vt 0.892987 0.539896
vt 0.892961 0.539926
vt 0.892961 0.543124
vt 0.892953 0.543124
vt 0.892961 0.543124
vt 0.892961 0.539926
vt 0.892961 0.539926
vt 0.892953 0.539975
vt 0.892953 0.543124
vt 0.893322 0.543203
vt 0.893322 0.543173
vt 0.893029 0.543174
vt 0.893029 0.543174
vt 0.893029 0.543203
vt 0.893322 0.543203
vt 0.893322 0.543213
vt 0.893322 0.543203
vt 0.893029 0.543203
vt 0.893029 0.543203
vt 0.893029 0.543213
vt 0.893322 0.543213
vt 0.893389 0.539885
vt 0.893364 0.539885
vt 0.893364 0.543124
vt 0.893364 0.543124
vt 0.893389 0.543123
vt 0.893389 0.539885
vt 0.893398 0.539885
vt 0.893389 0.539885
vt 0.893389 0.543123
vt 0.893389 0.543123
vt 0.893398 0.543123
vt 0.893398 0.539885
vt 0.893389 0.539582
vt 0.893364 0.539582
vt 0.893364 0.539885
vt 0.893364 0.539885
vt 0.893389 0.539885
vt 0.893389 0.539582
vt 0.893398 0.539582
vt 0.893389 0.539582
vt 0.893389 0.539885
vt 0.893389 0.539885
vt 0.893398 0.539885
vt 0.893398 0.539582
vt 0.893364 0.539503
vt 0.893389 0.539533
vt 0.893389 0.539533
vt 0.893389 0.539533
vt 0.893364 0.539503
vt 0.893364 0.539503
vt 0.893322 0.539493
vt 0.893364 0.539503
vt 0.893364 0.539503
vt 0.893364 0.539503
vt 0.893322 0.539493
vt 0.893322 0.539493
vt 0.880541 0.53953
vt 0.880566 0.5395
vt 0.880566 0.5395
vt 0.880566 0.5395
vt 0.880541 0.53953
vt 0.880541 0.53953
vt 0.880532 0.539579
vt 0.880541 0.53953
vt 0.880541 0.53953
vt 0.880541 0.53953
vt 0.880532 0.539579
vt 0.880532 0.539579
vt 0.880566 0.543201
vt 0.880541 0.543171
vt 0.880541 0.543171
vt 0.880541 0.543171
vt 0.880566 0.543201
vt 0.880566 0.543201
vt 0.880609 0.543211
vt 0.880566 0.543201
vt 0.880566 0.543201
vt 0.880566 0.543201
vt 0.880609 0.543211
vt 0.880609 0.543211
vt 0.880928 0.543171
vt 0.880902 0.543201
vt 0.880902 0.543201
vt 0.880902 0.543201
vt 0.880928 0.543171
vt 0.880928 0.543171
vt 0.880936 0.543121
vt 0.880928 0.543171
vt 0.880928 0.543171
vt 0.880928 0.543171
vt 0.880936 0.543121
vt 0.880936 0.543121
vt 0.88097 0.539892
vt 0.880945 0.539921
vt 0.880945 0.539921
vt 0.880945 0.539921
vt 0.88097 0.539892
vt 0.88097 0.539892
vt 0.881013 0.539882
vt 0.88097 0.539892
vt 0.88097 0.539892
vt 0.88097 0.539892
vt 0.881013 0.539882
vt 0.881013 0.539882
vt 0.892944 0.539926
vt 0.892919 0.539896
vt 0.892919 0.539896
vt 0.892919 0.539896
vt 0.892944 0.539926
vt 0.892944 0.539926
vt 0.892953 0.539975
vt 0.892944 0.539926
vt 0.892944 0.539926
vt 0.892944 0.539926
vt 0.892953 0.539975
vt 0.892953 0.539975
vt 0.892987 0.543203
vt 0.892961 0.543174
vt 0.892961 0.543174
vt 0.892961 0.543174
vt 0.892987 0.543203
vt 0.892987 0.543203
vt 0.893029 0.543213
vt 0.892987 0.543203
vt 0.892987 0.543203
vt 0.892987 0.543203
vt 0.893029 0.543213
vt 0.893029 0.543213
vt 0.893389 0.543173
vt 0.893364 0.543203
vt 0.893364 0.543203
vt 0.893364 0.543203
vt 0.893389 0.543173
vt 0.893389 0.543173
vt 0.893398 0.543123
vt 0.893389 0.543173
vt 0.893389 0.543173
vt 0.893389 0.543173
vt 0.893398 0.543123
vt 0.893398 0.543123
vt 0.108873 0.163295
vt 0.109151 0.163295
vt 0.109151 0.168878
vt 0.109151 0.168878
vt 0.108873 0.169141
vt 0.108873 0.163295
vt 0.105955 0.171898
vt 0.105677 0.172161
vt 0.105677 0.163295
vt 0.105677 0.163295
vt 0.105955 0.163295
vt 0.105955 0.171898
vt 0.109151 0.158923
vt 0.109151 0.163295
vt 0.108873 0.163295
vt 0.108873 0.163295
vt 0.108873 0.158923
vt 0.109151 0.158923
vt 0.105677 0.163295
vt 0.105677 0.158923
vt 0.105955 0.158923
vt 0.105955 0.158923
vt 0.105955 0.163295
vt 0.105677 0.163295
vt 0.109151 0.142712
vt 0.109151 0.154552
vt 0.108873 0.154552
vt 0.108873 0.154552
vt 0.108873 0.142712
vt 0.109151 0.142712
vt 0.105677 0.154552
vt 0.105677 0.142712
vt 0.105955 0.142712
vt 0.105955 0.142712
vt 0.105955 0.154552
vt 0.105677 0.154552
vt 0.109151 0.12882
vt 0.109151 0.142712
vt 0.108873 0.142712
vt 0.108873 0.142712
vt 0.108873 0.12882
vt 0.109151 0.12882
vt 0.105677 0.142712
vt 0.105677 0.12882
vt 0.105955 0.12882
vt 0.105955 0.12882
vt 0.105955 0.142712
vt 0.105677 0.142712
vt 0.109151 0.11579
vt 0.109151 0.12882
vt 0.108873 0.12882
vt 0.108873 0.12882
vt 0.108873 0.11579
vt 0.109151 0.11579
vt 0.105677 0.12882
vt 0.105677 0.11579
vt 0.105955 0.11579
vt 0.105955 0.11579
vt 0.105955 0.12882
vt 0.105677 0.12882
vt 0.109151 0.09493
vt 0.109151 0.11579
vt 0.108873 0.11579
vt 0.108873 0.11579
vt 0.108873 0.09493
vt 0.109151 0.09493
vt 0.105677 0.11579
vt 0.105677 0.09493
vt 0.105955 0.09493
vt 0.105955 0.09493
vt 0.105955 0.11579
vt 0.105677 0.11579
vt 0.109151 0.081196
vt 0.109151 0.09493
vt 0.108873 0.09493
vt 0.108873 0.09493
vt 0.108873 0.081196
vt 0.109151 0.081196
vt 0.105677 0.09493
vt 0.105677 0.081196
vt 0.105955 0.081196
vt 0.105955 0.081196
vt 0.105955 0.09493
vt 0.105677 0.09493
vt 0.109151 0.060159
vt 0.109151 0.081196
vt 0.108873 0.081196
vt 0.108873 0.081196
vt 0.108873 0.060159
vt 0.109151 0.060159
vt 0.105677 0.081196
vt 0.105677 0.060159
vt 0.105955 0.060159
vt 0.105955 0.060159
vt 0.105955 0.081196
vt 0.105677 0.081196
vt 0.109151 0.055749
vt 0.109151 0.060159
vt 0.108873 0.060159
vt 0.108873 0.060159
vt 0.108873 0.055749
vt 0.109151 0.055749
vt 0.105677 0.060159
vt 0.105677 0.055749
vt 0.105955 0.055749
vt 0.105955 0.055749
vt 0.105955 0.060159
vt 0.105677 0.060159
vt 0.109151 0.039035
vt 0.109151 0.051338
vt 0.108873 0.051338
vt 0.108873 0.051338
vt 0.108873 0.039035
vt 0.109151 0.039035
vt 0.105677 0.051338
vt 0.105677 0.039035
vt 0.105955 0.039035
vt 0.105955 0.039035
vt 0.105955 0.051338
vt 0.105677 0.051338
vt 0.108873 0.038853
vt 0.109151 0.039035
vt 0.108873 0.039035
vt 0.105677 0.039035
vt 0.105677 0.036757
vt 0.105955 0.03694
vt 0.105955 0.03694
vt 0.105955 0.039035
vt 0.105677 0.039035
vt 0.408678 0.028452
vt 0.408956 0.028717
vt 0.110197 0.028717
vt 0.110197 0.028717
vt 0.109919 0.028452
vt 0.408678 0.028452
vt 0.106998 0.025671
vt 0.10672 0.025406
vt 0.405483 0.025406
vt 0.405483 0.025406
vt 0.405761 0.025671
vt 0.106998 0.025671
vt 0.592474 0.028717
vt 0.436535 0.028717
vt 0.436535 0.028452
vt 0.436535 0.028452
vt 0.592474 0.028452
vt 0.592474 0.028717
vt 0.436535 0.025406
vt 0.592474 0.025406
vt 0.592474 0.025671
vt 0.592474 0.025671
vt 0.436535 0.025671
vt 0.436535 0.025406
vt 0.611077 0.028717
vt 0.592474 0.028717
vt 0.592474 0.028452
vt 0.592474 0.028452
vt 0.611077 0.028452
vt 0.611077 0.028717
vt 0.592474 0.025406
vt 0.611077 0.025406
vt 0.611077 0.025671
vt 0.611077 0.025671
vt 0.592474 0.025671
vt 0.592474 0.025406
vt 0.789151 0.028717
vt 0.611077 0.028717
vt 0.611077 0.028452
vt 0.611077 0.028452
vt 0.789429 0.028452
vt 0.789151 0.028717
vt 0.611077 0.025406
vt 0.792625 0.025406
vt 0.792347 0.025671
vt 0.792347 0.025671
vt 0.611077 0.025671
vt 0.611077 0.025406
vt 0.801338 0.038853
vt 0.80106 0.039035
vt 0.80106 0.029703
vt 0.80106 0.029703
vt 0.801338 0.029439
vt 0.801338 0.038853
vt 0.804256 0.026663
vt 0.804534 0.026399
vt 0.804534 0.036757
vt 0.804534 0.036757
vt 0.804256 0.03694
vt 0.804256 0.026663
vt 0.80106 0.051338
vt 0.80106 0.039035
vt 0.801338 0.039035
vt 0.801338 0.039035
vt 0.801338 0.051338
vt 0.80106 0.051338
vt 0.804534 0.039035
vt 0.804534 0.051338
vt 0.804256 0.051338
vt 0.804256 0.051338
vt 0.804256 0.039035
vt 0.804534 0.039035
vt 0.80106 0.055749
vt 0.80106 0.051338
vt 0.801338 0.051338
vt 0.801338 0.051338
vt 0.801338 0.055749
vt 0.80106 0.055749
vt 0.804534 0.051338
vt 0.804534 0.055749
vt 0.804256 0.055749
vt 0.804256 0.055749
vt 0.804256 0.051338
vt 0.804534 0.051338
vt 0.80106 0.081196
vt 0.80106 0.060159
vt 0.801338 0.060159
vt 0.801338 0.060159
vt 0.801338 0.081196
vt 0.80106 0.081196
vt 0.804534 0.060159
vt 0.804534 0.081196
vt 0.804256 0.081196
vt 0.804256 0.081196
vt 0.804256 0.060159
vt 0.804534 0.060159
vt 0.80106 0.09493
vt 0.80106 0.081196
vt 0.801338 0.081196
vt 0.801338 0.081196
vt 0.801338 0.09493
vt 0.80106 0.09493
vt 0.804534 0.081196
vt 0.804534 0.09493
vt 0.804256 0.09493
vt 0.804256 0.09493
vt 0.804256 0.081196
vt 0.804534 0.081196
vt 0.80106 0.11579
vt 0.80106 0.09493
vt 0.801338 0.09493
vt 0.801338 0.09493
vt 0.801338 0.11579
vt 0.80106 0.11579
vt 0.804534 0.09493
vt 0.804534 0.11579
vt 0.804256 0.11579
vt 0.804256 0.11579
vt 0.804256 0.09493
vt 0.804534 0.09493
vt 0.80106 0.12882
vt 0.80106 0.11579
vt 0.801338 0.11579
vt 0.801338 0.11579
vt 0.801338 0.12882
vt 0.80106 0.12882
vt 0.804534 0.11579
vt 0.804534 0.12882
vt 0.804256 0.12882
vt 0.804256 0.12882
vt 0.804256 0.11579
vt 0.804534 0.11579
vt 0.80106 0.142711
vt 0.80106 0.12882
vt 0.801338 0.12882
vt 0.801338 0.12882
vt 0.801338 0.142711
vt 0.80106 0.142711
vt 0.804534 0.12882
vt 0.804534 0.142711
vt 0.804256 0.142711
vt 0.804256 0.142711
vt 0.804256 0.12882
vt 0.804534 0.12882
vt 0.80106 0.154552
vt 0.80106 0.142711
vt 0.801338 0.142711
vt 0.801338 0.142711
vt 0.801338 0.154552
vt 0.80106 0.154552
vt 0.804534 0.142711
vt 0.804534 0.154552
vt 0.804256 0.154552
vt 0.804256 0.154552
vt 0.804256 0.142711
vt 0.804534 0.142711
vt 0.80106 0.158923
vt 0.80106 0.154552
vt 0.801338 0.154552
vt 0.801338 0.154552
vt 0.801338 0.158923
vt 0.80106 0.158923
vt 0.804534 0.154552
vt 0.804534 0.158923
vt 0.804256 0.158923
vt 0.804256 0.158923
vt 0.804256 0.154552
vt 0.804534 0.154552
vt 0.789429 0.170126
vt 0.789151 0.169861
vt 0.800012 0.169861
vt 0.800012 0.169861
vt 0.800292 0.170126
vt 0.789429 0.170126
vt 0.803221 0.172908
vt 0.803501 0.173173
vt 0.792625 0.173173
vt 0.792625 0.173173
vt 0.792347 0.172908
vt 0.803221 0.172908
vt 0.592474 0.169861
vt 0.611077 0.169861
vt 0.611077 0.170126
vt 0.611077 0.170126
vt 0.592474 0.170126
vt 0.592474 0.169861
vt 0.611077 0.173173
vt 0.592474 0.173173
vt 0.592474 0.172908
vt 0.592474 0.172908
vt 0.611077 0.172908
vt 0.611077 0.173173
vt 0.436535 0.169861
vt 0.592474 0.169861
vt 0.592474 0.170126
vt 0.592474 0.170126
vt 0.436535 0.170126
vt 0.436535 0.169861
vt 0.592474 0.173173
vt 0.436535 0.173173
vt 0.436535 0.172908
vt 0.436535 0.172908
vt 0.592474 0.172908
vt 0.592474 0.173173
vt 0.408956 0.169861
vt 0.436535 0.169861
vt 0.436535 0.170126
vt 0.436535 0.170126
vt 0.408678 0.170126
vt 0.408956 0.169861
vt 0.436535 0.173173
vt 0.405483 0.173173
vt 0.405761 0.172908
vt 0.405761 0.172908
vt 0.436535 0.172908
vt 0.436535 0.173173
vt 0.110199 0.169861
vt 0.408956 0.169861
vt 0.408678 0.170126
vt 0.408678 0.170126
vt 0.10992 0.170126
vt 0.110199 0.169861
vt 0.405483 0.173173
vt 0.106711 0.173173
vt 0.10699 0.172908
vt 0.10699 0.172908
vt 0.405761 0.172908
vt 0.405483 0.173173
vt 0.436535 0.028452
vt 0.436535 0.028717
vt 0.408956 0.028717
vt 0.408956 0.028717
vt 0.408678 0.028452
vt 0.436535 0.028452
vt 0.405761 0.025671
vt 0.405483 0.025406
vt 0.436535 0.025406
vt 0.436535 0.025406
vt 0.436535 0.025671
vt 0.405761 0.025671
vt 0.80106 0.168878
vt 0.80106 0.163295
vt 0.801338 0.163295
vt 0.801338 0.163295
vt 0.801338 0.169141
vt 0.80106 0.168878
vt 0.804534 0.163295
vt 0.804534 0.172161
vt 0.804256 0.171898
vt 0.804256 0.171898
vt 0.804256 0.163295
vt 0.804534 0.163295
vt 0.109151 0.029703
vt 0.109151 0.039035
vt 0.108873 0.038853
vt 0.108873 0.038853
vt 0.108873 0.029439
vt 0.109151 0.029703
vt 0.105677 0.036757
vt 0.105677 0.026399
vt 0.105955 0.026663
vt 0.105955 0.026663
vt 0.105955 0.03694
vt 0.105677 0.036757
vt 0.801338 0.039035
vt 0.80106 0.039035
vt 0.801338 0.038853
vt 0.804256 0.03694
vt 0.804534 0.036757
vt 0.804534 0.039035
vt 0.804534 0.039035
vt 0.804256 0.039035
vt 0.804256 0.03694
vt 0.800014 0.028717
vt 0.789151 0.028717
vt 0.789429 0.028452
vt 0.789429 0.028452
vt 0.800292 0.028452
vt 0.800014 0.028717
vt 0.792625 0.025406
vt 0.803491 0.025406
vt 0.803213 0.025671
vt 0.803213 0.025671
vt 0.792347 0.025671
vt 0.792625 0.025406
vt 0.611077 0.169861
vt 0.789151 0.169861
vt 0.789429 0.170126
vt 0.789429 0.170126
vt 0.611077 0.170126
vt 0.611077 0.169861
vt 0.792625 0.173173
vt 0.611077 0.173173
vt 0.611077 0.172908
vt 0.611077 0.172908
vt 0.792347 0.172908
vt 0.792625 0.173173
vt 0.109617 0.169752
vt 0.110199 0.169861
vt 0.10992 0.170126
vt 0.10992 0.170126
vt 0.109338 0.170017
vt 0.109617 0.169752
vt 0.106711 0.173173
vt 0.106137 0.17306
vt 0.106415 0.172796
vt 0.106415 0.172796
vt 0.10699 0.172908
vt 0.106711 0.173173
vt 0.109267 0.029155
vt 0.109151 0.029703
vt 0.108873 0.029439
vt 0.108873 0.029439
vt 0.108989 0.028891
vt 0.109267 0.029155
vt 0.105677 0.026399
vt 0.105793 0.025847
vt 0.106071 0.026112
vt 0.106071 0.026112
vt 0.105955 0.026663
vt 0.105677 0.026399
vt 0.800595 0.028826
vt 0.800014 0.028717
vt 0.800292 0.028452
vt 0.800292 0.028452
vt 0.800873 0.028561
vt 0.800595 0.028826
vt 0.803491 0.025406
vt 0.80407 0.025516
vt 0.803792 0.025781
vt 0.803792 0.025781
vt 0.803213 0.025671
vt 0.803491 0.025406
vt 0.800944 0.169424
vt 0.80106 0.168878
vt 0.801338 0.169141
vt 0.801338 0.169141
vt 0.801222 0.169688
vt 0.800944 0.169424
vt 0.804534 0.172161
vt 0.804419 0.172723
vt 0.804141 0.172459
vt 0.804141 0.172459
vt 0.804256 0.171898
vt 0.804534 0.172161
vt 0.109267 0.169424
vt 0.109617 0.169752
vt 0.109338 0.170017
vt 0.109338 0.170017
vt 0.108989 0.169688
vt 0.109267 0.169424
vt 0.106415 0.172796
vt 0.106137 0.17306
vt 0.105792 0.172723
vt 0.105792 0.172723
vt 0.10607 0.172459
vt 0.106415 0.172796
vt 0.108873 0.169141
vt 0.109151 0.168878
vt 0.109267 0.169424
vt 0.109267 0.169424
vt 0.108989 0.169688
vt 0.108873 0.169141
vt 0.10607 0.172459
vt 0.105792 0.172723
vt 0.105677 0.172161
vt 0.105677 0.172161
vt 0.105955 0.171898
vt 0.10607 0.172459
vt 0.109338 0.028562
vt 0.109616 0.028826
vt 0.109267 0.029155
vt 0.109267 0.029155
vt 0.108989 0.028891
vt 0.109338 0.028562
vt 0.105793 0.025847
vt 0.106141 0.025516
vt 0.106419 0.025781
vt 0.106419 0.025781
vt 0.106071 0.026112
vt 0.105793 0.025847
vt 0.109919 0.028452
vt 0.110197 0.028717
vt 0.109616 0.028826
vt 0.109616 0.028826
vt 0.109338 0.028562
vt 0.109919 0.028452
vt 0.106419 0.025781
vt 0.106141 0.025516
vt 0.10672 0.025406
vt 0.10672 0.025406
vt 0.106998 0.025671
vt 0.106419 0.025781
vt 0.800944 0.029155
vt 0.800595 0.028826
vt 0.800873 0.028561
vt 0.800873 0.028561
vt 0.801222 0.028891
vt 0.800944 0.029155
vt 0.80407 0.025516
vt 0.804418 0.025847
vt 0.80414 0.026112
vt 0.80414 0.026112
vt 0.803792 0.025781
vt 0.80407 0.025516
vt 0.801338 0.029439
vt 0.80106 0.029703
vt 0.800944 0.029155
vt 0.800944 0.029155
vt 0.801222 0.028891
vt 0.801338 0.029439
vt 0.80414 0.026112
vt 0.804418 0.025847
vt 0.804534 0.026399
vt 0.804534 0.026399
vt 0.804256 0.026663
vt 0.80414 0.026112
vt 0.800873 0.170017
vt 0.800595 0.169752
vt 0.800944 0.169424
vt 0.800944 0.169424
vt 0.801222 0.169688
vt 0.800873 0.170017
vt 0.804419 0.172723
vt 0.804075 0.17306
vt 0.803796 0.172796
vt 0.803796 0.172796
vt 0.804141 0.172459
vt 0.804419 0.172723
vt 0.800292 0.170126
vt 0.800012 0.169861
vt 0.800595 0.169752
vt 0.800595 0.169752
vt 0.800873 0.170017
vt 0.800292 0.170126
vt 0.803796 0.172796
vt 0.804075 0.17306
vt 0.803501 0.173173
vt 0.803501 0.173173
vt 0.803221 0.172908
vt 0.803796 0.172796
vt 0.109151 0.154552
vt 0.109151 0.158923
vt 0.108873 0.158923
vt 0.108873 0.158923
vt 0.108873 0.154552
vt 0.109151 0.154552
vt 0.105677 0.158923
vt 0.105677 0.154552
vt 0.105955 0.154552
vt 0.105955 0.154552
vt 0.105955 0.158923
vt 0.105677 0.158923
vt 0.80106 0.163295
vt 0.80106 0.158923
vt 0.801338 0.158923
vt 0.801338 0.158923
vt 0.801338 0.163295
vt 0.80106 0.163295
vt 0.804534 0.158923
vt 0.804534 0.163295
vt 0.804256 0.163295
vt 0.804256 0.163295
vt 0.804256 0.158923
vt 0.804534 0.158923
vt 0.109151 0.051338
vt 0.109151 0.055749
vt 0.108873 0.055749
vt 0.108873 0.055749
vt 0.108873 0.051338
vt 0.109151 0.051338
vt 0.105677 0.055749
vt 0.105677 0.051338
vt 0.105955 0.051338
vt 0.105955 0.051338
vt 0.105955 0.055749
vt 0.105677 0.055749
vt 0.80106 0.060159
vt 0.80106 0.055749
vt 0.801338 0.055749
vt 0.801338 0.055749
vt 0.801338 0.060159
vt 0.80106 0.060159
vt 0.804534 0.055749
vt 0.804534 0.060159
vt 0.804256 0.060159
vt 0.804256 0.060159
vt 0.804256 0.055749
vt 0.804534 0.055749
vt 0.714781 0.404654
vt 0.714577 0.40317
vt 0.735399 0.402427
vt 0.735399 0.402427
vt 0.735518 0.403954
vt 0.714781 0.404654
vt 0.716622 0.418012
vt 0.714781 0.404654
vt 0.735518 0.403954
vt 0.735518 0.403954
vt 0.736588 0.417704
vt 0.716622 0.418012
vt 0.737657 0.431453
vt 0.737776 0.432981
vt 0.718668 0.432855
vt 0.718668 0.432855
vt 0.718463 0.43137
vt 0.737657 0.431453
vt 0.793118 0.206185
vt 0.804159 0.206185
vt 0.804156 0.207382
vt 0.804156 0.207382
vt 0.793118 0.207382
vt 0.793118 0.206185
vt 0.793118 0.207382
vt 0.804156 0.207382
vt 0.804128 0.218154
vt 0.804128 0.218154
vt 0.793118 0.218154
vt 0.793118 0.207382
vt 0.804097 0.230123
vt 0.793118 0.230123
vt 0.793118 0.228926
vt 0.793118 0.228926
vt 0.8041 0.228926
vt 0.804097 0.230123
vt 0.562729 0.396038
vt 0.581837 0.395911
vt 0.581718 0.397439
vt 0.581718 0.397439
vt 0.562525 0.397522
vt 0.562729 0.396038
vt 0.562525 0.397522
vt 0.581718 0.397439
vt 0.580649 0.411189
vt 0.580649 0.411189
vt 0.560683 0.41088
vt 0.562525 0.397522
vt 0.579461 0.426466
vt 0.558638 0.425723
vt 0.558842 0.424238
vt 0.558842 0.424238
vt 0.579579 0.424938
vt 0.579461 0.426466
vt 0.791278 0.401604
vt 0.793937 0.401614
vt 0.793927 0.403202
vt 0.793927 0.403202
vt 0.791267 0.403192
vt 0.791278 0.401604
vt 0.791267 0.403192
vt 0.793927 0.403202
vt 0.793832 0.417498
vt 0.793832 0.417498
vt 0.791173 0.417488
vt 0.791267 0.403192
vt 0.793727 0.433383
vt 0.791068 0.433373
vt 0.791078 0.431784
vt 0.791078 0.431784
vt 0.793737 0.431795
vt 0.793727 0.433383
vt 0.770136 0.401656
vt 0.77455 0.401645
vt 0.77454 0.403233
vt 0.77454 0.403233
vt 0.770126 0.403244
vt 0.770136 0.401656
vt 0.770126 0.403244
vt 0.77454 0.403233
vt 0.774445 0.41753
vt 0.774445 0.41753
vt 0.770031 0.41754
vt 0.770126 0.403244
vt 0.77434 0.433414
vt 0.769926 0.433425
vt 0.769936 0.431837
vt 0.769936 0.431837
vt 0.774351 0.431826
vt 0.77434 0.433414
vt 0.7491 0.401902
vt 0.770136 0.401656
vt 0.770126 0.403244
vt 0.770126 0.403244
vt 0.749128 0.40346
vt 0.7491 0.401902
vt 0.749128 0.40346
vt 0.770126 0.403244
vt 0.770031 0.41754
vt 0.770031 0.41754
vt 0.74938 0.417481
vt 0.749128 0.40346
vt 0.769926 0.433425
vt 0.749661 0.43306
vt 0.749633 0.431502
vt 0.749633 0.431502
vt 0.769936 0.431837
vt 0.769926 0.433425
vt 0.735399 0.402427
vt 0.7491 0.401902
vt 0.749128 0.40346
vt 0.749128 0.40346
vt 0.735518 0.403954
vt 0.735399 0.402427
vt 0.736588 0.417704
vt 0.735518 0.403954
vt 0.749128 0.40346
vt 0.749128 0.40346
vt 0.74938 0.417481
vt 0.736588 0.417704
vt 0.749633 0.431502
vt 0.749661 0.43306
vt 0.737776 0.432981
vt 0.737776 0.432981
vt 0.737657 0.431453
vt 0.749633 0.431502
vt 0.675455 0.431316
vt 0.675885 0.432571
vt 0.668141 0.43252
vt 0.668141 0.43252
vt 0.668098 0.431267
vt 0.675455 0.431316
vt 0.671589 0.420016
vt 0.675455 0.431316
vt 0.668098 0.431267
vt 0.668098 0.431267
vt 0.667717 0.41999
vt 0.671589 0.420016
vt 0.667335 0.408713
vt 0.667293 0.40746
vt 0.667722 0.408715
vt 0.694633 0.431348
vt 0.694993 0.432698
vt 0.683896 0.432625
vt 0.683896 0.432625
vt 0.683501 0.431329
vt 0.694633 0.431348
vt 0.691392 0.419198
vt 0.694633 0.431348
vt 0.683501 0.431329
vt 0.683501 0.431329
vt 0.679946 0.419668
vt 0.691392 0.419198
vt 0.676392 0.408007
vt 0.675997 0.406712
vt 0.68779 0.405698
vt 0.68779 0.405698
vt 0.68815 0.407048
vt 0.676392 0.408007
vt 0.707022 0.431354
vt 0.707307 0.432779
vt 0.694993 0.432698
vt 0.694993 0.432698
vt 0.694633 0.431348
vt 0.707022 0.431354
vt 0.704457 0.418523
vt 0.707022 0.431354
vt 0.694633 0.431348
vt 0.694633 0.431348
vt 0.691392 0.419198
vt 0.704457 0.418523
vt 0.68815 0.407048
vt 0.68779 0.405698
vt 0.701606 0.404267
vt 0.701606 0.404267
vt 0.701891 0.405693
vt 0.68815 0.407048
vt 0.718463 0.43137
vt 0.718668 0.432855
vt 0.707307 0.432779
vt 0.707307 0.432779
vt 0.707022 0.431354
vt 0.718463 0.43137
vt 0.716622 0.418012
vt 0.718463 0.43137
vt 0.707022 0.431354
vt 0.707022 0.431354
vt 0.704457 0.418523
vt 0.716622 0.418012
vt 0.701891 0.405693
vt 0.701606 0.404267
vt 0.714577 0.40317
vt 0.714577 0.40317
vt 0.714781 0.404654
vt 0.701891 0.405693
vt 0.635129 0.39552
vt 0.637788 0.395509
vt 0.637798 0.397098
vt 0.637798 0.397098
vt 0.635139 0.397108
vt 0.635129 0.39552
vt 0.635139 0.397108
vt 0.637798 0.397098
vt 0.637893 0.411394
vt 0.637893 0.411394
vt 0.635234 0.411404
vt 0.635139 0.397108
vt 0.637998 0.427279
vt 0.635339 0.427289
vt 0.635328 0.425701
vt 0.635328 0.425701
vt 0.637988 0.42569
vt 0.637998 0.427279
vt 0.613997 0.397056
vt 0.613987 0.395467
vt 0.618401 0.395478
vt 0.618401 0.395478
vt 0.618412 0.397067
vt 0.613997 0.397056
vt 0.614092 0.411352
vt 0.613997 0.397056
vt 0.618412 0.397067
vt 0.618412 0.397067
vt 0.618506 0.411363
vt 0.614092 0.411352
vt 0.618601 0.425659
vt 0.618611 0.427248
vt 0.614197 0.427237
vt 0.614197 0.427237
vt 0.614187 0.425648
vt 0.618601 0.425659
vt 0.593722 0.395833
vt 0.613987 0.395467
vt 0.613997 0.397056
vt 0.613997 0.397056
vt 0.593694 0.397391
vt 0.593722 0.395833
vt 0.593694 0.397391
vt 0.613997 0.397056
vt 0.614092 0.411352
vt 0.614092 0.411352
vt 0.593441 0.411412
vt 0.593694 0.397391
vt 0.614197 0.427237
vt 0.593161 0.42699
vt 0.593189 0.425432
vt 0.593189 0.425432
vt 0.614187 0.425648
vt 0.614197 0.427237
vt 0.581837 0.395911
vt 0.593722 0.395833
vt 0.593694 0.397391
vt 0.593694 0.397391
vt 0.581718 0.397439
vt 0.581837 0.395911
vt 0.581718 0.397439
vt 0.593694 0.397391
vt 0.593441 0.411412
vt 0.593441 0.411412
vt 0.580649 0.411189
vt 0.581718 0.397439
vt 0.593161 0.42699
vt 0.579461 0.426466
vt 0.579579 0.424938
vt 0.579579 0.424938
vt 0.593189 0.425432
vt 0.593161 0.42699
vt 0.511783 0.420177
vt 0.511354 0.421433
vt 0.511396 0.42018
vt 0.511783 0.420177
vt 0.511396 0.42018
vt 0.511778 0.408903
vt 0.511778 0.408903
vt 0.51565 0.408877
vt 0.511783 0.420177
vt 0.512202 0.396372
vt 0.519946 0.396321
vt 0.519516 0.397577
vt 0.519516 0.397577
vt 0.512159 0.397625
vt 0.512202 0.396372
vt 0.531851 0.423195
vt 0.520058 0.422181
vt 0.520453 0.420885
vt 0.520453 0.420885
vt 0.532211 0.421845
vt 0.531851 0.423195
vt 0.532211 0.421845
vt 0.520453 0.420885
vt 0.524007 0.409224
vt 0.524007 0.409224
vt 0.535453 0.409695
vt 0.532211 0.421845
vt 0.527957 0.396268
vt 0.539054 0.396195
vt 0.538694 0.397545
vt 0.538694 0.397545
vt 0.527562 0.397564
vt 0.527957 0.396268
vt 0.545667 0.424625
vt 0.531851 0.423195
vt 0.532211 0.421845
vt 0.532211 0.421845
vt 0.545952 0.4232
vt 0.545667 0.424625
vt 0.545952 0.4232
vt 0.532211 0.421845
vt 0.535453 0.409695
vt 0.535453 0.409695
vt 0.548518 0.410369
vt 0.545952 0.4232
vt 0.539054 0.396195
vt 0.551369 0.396113
vt 0.551083 0.397539
vt 0.551083 0.397539
vt 0.538694 0.397545
vt 0.539054 0.396195
vt 0.558638 0.425723
vt 0.545667 0.424625
vt 0.545952 0.4232
vt 0.545952 0.4232
vt 0.558842 0.424238
vt 0.558638 0.425723
vt 0.558842 0.424238
vt 0.545952 0.4232
vt 0.548518 0.410369
vt 0.548518 0.410369
vt 0.560683 0.41088
vt 0.558842 0.424238
vt 0.551369 0.396113
vt 0.562729 0.396038
vt 0.562525 0.397522
vt 0.562525 0.397522
vt 0.551083 0.397539
vt 0.551369 0.396113
vt 0.804154 0.20534
vt 0.793119 0.20534
vt 0.793119 0.203752
vt 0.793119 0.203752
vt 0.804151 0.203752
vt 0.804154 0.20534
vt 0.804151 0.203752
vt 0.793119 0.203752
vt 0.793119 0.189456
vt 0.793119 0.189456
vt 0.804126 0.189456
vt 0.804151 0.203752
vt 0.793119 0.173571
vt 0.804098 0.173571
vt 0.804101 0.17516
vt 0.804101 0.17516
vt 0.793119 0.17516
vt 0.793119 0.173571
vt 0.436631 0.206184
vt 0.59257 0.206184
vt 0.59257 0.207381
vt 0.59257 0.207381
vt 0.436631 0.207381
vt 0.436631 0.206184
vt 0.436631 0.207381
vt 0.59257 0.207381
vt 0.59257 0.218154
vt 0.59257 0.218154
vt 0.436631 0.218154
vt 0.436631 0.207381
vt 0.59257 0.230123
vt 0.436631 0.230123
vt 0.436631 0.228926
vt 0.436631 0.228926
vt 0.59257 0.228926
vt 0.59257 0.230123
vt 0.436632 0.173571
vt 0.592571 0.173571
vt 0.592571 0.17516
vt 0.592571 0.17516
vt 0.436632 0.17516
vt 0.436632 0.173571
vt 0.436632 0.17516
vt 0.592571 0.17516
vt 0.592571 0.189456
vt 0.592571 0.189456
vt 0.436632 0.189456
vt 0.436632 0.17516
vt 0.592571 0.20534
vt 0.436632 0.20534
vt 0.436632 0.203752
vt 0.436632 0.203752
vt 0.592571 0.203752
vt 0.592571 0.20534
vt 0.405182 0.206185
vt 0.436631 0.206184
vt 0.436631 0.207381
vt 0.436631 0.207381
vt 0.405182 0.207382
vt 0.405182 0.206185
vt 0.405182 0.207382
vt 0.436631 0.207381
vt 0.436631 0.218154
vt 0.436631 0.218154
vt 0.405182 0.218154
vt 0.405182 0.207382
vt 0.436631 0.230123
vt 0.405182 0.230123
vt 0.405182 0.228926
vt 0.405182 0.228926
vt 0.436631 0.228926
vt 0.436631 0.230123
vt 0.405183 0.173571
vt 0.436632 0.173571
vt 0.436632 0.17516
vt 0.436632 0.17516
vt 0.405183 0.17516
vt 0.405183 0.173571
vt 0.405183 0.17516
vt 0.436632 0.17516
vt 0.436632 0.189456
vt 0.436632 0.189456
vt 0.405183 0.189456
vt 0.405183 0.17516
vt 0.436632 0.20534
vt 0.405183 0.20534
vt 0.405183 0.203752
vt 0.405183 0.203752
vt 0.436632 0.203752
vt 0.436632 0.20534
vt 0.791068 0.433373
vt 0.778754 0.433403
vt 0.778765 0.431815
vt 0.778765 0.431815
vt 0.791078 0.431784
vt 0.791068 0.433373
vt 0.791078 0.431784
vt 0.778765 0.431815
vt 0.778859 0.417519
vt 0.778859 0.417519
vt 0.791173 0.417488
vt 0.791078 0.431784
vt 0.778965 0.401634
vt 0.791278 0.401604
vt 0.791267 0.403192
vt 0.791267 0.403192
vt 0.778954 0.403222
vt 0.778965 0.401634
vt 0.635339 0.427289
vt 0.623026 0.427258
vt 0.623015 0.42567
vt 0.623015 0.42567
vt 0.635328 0.425701
vt 0.635339 0.427289
vt 0.635234 0.411404
vt 0.635328 0.425701
vt 0.623015 0.42567
vt 0.623015 0.42567
vt 0.62292 0.411374
vt 0.635234 0.411404
vt 0.622815 0.395489
vt 0.635129 0.39552
vt 0.635139 0.397108
vt 0.635139 0.397108
vt 0.622826 0.397078
vt 0.622815 0.395489
vt 0.672057 0.408361
vt 0.671645 0.407086
vt 0.675997 0.406712
vt 0.675997 0.406712
vt 0.676392 0.408007
vt 0.672057 0.408361
vt 0.675768 0.419842
vt 0.672057 0.408361
vt 0.676392 0.408007
vt 0.676392 0.408007
vt 0.679946 0.419668
vt 0.675768 0.419842
vt 0.683501 0.431329
vt 0.683896 0.432625
vt 0.67989 0.432598
vt 0.67989 0.432598
vt 0.679478 0.431322
vt 0.683501 0.431329
vt 0.523951 0.396295
vt 0.527957 0.396268
vt 0.527562 0.397564
vt 0.527562 0.397564
vt 0.523539 0.39757
vt 0.523951 0.396295
vt 0.523539 0.39757
vt 0.527562 0.397564
vt 0.524007 0.409224
vt 0.524007 0.409224
vt 0.519829 0.409051
vt 0.523539 0.39757
vt 0.520058 0.422181
vt 0.515706 0.421807
vt 0.516118 0.420531
vt 0.516118 0.420531
vt 0.520453 0.420885
vt 0.520058 0.422181
vt 0.59257 0.206184
vt 0.611174 0.206184
vt 0.611174 0.207381
vt 0.611174 0.207381
vt 0.59257 0.207381
vt 0.59257 0.206184
vt 0.59257 0.207381
vt 0.611174 0.207381
vt 0.611174 0.218154
vt 0.611174 0.218154
vt 0.59257 0.218154
vt 0.59257 0.207381
vt 0.611174 0.230123
vt 0.59257 0.230123
vt 0.59257 0.228926
vt 0.59257 0.228926
vt 0.611174 0.228926
vt 0.611174 0.230123
vt 0.592571 0.173571
vt 0.611174 0.173571
vt 0.611174 0.17516
vt 0.611174 0.17516
vt 0.592571 0.17516
vt 0.592571 0.173571
vt 0.592571 0.17516
vt 0.611174 0.17516
vt 0.611174 0.189456
vt 0.611174 0.189456
vt 0.592571 0.189456
vt 0.592571 0.17516
vt 0.611174 0.20534
vt 0.592571 0.20534
vt 0.592571 0.203752
vt 0.592571 0.203752
vt 0.611174 0.203752
vt 0.611174 0.20534
vt 0.106245 0.206185
vt 0.405182 0.206185
vt 0.405182 0.207382
vt 0.405182 0.207382
vt 0.106248 0.207382
vt 0.106245 0.206185
vt 0.106248 0.207382
vt 0.405182 0.207382
vt 0.405182 0.218154
vt 0.405182 0.218154
vt 0.106276 0.218154
vt 0.106248 0.207382
vt 0.405182 0.230123
vt 0.106307 0.230123
vt 0.106304 0.228926
vt 0.106304 0.228926
vt 0.405182 0.228926
vt 0.405182 0.230123
vt 0.106308 0.173571
vt 0.405183 0.173571
vt 0.405183 0.17516
vt 0.405183 0.17516
vt 0.106305 0.17516
vt 0.106308 0.173571
vt 0.106305 0.17516
vt 0.405183 0.17516
vt 0.405183 0.189456
vt 0.405183 0.189456
vt 0.10628 0.189456
vt 0.106305 0.17516
vt 0.405183 0.20534
vt 0.106252 0.20534
vt 0.106255 0.203752
vt 0.106255 0.203752
vt 0.405183 0.203752
vt 0.405183 0.20534
vt 0.657781 0.408422
vt 0.667293 0.40746
vt 0.667335 0.408713
vt 0.667335 0.408713
vt 0.657775 0.409623
vt 0.657781 0.408422
vt 0.657775 0.409623
vt 0.667335 0.408713
vt 0.667717 0.41999
vt 0.667717 0.41999
vt 0.657723 0.420436
vt 0.657775 0.409623
vt 0.668141 0.43252
vt 0.657664 0.432451
vt 0.65767 0.431249
vt 0.65767 0.431249
vt 0.668098 0.431267
vt 0.668141 0.43252
vt 0.501725 0.396442
vt 0.512202 0.396372
vt 0.512159 0.397625
vt 0.512159 0.397625
vt 0.501731 0.397643
vt 0.501725 0.396442
vt 0.501731 0.397643
vt 0.512159 0.397625
vt 0.511778 0.408903
vt 0.511778 0.408903
vt 0.501784 0.408456
vt 0.501731 0.397643
vt 0.511396 0.42018
vt 0.511354 0.421433
vt 0.501842 0.420471
vt 0.501842 0.420471
vt 0.501836 0.41927
vt 0.511396 0.42018
vt 0.804204 0.433423
vt 0.793727 0.433383
vt 0.793737 0.431795
vt 0.793737 0.431795
vt 0.804217 0.431835
vt 0.804204 0.433423
vt 0.804217 0.431835
vt 0.793737 0.431795
vt 0.793832 0.417498
vt 0.793832 0.417498
vt 0.804335 0.417539
vt 0.804217 0.431835
vt 0.793937 0.401614
vt 0.804467 0.401654
vt 0.804454 0.403243
vt 0.804454 0.403243
vt 0.793927 0.403202
vt 0.793937 0.401614
vt 0.648529 0.427238
vt 0.637998 0.427279
vt 0.637988 0.42569
vt 0.637988 0.42569
vt 0.648515 0.42565
vt 0.648529 0.427238
vt 0.648515 0.42565
vt 0.637988 0.42569
vt 0.637893 0.411394
vt 0.637893 0.411394
vt 0.648396 0.411354
vt 0.648515 0.42565
vt 0.637788 0.395509
vt 0.648265 0.395469
vt 0.648278 0.397058
vt 0.648278 0.397058
vt 0.637798 0.397098
vt 0.637788 0.395509
vt 0.611174 0.206184
vt 0.793118 0.206185
vt 0.793118 0.207382
vt 0.793118 0.207382
vt 0.611174 0.207381
vt 0.611174 0.206184
vt 0.611174 0.207381
vt 0.793118 0.207382
vt 0.793118 0.218154
vt 0.793118 0.218154
vt 0.611174 0.218154
vt 0.611174 0.207381
vt 0.793118 0.230123
vt 0.611174 0.230123
vt 0.611174 0.228926
vt 0.611174 0.228926
vt 0.793118 0.228926
vt 0.793118 0.230123
vt 0.611174 0.173571
vt 0.793119 0.173571
vt 0.793119 0.17516
vt 0.793119 0.17516
vt 0.611174 0.17516
vt 0.611174 0.173571
vt 0.611174 0.17516
vt 0.793119 0.17516
vt 0.793119 0.189456
vt 0.793119 0.189456
vt 0.611174 0.189456
vt 0.611174 0.17516
vt 0.793119 0.20534
vt 0.611174 0.20534
vt 0.611174 0.203752
vt 0.611174 0.203752
vt 0.793119 0.203752
vt 0.793119 0.20534
vt 0.657311 0.408469
vt 0.657781 0.408422
vt 0.657775 0.409623
vt 0.657775 0.409623
vt 0.657304 0.409668
vt 0.657311 0.408469
vt 0.657304 0.409668
vt 0.657775 0.409623
vt 0.657723 0.420436
vt 0.657723 0.420436
vt 0.657241 0.420458
vt 0.657304 0.409668
vt 0.657664 0.432451
vt 0.657171 0.432448
vt 0.657178 0.431249
vt 0.657178 0.431249
vt 0.65767 0.431249
vt 0.657664 0.432451
vt 0.105764 0.207373
vt 0.105763 0.206176
vt 0.106245 0.206185
vt 0.106245 0.206185
vt 0.106248 0.207382
vt 0.105764 0.207373
vt 0.105764 0.207373
vt 0.106248 0.207382
vt 0.106276 0.218154
vt 0.106276 0.218154
vt 0.105777 0.21815
vt 0.105764 0.207373
vt 0.106307 0.230123
vt 0.10579 0.230124
vt 0.105789 0.228926
vt 0.105789 0.228926
vt 0.106304 0.228926
vt 0.106307 0.230123
vt 0.804697 0.433425
vt 0.804204 0.433423
vt 0.804217 0.431835
vt 0.804217 0.431835
vt 0.804708 0.431837
vt 0.804697 0.433425
vt 0.804708 0.431837
vt 0.804217 0.431835
vt 0.804335 0.417539
vt 0.804335 0.417539
vt 0.804814 0.41754
vt 0.804708 0.431837
vt 0.804467 0.401654
vt 0.804931 0.401656
vt 0.804919 0.403244
vt 0.804919 0.403244
vt 0.804454 0.403243
vt 0.804467 0.401654
vt 0.648992 0.427237
vt 0.648529 0.427238
vt 0.648515 0.42565
vt 0.648515 0.42565
vt 0.64898 0.425648
vt 0.648992 0.427237
vt 0.64898 0.425648
vt 0.648515 0.42565
vt 0.648396 0.411354
vt 0.648396 0.411354
vt 0.648875 0.411352
vt 0.64898 0.425648
vt 0.648265 0.395469
vt 0.648758 0.395467
vt 0.648769 0.397056
vt 0.648769 0.397056
vt 0.648278 0.397058
vt 0.648265 0.395469
vt 0.804641 0.206176
vt 0.804931 0.206148
vt 0.80493 0.207347
vt 0.80493 0.207347
vt 0.80464 0.207373
vt 0.804641 0.206176
vt 0.80464 0.207373
vt 0.80493 0.207347
vt 0.804927 0.218137
vt 0.804927 0.218137
vt 0.804628 0.21815
vt 0.80464 0.207373
vt 0.804924 0.230126
vt 0.804614 0.230124
vt 0.804615 0.228926
vt 0.804615 0.228926
vt 0.804924 0.228927
vt 0.804924 0.230126
vt 0.804159 0.206185
vt 0.804641 0.206176
vt 0.80464 0.207373
vt 0.80464 0.207373
vt 0.804156 0.207382
vt 0.804159 0.206185
vt 0.804156 0.207382
vt 0.80464 0.207373
vt 0.804628 0.21815
vt 0.804628 0.21815
vt 0.804128 0.218154
vt 0.804156 0.207382
vt 0.804614 0.230124
vt 0.804097 0.230123
vt 0.8041 0.228926
vt 0.8041 0.228926
vt 0.804615 0.228926
vt 0.804614 0.230124
vt 0.105474 0.207347
vt 0.105473 0.206148
vt 0.105763 0.206176
vt 0.105763 0.206176
vt 0.105764 0.207373
vt 0.105474 0.207347
vt 0.105474 0.207347
vt 0.105764 0.207373
vt 0.105777 0.21815
vt 0.105777 0.21815
vt 0.105477 0.218137
vt 0.105474 0.207347
vt 0.10579 0.230124
vt 0.10548 0.230126
vt 0.10548 0.228927
vt 0.10548 0.228927
vt 0.105789 0.228926
vt 0.10579 0.230124
vt 0.501836 0.41927
vt 0.501842 0.420471
vt 0.501372 0.420424
vt 0.501372 0.420424
vt 0.501365 0.419225
vt 0.501836 0.41927
vt 0.501784 0.408456
vt 0.501836 0.41927
vt 0.501365 0.419225
vt 0.501365 0.419225
vt 0.501302 0.408434
vt 0.501784 0.408456
vt 0.501232 0.396445
vt 0.501725 0.396442
vt 0.501731 0.397643
vt 0.501731 0.397643
vt 0.501239 0.397644
vt 0.501232 0.396445
vt 0.804614 0.173572
vt 0.804924 0.173574
vt 0.804925 0.175162
vt 0.804925 0.175162
vt 0.804616 0.17516
vt 0.804614 0.173572
vt 0.804616 0.17516
vt 0.804925 0.175162
vt 0.804928 0.189458
vt 0.804928 0.189458
vt 0.804627 0.189456
vt 0.804616 0.17516
vt 0.804931 0.205343
vt 0.804639 0.205341
vt 0.804638 0.203752
vt 0.804638 0.203752
vt 0.80493 0.203754
vt 0.804931 0.205343
vt 0.804098 0.173571
vt 0.804614 0.173572
vt 0.804616 0.17516
vt 0.804616 0.17516
vt 0.804101 0.17516
vt 0.804098 0.173571
vt 0.804101 0.17516
vt 0.804616 0.17516
vt 0.804627 0.189456
vt 0.804627 0.189456
vt 0.804126 0.189456
vt 0.804101 0.17516
vt 0.804639 0.205341
vt 0.804154 0.20534
vt 0.804151 0.203752
vt 0.804151 0.203752
vt 0.804638 0.203752
vt 0.804639 0.205341
vt 0.105766 0.205341
vt 0.105475 0.205343
vt 0.105475 0.203754
vt 0.105475 0.203754
vt 0.105767 0.203752
vt 0.105766 0.205341
vt 0.105767 0.203752
vt 0.105475 0.203754
vt 0.105478 0.189458
vt 0.105478 0.189458
vt 0.105778 0.189456
vt 0.105767 0.203752
vt 0.105481 0.173574
vt 0.105791 0.173572
vt 0.10579 0.175161
vt 0.10579 0.175161
vt 0.10548 0.175162
vt 0.105481 0.173574
vt 0.106252 0.20534
vt 0.105766 0.205341
vt 0.105767 0.203752
vt 0.105767 0.203752
vt 0.106255 0.203752
vt 0.106252 0.20534
vt 0.106255 0.203752
vt 0.105767 0.203752
vt 0.105778 0.189456
vt 0.105778 0.189456
vt 0.10628 0.189456
vt 0.106255 0.203752
vt 0.105791 0.173572
vt 0.106308 0.173571
vt 0.106305 0.17516
vt 0.106305 0.17516
vt 0.10579 0.175161
vt 0.105791 0.173572
vt 0.667722 0.408715
vt 0.667293 0.40746
vt 0.671645 0.407086
vt 0.671645 0.407086
vt 0.672057 0.408361
vt 0.667722 0.408715
vt 0.671589 0.420016
vt 0.667722 0.408715
vt 0.672057 0.408361
vt 0.672057 0.408361
vt 0.675768 0.419842
vt 0.671589 0.420016
vt 0.679478 0.431322
vt 0.67989 0.432598
vt 0.675885 0.432571
vt 0.675885 0.432571
vt 0.675455 0.431316
vt 0.679478 0.431322
vt 0.519946 0.396321
vt 0.523951 0.396295
vt 0.523539 0.39757
vt 0.523539 0.39757
vt 0.519516 0.397577
vt 0.519946 0.396321
vt 0.519516 0.397577
vt 0.523539 0.39757
vt 0.519829 0.409051
vt 0.519829 0.409051
vt 0.51565 0.408877
vt 0.519516 0.397577
vt 0.515706 0.421807
vt 0.511354 0.421433
vt 0.511783 0.420177
vt 0.511783 0.420177
vt 0.516118 0.420531
vt 0.515706 0.421807
vt 0.778754 0.433403
vt 0.77434 0.433414
vt 0.774351 0.431826
vt 0.774351 0.431826
vt 0.778765 0.431815
vt 0.778754 0.433403
vt 0.778765 0.431815
vt 0.774351 0.431826
vt 0.774445 0.41753
vt 0.774445 0.41753
vt 0.778859 0.417519
vt 0.778765 0.431815
vt 0.77455 0.401645
vt 0.778965 0.401634
vt 0.778954 0.403222
vt 0.778954 0.403222
vt 0.77454 0.403233
vt 0.77455 0.401645
vt 0.623015 0.42567
vt 0.623026 0.427258
vt 0.618611 0.427248
vt 0.618611 0.427248
vt 0.618601 0.425659
vt 0.623015 0.42567
vt 0.62292 0.411374
vt 0.623015 0.42567
vt 0.618601 0.425659
vt 0.618601 0.425659
vt 0.618506 0.411363
vt 0.62292 0.411374
vt 0.618412 0.397067
vt 0.618401 0.395478
vt 0.622815 0.395489
vt 0.622815 0.395489
vt 0.622826 0.397078
vt 0.618412 0.397067
vt 0.113508 0.364611
vt 0.115205 0.364611
vt 0.115205 0.36812
vt 0.115205 0.36812
vt 0.113508 0.369817
vt 0.113508 0.364611
vt 0.115205 0.360239
vt 0.115205 0.364611
vt 0.113508 0.364611
vt 0.113508 0.364611
vt 0.113508 0.360239
vt 0.115205 0.360239
vt 0.115205 0.344028
vt 0.115205 0.355868
vt 0.113508 0.355868
vt 0.113508 0.355868
vt 0.113508 0.344028
vt 0.115205 0.344028
vt 0.115205 0.330136
vt 0.115205 0.344028
vt 0.113508 0.344028
vt 0.113508 0.344028
vt 0.113508 0.330136
vt 0.115205 0.330136
vt 0.115205 0.317106
vt 0.115205 0.330136
vt 0.113508 0.330136
vt 0.113508 0.330136
vt 0.113508 0.317106
vt 0.115205 0.317106
vt 0.115205 0.296246
vt 0.115205 0.317106
vt 0.113508 0.317106
vt 0.113508 0.317106
vt 0.113508 0.296246
vt 0.115205 0.296246
vt 0.115205 0.282512
vt 0.115205 0.296246
vt 0.113508 0.296246
vt 0.113508 0.296246
vt 0.113508 0.282512
vt 0.115205 0.282512
vt 0.115205 0.261475
vt 0.115205 0.282512
vt 0.113508 0.282512
vt 0.113508 0.282512
vt 0.113508 0.261475
vt 0.115205 0.261475
vt 0.115205 0.257065
vt 0.115205 0.261475
vt 0.113508 0.261475
vt 0.113508 0.261475
vt 0.113508 0.257065
vt 0.115205 0.257065
vt 0.115205 0.240351
vt 0.115205 0.252654
vt 0.113508 0.252654
vt 0.113508 0.252654
vt 0.113508 0.240351
vt 0.115205 0.240351
vt 0.413313 0.230402
vt 0.41501 0.232019
vt 0.116327 0.232019
vt 0.116327 0.232019
vt 0.114561 0.230402
vt 0.413313 0.230402
vt 0.596443 0.232019
vt 0.440504 0.232019
vt 0.440504 0.230402
vt 0.440504 0.230402
vt 0.596443 0.230402
vt 0.596443 0.232019
vt 0.615047 0.232019
vt 0.596443 0.232019
vt 0.596443 0.230402
vt 0.596443 0.230402
vt 0.615047 0.230402
vt 0.615047 0.232019
vt 0.791037 0.232019
vt 0.615047 0.232019
vt 0.615047 0.230402
vt 0.615047 0.230402
vt 0.792734 0.230402
vt 0.791037 0.232019
vt 0.804643 0.240351
vt 0.802946 0.240351
vt 0.802946 0.23309
vt 0.802946 0.23309
vt 0.804643 0.231396
vt 0.804643 0.240351
vt 0.802946 0.252654
vt 0.802946 0.240351
vt 0.804643 0.240351
vt 0.804643 0.240351
vt 0.804643 0.252654
vt 0.802946 0.252654
vt 0.802946 0.257065
vt 0.802946 0.252654
vt 0.804643 0.252654
vt 0.804643 0.252654
vt 0.804643 0.257065
vt 0.802946 0.257065
vt 0.802946 0.282512
vt 0.802946 0.261475
vt 0.804643 0.261475
vt 0.804643 0.261475
vt 0.804643 0.282512
vt 0.802946 0.282512
vt 0.802946 0.296246
vt 0.802946 0.282512
vt 0.804643 0.282512
vt 0.804643 0.282512
vt 0.804643 0.296246
vt 0.802946 0.296246
vt 0.802946 0.317106
vt 0.802946 0.296246
vt 0.804643 0.296246
vt 0.804643 0.296246
vt 0.804643 0.317106
vt 0.802946 0.317106
vt 0.802946 0.330136
vt 0.802946 0.317106
vt 0.804643 0.317106
vt 0.804643 0.317106
vt 0.804643 0.330136
vt 0.802946 0.330136
vt 0.802946 0.344028
vt 0.802946 0.330136
vt 0.804643 0.330136
vt 0.804643 0.330136
vt 0.804643 0.344028
vt 0.802946 0.344028
vt 0.802946 0.355868
vt 0.802946 0.344028
vt 0.804643 0.344028
vt 0.804643 0.344028
vt 0.804643 0.355868
vt 0.802946 0.355868
vt 0.802946 0.360239
vt 0.802946 0.355868
vt 0.804643 0.355868
vt 0.804643 0.355868
vt 0.804643 0.360239
vt 0.802946 0.360239
vt 0.792734 0.370808
vt 0.791037 0.369191
vt 0.801823 0.369191
vt 0.801823 0.369191
vt 0.803588 0.370808
vt 0.792734 0.370808
vt 0.596443 0.369191
vt 0.615047 0.369191
vt 0.615047 0.370808
vt 0.615047 0.370808
vt 0.596443 0.370808
vt 0.596443 0.369191
vt 0.440504 0.369191
vt 0.596443 0.369191
vt 0.596443 0.370808
vt 0.596443 0.370808
vt 0.440504 0.370808
vt 0.440504 0.369191
vt 0.41501 0.369191
vt 0.440504 0.369191
vt 0.440504 0.370808
vt 0.440504 0.370808
vt 0.413313 0.370808
vt 0.41501 0.369191
vt 0.116327 0.369191
vt 0.41501 0.369191
vt 0.413313 0.370808
vt 0.413313 0.370808
vt 0.114563 0.370809
vt 0.116327 0.369191
vt 0.440504 0.230402
vt 0.440504 0.232019
vt 0.41501 0.232019
vt 0.41501 0.232019
vt 0.413313 0.230402
vt 0.440504 0.230402
vt 0.802946 0.36812
vt 0.802946 0.364611
vt 0.804643 0.364611
vt 0.804643 0.364611
vt 0.804643 0.369816
vt 0.802946 0.36812
vt 0.115205 0.23309
vt 0.115205 0.240351
vt 0.113508 0.240351
vt 0.113508 0.240351
vt 0.113508 0.231397
vt 0.115205 0.23309
vt 0.801823 0.232019
vt 0.791037 0.232019
vt 0.792734 0.230402
vt 0.792734 0.230402
vt 0.803589 0.230402
vt 0.801823 0.232019
vt 0.615047 0.370808
vt 0.615047 0.369191
vt 0.791037 0.369191
vt 0.791037 0.369191
vt 0.792734 0.370808
vt 0.615047 0.370808
vt 0.115704 0.369072
vt 0.116327 0.369191
vt 0.114563 0.370809
vt 0.114563 0.370809
vt 0.113977 0.370698
vt 0.115704 0.369072
vt 0.115329 0.232495
vt 0.115205 0.23309
vt 0.113508 0.231397
vt 0.113508 0.231397
vt 0.113625 0.230844
vt 0.115329 0.232495
vt 0.802447 0.232138
vt 0.801823 0.232019
vt 0.803589 0.230402
vt 0.803589 0.230402
vt 0.804175 0.230512
vt 0.802447 0.232138
vt 0.802821 0.368715
vt 0.802946 0.36812
vt 0.804643 0.369816
vt 0.804643 0.369816
vt 0.804526 0.370368
vt 0.802821 0.368715
vt 0.115329 0.368715
vt 0.115704 0.369072
vt 0.113977 0.370698
vt 0.113977 0.370698
vt 0.113625 0.370368
vt 0.115329 0.368715
vt 0.113508 0.369817
vt 0.115205 0.36812
vt 0.115329 0.368715
vt 0.115329 0.368715
vt 0.113625 0.370368
vt 0.113508 0.369817
vt 0.115704 0.232138
vt 0.115329 0.232495
vt 0.113625 0.230844
vt 0.113625 0.230844
vt 0.113976 0.230512
vt 0.115704 0.232138
vt 0.114561 0.230402
vt 0.116327 0.232019
vt 0.115704 0.232138
vt 0.115704 0.232138
vt 0.113976 0.230512
vt 0.114561 0.230402
vt 0.802821 0.232495
vt 0.802447 0.232138
vt 0.804175 0.230512
vt 0.804175 0.230512
vt 0.804526 0.230844
vt 0.802821 0.232495
vt 0.804643 0.231396
vt 0.802946 0.23309
vt 0.802821 0.232495
vt 0.802821 0.232495
vt 0.804526 0.230844
vt 0.804643 0.231396
vt 0.802447 0.369072
vt 0.802821 0.368715
vt 0.804526 0.370368
vt 0.804526 0.370368
vt 0.804174 0.370698
vt 0.802447 0.369072
vt 0.803588 0.370808
vt 0.801823 0.369191
vt 0.802447 0.369072
vt 0.802447 0.369072
vt 0.804174 0.370698
vt 0.803588 0.370808
vt 0.115205 0.355868
vt 0.115205 0.360239
vt 0.113508 0.360239
vt 0.113508 0.360239
vt 0.113508 0.355868
vt 0.115205 0.355868
vt 0.802946 0.364611
vt 0.802946 0.360239
vt 0.804643 0.360239
vt 0.804643 0.360239
vt 0.804643 0.364611
vt 0.802946 0.364611
vt 0.115205 0.252654
vt 0.115205 0.257065
vt 0.113508 0.257065
vt 0.113508 0.257065
vt 0.113508 0.252654
vt 0.115205 0.252654
vt 0.802946 0.261475
vt 0.802946 0.257065
vt 0.804643 0.257065
vt 0.804643 0.257065
vt 0.804643 0.261475
vt 0.802946 0.261475
vt 0.597918 0.248474
vt 0.60094 0.250957
vt 0.597348 0.252521
vt 0.597348 0.252521
vt 0.596591 0.251899
vt 0.597918 0.248474
vt 0.439038 0.248475
vt 0.597918 0.248474
vt 0.596591 0.251899
vt 0.596591 0.251899
vt 0.440358 0.2519
vt 0.439038 0.248475
vt 0.439597 0.25252
vt 0.436005 0.25095
vt 0.439038 0.248475
vt 0.439038 0.248475
vt 0.440358 0.2519
vt 0.439597 0.25252
vt 0.436071 0.256234
vt 0.436005 0.25095
vt 0.439597 0.25252
vt 0.439597 0.25252
vt 0.439654 0.257018
vt 0.436071 0.256234
vt 0.436138 0.282532
vt 0.436138 0.261518
vt 0.43971 0.261516
vt 0.43971 0.261516
vt 0.43971 0.282551
vt 0.436138 0.282532
vt 0.436138 0.296266
vt 0.436138 0.282532
vt 0.43971 0.282551
vt 0.43971 0.282551
vt 0.43971 0.296285
vt 0.436138 0.296266
vt 0.436138 0.317126
vt 0.436138 0.296266
vt 0.43971 0.296285
vt 0.43971 0.296285
vt 0.43971 0.317144
vt 0.436138 0.317126
vt 0.436138 0.330156
vt 0.436138 0.317126
vt 0.43971 0.317144
vt 0.43971 0.317144
vt 0.43971 0.330174
vt 0.436138 0.330156
vt 0.436138 0.344024
vt 0.436138 0.330156
vt 0.43971 0.330174
vt 0.43971 0.330174
vt 0.43971 0.344063
vt 0.436138 0.344024
vt 0.439552 0.356093
vt 0.435957 0.357755
vt 0.436138 0.344024
vt 0.436138 0.344024
vt 0.43971 0.344063
vt 0.439552 0.356093
vt 0.439173 0.360073
vt 0.435957 0.357755
vt 0.439552 0.356093
vt 0.439552 0.356093
vt 0.440371 0.356683
vt 0.439173 0.360073
vt 0.597781 0.360074
vt 0.439173 0.360073
vt 0.440371 0.356683
vt 0.440371 0.356683
vt 0.596577 0.356684
vt 0.597781 0.360074
vt 0.597394 0.356092
vt 0.600988 0.357748
vt 0.597781 0.360074
vt 0.597781 0.360074
vt 0.596577 0.356684
vt 0.597394 0.356092
vt 0.60081 0.344024
vt 0.600988 0.357748
vt 0.597394 0.356092
vt 0.597394 0.356092
vt 0.597237 0.344063
vt 0.60081 0.344024
vt 0.60081 0.330156
vt 0.60081 0.344024
vt 0.597237 0.344063
vt 0.597237 0.344063
vt 0.597237 0.330174
vt 0.60081 0.330156
vt 0.60081 0.317126
vt 0.60081 0.330156
vt 0.597237 0.330174
vt 0.597237 0.330174
vt 0.597237 0.317144
vt 0.60081 0.317126
vt 0.60081 0.296266
vt 0.60081 0.317126
vt 0.597237 0.317144
vt 0.597237 0.317144
vt 0.597237 0.296285
vt 0.60081 0.296266
vt 0.60081 0.282532
vt 0.60081 0.296266
vt 0.597237 0.296285
vt 0.597237 0.296285
vt 0.597237 0.282551
vt 0.60081 0.282532
vt 0.60081 0.261518
vt 0.60081 0.282532
vt 0.597237 0.282551
vt 0.597237 0.282551
vt 0.597237 0.261516
vt 0.60081 0.261518
vt 0.597293 0.257018
vt 0.600875 0.256238
vt 0.60081 0.261518
vt 0.60081 0.261518
vt 0.597237 0.261516
vt 0.597293 0.257018
vt 0.436138 0.261518
vt 0.436071 0.256234
vt 0.439654 0.257018
vt 0.439654 0.257018
vt 0.43971 0.261516
vt 0.436138 0.261518
vt 0.597348 0.252521
vt 0.60094 0.250957
vt 0.600875 0.256238
vt 0.600875 0.256238
vt 0.597293 0.257018
vt 0.597348 0.252521
vt 0.88097 0.543201
vt 0.88097 0.54322
vt 0.881013 0.543211
vt 0.880902 0.543201
vt 0.88086 0.543211
vt 0.880902 0.543229
vt 0.880928 0.54325
vt 0.880936 0.5433
vt 0.880945 0.54325
vt 0.880902 0.543201
vt 0.880902 0.543229
vt 0.88097 0.54322
vt 0.88097 0.54322
vt 0.88097 0.543201
vt 0.880902 0.543201
vt 0.88097 0.543201
vt 0.880945 0.543171
vt 0.880928 0.543171
vt 0.880928 0.543171
vt 0.880902 0.543201
vt 0.88097 0.543201
vt 0.880541 0.543171
vt 0.880524 0.543171
vt 0.880498 0.543201
vt 0.880498 0.543201
vt 0.880566 0.543201
vt 0.880541 0.543171
vt 0.880566 0.543201
vt 0.880498 0.543201
vt 0.880498 0.543221
vt 0.880498 0.543221
vt 0.880566 0.543229
vt 0.880566 0.543201
vt 0.880541 0.54325
vt 0.880928 0.54325
vt 0.880902 0.543229
vt 0.880902 0.543229
vt 0.880566 0.543229
vt 0.880541 0.54325
vt 0.880928 0.54325
vt 0.880945 0.54325
vt 0.88097 0.54322
vt 0.88097 0.54322
vt 0.880902 0.543229
vt 0.880928 0.54325
vt 0.892919 0.543203
vt 0.892961 0.543253
vt 0.892987 0.543223
vt 0.892987 0.543223
vt 0.892944 0.543174
vt 0.892919 0.543203
vt 0.892919 0.543223
vt 0.892944 0.543253
vt 0.892961 0.543253
vt 0.892961 0.543253
vt 0.892919 0.543203
vt 0.892919 0.543223
vt 0.893406 0.543173
vt 0.893389 0.543173
vt 0.893364 0.543203
vt 0.893364 0.543203
vt 0.893364 0.543223
vt 0.893406 0.543173
vt 0.893432 0.543203
vt 0.893406 0.543173
vt 0.893364 0.543223
vt 0.893432 0.543203
vt 0.893364 0.543223
vt 0.893389 0.543252
vt 0.880532 0.5433
vt 0.880532 0.55773
vt 0.880936 0.55773
vt 0.880532 0.5433
vt 0.880936 0.55773
vt 0.880936 0.5433
vt 0.880532 0.5433
vt 0.880936 0.5433
vt 0.880928 0.54325
vt 0.880541 0.54325
vt 0.880532 0.5433
vt 0.880928 0.54325
vt 0.30778 0.332538
vt 0.261602 0.332538
vt 0.261586 0.330635
vt 0.031051 0.978335
vt 0.031803 0.97884
vt 0.031116 0.979712
vt 0.307816 0.330453
vt 0.30799 0.330571
vt 0.30781 0.330583
vt 0.031428 0.689691
vt 0.032489 0.685584
vt 0.033907 0.686635
vt 0.033907 0.686635
vt 0.032489 0.685584
vt 0.036057 0.684818
vt 0.682317 0.685466
vt 0.686331 0.686398
vt 0.686133 0.688146
vt 0.357772 0.306034
vt 0.357926 0.307915
vt 0.357722 0.307933
vt 0.260675 0.330535
vt 0.261311 0.330436
vt 0.261008 0.330598
vt 0.260314 0.318061
vt 0.260508 0.318235
vt 0.26 0.318129
vt 0.357532 0.318142
vt 0.356955 0.318235
vt 0.357224 0.31807
vt 0.261008 0.328497
vt 0.260911 0.328701
vt 0.260675 0.328553
vt 0.307838 0.326694
vt 0.307995 0.328606
vt 0.307809 0.328701
vt 0.357772 0.306034
vt 0.357722 0.307933
vt 0.259876 0.307933
vt 0.261539 0.317725
vt 0.260545 0.316122
vt 0.356913 0.316131
vt 0.036057 0.684818
vt 0.686133 0.688146
vt 0.033907 0.686635
vt 0.259876 0.305981
vt 0.259944 0.305844
vt 0.357717 0.305856
vt 0.03422 0.976132
vt 0.033907 0.686635
vt 0.686133 0.688146
vt 0.26159 0.328475
vt 0.26157 0.326564
vt 0.307838 0.326694
vt 0.031051 0.978335
vt 0.033907 0.686635
vt 0.03422 0.976132
vt 0.977407 0.17914
vt 0.977407 0.178466
vt 0.977417 0.17914
vt 0.972075 0.184593
vt 0.972075 0.183909
vt 0.972386 0.183994
vt 0.984288 0.184981
vt 0.984288 0.184283
vt 0.984308 0.184284
vt 0.97814 0.17707
vt 0.978161 0.176378
vt 0.978161 0.177069
vt 0.976374 0.177292
vt 0.976369 0.177274
vt 0.976381 0.177284
vt 0.984328 0.184288
vt 0.984328 0.184976
vt 0.984308 0.184284
vt 0.972982 0.17969
vt 0.972978 0.17969
vt 0.972978 0.179687
vt 0.975695 0.1792
vt 0.975691 0.179201
vt 0.975692 0.179197
vt 0.976374 0.177292
vt 0.976514 0.177565
vt 0.97637 0.177293
vt 0.977407 0.178466
vt 0.977403 0.17914
vt 0.977403 0.178466
vt 0.977417 0.17914
vt 0.977421 0.178466
vt 0.977421 0.17914
vt 0.977822 0.177061
vt 0.977826 0.17706
vt 0.977826 0.177069
vt 0.977834 0.177068
vt 0.977826 0.177069
vt 0.977829 0.177066
vt 0.977829 0.177066
vt 0.977826 0.177069
vt 0.977826 0.17706
vt 0.97678 0.180094
vt 0.976791 0.180092
vt 0.976791 0.180094
vt 0.976791 0.179409
vt 0.976791 0.179411
vt 0.97678 0.179409
vt 0.97859 0.181069
vt 0.978591 0.181071
vt 0.978579 0.181069
vt 0.97859 0.181376
vt 0.978589 0.18137
vt 0.978591 0.18137
vt 0.976723 0.180673
vt 0.976721 0.180673
vt 0.976722 0.180667
vt 0.976722 0.181344
vt 0.976721 0.180673
vt 0.976723 0.180673
vt 0.977968 0.181396
vt 0.977957 0.181398
vt 0.977957 0.181396
vt 0.975706 0.179709
vt 0.975702 0.179712
vt 0.975691 0.179201
vt 0.975686 0.179201
vt 0.975697 0.179708
vt 0.975684 0.179709
vt 0.972978 0.17969
vt 0.972982 0.17969
vt 0.972982 0.180203
vt 0.984328 0.184976
vt 0.984308 0.18498
vt 0.984308 0.184284
vt 0.977772 0.178469
vt 0.977628 0.178741
vt 0.977768 0.178468
vt 0.977407 0.178466
vt 0.977407 0.17914
vt 0.977403 0.17914
vt 0.977417 0.17914
vt 0.977417 0.178466
vt 0.977421 0.178466
vt 0.976721 0.180673
vt 0.976722 0.181344
vt 0.976711 0.180673
vt 0.977826 0.17706
vt 0.977824 0.176385
vt 0.977827 0.176384
vt 0.978137 0.177067
vt 0.978137 0.17638
vt 0.97814 0.17707
vt 0.97814 0.17707
vt 0.97814 0.176377
vt 0.978161 0.176378
vt 0.977761 0.17846
vt 0.977768 0.178468
vt 0.977628 0.178741
vt 0.972208 0.178199
vt 0.972173 0.178203
vt 0.97221 0.178106
vt 0.97213 0.178096
vt 0.972175 0.178064
vt 0.97221 0.178106
vt 0.978743 0.178543
vt 0.978729 0.178548
vt 0.978784 0.178368
vt 0.974194 0.176405
vt 0.974068 0.176408
vt 0.974064 0.1764
vt 0.978719 0.178281
vt 0.978721 0.17828
vt 0.978752 0.178324
vt 0.974193 0.176595
vt 0.97407 0.176577
vt 0.974193 0.176578
vt 0.974193 0.176578
vt 0.97407 0.176577
vt 0.974071 0.176546
vt 0.974056 0.176395
vt 0.974044 0.176384
vt 0.974047 0.176381
vt 0.974062 0.176405
vt 0.974056 0.176395
vt 0.974064 0.1764
vt 0.974069 0.176417
vt 0.974066 0.176438
vt 0.974064 0.176417
vt 0.974069 0.176417
vt 0.974064 0.176417
vt 0.974062 0.176405
vt 0.974062 0.176605
vt 0.974066 0.176588
vt 0.974069 0.176593
vt 0.974065 0.176609
vt 0.974056 0.176617
vt 0.974062 0.176605
vt 0.974047 0.176629
vt 0.974044 0.176625
vt 0.974056 0.176617
vt 0.974016 0.176636
vt 0.974032 0.176635
vt 0.974013 0.176639
vt 0.974013 0.176369
vt 0.974032 0.176374
vt 0.974012 0.176372
vt 0.973646 0.17834
vt 0.973645 0.178329
vt 0.973652 0.178332
vt 0.984265 0.179449
vt 0.984256 0.179452
vt 0.984255 0.179444
vt 0.984256 0.179267
vt 0.984256 0.17926
vt 0.984265 0.179263
vt 0.974024 0.181702
vt 0.974013 0.181705
vt 0.974023 0.181693
vt 0.972005 0.177926
vt 0.972006 0.177926
vt 0.972006 0.177927
vt 0.972251 0.177925
vt 0.972251 0.177924
vt 0.972252 0.177925
vt 0.972009 0.177926
vt 0.972011 0.177927
vt 0.97201 0.177927
vt 0.972013 0.178056
vt 0.972011 0.178056
vt 0.972012 0.178055
vt 0.987092 0.183378
vt 0.987092 0.183421
vt 0.987092 0.183421
vt 0.987092 0.183421
vt 0.987093 0.183457
vt 0.987092 0.183421
vt 0.972008 0.178196
vt 0.972029 0.178167
vt 0.972087 0.178204
vt 0.978718 0.178417
vt 0.978718 0.178281
vt 0.978719 0.178416
vt 0.978753 0.17854
vt 0.978738 0.178546
vt 0.978743 0.178543
vt 0.978509 0.178941
vt 0.978515 0.178944
vt 0.978499 0.178939
vt 0.974071 0.176546
vt 0.97407 0.176577
vt 0.974071 0.176466
vt 0.974047 0.176381
vt 0.974055 0.176386
vt 0.97406 0.176392
vt 0.972282 0.190083
vt 0.972284 0.190079
vt 0.972284 0.190086
vt 0.984254 0.179424
vt 0.984255 0.179425
vt 0.984255 0.179444
vt 0.984254 0.179424
vt 0.984256 0.179289
vt 0.984255 0.179425
vt 0.981486 0.185171
vt 0.981486 0.18515
vt 0.981487 0.185167
vt 0.972697 0.190029
vt 0.972697 0.190022
vt 0.972699 0.190026
vt 0.974061 0.176617
vt 0.974056 0.176623
vt 0.974047 0.176629
vt 0.973251 0.185234
vt 0.973252 0.185229
vt 0.973252 0.185236
vt 0.972251 0.177924
vt 0.972251 0.177925
vt 0.972247 0.177925
vt 0.972247 0.177925
vt 0.972247 0.177924
vt 0.972251 0.177924
vt 0.972006 0.177926
vt 0.972009 0.177926
vt 0.972006 0.177927
vt 0.974024 0.176632
vt 0.974016 0.176636
vt 0.974012 0.176636
vt 0.973598 0.178444
vt 0.973598 0.178443
vt 0.973607 0.178443
vt 0.987308 0.181313
vt 0.987299 0.181314
vt 0.987299 0.181312
vt 0.98114 0.188472
vt 0.981141 0.188472
vt 0.981141 0.188484
vt 0.978525 0.178688
vt 0.978534 0.178679
vt 0.978535 0.17868
vt 0.987091 0.183501
vt 0.987091 0.1835
vt 0.987093 0.1835
vt 0.9873 0.183526
vt 0.987299 0.183526
vt 0.987299 0.183526
vt 0.987299 0.183605
vt 0.9873 0.183526
vt 0.9873 0.183605
vt 0.974069 0.176417
vt 0.97407 0.176433
vt 0.974071 0.176466
vt 0.974069 0.176417
vt 0.974071 0.176466
vt 0.97407 0.176577
vt 0.97221 0.178106
vt 0.97225 0.178056
vt 0.972239 0.178139
vt 0.972239 0.178139
vt 0.972208 0.178199
vt 0.97221 0.178106
vt 0.987093 0.183457
vt 0.987093 0.1835
vt 0.987092 0.183496
vt 0.972065 0.178071
vt 0.972029 0.178167
vt 0.972011 0.178056
vt 0.972011 0.178056
vt 0.972029 0.178167
vt 0.972007 0.17806
vt 0.972011 0.178056
vt 0.97225 0.178056
vt 0.972065 0.178071
vt 0.972208 0.178199
vt 0.972239 0.178139
vt 0.972252 0.178194
vt 0.978729 0.178548
vt 0.978719 0.178551
vt 0.978719 0.178416
vt 0.978784 0.178368
vt 0.978729 0.178548
vt 0.978752 0.178324
vt 0.978743 0.178543
vt 0.9788 0.178389
vt 0.978753 0.17854
vt 0.974064 0.1764
vt 0.97406 0.176392
vt 0.9742 0.176389
vt 0.978534 0.178817
vt 0.978533 0.17895
vt 0.978523 0.178946
vt 0.978495 0.178729
vt 0.978525 0.178688
vt 0.978534 0.178817
vt 0.978499 0.178939
vt 0.978453 0.178788
vt 0.978509 0.178941
vt 0.978468 0.178767
vt 0.978523 0.178946
vt 0.978509 0.178941
vt 0.978453 0.178788
vt 0.978499 0.178939
vt 0.97849 0.178936
vt 0.978482 0.178935
vt 0.978441 0.178802
vt 0.97849 0.178936
vt 0.9742 0.17662
vt 0.974061 0.176617
vt 0.974065 0.176609
vt 0.974013 0.181705
vt 0.974021 0.181691
vt 0.974023 0.181693
vt 0.973608 0.178326
vt 0.973606 0.178328
vt 0.973598 0.178314
vt 0.978719 0.178416
vt 0.978719 0.178551
vt 0.978718 0.178417
vt 0.978535 0.178819
vt 0.978534 0.178949
vt 0.978534 0.178817
vt 0.973597 0.178314
vt 0.973598 0.178314
vt 0.973597 0.178443
vt 0.974012 0.181705
vt 0.974012 0.181576
vt 0.974013 0.181577
vt 0.973598 0.178443
vt 0.973597 0.178443
vt 0.973598 0.178314
vt 0.97407 0.176433
vt 0.974193 0.176431
vt 0.974071 0.176466
vt 0.977842 0.180423
vt 0.977829 0.180426
vt 0.977829 0.180418
vt 0.977842 0.180423
vt 0.977829 0.180418
vt 0.977832 0.180417
vt 0.977413 0.180553
vt 0.977412 0.180544
vt 0.977426 0.180549
vt 0.977413 0.180553
vt 0.977404 0.180543
vt 0.977412 0.180544
vt 0.977829 0.180426
vt 0.97782 0.180429
vt 0.977829 0.180418
vt 0.985987 0.17862
vt 0.985984 0.178634
vt 0.985984 0.178588
vt 0.982528 0.184284
vt 0.982524 0.184269
vt 0.98253 0.184281
vt 0.971911 0.180177
vt 0.971913 0.180123
vt 0.971929 0.180149
vt 0.977404 0.180541
vt 0.977412 0.180544
vt 0.977403 0.180542
vt 0.971798 0.180112
vt 0.971799 0.180111
vt 0.971799 0.180118
vt 0.977818 0.18043
vt 0.97782 0.180429
vt 0.977819 0.18043
vt 0.971798 0.180343
vt 0.971798 0.180336
vt 0.971799 0.180343
vt 0.977404 0.180543
vt 0.977403 0.180542
vt 0.977412 0.180544
vt 0.984625 0.178616
vt 0.984634 0.178618
vt 0.984638 0.17862
vt 0.977852 0.18042
vt 0.97786 0.180417
vt 0.977856 0.180419
vt 0.984653 0.178632
vt 0.984653 0.17863
vt 0.984656 0.178637
vt 0.984658 0.178648
vt 0.984659 0.178644
vt 0.98466 0.178663
vt 0.984656 0.178823
vt 0.984658 0.178648
vt 0.984659 0.178804
vt 0.984659 0.178804
vt 0.984658 0.17882
vt 0.984656 0.178823
vt 0.984658 0.17882
vt 0.984656 0.178828
vt 0.984656 0.178823
vt 0.98465 0.178836
vt 0.984653 0.178834
vt 0.984648 0.178839
vt 0.98465 0.178836
vt 0.984648 0.178839
vt 0.984641 0.178843
vt 0.984617 0.178847
vt 0.98465 0.178836
vt 0.984641 0.178843
vt 0.984617 0.178847
vt 0.984624 0.178848
vt 0.984609 0.178849
vt 0.9846 0.178623
vt 0.9846 0.178616
vt 0.984603 0.178641
vt 0.984625 0.178616
vt 0.984638 0.17862
vt 0.9846 0.178616
vt 0.984601 0.178614
vt 0.984611 0.178615
vt 0.9846 0.178616
vt 0.971871 0.180111
vt 0.971799 0.180118
vt 0.971799 0.180111
vt 0.977404 0.180543
vt 0.977413 0.180553
vt 0.977411 0.180551
vt 0.977826 0.18042
vt 0.977829 0.180418
vt 0.97782 0.180429
vt 0.97782 0.180429
vt 0.977824 0.180405
vt 0.977824 0.180421
vt 0.977824 0.180421
vt 0.977825 0.180421
vt 0.97782 0.180429
vt 0.977408 0.18055
vt 0.977408 0.180566
vt 0.977404 0.180543
vt 0.977404 0.180543
vt 0.977409 0.18055
vt 0.977408 0.18055
vt 0.971798 0.180112
vt 0.971799 0.180118
vt 0.971798 0.180336
vt 0.971871 0.180111
vt 0.971913 0.180123
vt 0.971911 0.180177
vt 0.971865 0.180344
vt 0.971799 0.180343
vt 0.971799 0.180118
vt 0.972147 0.17973
vt 0.972144 0.179763
vt 0.972144 0.17973
vt 0.971912 0.180335
vt 0.9719 0.18034
vt 0.971913 0.180331
vt 0.971928 0.180305
vt 0.971913 0.180331
vt 0.971911 0.180275
vt 0.984656 0.178823
vt 0.984653 0.178632
vt 0.984658 0.178648
vt 0.984653 0.178632
vt 0.984656 0.178823
vt 0.984617 0.178847
vt 0.984656 0.178823
vt 0.98465 0.178836
vt 0.984617 0.178847
vt 0.978864 0.177885
vt 0.978833 0.177886
vt 0.978849 0.177881
vt 0.978883 0.177881
vt 0.978912 0.177882
vt 0.978903 0.177885
vt 0.978875 0.177871
vt 0.978893 0.177871
vt 0.978883 0.177881
vt 0.975496 0.179738
vt 0.975266 0.179738
vt 0.975504 0.179406
vt 0.98481 0.178837
vt 0.984808 0.178821
vt 0.984844 0.178835
vt 0.979004 0.17788
vt 0.979018 0.17785
vt 0.979016 0.177874
vt 0.979007 0.177833
vt 0.979004 0.17788
vt 0.978992 0.177872
vt 0.978991 0.177884
vt 0.979004 0.17788
vt 0.979003 0.177886
vt 0.979004 0.17788
vt 0.979016 0.177874
vt 0.979015 0.177881
vt 0.978976 0.177886
vt 0.978974 0.177882
vt 0.978991 0.177884
vt 0.984467 0.179422
vt 0.984463 0.179426
vt 0.984463 0.179392
vt 0.98447 0.179297
vt 0.984468 0.179262
vt 0.984474 0.179276
vt 0.984463 0.179306
vt 0.984463 0.179271
vt 0.98447 0.179297
vt 0.978833 0.177886
vt 0.978864 0.177885
vt 0.978845 0.177887
vt 0.98448 0.179294
vt 0.984483 0.179333
vt 0.984478 0.179321
vt 0.978834 0.177879
vt 0.978817 0.177831
vt 0.978823 0.177616
vt 0.973012 0.178434
vt 0.972976 0.178439
vt 0.972975 0.178432
vt 0.972976 0.178439
vt 0.973012 0.178434
vt 0.973013 0.178439
vt 0.983424 0.177461
vt 0.983425 0.177457
vt 0.98346 0.17746
vt 0.984467 0.179422
vt 0.984474 0.179409
vt 0.984472 0.179422
vt 0.984467 0.179422
vt 0.984472 0.179422
vt 0.984468 0.179433
vt 0.984468 0.179433
vt 0.984463 0.179441
vt 0.984464 0.179438
vt 0.984473 0.179264
vt 0.984474 0.179276
vt 0.984468 0.179262
vt 0.984473 0.179264
vt 0.984468 0.179262
vt 0.984469 0.179253
vt 0.978844 0.177871
vt 0.978849 0.177881
vt 0.978834 0.177879
vt 0.978819 0.177879
vt 0.978821 0.177885
vt 0.97881 0.17788
vt 0.979027 0.177898
vt 0.979019 0.177886
vt 0.979021 0.177618
vt 0.979024 0.177952
vt 0.978799 0.177948
vt 0.978803 0.177896
vt 0.984846 0.17863
vt 0.984844 0.178637
vt 0.984808 0.178631
vt 0.978977 0.177892
vt 0.978999 0.17789
vt 0.979027 0.177898
vt 0.984461 0.179407
vt 0.984463 0.179306
vt 0.984463 0.179392
vt 0.978028 0.183458
vt 0.978026 0.183473
vt 0.978026 0.183439
vt 0.983423 0.177415
vt 0.983424 0.177129
vt 0.983426 0.177129
vt 0.975263 0.17974
vt 0.975261 0.179736
vt 0.975266 0.179738
vt 0.975261 0.179728
vt 0.975259 0.179729
vt 0.975258 0.179699
vt 0.975261 0.179728
vt 0.975261 0.179736
vt 0.975259 0.179729
vt 0.978793 0.17795
vt 0.978799 0.177948
vt 0.978799 0.177953
vt 0.978807 0.177956
vt 0.978797 0.177955
vt 0.978799 0.177953
vt 0.978789 0.17794
vt 0.978793 0.17795
vt 0.97879 0.177948
vt 0.978793 0.17795
vt 0.978791 0.177951
vt 0.97879 0.177948
vt 0.97881 0.17788
vt 0.978814 0.177884
vt 0.978814 0.177887
vt 0.978814 0.177884
vt 0.978825 0.177886
vt 0.978814 0.177887
vt 0.978799 0.177953
vt 0.979024 0.177952
vt 0.979022 0.177955
vt 0.984844 0.178835
vt 0.984846 0.178833
vt 0.984846 0.178845
vt 0.972974 0.178399
vt 0.972974 0.178107
vt 0.972977 0.178107
vt 0.978806 0.177849
vt 0.978803 0.177896
vt 0.978805 0.177616
vt 0.97548 0.179746
vt 0.975277 0.179744
vt 0.975281 0.179742
vt 0.984461 0.179407
vt 0.984461 0.179277
vt 0.984463 0.179306
vt 0.978809 0.177832
vt 0.978806 0.177849
vt 0.978805 0.177616
vt 0.972975 0.178442
vt 0.972975 0.178432
vt 0.972976 0.178439
vt 0.98346 0.17746
vt 0.983462 0.17746
vt 0.983462 0.177464
vt 0.981488 0.184851
vt 0.981486 0.184854
vt 0.981486 0.184832
vt 0.979019 0.177886
vt 0.979027 0.177898
vt 0.978999 0.17789
vt 0.979033 0.17795
vt 0.97903 0.177952
vt 0.979034 0.177942
vt 0.984846 0.17863
vt 0.984846 0.178833
vt 0.984844 0.178637
vt 0.979024 0.177952
vt 0.979034 0.177942
vt 0.97903 0.177952
vt 0.978793 0.17795
vt 0.978789 0.17794
vt 0.978799 0.177948
vt 0.978789 0.17794
vt 0.978803 0.177896
vt 0.978799 0.177948
vt 0.975496 0.179738
vt 0.975504 0.179406
vt 0.9755 0.179729
vt 0.975266 0.179738
vt 0.975261 0.179728
vt 0.975262 0.179406
vt 0.986883 0.183807
vt 0.986883 0.1838
vt 0.986907 0.1838
vt 0.986907 0.183807
vt 0.986883 0.183807
vt 0.986907 0.1838
vt 0.978004 0.178393
vt 0.977995 0.178398
vt 0.97801 0.178386
vt 0.978014 0.178376
vt 0.97801 0.178386
vt 0.978014 0.178366
vt 0.97796 0.178357
vt 0.97796 0.178386
vt 0.977957 0.178366
vt 0.977985 0.1784
vt 0.977975 0.178398
vt 0.977995 0.178398
vt 0.984531 0.18426
vt 0.984531 0.184255
vt 0.98454 0.184258
vt 0.977896 0.186408
vt 0.977897 0.186413
vt 0.977887 0.186411
vt 0.978104 0.18328
vt 0.978104 0.183285
vt 0.978095 0.183282
vt 0.977966 0.185362
vt 0.977966 0.185367
vt 0.977957 0.185364
vt 0.972697 0.177518
vt 0.972697 0.177508
vt 0.972698 0.177513
vt 0.979342 0.180847
vt 0.979342 0.180803
vt 0.979344 0.180804
vt 0.972775 0.183533
vt 0.972776 0.183548
vt 0.972768 0.183533
vt 0.972768 0.183627
vt 0.972767 0.183534
vt 0.972768 0.183533
vt 0.979347 0.181153
vt 0.979345 0.181156
vt 0.979345 0.181133
vt 0.979757 0.182093
vt 0.979765 0.182079
vt 0.979764 0.182093
vt 0.979757 0.182093
vt 0.979756 0.182093
vt 0.979757 0.182
vt 0.979345 0.181313
vt 0.979345 0.181292
vt 0.979347 0.181291
vt 0.972176 0.178423
vt 0.972179 0.178467
vt 0.972153 0.178352
vt 0.979345 0.181292
vt 0.979345 0.181156
vt 0.979347 0.181291
vt 0.979342 0.180803
vt 0.979342 0.180724
vt 0.979344 0.180804
vt 0.979341 0.180969
vt 0.979342 0.180891
vt 0.979342 0.180969
vt 0.979344 0.180889
vt 0.979342 0.180969
vt 0.979342 0.180891
vt 0.979342 0.180724
vt 0.979342 0.180803
vt 0.979341 0.180725
vt 0.972147 0.178581
vt 0.972011 0.178561
vt 0.972012 0.178372
vt 0.260781 0.332522
vt 0.261586 0.330635
vt 0.261602 0.332538
vt 0.260545 0.316122
vt 0.26 0.318129
vt 0.259876 0.316167
vt 0.261008 0.330598
vt 0.260781 0.332522
vt 0.260675 0.330535
vt 0.357619 0.316172
vt 0.357224 0.31807
vt 0.356913 0.316131
vt 0.260314 0.318061
vt 0.260545 0.316122
vt 0.260889 0.318132
vt 0.356622 0.318053
vt 0.356913 0.316131
vt 0.357224 0.31807
vt 0.26157 0.326564
vt 0.261008 0.328497
vt 0.260728 0.326566
vt 0.260728 0.326566
vt 0.261008 0.328497
vt 0.260675 0.328553
vt 0.308018 0.332526
vt 0.30781 0.330583
vt 0.30799 0.330571
vt 0.68602 0.977672
vt 0.687384 0.97969
vt 0.686016 0.980234
vt 0.03422 0.976132
vt 0.031803 0.97884
vt 0.031051 0.978335
vt 0.357894 0.305917
vt 0.357772 0.306034
vt 0.357717 0.305856
vt 0.031428 0.689691
vt 0.033907 0.686635
vt 0.031051 0.978335
vt 0.260911 0.328701
vt 0.26159 0.328475
vt 0.261556 0.328663
vt 0.261311 0.330436
vt 0.261586 0.330635
vt 0.261008 0.330598
vt 0.260889 0.318132
vt 0.260508 0.318235
vt 0.260314 0.318061
vt 0.356955 0.318235
vt 0.356622 0.318053
vt 0.357224 0.31807
vt 0.68602 0.977672
vt 0.031803 0.97884
vt 0.03422 0.976132
vt 0.03422 0.976132
vt 0.686133 0.688146
vt 0.68602 0.977672
vt 0.357772 0.306034
vt 0.259876 0.307933
vt 0.259876 0.305981
vt 0.260889 0.318132
vt 0.260545 0.316122
vt 0.261539 0.317725
vt 0.356913 0.316131
vt 0.356622 0.318053
vt 0.261539 0.317725
vt 0.30781 0.330583
vt 0.261311 0.330436
vt 0.307816 0.330453
vt 0.682317 0.685466
vt 0.686133 0.688146
vt 0.036057 0.684818
vt 0.036057 0.684818
vt 0.038602 0.683719
vt 0.682317 0.685466
vt 0.259876 0.305981
vt 0.357717 0.305856
vt 0.357772 0.306034
vt 0.261539 0.317725
vt 0.356622 0.318053
vt 0.260889 0.318132
vt 0.356955 0.318235
vt 0.260889 0.318132
vt 0.356622 0.318053
vt 0.30778 0.332538
vt 0.261586 0.330635
vt 0.30781 0.330583
vt 0.26159 0.328475
vt 0.307838 0.326694
vt 0.307809 0.328701
vt 0.686133 0.688146
vt 0.687584 0.692201
vt 0.68602 0.977672
vt 0.687584 0.692201
vt 0.687384 0.97969
vt 0.68602 0.977672
vt 0.976515 0.17696
vt 0.976387 0.177255
vt 0.976374 0.177256
vt 0.307809 0.328701
vt 0.261556 0.328663
vt 0.26159 0.328475
vt 0.975673 0.179201
vt 0.975686 0.179201
vt 0.975684 0.179709
vt 0.977761 0.17846
vt 0.977628 0.178741
vt 0.97762 0.178737
vt 0.975695 0.1792
vt 0.976021 0.179791
vt 0.975706 0.179709
vt 0.977627 0.178136
vt 0.977755 0.178431
vt 0.977613 0.178138
vt 0.976528 0.177572
vt 0.976514 0.177565
vt 0.976522 0.177561
vt 0.977407 0.178454
vt 0.977417 0.178466
vt 0.977407 0.178466
vt 0.977417 0.179152
vt 0.977407 0.17914
vt 0.977417 0.17914
vt 0.977623 0.178752
vt 0.97762 0.178737
vt 0.977628 0.178741
vt 0.976381 0.177284
vt 0.976374 0.177256
vt 0.976387 0.177255
vt 0.977768 0.178468
vt 0.977761 0.17846
vt 0.977773 0.17845
vt 0.978161 0.176378
vt 0.978181 0.177065
vt 0.978161 0.177069
vt 0.977761 0.17846
vt 0.977768 0.178432
vt 0.977773 0.17845
vt 0.972978 0.179687
vt 0.972974 0.179691
vt 0.972975 0.179686
vt 0.972978 0.180206
vt 0.972974 0.180202
vt 0.972978 0.180202
vt 0.975692 0.179197
vt 0.975686 0.179201
vt 0.975687 0.179196
vt 0.983991 0.18498
vt 0.983982 0.184972
vt 0.983992 0.184976
vt 0.975697 0.179708
vt 0.975702 0.179712
vt 0.975698 0.179713
vt 0.972982 0.180203
vt 0.972978 0.180206
vt 0.972978 0.180202
vt 0.983986 0.184291
vt 0.983995 0.184282
vt 0.983996 0.184287
vt 0.983977 0.184966
vt 0.983982 0.184972
vt 0.98398 0.184976
vt 0.983986 0.184291
vt 0.983981 0.184297
vt 0.983984 0.184286
vt 0.97814 0.177074
vt 0.977834 0.177072
vt 0.97814 0.17707
vt 0.977833 0.177076
vt 0.977826 0.177069
vt 0.977834 0.177072
vt 0.977826 0.177069
vt 0.977818 0.177062
vt 0.977822 0.177061
vt 0.977819 0.176383
vt 0.977827 0.176376
vt 0.977824 0.176385
vt 0.977827 0.176376
vt 0.977834 0.176369
vt 0.977835 0.176374
vt 0.972978 0.17969
vt 0.972974 0.180202
vt 0.972974 0.179691
vt 0.975673 0.179196
vt 0.975686 0.179201
vt 0.975673 0.179201
vt 0.975697 0.179708
vt 0.975684 0.179714
vt 0.975684 0.179709
vt 0.972075 0.183909
vt 0.972388 0.183991
vt 0.972386 0.183994
vt 0.977616 0.178735
vt 0.977761 0.17846
vt 0.97762 0.178737
vt 0.972388 0.184511
vt 0.972075 0.184593
vt 0.972386 0.184507
vt 0.972982 0.180203
vt 0.972978 0.180202
vt 0.972978 0.17969
vt 0.976374 0.177256
vt 0.976511 0.17696
vt 0.976515 0.17696
vt 0.976529 0.176962
vt 0.976391 0.177256
vt 0.976387 0.177255
vt 0.976021 0.179791
vt 0.975702 0.179712
vt 0.975706 0.179709
vt 0.975692 0.179197
vt 0.976002 0.179102
vt 0.975695 0.1792
vt 0.975706 0.179709
vt 0.975691 0.179201
vt 0.975695 0.1792
vt 0.977751 0.178432
vt 0.977613 0.178138
vt 0.977755 0.178431
vt 0.977631 0.178136
vt 0.977768 0.178432
vt 0.977627 0.178136
vt 0.976522 0.177561
vt 0.976531 0.177569
vt 0.976528 0.177572
vt 0.976515 0.177577
vt 0.976514 0.177565
vt 0.976519 0.177576
vt 0.977407 0.178466
vt 0.977403 0.178455
vt 0.977407 0.178454
vt 0.977421 0.178455
vt 0.977417 0.178466
vt 0.977417 0.178454
vt 0.977417 0.17914
vt 0.977421 0.179152
vt 0.977417 0.179152
vt 0.977403 0.179152
vt 0.977407 0.17914
vt 0.977407 0.179152
vt 0.977628 0.178741
vt 0.977627 0.178753
vt 0.977623 0.178752
vt 0.977611 0.178745
vt 0.97762 0.178737
vt 0.977614 0.178747
vt 0.984288 0.184283
vt 0.984309 0.18428
vt 0.984308 0.184284
vt 0.984309 0.184984
vt 0.984288 0.184981
vt 0.984308 0.18498
vt 0.97814 0.176377
vt 0.978161 0.176374
vt 0.978161 0.176378
vt 0.97816 0.177073
vt 0.97814 0.17707
vt 0.978161 0.177069
vt 0.97637 0.177293
vt 0.976369 0.177274
vt 0.976374 0.177292
vt 0.977773 0.17845
vt 0.977772 0.178469
vt 0.977768 0.178468
vt 0.976381 0.177284
vt 0.976386 0.177276
vt 0.976392 0.177297
vt 0.977756 0.178452
vt 0.977761 0.17846
vt 0.97775 0.178473
vt 0.984329 0.18498
vt 0.984308 0.18498
vt 0.984328 0.184976
vt 0.984308 0.184284
vt 0.984329 0.184284
vt 0.984328 0.184288
vt 0.976387 0.177255
vt 0.976386 0.177276
vt 0.976381 0.177284
vt 0.976365 0.177274
vt 0.976374 0.177256
vt 0.976369 0.177274
vt 0.976001 0.179098
vt 0.976021 0.179096
vt 0.976002 0.179102
vt 0.978161 0.176378
vt 0.978181 0.176377
vt 0.978181 0.176381
vt 0.977768 0.178432
vt 0.977777 0.17845
vt 0.977773 0.17845
vt 0.977756 0.178452
vt 0.977755 0.178431
vt 0.977761 0.17846
vt 0.978579 0.181376
vt 0.978589 0.18137
vt 0.97859 0.181376
vt 0.977834 0.177072
vt 0.977826 0.177069
vt 0.977834 0.177068
vt 0.977824 0.176385
vt 0.977826 0.17706
vt 0.977822 0.177061
vt 0.976711 0.180667
vt 0.976721 0.180673
vt 0.976711 0.180673
vt 0.976711 0.181344
vt 0.976722 0.18135
vt 0.976711 0.181349
vt 0.977968 0.181703
vt 0.977957 0.181698
vt 0.977968 0.181698
vt 0.978136 0.177063
vt 0.978137 0.17638
vt 0.978137 0.177067
vt 0.978137 0.17638
vt 0.978135 0.176382
vt 0.978134 0.176381
vt 0.978137 0.17638
vt 0.978136 0.176383
vt 0.978135 0.176382
vt 0.978136 0.177063
vt 0.978137 0.177067
vt 0.978135 0.177065
vt 0.978137 0.177067
vt 0.978134 0.177066
vt 0.978135 0.177065
vt 0.977829 0.176379
vt 0.977824 0.176385
vt 0.977827 0.176376
vt 0.977835 0.176374
vt 0.977829 0.176379
vt 0.977827 0.176376
vt 0.975697 0.179708
vt 0.975691 0.179201
vt 0.975702 0.179712
vt 0.978589 0.18137
vt 0.978591 0.181071
vt 0.978591 0.18137
vt 0.983981 0.184297
vt 0.983982 0.184972
vt 0.983977 0.184966
vt 0.972386 0.184507
vt 0.972075 0.184593
vt 0.972386 0.183994
vt 0.984308 0.18498
vt 0.984288 0.184981
vt 0.984308 0.184284
vt 0.977835 0.176374
vt 0.97814 0.176377
vt 0.978137 0.17638
vt 0.977407 0.178466
vt 0.977417 0.178466
vt 0.977417 0.17914
vt 0.977819 0.176383
vt 0.977822 0.177061
vt 0.977818 0.177062
vt 0.976381 0.177284
vt 0.976514 0.177565
vt 0.976374 0.177292
vt 0.976791 0.180092
vt 0.97678 0.180094
vt 0.97678 0.179409
vt 0.97678 0.179409
vt 0.976791 0.179411
vt 0.976791 0.180092
vt 0.976722 0.181344
vt 0.976711 0.181344
vt 0.976711 0.180673
vt 0.978137 0.17638
vt 0.97814 0.176377
vt 0.97814 0.17707
vt 0.976392 0.177297
vt 0.976522 0.177561
vt 0.976381 0.177284
vt 0.984288 0.184981
vt 0.984288 0.184986
vt 0.983992 0.184976
vt 0.983992 0.184976
vt 0.984288 0.184986
vt 0.983991 0.18498
vt 0.984288 0.184279
vt 0.984288 0.184283
vt 0.983996 0.184287
vt 0.984288 0.184279
vt 0.983996 0.184287
vt 0.983995 0.184282
vt 0.977834 0.177068
vt 0.97814 0.17707
vt 0.977834 0.177072
vt 0.976514 0.177565
vt 0.97651 0.177567
vt 0.97637 0.177293
vt 0.97775 0.178473
vt 0.977761 0.17846
vt 0.977616 0.178735
vt 0.978589 0.18137
vt 0.978579 0.181069
vt 0.978591 0.181071
vt 0.977968 0.181396
vt 0.977957 0.181698
vt 0.977957 0.181398
vt 0.977835 0.176377
vt 0.978137 0.17638
vt 0.978134 0.176381
vt 0.978137 0.177067
vt 0.977834 0.177068
vt 0.978134 0.177066
vt 0.983986 0.184291
vt 0.984288 0.184283
vt 0.984288 0.184981
vt 0.97814 0.176372
vt 0.977835 0.176374
vt 0.977834 0.176369
vt 0.983982 0.184972
vt 0.984288 0.184981
vt 0.983992 0.184976
vt 0.97213 0.178096
vt 0.972173 0.178203
vt 0.97213 0.178207
vt 0.977632 0.178743
vt 0.977628 0.178741
vt 0.977772 0.178469
vt 0.984288 0.184981
vt 0.983982 0.184972
vt 0.983986 0.184291
vt 0.974069 0.176417
vt 0.974193 0.176431
vt 0.97407 0.176433
vt 0.974193 0.176414
vt 0.974068 0.176408
vt 0.974194 0.176405
vt 0.974066 0.176438
vt 0.974069 0.176593
vt 0.974066 0.176588
vt 0.974194 0.176405
vt 0.974064 0.1764
vt 0.974196 0.176397
vt 0.9742 0.176389
vt 0.974196 0.176397
vt 0.974064 0.1764
vt 0.978534 0.178817
vt 0.978523 0.178946
vt 0.978495 0.178729
vt 0.978468 0.178767
vt 0.978495 0.178729
vt 0.978523 0.178946
vt 0.978468 0.178767
vt 0.978509 0.178941
vt 0.978459 0.178779
vt 0.978509 0.178941
vt 0.978453 0.178788
vt 0.978459 0.178779
vt 0.978447 0.178795
vt 0.978453 0.178788
vt 0.97849 0.178936
vt 0.97849 0.178936
vt 0.978441 0.178802
vt 0.978447 0.178795
vt 0.974194 0.176545
vt 0.974193 0.176578
vt 0.974071 0.176546
vt 0.974071 0.176466
vt 0.974194 0.176545
vt 0.974071 0.176546
vt 0.97406 0.176392
vt 0.974064 0.1764
vt 0.974047 0.176381
vt 0.974056 0.176395
vt 0.974047 0.176381
vt 0.974064 0.1764
vt 0.974069 0.176417
vt 0.974062 0.176405
vt 0.974064 0.1764
vt 0.974069 0.176417
vt 0.97407 0.176577
vt 0.974069 0.176593
vt 0.973627 0.178333
vt 0.973621 0.178321
vt 0.97363 0.178324
vt 0.974062 0.176605
vt 0.974069 0.176593
vt 0.974065 0.176609
vt 0.974065 0.176609
vt 0.974061 0.176617
vt 0.974047 0.176629
vt 0.974047 0.176629
vt 0.974056 0.176617
vt 0.974065 0.176609
vt 0.974047 0.176629
vt 0.974032 0.176635
vt 0.974016 0.176636
vt 0.974016 0.176636
vt 0.974044 0.176625
vt 0.974047 0.176629
vt 0.972175 0.178064
vt 0.97213 0.178096
vt 0.972065 0.178071
vt 0.972065 0.178071
vt 0.97225 0.178056
vt 0.972175 0.178064
vt 0.974032 0.176374
vt 0.974047 0.176381
vt 0.974012 0.176372
vt 0.974044 0.176384
vt 0.974012 0.176372
vt 0.974047 0.176381
vt 0.973609 0.178318
vt 0.973617 0.178329
vt 0.973608 0.178326
vt 0.973635 0.178336
vt 0.973645 0.178329
vt 0.973646 0.17834
vt 0.973639 0.178327
vt 0.973627 0.178333
vt 0.97363 0.178324
vt 0.984265 0.179449
vt 0.984256 0.17946
vt 0.984256 0.179452
vt 0.984264 0.179425
vt 0.984255 0.179444
vt 0.984255 0.179425
vt 0.984256 0.179267
vt 0.984265 0.179288
vt 0.984256 0.179289
vt 0.984256 0.17926
vt 0.984266 0.17925
vt 0.984265 0.179263
vt 0.974061 0.18169
vt 0.974062 0.18168
vt 0.974067 0.181688
vt 0.974042 0.181686
vt 0.974054 0.181692
vt 0.974045 0.181696
vt 0.974061 0.18169
vt 0.974051 0.181683
vt 0.974062 0.18168
vt 0.974032 0.18169
vt 0.974024 0.181702
vt 0.974023 0.181693
vt 0.974036 0.181698
vt 0.974042 0.181686
vt 0.974045 0.181696
vt 0.987308 0.181313
vt 0.987299 0.18108
vt 0.987308 0.181079
vt 0.9873 0.183526
vt 0.987299 0.183531
vt 0.987299 0.183526
vt 0.973609 0.178318
vt 0.973608 0.178326
vt 0.973598 0.178314
vt 0.987093 0.1835
vt 0.987091 0.183496
vt 0.987092 0.183496
vt 0.972245 0.178055
vt 0.972246 0.178053
vt 0.972247 0.178054
vt 0.97225 0.178056
vt 0.972245 0.178055
vt 0.972247 0.178054
vt 0.984255 0.179271
vt 0.984256 0.17926
vt 0.984256 0.179267
vt 0.978534 0.178679
vt 0.978525 0.178688
vt 0.978532 0.178678
vt 0.972007 0.17806
vt 0.972029 0.178167
vt 0.972008 0.178196
vt 0.972239 0.178139
vt 0.97225 0.178056
vt 0.972252 0.178194
vt 0.978719 0.178281
vt 0.978719 0.178416
vt 0.978718 0.178281
vt 0.978738 0.178546
vt 0.978729 0.178548
vt 0.978743 0.178543
vt 0.978534 0.178817
vt 0.978525 0.178688
vt 0.978535 0.17868
vt 0.978535 0.17868
vt 0.978535 0.178819
vt 0.978534 0.178817
vt 0.978523 0.178946
vt 0.978515 0.178944
vt 0.978509 0.178941
vt 0.977611 0.184177
vt 0.977611 0.184201
vt 0.977611 0.184167
vt 0.981348 0.188173
vt 0.981347 0.188182
vt 0.981347 0.188166
vt 0.973652 0.178332
vt 0.973645 0.178329
vt 0.973656 0.178333
vt 0.974068 0.176408
vt 0.974069 0.176417
vt 0.974064 0.1764
vt 0.984255 0.179444
vt 0.984256 0.179452
vt 0.984255 0.179456
vt 0.974069 0.176593
vt 0.974068 0.176602
vt 0.974065 0.176609
vt 0.980725 0.188478
vt 0.980725 0.188488
vt 0.980725 0.188485
vt 0.974014 0.17664
vt 0.974032 0.176635
vt 0.974024 0.176638
vt 0.974045 0.181696
vt 0.974054 0.181692
vt 0.974058 0.181692
vt 0.974016 0.181705
vt 0.974036 0.181698
vt 0.974045 0.181696
vt 0.974032 0.176374
vt 0.974014 0.176369
vt 0.974024 0.176371
vt 0.974012 0.176636
vt 0.974016 0.176636
vt 0.974013 0.176639
vt 0.972006 0.177927
vt 0.972009 0.177926
vt 0.97201 0.177927
vt 0.972087 0.178204
vt 0.97213 0.178096
vt 0.97213 0.178207
vt 0.973598 0.178313
vt 0.973621 0.178321
vt 0.973609 0.178318
vt 0.974036 0.181698
vt 0.974016 0.181705
vt 0.974024 0.181702
vt 0.974013 0.181706
vt 0.974013 0.181705
vt 0.974024 0.181702
vt 0.974013 0.181706
vt 0.974012 0.181705
vt 0.974013 0.181705
vt 0.972029 0.178167
vt 0.972081 0.178134
vt 0.972087 0.178204
vt 0.97213 0.178096
vt 0.972081 0.178134
vt 0.972065 0.178071
vt 0.984264 0.179425
vt 0.984256 0.179289
vt 0.984265 0.179288
vt 0.97877 0.178536
vt 0.978806 0.178396
vt 0.978812 0.178403
vt 0.9873 0.183649
vt 0.987299 0.183605
vt 0.9873 0.183605
vt 0.984256 0.179289
vt 0.984254 0.179424
vt 0.984255 0.179271
vt 0.97225 0.178056
vt 0.97221 0.178106
vt 0.972175 0.178064
vt 0.987093 0.183457
vt 0.987092 0.183496
vt 0.987092 0.183421
vt 0.972029 0.178167
vt 0.972065 0.178071
vt 0.972081 0.178134
vt 0.9873 0.183531
vt 0.9873 0.183526
vt 0.987299 0.183605
vt 0.97225 0.178056
vt 0.972011 0.178056
vt 0.972245 0.178055
vt 0.972013 0.178056
vt 0.972245 0.178055
vt 0.972011 0.178056
vt 0.972013 0.178056
vt 0.972245 0.178054
vt 0.972245 0.178055
vt 0.978729 0.178548
vt 0.978719 0.178416
vt 0.978752 0.178324
vt 0.978752 0.178324
vt 0.978719 0.178416
vt 0.978719 0.178281
vt 0.978743 0.178543
vt 0.978784 0.178368
vt 0.978793 0.17838
vt 0.9788 0.178389
vt 0.978743 0.178543
vt 0.978793 0.17838
vt 0.9788 0.178389
vt 0.978763 0.178537
vt 0.978753 0.17854
vt 0.974197 0.176612
vt 0.974068 0.176602
vt 0.974195 0.176604
vt 0.9742 0.17662
vt 0.974065 0.176609
vt 0.974197 0.176612
vt 0.974069 0.176593
vt 0.974195 0.176604
vt 0.974068 0.176602
vt 0.974021 0.181691
vt 0.974013 0.181577
vt 0.974022 0.181576
vt 0.97407 0.176577
vt 0.974193 0.176595
vt 0.974069 0.176593
vt 0.972247 0.178054
vt 0.972247 0.177925
vt 0.97225 0.178056
vt 0.972251 0.177925
vt 0.97225 0.178056
vt 0.972247 0.177925
vt 0.972007 0.17806
vt 0.972006 0.177927
vt 0.97201 0.177927
vt 0.97201 0.177927
vt 0.972011 0.178056
vt 0.972007 0.17806
vt 0.973598 0.178443
vt 0.973606 0.178328
vt 0.973607 0.178443
vt 0.977842 0.180423
vt 0.977853 0.18041
vt 0.977852 0.18042
vt 0.978719 0.178551
vt 0.978719 0.178551
vt 0.978719 0.178416
vt 0.978534 0.178949
vt 0.978533 0.17895
vt 0.978534 0.178817
vt 0.974013 0.181705
vt 0.974012 0.181705
vt 0.974013 0.181577
vt 0.974193 0.176431
vt 0.974193 0.176464
vt 0.974071 0.176466
vt 0.974194 0.176545
vt 0.974071 0.176466
vt 0.974193 0.176464
vt 0.984638 0.17862
vt 0.984603 0.178641
vt 0.9846 0.178616
vt 0.971865 0.180344
vt 0.971911 0.180275
vt 0.971913 0.180331
vt 0.97786 0.180417
vt 0.977867 0.180406
vt 0.977867 0.180415
vt 0.977852 0.18042
vt 0.977853 0.18041
vt 0.97786 0.180417
vt 0.979003 0.182048
vt 0.978995 0.182038
vt 0.979003 0.182041
vt 0.977867 0.180415
vt 0.977867 0.180406
vt 0.977874 0.180413
vt 0.979003 0.182033
vt 0.978995 0.182013
vt 0.979003 0.182014
vt 0.979003 0.182041
vt 0.978995 0.182038
vt 0.979003 0.182033
vt 0.979003 0.181905
vt 0.978995 0.182013
vt 0.978995 0.181877
vt 0.978995 0.181877
vt 0.979003 0.181856
vt 0.979003 0.181873
vt 0.978995 0.181851
vt 0.979003 0.181841
vt 0.979003 0.181848
vt 0.978995 0.181851
vt 0.979003 0.181848
vt 0.979003 0.181856
vt 0.979003 0.181834
vt 0.978995 0.181841
vt 0.978995 0.181831
vt 0.977443 0.180554
vt 0.977431 0.180559
vt 0.977436 0.180552
vt 0.977451 0.180556
vt 0.977446 0.180563
vt 0.977443 0.180554
vt 0.977826 0.18036
vt 0.977824 0.180314
vt 0.97783 0.180313
vt 0.977436 0.180552
vt 0.977431 0.180559
vt 0.977426 0.180549
vt 0.977413 0.180553
vt 0.977426 0.180549
vt 0.977431 0.180559
vt 0.977821 0.180361
vt 0.977824 0.180405
vt 0.97782 0.180429
vt 0.977408 0.180566
vt 0.977407 0.18061
vt 0.977404 0.180543
vt 0.977404 0.180607
vt 0.977404 0.180543
vt 0.977407 0.18061
vt 0.977409 0.180657
vt 0.97741 0.180611
vt 0.977415 0.180658
vt 0.977405 0.180644
vt 0.977407 0.18061
vt 0.977409 0.180657
vt 0.982533 0.184282
vt 0.98253 0.184281
vt 0.982533 0.184269
vt 0.982528 0.184284
vt 0.98253 0.184281
vt 0.982524 0.184314
vt 0.987299 0.183829
vt 0.987307 0.183801
vt 0.987303 0.183834
vt 0.973205 0.182615
vt 0.973187 0.182566
vt 0.973205 0.182517
vt 0.973182 0.182623
vt 0.973187 0.182566
vt 0.973188 0.182644
vt 0.98465 0.178836
vt 0.984656 0.178828
vt 0.984653 0.178834
vt 0.984642 0.178621
vt 0.984648 0.178625
vt 0.984638 0.17862
vt 0.984653 0.178632
vt 0.984638 0.17862
vt 0.984648 0.178625
vt 0.984648 0.178625
vt 0.984653 0.17863
vt 0.984653 0.178632
vt 0.984658 0.178648
vt 0.984653 0.178632
vt 0.984656 0.178637
vt 0.984656 0.178637
vt 0.984659 0.178644
vt 0.984658 0.178648
vt 0.984624 0.178848
vt 0.984641 0.178843
vt 0.984634 0.178846
vt 0.977819 0.180363
vt 0.97782 0.180429
vt 0.977818 0.18043
vt 0.984617 0.178847
vt 0.984609 0.178849
vt 0.9846 0.178848
vt 0.984611 0.178615
vt 0.984625 0.178616
vt 0.9846 0.178616
vt 0.9719 0.18034
vt 0.971865 0.180344
vt 0.971913 0.180331
vt 0.971871 0.180111
vt 0.9719 0.180115
vt 0.971913 0.180123
vt 0.977409 0.18055
vt 0.977404 0.180543
vt 0.977411 0.180551
vt 0.97782 0.180429
vt 0.977825 0.180421
vt 0.977826 0.18042
vt 0.975676 0.1799
vt 0.975673 0.179933
vt 0.975673 0.179887
vt 0.977821 0.180361
vt 0.977818 0.180328
vt 0.97782 0.180315
vt 0.984326 0.18134
vt 0.984323 0.181376
vt 0.984324 0.181347
vt 0.98225 0.184511
vt 0.982247 0.184474
vt 0.98225 0.184461
vt 0.977404 0.180543
vt 0.977403 0.180614
vt 0.977403 0.180542
vt 0.973182 0.182506
vt 0.973187 0.182566
vt 0.973182 0.182623
vt 0.984603 0.178641
vt 0.984638 0.17862
vt 0.984653 0.178632
vt 0.984603 0.178641
vt 0.984617 0.178847
vt 0.9846 0.178848
vt 0.984603 0.178641
vt 0.9846 0.178848
vt 0.9846 0.178623
vt 0.978995 0.181877
vt 0.979003 0.181873
vt 0.979003 0.181905
vt 0.98613 0.184014
vt 0.986122 0.183986
vt 0.98613 0.183968
vt 0.98466 0.178771
vt 0.984658 0.178648
vt 0.98466 0.178663
vt 0.980725 0.188326
vt 0.980727 0.188325
vt 0.980727 0.188339
vt 0.972147 0.17973
vt 0.972148 0.179733
vt 0.972144 0.179763
vt 0.973205 0.182517
vt 0.973187 0.182566
vt 0.973188 0.182487
vt 0.971911 0.180275
vt 0.971871 0.180111
vt 0.971911 0.180177
vt 0.984603 0.178641
vt 0.984653 0.178632
vt 0.984617 0.178847
vt 0.971799 0.180343
vt 0.971798 0.180336
vt 0.971799 0.180118
vt 0.971865 0.180344
vt 0.971799 0.180118
vt 0.971871 0.180111
vt 0.972974 0.178399
vt 0.973013 0.178107
vt 0.973012 0.178395
vt 0.979027 0.177898
vt 0.979024 0.177952
vt 0.978803 0.177896
vt 0.973012 0.178395
vt 0.972975 0.178432
vt 0.972974 0.178399
vt 0.984846 0.178845
vt 0.984809 0.178852
vt 0.984809 0.178846
vt 0.984844 0.178835
vt 0.984809 0.178846
vt 0.98481 0.178837
vt 0.984809 0.178621
vt 0.984846 0.178615
vt 0.984846 0.178622
vt 0.984808 0.178631
vt 0.984846 0.178622
vt 0.984846 0.17863
vt 0.978859 0.177871
vt 0.978883 0.177881
vt 0.978849 0.177881
vt 0.978849 0.177881
vt 0.978844 0.177871
vt 0.978859 0.177871
vt 0.978864 0.177885
vt 0.978849 0.177881
vt 0.978883 0.177881
vt 0.978912 0.177882
vt 0.978893 0.177871
vt 0.978912 0.177871
vt 0.978883 0.177881
vt 0.978903 0.177885
vt 0.978864 0.177885
vt 0.983425 0.177452
vt 0.983462 0.177423
vt 0.983462 0.177453
vt 0.983462 0.177129
vt 0.983425 0.177415
vt 0.983426 0.177129
vt 0.978805 0.177616
vt 0.978789 0.17794
vt 0.97879 0.177616
vt 0.979011 0.177886
vt 0.979004 0.17788
vt 0.979015 0.177881
vt 0.984808 0.178821
vt 0.984844 0.178637
vt 0.984844 0.178835
vt 0.979018 0.17785
vt 0.979004 0.17788
vt 0.979007 0.177833
vt 0.978979 0.177873
vt 0.978991 0.177884
vt 0.978974 0.177882
vt 0.978992 0.177872
vt 0.979004 0.17788
vt 0.978991 0.177884
vt 0.979021 0.177618
vt 0.979007 0.177833
vt 0.979008 0.177618
vt 0.979008 0.177618
vt 0.978992 0.177872
vt 0.978995 0.177617
vt 0.98447 0.179381
vt 0.984474 0.179409
vt 0.984467 0.179422
vt 0.978979 0.177873
vt 0.978995 0.177617
vt 0.978992 0.177872
vt 0.984467 0.179422
vt 0.984463 0.179392
vt 0.98447 0.179381
vt 0.984463 0.179306
vt 0.98447 0.179381
vt 0.984463 0.179392
vt 0.98447 0.179297
vt 0.984478 0.179375
vt 0.98447 0.179381
vt 0.984481 0.179373
vt 0.984478 0.179321
vt 0.984483 0.179333
vt 0.984477 0.179407
vt 0.984478 0.179375
vt 0.984481 0.179373
vt 0.978805 0.177616
vt 0.978817 0.177831
vt 0.978809 0.177832
vt 0.984463 0.179271
vt 0.984468 0.179262
vt 0.98447 0.179297
vt 0.98447 0.179297
vt 0.984474 0.179276
vt 0.984478 0.179321
vt 0.98448 0.179294
vt 0.984478 0.179321
vt 0.984474 0.179276
vt 0.978823 0.177616
vt 0.978844 0.177871
vt 0.978834 0.177879
vt 0.973013 0.178439
vt 0.972975 0.178442
vt 0.972976 0.178439
vt 0.983425 0.177457
vt 0.983462 0.177453
vt 0.98346 0.17746
vt 0.983424 0.177461
vt 0.983462 0.177464
vt 0.983425 0.177464
vt 0.984463 0.179426
vt 0.984468 0.179433
vt 0.984464 0.179438
vt 0.978991 0.177884
vt 0.978978 0.177889
vt 0.978976 0.177886
vt 0.984463 0.179258
vt 0.984469 0.179253
vt 0.984468 0.179262
vt 0.978991 0.177884
vt 0.979003 0.177886
vt 0.978992 0.177887
vt 0.984468 0.179262
vt 0.984463 0.179271
vt 0.984463 0.179258
vt 0.978809 0.177832
vt 0.978819 0.177879
vt 0.978806 0.177849
vt 0.984469 0.179253
vt 0.984464 0.179246
vt 0.984466 0.179241
vt 0.978821 0.177885
vt 0.978834 0.177879
vt 0.978833 0.177886
vt 0.978817 0.177831
vt 0.978834 0.177879
vt 0.978819 0.177879
vt 0.978819 0.177879
vt 0.978808 0.177878
vt 0.978806 0.177849
vt 0.978833 0.177886
vt 0.978834 0.177879
vt 0.978849 0.177881
vt 0.978942 0.177886
vt 0.978974 0.177882
vt 0.978976 0.177886
vt 0.978819 0.177879
vt 0.97881 0.17788
vt 0.978808 0.177878
vt 0.97894 0.177882
vt 0.978965 0.177872
vt 0.978974 0.177882
vt 0.978979 0.177873
vt 0.978974 0.177882
vt 0.978965 0.177872
vt 0.978903 0.177885
vt 0.97894 0.177882
vt 0.978942 0.177886
vt 0.978912 0.177882
vt 0.978931 0.177871
vt 0.97894 0.177882
vt 0.978883 0.177617
vt 0.978859 0.177871
vt 0.978856 0.177616
vt 0.978949 0.177872
vt 0.97894 0.177882
vt 0.978931 0.177871
vt 0.978844 0.177871
vt 0.978856 0.177616
vt 0.978859 0.177871
vt 0.978913 0.177617
vt 0.978893 0.177871
vt 0.978883 0.177617
vt 0.978939 0.177617
vt 0.978912 0.177871
vt 0.978913 0.177617
vt 0.978875 0.177871
vt 0.978883 0.177617
vt 0.978893 0.177871
vt 0.978995 0.177617
vt 0.978949 0.177872
vt 0.978939 0.177617
vt 0.978931 0.177871
vt 0.978939 0.177617
vt 0.978949 0.177872
vt 0.978965 0.177872
vt 0.978995 0.177617
vt 0.978979 0.177873
vt 0.979021 0.177618
vt 0.979034 0.177942
vt 0.979027 0.177898
vt 0.973012 0.178395
vt 0.973014 0.17843
vt 0.973012 0.178434
vt 0.979034 0.177942
vt 0.979024 0.177952
vt 0.979027 0.177898
vt 0.984844 0.178637
vt 0.984808 0.178821
vt 0.98481 0.178645
vt 0.984844 0.178637
vt 0.98481 0.178645
vt 0.984808 0.178631
vt 0.973013 0.178107
vt 0.973013 0.178394
vt 0.973012 0.178395
vt 0.975266 0.179738
vt 0.975277 0.179744
vt 0.975269 0.179743
vt 0.9755 0.179729
vt 0.975504 0.179406
vt 0.975504 0.179698
vt 0.978797 0.177955
vt 0.978793 0.17795
vt 0.978799 0.177953
vt 0.975266 0.179738
vt 0.975269 0.179743
vt 0.975263 0.17974
vt 0.975261 0.179736
vt 0.975261 0.179728
vt 0.975266 0.179738
vt 0.984462 0.179277
vt 0.984463 0.179258
vt 0.984463 0.179271
vt 0.97879 0.177948
vt 0.978787 0.177944
vt 0.978789 0.17794
vt 0.978803 0.177896
vt 0.978814 0.177887
vt 0.978845 0.17789
vt 0.979013 0.177957
vt 0.978799 0.177953
vt 0.979022 0.177955
vt 0.978807 0.177956
vt 0.979015 0.177958
vt 0.978822 0.177957
vt 0.979022 0.177955
vt 0.979015 0.177958
vt 0.979013 0.177957
vt 0.979036 0.177905
vt 0.979034 0.177942
vt 0.979037 0.177618
vt 0.979019 0.177886
vt 0.979015 0.177881
vt 0.979018 0.17785
vt 0.979019 0.177886
vt 0.979011 0.177886
vt 0.979015 0.177881
vt 0.976642 0.178595
vt 0.976642 0.178571
vt 0.976642 0.178602
vt 0.98481 0.178837
vt 0.984809 0.178846
vt 0.984807 0.178836
vt 0.979025 0.177956
vt 0.97903 0.177952
vt 0.979031 0.177953
vt 0.979034 0.177942
vt 0.979037 0.177905
vt 0.979036 0.177943
vt 0.97548 0.179746
vt 0.975281 0.179742
vt 0.975486 0.179743
vt 0.973013 0.178107
vt 0.973015 0.178107
vt 0.973013 0.178394
vt 0.975498 0.179741
vt 0.9755 0.179729
vt 0.975502 0.179732
vt 0.983423 0.177415
vt 0.983426 0.177129
vt 0.983425 0.177415
vt 0.9755 0.179729
vt 0.975504 0.179698
vt 0.975502 0.179732
vt 0.975492 0.179744
vt 0.975496 0.179738
vt 0.975498 0.179741
vt 0.975262 0.179406
vt 0.975258 0.179699
vt 0.975258 0.179406
vt 0.975486 0.179743
vt 0.975492 0.179744
vt 0.97548 0.179746
vt 0.979036 0.177943
vt 0.979033 0.17795
vt 0.979034 0.177942
vt 0.978787 0.177903
vt 0.97879 0.177616
vt 0.978789 0.17794
vt 0.984844 0.178637
vt 0.984846 0.178833
vt 0.984844 0.178835
vt 0.984807 0.178836
vt 0.984808 0.178821
vt 0.98481 0.178837
vt 0.978095 0.183107
vt 0.978097 0.183102
vt 0.978097 0.183136
vt 0.983462 0.177453
vt 0.983462 0.17746
vt 0.98346 0.17746
vt 0.97903 0.177952
vt 0.979033 0.17795
vt 0.979031 0.177953
vt 0.978999 0.17789
vt 0.979009 0.177886
vt 0.979011 0.177886
vt 0.978845 0.17789
vt 0.979027 0.177898
vt 0.978803 0.177896
vt 0.978808 0.177878
vt 0.97881 0.17788
vt 0.978814 0.177887
vt 0.978814 0.177887
vt 0.978803 0.177896
vt 0.978808 0.177878
vt 0.978808 0.177878
vt 0.978803 0.177896
vt 0.978806 0.177849
vt 0.979018 0.17785
vt 0.979021 0.177618
vt 0.979019 0.177886
vt 0.979019 0.177886
vt 0.978999 0.17789
vt 0.979011 0.177886
vt 0.97903 0.177952
vt 0.979022 0.177955
vt 0.979024 0.177952
vt 0.975281 0.179742
vt 0.975496 0.179738
vt 0.975486 0.179743
vt 0.984808 0.178631
vt 0.98481 0.178645
vt 0.984808 0.178821
vt 0.978799 0.177948
vt 0.979024 0.177952
vt 0.978799 0.177953
vt 0.97801 0.178386
vt 0.977985 0.178342
vt 0.978014 0.178366
vt 0.975266 0.179738
vt 0.975262 0.179406
vt 0.975504 0.179406
vt 0.984331 0.181725
vt 0.984323 0.181735
vt 0.984323 0.181725
vt 0.984331 0.181715
vt 0.984323 0.181725
vt 0.984323 0.181715
vt 0.985845 0.184003
vt 0.985853 0.184013
vt 0.985846 0.184013
vt 0.985846 0.184023
vt 0.985853 0.184013
vt 0.985853 0.184023
vt 0.985846 0.184033
vt 0.985853 0.184023
vt 0.985853 0.184033
vt 0.985846 0.184033
vt 0.985853 0.184043
vt 0.985846 0.184043
vt 0.985845 0.184053
vt 0.985853 0.184043
vt 0.985853 0.184053
vt 0.984331 0.181933
vt 0.984323 0.181923
vt 0.984331 0.181923
vt 0.984331 0.181913
vt 0.984323 0.181923
vt 0.984323 0.181913
vt 0.984331 0.181913
vt 0.984323 0.181903
vt 0.984331 0.181903
vt 0.984331 0.181903
vt 0.984323 0.181893
vt 0.984331 0.181893
vt 0.985438 0.184046
vt 0.985431 0.184056
vt 0.98543 0.184046
vt 0.985438 0.184046
vt 0.98543 0.184036
vt 0.985438 0.184036
vt 0.985438 0.184026
vt 0.98543 0.184036
vt 0.98543 0.184026
vt 0.985438 0.184016
vt 0.98543 0.184026
vt 0.98543 0.184016
vt 0.985438 0.184016
vt 0.98543 0.184006
vt 0.985438 0.184006
vt 0.984331 0.181745
vt 0.984323 0.181755
vt 0.984323 0.181745
vt 0.984331 0.181735
vt 0.984323 0.181745
vt 0.984323 0.181735
vt 0.982755 0.184275
vt 0.982731 0.184283
vt 0.982731 0.184275
vt 0.986883 0.1838
vt 0.986883 0.183792
vt 0.986907 0.1838
vt 0.982755 0.184268
vt 0.982731 0.184275
vt 0.982732 0.184267
vt 0.986883 0.183815
vt 0.986907 0.183822
vt 0.986884 0.183822
vt 0.986907 0.183807
vt 0.986883 0.183815
vt 0.986883 0.183807
vt 0.986907 0.183785
vt 0.986883 0.183792
vt 0.986884 0.183784
vt 0.986907 0.1838
vt 0.986883 0.183792
vt 0.986907 0.183792
vt 0.982063 0.184489
vt 0.982039 0.184482
vt 0.982063 0.184482
vt 0.982063 0.184497
vt 0.982039 0.184489
vt 0.982063 0.184489
vt 0.982063 0.184504
vt 0.98204 0.184497
vt 0.982063 0.184497
vt 0.982063 0.184512
vt 0.982039 0.184504
vt 0.982063 0.184504
vt 0.987114 0.183817
vt 0.987091 0.18381
vt 0.987114 0.18381
vt 0.987115 0.183825
vt 0.987091 0.183818
vt 0.987114 0.183817
vt 0.987115 0.183833
vt 0.987091 0.183825
vt 0.987115 0.183825
vt 0.987091 0.18384
vt 0.987115 0.183833
vt 0.987114 0.18384
vt 0.987091 0.183847
vt 0.987114 0.18384
vt 0.987114 0.183848
vt 0.982755 0.18429
vt 0.982732 0.184298
vt 0.982731 0.18429
vt 0.982755 0.184283
vt 0.982731 0.18429
vt 0.982731 0.184283
vt 0.977985 0.178342
vt 0.97801 0.178357
vt 0.978014 0.178366
vt 0.978083 0.179859
vt 0.978073 0.179865
vt 0.978076 0.179858
vt 0.977985 0.178342
vt 0.977995 0.178344
vt 0.978004 0.178349
vt 0.977957 0.178366
vt 0.97796 0.178386
vt 0.977957 0.178376
vt 0.978083 0.179849
vt 0.978076 0.179858
vt 0.978076 0.17985
vt 0.978079 0.17984
vt 0.978076 0.17985
vt 0.978073 0.179843
vt 0.978073 0.179832
vt 0.978073 0.179843
vt 0.978068 0.179838
vt 0.978073 0.179832
vt 0.978062 0.179834
vt 0.978064 0.179827
vt 0.978064 0.179827
vt 0.978054 0.179832
vt 0.978054 0.179825
vt 0.978044 0.179827
vt 0.978054 0.179832
vt 0.978047 0.179834
vt 0.978044 0.179827
vt 0.97804 0.179837
vt 0.978036 0.179832
vt 0.978029 0.17984
vt 0.97804 0.179837
vt 0.978035 0.179843
vt 0.978026 0.179849
vt 0.978035 0.179843
vt 0.978033 0.17985
vt 0.978026 0.179849
vt 0.978033 0.179858
vt 0.978026 0.179859
vt 0.978026 0.179859
vt 0.978035 0.179865
vt 0.978029 0.179869
vt 0.978029 0.179869
vt 0.97804 0.179871
vt 0.978036 0.179876
vt 0.978044 0.179881
vt 0.97804 0.179871
vt 0.978047 0.179875
vt 0.978054 0.179883
vt 0.978047 0.179875
vt 0.978054 0.179876
vt 0.978054 0.179883
vt 0.978062 0.179875
vt 0.978064 0.179881
vt 0.978064 0.179881
vt 0.978068 0.179871
vt 0.978073 0.179876
vt 0.978073 0.179876
vt 0.978073 0.179865
vt 0.978079 0.179869
vt 0.975431 0.176592
vt 0.975431 0.176583
vt 0.975436 0.176589
vt 0.975431 0.176592
vt 0.975439 0.176596
vt 0.975433 0.176597
vt 0.975433 0.176597
vt 0.975439 0.176603
vt 0.975433 0.176602
vt 0.975431 0.176607
vt 0.975439 0.176603
vt 0.975436 0.17661
vt 0.975427 0.176611
vt 0.975436 0.17661
vt 0.975431 0.176616
vt 0.975427 0.176611
vt 0.975425 0.17662
vt 0.975423 0.176614
vt 0.975413 0.176614
vt 0.975425 0.17662
vt 0.975418 0.176621
vt 0.975413 0.176614
vt 0.975404 0.176616
vt 0.975408 0.176611
vt 0.97541 0.17662
vt 0.975413 0.176614
vt 0.975418 0.176621
vt 0.975408 0.176611
vt 0.975399 0.17661
vt 0.975404 0.176607
vt 0.975402 0.176602
vt 0.975399 0.17661
vt 0.975396 0.176603
vt 0.975402 0.176597
vt 0.975396 0.176603
vt 0.975396 0.176596
vt 0.975404 0.176592
vt 0.975396 0.176596
vt 0.975399 0.176589
vt 0.975404 0.176592
vt 0.975404 0.176583
vt 0.975408 0.176588
vt 0.975412 0.176585
vt 0.975404 0.176583
vt 0.97541 0.176579
vt 0.975412 0.176585
vt 0.975417 0.176578
vt 0.975418 0.176584
vt 0.975423 0.176585
vt 0.975417 0.176578
vt 0.975425 0.176579
vt 0.975423 0.176585
vt 0.975431 0.176583
vt 0.975427 0.176588
vt 0.977957 0.185375
vt 0.977966 0.185367
vt 0.977966 0.185372
vt 0.98454 0.184279
vt 0.984531 0.184271
vt 0.98454 0.184268
vt 0.977966 0.185378
vt 0.977957 0.185375
vt 0.977966 0.185372
vt 0.98454 0.184258
vt 0.984531 0.184266
vt 0.984531 0.18426
vt 0.984531 0.184266
vt 0.98454 0.184268
vt 0.984531 0.184271
vt 0.98454 0.184247
vt 0.984531 0.184255
vt 0.984531 0.18425
vt 0.977887 0.186411
vt 0.977897 0.186419
vt 0.977888 0.186422
vt 0.977887 0.186429
vt 0.977897 0.186424
vt 0.977897 0.18643
vt 0.977897 0.186424
vt 0.977888 0.186422
vt 0.977897 0.186419
vt 0.978095 0.183282
vt 0.978104 0.183275
vt 0.978104 0.18328
vt 0.978095 0.183291
vt 0.978104 0.183285
vt 0.978104 0.183291
vt 0.978095 0.183291
vt 0.978104 0.183296
vt 0.978095 0.183299
vt 0.977957 0.185354
vt 0.977966 0.185362
vt 0.977957 0.185364
vt 0.978104 0.183302
vt 0.978095 0.183299
vt 0.978104 0.183296
vt 0.979356 0.180803
vt 0.979342 0.180847
vt 0.979344 0.180804
vt 0.972776 0.183548
vt 0.972768 0.183627
vt 0.972768 0.183533
vt 0.979344 0.180804
vt 0.979355 0.180729
vt 0.979356 0.180803
vt 0.972147 0.178581
vt 0.972012 0.178372
vt 0.972153 0.178352
vt 0.972026 0.178352
vt 0.972153 0.178352
vt 0.972012 0.178372
vt 0.979347 0.181153
vt 0.979357 0.181291
vt 0.979347 0.181291
vt 0.972777 0.183625
vt 0.972767 0.183654
vt 0.972768 0.183627
vt 0.972778 0.183664
vt 0.972767 0.183674
vt 0.972767 0.183665
vt 0.972778 0.183664
vt 0.972767 0.183665
vt 0.972767 0.183654
vt 0.972767 0.183683
vt 0.972778 0.183678
vt 0.972778 0.183686
vt 0.979347 0.181153
vt 0.979357 0.181133
vt 0.979358 0.181153
vt 0.979356 0.181125
vt 0.979345 0.181133
vt 0.979344 0.181125
vt 0.979344 0.181125
vt 0.979354 0.181116
vt 0.979356 0.181125
vt 0.979352 0.181108
vt 0.979343 0.181117
vt 0.979341 0.181109
vt 0.979757 0.182
vt 0.979765 0.182079
vt 0.979757 0.182093
vt 0.979757 0.181973
vt 0.979766 0.182002
vt 0.979757 0.182
vt 0.979756 0.181953
vt 0.979767 0.181963
vt 0.979757 0.181962
vt 0.979757 0.181962
vt 0.979767 0.181963
vt 0.979757 0.181973
vt 0.979767 0.181949
vt 0.979756 0.181944
vt 0.979766 0.18194
vt 0.979343 0.181329
vt 0.979352 0.181338
vt 0.979341 0.181337
vt 0.979354 0.18133
vt 0.979344 0.181321
vt 0.979355 0.181321
vt 0.979345 0.181313
vt 0.979355 0.181321
vt 0.979344 0.181321
vt 0.979356 0.181313
vt 0.979347 0.181291
vt 0.979357 0.181291
vt 0.972153 0.178352
vt 0.972176 0.178511
vt 0.972147 0.178581
vt 0.979353 0.180729
vt 0.979342 0.180724
vt 0.979353 0.180725
vt 0.979342 0.180969
vt 0.979353 0.180965
vt 0.979353 0.180969
vt 0.972166 0.178589
vt 0.972147 0.178581
vt 0.972176 0.178511
vt 0.972166 0.178589
vt 0.972026 0.178583
vt 0.972147 0.178581
vt 0.972026 0.178583
vt 0.972013 0.178572
vt 0.972011 0.178561
vt 0.972035 0.178586
vt 0.972026 0.178583
vt 0.972046 0.178588
vt 0.972046 0.178588
vt 0.972026 0.178583
vt 0.972073 0.178589
vt 0.972009 0.178565
vt 0.972011 0.178561
vt 0.972013 0.178572
vt 0.972011 0.178561
vt 0.972005 0.178398
vt 0.972012 0.178372
vt 0.972005 0.178534
vt 0.972011 0.178561
vt 0.972007 0.178557
vt 0.972007 0.178557
vt 0.972011 0.178561
vt 0.972009 0.178565
vt 0.972013 0.178362
vt 0.972026 0.178352
vt 0.972012 0.178372
vt 0.972012 0.178372
vt 0.972006 0.178377
vt 0.972009 0.178369
vt 0.972012 0.178372
vt 0.972005 0.178398
vt 0.972006 0.178377
vt 0.972026 0.178352
vt 0.972166 0.178345
vt 0.972153 0.178352
vt 0.972012 0.178372
vt 0.972009 0.178369
vt 0.972013 0.178362
vt 0.972026 0.178352
vt 0.972046 0.178346
vt 0.972073 0.178345
vt 0.972026 0.178352
vt 0.972035 0.178348
vt 0.972046 0.178346
vt 0.979353 0.180969
vt 0.979349 0.18097
vt 0.979342 0.180969
vt 0.979349 0.180724
vt 0.979353 0.180725
vt 0.979342 0.180724
vt 0.979347 0.181291
vt 0.979345 0.181156
vt 0.979347 0.181153
vt 0.979356 0.180891
vt 0.979342 0.180847
vt 0.979356 0.180847
vt 0.979355 0.180965
vt 0.979344 0.180889
vt 0.979356 0.180891
vt 0.979342 0.180847
vt 0.979344 0.180889
vt 0.979342 0.180891
vt 0.972153 0.178352
vt 0.972166 0.178345
vt 0.972176 0.178423
vt 0.979344 0.180804
vt 0.979353 0.180729
vt 0.979355 0.180729
vt 0.979344 0.180804
vt 0.979342 0.180724
vt 0.979353 0.180729
vt 0.979342 0.180969
vt 0.979344 0.180889
vt 0.979353 0.180965
vt 0.979353 0.180965
vt 0.979344 0.180889
vt 0.979355 0.180965
vt 0.972147 0.178581
vt 0.972026 0.178583
vt 0.972011 0.178561
vt 0.977414 0.177041
vt 0.977414 0.176517
vt 0.977647 0.176793
vt 0.97923 0.19176
vt 0.979175 0.191828
vt 0.979162 0.191683
vt 0.97892 0.191471
vt 0.979041 0.191861
vt 0.978821 0.191484
vt 0.979254 0.191917
vt 0.979245 0.191931
vt 0.979242 0.191919
vt 0.979254 0.191917
vt 0.979242 0.191919
vt 0.979241 0.191915
vt 0.979254 0.191917
vt 0.979258 0.19191
vt 0.979258 0.191916
vt 0.97934 0.192665
vt 0.979338 0.192659
vt 0.979351 0.192662
vt 0.979351 0.192662
vt 0.979354 0.192656
vt 0.979357 0.192663
vt 0.974541 0.184149
vt 0.974535 0.18415
vt 0.974536 0.184146
vt 0.979357 0.192663
vt 0.979354 0.192656
vt 0.979359 0.192656
vt 0.977622 0.176398
vt 0.977616 0.176403
vt 0.977616 0.176375
vt 0.977406 0.176505
vt 0.977412 0.176499
vt 0.977413 0.176502
vt 0.975866 0.176372
vt 0.975865 0.176369
vt 0.975872 0.17637
vt 0.978516 0.192703
vt 0.978513 0.192705
vt 0.978514 0.192694
vt 0.978511 0.191538
vt 0.978514 0.191534
vt 0.978514 0.191544
vt 0.978713 0.191982
vt 0.978714 0.191988
vt 0.97871 0.191986
vt 0.978802 0.192725
vt 0.978806 0.192724
vt 0.978805 0.192731
vt 0.978732 0.191976
vt 0.978731 0.191984
vt 0.978717 0.19198
vt 0.97881 0.192732
vt 0.978822 0.192729
vt 0.978822 0.192732
vt 0.978807 0.192734
vt 0.978805 0.192731
vt 0.97881 0.192732
vt 0.978731 0.191984
vt 0.978734 0.191998
vt 0.978719 0.19199
vt 0.978719 0.19199
vt 0.978717 0.19198
vt 0.978731 0.191984
vt 0.977635 0.177183
vt 0.977633 0.177155
vt 0.977639 0.177158
vt 0.977635 0.177183
vt 0.977636 0.17719
vt 0.977632 0.177186
vt 0.977414 0.177056
vt 0.977413 0.17706
vt 0.977406 0.177054
vt 0.979333 0.191438
vt 0.979333 0.191452
vt 0.979329 0.191447
vt 0.979258 0.19191
vt 0.979254 0.191917
vt 0.979254 0.191908
vt 0.974301 0.184138
vt 0.974536 0.184138
vt 0.974299 0.184146
vt 0.977622 0.176398
vt 0.977624 0.176395
vt 0.977634 0.176477
vt 0.977616 0.176403
vt 0.977414 0.176517
vt 0.977413 0.176502
vt 0.978514 0.192694
vt 0.978511 0.191585
vt 0.978514 0.191563
vt 0.975614 0.176373
vt 0.975866 0.17638
vt 0.975616 0.17638
vt 0.978636 0.191755
vt 0.978732 0.191976
vt 0.978717 0.19198
vt 0.978717 0.19198
vt 0.978713 0.191982
vt 0.97852 0.191551
vt 0.977414 0.177056
vt 0.977414 0.177041
vt 0.977633 0.177155
vt 0.977404 0.17704
vt 0.977403 0.176519
vt 0.977407 0.177039
vt 0.979226 0.191442
vt 0.979306 0.191432
vt 0.979306 0.191439
vt 0.979254 0.191908
vt 0.979255 0.191798
vt 0.979329 0.191447
vt 0.979333 0.191452
vt 0.979258 0.19191
vt 0.979254 0.191908
vt 0.979245 0.191931
vt 0.978734 0.191998
vt 0.979242 0.191919
vt 0.977641 0.176613
vt 0.977641 0.17656
vt 0.977648 0.176666
vt 0.977407 0.176518
vt 0.977414 0.176517
vt 0.977414 0.177041
vt 0.978718 0.191501
vt 0.978713 0.191497
vt 0.978821 0.191484
vt 0.978821 0.191484
vt 0.978926 0.191465
vt 0.97892 0.191471
vt 0.978731 0.191984
vt 0.979241 0.191915
vt 0.979242 0.191919
vt 0.977653 0.176883
vt 0.977651 0.176989
vt 0.977649 0.176934
vt 0.97924 0.19191
vt 0.978948 0.191938
vt 0.979222 0.191898
vt 0.97892 0.191471
vt 0.978926 0.191465
vt 0.97903 0.191459
vt 0.979254 0.191917
vt 0.979258 0.191916
vt 0.979354 0.192656
vt 0.979341 0.191462
vt 0.979342 0.191449
vt 0.97935 0.191482
vt 0.979262 0.191913
vt 0.979354 0.192656
vt 0.979258 0.191916
vt 0.978511 0.191585
vt 0.97851 0.19155
vt 0.978514 0.191563
vt 0.978714 0.191988
vt 0.978806 0.192724
vt 0.97871 0.191986
vt 0.978806 0.192724
vt 0.978714 0.191988
vt 0.978719 0.19199
vt 0.974301 0.184138
vt 0.974534 0.183022
vt 0.974536 0.184138
vt 0.975866 0.17638
vt 0.975864 0.177498
vt 0.975616 0.17638
vt 0.978718 0.191501
vt 0.978724 0.191792
vt 0.978628 0.191517
vt 0.979226 0.191442
vt 0.979148 0.191537
vt 0.979135 0.191449
vt 0.979226 0.191442
vt 0.979306 0.191439
vt 0.979329 0.191447
vt 0.977647 0.176793
vt 0.977616 0.176403
vt 0.977641 0.176613
vt 0.978724 0.191792
vt 0.978718 0.191501
vt 0.978821 0.191484
vt 0.978732 0.191976
vt 0.978744 0.191939
vt 0.978948 0.191938
vt 0.979135 0.191449
vt 0.979148 0.191537
vt 0.97903 0.191459
vt 0.974535 0.18415
vt 0.974298 0.184149
vt 0.974536 0.184146
vt 0.977412 0.176499
vt 0.977614 0.176373
vt 0.977616 0.176375
vt 0.975866 0.176372
vt 0.975613 0.176369
vt 0.975865 0.176369
vt 0.977635 0.177183
vt 0.977632 0.177186
vt 0.977413 0.17706
vt 0.979254 0.191908
vt 0.97924 0.19191
vt 0.979255 0.191798
vt 0.974501 0.179639
vt 0.974436 0.179654
vt 0.974443 0.179556
vt 0.973876 0.180779
vt 0.973813 0.180783
vt 0.97382 0.180682
vt 0.974436 0.179028
vt 0.97443 0.178953
vt 0.974493 0.17896
vt 0.973819 0.180255
vt 0.973812 0.180157
vt 0.973874 0.180165
vt 0.974501 0.179639
vt 0.974443 0.179556
vt 0.974448 0.179451
vt 0.974501 0.179639
vt 0.974448 0.179451
vt 0.97445 0.179343
vt 0.973876 0.180779
vt 0.97382 0.180682
vt 0.973824 0.180576
vt 0.973824 0.180576
vt 0.973826 0.180468
vt 0.973876 0.180779
vt 0.974448 0.179235
vt 0.974443 0.17913
vt 0.974493 0.17896
vt 0.973824 0.18036
vt 0.973819 0.180255
vt 0.973874 0.180165
vt 0.987715 0.193578
vt 0.987714 0.192431
vt 0.987777 0.193567
vt 0.987975 0.192433
vt 0.987921 0.193569
vt 0.987922 0.192422
vt 0.979338 0.191437
vt 0.979339 0.191435
vt 0.979342 0.191449
vt 0.979614 0.19257
vt 0.979611 0.19256
vt 0.979615 0.192561
vt 0.979615 0.192561
vt 0.979616 0.192569
vt 0.979614 0.19257
vt 0.979614 0.19257
vt 0.979616 0.192569
vt 0.979612 0.192574
vt 0.97851 0.192696
vt 0.978514 0.192694
vt 0.978513 0.192705
vt 0.978513 0.192705
vt 0.978511 0.192704
vt 0.97851 0.192696
vt 0.978511 0.191538
vt 0.978513 0.191531
vt 0.978514 0.191534
vt 0.978514 0.191534
vt 0.978513 0.191531
vt 0.978543 0.191526
vt 0.978516 0.192708
vt 0.978511 0.192704
vt 0.978513 0.192705
vt 0.979306 0.191432
vt 0.979335 0.19143
vt 0.979334 0.191433
vt 0.979615 0.192561
vt 0.979611 0.19256
vt 0.97935 0.191482
vt 0.978511 0.191585
vt 0.978514 0.192694
vt 0.97851 0.192696
vt 0.979306 0.191432
vt 0.979226 0.191442
vt 0.979239 0.191436
vt 0.978926 0.191465
vt 0.978821 0.191484
vt 0.978818 0.191478
vt 0.978818 0.191478
vt 0.978821 0.191484
vt 0.978713 0.191497
vt 0.978713 0.191497
vt 0.97871 0.191495
vt 0.978818 0.191478
vt 0.979034 0.191453
vt 0.97903 0.191459
vt 0.978926 0.191465
vt 0.987984 0.19357
vt 0.987985 0.193568
vt 0.987985 0.193582
vt 0.979616 0.192569
vt 0.979615 0.192561
vt 0.979616 0.192562
vt 0.987777 0.19358
vt 0.987778 0.193577
vt 0.987777 0.193585
vt 0.973869 0.180859
vt 0.973871 0.180855
vt 0.973867 0.180886
vt 0.987778 0.192412
vt 0.987778 0.192419
vt 0.987776 0.192417
vt 0.987984 0.193585
vt 0.987985 0.193582
vt 0.987985 0.193588
vt 0.973867 0.180063
vt 0.973871 0.180091
vt 0.973868 0.180088
vt 0.987778 0.192432
vt 0.987777 0.192466
vt 0.987776 0.19243
vt 0.987984 0.19357
vt 0.987985 0.193533
vt 0.987985 0.193568
vt 0.973888 0.180469
vt 0.97389 0.18047
vt 0.973888 0.180577
vt 0.979141 0.191443
vt 0.979034 0.191453
vt 0.979096 0.191446
vt 0.978724 0.191792
vt 0.978732 0.191976
vt 0.978636 0.191755
vt 0.977647 0.176793
vt 0.977414 0.176517
vt 0.977616 0.176403
vt 0.978628 0.191517
vt 0.978636 0.191755
vt 0.978542 0.191534
vt 0.979255 0.191798
vt 0.979226 0.191442
vt 0.979329 0.191447
vt 0.977414 0.177041
vt 0.977647 0.176793
vt 0.977633 0.177155
vt 0.979148 0.191537
vt 0.97923 0.19176
vt 0.979162 0.191683
vt 0.978821 0.191484
vt 0.978744 0.191939
vt 0.978724 0.191792
vt 0.979066 0.191693
vt 0.979148 0.191537
vt 0.979162 0.191683
vt 0.979041 0.191861
vt 0.978948 0.191938
vt 0.978821 0.191484
vt 0.979175 0.191828
vt 0.979066 0.191693
vt 0.979162 0.191683
vt 0.97903 0.191459
vt 0.979041 0.191861
vt 0.97892 0.191471
vt 0.979341 0.192668
vt 0.979351 0.192662
vt 0.979354 0.192666
vt 0.979354 0.192666
vt 0.979351 0.192662
vt 0.979357 0.192663
vt 0.974535 0.183004
vt 0.974541 0.183008
vt 0.974534 0.183022
vt 0.979333 0.191452
vt 0.979337 0.191446
vt 0.979335 0.19146
vt 0.979342 0.191449
vt 0.979337 0.191446
vt 0.979338 0.191437
vt 0.979333 0.191438
vt 0.979338 0.191437
vt 0.979337 0.191446
vt 0.974543 0.184139
vt 0.974536 0.184146
vt 0.974536 0.184138
vt 0.974299 0.184146
vt 0.974291 0.184139
vt 0.974301 0.184138
vt 0.97961 0.192569
vt 0.979611 0.19256
vt 0.979614 0.19257
vt 0.974298 0.184149
vt 0.974289 0.184146
vt 0.974299 0.184146
vt 0.979612 0.192574
vt 0.97961 0.192569
vt 0.979614 0.19257
vt 0.979354 0.192666
vt 0.979357 0.192663
vt 0.979357 0.192667
vt 0.979258 0.19191
vt 0.979262 0.191913
vt 0.979258 0.191916
vt 0.977616 0.176375
vt 0.977614 0.176373
vt 0.977618 0.176369
vt 0.977624 0.176395
vt 0.977616 0.176375
vt 0.977621 0.176369
vt 0.977406 0.176505
vt 0.977414 0.176517
vt 0.977407 0.176518
vt 0.977404 0.176507
vt 0.977407 0.176518
vt 0.977403 0.176519
vt 0.975866 0.176372
vt 0.975874 0.176379
vt 0.975866 0.17638
vt 0.975871 0.177511
vt 0.975865 0.177515
vt 0.975864 0.177498
vt 0.97851 0.19155
vt 0.978514 0.191544
vt 0.978514 0.191563
vt 0.975606 0.176379
vt 0.975614 0.176373
vt 0.975616 0.17638
vt 0.978514 0.191544
vt 0.97852 0.191551
vt 0.978519 0.191559
vt 0.975613 0.176369
vt 0.975604 0.176373
vt 0.975604 0.176369
vt 0.978514 0.191544
vt 0.978523 0.191546
vt 0.97852 0.191551
vt 0.978542 0.191534
vt 0.978523 0.191546
vt 0.978514 0.191534
vt 0.978822 0.192729
vt 0.97881 0.192724
vt 0.978825 0.192721
vt 0.978514 0.191534
vt 0.978543 0.191526
vt 0.978542 0.191534
vt 0.97881 0.192724
vt 0.978805 0.192731
vt 0.978806 0.192724
vt 0.978717 0.19198
vt 0.978714 0.191988
vt 0.978713 0.191982
vt 0.977642 0.177157
vt 0.977635 0.177183
vt 0.977639 0.177158
vt 0.978516 0.192703
vt 0.978516 0.192708
vt 0.978513 0.192705
vt 0.977406 0.177054
vt 0.977414 0.177041
vt 0.977414 0.177056
vt 0.977407 0.177039
vt 0.977403 0.177051
vt 0.977404 0.17704
vt 0.979306 0.191432
vt 0.979333 0.191438
vt 0.979306 0.191439
vt 0.979329 0.191447
vt 0.979306 0.191439
vt 0.979333 0.191438
vt 0.97924 0.19191
vt 0.979254 0.191917
vt 0.979241 0.191915
vt 0.979338 0.191437
vt 0.979333 0.191438
vt 0.979334 0.191433
vt 0.974543 0.184139
vt 0.974534 0.183022
vt 0.974541 0.183008
vt 0.974289 0.183394
vt 0.974534 0.183022
vt 0.974297 0.183396
vt 0.979341 0.191462
vt 0.97935 0.191482
vt 0.979611 0.19256
vt 0.974536 0.184138
vt 0.974536 0.184146
vt 0.974299 0.184146
vt 0.974298 0.184149
vt 0.974299 0.184146
vt 0.974536 0.184146
vt 0.979335 0.19146
vt 0.979258 0.19191
vt 0.979333 0.191452
vt 0.977641 0.17656
vt 0.977622 0.176398
vt 0.977634 0.176477
vt 0.977641 0.176613
vt 0.977616 0.176403
vt 0.977622 0.176398
vt 0.975874 0.176379
vt 0.975864 0.177498
vt 0.975866 0.17638
vt 0.977616 0.176403
vt 0.977413 0.176502
vt 0.977616 0.176375
vt 0.977412 0.176499
vt 0.977616 0.176375
vt 0.977413 0.176502
vt 0.975864 0.177498
vt 0.975604 0.177124
vt 0.975612 0.177123
vt 0.978713 0.191982
vt 0.978519 0.191559
vt 0.97852 0.191551
vt 0.978613 0.191514
vt 0.978542 0.191534
vt 0.978543 0.191526
vt 0.975866 0.176372
vt 0.975866 0.17638
vt 0.975614 0.176373
vt 0.975614 0.176373
vt 0.975613 0.176369
vt 0.975866 0.176372
vt 0.978713 0.191497
vt 0.978628 0.191517
vt 0.978613 0.191514
vt 0.978717 0.19198
vt 0.978542 0.191534
vt 0.978636 0.191755
vt 0.97934 0.192665
vt 0.978825 0.192721
vt 0.979338 0.192659
vt 0.978717 0.19198
vt 0.97852 0.191551
vt 0.978523 0.191546
vt 0.978822 0.192729
vt 0.979341 0.192668
vt 0.978822 0.192732
vt 0.977649 0.176934
vt 0.977633 0.177155
vt 0.977647 0.176793
vt 0.977639 0.177158
vt 0.977651 0.176989
vt 0.977642 0.177157
vt 0.977647 0.176793
vt 0.977648 0.176666
vt 0.977653 0.176774
vt 0.977414 0.177056
vt 0.977633 0.177155
vt 0.977635 0.177183
vt 0.977635 0.177183
vt 0.977413 0.17706
vt 0.977414 0.177056
vt 0.979333 0.191452
vt 0.979254 0.191908
vt 0.979329 0.191447
vt 0.978732 0.191976
vt 0.979241 0.191915
vt 0.978731 0.191984
vt 0.978948 0.191938
vt 0.97924 0.19191
vt 0.978732 0.191976
vt 0.977653 0.176883
vt 0.977647 0.176793
vt 0.977653 0.176774
vt 0.978734 0.191998
vt 0.978731 0.191984
vt 0.979242 0.191919
vt 0.977407 0.176518
vt 0.977414 0.177041
vt 0.977407 0.177039
vt 0.977407 0.177039
vt 0.977403 0.176519
vt 0.977407 0.176518
vt 0.979245 0.191931
vt 0.979351 0.192662
vt 0.979338 0.192659
vt 0.974301 0.184138
vt 0.974297 0.183396
vt 0.974534 0.183022
vt 0.975612 0.177123
vt 0.975616 0.17638
vt 0.975864 0.177498
vt 0.979245 0.191931
vt 0.979338 0.192659
vt 0.978734 0.191998
vt 0.978825 0.192721
vt 0.978734 0.191998
vt 0.979338 0.192659
vt 0.979254 0.191917
vt 0.979354 0.192656
vt 0.979351 0.192662
vt 0.974301 0.184138
vt 0.974289 0.183394
vt 0.974297 0.183396
vt 0.975604 0.177124
vt 0.975616 0.17638
vt 0.975612 0.177123
vt 0.979359 0.192656
vt 0.979354 0.192656
vt 0.979262 0.191913
vt 0.978806 0.192724
vt 0.978802 0.192725
vt 0.97871 0.191986
vt 0.97881 0.192724
vt 0.978734 0.191998
vt 0.978825 0.192721
vt 0.97924 0.19191
vt 0.97923 0.19176
vt 0.979255 0.191798
vt 0.978806 0.192724
vt 0.978719 0.19199
vt 0.97881 0.192724
vt 0.979222 0.191898
vt 0.979041 0.191861
vt 0.979175 0.191828
vt 0.979222 0.191898
vt 0.979175 0.191828
vt 0.97923 0.19176
vt 0.987984 0.19357
vt 0.987922 0.193583
vt 0.987921 0.193569
vt 0.987922 0.193583
vt 0.987985 0.193582
vt 0.987984 0.193585
vt 0.987985 0.192415
vt 0.987922 0.192422
vt 0.987922 0.192412
vt 0.974428 0.17975
vt 0.97449 0.179751
vt 0.974427 0.179753
vt 0.987922 0.192412
vt 0.987984 0.192412
vt 0.987985 0.192415
vt 0.97443 0.179724
vt 0.97449 0.179748
vt 0.974428 0.17975
vt 0.987715 0.193578
vt 0.987777 0.193585
vt 0.987715 0.193588
vt 0.987777 0.193588
vt 0.987715 0.193588
vt 0.987777 0.193585
vt 0.987714 0.192417
vt 0.987776 0.19243
vt 0.987714 0.192431
vt 0.987715 0.192411
vt 0.987776 0.192417
vt 0.987714 0.192417
vt 0.973807 0.180858
vt 0.973867 0.180886
vt 0.973805 0.180885
vt 0.97449 0.178926
vt 0.97443 0.178953
vt 0.974428 0.178927
vt 0.97449 0.178923
vt 0.974428 0.178927
vt 0.974427 0.178924
vt 0.973867 0.180063
vt 0.973806 0.180085
vt 0.973805 0.18006
vt 0.987984 0.193585
vt 0.987923 0.193589
vt 0.987922 0.193583
vt 0.974436 0.179654
vt 0.974494 0.179721
vt 0.97443 0.179724
vt 0.973813 0.180783
vt 0.973869 0.180859
vt 0.973807 0.180858
vt 0.973868 0.180088
vt 0.973812 0.180157
vt 0.973806 0.180085
vt 0.974443 0.17913
vt 0.974436 0.179028
vt 0.974493 0.17896
vt 0.974448 0.179235
vt 0.974501 0.179639
vt 0.97445 0.179343
vt 0.974493 0.17896
vt 0.974512 0.179341
vt 0.974501 0.179639
vt 0.973874 0.180165
vt 0.973826 0.180468
vt 0.973824 0.18036
vt 0.973888 0.180469
vt 0.973876 0.180779
vt 0.973874 0.180165
vt 0.979339 0.191435
vt 0.979334 0.191433
vt 0.979335 0.19143
vt 0.987714 0.192431
vt 0.987776 0.19243
vt 0.987777 0.193567
vt 0.987984 0.19357
vt 0.987921 0.193569
vt 0.987975 0.192433
vt 0.987777 0.19358
vt 0.987715 0.193578
vt 0.987777 0.193567
vt 0.987922 0.192422
vt 0.987984 0.192421
vt 0.987975 0.192433
vt 0.97871 0.191495
vt 0.978613 0.191514
vt 0.978617 0.191511
vt 0.978543 0.191526
vt 0.978617 0.191511
vt 0.978613 0.191514
vt 0.979141 0.191443
vt 0.979226 0.191442
vt 0.979135 0.191449
vt 0.979034 0.191453
vt 0.979135 0.191449
vt 0.97903 0.191459
vt 0.979616 0.192569
vt 0.979614 0.192574
vt 0.979612 0.192574
vt 0.974494 0.179721
vt 0.974491 0.179747
vt 0.97449 0.179748
vt 0.987776 0.19243
vt 0.987778 0.192419
vt 0.987778 0.192432
vt 0.978514 0.192708
vt 0.978511 0.192704
vt 0.978516 0.192708
vt 0.974493 0.17896
vt 0.974491 0.178927
vt 0.974494 0.17896
vt 0.973874 0.180165
vt 0.973871 0.180091
vt 0.973876 0.180158
vt 0.974501 0.179639
vt 0.974512 0.179341
vt 0.974506 0.179555
vt 0.973876 0.180779
vt 0.973871 0.180855
vt 0.973869 0.180859
vt 0.974494 0.17896
vt 0.974506 0.179127
vt 0.974493 0.17896
vt 0.973888 0.180469
vt 0.973874 0.180165
vt 0.973884 0.180301
vt 0.973884 0.180301
vt 0.973876 0.180158
vt 0.973883 0.180255
vt 0.974506 0.179127
vt 0.974512 0.179341
vt 0.974493 0.17896
vt 0.974506 0.179555
vt 0.974512 0.179341
vt 0.974511 0.17945
vt 0.973883 0.180686
vt 0.973876 0.180779
vt 0.973888 0.180577
vt 0.973876 0.180779
vt 0.973888 0.180469
vt 0.973888 0.180577
vt 0.973888 0.180469
vt 0.973887 0.180362
vt 0.97389 0.18047
vt 0.987777 0.193567
vt 0.987777 0.192466
vt 0.987778 0.193577
vt 0.987985 0.193533
vt 0.987984 0.192421
vt 0.987985 0.192423
vt 0.987984 0.19357
vt 0.987975 0.192433
vt 0.987984 0.192421
vt 0.987777 0.193567
vt 0.987778 0.193577
vt 0.987777 0.19358
vt 0.260781 0.332522
vt 0.261008 0.330598
vt 0.261586 0.330635
vt 0.260545 0.316122
vt 0.260314 0.318061
vt 0.26 0.318129
vt 0.357619 0.316172
vt 0.357532 0.318142
vt 0.357224 0.31807
vt 0.26157 0.326564
vt 0.26159 0.328475
vt 0.261008 0.328497
vt 0.308018 0.332526
vt 0.30778 0.332538
vt 0.30781 0.330583
vt 0.260911 0.328701
vt 0.261008 0.328497
vt 0.26159 0.328475
vt 0.68602 0.977672
vt 0.686016 0.980234
vt 0.031803 0.97884
vt 0.30781 0.330583
vt 0.261586 0.330635
vt 0.261311 0.330436
vt 0.976515 0.17696
vt 0.976529 0.176962
vt 0.976387 0.177255
vt 0.975695 0.1792
vt 0.976002 0.179102
vt 0.976021 0.179791
vt 0.977627 0.178136
vt 0.977768 0.178432
vt 0.977755 0.178431
vt 0.976528 0.177572
vt 0.976519 0.177576
vt 0.976514 0.177565
vt 0.977407 0.178454
vt 0.977417 0.178454
vt 0.977417 0.178466
vt 0.977417 0.179152
vt 0.977407 0.179152
vt 0.977407 0.17914
vt 0.977623 0.178752
vt 0.977614 0.178747
vt 0.97762 0.178737
vt 0.976381 0.177284
vt 0.976369 0.177274
vt 0.976374 0.177256
vt 0.978161 0.176378
vt 0.978181 0.176381
vt 0.978181 0.177065
vt 0.977761 0.17846
vt 0.977755 0.178431
vt 0.977768 0.178432
vt 0.972978 0.179687
vt 0.972978 0.17969
vt 0.972974 0.179691
vt 0.972978 0.180206
vt 0.972975 0.180207
vt 0.972974 0.180202
vt 0.975692 0.179197
vt 0.975691 0.179201
vt 0.975686 0.179201
vt 0.983991 0.18498
vt 0.98398 0.184976
vt 0.983982 0.184972
vt 0.983986 0.184291
vt 0.983984 0.184286
vt 0.983995 0.184282
vt 0.97814 0.177074
vt 0.977833 0.177076
vt 0.977834 0.177072
vt 0.977833 0.177076
vt 0.977822 0.177073
vt 0.977826 0.177069
vt 0.977826 0.177069
vt 0.977822 0.177073
vt 0.977818 0.177062
vt 0.977819 0.176383
vt 0.977823 0.176372
vt 0.977827 0.176376
vt 0.977827 0.176376
vt 0.977823 0.176372
vt 0.977834 0.176369
vt 0.972978 0.17969
vt 0.972978 0.180202
vt 0.972974 0.180202
vt 0.975673 0.179196
vt 0.975687 0.179196
vt 0.975686 0.179201
vt 0.975697 0.179708
vt 0.975698 0.179713
vt 0.975684 0.179714
vt 0.972075 0.183909
vt 0.972075 0.183905
vt 0.972388 0.183991
vt 0.972388 0.184511
vt 0.972075 0.184597
vt 0.972075 0.184593
vt 0.976374 0.177256
vt 0.97637 0.177254
vt 0.976511 0.17696
vt 0.976529 0.176962
vt 0.976531 0.176962
vt 0.976391 0.177256
vt 0.976021 0.179791
vt 0.976021 0.179795
vt 0.975702 0.179712
vt 0.975692 0.179197
vt 0.976001 0.179098
vt 0.976002 0.179102
vt 0.977751 0.178432
vt 0.977611 0.178138
vt 0.977613 0.178138
vt 0.977631 0.178136
vt 0.977772 0.17843
vt 0.977768 0.178432
vt 0.976522 0.177561
vt 0.976526 0.177559
vt 0.976531 0.177569
vt 0.976515 0.177577
vt 0.97651 0.177567
vt 0.976514 0.177565
vt 0.977407 0.178466
vt 0.977403 0.178466
vt 0.977403 0.178455
vt 0.977421 0.178455
vt 0.977421 0.178466
vt 0.977417 0.178466
vt 0.977417 0.17914
vt 0.977421 0.17914
vt 0.977421 0.179152
vt 0.977403 0.179152
vt 0.977403 0.17914
vt 0.977407 0.17914
vt 0.977628 0.178741
vt 0.977632 0.178743
vt 0.977627 0.178753
vt 0.977611 0.178745
vt 0.977616 0.178735
vt 0.97762 0.178737
vt 0.984288 0.184283
vt 0.984288 0.184279
vt 0.984309 0.18428
vt 0.984309 0.184984
vt 0.984288 0.184986
vt 0.984288 0.184981
vt 0.97814 0.176377
vt 0.97814 0.176372
vt 0.978161 0.176374
vt 0.97816 0.177073
vt 0.97814 0.177074
vt 0.97814 0.17707
vt 0.97637 0.177293
vt 0.976365 0.177274
vt 0.976369 0.177274
vt 0.977773 0.17845
vt 0.977777 0.17845
vt 0.977772 0.178469
vt 0.984329 0.18498
vt 0.984309 0.184984
vt 0.984308 0.18498
vt 0.984308 0.184284
vt 0.984309 0.18428
vt 0.984329 0.184284
vt 0.976387 0.177255
vt 0.976391 0.177256
vt 0.976386 0.177276
vt 0.976365 0.177274
vt 0.97637 0.177254
vt 0.976374 0.177256
vt 0.976001 0.179098
vt 0.97602 0.179092
vt 0.976021 0.179096
vt 0.978161 0.176378
vt 0.978161 0.176374
vt 0.978181 0.176377
vt 0.977768 0.178432
vt 0.977772 0.17843
vt 0.977777 0.17845
vt 0.977756 0.178452
vt 0.977751 0.178432
vt 0.977755 0.178431
vt 0.978579 0.181376
vt 0.97858 0.18137
vt 0.978589 0.18137
vt 0.976711 0.180667
vt 0.976722 0.180667
vt 0.976721 0.180673
vt 0.976711 0.181344
vt 0.976722 0.181344
vt 0.976722 0.18135
vt 0.977968 0.181703
vt 0.977957 0.181704
vt 0.977957 0.181698
vt 0.978136 0.177063
vt 0.978136 0.176383
vt 0.978137 0.17638
vt 0.977829 0.176379
vt 0.977827 0.176384
vt 0.977824 0.176385
vt 0.977835 0.176374
vt 0.977835 0.176377
vt 0.977829 0.176379
vt 0.975697 0.179708
vt 0.975686 0.179201
vt 0.975691 0.179201
vt 0.983981 0.184297
vt 0.983986 0.184291
vt 0.983982 0.184972
vt 0.977819 0.176383
vt 0.977824 0.176385
vt 0.977822 0.177061
vt 0.976381 0.177284
vt 0.976522 0.177561
vt 0.976514 0.177565
vt 0.976392 0.177297
vt 0.976526 0.177559
vt 0.976522 0.177561
vt 0.977834 0.177068
vt 0.978137 0.177067
vt 0.97814 0.17707
vt 0.978589 0.18137
vt 0.97858 0.18137
vt 0.978579 0.181069
vt 0.977968 0.181396
vt 0.977968 0.181698
vt 0.977957 0.181698
vt 0.977835 0.176377
vt 0.977835 0.176374
vt 0.978137 0.17638
vt 0.983986 0.184291
vt 0.983996 0.184287
vt 0.984288 0.184283
vt 0.97814 0.176372
vt 0.97814 0.176377
vt 0.977835 0.176374
vt 0.97213 0.178096
vt 0.97221 0.178106
vt 0.972173 0.178203
vt 0.974069 0.176417
vt 0.974193 0.176414
vt 0.974193 0.176431
vt 0.974193 0.176414
vt 0.974069 0.176417
vt 0.974068 0.176408
vt 0.974066 0.176438
vt 0.974069 0.176417
vt 0.974069 0.176593
vt 0.973627 0.178333
vt 0.973617 0.178329
vt 0.973621 0.178321
vt 0.973609 0.178318
vt 0.973621 0.178321
vt 0.973617 0.178329
vt 0.973635 0.178336
vt 0.973639 0.178327
vt 0.973645 0.178329
vt 0.973639 0.178327
vt 0.973635 0.178336
vt 0.973627 0.178333
vt 0.984265 0.179449
vt 0.984266 0.179462
vt 0.984256 0.17946
vt 0.984264 0.179425
vt 0.984265 0.179449
vt 0.984255 0.179444
vt 0.984256 0.179267
vt 0.984265 0.179263
vt 0.984265 0.179288
vt 0.984256 0.17926
vt 0.984256 0.179252
vt 0.984266 0.17925
vt 0.974042 0.181686
vt 0.974051 0.181683
vt 0.974054 0.181692
vt 0.974061 0.18169
vt 0.974054 0.181692
vt 0.974051 0.181683
vt 0.974032 0.18169
vt 0.974036 0.181698
vt 0.974024 0.181702
vt 0.974036 0.181698
vt 0.974032 0.18169
vt 0.974042 0.181686
vt 0.987308 0.181313
vt 0.987299 0.181312
vt 0.987299 0.18108
vt 0.9873 0.183526
vt 0.9873 0.183531
vt 0.987299 0.183531
vt 0.987093 0.1835
vt 0.987091 0.1835
vt 0.987091 0.183496
vt 0.972245 0.178055
vt 0.972245 0.178054
vt 0.972246 0.178053
vt 0.984255 0.179271
vt 0.984255 0.179255
vt 0.984256 0.17926
vt 0.980725 0.188478
vt 0.980725 0.188475
vt 0.980725 0.188488
vt 0.974014 0.17664
vt 0.974013 0.176639
vt 0.974032 0.176635
vt 0.974032 0.176374
vt 0.974013 0.176369
vt 0.974014 0.176369
vt 0.972087 0.178204
vt 0.972081 0.178134
vt 0.97213 0.178096
vt 0.984264 0.179425
vt 0.984255 0.179425
vt 0.984256 0.179289
vt 0.97877 0.178536
vt 0.978763 0.178537
vt 0.978806 0.178396
vt 0.9788 0.178389
vt 0.978806 0.178396
vt 0.978763 0.178537
vt 0.974197 0.176612
vt 0.974065 0.176609
vt 0.974068 0.176602
vt 0.974069 0.176593
vt 0.974193 0.176595
vt 0.974195 0.176604
vt 0.974021 0.181691
vt 0.974013 0.181705
vt 0.974013 0.181577
vt 0.973598 0.178443
vt 0.973598 0.178314
vt 0.973606 0.178328
vt 0.977842 0.180423
vt 0.977832 0.180417
vt 0.977853 0.18041
vt 0.97786 0.180417
vt 0.977853 0.18041
vt 0.977867 0.180406
vt 0.979003 0.182048
vt 0.978995 0.182052
vt 0.978995 0.182038
vt 0.979003 0.182033
vt 0.978995 0.182038
vt 0.978995 0.182013
vt 0.979003 0.181905
vt 0.979003 0.182014
vt 0.978995 0.182013
vt 0.978995 0.181877
vt 0.978995 0.181851
vt 0.979003 0.181856
vt 0.978995 0.181851
vt 0.978995 0.181841
vt 0.979003 0.181841
vt 0.979003 0.181834
vt 0.979003 0.181841
vt 0.978995 0.181841
vt 0.977443 0.180554
vt 0.977446 0.180563
vt 0.977431 0.180559
vt 0.977826 0.18036
vt 0.977821 0.180361
vt 0.977824 0.180314
vt 0.977821 0.180361
vt 0.977826 0.18036
vt 0.977824 0.180405
vt 0.977408 0.180566
vt 0.97741 0.180611
vt 0.977407 0.18061
vt 0.977409 0.180657
vt 0.977407 0.18061
vt 0.97741 0.180611
vt 0.977405 0.180644
vt 0.977404 0.180607
vt 0.977407 0.18061
vt 0.982533 0.184282
vt 0.982524 0.184314
vt 0.98253 0.184281
vt 0.987299 0.183829
vt 0.987299 0.183782
vt 0.987307 0.183801
vt 0.973205 0.182615
vt 0.973188 0.182644
vt 0.973187 0.182566
vt 0.98465 0.178836
vt 0.984656 0.178823
vt 0.984656 0.178828
vt 0.984624 0.178848
vt 0.984617 0.178847
vt 0.984641 0.178843
vt 0.977819 0.180363
vt 0.977821 0.180361
vt 0.97782 0.180429
vt 0.977821 0.180361
vt 0.977819 0.180363
vt 0.977818 0.180328
vt 0.984326 0.18134
vt 0.984326 0.18139
vt 0.984323 0.181376
vt 0.977404 0.180543
vt 0.977404 0.180607
vt 0.977403 0.180614
vt 0.973182 0.182506
vt 0.973188 0.182487
vt 0.973187 0.182566
vt 0.98613 0.184014
vt 0.986127 0.184019
vt 0.986122 0.183986
vt 0.98466 0.178771
vt 0.984659 0.178804
vt 0.984658 0.178648
vt 0.971911 0.180275
vt 0.971865 0.180344
vt 0.971871 0.180111
vt 0.972974 0.178399
vt 0.972977 0.178107
vt 0.973013 0.178107
vt 0.973012 0.178395
vt 0.973012 0.178434
vt 0.972975 0.178432
vt 0.984846 0.178845
vt 0.984846 0.178852
vt 0.984809 0.178852
vt 0.984844 0.178835
vt 0.984846 0.178845
vt 0.984809 0.178846
vt 0.984809 0.178621
vt 0.984809 0.178615
vt 0.984846 0.178615
vt 0.984808 0.178631
vt 0.984809 0.178621
vt 0.984846 0.178622
vt 0.978859 0.177871
vt 0.978875 0.177871
vt 0.978883 0.177881
vt 0.978912 0.177882
vt 0.978883 0.177881
vt 0.978893 0.177871
vt 0.983425 0.177452
vt 0.983425 0.177415
vt 0.983462 0.177423
vt 0.983462 0.177129
vt 0.983462 0.177423
vt 0.983425 0.177415
vt 0.978805 0.177616
vt 0.978803 0.177896
vt 0.978789 0.17794
vt 0.979011 0.177886
vt 0.979003 0.177886
vt 0.979004 0.17788
vt 0.978979 0.177873
vt 0.978992 0.177872
vt 0.978991 0.177884
vt 0.979021 0.177618
vt 0.979018 0.17785
vt 0.979007 0.177833
vt 0.979008 0.177618
vt 0.979007 0.177833
vt 0.978992 0.177872
vt 0.98447 0.179381
vt 0.984478 0.179375
vt 0.984474 0.179409
vt 0.984463 0.179306
vt 0.98447 0.179297
vt 0.98447 0.179381
vt 0.98447 0.179297
vt 0.984478 0.179321
vt 0.984478 0.179375
vt 0.984481 0.179373
vt 0.984478 0.179375
vt 0.984478 0.179321
vt 0.984477 0.179407
vt 0.984474 0.179409
vt 0.984478 0.179375
vt 0.978805 0.177616
vt 0.978823 0.177616
vt 0.978817 0.177831
vt 0.978823 0.177616
vt 0.978856 0.177616
vt 0.978844 0.177871
vt 0.973013 0.178439
vt 0.973012 0.178443
vt 0.972975 0.178442
vt 0.983425 0.177457
vt 0.983425 0.177452
vt 0.983462 0.177453
vt 0.983424 0.177461
vt 0.98346 0.17746
vt 0.983462 0.177464
vt 0.984463 0.179426
vt 0.984467 0.179422
vt 0.984468 0.179433
vt 0.978991 0.177884
vt 0.978992 0.177887
vt 0.978978 0.177889
vt 0.984463 0.179258
vt 0.984464 0.179246
vt 0.984469 0.179253
vt 0.978809 0.177832
vt 0.978817 0.177831
vt 0.978819 0.177879
vt 0.978821 0.177885
vt 0.978819 0.177879
vt 0.978834 0.177879
vt 0.978942 0.177886
vt 0.97894 0.177882
vt 0.978974 0.177882
vt 0.97894 0.177882
vt 0.978949 0.177872
vt 0.978965 0.177872
vt 0.978903 0.177885
vt 0.978912 0.177882
vt 0.97894 0.177882
vt 0.978912 0.177882
vt 0.978912 0.177871
vt 0.978931 0.177871
vt 0.978883 0.177617
vt 0.978875 0.177871
vt 0.978859 0.177871
vt 0.978913 0.177617
vt 0.978912 0.177871
vt 0.978893 0.177871
vt 0.978939 0.177617
vt 0.978931 0.177871
vt 0.978912 0.177871
vt 0.978995 0.177617
vt 0.978965 0.177872
vt 0.978949 0.177872
vt 0.979021 0.177618
vt 0.979037 0.177618
vt 0.979034 0.177942
vt 0.973012 0.178395
vt 0.973013 0.178394
vt 0.973014 0.17843
vt 0.975266 0.179738
vt 0.975281 0.179742
vt 0.975277 0.179744
vt 0.978797 0.177955
vt 0.978791 0.177951
vt 0.978793 0.17795
vt 0.984462 0.179277
vt 0.984463 0.179246
vt 0.984463 0.179258
vt 0.979013 0.177957
vt 0.978807 0.177956
vt 0.978799 0.177953
vt 0.978807 0.177956
vt 0.979013 0.177957
vt 0.979015 0.177958
vt 0.979022 0.177955
vt 0.979025 0.177956
vt 0.979015 0.177958
vt 0.979025 0.177956
vt 0.979022 0.177955
vt 0.97903 0.177952
vt 0.979034 0.177942
vt 0.979036 0.177905
vt 0.979037 0.177905
vt 0.975498 0.179741
vt 0.975496 0.179738
vt 0.9755 0.179729
vt 0.975492 0.179744
vt 0.975486 0.179743
vt 0.975496 0.179738
vt 0.975262 0.179406
vt 0.975261 0.179728
vt 0.975258 0.179699
vt 0.979036 0.177943
vt 0.979035 0.177947
vt 0.979033 0.17795
vt 0.978999 0.17789
vt 0.978996 0.177889
vt 0.979009 0.177886
vt 0.978845 0.17789
vt 0.978977 0.177892
vt 0.979027 0.177898
vt 0.975281 0.179742
vt 0.975266 0.179738
vt 0.975496 0.179738
vt 0.97801 0.178386
vt 0.977995 0.178398
vt 0.977975 0.178398
vt 0.97801 0.178386
vt 0.977975 0.178398
vt 0.977967 0.178393
vt 0.97801 0.178386
vt 0.977967 0.178393
vt 0.97796 0.178386
vt 0.97801 0.178386
vt 0.97796 0.178386
vt 0.97796 0.178357
vt 0.97801 0.178386
vt 0.97796 0.178357
vt 0.977967 0.178349
vt 0.97801 0.178386
vt 0.977967 0.178349
vt 0.977975 0.178344
vt 0.97801 0.178386
vt 0.977975 0.178344
vt 0.977985 0.178342
vt 0.984331 0.181725
vt 0.984331 0.181735
vt 0.984323 0.181735
vt 0.984331 0.181715
vt 0.984331 0.181725
vt 0.984323 0.181725
vt 0.985845 0.184003
vt 0.985853 0.184003
vt 0.985853 0.184013
vt 0.985846 0.184023
vt 0.985846 0.184013
vt 0.985853 0.184013
vt 0.985846 0.184033
vt 0.985846 0.184023
vt 0.985853 0.184023
vt 0.985846 0.184033
vt 0.985853 0.184033
vt 0.985853 0.184043
vt 0.985845 0.184053
vt 0.985846 0.184043
vt 0.985853 0.184043
vt 0.984331 0.181933
vt 0.984323 0.181933
vt 0.984323 0.181923
vt 0.984331 0.181913
vt 0.984331 0.181923
vt 0.984323 0.181923
vt 0.984331 0.181913
vt 0.984323 0.181913
vt 0.984323 0.181903
vt 0.984331 0.181903
vt 0.984323 0.181903
vt 0.984323 0.181893
vt 0.985438 0.184046
vt 0.985438 0.184056
vt 0.985431 0.184056
vt 0.985438 0.184046
vt 0.98543 0.184046
vt 0.98543 0.184036
vt 0.985438 0.184026
vt 0.985438 0.184036
vt 0.98543 0.184036
vt 0.985438 0.184016
vt 0.985438 0.184026
vt 0.98543 0.184026
vt 0.985438 0.184016
vt 0.98543 0.184016
vt 0.98543 0.184006
vt 0.984331 0.181745
vt 0.984331 0.181755
vt 0.984323 0.181755
vt 0.984331 0.181735
vt 0.984331 0.181745
vt 0.984323 0.181745
vt 0.982755 0.184275
vt 0.982755 0.184283
vt 0.982731 0.184283
vt 0.982755 0.184268
vt 0.982755 0.184275
vt 0.982731 0.184275
vt 0.986883 0.183815
vt 0.986907 0.183815
vt 0.986907 0.183822
vt 0.986907 0.183807
vt 0.986907 0.183815
vt 0.986883 0.183815
vt 0.986907 0.183785
vt 0.986907 0.183792
vt 0.986883 0.183792
vt 0.982063 0.184489
vt 0.982039 0.184489
vt 0.982039 0.184482
vt 0.982063 0.184497
vt 0.98204 0.184497
vt 0.982039 0.184489
vt 0.982063 0.184504
vt 0.982039 0.184504
vt 0.98204 0.184497
vt 0.982063 0.184512
vt 0.982039 0.184512
vt 0.982039 0.184504
vt 0.987114 0.183817
vt 0.987091 0.183818
vt 0.987091 0.18381
vt 0.987115 0.183825
vt 0.987091 0.183825
vt 0.987091 0.183818
vt 0.987115 0.183833
vt 0.987091 0.183832
vt 0.987091 0.183825
vt 0.987091 0.18384
vt 0.987091 0.183832
vt 0.987115 0.183833
vt 0.987091 0.183847
vt 0.987091 0.18384
vt 0.987114 0.18384
vt 0.982755 0.18429
vt 0.982755 0.184297
vt 0.982732 0.184298
vt 0.982755 0.184283
vt 0.982755 0.18429
vt 0.982731 0.18429
vt 0.977985 0.178342
vt 0.978004 0.178349
vt 0.97801 0.178357
vt 0.978083 0.179859
vt 0.978079 0.179869
vt 0.978073 0.179865
vt 0.978083 0.179849
vt 0.978083 0.179859
vt 0.978076 0.179858
vt 0.978079 0.17984
vt 0.978083 0.179849
vt 0.978076 0.17985
vt 0.978073 0.179832
vt 0.978079 0.17984
vt 0.978073 0.179843
vt 0.978073 0.179832
vt 0.978068 0.179838
vt 0.978062 0.179834
vt 0.978064 0.179827
vt 0.978062 0.179834
vt 0.978054 0.179832
vt 0.978044 0.179827
vt 0.978054 0.179825
vt 0.978054 0.179832
vt 0.978044 0.179827
vt 0.978047 0.179834
vt 0.97804 0.179837
vt 0.978029 0.17984
vt 0.978036 0.179832
vt 0.97804 0.179837
vt 0.978026 0.179849
vt 0.978029 0.17984
vt 0.978035 0.179843
vt 0.978026 0.179849
vt 0.978033 0.17985
vt 0.978033 0.179858
vt 0.978026 0.179859
vt 0.978033 0.179858
vt 0.978035 0.179865
vt 0.978029 0.179869
vt 0.978035 0.179865
vt 0.97804 0.179871
vt 0.978044 0.179881
vt 0.978036 0.179876
vt 0.97804 0.179871
vt 0.978054 0.179883
vt 0.978044 0.179881
vt 0.978047 0.179875
vt 0.978054 0.179883
vt 0.978054 0.179876
vt 0.978062 0.179875
vt 0.978064 0.179881
vt 0.978062 0.179875
vt 0.978068 0.179871
vt 0.978073 0.179876
vt 0.978068 0.179871
vt 0.978073 0.179865
vt 0.975431 0.176592
vt 0.975427 0.176588
vt 0.975431 0.176583
vt 0.975431 0.176592
vt 0.975436 0.176589
vt 0.975439 0.176596
vt 0.975433 0.176597
vt 0.975439 0.176596
vt 0.975439 0.176603
vt 0.975431 0.176607
vt 0.975433 0.176602
vt 0.975439 0.176603
vt 0.975427 0.176611
vt 0.975431 0.176607
vt 0.975436 0.17661
vt 0.975427 0.176611
vt 0.975431 0.176616
vt 0.975425 0.17662
vt 0.975413 0.176614
vt 0.975423 0.176614
vt 0.975425 0.17662
vt 0.975413 0.176614
vt 0.97541 0.17662
vt 0.975404 0.176616
vt 0.975408 0.176611
vt 0.975404 0.176616
vt 0.975399 0.17661
vt 0.975402 0.176602
vt 0.975404 0.176607
vt 0.975399 0.17661
vt 0.975402 0.176597
vt 0.975402 0.176602
vt 0.975396 0.176603
vt 0.975404 0.176592
vt 0.975402 0.176597
vt 0.975396 0.176596
vt 0.975404 0.176592
vt 0.975399 0.176589
vt 0.975404 0.176583
vt 0.975412 0.176585
vt 0.975408 0.176588
vt 0.975404 0.176583
vt 0.975412 0.176585
vt 0.97541 0.176579
vt 0.975417 0.176578
vt 0.975423 0.176585
vt 0.975418 0.176584
vt 0.975417 0.176578
vt 0.975423 0.176585
vt 0.975425 0.176579
vt 0.975431 0.176583
vt 0.977957 0.185375
vt 0.977957 0.185364
vt 0.977966 0.185367
vt 0.98454 0.184279
vt 0.984531 0.184276
vt 0.984531 0.184271
vt 0.98454 0.184258
vt 0.98454 0.184268
vt 0.984531 0.184266
vt 0.98454 0.184247
vt 0.98454 0.184258
vt 0.984531 0.184255
vt 0.977887 0.186411
vt 0.977897 0.186413
vt 0.977897 0.186419
vt 0.977887 0.186429
vt 0.977888 0.186422
vt 0.977897 0.186424
vt 0.978095 0.183282
vt 0.978095 0.183275
vt 0.978104 0.183275
vt 0.978095 0.183291
vt 0.978095 0.183282
vt 0.978104 0.183285
vt 0.978095 0.183291
vt 0.978104 0.183291
vt 0.978104 0.183296
vt 0.977957 0.185354
vt 0.977966 0.185356
vt 0.977966 0.185362
vt 0.979356 0.180803
vt 0.979356 0.180847
vt 0.979342 0.180847
vt 0.972776 0.183548
vt 0.972777 0.183625
vt 0.972768 0.183627
vt 0.979347 0.181153
vt 0.979358 0.181153
vt 0.979357 0.181291
vt 0.972777 0.183625
vt 0.972778 0.183664
vt 0.972767 0.183654
vt 0.972778 0.183664
vt 0.972778 0.183678
vt 0.972767 0.183674
vt 0.972767 0.183683
vt 0.972767 0.183674
vt 0.972778 0.183678
vt 0.979347 0.181153
vt 0.979345 0.181133
vt 0.979357 0.181133
vt 0.979356 0.181125
vt 0.979357 0.181133
vt 0.979345 0.181133
vt 0.979344 0.181125
vt 0.979343 0.181117
vt 0.979354 0.181116
vt 0.979352 0.181108
vt 0.979354 0.181116
vt 0.979343 0.181117
vt 0.979757 0.182
vt 0.979766 0.182002
vt 0.979765 0.182079
vt 0.979757 0.181973
vt 0.979767 0.181963
vt 0.979766 0.182002
vt 0.979756 0.181953
vt 0.979767 0.181949
vt 0.979767 0.181963
vt 0.979767 0.181949
vt 0.979756 0.181953
vt 0.979756 0.181944
vt 0.979343 0.181329
vt 0.979354 0.18133
vt 0.979352 0.181338
vt 0.979354 0.18133
vt 0.979343 0.181329
vt 0.979344 0.181321
vt 0.979345 0.181313
vt 0.979356 0.181313
vt 0.979355 0.181321
vt 0.979356 0.181313
vt 0.979345 0.181313
vt 0.979347 0.181291
vt 0.972153 0.178352
vt 0.972179 0.178467
vt 0.972176 0.178511
vt 0.972166 0.178589
vt 0.972073 0.178589
vt 0.972026 0.178583
vt 0.972026 0.178583
vt 0.972019 0.178578
vt 0.972013 0.178572
vt 0.972011 0.178561
vt 0.972005 0.178534
vt 0.972005 0.178398
vt 0.972013 0.178362
vt 0.972019 0.178356
vt 0.972026 0.178352
vt 0.972026 0.178352
vt 0.972073 0.178345
vt 0.972166 0.178345
vt 0.979353 0.180969
vt 0.979353 0.18097
vt 0.979349 0.18097
vt 0.979349 0.180724
vt 0.979353 0.180724
vt 0.979353 0.180725
vt 0.979356 0.180891
vt 0.979344 0.180889
vt 0.979342 0.180847
vt 0.978724 0.191792
vt 0.978744 0.191939
vt 0.978732 0.191976
vt 0.978628 0.191517
vt 0.978724 0.191792
vt 0.978636 0.191755
vt 0.979255 0.191798
vt 0.97923 0.19176
vt 0.979226 0.191442
vt 0.979148 0.191537
vt 0.979226 0.191442
vt 0.97923 0.19176
vt 0.978821 0.191484
vt 0.978948 0.191938
vt 0.978744 0.191939
vt 0.979066 0.191693
vt 0.97903 0.191459
vt 0.979148 0.191537
vt 0.979175 0.191828
vt 0.979041 0.191861
vt 0.979066 0.191693
vt 0.97903 0.191459
vt 0.979066 0.191693
vt 0.979041 0.191861
vt 0.979341 0.192668
vt 0.97934 0.192665
vt 0.979351 0.192662
vt 0.974535 0.183004
vt 0.974541 0.182991
vt 0.974541 0.183008
vt 0.979333 0.191452
vt 0.979333 0.191438
vt 0.979337 0.191446
vt 0.979342 0.191449
vt 0.979341 0.191462
vt 0.979337 0.191446
vt 0.974543 0.184139
vt 0.974541 0.184149
vt 0.974536 0.184146
vt 0.974299 0.184146
vt 0.974289 0.184146
vt 0.974291 0.184139
vt 0.974298 0.184149
vt 0.97429 0.18415
vt 0.974289 0.184146
vt 0.979612 0.192574
vt 0.979605 0.192573
vt 0.97961 0.192569
vt 0.977624 0.176395
vt 0.977622 0.176398
vt 0.977616 0.176375
vt 0.977406 0.176505
vt 0.977413 0.176502
vt 0.977414 0.176517
vt 0.977404 0.176507
vt 0.977406 0.176505
vt 0.977407 0.176518
vt 0.975866 0.176372
vt 0.975872 0.17637
vt 0.975874 0.176379
vt 0.975871 0.177511
vt 0.975872 0.17753
vt 0.975865 0.177515
vt 0.97851 0.19155
vt 0.978511 0.191538
vt 0.978514 0.191544
vt 0.975606 0.176379
vt 0.975604 0.176373
vt 0.975614 0.176373
vt 0.975613 0.176369
vt 0.975614 0.176373
vt 0.975604 0.176373
vt 0.978514 0.191544
vt 0.978514 0.191534
vt 0.978523 0.191546
vt 0.978822 0.192729
vt 0.97881 0.192732
vt 0.97881 0.192724
vt 0.97881 0.192724
vt 0.97881 0.192732
vt 0.978805 0.192731
vt 0.978717 0.19198
vt 0.978719 0.19199
vt 0.978714 0.191988
vt 0.977642 0.177157
vt 0.97764 0.177189
vt 0.977635 0.177183
vt 0.978516 0.192703
vt 0.978523 0.192705
vt 0.978516 0.192708
vt 0.977406 0.177054
vt 0.977407 0.177039
vt 0.977414 0.177041
vt 0.977407 0.177039
vt 0.977406 0.177054
vt 0.977403 0.177051
vt 0.979306 0.191432
vt 0.979334 0.191433
vt 0.979333 0.191438
vt 0.97924 0.19191
vt 0.979254 0.191908
vt 0.979254 0.191917
vt 0.974543 0.184139
vt 0.974536 0.184138
vt 0.974534 0.183022
vt 0.974289 0.183394
vt 0.974535 0.183004
vt 0.974534 0.183022
vt 0.979335 0.19146
vt 0.979262 0.191913
vt 0.979258 0.19191
vt 0.977641 0.17656
vt 0.977641 0.176613
vt 0.977622 0.176398
vt 0.975874 0.176379
vt 0.975871 0.177511
vt 0.975864 0.177498
vt 0.975864 0.177498
vt 0.975865 0.177515
vt 0.975604 0.177124
vt 0.978713 0.191982
vt 0.97871 0.191986
vt 0.978519 0.191559
vt 0.978613 0.191514
vt 0.978628 0.191517
vt 0.978542 0.191534
vt 0.978713 0.191497
vt 0.978718 0.191501
vt 0.978628 0.191517
vt 0.978717 0.19198
vt 0.978523 0.191546
vt 0.978542 0.191534
vt 0.97934 0.192665
vt 0.978822 0.192729
vt 0.978825 0.192721
vt 0.978822 0.192729
vt 0.97934 0.192665
vt 0.979341 0.192668
vt 0.977649 0.176934
vt 0.977639 0.177158
vt 0.977633 0.177155
vt 0.977639 0.177158
vt 0.977649 0.176934
vt 0.977651 0.176989
vt 0.977647 0.176793
vt 0.977641 0.176613
vt 0.977648 0.176666
vt 0.978732 0.191976
vt 0.97924 0.19191
vt 0.979241 0.191915
vt 0.977653 0.176883
vt 0.977649 0.176934
vt 0.977647 0.176793
vt 0.979245 0.191931
vt 0.979254 0.191917
vt 0.979351 0.192662
vt 0.974301 0.184138
vt 0.974291 0.184139
vt 0.974289 0.183394
vt 0.975604 0.177124
vt 0.975606 0.176379
vt 0.975616 0.17638
vt 0.97881 0.192724
vt 0.978719 0.19199
vt 0.978734 0.191998
vt 0.97924 0.19191
vt 0.979222 0.191898
vt 0.97923 0.19176
vt 0.979222 0.191898
vt 0.978948 0.191938
vt 0.979041 0.191861
vt 0.987984 0.19357
vt 0.987985 0.193582
vt 0.987922 0.193583
vt 0.987985 0.192415
vt 0.987984 0.192421
vt 0.987922 0.192422
vt 0.974428 0.17975
vt 0.97449 0.179748
vt 0.97449 0.179751
vt 0.97443 0.179724
vt 0.974494 0.179721
vt 0.97449 0.179748
vt 0.987715 0.193578
vt 0.987777 0.19358
vt 0.987777 0.193585
vt 0.987714 0.192417
vt 0.987776 0.192417
vt 0.987776 0.19243
vt 0.987715 0.192411
vt 0.987778 0.192412
vt 0.987776 0.192417
vt 0.973807 0.180858
vt 0.973869 0.180859
vt 0.973867 0.180886
vt 0.97449 0.178926
vt 0.974493 0.17896
vt 0.97443 0.178953
vt 0.97449 0.178923
vt 0.97449 0.178926
vt 0.974428 0.178927
vt 0.973867 0.180063
vt 0.973868 0.180088
vt 0.973806 0.180085
vt 0.987984 0.193585
vt 0.987985 0.193588
vt 0.987923 0.193589
vt 0.974436 0.179654
vt 0.974501 0.179639
vt 0.974494 0.179721
vt 0.973813 0.180783
vt 0.973876 0.180779
vt 0.973869 0.180859
vt 0.973868 0.180088
vt 0.973874 0.180165
vt 0.973812 0.180157
vt 0.974448 0.179235
vt 0.974493 0.17896
vt 0.974501 0.179639
vt 0.973874 0.180165
vt 0.973876 0.180779
vt 0.973826 0.180468
vt 0.979339 0.191435
vt 0.979338 0.191437
vt 0.979334 0.191433
vt 0.97871 0.191495
vt 0.978713 0.191497
vt 0.978613 0.191514
vt 0.979141 0.191443
vt 0.979239 0.191436
vt 0.979226 0.191442
vt 0.979034 0.191453
vt 0.979141 0.191443
vt 0.979135 0.191449
vt 0.979616 0.192569
vt 0.979616 0.192572
vt 0.979614 0.192574
vt 0.987776 0.19243
vt 0.987776 0.192417
vt 0.987778 0.192419
vt 0.978514 0.192708
vt 0.978512 0.192707
vt 0.978511 0.192704
vt 0.974493 0.17896
vt 0.97449 0.178926
vt 0.974491 0.178927
vt 0.973874 0.180165
vt 0.973868 0.180088
vt 0.973871 0.180091
vt 0.973884 0.180301
vt 0.973874 0.180165
vt 0.973876 0.180158
vt 0.974506 0.179127
vt 0.974511 0.179233
vt 0.974512 0.179341
vt 0.973888 0.180469
vt 0.973884 0.180301
vt 0.973887 0.180362
vt 0.987777 0.193567
vt 0.987776 0.19243
vt 0.987777 0.192466
vt 0.987985 0.193533
vt 0.987984 0.19357
vt 0.987984 0.192421
vt 0.9630979 0.03906509
vt 0.9630979 0.043629326
vt 0.9615787 0.043633632
vt 0.9615787 0.043633632
vt 0.9615787 0.039069388
vt 0.9630979 0.03906509
vt 0.96093076 0.052762114
vt 0.9624499 0.0527664
vt 0.9624499 0.05733064
vt 0.9624499 0.05733064
vt 0.96093076 0.057326354
vt 0.96093076 0.052762114
vt 0.9654876 0.056461338
vt 0.96396846 0.056461338
vt 0.96396846 0.052762114
vt 0.96396846 0.052762114
vt 0.9654876 0.052762114
vt 0.9654876 0.056461338
vt 0.9615787 0.039069388
vt 0.9615787 0.043633632
vt 0.95787954 0.043633632
vt 0.95787954 0.043633632
vt 0.95787954 0.039069388
vt 0.9615787 0.039069388
vt 0.9654876 0.060160555
vt 0.96396846 0.060160555
vt 0.96396846 0.056461338
vt 0.96396846 0.056461338
vt 0.9654876 0.056461338
vt 0.9654876 0.060160555
vt 0.9615787 0.03450515
vt 0.9615787 0.039069388
vt 0.95787954 0.039069388
vt 0.95787954 0.039069388
vt 0.95787954 0.03450515
vt 0.9615787 0.03450515
vt 0.9630979 0.043633632
vt 0.9630979 0.04819786
vt 0.9615787 0.048202164
vt 0.9615787 0.048202164
vt 0.9615787 0.04363793
vt 0.9630979 0.043633632
vt 0.9624499 0.052762114
vt 0.96396846 0.0527664
vt 0.96396846 0.05733064
vt 0.96396846 0.05733064
vt 0.9624499 0.057326354
vt 0.9624499 0.052762114
vt 0.9646164 0.042764314
vt 0.9630979 0.042764314
vt 0.9630979 0.03906509
vt 0.9630979 0.03906509
vt 0.9646164 0.03906509
vt 0.9646164 0.042764314
vt 0.9615787 0.04819786
vt 0.9615787 0.052762114
vt 0.95787954 0.052762114
vt 0.95787954 0.052762114
vt 0.95787954 0.04819786
vt 0.9615787 0.04819786
vt 0.9646164 0.03906509
vt 0.9630979 0.03906509
vt 0.9630979 0.03536587
vt 0.9630979 0.03536587
vt 0.9646164 0.03536587
vt 0.9646164 0.03906509
vt 0.95787954 0.04819786
vt 0.95787954 0.043633632
vt 0.9615787 0.043633632
vt 0.9615787 0.043633632
vt 0.9615787 0.04819786
vt 0.95787954 0.04819786
vt 0.95783585 0.057330035
vt 0.9588675 0.057330035
vt 0.9588675 0.05999025
vt 0.9588675 0.05999025
vt 0.95783585 0.05999025
vt 0.95783585 0.057330035
vt 0.95521194 0.057330035
vt 0.95521194 0.05999025
vt 0.9541803 0.05999025
vt 0.9541803 0.05999025
vt 0.9541803 0.057330035
vt 0.95521194 0.057330035
vt 0.9447327 0.12733366
vt 0.9420725 0.12733366
vt 0.9420725 0.03450515
vt 0.9420725 0.03450515
vt 0.9447327 0.03450515
vt 0.9447327 0.12733366
vt 0.95314866 0.12733366
vt 0.95211643 0.12733366
vt 0.95211643 0.03450515
vt 0.95211643 0.03450515
vt 0.95314807 0.03450515
vt 0.95314866 0.12733366
vt 0.95005316 0.12733366
vt 0.94739294 0.12733366
vt 0.94739294 0.03450515
vt 0.94739294 0.03450515
vt 0.95005316 0.03450515
vt 0.95005316 0.12733366
vt 0.9541803 0.12733366
vt 0.95314866 0.12733366
vt 0.95314866 0.03450515
vt 0.95314866 0.03450515
vt 0.9541803 0.03450515
vt 0.9541803 0.12733366
f 35/1 40/2 41/3
f 41/4 34/5 35/6
f 45/7 50/8 51/9
f 51/10 44/11 45/12
f 74/13 77/14 78/15
f 78/16 73/17 74/18
f 104/19 110/20 111/21
f 111/22 103/23 104/24
f 83/25 92/26 91/27
f 91/28 82/29 83/30
f 119/31 125/32 126/33
f 126/34 118/35 119/36
f 55/37 35/38 34/39
f 34/40 54/41 55/42
f 60/43 40/44 39/45
f 39/46 59/47 60/48
f 65/49 45/50 44/51
f 44/52 64/53 65/54
f 70/55 50/56 49/57
f 49/58 69/59 70/60
f 85/61 86/62 74/63
f 74/64 73/65 85/66
f 88/67 89/68 77/69
f 77/70 76/71 88/72
f 92/73 80/74 79/75
f 79/76 91/77 92/78
f 94/79 95/80 83/81
f 83/82 82/83 94/84
f 11/85 27/86 20/87
f 20/88 4/89 11/90
f 2/91 18/92 1/93
f 1/94 17/95 2/96
f 21/97 5/98 14/99
f 14/100 30/101 21/102
f 24/103 8/104 31/105
f 31/106 15/107 24/108
f 9/109 25/110 17/111
f 17/112 1/113 9/114
f 10/115 26/116 18/117
f 18/118 2/119 10/120
f 27/121 11/122 19/123
f 19/124 3/125 27/126
f 12/127 28/128 4/129
f 4/130 20/131 12/132
f 13/133 29/134 5/135
f 5/136 21/137 13/138
f 30/139 14/140 6/141
f 6/142 22/143 30/144
f 15/145 31/146 7/147
f 7/148 23/149 15/150
f 16/151 32/152 8/153
f 8/154 24/155 16/156
f 11/157 4/158 38/159
f 38/160 37/161 11/162
f 37/163 38/164 39/165
f 39/166 36/167 37/168
f 36/169 39/170 40/171
f 40/172 35/173 36/174
f 2/175 17/176 33/177
f 33/178 42/179 2/180
f 42/181 33/182 34/183
f 34/184 41/185 42/186
f 24/187 15/188 48/189
f 48/190 47/191 24/192
f 47/193 48/194 49/195
f 49/196 46/197 47/198
f 46/199 49/200 50/201
f 50/202 45/203 46/204
f 21/205 30/206 43/207
f 43/208 52/209 21/210
f 52/211 43/212 44/213
f 44/214 51/215 52/216
f 79/217 80/218 98/219
f 98/220 97/221 79/222
f 98/223 101/224 100/225
f 100/226 97/227 98/228
f 101/229 104/230 103/231
f 103/232 100/233 101/234
f 87/235 86/236 107/237
f 107/238 106/239 87/240
f 107/241 110/242 109/243
f 109/244 106/245 107/246
f 90/247 89/248 113/249
f 113/250 112/251 90/252
f 113/253 116/254 115/255
f 115/256 112/257 113/258
f 116/259 119/260 118/261
f 118/262 115/263 116/264
f 96/265 95/266 122/267
f 122/268 121/269 96/270
f 122/271 125/272 124/273
f 124/274 121/275 122/276
f 19/277 11/278 37/279
f 37/280 57/281 19/282
f 57/283 37/284 36/285
f 36/286 56/287 57/288
f 56/289 36/290 35/291
f 35/292 55/293 56/294
f 33/295 17/296 25/297
f 25/298 53/299 33/300
f 34/301 33/302 53/303
f 53/304 54/305 34/306
f 10/307 2/308 42/309
f 42/310 62/311 10/312
f 62/313 42/314 41/315
f 41/316 61/317 62/318
f 61/319 41/320 40/321
f 40/322 60/323 61/324
f 38/325 4/326 28/327
f 28/328 58/329 38/330
f 39/331 38/332 58/333
f 58/334 59/335 39/336
f 16/337 24/338 47/339
f 47/340 67/341 16/342
f 67/343 47/344 46/345
f 46/346 66/347 67/348
f 66/349 46/350 45/351
f 45/352 65/353 66/354
f 43/355 30/356 22/357
f 22/358 63/359 43/360
f 44/361 43/362 63/363
f 63/364 64/365 44/366
f 13/367 21/368 52/369
f 52/370 72/371 13/372
f 72/373 52/374 51/375
f 51/376 71/377 72/378
f 71/379 51/380 50/381
f 50/382 70/383 71/384
f 48/385 15/386 23/387
f 23/388 68/389 48/390
f 49/391 48/392 68/393
f 68/394 69/395 49/396
f 14/397 5/398 76/399
f 76/400 75/401 14/402
f 75/403 76/404 77/405
f 77/406 74/407 75/408
f 1/409 18/410 73/411
f 73/412 78/413 1/414
f 65/415 64/416 109/417
f 109/418 105/419 65/420
f 105/421 109/422 110/423
f 110/424 104/425 105/426
f 61/427 60/428 103/429
f 103/430 111/431 61/432
f 31/433 8/434 93/435
f 93/436 84/437 31/438
f 84/439 93/440 92/441
f 92/442 83/443 84/444
f 20/445 27/446 82/447
f 82/448 91/449 20/450
f 70/451 69/452 124/453
f 124/454 120/455 70/456
f 120/457 124/458 125/459
f 125/460 119/461 120/462
f 56/463 55/464 118/465
f 118/466 126/467 56/468
f 6/469 14/470 75/471
f 75/472 87/473 6/474
f 87/475 75/476 74/477
f 74/478 86/479 87/480
f 73/481 18/482 26/483
f 26/484 85/485 73/486
f 9/487 1/488 78/489
f 78/490 90/491 9/492
f 90/493 78/494 77/495
f 77/496 89/497 90/498
f 76/499 5/500 29/501
f 29/502 88/503 76/504
f 93/505 8/506 32/507
f 32/508 81/509 93/510
f 92/511 93/512 81/513
f 81/514 80/515 92/516
f 12/517 20/518 91/519
f 91/520 79/521 12/522
f 7/523 31/524 84/525
f 84/526 96/527 7/528
f 96/529 84/530 83/531
f 83/532 95/533 96/534
f 82/535 27/536 3/537
f 3/538 94/539 82/540
f 32/541 16/542 67/543
f 32/544 67/545 99/546
f 81/547 32/548 99/549
f 80/550 81/551 99/552
f 99/553 98/554 80/555
f 28/556 12/557 79/558
f 58/559 28/560 79/561
f 97/562 58/563 79/564
f 67/565 66/566 102/567
f 102/568 99/569 67/570
f 99/571 102/572 101/573
f 101/574 98/575 99/576
f 59/577 58/578 97/579
f 97/580 100/581 59/582
f 66/583 65/584 105/585
f 105/586 102/587 66/588
f 102/589 105/590 104/591
f 104/592 101/593 102/594
f 60/595 59/596 100/597
f 100/598 103/599 60/600
f 26/601 10/602 62/603
f 26/604 62/605 108/606
f 85/607 26/608 108/609
f 86/610 85/611 108/612
f 108/613 107/614 86/615
f 22/616 6/617 87/618
f 63/619 22/620 87/621
f 106/622 63/623 87/624
f 62/625 61/626 111/627
f 111/628 108/629 62/630
f 108/631 111/632 110/633
f 110/634 107/635 108/636
f 64/637 63/638 106/639
f 106/640 109/641 64/642
f 29/643 13/644 72/645
f 29/646 72/647 114/648
f 88/649 29/650 114/651
f 89/652 88/653 114/654
f 114/655 113/656 89/657
f 25/658 9/659 90/660
f 53/661 25/662 90/663
f 112/664 53/665 90/666
f 72/667 71/668 117/669
f 117/670 114/671 72/672
f 114/673 117/674 116/675
f 116/676 113/677 114/678
f 54/679 53/680 112/681
f 112/682 115/683 54/684
f 71/685 70/686 120/687
f 120/688 117/689 71/690
f 117/691 120/692 119/693
f 119/694 116/695 117/696
f 55/697 54/698 115/699
f 115/700 118/701 55/702
f 3/703 19/704 57/705
f 3/706 57/707 123/708
f 94/709 3/710 123/711
f 95/712 94/713 123/714
f 123/715 122/716 95/717
f 23/718 7/719 96/720
f 68/721 23/722 96/723
f 121/724 68/725 96/726
f 57/727 56/728 126/729
f 126/730 123/731 57/732
f 123/733 126/734 125/735
f 125/736 122/737 123/738
f 69/739 68/740 121/741
f 121/742 124/743 69/744
f 1694/745 1695/746 1683/747
f 1683/748 1684/749 1694/750
f 571/751 572/752 370/753
f 370/754 371/755 571/756
f 1770/757 1776/758 1775/759
f 1775/760 1769/761 1770/762
f 1719/763 1707/764 1708/765
f 1708/766 1718/767 1719/768
f 967/769 968/770 947/771
f 947/772 948/773 967/774
f 1674/775 1764/776 1765/777
f 1765/778 1675/779 1674/780
f 1677/781 1818/782 1819/783
f 1819/784 1678/785 1677/786
f 1681/787 1680/788 1677/789
f 1677/790 1678/791 1681/792
f 1684/793 1683/794 1680/795
f 1680/796 1681/797 1684/798
f 1687/799 1686/800 1758/801
f 1758/802 1759/803 1687/804
f 1690/805 1689/806 1740/807
f 1740/808 1741/809 1690/810
f 1693/811 1692/812 1689/813
f 1689/814 1690/815 1693/816
f 1696/817 1695/818 1692/819
f 1692/820 1693/821 1696/822
f 557/823 1013/824 1067/825
f 557/826 1067/827 1068/828
f 557/829 1068/830 366/831
f 576/832 557/833 366/834
f 576/835 366/836 533/837
f 574/838 1211/839 1200/840
f 1200/841 368/842 574/843
f 573/844 574/845 368/846
f 368/847 369/848 573/849
f 572/850 573/851 369/852
f 369/853 370/854 572/855
f 503/856 1011/857 1063/858
f 503/859 1063/860 1064/861
f 503/862 1064/863 352/864
f 586/865 503/866 352/867
f 586/868 352/869 519/870
f 584/871 585/872 353/873
f 353/874 354/875 584/876
f 583/877 584/878 354/879
f 354/880 355/881 583/882
f 582/883 583/884 355/885
f 355/886 356/887 582/888
f 1698/889 1767/890 1768/891
f 1768/892 1699/893 1698/894
f 1702/895 1701/896 1821/897
f 1821/898 1822/899 1702/900
f 1704/901 1701/902 1702/903
f 1702/904 1705/905 1704/906
f 1707/907 1704/908 1705/909
f 1705/910 1708/911 1707/912
f 1710/913 1761/914 1762/915
f 1762/916 1711/917 1710/918
f 1713/919 1743/920 1744/921
f 1744/922 1714/923 1713/924
f 1716/925 1713/926 1714/927
f 1714/928 1717/929 1716/930
f 1719/931 1716/932 1717/933
f 1717/934 1720/935 1719/936
f 972/937 973/938 942/939
f 942/940 943/941 972/942
f 970/943 1235/944 1234/945
f 1234/946 945/947 970/948
f 969/949 970/950 945/951
f 945/952 946/953 969/954
f 968/955 969/956 946/957
f 946/958 947/959 968/960
f 989/961 990/962 923/963
f 923/964 924/965 989/966
f 987/967 988/968 925/969
f 925/970 926/971 987/972
f 986/973 987/974 926/975
f 926/976 927/977 986/978
f 985/979 986/980 927/981
f 927/982 928/983 985/984
f 1782/985 1773/986 1774/987
f 1774/988 1783/989 1782/990
f 1728/991 1722/992 1721/993
f 1721/994 1727/995 1728/996
f 180/997 363/998 364/999
f 364/1000 170/1001 180/1002
f 174/1003 271/1004 270/1005
f 270/1006 377/1007 378/1008
f 174/1009 270/1010 378/1011
f 230/1012 240/1013 393/1014
f 393/1015 394/1016 230/1017
f 231/1018 230/1019 394/1020
f 394/1021 395/1022 231/1023
f 232/1024 231/1025 395/1026
f 395/1027 396/1028 232/1029
f 719/1030 620/1031 898/1032
f 898/1033 649/1034 719/1035
f 1731/1036 1725/1037 1724/1038
f 1724/1039 1730/1040 1731/1041
f 174/1042 378/1043 379/1044
f 379/1045 186/1046 174/1047
f 1104/1048 1132/1049 1131/1050
f 1131/1051 1103/1052 1104/1053
f 224/1054 220/1055 386/1056
f 386/1057 387/1058 224/1059
f 1752/1060 1728/1061 1727/1062
f 1727/1063 1751/1064 1752/1065
f 577/1066 504/1067 363/1068
f 269/1069 577/1070 363/1071
f 180/1072 269/1073 363/1074
f 384/1075 218/1076 1189/1077
f 1189/1078 1201/1079 384/1080
f 219/1081 218/1082 384/1083
f 384/1084 385/1085 219/1086
f 220/1087 219/1088 385/1089
f 385/1090 386/1091 220/1092
f 878/1093 880/1094 882/1095
f 646/1096 878/1097 882/1098
f 1364/1099 646/1100 882/1101
f 1363/1102 1364/1103 882/1104
f 1275/1105 1363/1106 882/1107
f 1755/1108 1731/1109 1730/1110
f 1730/1111 1754/1112 1755/1113
f 1674/1114 1734/1115 1733/1116
f 1733/1117 1673/1118 1674/1119
f 381/1120 170/1121 274/1122
f 1697/1123 1698/1124 1737/1125
f 1737/1126 1736/1127 1697/1128
f 180/1129 170/1130 381/1131
f 381/1132 382/1133 180/1134
f 933/1135 980/1136 981/1137
f 981/1138 932/1139 933/1140
f 361/1141 577/1142 578/1143
f 578/1144 360/1145 361/1146
f 1811/1147 1812/1148 1740/1149
f 1740/1150 1739/1151 1811/1152
f 391/1153 186/1154 221/1155
f 1815/1156 1743/1157 1742/1158
f 1742/1159 1814/1160 1815/1161
f 1144/1162 1153/1163 568/1164
f 568/1165 374/1166 1144/1167
f 174/1168 186/1169 391/1170
f 391/1171 392/1172 174/1173
f 1176/1174 1177/1175 964/1176
f 964/1177 951/1178 1176/1179
f 243/1180 246/1181 203/1182
f 203/1183 202/1184 243/1185
f 246/1186 176/1187 204/1188
f 204/1189 203/1190 246/1191
f 176/1192 244/1193 205/1194
f 205/1195 204/1196 176/1197
f 244/1198 260/1199 265/1200
f 265/1201 205/1202 244/1203
f 259/1204 264/1205 266/1206
f 266/1207 206/1208 259/1209
f 263/1210 187/1211 208/1212
f 208/1213 207/1214 263/1215
f 187/1216 251/1217 209/1218
f 209/1219 208/1220 187/1221
f 251/1222 189/1223 210/1224
f 210/1225 209/1226 251/1227
f 189/1228 183/1229 211/1230
f 211/1231 210/1232 189/1233
f 183/1234 182/1235 212/1236
f 212/1237 211/1238 183/1239
f 182/1240 247/1241 213/1242
f 213/1243 212/1244 182/1245
f 1185/1246 1187/1247 213/1248
f 213/1249 247/1250 1185/1251
f 256/1252 255/1253 268/1254
f 268/1255 214/1256 256/1257
f 254/1258 1184/1259 1188/1260
f 1188/1261 215/1262 254/1263
f 171/1264 242/1265 217/1266
f 217/1267 216/1268 171/1269
f 242/1270 243/1271 202/1272
f 202/1273 217/1274 242/1275
f 389/1276 390/1277 226/1278
f 226/1279 222/1280 389/1281
f 388/1282 389/1283 222/1284
f 222/1285 223/1286 388/1287
f 387/1288 388/1289 223/1290
f 223/1291 224/1292 387/1293
f 356/1294 357/1295 581/1296
f 581/1297 582/1298 356/1299
f 361/1300 1012/1301 1065/1302
f 361/1303 1065/1304 1066/1305
f 361/1306 1066/1307 362/1308
f 577/1309 361/1310 362/1311
f 577/1312 362/1313 504/1314
f 359/1315 1199/1316 1212/1317
f 1212/1318 579/1319 359/1320
f 358/1321 359/1322 579/1323
f 579/1324 580/1325 358/1326
f 357/1327 358/1328 580/1329
f 580/1330 581/1331 357/1332
f 876/1333 877/1334 645/1335
f 645/1336 644/1337 876/1338
f 875/1339 876/1340 644/1341
f 644/1342 643/1343 875/1344
f 874/1345 875/1346 643/1347
f 643/1348 642/1349 874/1350
f 894/1351 1265/1352 1341/1353
f 894/1354 1341/1355 1342/1356
f 894/1357 1342/1358 638/1359
f 893/1360 894/1361 638/1362
f 893/1363 638/1364 587/1365
f 269/1366 383/1367 225/1368
f 519/1369 1143/1370 1154/1371
f 1154/1372 586/1373 519/1374
f 396/1375 397/1376 238/1377
f 238/1378 232/1379 396/1380
f 1722/1381 1746/1382 1745/1383
f 1745/1384 1721/1385 1722/1386
f 170/1387 364/1388 365/1389
f 274/1390 170/1391 365/1392
f 275/1393 274/1394 365/1395
f 399/1396 1202/1397 1190/1398
f 1190/1399 236/1400 399/1401
f 398/1402 399/1403 236/1404
f 236/1405 237/1406 398/1407
f 397/1408 398/1409 237/1410
f 237/1411 238/1412 397/1413
f 637/1414 606/1415 729/1416
f 729/1417 597/1418 637/1419
f 1725/1420 1749/1421 1748/1422
f 1748/1423 1724/1424 1725/1425
f 748/1426 749/1427 723/1428
f 723/1429 724/1430 748/1431
f 375/1432 1014/1433 1069/1434
f 375/1435 1069/1436 1070/1437
f 375/1438 1070/1439 376/1440
f 567/1441 375/1442 376/1443
f 567/1444 376/1445 558/1446
f 373/1447 374/1448 568/1449
f 568/1450 569/1451 373/1452
f 372/1453 373/1454 569/1455
f 569/1456 570/1457 372/1458
f 371/1459 372/1460 570/1461
f 570/1462 571/1463 371/1464
f 753/1465 754/1466 730/1467
f 730/1468 588/1469 753/1470
f 751/1471 1214/1472 1213/1473
f 1213/1474 721/1475 751/1476
f 750/1477 751/1478 721/1479
f 721/1480 722/1481 750/1482
f 749/1483 750/1484 722/1485
f 722/1486 723/1487 749/1488
f 533/1489 367/1490 575/1491
f 575/1492 576/1493 533/1494
f 744/1495 1157/1496 1155/1497
f 1155/1498 728/1499 744/1500
f 272/1501 393/1502 240/1503
f 271/1504 174/1505 392/1506
f 273/1507 239/1508 380/1509
f 269/1510 180/1511 382/1512
f 221/1513 226/1514 390/1515
f 194/1516 253/1517 254/1518
f 254/1519 255/1520 194/1521
f 195/1522 256/1523 257/1524
f 257/1525 258/1526 195/1527
f 200/1528 259/1529 260/1530
f 260/1531 261/1532 200/1533
f 201/1534 262/1535 263/1536
f 263/1537 264/1538 201/1539
f 229/1540 270/1541 271/1542
f 271/1543 272/1544 229/1545
f 235/1546 273/1547 274/1548
f 274/1549 275/1550 235/1551
f 243/1552 173/1553 177/1554
f 177/1555 246/1556 243/1557
f 254/1558 253/1559 1191/1560
f 1191/1561 1184/1562 254/1563
f 171/1564 241/1565 172/1566
f 172/1567 242/1568 171/1569
f 242/1570 172/1571 173/1572
f 173/1573 243/1574 242/1575
f 244/1576 175/1577 261/1578
f 261/1579 260/1580 244/1581
f 176/1582 245/1583 175/1584
f 175/1585 244/1586 176/1587
f 246/1588 177/1589 245/1590
f 245/1591 176/1592 246/1593
f 263/1594 262/1595 250/1596
f 250/1597 187/1598 263/1599
f 187/1600 250/1601 188/1602
f 188/1603 251/1604 187/1605
f 251/1606 188/1607 252/1608
f 252/1609 189/1610 251/1611
f 189/1612 252/1613 249/1614
f 249/1615 183/1616 189/1617
f 181/1618 1192/1619 1185/1620
f 1185/1621 247/1622 181/1623
f 182/1624 248/1625 181/1626
f 181/1627 247/1628 182/1629
f 183/1630 249/1631 248/1632
f 248/1633 182/1634 183/1635
f 256/1636 195/1637 194/1638
f 194/1639 255/1640 256/1641
f 259/1642 200/1643 201/1644
f 201/1645 264/1646 259/1647
f 260/1648 259/1649 206/1650
f 206/1651 265/1652 260/1653
f 264/1654 263/1655 207/1656
f 207/1657 266/1658 264/1659
f 257/1660 256/1661 214/1662
f 214/1663 267/1664 257/1665
f 255/1666 254/1667 215/1668
f 215/1669 268/1670 255/1671
f 272/1672 271/1673 392/1674
f 392/1675 393/1676 272/1677
f 274/1678 273/1679 380/1680
f 380/1681 381/1682 274/1683
f 269/1684 382/1685 383/1686
f 221/1687 390/1688 391/1689
f 1619/1690 1559/1691 1630/1692
f 1630/1693 1629/1694 1619/1695
f 1654/1696 1559/1697 1619/1698
f 1619/1699 1653/1700 1654/1701
f 1563/1702 1561/1703 1560/1704
f 1560/1705 1562/1706 1563/1707
f 1565/1708 1563/1709 1562/1710
f 1562/1711 1564/1712 1565/1713
f 1567/1714 1565/1715 1564/1716
f 1564/1717 1566/1718 1567/1719
f 1569/1720 1567/1721 1566/1722
f 1566/1723 1568/1724 1569/1725
f 1571/1726 1569/1727 1568/1728
f 1568/1729 1570/1730 1571/1731
f 1573/1732 1571/1733 1570/1734
f 1570/1735 1572/1736 1573/1737
f 1658/1738 1573/1739 1572/1740
f 1572/1741 1657/1742 1658/1743
f 1577/1744 1575/1745 1574/1746
f 1574/1747 1576/1748 1577/1749
f 1622/1750 1577/1751 1576/1752
f 1576/1753 1621/1754 1622/1755
f 1617/1756 1618/1757 1632/1758
f 1632/1759 1631/1760 1617/1761
f 1583/1762 1581/1763 1580/1764
f 1580/1765 1582/1766 1583/1767
f 1585/1768 1583/1769 1582/1770
f 1582/1771 1584/1772 1585/1773
f 1626/1774 1585/1775 1584/1776
f 1584/1777 1625/1778 1626/1779
f 1623/1780 1624/1781 1634/1782
f 1634/1783 1633/1784 1623/1785
f 1591/1786 1589/1787 1588/1788
f 1588/1789 1590/1790 1591/1791
f 1660/1792 1591/1793 1590/1794
f 1590/1795 1659/1796 1660/1797
f 1595/1798 1593/1799 1592/1800
f 1592/1801 1594/1802 1595/1803
f 1597/1804 1595/1805 1594/1806
f 1594/1807 1596/1808 1597/1809
f 1599/1810 1597/1811 1596/1812
f 1596/1813 1598/1814 1599/1815
f 1601/1816 1599/1817 1598/1818
f 1598/1819 1600/1820 1601/1821
f 1603/1822 1601/1823 1600/1824
f 1600/1825 1602/1826 1603/1827
f 1605/1828 1603/1829 1602/1830
f 1602/1831 1604/1832 1605/1833
f 1656/1834 1605/1835 1604/1836
f 1604/1837 1655/1838 1656/1839
f 1627/1840 1628/1841 1636/1842
f 1636/1843 1635/1844 1627/1845
f 1612/1846 1610/1847 1609/1848
f 1609/1849 1611/1850 1612/1851
f 1614/1852 1612/1853 1611/1854
f 1611/1855 1613/1856 1614/1857
f 1616/1858 1614/1859 1613/1860
f 1613/1861 1615/1862 1616/1863
f 253/1864 194/1865 1874/1866
f 1874/1867 1873/1868 253/1869
f 195/1870 1875/1871 1874/1872
f 1874/1873 194/1874 195/1875
f 258/1876 1876/1877 1875/1878
f 1875/1879 195/1880 258/1881
f 258/1882 1192/1883 1893/1884
f 1893/1885 1876/1886 258/1887
f 248/1888 1878/1889 1877/1890
f 1877/1891 181/1892 248/1893
f 249/1894 1879/1895 1878/1896
f 1878/1897 248/1898 249/1899
f 252/1900 1880/1901 1879/1902
f 1879/1903 249/1904 252/1905
f 188/1906 1881/1907 1880/1908
f 1880/1909 252/1910 188/1911
f 250/1912 1882/1913 1881/1914
f 1881/1915 188/1916 250/1917
f 262/1918 1883/1919 1882/1920
f 1882/1921 250/1922 262/1923
f 262/1924 201/1925 1884/1926
f 1884/1927 1883/1928 262/1929
f 200/1930 1885/1931 1884/1932
f 1884/1933 201/1934 200/1935
f 261/1936 1886/1937 1885/1938
f 1885/1939 200/1940 261/1941
f 261/1942 175/1943 1887/1944
f 1887/1945 1886/1946 261/1947
f 245/1948 1888/1949 1887/1950
f 1887/1951 175/1952 245/1953
f 177/1954 1889/1955 1888/1956
f 1888/1957 245/1958 177/1959
f 173/1960 1890/1961 1889/1962
f 1889/1963 177/1964 173/1965
f 172/1966 1891/1967 1890/1968
f 1890/1969 173/1970 172/1971
f 241/1972 1892/1973 1891/1974
f 1891/1975 172/1976 241/1977
f 1191/1978 1894/1979 1892/1980
f 1892/1981 241/1982 1191/1983
f 429/1984 517/1985 522/1986
f 522/1987 304/1988 429/1989
f 517/1990 1139/1991 1149/1992
f 1149/1993 522/1994 517/1995
f 430/1996 431/1997 306/1998
f 306/1999 305/2000 430/2001
f 431/2002 432/2003 307/2004
f 307/2005 306/2006 431/2007
f 432/2008 433/2009 308/2010
f 308/2011 307/2012 432/2013
f 433/2014 434/2015 309/2016
f 309/2017 308/2018 433/2019
f 434/2020 435/2021 310/2022
f 310/2023 309/2024 434/2025
f 435/2026 436/2027 311/2028
f 311/2029 310/2030 435/2031
f 1193/2032 1207/2033 311/2034
f 311/2035 436/2036 1193/2037
f 437/2038 438/2039 313/2040
f 313/2041 312/2042 437/2043
f 500/2044 510/2045 314/2046
f 314/2047 439/2048 500/2049
f 440/2050 441/2051 316/2052
f 316/2053 315/2054 440/2055
f 441/2056 442/2057 317/2058
f 317/2059 316/2060 441/2061
f 553/2062 563/2063 317/2064
f 317/2065 442/2066 553/2067
f 443/2068 531/2069 537/2070
f 537/2071 318/2072 443/2073
f 531/2074 444/2075 319/2076
f 319/2077 537/2078 531/2079
f 444/2080 1194/2081 1208/2082
f 1208/2083 319/2084 444/2085
f 445/2086 446/2087 321/2088
f 321/2089 320/2090 445/2091
f 446/2092 447/2093 322/2094
f 322/2095 321/2096 446/2097
f 447/2098 448/2099 323/2100
f 323/2101 322/2102 447/2103
f 448/2104 449/2105 324/2106
f 324/2107 323/2108 448/2109
f 449/2110 450/2111 325/2112
f 325/2113 324/2114 449/2115
f 450/2116 451/2117 326/2118
f 326/2119 325/2120 450/2121
f 1140/2122 1150/2123 326/2124
f 326/2125 451/2126 1140/2127
f 554/2128 564/2129 328/2130
f 328/2131 453/2132 554/2133
f 454/2134 455/2135 330/2136
f 330/2137 329/2138 454/2139
f 455/2140 303/2141 331/2142
f 331/2143 330/2144 455/2145
f 303/2146 499/2147 509/2148
f 509/2149 331/2150 303/2151
f 518/2152 1824/2153 1857/2154
f 1857/2155 457/2156 518/2157
f 1141/2158 1869/2159 1824/2160
f 1824/2161 518/2162 1141/2163
f 459/2164 1826/2165 1825/2166
f 1825/2167 458/2168 459/2169
f 460/2170 1827/2171 1826/2172
f 1826/2173 459/2174 460/2175
f 461/2176 1828/2177 1827/2178
f 1827/2179 460/2180 461/2181
f 462/2182 1829/2183 1828/2184
f 1828/2185 461/2186 462/2187
f 463/2188 1830/2189 1829/2190
f 1829/2191 462/2192 463/2193
f 464/2194 1831/2195 1830/2196
f 1830/2197 463/2198 464/2199
f 1195/2200 1871/2201 1831/2202
f 1831/2203 464/2204 1195/2205
f 466/2206 1854/2207 1832/2208
f 1832/2209 465/2210 466/2211
f 502/2212 1852/2213 1858/2214
f 1858/2215 467/2216 502/2217
f 469/2218 1835/2219 1834/2220
f 1834/2221 468/2222 469/2223
f 470/2224 1836/2225 1835/2226
f 1835/2227 469/2228 470/2229
f 555/2230 1855/2231 1836/2232
f 1836/2233 470/2234 555/2235
f 532/2236 1838/2237 1859/2238
f 1859/2239 471/2240 532/2241
f 472/2242 1839/2243 1838/2244
f 1838/2245 532/2246 472/2247
f 1196/2248 1872/2249 1839/2250
f 1839/2251 472/2252 1196/2253
f 474/2254 1841/2255 1840/2256
f 1840/2257 473/2258 474/2259
f 475/2260 1842/2261 1841/2262
f 1841/2263 474/2264 475/2265
f 476/2266 1843/2267 1842/2268
f 1842/2269 475/2270 476/2271
f 477/2272 1844/2273 1843/2274
f 1843/2275 476/2276 477/2277
f 478/2278 1845/2279 1844/2280
f 1844/2281 477/2282 478/2283
f 479/2284 1846/2285 1845/2286
f 1845/2287 478/2288 479/2289
f 1142/2290 1870/2291 1846/2292
f 1846/2293 479/2294 1142/2295
f 556/2296 1856/2297 1860/2298
f 1860/2299 481/2300 556/2301
f 483/2302 1849/2303 1848/2304
f 1848/2305 482/2306 483/2307
f 484/2308 1850/2309 1849/2310
f 1849/2311 483/2312 484/2313
f 484/2314 501/2315 1851/2316
f 1851/2317 1850/2318 484/2319
f 332/2320 333/2321 381/2322
f 381/2323 380/2324 332/2325
f 333/2326 334/2327 382/2328
f 382/2329 381/2330 333/2331
f 334/2332 335/2333 383/2334
f 383/2335 382/2336 334/2337
f 335/2338 1197/2339 1201/2340
f 1201/2341 383/2342 335/2343
f 336/2344 337/2345 385/2346
f 385/2347 384/2348 336/2349
f 337/2350 338/2351 386/2352
f 386/2353 385/2354 337/2355
f 338/2356 339/2357 387/2358
f 387/2359 386/2360 338/2361
f 339/2362 340/2363 388/2364
f 388/2365 387/2366 339/2367
f 340/2368 341/2369 389/2370
f 389/2371 388/2372 340/2373
f 341/2374 342/2375 390/2376
f 390/2377 389/2378 341/2379
f 342/2380 343/2381 391/2382
f 391/2383 390/2384 342/2385
f 343/2386 344/2387 392/2388
f 392/2389 391/2390 343/2391
f 344/2392 345/2393 393/2394
f 393/2395 392/2396 344/2397
f 345/2398 346/2399 394/2400
f 394/2401 393/2402 345/2403
f 346/2404 347/2405 395/2406
f 395/2407 394/2408 346/2409
f 347/2410 348/2411 396/2412
f 396/2413 395/2414 347/2415
f 348/2416 349/2417 397/2418
f 397/2419 396/2420 348/2421
f 349/2422 350/2423 398/2424
f 398/2425 397/2426 349/2427
f 350/2428 351/2429 399/2430
f 399/2431 398/2432 350/2433
f 1198/2434 1202/2435 399/2436
f 399/2437 351/2438 1198/2439
f 402/2440 131/2441 534/2442
f 534/2443 524/2444 402/2445
f 412/2446 535/2447 525/2448
f 525/2449 151/2450 412/2451
f 403/2452 133/2453 506/2454
f 506/2455 486/2456 403/2457
f 191/2458 1203/2459 1181/2460
f 1181/2461 423/2462 191/2463
f 405/2464 144/2465 145/2466
f 145/2467 406/2468 405/2469
f 406/2470 145/2471 146/2472
f 146/2473 407/2474 406/2475
f 407/2476 146/2477 147/2478
f 147/2479 408/2480 407/2481
f 408/2482 147/2483 148/2484
f 148/2485 409/2486 408/2487
f 409/2488 148/2489 149/2490
f 149/2491 410/2492 409/2493
f 425/2494 197/2495 1145/2496
f 1145/2497 1135/2498 425/2499
f 152/2500 1204/2501 1182/2502
f 1182/2503 413/2504 152/2505
f 153/2506 414/2507 152/2508
f 152/2509 413/2510 153/2511
f 154/2512 415/2513 414/2514
f 414/2515 153/2516 154/2517
f 155/2518 416/2519 415/2520
f 415/2521 154/2522 155/2523
f 156/2524 417/2525 416/2526
f 416/2527 155/2528 156/2529
f 157/2530 418/2531 417/2532
f 417/2533 156/2534 157/2535
f 520/2536 1146/2537 1136/2538
f 1136/2539 512/2540 520/2541
f 401/2542 128/2543 520/2544
f 520/2545 512/2546 401/2547
f 427/2548 233/2549 166/2550
f 166/2551 419/2552 427/2553
f 420/2554 168/2555 428/2556
f 428/2557 234/2558 420/2559
f 419/2560 166/2561 178/2562
f 178/2563 421/2564 419/2565
f 179/2566 422/2567 168/2568
f 168/2569 420/2570 179/2571
f 404/2572 143/2573 191/2574
f 191/2575 423/2576 404/2577
f 192/2578 424/2579 412/2580
f 412/2581 151/2582 192/2583
f 410/2584 149/2585 197/2586
f 197/2587 425/2588 410/2589
f 198/2590 426/2591 418/2592
f 418/2593 157/2594 198/2595
f 421/2596 178/2597 505/2598
f 505/2599 485/2600 421/2601
f 486/2602 506/2603 422/2604
f 422/2605 179/2606 486/2607
f 400/2608 127/2609 559/2610
f 559/2611 546/2612 400/2613
f 428/2614 560/2615 547/2616
f 547/2617 234/2618 428/2619
f 456/2620 507/2621 499/2622
f 499/2623 303/2624 456/2625
f 429/2626 276/2627 521/2628
f 521/2629 517/2630 429/2631
f 521/2632 1147/2633 1139/2634
f 1139/2635 517/2636 521/2637
f 430/2638 277/2639 278/2640
f 278/2641 431/2642 430/2643
f 431/2644 278/2645 279/2646
f 279/2647 432/2648 431/2649
f 432/2650 279/2651 280/2652
f 280/2653 433/2654 432/2655
f 433/2656 280/2657 281/2658
f 281/2659 434/2660 433/2661
f 434/2662 281/2663 282/2664
f 282/2665 435/2666 434/2667
f 435/2668 282/2669 283/2670
f 283/2671 436/2672 435/2673
f 283/2674 1205/2675 1193/2676
f 1193/2677 436/2678 283/2679
f 437/2680 284/2681 285/2682
f 285/2683 438/2684 437/2685
f 439/2686 286/2687 508/2688
f 508/2689 500/2690 439/2691
f 500/2692 508/2693 287/2694
f 287/2695 440/2696 500/2697
f 440/2698 287/2699 288/2700
f 288/2701 441/2702 440/2703
f 441/2704 288/2705 289/2706
f 289/2707 442/2708 441/2709
f 289/2710 561/2711 553/2712
f 553/2713 442/2714 289/2715
f 443/2716 290/2717 536/2718
f 536/2719 531/2720 443/2721
f 531/2722 536/2723 291/2724
f 291/2725 444/2726 531/2727
f 291/2728 1206/2729 1194/2730
f 1194/2731 444/2732 291/2733
f 445/2734 292/2735 293/2736
f 293/2737 446/2738 445/2739
f 446/2740 293/2741 294/2742
f 294/2743 447/2744 446/2745
f 447/2746 294/2747 295/2748
f 295/2749 448/2750 447/2751
f 448/2752 295/2753 296/2754
f 296/2755 449/2756 448/2757
f 449/2758 296/2759 297/2760
f 297/2761 450/2762 449/2763
f 450/2764 297/2765 298/2766
f 298/2767 451/2768 450/2769
f 298/2770 1148/2771 1140/2772
f 1140/2773 451/2774 298/2775
f 300/2776 562/2777 554/2778
f 554/2779 453/2780 300/2781
f 454/2782 301/2783 302/2784
f 302/2785 455/2786 454/2787
f 455/2788 302/2789 456/2790
f 456/2791 303/2792 455/2793
f 484/2794 331/2795 509/2796
f 509/2797 501/2798 484/2799
f 457/2800 304/2801 522/2802
f 522/2803 518/2804 457/2805
f 522/2806 1149/2807 1141/2808
f 1141/2809 518/2810 522/2811
f 458/2812 305/2813 306/2814
f 306/2815 459/2816 458/2817
f 459/2818 306/2819 307/2820
f 307/2821 460/2822 459/2823
f 460/2824 307/2825 308/2826
f 308/2827 461/2828 460/2829
f 461/2830 308/2831 309/2832
f 309/2833 462/2834 461/2835
f 462/2836 309/2837 310/2838
f 310/2839 463/2840 462/2841
f 463/2842 310/2843 311/2844
f 311/2845 464/2846 463/2847
f 311/2848 1207/2849 1195/2850
f 1195/2851 464/2852 311/2853
f 465/2854 312/2855 313/2856
f 313/2857 466/2858 465/2859
f 467/2860 314/2861 510/2862
f 510/2863 502/2864 467/2865
f 502/2866 510/2867 315/2868
f 315/2869 468/2870 502/2871
f 468/2872 315/2873 316/2874
f 316/2875 469/2876 468/2877
f 469/2878 316/2879 317/2880
f 317/2881 470/2882 469/2883
f 317/2884 563/2885 555/2886
f 555/2887 470/2888 317/2889
f 471/2890 318/2891 537/2892
f 537/2893 532/2894 471/2895
f 532/2896 537/2897 319/2898
f 319/2899 472/2900 532/2901
f 319/2902 1208/2903 1196/2904
f 1196/2905 472/2906 319/2907
f 473/2908 320/2909 321/2910
f 321/2911 474/2912 473/2913
f 474/2914 321/2915 322/2916
f 322/2917 475/2918 474/2919
f 475/2920 322/2921 323/2922
f 323/2923 476/2924 475/2925
f 476/2926 323/2927 324/2928
f 324/2929 477/2930 476/2931
f 477/2932 324/2933 325/2934
f 325/2935 478/2936 477/2937
f 478/2938 325/2939 326/2940
f 326/2941 479/2942 478/2943
f 326/2944 1150/2945 1142/2946
f 1142/2947 479/2948 326/2949
f 328/2950 564/2951 556/2952
f 556/2953 481/2954 328/2955
f 482/2956 329/2957 330/2958
f 330/2959 483/2960 482/2961
f 483/2962 330/2963 331/2964
f 331/2965 484/2966 483/2967
f 642/2968 641/2969 873/2970
f 873/2971 874/2972 642/2973
f 587/2974 622/2975 890/2976
f 890/2977 893/2978 587/2979
f 1268/2980 1217/2981 1215/2982
f 1215/2983 895/2984 1268/2985
f 640/2986 1268/2987 895/2988
f 895/2989 896/2990 640/2991
f 641/2992 640/2993 896/2994
f 896/2995 873/2996 641/2997
f 646/2998 1159/2999 1156/3000
f 1156/3001 878/3002 646/3003
f 1665/3004 1752/3005 1751/3006
f 1751/3007 1664/3008 1665/3009
f 952/3010 953/3011 962/3012
f 962/3013 963/3014 952/3015
f 950/3016 951/3017 964/3018
f 964/3019 965/3020 950/3021
f 949/3022 950/3023 965/3024
f 965/3025 966/3026 949/3027
f 948/3028 949/3029 966/3030
f 966/3031 967/3032 948/3033
f 1785/3034 1755/3035 1754/3036
f 1754/3037 1786/3038 1785/3039
f 943/3040 944/3041 971/3042
f 971/3043 972/3044 943/3045
f 1558/3046 1616/3047 1615/3048
f 1615/3049 1557/3050 1558/3051
f 1580/3052 1581/3053 1618/3054
f 1618/3055 1617/3056 1580/3057
f 1019/3058 1007/3059 509/3060
f 509/3061 499/3062 1019/3063
f 500/3064 440/3065 315/3066
f 315/3067 510/3068 500/3069
f 501/3070 1023/3071 1823/3072
f 1823/3073 1851/3074 501/3075
f 468/3076 1834/3077 1852/3078
f 1852/3079 502/3080 468/3081
f 505/3082 996/3083 1016/3084
f 1016/3085 485/3086 505/3087
f 507/3088 1003/3089 1019/3090
f 1019/3091 499/3092 507/3093
f 509/3094 1007/3095 1023/3096
f 1023/3097 501/3098 509/3099
f 1662/3100 1758/3101 1757/3102
f 1757/3103 1661/3104 1662/3105
f 1780/3106 1779/3107 1761/3108
f 1761/3109 1760/3110 1780/3111
f 958/3112 959/3113 991/3114
f 991/3115 992/3116 958/3117
f 956/3118 957/3119 993/3120
f 993/3121 994/3122 956/3123
f 955/3124 956/3125 994/3126
f 994/3127 961/3128 955/3129
f 957/3130 958/3131 992/3132
f 992/3133 993/3134 957/3135
f 1608/3136 1620/3137 1606/3138
f 1606/3139 1607/3140 1608/3141
f 1022/3142 1010/3143 327/3144
f 327/3145 452/3146 1022/3147
f 480/3148 1026/3149 1847/3150
f 1847/3151 1853/3152 480/3153
f 411/3154 995/3155 1015/3156
f 1015/3157 150/3158 411/3159
f 299/3160 1006/3161 1022/3162
f 1022/3163 452/3164 299/3165
f 327/3166 1010/3167 1026/3168
f 1026/3169 480/3170 327/3171
f 953/3172 1029/3173 1099/3174
f 953/3175 1099/3176 1100/3177
f 953/3178 1100/3179 954/3180
f 955/3181 961/3182 962/3183
f 954/3184 955/3185 962/3186
f 953/3187 954/3188 962/3189
f 1668/3190 1764/3191 1763/3192
f 1763/3193 1667/3194 1668/3195
f 1671/3196 1767/3197 1766/3198
f 1766/3199 1670/3200 1671/3201
f 940/3202 1028/3203 1097/3204
f 940/3205 1097/3206 1098/3207
f 940/3208 1098/3209 941/3210
f 940/3211 941/3212 942/3213
f 974/3214 940/3215 942/3216
f 973/3217 974/3218 942/3219
f 937/3220 938/3221 976/3222
f 976/3223 977/3224 937/3225
f 938/3226 939/3227 975/3228
f 975/3229 976/3230 938/3231
f 934/3232 1027/3233 1095/3234
f 934/3235 1095/3236 1096/3237
f 934/3238 1096/3239 935/3240
f 936/3241 978/3242 979/3243
f 935/3244 936/3245 979/3246
f 934/3247 935/3248 979/3249
f 1579/3250 1622/3251 1621/3252
f 1621/3253 1578/3254 1579/3255
f 1588/3256 1589/3257 1624/3258
f 1624/3259 1623/3260 1588/3261
f 1020/3262 1008/3263 313/3264
f 313/3265 438/3266 1020/3267
f 466/3268 1024/3269 1833/3270
f 1833/3271 1854/3272 466/3273
f 143/3274 404/3275 524/3276
f 524/3277 534/3278 143/3279
f 535/3280 1001/3281 1018/3282
f 1018/3283 525/3284 535/3285
f 285/3286 1004/3287 1020/3288
f 1020/3289 438/3290 285/3291
f 313/3292 1008/3293 1024/3294
f 1024/3295 466/3296 313/3297
f 975/3298 939/3299 940/3300
f 940/3301 974/3302 975/3303
f 1746/3304 1770/3305 1769/3306
f 1769/3307 1745/3308 1746/3309
f 728/3310 607/3311 913/3312
f 913/3313 744/3314 728/3315
f 726/3316 727/3317 745/3318
f 745/3319 746/3320 726/3321
f 725/3322 726/3323 746/3324
f 746/3325 747/3326 725/3327
f 724/3328 725/3329 747/3330
f 747/3331 748/3332 724/3333
f 1749/3334 1773/3335 1772/3336
f 1772/3337 1748/3338 1749/3339
f 588/3340 720/3341 752/3342
f 752/3343 753/3344 588/3345
f 928/3346 929/3347 984/3348
f 984/3349 985/3350 928/3351
f 933/3352 934/3353 979/3354
f 979/3355 980/3356 933/3357
f 931/3358 1233/3359 1236/3360
f 1236/3361 982/3362 931/3363
f 930/3364 931/3365 982/3366
f 982/3367 983/3368 930/3369
f 929/3370 930/3371 983/3372
f 983/3373 984/3374 929/3375
f 924/3376 1175/3377 1178/3378
f 1178/3379 989/3380 924/3381
f 1587/3382 1626/3383 1625/3384
f 1625/3385 1586/3386 1587/3387
f 1609/3388 1610/3389 1628/3390
f 1628/3391 1627/3392 1609/3393
f 1021/3394 1009/3395 563/3396
f 563/3397 553/3398 1021/3399
f 454/3400 329/3401 564/3402
f 564/3403 554/3404 454/3405
f 555/3406 1025/3407 1837/3408
f 1837/3409 1855/3410 555/3411
f 482/3412 1848/3413 1856/3414
f 1856/3415 556/3416 482/3417
f 233/3418 427/3419 546/3420
f 546/3421 559/3422 233/3423
f 560/3424 999/3425 1017/3426
f 1017/3427 547/3428 560/3429
f 1005/3430 1021/3431 553/3432
f 553/3433 561/3434 1005/3435
f 301/3436 454/3437 554/3438
f 554/3439 562/3440 301/3441
f 1009/3442 1025/3443 555/3444
f 555/3445 563/3446 1009/3447
f 329/3448 482/3449 556/3450
f 556/3451 564/3452 329/3453
f 959/3454 1030/3455 1101/3456
f 959/3457 1101/3458 1102/3459
f 959/3460 1102/3461 960/3462
f 923/3463 990/3464 991/3465
f 960/3466 923/3467 991/3468
f 959/3469 960/3470 991/3471
f 937/3472 977/3473 978/3474
f 978/3475 936/3476 937/3477
f 377/3478 270/3479 229/3480
f 377/3481 229/3482 567/3483
f 558/3484 377/3485 567/3486
f 229/3487 272/3488 240/3489
f 229/3490 240/3491 568/3492
f 229/3493 568/3494 1153/3495
f 567/3496 229/3497 1153/3498
f 240/3499 230/3500 569/3501
f 569/3502 568/3503 240/3504
f 230/3505 231/3506 570/3507
f 570/3508 569/3509 230/3510
f 231/3511 232/3512 571/3513
f 571/3514 570/3515 231/3516
f 232/3517 238/3518 572/3519
f 572/3520 571/3521 232/3522
f 238/3523 237/3524 573/3525
f 573/3526 572/3527 238/3528
f 237/3529 236/3530 574/3531
f 574/3532 573/3533 237/3534
f 236/3535 1190/3536 1211/3537
f 1211/3538 574/3539 236/3540
f 239/3541 273/3542 235/3543
f 239/3544 235/3545 576/3546
f 575/3547 239/3548 576/3549
f 235/3550 275/3551 365/3552
f 235/3553 365/3554 557/3555
f 576/3556 235/3557 557/3558
f 269/3559 225/3560 578/3561
f 578/3562 577/3563 269/3564
f 225/3565 1189/3566 1212/3567
f 1212/3568 578/3569 225/3570
f 218/3571 219/3572 580/3573
f 580/3574 579/3575 218/3576
f 219/3577 220/3578 581/3579
f 581/3580 580/3581 219/3582
f 220/3583 224/3584 582/3585
f 582/3586 581/3587 220/3588
f 224/3589 223/3590 583/3591
f 583/3592 582/3593 224/3594
f 223/3595 222/3596 584/3597
f 584/3598 583/3599 223/3600
f 222/3601 226/3602 585/3603
f 585/3604 584/3605 222/3606
f 226/3607 221/3608 586/3609
f 226/3610 586/3611 1154/3612
f 585/3613 226/3614 1154/3615
f 186/3616 379/3617 503/3618
f 221/3619 186/3620 503/3621
f 586/3622 221/3623 503/3624
f 843/3625 838/3626 599/3627
f 599/3628 598/3629 843/3630
f 838/3631 837/3632 600/3633
f 600/3634 599/3635 838/3636
f 837/3637 836/3638 601/3639
f 601/3640 600/3641 837/3642
f 836/3643 839/3644 602/3645
f 602/3646 601/3647 836/3648
f 1151/3649 1174/3650 602/3651
f 602/3652 839/3653 1151/3654
f 835/3655 850/3656 881/3657
f 881/3658 603/3659 835/3660
f 867/3661 862/3662 609/3663
f 609/3664 608/3665 867/3666
f 1152/3667 1168/3668 609/3669
f 609/3670 862/3671 1152/3672
f 866/3673 863/3674 611/3675
f 611/3676 610/3677 866/3678
f 863/3679 864/3680 612/3681
f 612/3682 611/3683 863/3684
f 864/3685 865/3686 613/3687
f 613/3688 612/3689 864/3690
f 865/3691 860/3692 614/3693
f 614/3694 613/3695 865/3696
f 860/3697 859/3698 615/3699
f 615/3700 614/3701 860/3702
f 859/3703 858/3704 616/3705
f 616/3706 615/3707 859/3708
f 1210/3709 1226/3710 616/3711
f 616/3712 858/3713 1210/3714
f 861/3715 857/3716 618/3717
f 618/3718 617/3719 861/3720
f 857/3721 872/3722 886/3723
f 886/3724 618/3725 857/3726
f 855/3727 840/3728 624/3729
f 624/3730 623/3731 855/3732
f 840/3733 844/3734 625/3735
f 625/3736 624/3737 840/3738
f 1209/3739 1232/3740 625/3741
f 625/3742 844/3743 1209/3744
f 841/3745 842/3746 627/3747
f 627/3748 626/3749 841/3750
f 842/3751 843/3752 598/3753
f 598/3754 627/3755 842/3756
f 597/3757 1166/3758 1158/3759
f 1158/3760 637/3761 597/3762
f 596/3763 595/3764 635/3765
f 635/3766 636/3767 596/3768
f 595/3769 594/3770 634/3771
f 634/3772 635/3773 595/3774
f 594/3775 593/3776 633/3777
f 633/3778 634/3779 594/3780
f 593/3781 592/3782 632/3783
f 632/3784 633/3785 593/3786
f 592/3787 591/3788 631/3789
f 631/3790 632/3791 592/3792
f 591/3793 590/3794 630/3795
f 630/3796 631/3797 591/3798
f 590/3799 1224/3800 1216/3801
f 1216/3802 630/3803 590/3804
f 589/3805 719/3806 649/3807
f 649/3808 629/3809 589/3810
f 1103/3811 1281/3812 1278/3813
f 1278/3814 1104/3815 1103/3816
f 1340/3817 1333/3818 1336/3819
f 1336/3820 1338/3821 1340/3822
f 1110/3823 1283/3824 1111/3825
f 1111/3826 1109/3827 1110/3828
f 1283/3829 1284/3830 1113/3831
f 1113/3832 1111/3833 1283/3834
f 1284/3835 1285/3836 1115/3837
f 1115/3838 1113/3839 1284/3840
f 1285/3841 1286/3842 1117/3843
f 1117/3844 1115/3845 1285/3846
f 1286/3847 1287/3848 1119/3849
f 1119/3850 1117/3851 1286/3852
f 1287/3853 1288/3854 1121/3855
f 1121/3856 1119/3857 1287/3858
f 1288/3859 1295/3860 1180/3861
f 1180/3862 1121/3863 1288/3864
f 1133/3865 1292/3866 1123/3867
f 1123/3868 1134/3869 1133/3870
f 664/3871 621/3872 628/3873
f 628/3874 669/3875 664/3876
f 659/3877 606/3878 637/3879
f 637/3880 714/3881 659/3882
f 674/3883 629/3884 649/3885
f 649/3886 673/3887 674/3888
f 674/3889 1219/3890 1216/3891
f 1216/3892 629/3893 674/3894
f 684/3895 631/3896 630/3897
f 630/3898 679/3899 684/3900
f 689/3901 632/3902 631/3903
f 631/3904 684/3905 689/3906
f 694/3907 633/3908 632/3909
f 632/3910 689/3911 694/3912
f 699/3913 634/3914 633/3915
f 633/3916 694/3917 699/3918
f 704/3919 635/3920 634/3921
f 634/3922 699/3923 704/3924
f 709/3925 636/3926 635/3927
f 635/3928 704/3929 709/3930
f 709/3931 1161/3932 1158/3933
f 1158/3934 636/3935 709/3936
f 665/3937 664/3938 669/3939
f 669/3940 670/3941 665/3942
f 666/3943 665/3944 670/3945
f 670/3946 671/3947 666/3948
f 667/3949 666/3950 671/3951
f 671/3952 672/3953 667/3954
f 908/3955 667/3956 672/3957
f 672/3958 673/3959 908/3960
f 898/3961 908/3962 673/3963
f 673/3964 649/3965 898/3966
f 660/3967 659/3968 714/3969
f 714/3970 715/3971 660/3972
f 661/3973 660/3974 715/3975
f 715/3976 716/3977 661/3978
f 662/3979 661/3980 716/3981
f 716/3982 717/3983 662/3984
f 903/3985 662/3986 717/3987
f 717/3988 718/3989 903/3990
f 897/3991 903/3992 718/3993
f 718/3994 658/3995 897/3996
f 675/3997 674/3998 673/3999
f 673/4000 672/4001 675/4002
f 676/4003 675/4004 672/4005
f 672/4006 671/4007 676/4008
f 677/4009 676/4010 671/4011
f 671/4012 670/4013 677/4014
f 678/4015 677/4016 670/4017
f 670/4018 669/4019 678/4020
f 650/4021 678/4022 669/4023
f 669/4024 628/4025 650/4026
f 675/4027 1220/4028 1219/4029
f 1219/4030 674/4031 675/4032
f 676/4033 1221/4034 1220/4035
f 1220/4036 675/4037 676/4038
f 677/4039 1222/4040 1221/4041
f 1221/4042 676/4043 677/4044
f 678/4045 1223/4046 1222/4047
f 1222/4048 677/4049 678/4050
f 650/4051 1218/4052 1223/4053
f 1223/4054 678/4055 650/4056
f 685/4057 684/4058 679/4059
f 679/4060 680/4061 685/4062
f 686/4063 685/4064 680/4065
f 680/4066 681/4067 686/4068
f 687/4069 686/4070 681/4071
f 681/4072 682/4073 687/4074
f 688/4075 687/4076 682/4077
f 682/4078 683/4079 688/4080
f 652/4081 688/4082 683/4083
f 683/4084 651/4085 652/4086
f 690/4087 689/4088 684/4089
f 684/4090 685/4091 690/4092
f 691/4093 690/4094 685/4095
f 685/4096 686/4097 691/4098
f 692/4099 691/4100 686/4101
f 686/4102 687/4103 692/4104
f 693/4105 692/4106 687/4107
f 687/4108 688/4109 693/4110
f 653/4111 693/4112 688/4113
f 688/4114 652/4115 653/4116
f 695/4117 694/4118 689/4119
f 689/4120 690/4121 695/4122
f 696/4123 695/4124 690/4125
f 690/4126 691/4127 696/4128
f 697/4129 696/4130 691/4131
f 691/4132 692/4133 697/4134
f 698/4135 697/4136 692/4137
f 692/4138 693/4139 698/4140
f 654/4141 698/4142 693/4143
f 693/4144 653/4145 654/4146
f 700/4147 699/4148 694/4149
f 694/4150 695/4151 700/4152
f 701/4153 700/4154 695/4155
f 695/4156 696/4157 701/4158
f 702/4159 701/4160 696/4161
f 696/4162 697/4163 702/4164
f 703/4165 702/4166 697/4167
f 697/4168 698/4169 703/4170
f 655/4171 703/4172 698/4173
f 698/4174 654/4175 655/4176
f 705/4177 704/4178 699/4179
f 699/4180 700/4181 705/4182
f 706/4183 705/4184 700/4185
f 700/4186 701/4187 706/4188
f 707/4189 706/4190 701/4191
f 701/4192 702/4193 707/4194
f 708/4195 707/4196 702/4197
f 702/4198 703/4199 708/4200
f 656/4201 708/4202 703/4203
f 703/4204 655/4205 656/4206
f 710/4207 709/4208 704/4209
f 704/4210 705/4211 710/4212
f 711/4213 710/4214 705/4215
f 705/4216 706/4217 711/4218
f 712/4219 711/4220 706/4221
f 706/4222 707/4223 712/4224
f 713/4225 712/4226 707/4227
f 707/4228 708/4229 713/4230
f 657/4231 713/4232 708/4233
f 708/4234 656/4235 657/4236
f 710/4237 1162/4238 1161/4239
f 1161/4240 709/4241 710/4242
f 711/4243 1163/4244 1162/4245
f 1162/4246 710/4247 711/4248
f 712/4249 1164/4250 1163/4251
f 1163/4252 711/4253 712/4254
f 713/4255 1165/4256 1164/4257
f 1164/4258 712/4259 713/4260
f 657/4261 1160/4262 1165/4263
f 1165/4264 713/4265 657/4266
f 741/4267 607/4268 728/4269
f 728/4270 740/4271 741/4272
f 742/4273 620/4274 719/4275
f 719/4276 731/4277 742/4278
f 732/4279 720/4280 588/4281
f 588/4282 731/4283 732/4284
f 732/4285 1225/4286 1213/4287
f 1213/4288 720/4289 732/4290
f 734/4291 722/4292 721/4293
f 721/4294 733/4295 734/4296
f 735/4297 723/4298 722/4299
f 722/4300 734/4301 735/4302
f 736/4303 724/4304 723/4305
f 723/4306 735/4307 736/4308
f 737/4309 725/4310 724/4311
f 724/4312 736/4313 737/4314
f 738/4315 726/4316 725/4317
f 725/4318 737/4319 738/4320
f 739/4321 727/4322 726/4323
f 726/4324 738/4325 739/4326
f 739/4327 1167/4328 1155/4329
f 1155/4330 727/4331 739/4332
f 729/4333 741/4334 740/4335
f 740/4336 597/4337 729/4338
f 730/4339 742/4340 731/4341
f 731/4342 588/4343 730/4344
f 589/4345 732/4346 731/4347
f 731/4348 719/4349 589/4350
f 589/4351 1224/4352 1225/4353
f 1225/4354 732/4355 589/4356
f 591/4357 734/4358 733/4359
f 733/4360 590/4361 591/4362
f 592/4363 735/4364 734/4365
f 734/4366 591/4367 592/4368
f 593/4369 736/4370 735/4371
f 735/4372 592/4373 593/4374
f 594/4375 737/4376 736/4377
f 736/4378 593/4379 594/4380
f 595/4381 738/4382 737/4383
f 737/4384 594/4385 595/4386
f 596/4387 739/4388 738/4389
f 738/4390 595/4391 596/4392
f 596/4393 1166/4394 1167/4395
f 1167/4396 739/4397 596/4398
f 792/4399 793/4400 794/4401
f 792/4402 794/4403 795/4404
f 792/4405 795/4406 796/4407
f 792/4408 796/4409 797/4410
f 797/4411 798/4412 799/4413
f 799/4414 800/4415 801/4416
f 797/4417 799/4418 801/4419
f 797/4420 801/4421 802/4422
f 797/4423 802/4424 803/4425
f 797/4426 803/4427 804/4428
f 797/4429 804/4430 805/4431
f 797/4432 805/4433 806/4434
f 808/4435 921/4436 809/4437
f 808/4438 809/4439 810/4440
f 1128/4441 808/4442 810/4443
f 1127/4444 1128/4445 810/4446
f 807/4447 1127/4448 810/4449
f 806/4450 807/4451 810/4452
f 797/4453 806/4454 810/4455
f 797/4456 810/4457 811/4458
f 797/4459 811/4460 812/4461
f 797/4462 812/4463 791/4464
f 792/4465 797/4466 791/4467
f 816/4468 922/4469 817/4470
f 815/4471 816/4472 817/4473
f 814/4474 815/4475 817/4476
f 814/4477 817/4478 818/4479
f 814/4480 818/4481 1129/4482
f 814/4483 1129/4484 1130/4485
f 814/4486 1130/4487 819/4488
f 814/4489 819/4490 820/4491
f 825/4492 826/4493 827/4494
f 828/4495 829/4496 830/4497
f 828/4498 830/4499 831/4500
f 828/4501 831/4502 832/4503
f 828/4504 832/4505 833/4506
f 827/4507 828/4508 833/4509
f 825/4510 827/4511 833/4512
f 824/4513 825/4514 833/4515
f 823/4516 824/4517 833/4518
f 822/4519 823/4520 833/4521
f 821/4522 822/4523 833/4524
f 820/4525 821/4526 833/4527
f 814/4528 820/4529 833/4530
f 833/4531 834/4532 813/4533
f 814/4534 833/4535 813/4536
f 760/4537 744/4538 913/4539
f 913/4540 917/4541 760/4542
f 760/4543 1169/4544 1157/4545
f 1157/4546 744/4547 760/4548
f 766/4549 746/4550 745/4551
f 745/4552 763/4553 766/4554
f 769/4555 747/4556 746/4557
f 746/4558 766/4559 769/4560
f 772/4561 748/4562 747/4563
f 747/4564 769/4565 772/4566
f 775/4567 749/4568 748/4569
f 748/4570 772/4571 775/4572
f 778/4573 750/4574 749/4575
f 749/4576 775/4577 778/4578
f 781/4579 751/4580 750/4581
f 750/4582 778/4583 781/4584
f 781/4585 1227/4586 1214/4587
f 1214/4588 751/4589 781/4590
f 787/4591 753/4592 752/4593
f 752/4594 784/4595 787/4596
f 788/4597 754/4598 753/4599
f 753/4600 787/4601 788/4602
f 759/4603 760/4604 917/4605
f 917/4606 756/4607 759/4608
f 758/4609 759/4610 756/4611
f 756/4612 755/4613 758/4614
f 609/4615 758/4616 755/4617
f 755/4618 608/4619 609/4620
f 759/4621 1170/4622 1169/4623
f 1169/4624 760/4625 759/4626
f 758/4627 1171/4628 1170/4629
f 1170/4630 759/4631 758/4632
f 609/4633 1168/4634 1171/4635
f 1171/4636 758/4637 609/4638
f 765/4639 766/4640 763/4641
f 763/4642 762/4643 765/4644
f 764/4645 765/4646 762/4647
f 762/4648 761/4649 764/4650
f 611/4651 764/4652 761/4653
f 761/4654 610/4655 611/4656
f 768/4657 769/4658 766/4659
f 766/4660 765/4661 768/4662
f 767/4663 768/4664 765/4665
f 765/4666 764/4667 767/4668
f 612/4669 767/4670 764/4671
f 764/4672 611/4673 612/4674
f 771/4675 772/4676 769/4677
f 769/4678 768/4679 771/4680
f 770/4681 771/4682 768/4683
f 768/4684 767/4685 770/4686
f 613/4687 770/4688 767/4689
f 767/4690 612/4691 613/4692
f 774/4693 775/4694 772/4695
f 772/4696 771/4697 774/4698
f 773/4699 774/4700 771/4701
f 771/4702 770/4703 773/4704
f 614/4705 773/4706 770/4707
f 770/4708 613/4709 614/4710
f 777/4711 778/4712 775/4713
f 775/4714 774/4715 777/4716
f 776/4717 777/4718 774/4719
f 774/4720 773/4721 776/4722
f 615/4723 776/4724 773/4725
f 773/4726 614/4727 615/4728
f 780/4729 781/4730 778/4731
f 778/4732 777/4733 780/4734
f 779/4735 780/4736 777/4737
f 777/4738 776/4739 779/4740
f 616/4741 779/4742 776/4743
f 776/4744 615/4745 616/4746
f 780/4747 1228/4748 1227/4749
f 1227/4750 781/4751 780/4752
f 779/4753 1229/4754 1228/4755
f 1228/4756 780/4757 779/4758
f 616/4759 1226/4760 1229/4761
f 1229/4762 779/4763 616/4764
f 786/4765 787/4766 784/4767
f 784/4768 783/4769 786/4770
f 785/4771 786/4772 783/4773
f 783/4774 782/4775 785/4776
f 618/4777 785/4778 782/4779
f 782/4780 617/4781 618/4782
f 789/4783 788/4784 787/4785
f 787/4786 786/4787 789/4788
f 920/4789 789/4790 786/4791
f 786/4792 785/4793 920/4794
f 886/4795 920/4796 785/4797
f 785/4798 618/4799 886/4800
f 847/4801 868/4802 792/4803
f 792/4804 791/4805 847/4806
f 868/4807 885/4808 793/4809
f 793/4810 792/4811 868/4812
f 885/4813 915/4814 794/4815
f 794/4816 793/4817 885/4818
f 915/4819 916/4820 795/4821
f 795/4822 794/4823 915/4824
f 916/4825 757/4826 796/4827
f 796/4828 795/4829 916/4830
f 757/4831 743/4832 797/4833
f 797/4834 796/4835 757/4836
f 743/4837 884/4838 798/4839
f 798/4840 797/4841 743/4842
f 884/4843 911/4844 799/4845
f 799/4846 798/4847 884/4848
f 911/4849 909/4850 800/4851
f 800/4852 799/4853 911/4854
f 909/4855 883/4856 801/4857
f 801/4858 800/4859 909/4860
f 883/4861 899/4862 802/4863
f 802/4864 801/4865 883/4866
f 899/4867 900/4868 803/4869
f 803/4870 802/4871 899/4872
f 900/4873 901/4874 804/4875
f 804/4876 803/4877 900/4878
f 901/4879 902/4880 805/4881
f 805/4882 804/4883 901/4884
f 902/4885 663/4886 806/4887
f 806/4888 805/4889 902/4890
f 663/4891 647/4892 807/4893
f 807/4894 806/4895 663/4896
f 1126/4897 1128/4898 1127/4899
f 1127/4900 1125/4901 1126/4902
f 605/4903 879/4904 921/4905
f 921/4906 808/4907 605/4908
f 604/4909 849/4910 810/4911
f 810/4912 809/4913 604/4914
f 849/4915 846/4916 811/4917
f 811/4918 810/4919 849/4920
f 846/4921 845/4922 812/4923
f 812/4924 811/4925 846/4926
f 845/4927 847/4928 791/4929
f 791/4930 812/4931 845/4932
f 853/4933 851/4934 814/4935
f 814/4936 813/4937 853/4938
f 851/4939 852/4940 815/4941
f 815/4942 814/4943 851/4944
f 852/4945 856/4946 816/4947
f 816/4948 815/4949 852/4950
f 856/4951 892/4952 922/4953
f 922/4954 816/4955 856/4956
f 891/4957 889/4958 818/4959
f 818/4960 817/4961 891/4962
f 1106/4963 1130/4964 1129/4965
f 1129/4966 1105/4967 1106/4968
f 888/4969 904/4970 820/4971
f 820/4972 819/4973 888/4974
f 904/4975 905/4976 821/4977
f 821/4978 820/4979 904/4980
f 905/4981 906/4982 822/4983
f 822/4984 821/4985 905/4986
f 906/4987 907/4988 823/4989
f 823/4990 822/4991 906/4992
f 907/4993 668/4994 824/4995
f 824/4996 823/4997 907/4998
f 668/4999 648/5000 825/5001
f 825/5002 824/5003 668/5004
f 648/5005 887/5006 826/5007
f 826/5008 825/5009 648/5010
f 887/5011 912/5012 827/5013
f 827/5014 826/5015 887/5016
f 912/5017 910/5018 828/5019
f 828/5020 827/5021 912/5022
f 910/5023 914/5024 829/5025
f 829/5026 828/5027 910/5028
f 914/5029 918/5030 830/5031
f 830/5032 829/5033 914/5034
f 918/5035 919/5036 831/5037
f 831/5038 830/5039 918/5040
f 919/5041 790/5042 832/5043
f 832/5044 831/5045 919/5046
f 790/5047 619/5048 833/5049
f 833/5050 832/5051 790/5052
f 619/5053 871/5054 834/5055
f 834/5056 833/5057 619/5058
f 871/5059 853/5060 813/5061
f 813/5062 834/5063 871/5064
f 523/5065 848/5066 849/5067
f 849/5068 850/5069 523/5070
f 538/5071 854/5072 855/5073
f 855/5074 856/5075 538/5076
f 565/5077 867/5078 868/5079
f 868/5080 869/5081 565/5082
f 566/5083 870/5084 871/5085
f 871/5086 872/5087 566/5088
f 604/5089 879/5090 880/5091
f 880/5092 881/5093 604/5094
f 623/5095 890/5096 891/5097
f 891/5098 892/5099 623/5100
f 843/5101 497/5102 490/5103
f 490/5104 838/5105 843/5106
f 855/5107 854/5108 494/5109
f 494/5110 840/5111 855/5112
f 498/5113 1230/5114 1209/5115
f 1209/5116 844/5117 498/5118
f 841/5119 495/5120 496/5121
f 496/5122 842/5123 841/5124
f 842/5125 496/5126 497/5127
f 497/5128 843/5129 842/5130
f 491/5131 1172/5132 1151/5133
f 1151/5134 839/5135 491/5136
f 835/5137 487/5138 523/5139
f 523/5140 850/5141 835/5142
f 836/5143 488/5144 491/5145
f 491/5146 839/5147 836/5148
f 837/5149 489/5150 488/5151
f 488/5152 836/5153 837/5154
f 838/5155 490/5156 489/5157
f 489/5158 837/5159 838/5160
f 840/5161 494/5162 498/5163
f 498/5164 844/5165 840/5166
f 847/5167 516/5168 869/5169
f 869/5170 868/5171 847/5172
f 846/5173 515/5174 514/5175
f 514/5176 845/5177 846/5178
f 849/5179 848/5180 515/5181
f 515/5182 846/5183 849/5184
f 845/5185 514/5186 516/5187
f 516/5188 847/5189 845/5190
f 853/5191 530/5192 528/5193
f 528/5194 851/5195 853/5196
f 851/5197 528/5198 529/5199
f 529/5200 852/5201 851/5202
f 852/5203 529/5204 538/5205
f 538/5206 856/5207 852/5208
f 871/5209 870/5210 530/5211
f 530/5212 853/5213 871/5214
f 867/5215 565/5216 548/5217
f 548/5218 862/5219 867/5220
f 866/5221 552/5222 549/5223
f 549/5224 863/5225 866/5226
f 863/5227 549/5228 550/5229
f 550/5230 864/5231 863/5232
f 864/5233 550/5234 551/5235
f 551/5236 865/5237 864/5238
f 861/5239 545/5240 541/5241
f 541/5242 857/5243 861/5244
f 865/5245 551/5246 544/5247
f 544/5248 860/5249 865/5250
f 857/5251 541/5252 566/5253
f 566/5254 872/5255 857/5256
f 542/5257 1231/5258 1210/5259
f 1210/5260 858/5261 542/5262
f 859/5263 543/5264 542/5265
f 542/5266 858/5267 859/5268
f 860/5269 544/5270 543/5271
f 543/5272 859/5273 860/5274
f 548/5275 1173/5276 1152/5277
f 1152/5278 862/5279 548/5280
f 873/5281 598/5282 599/5283
f 599/5284 874/5285 873/5286
f 874/5287 599/5288 600/5289
f 600/5290 875/5291 874/5292
f 875/5293 600/5294 601/5295
f 601/5296 876/5297 875/5298
f 876/5299 601/5300 602/5301
f 602/5302 877/5303 876/5304
f 602/5305 1174/5306 1156/5307
f 1156/5308 877/5309 602/5310
f 878/5311 603/5312 881/5313
f 881/5314 880/5315 878/5316
f 605/5317 882/5318 880/5319
f 880/5320 879/5321 605/5322
f 909/5323 729/5324 606/5325
f 606/5326 883/5327 909/5328
f 743/5329 913/5330 607/5331
f 607/5332 884/5333 743/5334
f 910/5335 730/5336 754/5337
f 754/5338 914/5339 910/5340
f 648/5341 898/5342 620/5343
f 620/5344 887/5345 648/5346
f 1132/5347 1106/5348 1105/5349
f 1105/5350 1131/5351 1132/5352
f 891/5353 890/5354 622/5355
f 622/5356 889/5357 891/5358
f 890/5359 623/5360 624/5361
f 624/5362 893/5363 890/5364
f 893/5365 624/5366 625/5367
f 625/5368 894/5369 893/5370
f 625/5371 1232/5372 1215/5373
f 1215/5374 894/5375 625/5376
f 895/5377 626/5378 627/5379
f 627/5380 896/5381 895/5382
f 896/5383 627/5384 598/5385
f 598/5386 873/5387 896/5388
f 604/5389 881/5390 850/5391
f 850/5392 849/5393 604/5394
f 868/5395 867/5396 608/5397
f 608/5398 885/5399 868/5400
f 619/5401 886/5402 872/5403
f 872/5404 871/5405 619/5406
f 856/5407 855/5408 623/5409
f 623/5410 892/5411 856/5412
f 1134/5413 1126/5414 1125/5415
f 1125/5416 1133/5417 1134/5418
f 663/5419 903/5420 897/5421
f 897/5422 647/5423 663/5424
f 668/5425 908/5426 898/5427
f 898/5428 648/5429 668/5430
f 883/5431 606/5432 659/5433
f 659/5434 899/5435 883/5436
f 899/5437 659/5438 660/5439
f 660/5440 900/5441 899/5442
f 900/5443 660/5444 661/5445
f 661/5446 901/5447 900/5448
f 901/5449 661/5450 662/5451
f 662/5452 902/5453 901/5454
f 902/5455 662/5456 903/5457
f 903/5458 663/5459 902/5460
f 888/5461 621/5462 664/5463
f 664/5464 904/5465 888/5466
f 904/5467 664/5468 665/5469
f 665/5470 905/5471 904/5472
f 905/5473 665/5474 666/5475
f 666/5476 906/5477 905/5478
f 906/5479 666/5480 667/5481
f 667/5482 907/5483 906/5484
f 907/5485 667/5486 908/5487
f 908/5488 668/5489 907/5490
f 911/5491 741/5492 729/5493
f 729/5494 909/5495 911/5496
f 912/5497 742/5498 730/5499
f 730/5500 910/5501 912/5502
f 884/5503 607/5504 741/5505
f 741/5506 911/5507 884/5508
f 887/5509 620/5510 742/5511
f 742/5512 912/5513 887/5514
f 757/5515 917/5516 913/5517
f 913/5518 743/5519 757/5520
f 790/5521 920/5522 886/5523
f 886/5524 619/5525 790/5526
f 885/5527 608/5528 755/5529
f 755/5530 915/5531 885/5532
f 915/5533 755/5534 756/5535
f 756/5536 916/5537 915/5538
f 916/5539 756/5540 917/5541
f 917/5542 757/5543 916/5544
f 914/5545 754/5546 788/5547
f 788/5548 918/5549 914/5550
f 918/5551 788/5552 789/5553
f 789/5554 919/5555 918/5556
f 919/5557 789/5558 920/5559
f 920/5560 790/5561 919/5562
f 879/5563 604/5564 809/5565
f 809/5566 921/5567 879/5568
f 892/5569 891/5570 817/5571
f 817/5572 922/5573 892/5574
f 511/5575 135/5576 924/5577
f 924/5578 923/5579 511/5580
f 1138/5581 1175/5582 924/5583
f 924/5584 135/5585 1138/5586
f 196/5587 136/5588 926/5589
f 926/5590 925/5591 196/5592
f 136/5593 137/5594 927/5595
f 927/5596 926/5597 136/5598
f 137/5599 138/5600 928/5601
f 928/5602 927/5603 137/5604
f 138/5605 139/5606 929/5607
f 929/5608 928/5609 138/5610
f 139/5611 140/5612 930/5613
f 930/5614 929/5615 139/5616
f 140/5617 141/5618 931/5619
f 931/5620 930/5621 140/5622
f 1186/5623 1233/5624 931/5625
f 931/5626 141/5627 1186/5628
f 190/5629 142/5630 933/5631
f 933/5632 932/5633 190/5634
f 142/5635 527/5636 934/5637
f 934/5638 933/5639 142/5640
f 527/5641 1000/5642 1027/5643
f 1027/5644 934/5645 527/5646
f 132/5647 540/5648 936/5649
f 936/5650 935/5651 132/5652
f 540/5653 228/5654 937/5655
f 937/5656 936/5657 540/5658
f 228/5659 169/5660 938/5661
f 938/5662 937/5663 228/5664
f 169/5665 185/5666 939/5667
f 939/5668 938/5669 169/5670
f 185/5671 493/5672 940/5673
f 940/5674 939/5675 185/5676
f 493/5677 1002/5678 1028/5679
f 1028/5680 940/5681 493/5682
f 134/5683 526/5684 942/5685
f 942/5686 941/5687 134/5688
f 526/5689 158/5690 943/5691
f 943/5692 942/5693 526/5694
f 158/5695 193/5696 944/5697
f 944/5698 943/5699 158/5700
f 1183/5701 1234/5702 944/5703
f 944/5704 193/5705 1183/5706
f 159/5707 160/5708 946/5709
f 946/5710 945/5711 159/5712
f 160/5713 161/5714 947/5715
f 947/5716 946/5717 160/5718
f 161/5719 162/5720 948/5721
f 948/5722 947/5723 161/5724
f 162/5725 163/5726 949/5727
f 949/5728 948/5729 162/5730
f 163/5731 164/5732 950/5733
f 950/5734 949/5735 163/5736
f 164/5737 199/5738 951/5739
f 951/5740 950/5741 164/5742
f 1137/5743 1176/5744 951/5745
f 951/5746 199/5747 1137/5748
f 165/5749 513/5750 953/5751
f 953/5752 952/5753 165/5754
f 513/5755 998/5756 1029/5757
f 1029/5758 953/5759 513/5760
f 130/5761 492/5762 955/5763
f 955/5764 954/5765 130/5766
f 492/5767 184/5768 956/5769
f 956/5770 955/5771 492/5772
f 184/5773 167/5774 957/5775
f 957/5776 956/5777 184/5778
f 167/5779 227/5780 958/5781
f 958/5782 957/5783 167/5784
f 227/5785 539/5786 959/5787
f 959/5788 958/5789 227/5790
f 539/5791 997/5792 1030/5793
f 1030/5794 959/5795 539/5796
f 129/5797 511/5798 923/5799
f 923/5800 960/5801 129/5802
f 848/5803 523/5804 962/5805
f 962/5806 961/5807 848/5808
f 523/5809 487/5810 963/5811
f 963/5812 962/5813 523/5814
f 1172/5815 1177/5816 963/5817
f 963/5818 487/5819 1172/5820
f 491/5821 488/5822 965/5823
f 965/5824 964/5825 491/5826
f 488/5827 489/5828 966/5829
f 966/5830 965/5831 488/5832
f 489/5833 490/5834 967/5835
f 967/5836 966/5837 489/5838
f 490/5839 497/5840 968/5841
f 968/5842 967/5843 490/5844
f 497/5845 496/5846 969/5847
f 969/5848 968/5849 497/5850
f 496/5851 495/5852 970/5853
f 970/5854 969/5855 496/5856
f 1230/5857 1235/5858 970/5859
f 970/5860 495/5861 1230/5862
f 498/5863 494/5864 972/5865
f 972/5866 971/5867 498/5868
f 494/5869 854/5870 973/5871
f 973/5872 972/5873 494/5874
f 854/5875 538/5876 974/5877
f 974/5878 973/5879 854/5880
f 538/5881 529/5882 975/5883
f 975/5884 974/5885 538/5886
f 529/5887 528/5888 976/5889
f 976/5890 975/5891 529/5892
f 528/5893 530/5894 977/5895
f 977/5896 976/5897 528/5898
f 530/5899 870/5900 978/5901
f 978/5902 977/5903 530/5904
f 870/5905 566/5906 979/5907
f 979/5908 978/5909 870/5910
f 566/5911 541/5912 980/5913
f 980/5914 979/5915 566/5916
f 541/5917 545/5918 981/5919
f 981/5920 980/5921 541/5922
f 1231/5923 1236/5924 981/5925
f 981/5926 545/5927 1231/5928
f 542/5929 543/5930 983/5931
f 983/5932 982/5933 542/5934
f 543/5935 544/5936 984/5937
f 984/5938 983/5939 543/5940
f 544/5941 551/5942 985/5943
f 985/5944 984/5945 544/5946
f 551/5947 550/5948 986/5949
f 986/5950 985/5951 551/5952
f 550/5953 549/5954 987/5955
f 987/5956 986/5957 550/5958
f 549/5959 552/5960 988/5961
f 988/5962 987/5963 549/5964
f 1173/5965 1178/5966 988/5967
f 988/5968 552/5969 1173/5970
f 548/5971 565/5972 990/5973
f 990/5974 989/5975 548/5976
f 565/5977 869/5978 991/5979
f 991/5980 990/5981 565/5982
f 869/5983 516/5984 992/5985
f 992/5986 991/5987 869/5988
f 516/5989 514/5990 993/5991
f 993/5992 992/5993 516/5994
f 514/5995 515/5996 994/5997
f 994/5998 993/5999 514/6000
f 515/6001 848/6002 961/6003
f 961/6004 994/6005 515/6006
f 1788/6007 1662/6008 1661/6009
f 1661/6010 1787/6011 1788/6012
f 1794/6013 1665/6014 1664/6015
f 1664/6016 1793/6017 1794/6018
f 1800/6019 1668/6020 1667/6021
f 1667/6022 1799/6023 1800/6024
f 1806/6025 1671/6026 1670/6027
f 1670/6028 1805/6029 1806/6030
f 1638/6031 1558/6032 1557/6033
f 1557/6034 1637/6035 1638/6036
f 1642/6037 1579/6038 1578/6039
f 1578/6040 1641/6041 1642/6042
f 1646/6043 1587/6044 1586/6045
f 1586/6046 1645/6047 1646/6048
f 1650/6049 1608/6050 1607/6051
f 1607/6052 1649/6053 1650/6054
f 1056/6055 1007/6056 1019/6057
f 1019/6058 1080/6059 1056/6060
f 1058/6061 1008/6062 1020/6063
f 1020/6064 1082/6065 1058/6066
f 1060/6067 1009/6068 1021/6069
f 1021/6070 1084/6071 1060/6072
f 1062/6073 1010/6074 1022/6075
f 1022/6076 1086/6077 1062/6078
f 1023/6079 1088/6080 1861/6081
f 1861/6082 1823/6083 1023/6084
f 1024/6085 1090/6086 1863/6087
f 1863/6088 1833/6089 1024/6090
f 1025/6091 1092/6092 1865/6093
f 1865/6094 1837/6095 1025/6096
f 1026/6097 1094/6098 1867/6099
f 1867/6100 1847/6101 1026/6102
f 1031/6103 127/6104 400/6105
f 400/6106 1071/6107 1031/6108
f 1033/6109 128/6110 401/6111
f 401/6112 1073/6113 1033/6114
f 1039/6115 131/6116 402/6117
f 402/6118 1075/6119 1039/6120
f 1043/6121 133/6122 403/6123
f 403/6124 1077/6125 1043/6126
f 1047/6127 276/6128 429/6129
f 429/6130 1079/6131 1047/6132
f 1049/6133 286/6134 439/6135
f 439/6136 1081/6137 1049/6138
f 1051/6139 290/6140 443/6141
f 443/6142 1083/6143 1051/6144
f 1053/6145 300/6146 453/6147
f 453/6148 1085/6149 1053/6150
f 1055/6151 304/6152 457/6153
f 457/6154 1087/6155 1055/6156
f 1057/6157 314/6158 467/6159
f 467/6160 1089/6161 1057/6162
f 1059/6163 318/6164 471/6165
f 471/6166 1091/6167 1059/6168
f 1061/6169 328/6170 481/6171
f 481/6172 1093/6173 1061/6174
f 1095/6175 1027/6176 1000/6177
f 1000/6178 1042/6179 1095/6180
f 1097/6181 1028/6182 1002/6183
f 1002/6184 1046/6185 1097/6186
f 1099/6187 1029/6188 998/6189
f 998/6190 1038/6191 1099/6192
f 1101/6193 1030/6194 997/6195
f 997/6196 1036/6197 1101/6198
f 1791/6199 1788/6200 1787/6201
f 1787/6202 1790/6203 1791/6204
f 1776/6205 1791/6206 1790/6207
f 1790/6208 1775/6209 1776/6210
f 1797/6211 1794/6212 1793/6213
f 1793/6214 1796/6215 1797/6216
f 1779/6217 1797/6218 1796/6219
f 1796/6220 1778/6221 1779/6222
f 1803/6223 1800/6224 1799/6225
f 1799/6226 1802/6227 1803/6228
f 1782/6229 1803/6230 1802/6231
f 1802/6232 1781/6233 1782/6234
f 1809/6235 1806/6236 1805/6237
f 1805/6238 1808/6239 1809/6240
f 1785/6241 1809/6242 1808/6243
f 1808/6244 1784/6245 1785/6246
f 1640/6247 1638/6248 1637/6249
f 1637/6250 1639/6251 1640/6252
f 1629/6253 1630/6254 1640/6255
f 1640/6256 1639/6257 1629/6258
f 1644/6259 1642/6260 1641/6261
f 1641/6262 1643/6263 1644/6264
f 1631/6265 1632/6266 1644/6267
f 1644/6268 1643/6269 1631/6270
f 1648/6271 1646/6272 1645/6273
f 1645/6274 1647/6275 1648/6276
f 1633/6277 1634/6278 1648/6279
f 1648/6280 1647/6281 1633/6282
f 1652/6283 1650/6284 1649/6285
f 1649/6286 1651/6287 1652/6288
f 1635/6289 1636/6290 1652/6291
f 1652/6292 1651/6293 1635/6294
f 1055/6295 1056/6296 1080/6297
f 1080/6298 1079/6299 1055/6300
f 304/6301 1055/6302 1079/6303
f 1079/6304 429/6305 304/6306
f 1057/6307 1058/6308 1082/6309
f 1082/6310 1081/6311 1057/6312
f 314/6313 1057/6314 1081/6315
f 1081/6316 439/6317 314/6318
f 1059/6319 1060/6320 1084/6321
f 1084/6322 1083/6323 1059/6324
f 318/6325 1059/6326 1083/6327
f 1083/6328 443/6329 318/6330
f 1061/6331 1062/6332 1086/6333
f 1086/6334 1085/6335 1061/6336
f 328/6337 1061/6338 1085/6339
f 1085/6340 453/6341 328/6342
f 1088/6343 1087/6344 1862/6345
f 1862/6346 1861/6347 1088/6348
f 457/6349 1857/6350 1862/6351
f 1862/6352 1087/6353 457/6354
f 1089/6355 1864/6356 1863/6357
f 1863/6358 1090/6359 1089/6360
f 467/6361 1858/6362 1864/6363
f 1864/6364 1089/6365 467/6366
f 1091/6367 1866/6368 1865/6369
f 1865/6370 1092/6371 1091/6372
f 471/6373 1859/6374 1866/6375
f 1866/6376 1091/6377 471/6378
f 1093/6379 1868/6380 1867/6381
f 1867/6382 1094/6383 1093/6384
f 481/6385 1860/6386 1868/6387
f 1868/6388 1093/6389 481/6390
f 1032/6391 1031/6392 1071/6393
f 1071/6394 1072/6395 1032/6396
f 995/6397 1032/6398 1072/6399
f 1072/6400 1015/6401 995/6402
f 1034/6403 1033/6404 1073/6405
f 1073/6406 1074/6407 1034/6408
f 996/6409 1034/6410 1074/6411
f 1074/6412 1016/6413 996/6414
f 1040/6415 1039/6416 1075/6417
f 1075/6418 1076/6419 1040/6420
f 999/6421 1040/6422 1076/6423
f 1076/6424 1017/6425 999/6426
f 1044/6427 1043/6428 1077/6429
f 1077/6430 1078/6431 1044/6432
f 1001/6433 1044/6434 1078/6435
f 1078/6436 1018/6437 1001/6438
f 1048/6439 1047/6440 1079/6441
f 1079/6442 1080/6443 1048/6444
f 1003/6445 1048/6446 1080/6447
f 1080/6448 1019/6449 1003/6450
f 1050/6451 1049/6452 1081/6453
f 1081/6454 1082/6455 1050/6456
f 1004/6457 1050/6458 1082/6459
f 1082/6460 1020/6461 1004/6462
f 1052/6463 1051/6464 1083/6465
f 1083/6466 1084/6467 1052/6468
f 1005/6469 1052/6470 1084/6471
f 1084/6472 1021/6473 1005/6474
f 1054/6475 1053/6476 1085/6477
f 1085/6478 1086/6479 1054/6480
f 1006/6481 1054/6482 1086/6483
f 1086/6484 1022/6485 1006/6486
f 1056/6487 1055/6488 1087/6489
f 1087/6490 1088/6491 1056/6492
f 1007/6493 1056/6494 1088/6495
f 1088/6496 1023/6497 1007/6498
f 1058/6499 1057/6500 1089/6501
f 1089/6502 1090/6503 1058/6504
f 1008/6505 1058/6506 1090/6507
f 1090/6508 1024/6509 1008/6510
f 1060/6511 1059/6512 1091/6513
f 1091/6514 1092/6515 1060/6516
f 1009/6517 1060/6518 1092/6519
f 1092/6520 1025/6521 1009/6522
f 1062/6523 1061/6524 1093/6525
f 1093/6526 1094/6527 1062/6528
f 1010/6529 1062/6530 1094/6531
f 1094/6532 1026/6533 1010/6534
f 1096/6535 1095/6536 1042/6537
f 1042/6538 1041/6539 1096/6540
f 935/6541 1096/6542 1041/6543
f 1041/6544 132/6545 935/6546
f 1098/6547 1097/6548 1046/6549
f 1046/6550 1045/6551 1098/6552
f 941/6553 1098/6554 1045/6555
f 1045/6556 134/6557 941/6558
f 1100/6559 1099/6560 1038/6561
f 1038/6562 1037/6563 1100/6564
f 954/6565 1100/6566 1037/6567
f 1037/6568 130/6569 954/6570
f 1102/6571 1101/6572 1036/6573
f 1036/6574 1035/6575 1102/6576
f 960/6577 1102/6578 1035/6579
f 1035/6580 129/6581 960/6582
f 628/6583 621/6584 1132/6585
f 1132/6586 1104/6587 628/6588
f 622/6589 587/6590 1103/6591
f 1103/6592 1131/6593 622/6594
f 587/6595 638/6596 1281/6597
f 1281/6598 1103/6599 587/6600
f 650/6601 628/6602 1104/6603
f 1107/6604 650/6605 1104/6606
f 1372/6607 1107/6608 1104/6609
f 1371/6610 1372/6611 1104/6612
f 1278/6613 1371/6614 1104/6615
f 1307/6616 1334/6617 1505/6618
f 1307/6619 1505/6620 1506/6621
f 1307/6622 1506/6623 1333/6624
f 1305/6625 1307/6626 1333/6627
f 1340/6628 1305/6629 1333/6630
f 1218/6631 1304/6632 1433/6633
f 1218/6634 1433/6635 1434/6636
f 1218/6637 1434/6638 1303/6639
f 651/6640 1218/6641 1303/6642
f 1109/6643 651/6644 1303/6645
f 1308/6646 1309/6647 1331/6648
f 1331/6649 1332/6650 1308/6651
f 652/6652 651/6653 1109/6654
f 1109/6655 1111/6656 652/6657
f 1309/6658 1310/6659 1330/6660
f 1330/6661 1331/6662 1309/6663
f 653/6664 652/6665 1111/6666
f 1111/6667 1113/6668 653/6669
f 1310/6670 1311/6671 1329/6672
f 1329/6673 1330/6674 1310/6675
f 654/6676 653/6677 1113/6678
f 1113/6679 1115/6680 654/6681
f 1311/6682 1312/6683 1328/6684
f 1328/6685 1329/6686 1311/6687
f 655/6688 654/6689 1115/6690
f 1115/6691 1117/6692 655/6693
f 1312/6694 1313/6695 1327/6696
f 1327/6697 1328/6698 1312/6699
f 656/6700 655/6701 1117/6702
f 1117/6703 1119/6704 656/6705
f 1313/6706 1314/6707 1326/6708
f 1326/6709 1327/6710 1313/6711
f 657/6712 656/6713 1119/6714
f 1119/6715 1121/6716 657/6717
f 1314/6718 1315/6719 1323/6720
f 1323/6721 1326/6722 1314/6723
f 1397/6724 1418/6725 1297/6726
f 1297/6727 1290/6728 1397/6729
f 658/6730 1124/6731 1403/6732
f 658/6733 1403/6734 1404/6735
f 658/6736 1404/6737 1292/6738
f 897/6739 658/6740 1292/6741
f 1133/6742 897/6743 1292/6744
f 1275/6745 882/6746 1134/6747
f 1134/6748 1123/6749 1275/6750
f 605/6751 808/6752 1128/6753
f 1128/6754 1126/6755 605/6756
f 807/6757 647/6758 1125/6759
f 1125/6760 1127/6761 807/6762
f 888/6763 819/6764 1130/6765
f 1130/6766 1106/6767 888/6768
f 818/6769 889/6770 1105/6771
f 1105/6772 1129/6773 818/6774
f 621/6775 888/6776 1106/6777
f 1106/6778 1132/6779 621/6780
f 889/6781 622/6782 1131/6783
f 1131/6784 1105/6785 889/6786
f 882/6787 605/6788 1126/6789
f 1126/6790 1134/6791 882/6792
f 647/6793 897/6794 1133/6795
f 1133/6796 1125/6797 647/6798
f 1685/6799 1686/6800 1812/6801
f 1812/6802 1811/6803 1685/6804
f 1710/6805 1815/6806 1814/6807
f 1814/6808 1709/6809 1710/6810
f 375/6811 567/6812 1153/6813
f 1153/6814 1144/6815 375/6816
f 952/6817 963/6818 1177/6819
f 1177/6820 1176/6821 952/6822
f 353/6823 585/6824 1154/6825
f 1154/6826 1143/6827 353/6828
f 745/6829 727/6830 1155/6831
f 1155/6832 1157/6833 745/6834
f 1561/6835 1654/6836 1653/6837
f 1653/6838 1560/6839 1561/6840
f 1620/6841 1656/6842 1655/6843
f 1655/6844 1606/6845 1620/6846
f 1139/6847 430/6848 305/6849
f 305/6850 1149/6851 1139/6852
f 452/6853 327/6854 1150/6855
f 1150/6856 1140/6857 452/6858
f 458/6859 1825/6860 1869/6861
f 1869/6862 1141/6863 458/6864
f 480/6865 1853/6866 1870/6867
f 1870/6868 1142/6869 480/6870
f 411/6871 150/6872 1135/6873
f 1135/6874 1145/6875 411/6876
f 1146/6877 426/6878 198/6879
f 198/6880 1136/6881 1146/6882
f 277/6883 430/6884 1139/6885
f 1139/6886 1147/6887 277/6888
f 299/6889 452/6890 1140/6891
f 1140/6892 1148/6893 299/6894
f 305/6895 458/6896 1141/6897
f 1141/6898 1149/6899 305/6900
f 327/6901 480/6902 1142/6903
f 1142/6904 1150/6905 327/6906
f 645/6907 877/6908 1156/6909
f 1156/6910 1159/6911 645/6912
f 925/6913 988/6914 1178/6915
f 1178/6916 1175/6917 925/6918
f 835/6919 603/6920 1174/6921
f 1174/6922 1151/6923 835/6924
f 866/6925 610/6926 1168/6927
f 1168/6928 1152/6929 866/6930
f 596/6931 636/6932 1158/6933
f 1158/6934 1166/6935 596/6936
f 1318/6937 1319/6938 1321/6939
f 1321/6940 1324/6941 1318/6942
f 714/6943 637/6944 1158/6945
f 1158/6946 1161/6947 714/6948
f 715/6949 714/6950 1161/6951
f 1161/6952 1162/6953 715/6954
f 716/6955 715/6956 1162/6957
f 1162/6958 1163/6959 716/6960
f 717/6961 716/6962 1163/6963
f 1163/6964 1164/6965 717/6966
f 718/6967 717/6968 1164/6969
f 1164/6970 1165/6971 718/6972
f 658/6973 718/6974 1165/6975
f 1165/6976 1160/6977 658/6978
f 740/6979 728/6980 1155/6981
f 1155/6982 1167/6983 740/6984
f 597/6985 740/6986 1167/6987
f 1167/6988 1166/6989 597/6990
f 763/6991 745/6992 1157/6993
f 1157/6994 1169/6995 763/6996
f 762/6997 763/6998 1169/6999
f 1169/7000 1170/7001 762/7002
f 761/7003 762/7004 1170/7005
f 1170/7006 1171/7007 761/7008
f 610/7009 761/7010 1171/7011
f 1171/7012 1168/7013 610/7014
f 487/7015 835/7016 1151/7017
f 1151/7018 1172/7019 487/7020
f 552/7021 866/7022 1152/7023
f 1152/7024 1173/7025 552/7026
f 603/7027 878/7028 1156/7029
f 1156/7030 1174/7031 603/7032
f 196/7033 925/7034 1175/7035
f 1175/7036 1138/7037 196/7038
f 165/7039 952/7040 1176/7041
f 1176/7042 1137/7043 165/7044
f 491/7045 964/7046 1177/7047
f 1177/7048 1172/7049 491/7050
f 548/7051 989/7052 1178/7053
f 1178/7054 1173/7055 548/7056
f 1318/7057 1324/7058 1483/7059
f 1318/7060 1483/7061 1484/7062
f 1318/7063 1484/7064 1323/7065
f 1316/7066 1318/7067 1323/7068
f 1315/7069 1316/7070 1323/7071
f 1121/7072 1180/7073 1419/7074
f 1121/7075 1419/7076 1420/7077
f 1121/7078 1420/7079 1298/7080
f 657/7081 1121/7082 1298/7083
f 1160/7084 657/7085 1298/7086
f 1734/7087 1818/7088 1817/7089
f 1817/7090 1733/7091 1734/7092
f 575/7093 367/7094 1200/7095
f 1200/7096 1211/7097 575/7098
f 1736/7099 1737/7100 1821/7101
f 1821/7102 1820/7103 1736/7104
f 971/7105 944/7106 1234/7107
f 1234/7108 1235/7109 971/7110
f 225/7111 383/7112 1201/7113
f 1201/7114 1189/7115 225/7116
f 257/7117 267/7118 1187/7119
f 1187/7120 1185/7121 257/7122
f 1184/7123 171/7124 216/7125
f 216/7126 1188/7127 1184/7128
f 360/7129 578/7130 1212/7131
f 1212/7132 1199/7133 360/7134
f 1202/7135 380/7136 239/7137
f 239/7138 1190/7139 1202/7140
f 752/7141 720/7142 1213/7143
f 1213/7144 1214/7145 752/7146
f 241/7147 171/7148 1184/7149
f 1184/7150 1191/7151 241/7152
f 1192/7153 258/7154 257/7155
f 257/7156 1185/7157 1192/7158
f 1575/7159 1658/7160 1657/7161
f 1657/7162 1574/7163 1575/7164
f 1593/7165 1660/7166 1659/7167
f 1659/7168 1592/7169 1593/7170
f 1192/7171 181/7172 1877/7173
f 1877/7174 1893/7175 1192/7176
f 253/7177 1873/7178 1894/7179
f 1894/7180 1191/7181 253/7182
f 437/7183 312/7184 1207/7185
f 1207/7186 1193/7187 437/7188
f 1194/7189 445/7190 320/7191
f 320/7192 1208/7193 1194/7194
f 465/7195 1832/7196 1871/7197
f 1871/7198 1195/7199 465/7200
f 473/7201 1840/7202 1872/7203
f 1872/7204 1196/7205 473/7206
f 1197/7207 336/7208 384/7209
f 384/7210 1201/7211 1197/7212
f 332/7213 380/7214 1202/7215
f 1202/7216 1198/7217 332/7218
f 144/7219 405/7220 1181/7221
f 1181/7222 1203/7223 144/7224
f 424/7225 192/7226 1182/7227
f 1182/7228 1204/7229 424/7230
f 284/7231 437/7232 1193/7233
f 1193/7234 1205/7235 284/7236
f 292/7237 445/7238 1194/7239
f 1194/7240 1206/7241 292/7242
f 312/7243 465/7244 1195/7245
f 1195/7246 1207/7247 312/7248
f 320/7249 473/7250 1196/7251
f 1196/7252 1208/7253 320/7254
f 1265/7255 894/7256 1215/7257
f 1215/7258 1217/7259 1265/7260
f 932/7261 981/7262 1236/7263
f 1236/7264 1233/7265 932/7266
f 239/7267 575/7268 1211/7269
f 1211/7270 1190/7271 239/7272
f 218/7273 579/7274 1212/7275
f 1212/7276 1189/7277 218/7278
f 861/7279 617/7280 1226/7281
f 1226/7282 1210/7283 861/7284
f 841/7285 626/7286 1232/7287
f 1232/7288 1209/7289 841/7290
f 589/7291 629/7292 1216/7293
f 1216/7294 1224/7295 589/7296
f 1110/7297 1109/7298 1303/7299
f 1303/7300 1237/7301 1110/7302
f 679/7303 630/7304 1216/7305
f 1216/7306 1219/7307 679/7308
f 680/7309 679/7310 1219/7311
f 1219/7312 1220/7313 680/7314
f 681/7315 680/7316 1220/7317
f 1220/7318 1221/7319 681/7320
f 682/7321 681/7322 1221/7323
f 1221/7324 1222/7325 682/7326
f 683/7327 682/7328 1222/7329
f 1222/7330 1223/7331 683/7332
f 651/7333 683/7334 1223/7335
f 1223/7336 1218/7337 651/7338
f 733/7339 721/7340 1213/7341
f 1213/7342 1225/7343 733/7344
f 590/7345 733/7346 1225/7347
f 1225/7348 1224/7349 590/7350
f 784/7351 752/7352 1214/7353
f 1214/7354 1227/7355 784/7356
f 783/7357 784/7358 1227/7359
f 1227/7360 1228/7361 783/7362
f 782/7363 783/7364 1228/7365
f 1228/7366 1229/7367 782/7368
f 1226/7369 617/7370 782/7371
f 782/7372 1229/7373 1226/7374
f 495/7375 841/7376 1209/7377
f 1209/7378 1230/7379 495/7380
f 545/7381 861/7382 1210/7383
f 1210/7384 1231/7385 545/7386
f 626/7387 895/7388 1215/7389
f 1215/7390 1232/7391 626/7392
f 190/7393 932/7394 1233/7395
f 1233/7396 1186/7397 190/7398
f 159/7399 945/7400 1234/7401
f 1234/7402 1183/7403 159/7404
f 498/7405 971/7406 1235/7407
f 1235/7408 1230/7409 498/7410
f 542/7411 982/7412 1236/7413
f 1236/7414 1231/7415 542/7416
f 1308/7417 1332/7418 1334/7419
f 1334/7420 1307/7421 1308/7422
f 650/7423 1107/7424 1304/7425
f 1304/7426 1218/7427 650/7428
f 1266/7429 1299/7430 1240/7431
f 1240/7432 1239/7433 1266/7434
f 1299/7435 639/7436 1241/7437
f 1241/7438 1240/7439 1299/7440
f 639/7441 1269/7442 1242/7443
f 1242/7444 1241/7445 639/7446
f 1269/7447 1270/7448 1243/7449
f 1243/7450 1242/7451 1269/7452
f 1270/7453 1271/7454 1244/7455
f 1244/7456 1243/7457 1270/7458
f 1271/7459 1272/7460 1245/7461
f 1245/7462 1244/7463 1271/7464
f 1272/7465 1273/7466 1246/7467
f 1246/7468 1245/7469 1272/7470
f 1273/7471 1274/7472 1247/7473
f 1247/7474 1246/7475 1273/7476
f 1274/7477 1293/7478 1248/7479
f 1248/7480 1247/7481 1274/7482
f 1293/7483 1277/7484 1317/7485
f 1317/7486 1248/7487 1293/7488
f 1276/7489 1289/7490 1250/7491
f 1250/7492 1249/7493 1276/7494
f 1289/7495 1291/7496 1320/7497
f 1320/7498 1250/7499 1289/7500
f 1290/7501 1297/7502 1322/7503
f 1322/7504 1251/7505 1290/7506
f 1296/7507 1294/7508 1325/7509
f 1325/7510 1252/7511 1296/7512
f 1179/7513 1122/7514 1254/7515
f 1254/7516 1253/7517 1179/7518
f 1122/7519 1120/7520 1255/7521
f 1255/7522 1254/7523 1122/7524
f 1120/7525 1118/7526 1256/7527
f 1256/7528 1255/7529 1120/7530
f 1118/7531 1116/7532 1257/7533
f 1257/7534 1256/7535 1118/7536
f 1116/7537 1114/7538 1258/7539
f 1258/7540 1257/7541 1116/7542
f 1114/7543 1112/7544 1259/7545
f 1259/7546 1258/7547 1114/7548
f 1112/7549 1282/7550 1260/7551
f 1260/7552 1259/7553 1112/7554
f 1282/7555 1301/7556 1335/7557
f 1335/7558 1260/7559 1282/7560
f 1300/7561 1302/7562 1337/7563
f 1337/7564 1261/7565 1300/7566
f 1238/7567 1280/7568 1339/7569
f 1339/7570 1262/7571 1238/7572
f 1279/7573 1108/7574 1264/7575
f 1264/7576 1263/7577 1279/7578
f 1108/7579 1267/7580 1306/7581
f 1306/7582 1264/7583 1108/7584
f 1342/7585 1341/7586 1344/7587
f 1344/7588 1343/7589 1346/7590
f 1346/7591 1345/7592 1348/7593
f 1344/7594 1346/7595 1348/7596
f 1342/7597 1344/7598 1348/7599
f 1342/7600 1348/7601 1347/7602
f 1364/7603 1363/7604 1366/7605
f 1366/7606 1365/7607 1368/7608
f 1368/7609 1367/7610 1370/7611
f 1366/7612 1368/7613 1370/7614
f 1364/7615 1366/7616 1370/7617
f 1364/7618 1370/7619 1369/7620
f 1371/7621 1374/7622 1377/7623
f 1377/7624 1372/7625 1371/7626
f 1397/7627 1404/7628 1403/7629
f 1403/7630 1398/7631 1397/7632
f 1179/7633 1528/7634 1411/7635
f 1237/7636 1532/7637 1427/7638
f 1430/7639 1429/7640 1432/7641
f 1432/7642 1435/7643 1430/7644
f 1239/7645 1536/7646 1441/7647
f 1249/7648 1540/7649 1465/7650
f 1251/7651 1544/7652 1473/7653
f 1252/7654 1548/7655 1479/7656
f 1482/7657 1481/7658 1484/7659
f 1484/7660 1483/7661 1486/7662
f 1486/7663 1485/7664 1488/7665
f 1484/7666 1486/7667 1488/7668
f 1482/7669 1484/7670 1488/7671
f 1482/7672 1488/7673 1487/7674
f 1504/7675 1503/7676 1506/7677
f 1506/7678 1505/7679 1508/7680
f 1508/7681 1507/7682 1510/7683
f 1506/7684 1508/7685 1510/7686
f 1504/7687 1506/7688 1510/7689
f 1504/7690 1510/7691 1509/7692
f 1262/7693 1552/7694 1515/7695
f 1263/7696 1556/7697 1521/7698
f 1422/7699 1299/7700 1266/7701
f 1266/7702 1343/7703 1422/7704
f 1352/7705 1269/7706 639/7707
f 639/7708 1349/7709 1352/7710
f 1354/7711 1270/7712 1269/7713
f 1269/7714 1352/7715 1354/7716
f 1356/7717 1271/7718 1270/7719
f 1270/7720 1354/7721 1356/7722
f 1358/7723 1272/7724 1271/7725
f 1271/7726 1356/7727 1358/7728
f 1360/7729 1273/7730 1272/7731
f 1272/7732 1358/7733 1360/7734
f 1362/7735 1274/7736 1273/7737
f 1273/7738 1360/7739 1362/7740
f 1396/7741 1289/7742 1276/7743
f 1276/7744 1365/7745 1396/7746
f 1406/7747 1293/7748 1274/7749
f 1274/7750 1362/7751 1406/7752
f 1379/7753 1108/7754 1279/7755
f 1279/7756 1373/7757 1379/7758
f 1348/7759 1267/7760 1108/7761
f 1108/7762 1379/7763 1348/7764
f 1402/7765 1291/7766 1289/7767
f 1289/7768 1396/7769 1402/7770
f 1382/7771 1282/7772 1112/7773
f 1112/7774 1383/7775 1382/7776
f 1383/7777 1112/7778 1114/7779
f 1114/7780 1385/7781 1383/7782
f 1385/7783 1114/7784 1116/7785
f 1116/7786 1387/7787 1385/7788
f 1387/7789 1116/7790 1118/7791
f 1118/7792 1389/7793 1387/7794
f 1389/7795 1118/7796 1120/7797
f 1120/7798 1391/7799 1389/7800
f 1391/7801 1120/7802 1122/7803
f 1122/7804 1393/7805 1391/7806
f 1393/7807 1122/7808 1179/7809
f 1179/7810 1411/7811 1393/7812
f 1370/7813 1277/7814 1293/7815
f 1293/7816 1406/7817 1370/7818
f 1410/7819 1294/7820 1296/7821
f 1296/7822 1413/7823 1410/7824
f 1349/7825 639/7826 1299/7827
f 1299/7828 1422/7829 1349/7830
f 1428/7831 1301/7832 1282/7833
f 1282/7834 1382/7835 1428/7836
f 1378/7837 1280/7838 1238/7839
f 1238/7840 1435/7841 1378/7842
f 1432/7843 1302/7844 1300/7845
f 1300/7846 1423/7847 1432/7848
f 1444/7849 1307/7850 1305/7851
f 1305/7852 1437/7853 1444/7854
f 1446/7855 1308/7856 1307/7857
f 1307/7858 1444/7859 1446/7860
f 1448/7861 1309/7862 1308/7863
f 1308/7864 1446/7865 1448/7866
f 1450/7867 1310/7868 1309/7869
f 1309/7870 1448/7871 1450/7872
f 1452/7873 1311/7874 1310/7875
f 1310/7876 1450/7877 1452/7878
f 1454/7879 1312/7880 1311/7881
f 1311/7882 1452/7883 1454/7884
f 1456/7885 1313/7886 1312/7887
f 1312/7888 1454/7889 1456/7890
f 1458/7891 1314/7892 1313/7893
f 1313/7894 1456/7895 1458/7896
f 1460/7897 1315/7898 1314/7899
f 1314/7900 1458/7901 1460/7902
f 1464/7903 1316/7904 1315/7905
f 1315/7906 1460/7907 1464/7908
f 1468/7909 1318/7910 1316/7911
f 1316/7912 1461/7913 1468/7914
f 1472/7915 1319/7916 1318/7917
f 1318/7918 1468/7919 1472/7920
f 1478/7921 1321/7922 1319/7923
f 1319/7924 1469/7925 1478/7926
f 1486/7927 1324/7928 1321/7929
f 1321/7930 1475/7931 1486/7932
f 1490/7933 1326/7934 1323/7935
f 1323/7936 1481/7937 1490/7938
f 1492/7939 1327/7940 1326/7941
f 1326/7942 1490/7943 1492/7944
f 1494/7945 1328/7946 1327/7947
f 1327/7948 1492/7949 1494/7950
f 1496/7951 1329/7952 1328/7953
f 1328/7954 1494/7955 1496/7956
f 1498/7957 1330/7958 1329/7959
f 1329/7960 1496/7961 1498/7962
f 1500/7963 1331/7964 1330/7965
f 1330/7966 1498/7967 1500/7968
f 1502/7969 1332/7970 1331/7971
f 1331/7972 1500/7973 1502/7974
f 1508/7975 1334/7976 1332/7977
f 1332/7978 1502/7979 1508/7980
f 1514/7981 1336/7982 1333/7983
f 1333/7984 1503/7985 1514/7986
f 1520/7987 1338/7988 1336/7989
f 1336/7990 1511/7991 1520/7992
f 1524/7993 1340/7994 1338/7995
f 1338/7996 1517/7997 1524/7998
f 1440/7999 1305/8000 1340/8001
f 1340/8002 1524/8003 1440/8004
f 1442/8005 1306/8006 1267/8007
f 1267/8008 1345/8009 1442/8010
f 1466/8011 1317/8012 1277/8013
f 1277/8014 1367/8015 1466/8016
f 1474/8017 1320/8018 1291/8019
f 1291/8020 1399/8021 1474/8022
f 1480/8023 1322/8024 1297/8025
f 1297/8026 1415/8027 1480/8028
f 1488/8029 1325/8030 1294/8031
f 1294/8032 1407/8033 1488/8034
f 1510/8035 1335/8036 1301/8037
f 1301/8038 1425/8039 1510/8040
f 1516/8041 1337/8042 1302/8043
f 1302/8044 1429/8045 1516/8046
f 1522/8047 1339/8048 1280/8049
f 1280/8050 1375/8051 1522/8052
f 1347/8053 638/8054 1342/8055
f 1341/8056 1265/8057 1344/8058
f 1343/8059 1266/8060 1346/8061
f 1345/8062 1267/8063 1348/8064
f 1369/8065 646/8066 1364/8067
f 1363/8068 1275/8069 1366/8070
f 1365/8071 1276/8072 1368/8073
f 1367/8074 1277/8075 1370/8076
f 1377/8077 1107/8078 1372/8079
f 1371/8080 1278/8081 1374/8082
f 1373/8083 1279/8084 1376/8085
f 1375/8086 1280/8087 1378/8088
f 1403/8089 1124/8090 1398/8091
f 1397/8092 1290/8093 1400/8094
f 1399/8095 1291/8096 1402/8097
f 1401/8098 1292/8099 1404/8100
f 1179/8101 1408/8102 1526/8103
f 1525/8104 1526/8105 1408/8106
f 1408/8107 1407/8108 1525/8109
f 1410/8110 1525/8111 1407/8112
f 1407/8113 1294/8114 1410/8115
f 1179/8116 1526/8117 1528/8118
f 1527/8119 1528/8120 1526/8121
f 1526/8122 1525/8123 1527/8124
f 1409/8125 1527/8126 1525/8127
f 1525/8128 1410/8129 1409/8130
f 1412/8131 1411/8132 1528/8133
f 1528/8134 1527/8135 1412/8136
f 1295/8137 1412/8138 1527/8139
f 1527/8140 1409/8141 1295/8142
f 1413/8143 1296/8144 1416/8145
f 1237/8146 1424/8147 1530/8148
f 1529/8149 1530/8150 1424/8151
f 1424/8152 1423/8153 1529/8154
f 1426/8155 1529/8156 1423/8157
f 1423/8158 1300/8159 1426/8160
f 1237/8161 1530/8162 1532/8163
f 1531/8164 1532/8165 1530/8166
f 1530/8167 1529/8168 1531/8169
f 1425/8170 1531/8171 1529/8172
f 1529/8173 1426/8174 1425/8175
f 1428/8176 1427/8177 1532/8178
f 1532/8179 1531/8180 1428/8181
f 1301/8182 1428/8183 1531/8184
f 1531/8185 1425/8186 1301/8187
f 1435/8188 1238/8189 1430/8190
f 1429/8191 1302/8192 1432/8193
f 1431/8194 1303/8195 1434/8196
f 1433/8197 1304/8198 1436/8199
f 1239/8200 1438/8201 1534/8202
f 1533/8203 1534/8204 1438/8205
f 1438/8206 1437/8207 1533/8208
f 1440/8209 1533/8210 1437/8211
f 1437/8212 1305/8213 1440/8214
f 1239/8215 1534/8216 1536/8217
f 1535/8218 1536/8219 1534/8220
f 1534/8221 1533/8222 1535/8223
f 1439/8224 1535/8225 1533/8226
f 1533/8227 1440/8228 1439/8229
f 1442/8230 1441/8231 1536/8232
f 1536/8233 1535/8234 1442/8235
f 1306/8236 1442/8237 1535/8238
f 1535/8239 1439/8240 1306/8241
f 1249/8242 1462/8243 1538/8244
f 1537/8245 1538/8246 1462/8247
f 1462/8248 1461/8249 1537/8250
f 1464/8251 1537/8252 1461/8253
f 1461/8254 1316/8255 1464/8256
f 1249/8257 1538/8258 1540/8259
f 1539/8260 1540/8261 1538/8262
f 1538/8263 1537/8264 1539/8265
f 1463/8266 1539/8267 1537/8268
f 1537/8269 1464/8270 1463/8271
f 1466/8272 1465/8273 1540/8274
f 1540/8275 1539/8276 1466/8277
f 1317/8278 1466/8279 1539/8280
f 1539/8281 1463/8282 1317/8283
f 1251/8284 1470/8285 1542/8286
f 1541/8287 1542/8288 1470/8289
f 1470/8290 1469/8291 1541/8292
f 1472/8293 1541/8294 1469/8295
f 1469/8296 1319/8297 1472/8298
f 1251/8299 1542/8300 1544/8301
f 1543/8302 1544/8303 1542/8304
f 1542/8305 1541/8306 1543/8307
f 1471/8308 1543/8309 1541/8310
f 1541/8311 1472/8312 1471/8313
f 1474/8314 1473/8315 1544/8316
f 1544/8317 1543/8318 1474/8319
f 1320/8320 1474/8321 1543/8322
f 1543/8323 1471/8324 1320/8325
f 1252/8326 1476/8327 1546/8328
f 1545/8329 1546/8330 1476/8331
f 1476/8332 1475/8333 1545/8334
f 1478/8335 1545/8336 1475/8337
f 1475/8338 1321/8339 1478/8340
f 1252/8341 1546/8342 1548/8343
f 1547/8344 1548/8345 1546/8346
f 1546/8347 1545/8348 1547/8349
f 1477/8350 1547/8351 1545/8352
f 1545/8353 1478/8354 1477/8355
f 1480/8356 1479/8357 1548/8358
f 1548/8359 1547/8360 1480/8361
f 1322/8362 1480/8363 1547/8364
f 1547/8365 1477/8366 1322/8367
f 1487/8368 1253/8369 1482/8370
f 1481/8371 1323/8372 1484/8373
f 1483/8374 1324/8375 1486/8376
f 1485/8377 1325/8378 1488/8379
f 1509/8380 1261/8381 1504/8382
f 1503/8383 1333/8384 1506/8385
f 1505/8386 1334/8387 1508/8388
f 1507/8389 1335/8390 1510/8391
f 1262/8392 1512/8393 1550/8394
f 1549/8395 1550/8396 1512/8397
f 1512/8398 1511/8399 1549/8400
f 1514/8401 1549/8402 1511/8403
f 1511/8404 1336/8405 1514/8406
f 1262/8407 1550/8408 1552/8409
f 1551/8410 1552/8411 1550/8412
f 1550/8413 1549/8414 1551/8415
f 1513/8416 1551/8417 1549/8418
f 1549/8419 1514/8420 1513/8421
f 1516/8422 1515/8423 1552/8424
f 1552/8425 1551/8426 1516/8427
f 1337/8428 1516/8429 1551/8430
f 1551/8431 1513/8432 1337/8433
f 1263/8434 1518/8435 1554/8436
f 1553/8437 1554/8438 1518/8439
f 1518/8440 1517/8441 1553/8442
f 1520/8443 1553/8444 1517/8445
f 1517/8446 1338/8447 1520/8448
f 1263/8449 1554/8450 1556/8451
f 1555/8452 1556/8453 1554/8454
f 1554/8455 1553/8456 1555/8457
f 1519/8458 1555/8459 1553/8460
f 1553/8461 1520/8462 1519/8463
f 1522/8464 1521/8465 1556/8466
f 1556/8467 1555/8468 1522/8469
f 1339/8470 1522/8471 1555/8472
f 1555/8473 1519/8474 1339/8475
f 1421/8476 1422/8477 1343/8478
f 1343/8479 1344/8480 1421/8481
f 1217/8482 1421/8483 1344/8484
f 1344/8485 1265/8486 1217/8487
f 1351/8488 1352/8489 1349/8490
f 1349/8491 1350/8492 1351/8493
f 640/8494 1351/8495 1350/8496
f 1350/8497 1268/8498 640/8499
f 1353/8500 1354/8501 1352/8502
f 1352/8503 1351/8504 1353/8505
f 641/8506 1353/8507 1351/8508
f 1351/8509 640/8510 641/8511
f 1355/8512 1356/8513 1354/8514
f 1354/8515 1353/8516 1355/8517
f 642/8518 1355/8519 1353/8520
f 1353/8521 641/8522 642/8523
f 1357/8524 1358/8525 1356/8526
f 1356/8527 1355/8528 1357/8529
f 643/8530 1357/8531 1355/8532
f 1355/8533 642/8534 643/8535
f 1359/8536 1360/8537 1358/8538
f 1358/8539 1357/8540 1359/8541
f 644/8542 1359/8543 1357/8544
f 1357/8545 643/8546 644/8547
f 1361/8548 1362/8549 1360/8550
f 1360/8551 1359/8552 1361/8553
f 645/8554 1361/8555 1359/8556
f 1359/8557 644/8558 645/8559
f 1395/8560 1396/8561 1365/8562
f 1365/8563 1366/8564 1395/8565
f 1123/8566 1395/8567 1366/8568
f 1366/8569 1275/8570 1123/8571
f 1405/8572 1406/8573 1362/8574
f 1362/8575 1361/8576 1405/8577
f 1159/8578 1405/8579 1361/8580
f 1361/8581 645/8582 1159/8583
f 1380/8584 1379/8585 1373/8586
f 1373/8587 1374/8588 1380/8589
f 1281/8590 1380/8591 1374/8592
f 1374/8593 1278/8594 1281/8595
f 1347/8596 1348/8597 1379/8598
f 1379/8599 1380/8600 1347/8601
f 638/8602 1347/8603 1380/8604
f 1380/8605 1281/8606 638/8607
f 1401/8608 1402/8609 1396/8610
f 1396/8611 1395/8612 1401/8613
f 1292/8614 1401/8615 1395/8616
f 1395/8617 1123/8618 1292/8619
f 1381/8620 1382/8621 1383/8622
f 1383/8623 1384/8624 1381/8625
f 1110/8626 1381/8627 1384/8628
f 1384/8629 1283/8630 1110/8631
f 1384/8632 1383/8633 1385/8634
f 1385/8635 1386/8636 1384/8637
f 1283/8638 1384/8639 1386/8640
f 1386/8641 1284/8642 1283/8643
f 1386/8644 1385/8645 1387/8646
f 1387/8647 1388/8648 1386/8649
f 1284/8650 1386/8651 1388/8652
f 1388/8653 1285/8654 1284/8655
f 1388/8656 1387/8657 1389/8658
f 1389/8659 1390/8660 1388/8661
f 1285/8662 1388/8663 1390/8664
f 1390/8665 1286/8666 1285/8667
f 1390/8668 1389/8669 1391/8670
f 1391/8671 1392/8672 1390/8673
f 1286/8674 1390/8675 1392/8676
f 1392/8677 1287/8678 1286/8679
f 1392/8680 1391/8681 1393/8682
f 1393/8683 1394/8684 1392/8685
f 1287/8686 1392/8687 1394/8688
f 1394/8689 1288/8690 1287/8691
f 1394/8692 1393/8693 1411/8694
f 1411/8695 1412/8696 1394/8697
f 1288/8698 1394/8699 1412/8700
f 1412/8701 1295/8702 1288/8703
f 1369/8704 1370/8705 1406/8706
f 1406/8707 1405/8708 1369/8709
f 646/8710 1369/8711 1405/8712
f 1405/8713 1159/8714 646/8715
f 1409/8716 1410/8717 1413/8718
f 1413/8719 1414/8720 1409/8721
f 1295/8722 1409/8723 1414/8724
f 1414/8725 1180/8726 1295/8727
f 1350/8728 1349/8729 1422/8730
f 1422/8731 1421/8732 1350/8733
f 1268/8734 1350/8735 1421/8736
f 1421/8737 1217/8738 1268/8739
f 1427/8740 1428/8741 1382/8742
f 1382/8743 1381/8744 1427/8745
f 1237/8746 1427/8747 1381/8748
f 1381/8749 1110/8750 1237/8751
f 1377/8752 1378/8753 1435/8754
f 1435/8755 1436/8756 1377/8757
f 1107/8758 1377/8759 1436/8760
f 1436/8761 1304/8762 1107/8763
f 1431/8764 1432/8765 1423/8766
f 1423/8767 1424/8768 1431/8769
f 1303/8770 1431/8771 1424/8772
f 1424/8773 1237/8774 1303/8775
f 1443/8776 1444/8777 1437/8778
f 1437/8779 1438/8780 1443/8781
f 1240/8782 1443/8783 1438/8784
f 1438/8785 1239/8786 1240/8787
f 1445/8788 1446/8789 1444/8790
f 1444/8791 1443/8792 1445/8793
f 1241/8794 1445/8795 1443/8796
f 1443/8797 1240/8798 1241/8799
f 1447/8800 1448/8801 1446/8802
f 1446/8803 1445/8804 1447/8805
f 1242/8806 1447/8807 1445/8808
f 1445/8809 1241/8810 1242/8811
f 1449/8812 1450/8813 1448/8814
f 1448/8815 1447/8816 1449/8817
f 1243/8818 1449/8819 1447/8820
f 1447/8821 1242/8822 1243/8823
f 1451/8824 1452/8825 1450/8826
f 1450/8827 1449/8828 1451/8829
f 1244/8830 1451/8831 1449/8832
f 1449/8833 1243/8834 1244/8835
f 1453/8836 1454/8837 1452/8838
f 1452/8839 1451/8840 1453/8841
f 1245/8842 1453/8843 1451/8844
f 1451/8845 1244/8846 1245/8847
f 1455/8848 1456/8849 1454/8850
f 1454/8851 1453/8852 1455/8853
f 1246/8854 1455/8855 1453/8856
f 1453/8857 1245/8858 1246/8859
f 1457/8860 1458/8861 1456/8862
f 1456/8863 1455/8864 1457/8865
f 1247/8866 1457/8867 1455/8868
f 1455/8869 1246/8870 1247/8871
f 1459/8872 1460/8873 1458/8874
f 1458/8875 1457/8876 1459/8877
f 1248/8878 1459/8879 1457/8880
f 1457/8881 1247/8882 1248/8883
f 1463/8884 1464/8885 1460/8886
f 1460/8887 1459/8888 1463/8889
f 1317/8890 1463/8891 1459/8892
f 1459/8893 1248/8894 1317/8895
f 1467/8896 1468/8897 1461/8898
f 1461/8899 1462/8900 1467/8901
f 1250/8902 1467/8903 1462/8904
f 1462/8905 1249/8906 1250/8907
f 1471/8908 1472/8909 1468/8910
f 1468/8911 1467/8912 1471/8913
f 1320/8914 1471/8915 1467/8916
f 1467/8917 1250/8918 1320/8919
f 1477/8920 1478/8921 1469/8922
f 1469/8923 1470/8924 1477/8925
f 1322/8926 1477/8927 1470/8928
f 1470/8929 1251/8930 1322/8931
f 1485/8932 1486/8933 1475/8934
f 1475/8935 1476/8936 1485/8937
f 1325/8938 1485/8939 1476/8940
f 1476/8941 1252/8942 1325/8943
f 1489/8944 1490/8945 1481/8946
f 1481/8947 1482/8948 1489/8949
f 1254/8950 1489/8951 1482/8952
f 1482/8953 1253/8954 1254/8955
f 1491/8956 1492/8957 1490/8958
f 1490/8959 1489/8960 1491/8961
f 1255/8962 1491/8963 1489/8964
f 1489/8965 1254/8966 1255/8967
f 1493/8968 1494/8969 1492/8970
f 1492/8971 1491/8972 1493/8973
f 1256/8974 1493/8975 1491/8976
f 1491/8977 1255/8978 1256/8979
f 1495/8980 1496/8981 1494/8982
f 1494/8983 1493/8984 1495/8985
f 1257/8986 1495/8987 1493/8988
f 1493/8989 1256/8990 1257/8991
f 1497/8992 1498/8993 1496/8994
f 1496/8995 1495/8996 1497/8997
f 1258/8998 1497/8999 1495/9000
f 1495/9001 1257/9002 1258/9003
f 1499/9004 1500/9005 1498/9006
f 1498/9007 1497/9008 1499/9009
f 1259/9010 1499/9011 1497/9012
f 1497/9013 1258/9014 1259/9015
f 1501/9016 1502/9017 1500/9018
f 1500/9019 1499/9020 1501/9021
f 1260/9022 1501/9023 1499/9024
f 1499/9025 1259/9026 1260/9027
f 1507/9028 1508/9029 1502/9030
f 1502/9031 1501/9032 1507/9033
f 1335/9034 1507/9035 1501/9036
f 1501/9037 1260/9038 1335/9039
f 1513/9040 1514/9041 1503/9042
f 1503/9043 1504/9044 1513/9045
f 1337/9046 1513/9047 1504/9048
f 1504/9049 1261/9050 1337/9051
f 1519/9052 1520/9053 1511/9054
f 1511/9055 1512/9056 1519/9057
f 1339/9058 1519/9059 1512/9060
f 1512/9061 1262/9062 1339/9063
f 1523/9064 1524/9065 1517/9066
f 1517/9067 1518/9068 1523/9069
f 1264/9070 1523/9071 1518/9072
f 1518/9073 1263/9074 1264/9075
f 1439/9076 1440/9077 1524/9078
f 1524/9079 1523/9080 1439/9081
f 1306/9082 1439/9083 1523/9084
f 1523/9085 1264/9086 1306/9087
f 1441/9088 1442/9089 1345/9090
f 1345/9091 1346/9092 1441/9093
f 1239/9094 1441/9095 1346/9096
f 1346/9097 1266/9098 1239/9099
f 1465/9100 1466/9101 1367/9102
f 1367/9103 1368/9104 1465/9105
f 1249/9106 1465/9107 1368/9108
f 1368/9109 1276/9110 1249/9111
f 1473/9112 1474/9113 1399/9114
f 1399/9115 1400/9116 1473/9117
f 1251/9118 1473/9119 1400/9120
f 1400/9121 1290/9122 1251/9123
f 1479/9124 1480/9125 1415/9126
f 1415/9127 1416/9128 1479/9129
f 1252/9130 1479/9131 1416/9132
f 1416/9133 1296/9134 1252/9135
f 1487/9136 1488/9137 1407/9138
f 1407/9139 1408/9140 1487/9141
f 1253/9142 1487/9143 1408/9144
f 1408/9145 1179/9146 1253/9147
f 1509/9148 1510/9149 1425/9150
f 1425/9151 1426/9152 1509/9153
f 1261/9154 1509/9155 1426/9156
f 1426/9157 1300/9158 1261/9159
f 1515/9160 1516/9161 1429/9162
f 1429/9163 1430/9164 1515/9165
f 1262/9166 1515/9167 1430/9168
f 1430/9169 1238/9170 1262/9171
f 1521/9172 1522/9173 1375/9174
f 1375/9175 1376/9176 1521/9177
f 1263/9178 1521/9179 1376/9180
f 1376/9181 1279/9182 1263/9183
f 1559/9184 521/9185 276/9186
f 276/9187 1630/9188 1559/9189
f 1629/9190 401/9191 512/9192
f 512/9193 1619/9194 1629/9195
f 1147/9196 521/9197 1559/9198
f 1559/9199 1654/9200 1147/9201
f 512/9202 1136/9203 1653/9204
f 1653/9205 1619/9206 512/9207
f 278/9208 277/9209 1561/9210
f 1561/9211 1563/9212 278/9213
f 198/9214 157/9215 1562/9216
f 1562/9217 1560/9218 198/9219
f 279/9220 278/9221 1563/9222
f 1563/9223 1565/9224 279/9225
f 157/9226 156/9227 1564/9228
f 1564/9229 1562/9230 157/9231
f 280/9232 279/9233 1565/9234
f 1565/9235 1567/9236 280/9237
f 156/9238 155/9239 1566/9240
f 1566/9241 1564/9242 156/9243
f 281/9244 280/9245 1567/9246
f 1567/9247 1569/9248 281/9249
f 155/9250 154/9251 1568/9252
f 1568/9253 1566/9254 155/9255
f 282/9256 281/9257 1569/9258
f 1569/9259 1571/9260 282/9261
f 154/9262 153/9263 1570/9264
f 1570/9265 1568/9266 154/9267
f 283/9268 282/9269 1571/9270
f 1571/9271 1573/9272 283/9273
f 153/9274 413/9275 1572/9276
f 1572/9277 1570/9278 153/9279
f 1205/9280 283/9281 1573/9282
f 1573/9283 1658/9284 1205/9285
f 413/9286 1182/9287 1657/9288
f 1657/9289 1572/9290 413/9291
f 285/9292 284/9293 1575/9294
f 1575/9295 1577/9296 285/9297
f 192/9298 151/9299 1576/9300
f 1576/9301 1574/9302 192/9303
f 1622/9304 285/9305 1577/9306
f 151/9307 525/9308 1621/9309
f 1621/9310 1576/9311 151/9312
f 1618/9313 508/9314 286/9315
f 286/9316 1632/9317 1618/9318
f 1631/9319 403/9320 486/9321
f 486/9322 1617/9323 1631/9324
f 288/9325 287/9326 1581/9327
f 1581/9328 1583/9329 288/9330
f 179/9331 420/9332 1582/9333
f 1582/9334 1580/9335 179/9336
f 289/9337 288/9338 1583/9339
f 1583/9340 1585/9341 289/9342
f 420/9343 234/9344 1584/9345
f 1584/9346 1582/9347 420/9348
f 561/9349 289/9350 1585/9351
f 1585/9352 1626/9353 561/9354
f 234/9355 547/9356 1625/9357
f 1625/9358 1584/9359 234/9360
f 1624/9361 536/9362 290/9363
f 290/9364 1634/9365 1624/9366
f 1633/9367 402/9368 524/9369
f 524/9370 1623/9371 1633/9372
f 291/9373 536/9374 1589/9375
f 1589/9376 1591/9377 291/9378
f 404/9379 423/9380 1590/9381
f 1590/9382 1588/9383 404/9384
f 1206/9385 291/9386 1591/9387
f 1591/9388 1660/9389 1206/9390
f 423/9391 1181/9392 1659/9393
f 1659/9394 1590/9395 423/9396
f 293/9397 292/9398 1593/9399
f 1593/9400 1595/9401 293/9402
f 405/9403 406/9404 1594/9405
f 1594/9406 1592/9407 405/9408
f 294/9409 293/9410 1595/9411
f 1595/9412 1597/9413 294/9414
f 406/9415 407/9416 1596/9417
f 1596/9418 1594/9419 406/9420
f 295/9421 294/9422 1597/9423
f 1597/9424 1599/9425 295/9426
f 407/9427 408/9428 1598/9429
f 1598/9430 1596/9431 407/9432
f 296/9433 295/9434 1599/9435
f 1599/9436 1601/9437 296/9438
f 408/9439 409/9440 1600/9441
f 1600/9442 1598/9443 408/9444
f 297/9445 296/9446 1601/9447
f 1601/9448 1603/9449 297/9450
f 409/9451 410/9452 1602/9453
f 1602/9454 1600/9455 409/9456
f 298/9457 297/9458 1603/9459
f 1603/9460 1605/9461 298/9462
f 410/9463 425/9464 1604/9465
f 1604/9466 1602/9467 410/9468
f 1148/9469 298/9470 1605/9471
f 1605/9472 1656/9473 1148/9474
f 425/9475 1135/9476 1655/9477
f 1655/9478 1604/9479 425/9480
f 1628/9481 562/9482 300/9483
f 300/9484 1636/9485 1628/9486
f 1635/9487 400/9488 546/9489
f 546/9490 1627/9491 1635/9492
f 302/9493 301/9494 1610/9495
f 1610/9496 1612/9497 302/9498
f 427/9499 419/9500 1611/9501
f 1611/9502 1609/9503 427/9504
f 456/9505 302/9506 1612/9507
f 1612/9508 1614/9509 456/9510
f 419/9511 421/9512 1613/9513
f 1613/9514 1611/9515 419/9516
f 507/9517 456/9518 1614/9519
f 1614/9520 1616/9521 507/9522
f 421/9523 485/9524 1615/9525
f 1615/9526 1613/9527 421/9528
f 1003/9529 507/9530 1616/9531
f 1616/9532 1558/9533 1003/9534
f 485/9535 1016/9536 1557/9537
f 1557/9538 1615/9539 485/9540
f 1581/9541 287/9542 508/9543
f 508/9544 1618/9545 1581/9546
f 1617/9547 486/9548 179/9549
f 179/9550 1580/9551 1617/9552
f 1006/9553 299/9554 1620/9555
f 1620/9556 1608/9557 1006/9558
f 150/9559 1015/9560 1607/9561
f 1607/9562 1606/9563 150/9564
f 1004/9565 285/9566 1622/9567
f 1622/9568 1579/9569 1004/9570
f 525/9571 1018/9572 1578/9573
f 1578/9574 1621/9575 525/9576
f 1589/9577 536/9578 1624/9579
f 1623/9580 524/9581 404/9582
f 404/9583 1588/9584 1623/9585
f 1005/9586 561/9587 1626/9588
f 1626/9589 1587/9590 1005/9591
f 547/9592 1017/9593 1586/9594
f 1586/9595 1625/9596 547/9597
f 301/9598 562/9599 1628/9600
f 1628/9601 1610/9602 301/9603
f 546/9604 427/9605 1609/9606
f 1609/9607 1627/9608 546/9609
f 1048/9610 1003/9611 1558/9612
f 1558/9613 1638/9614 1048/9615
f 1016/9616 1074/9617 1637/9618
f 1637/9619 1557/9620 1016/9621
f 1050/9622 1004/9623 1579/9624
f 1579/9625 1642/9626 1050/9627
f 1018/9628 1078/9629 1641/9630
f 1641/9631 1578/9632 1018/9633
f 1052/9634 1005/9635 1587/9636
f 1587/9637 1646/9638 1052/9639
f 1017/9640 1076/9641 1645/9642
f 1645/9643 1586/9644 1017/9645
f 1054/9646 1006/9647 1608/9648
f 1608/9649 1650/9650 1054/9651
f 1015/9652 1072/9653 1649/9654
f 1649/9655 1607/9656 1015/9657
f 1047/9658 1048/9659 1638/9660
f 1638/9661 1640/9662 1047/9663
f 1637/9664 1074/9665 1073/9666
f 1073/9667 1639/9668 1637/9669
f 1630/9670 276/9671 1047/9672
f 1047/9673 1640/9674 1630/9675
f 1639/9676 1073/9677 401/9678
f 401/9679 1629/9680 1639/9681
f 1644/9682 1049/9683 1050/9684
f 1050/9685 1642/9686 1644/9687
f 1078/9688 1077/9689 1643/9690
f 1643/9691 1641/9692 1078/9693
f 1632/9694 286/9695 1049/9696
f 1049/9697 1644/9698 1632/9699
f 1643/9700 1077/9701 403/9702
f 403/9703 1631/9704 1643/9705
f 1051/9706 1052/9707 1646/9708
f 1646/9709 1648/9710 1051/9711
f 1076/9712 1075/9713 1647/9714
f 1647/9715 1645/9716 1076/9717
f 1634/9718 290/9719 1051/9720
f 1051/9721 1648/9722 1634/9723
f 1647/9724 1075/9725 402/9726
f 402/9727 1633/9728 1647/9729
f 1652/9730 1053/9731 1054/9732
f 1054/9733 1650/9734 1652/9735
f 1072/9736 1071/9737 1651/9738
f 1651/9739 1649/9740 1072/9741
f 1636/9742 300/9743 1053/9744
f 1053/9745 1652/9746 1636/9747
f 1651/9748 1071/9749 400/9750
f 400/9751 1635/9752 1651/9753
f 277/9754 1147/9755 1654/9756
f 1654/9757 1561/9758 277/9759
f 1136/9760 198/9761 1560/9762
f 1560/9763 1653/9764 1136/9765
f 299/9766 1148/9767 1656/9768
f 1656/9769 1620/9770 299/9771
f 1135/9772 150/9773 1606/9774
f 1606/9775 1655/9776 1135/9777
f 284/9778 1205/9779 1658/9780
f 1658/9781 1575/9782 284/9783
f 1182/9784 192/9785 1574/9786
f 1574/9787 1657/9788 1182/9789
f 292/9790 1206/9791 1660/9792
f 1660/9793 1593/9794 292/9795
f 1181/9796 405/9797 1592/9798
f 1592/9799 1659/9800 1181/9801
f 1696/9802 147/9803 146/9804
f 146/9805 1682/9806 1696/9807
f 1695/9808 1696/9809 1682/9810
f 1682/9811 1683/9812 1695/9813
f 1684/9814 139/9815 138/9816
f 138/9817 1694/9818 1684/9819
f 559/9820 127/9821 1777/9822
f 1777/9823 1771/9824 559/9825
f 1771/9826 1777/9827 1776/9828
f 1776/9829 1770/9830 1771/9831
f 997/9832 539/9833 1769/9834
f 1769/9835 1775/9836 997/9837
f 162/9838 161/9839 1706/9840
f 1706/9841 1720/9842 162/9843
f 1720/9844 1706/9845 1707/9846
f 1707/9847 1719/9848 1720/9849
f 415/9850 416/9851 1718/9852
f 1718/9853 1708/9854 415/9855
f 143/9856 534/9857 1763/9858
f 1763/9859 1673/9860 143/9861
f 1673/9862 1763/9863 1764/9864
f 1764/9865 1674/9866 1673/9867
f 527/9868 142/9869 1675/9870
f 1675/9871 1765/9872 527/9873
f 144/9874 1203/9875 1817/9876
f 1817/9877 1676/9878 144/9879
f 1676/9880 1817/9881 1818/9882
f 1818/9883 1677/9884 1676/9885
f 1186/9886 141/9887 1678/9888
f 1678/9889 1819/9890 1186/9891
f 145/9892 144/9893 1676/9894
f 1676/9895 1679/9896 145/9897
f 1679/9898 1676/9899 1677/9900
f 1677/9901 1680/9902 1679/9903
f 141/9904 140/9905 1681/9906
f 1681/9907 1678/9908 141/9909
f 146/9910 145/9911 1679/9912
f 1679/9913 1682/9914 146/9915
f 1683/9916 1682/9917 1679/9918
f 1679/9919 1680/9920 1683/9921
f 1681/9922 140/9923 139/9924
f 139/9925 1684/9926 1681/9927
f 1685/9928 135/9929 511/9930
f 511/9931 1757/9932 1685/9933
f 1686/9934 1685/9935 1757/9936
f 1757/9937 1758/9938 1686/9939
f 1759/9940 411/9941 1687/9942
f 1688/9943 136/9944 196/9945
f 196/9946 1739/9947 1688/9948
f 1689/9949 1688/9950 1739/9951
f 1739/9952 1740/9953 1689/9954
f 1741/9955 197/9956 149/9957
f 149/9958 1690/9959 1741/9960
f 1691/9961 137/9962 136/9963
f 136/9964 1688/9965 1691/9966
f 1692/9967 1691/9968 1688/9969
f 1688/9970 1689/9971 1692/9972
f 1690/9973 149/9974 148/9975
f 148/9976 1693/9977 1690/9978
f 1694/9979 138/9980 137/9981
f 137/9982 1691/9983 1694/9984
f 1695/9985 1694/9986 1691/9987
f 1691/9988 1692/9989 1695/9990
f 1693/9991 148/9992 147/9993
f 147/9994 1696/9995 1693/9996
f 158/9997 526/9998 1766/9999
f 1766/10000 1697/10001 158/10002
f 1697/10003 1766/10004 1767/10005
f 1767/10006 1698/10007 1697/10008
f 535/10009 412/10010 1699/10011
f 1699/10012 1768/10013 535/10014
f 1700/10015 159/10016 1183/10017
f 1183/10018 1820/10019 1700/10020
f 1701/10021 1700/10022 1820/10023
f 1820/10024 1821/10025 1701/10026
f 1822/10027 1204/10028 152/10029
f 152/10030 1702/10031 1822/10032
f 160/10033 159/10034 1700/10035
f 1700/10036 1703/10037 160/10038
f 1703/10039 1700/10040 1701/10041
f 1701/10042 1704/10043 1703/10044
f 152/10045 414/10046 1705/10047
f 1705/10048 1702/10049 152/10050
f 161/10051 160/10052 1703/10053
f 1703/10054 1706/10055 161/10056
f 1706/10057 1703/10058 1704/10059
f 1704/10060 1707/10061 1706/10062
f 414/10063 415/10064 1708/10065
f 1708/10066 1705/10067 414/10068
f 1709/10069 520/10070 1760/10071
f 1709/10072 1760/10073 1761/10074
f 1761/10075 1710/10076 1709/10077
f 513/10078 165/10079 1711/10080
f 1711/10081 1762/10082 513/10083
f 418/10084 426/10085 1742/10086
f 1742/10087 1712/10088 418/10089
f 1712/10090 1742/10091 1743/10092
f 1743/10093 1713/10094 1712/10095
f 199/10096 164/10097 1714/10098
f 1714/10099 1744/10100 199/10101
f 417/10102 418/10103 1712/10104
f 1712/10105 1715/10106 417/10107
f 1715/10108 1712/10109 1713/10110
f 1713/10111 1716/10112 1715/10113
f 164/10114 163/10115 1717/10116
f 1717/10117 1714/10118 164/10119
f 416/10120 417/10121 1715/10122
f 1715/10123 1718/10124 416/10125
f 1718/10126 1715/10127 1716/10128
f 1716/10129 1719/10130 1718/10131
f 163/10132 162/10133 1720/10134
f 1720/10135 1717/10136 163/10137
f 999/10138 560/10139 1772/10140
f 1772/10141 1781/10142 999/10143
f 1781/10144 1772/10145 1773/10146
f 1773/10147 1782/10148 1781/10149
f 540/10150 132/10151 1783/10152
f 1783/10153 1774/10154 540/10155
f 178/10156 166/10157 1723/10158
f 1723/10159 1729/10160 178/10161
f 1729/10162 1723/10163 1722/10164
f 1722/10165 1728/10166 1729/10167
f 167/10168 184/10169 1727/10170
f 1727/10171 1721/10172 167/10173
f 185/10174 169/10175 1726/10176
f 1726/10177 1732/10178 185/10179
f 1732/10180 1726/10181 1725/10182
f 1725/10183 1731/10184 1732/10185
f 168/10186 422/10187 1730/10188
f 1730/10189 1724/10190 168/10191
f 505/10192 178/10193 1729/10194
f 1729/10195 1753/10196 505/10197
f 1753/10198 1729/10199 1728/10200
f 1728/10201 1752/10202 1753/10203
f 184/10204 492/10205 1751/10206
f 1751/10207 1727/10208 184/10209
f 493/10210 185/10211 1732/10212
f 1732/10213 1756/10214 493/10215
f 1756/10216 1732/10217 1731/10218
f 1731/10219 1755/10220 1756/10221
f 422/10222 506/10223 1754/10224
f 1754/10225 1730/10226 422/10227
f 142/10228 190/10229 1735/10230
f 1735/10231 1675/10232 142/10233
f 1675/10234 1735/10235 1734/10236
f 1734/10237 1674/10238 1675/10239
f 191/10240 143/10241 1673/10242
f 1673/10243 1733/10244 191/10245
f 412/10246 424/10247 1738/10248
f 1738/10249 1699/10250 412/10251
f 1698/10252 1699/10253 1738/10254
f 1738/10255 1737/10256 1698/10257
f 193/10258 158/10259 1697/10260
f 1697/10261 1736/10262 193/10263
f 1813/10264 1145/10265 197/10266
f 197/10267 1741/10268 1813/10269
f 1812/10270 1813/10271 1741/10272
f 1741/10273 1740/10274 1812/10275
f 1739/10276 196/10277 1138/10278
f 1138/10279 1811/10280 1739/10281
f 1137/10282 199/10283 1744/10284
f 1744/10285 1816/10286 1137/10287
f 1816/10288 1744/10289 1743/10290
f 1743/10291 1815/10292 1816/10293
f 426/10294 1146/10295 1814/10296
f 1814/10297 1742/10298 426/10299
f 166/10300 233/10301 1747/10302
f 1747/10303 1723/10304 166/10305
f 1723/10306 1747/10307 1746/10308
f 1746/10309 1722/10310 1723/10311
f 227/10312 167/10313 1721/10314
f 1721/10315 1745/10316 227/10317
f 169/10318 228/10319 1750/10320
f 1750/10321 1726/10322 169/10323
f 1726/10324 1750/10325 1749/10326
f 1749/10327 1725/10328 1726/10329
f 428/10330 168/10331 1724/10332
f 1724/10333 1748/10334 428/10335
f 996/10336 505/10337 1753/10338
f 1753/10339 1666/10340 996/10341
f 1666/10342 1753/10343 1752/10344
f 1752/10345 1665/10346 1666/10347
f 492/10348 130/10349 1664/10350
f 1664/10351 1751/10352 492/10353
f 1002/10354 493/10355 1756/10356
f 1756/10357 1784/10358 1002/10359
f 1784/10360 1756/10361 1755/10362
f 1755/10363 1785/10364 1784/10365
f 506/10366 133/10367 1786/10368
f 1786/10369 1754/10370 506/10371
f 995/10372 411/10373 1759/10374
f 1759/10375 1663/10376 995/10377
f 1663/10378 1759/10379 1758/10380
f 1758/10381 1662/10382 1663/10383
f 511/10384 129/10385 1661/10386
f 1661/10387 1757/10388 511/10389
f 998/10390 513/10391 1762/10392
f 1762/10393 1778/10394 998/10395
f 1778/10396 1762/10397 1761/10398
f 1761/10399 1779/10400 1778/10401
f 1760/10402 520/10403 128/10404
f 128/10405 1780/10406 1760/10407
f 1000/10408 527/10409 1765/10410
f 1765/10411 1669/10412 1000/10413
f 1669/10414 1765/10415 1764/10416
f 1764/10417 1668/10418 1669/10419
f 534/10420 131/10421 1667/10422
f 1667/10423 1763/10424 534/10425
f 1001/10426 535/10427 1768/10428
f 1768/10429 1672/10430 1001/10431
f 1672/10432 1768/10433 1767/10434
f 1767/10435 1671/10436 1672/10437
f 526/10438 134/10439 1670/10440
f 1670/10441 1766/10442 526/10443
f 233/10444 559/10445 1771/10446
f 1771/10447 1747/10448 233/10449
f 1747/10450 1771/10451 1770/10452
f 1770/10453 1746/10454 1747/10455
f 539/10456 227/10457 1745/10458
f 1745/10459 1769/10460 539/10461
f 228/10462 540/10463 1774/10464
f 1774/10465 1750/10466 228/10467
f 1750/10468 1774/10469 1773/10470
f 1773/10471 1749/10472 1750/10473
f 560/10474 428/10475 1748/10476
f 1748/10477 1772/10478 560/10479
f 1032/10480 995/10481 1663/10482
f 1663/10483 1789/10484 1032/10485
f 1789/10486 1663/10487 1662/10488
f 1662/10489 1788/10490 1789/10491
f 129/10492 1035/10493 1787/10494
f 1787/10495 1661/10496 129/10497
f 1795/10498 1034/10499 996/10500
f 996/10501 1666/10502 1795/10503
f 1795/10504 1666/10505 1665/10506
f 1665/10507 1794/10508 1795/10509
f 130/10510 1037/10511 1793/10512
f 1793/10513 1664/10514 130/10515
f 1042/10516 1000/10517 1669/10518
f 1669/10519 1801/10520 1042/10521
f 1801/10522 1669/10523 1668/10524
f 1668/10525 1800/10526 1801/10527
f 131/10528 1039/10529 1799/10530
f 1799/10531 1667/10532 131/10533
f 1044/10534 1001/10535 1672/10536
f 1672/10537 1807/10538 1044/10539
f 1807/10540 1672/10541 1671/10542
f 1671/10543 1806/10544 1807/10545
f 134/10546 1045/10547 1805/10548
f 1805/10549 1670/10550 134/10551
f 1031/10552 1032/10553 1789/10554
f 1789/10555 1792/10556 1031/10557
f 1792/10558 1789/10559 1788/10560
f 1788/10561 1791/10562 1792/10563
f 1035/10564 1036/10565 1790/10566
f 1790/10567 1787/10568 1035/10569
f 127/10570 1031/10571 1792/10572
f 1792/10573 1777/10574 127/10575
f 1777/10576 1792/10577 1791/10578
f 1791/10579 1776/10580 1777/10581
f 1036/10582 997/10583 1775/10584
f 1775/10585 1790/10586 1036/10587
f 1798/10588 1033/10589 1034/10590
f 1034/10591 1795/10592 1798/10593
f 1798/10594 1795/10595 1794/10596
f 1794/10597 1797/10598 1798/10599
f 1037/10600 1038/10601 1796/10602
f 1796/10603 1793/10604 1037/10605
f 1780/10606 128/10607 1033/10608
f 1033/10609 1798/10610 1780/10611
f 1779/10612 1780/10613 1798/10614
f 1798/10615 1797/10616 1779/10617
f 1038/10618 998/10619 1778/10620
f 1778/10621 1796/10622 1038/10623
f 1041/10624 1042/10625 1801/10626
f 1801/10627 1804/10628 1041/10629
f 1804/10630 1801/10631 1800/10632
f 1800/10633 1803/10634 1804/10635
f 1039/10636 1040/10637 1802/10638
f 1802/10639 1799/10640 1039/10641
f 132/10642 1041/10643 1804/10644
f 1804/10645 1783/10646 132/10647
f 1783/10648 1804/10649 1803/10650
f 1803/10651 1782/10652 1783/10653
f 1040/10654 999/10655 1781/10656
f 1781/10657 1802/10658 1040/10659
f 1043/10660 1044/10661 1807/10662
f 1807/10663 1810/10664 1043/10665
f 1810/10666 1807/10667 1806/10668
f 1806/10669 1809/10670 1810/10671
f 1045/10672 1046/10673 1808/10674
f 1808/10675 1805/10676 1045/10677
f 133/10678 1043/10679 1810/10680
f 1810/10681 1786/10682 133/10683
f 1786/10684 1810/10685 1809/10686
f 1809/10687 1785/10688 1786/10689
f 1046/10690 1002/10691 1784/10692
f 1784/10693 1808/10694 1046/10695
f 1687/10696 411/10697 1145/10698
f 1145/10699 1813/10700 1687/10701
f 1686/10702 1687/10703 1813/10704
f 1813/10705 1812/10706 1686/10707
f 1811/10708 1138/10709 135/10710
f 135/10711 1685/10712 1811/10713
f 165/10714 1137/10715 1816/10716
f 1816/10717 1711/10718 165/10719
f 1711/10720 1816/10721 1815/10722
f 1815/10723 1710/10724 1711/10725
f 1146/10726 520/10727 1709/10728
f 1709/10729 1814/10730 1146/10731
f 190/10732 1186/10733 1819/10734
f 1819/10735 1735/10736 190/10737
f 1735/10738 1819/10739 1818/10740
f 1818/10741 1734/10742 1735/10743
f 1203/10744 191/10745 1733/10746
f 1733/10747 1817/10748 1203/10749
f 1738/10750 424/10751 1204/10752
f 1204/10753 1822/10754 1738/10755
f 1737/10756 1738/10757 1822/10758
f 1822/10759 1821/10760 1737/10761
f 1820/10762 1183/10763 193/10764
f 193/10765 1736/10766 1820/10767
f 1824/10768 519/10769 352/10770
f 352/10771 1857/10772 1824/10773
f 1143/10774 519/10775 1824/10776
f 1824/10777 1869/10778 1143/10779
f 354/10780 353/10781 1825/10782
f 1825/10783 1826/10784 354/10785
f 355/10786 354/10787 1826/10788
f 1826/10789 1827/10790 355/10791
f 356/10792 355/10793 1827/10794
f 1827/10795 1828/10796 356/10797
f 357/10798 356/10799 1828/10800
f 1828/10801 1829/10802 357/10803
f 358/10804 357/10805 1829/10806
f 1829/10807 1830/10808 358/10809
f 359/10810 358/10811 1830/10812
f 1830/10813 1831/10814 359/10815
f 1199/10816 359/10817 1831/10818
f 1831/10819 1871/10820 1199/10821
f 361/10822 360/10823 1832/10824
f 1832/10825 1854/10826 361/10827
f 1852/10828 504/10829 362/10830
f 362/10831 1858/10832 1852/10833
f 364/10834 363/10835 1834/10836
f 1834/10837 1835/10838 364/10839
f 365/10840 364/10841 1835/10842
f 1835/10843 1836/10844 365/10845
f 557/10846 365/10847 1836/10848
f 1836/10849 1855/10850 557/10851
f 1838/10852 533/10853 366/10854
f 366/10855 1859/10856 1838/10857
f 367/10858 533/10859 1838/10860
f 1838/10861 1839/10862 367/10863
f 1200/10864 367/10865 1839/10866
f 1839/10867 1872/10868 1200/10869
f 369/10870 368/10871 1840/10872
f 1840/10873 1841/10874 369/10875
f 370/10876 369/10877 1841/10878
f 1841/10879 1842/10880 370/10881
f 371/10882 370/10883 1842/10884
f 1842/10885 1843/10886 371/10887
f 372/10888 371/10889 1843/10890
f 1843/10891 1844/10892 372/10893
f 373/10894 372/10895 1844/10896
f 1844/10897 1845/10898 373/10899
f 374/10900 373/10901 1845/10902
f 1845/10903 1846/10904 374/10905
f 1144/10906 374/10907 1846/10908
f 1846/10909 1870/10910 1144/10911
f 1856/10912 558/10913 376/10914
f 376/10915 1860/10916 1856/10917
f 378/10918 377/10919 1848/10920
f 1848/10921 1849/10922 378/10923
f 379/10924 378/10925 1849/10926
f 1849/10927 1850/10928 379/10929
f 503/10930 379/10931 1850/10932
f 1850/10933 1851/10934 503/10935
f 1011/10936 503/10937 1851/10938
f 1851/10939 1823/10940 1011/10941
f 1834/10942 363/10943 504/10944
f 504/10945 1852/10946 1834/10947
f 1014/10948 375/10949 1853/10950
f 1853/10951 1847/10952 1014/10953
f 1012/10954 361/10955 1854/10956
f 1854/10957 1833/10958 1012/10959
f 1013/10960 557/10961 1855/10962
f 1855/10963 1837/10964 1013/10965
f 1848/10966 377/10967 558/10968
f 558/10969 1856/10970 1848/10971
f 1063/10972 1011/10973 1823/10974
f 1823/10975 1861/10976 1063/10977
f 1065/10978 1012/10979 1833/10980
f 1833/10981 1863/10982 1065/10983
f 1067/10984 1013/10985 1837/10986
f 1837/10987 1865/10988 1067/10989
f 1069/10990 1014/10991 1847/10992
f 1847/10993 1867/10994 1069/10995
f 1064/10996 1063/10997 1861/10998
f 1861/10999 1862/11000 1064/11001
f 1857/11002 352/11003 1064/11004
f 1064/11005 1862/11006 1857/11007
f 1066/11008 1065/11009 1863/11010
f 1863/11011 1864/11012 1066/11013
f 1858/11014 362/11015 1066/11016
f 1066/11017 1864/11018 1858/11019
f 1068/11020 1067/11021 1865/11022
f 1865/11023 1866/11024 1068/11025
f 1859/11026 366/11027 1068/11028
f 1068/11029 1866/11030 1859/11031
f 1070/11032 1069/11033 1867/11034
f 1867/11035 1868/11036 1070/11037
f 1860/11038 376/11039 1070/11040
f 1070/11041 1868/11042 1860/11043
f 353/11044 1143/11045 1869/11046
f 1869/11047 1825/11048 353/11049
f 375/11050 1144/11051 1870/11052
f 1870/11053 1853/11054 375/11055
f 360/11056 1199/11057 1871/11058
f 1871/11059 1832/11060 360/11061
f 368/11062 1200/11063 1872/11064
f 1872/11065 1840/11066 368/11067
f 333/11068 332/11069 1873/11070
f 1873/11071 1874/11072 333/11073
f 334/11074 333/11075 1874/11076
f 1874/11077 1875/11078 334/11079
f 1876/11080 335/11081 334/11082
f 334/11083 1875/11084 1876/11085
f 1197/11086 335/11087 1876/11088
f 1876/11089 1893/11090 1197/11091
f 337/11092 336/11093 1877/11094
f 1877/11095 1878/11096 337/11097
f 338/11098 337/11099 1878/11100
f 1878/11101 1879/11102 338/11103
f 339/11104 338/11105 1879/11106
f 1879/11107 1880/11108 339/11109
f 340/11110 339/11111 1880/11112
f 1880/11113 1881/11114 340/11115
f 341/11116 340/11117 1881/11118
f 1881/11119 1882/11120 341/11121
f 1883/11122 342/11123 341/11124
f 341/11125 1882/11126 1883/11127
f 343/11128 342/11129 1883/11130
f 1883/11131 1884/11132 343/11133
f 344/11134 343/11135 1884/11136
f 1884/11137 1885/11138 344/11139
f 1886/11140 345/11141 344/11142
f 344/11143 1885/11144 1886/11145
f 346/11146 345/11147 1886/11148
f 1886/11149 1887/11150 346/11151
f 347/11152 346/11153 1887/11154
f 1887/11155 1888/11156 347/11157
f 348/11158 347/11159 1888/11160
f 1888/11161 1889/11162 348/11163
f 349/11164 348/11165 1889/11166
f 1889/11167 1890/11168 349/11169
f 350/11170 349/11171 1890/11172
f 1890/11173 1891/11174 350/11175
f 351/11176 350/11177 1891/11178
f 1891/11179 1892/11180 351/11181
f 1894/11182 1198/11183 351/11184
f 351/11185 1892/11186 1894/11187
f 336/11188 1197/11189 1893/11190
f 1893/11191 1877/11192 336/11193
f 1873/11194 332/11195 1198/11196
f 1198/11197 1894/11198 1873/11199
f 1414/11200 1419/11201 1180/11202
f 1415/11203 1297/11204 1418/11205
f 1417/11206 1298/11207 1420/11208
f 1415/11209 1418/11210 1419/11211
f 1419/11212 1414/11213 1415/11214
f 1414/11215 1413/11216 1416/11217
f 1416/11218 1415/11219 1414/11220
f 1399/11221 1402/11222 1401/11223
f 1401/11224 1400/11225 1399/11226
f 1400/11227 1401/11228 1404/11229
f 1404/11230 1397/11231 1400/11232
f 1398/11233 1417/11234 1418/11235
f 1418/11236 1397/11237 1398/11238
f 1417/11239 1420/11240 1419/11241
f 1419/11242 1418/11243 1417/11244
f 1431/11245 1436/11246 1435/11247
f 1435/11248 1432/11249 1431/11250
f 1434/11251 1433/11252 1436/11253
f 1436/11254 1431/11255 1434/11256
f 1373/11257 1376/11258 1375/11259
f 1375/11260 1378/11261 1373/11262
f 1374/11263 1373/11264 1378/11265
f 1374/11266 1378/11267 1377/11268
f 1124/11269 658/11270 1160/11271
f 1124/11272 1160/11273 1298/11274
f 1124/11275 1298/11276 1417/11277
f 1398/11278 1124/11279 1417/11280
f 1905/11281 1895/11282 1904/11283
f 1929/11284 1906/11285 1914/11286
f 1929/11287 1914/11288 1902/11289
f 1907/11290 1897/11291 1930/11292
f 1930/11293 1897/11294 1916/11295
f 1908/11296 1898/11297 1909/11298
f 1901/11299 1899/11300 1923/11301
f 1897/11302 1907/11303 1910/11304
f 1911/11305 1916/11306 1897/11307
f 1898/11308 1908/11309 1912/11310
f 1913/11311 1909/11312 1898/11313
f 1899/11314 1901/11315 1917/11316
f 1901/11317 1923/11318 1900/11319
f 1924/11320 1925/11321 1920/11322
f 1916/11323 1909/11324 1930/11325
f 1914/11326 1906/11327 1926/11328
f 1922/11329 1930/11330 1909/11331
f 1919/11332 1928/11333 1899/11334
f 1929/11335 1930/11336 1922/11337
f 2021/11338 2022/11339 1943/11340
f 2016/11341 1959/11342 2015/11343
f 2018/11344 1939/11345 2017/11346
f 2007/11347 2008/11348 1975/11349
f 2020/11350 1974/11351 2036/11352
f 1959/11353 2016/11354 2017/11355
f 1980/11356 2014/11357 1950/11358
f 1982/11359 2011/11360 1954/11361
f 2020/11362 2028/11363 2035/11364
f 2022/11365 1934/11366 2024/11367
f 1943/11368 1944/11369 2025/11370
f 1977/11371 1994/11372 1993/11373
f 2031/11374 1993/11375 1992/11376
f 1992/11377 1993/11378 1994/11379
f 2000/11380 2004/11381 1989/11382
f 1990/11383 2003/11384 1999/11385
f 1989/11386 2005/11387 2000/11388
f 1992/11389 1991/11390 2031/11391
f 1994/11392 2027/11393 1992/11394
f 1995/11395 2027/11396 1994/11397
f 1999/11398 2034/11399 1990/11400
f 2010/11401 1955/11402 2011/11403
f 2012/11404 1979/11405 2013/11406
f 2014/11407 1980/11408 2015/11409
f 2016/11410 1970/11411 2017/11412
f 1948/11413 1947/11414 1949/11415
f 2022/11416 2021/11417 1934/11418
f 1943/11419 2023/11420 1944/11421
f 2027/11422 1995/11423 1985/11424
f 1994/11425 2026/11426 1995/11427
f 2002/11428 2001/11429 2007/11430
f 2007/11431 2006/11432 2008/11433
f 1969/11434 1949/11435 1947/11436
f 2158/11437 2152/11438 2155/11439
f 2061/11440 2149/11441 2155/11442
f 2084/11443 2083/11444 2064/11445
f 2042/11446 2067/11447 2054/11448
f 2143/11449 2123/11450 2115/11451
f 2168/11452 2068/11453 2044/11454
f 2044/11455 2068/11456 2151/11457
f 2093/11458 2091/11459 2124/11460
f 2094/11461 2093/11462 2054/11463
f 2125/11464 2145/11465 2095/11466
f 2125/11467 2095/11468 2094/11469
f 2146/11470 2109/11471 2150/11472
f 2071/11473 2147/11474 2146/11475
f 2072/11476 2134/11477 2147/11478
f 2073/11479 2096/11480 2140/11481
f 2057/11482 2090/11483 2098/11484
f 2047/11485 2093/11486 2101/11487
f 2048/11488 2128/11489 2095/11490
f 2103/11491 2130/11492 2131/11493
f 2107/11494 2118/11495 2051/11496
f 2075/11497 2057/11498 2173/11499
f 2172/11500 2140/11501 2171/11502
f 2098/11503 2141/11504 2174/11505
f 2156/11506 2114/11507 2176/11508
f 2063/11509 2152/11510 2080/11511
f 2152/11512 2158/11513 2080/11514
f 2112/11515 2113/11516 2082/11517
f 2058/11518 2112/11519 2076/11520
f 2124/11521 2090/11522 2084/11523
f 2087/11524 2096/11525 2072/11526
f 2151/11527 2068/11528 2089/11529
f 2124/11530 2085/11531 2092/11532
f 2094/11533 2128/11534 2101/11535
f 2145/11536 2129/11537 2095/11538
f 2145/11539 2102/11540 2129/11541
f 2103/11542 2102/11543 2109/11544
f 2104/11545 2130/11546 2146/11547
f 2056/11548 2088/11549 2072/11550
f 2147/11551 2105/11552 2132/11553
f 2140/11554 2172/11555 2077/11556
f 2077/11557 2097/11558 2140/11559
f 2057/11560 2098/11561 2173/11562
f 2107/11563 2073/11564 2097/11565
f 2156/11566 2176/11567 2154/11568
f 2069/11569 2175/11570 2079/11571
f 2141/11572 2098/11573 2148/11574
f 2053/11575 2142/11576 2074/11577
f 2142/11578 2139/11579 2074/11580
f 2112/11581 2052/11582 2143/11583
f 2157/11584 2112/11585 2082/11586
f 2125/11587 2055/11588 2089/11589
f 2125/11590 2089/11591 2068/11592
f 2155/11593 2144/11594 2110/11595
f 2110/11596 2158/11597 2155/11598
f 2158/11599 2074/11600 2111/11601
f 2153/11602 2113/11603 2114/11604
f 2114/11605 2113/11606 2058/11607
f 2114/11608 2144/11609 2153/11610
f 2158/11611 2110/11612 2074/11613
f 2083/11614 2075/11615 2076/11616
f 2064/11617 2083/11618 2115/11619
f 2084/11620 2065/11621 2124/11622
f 2054/11623 2092/11624 2066/11625
f 2170/11626 2171/11627 2086/11628
f 2165/11629 2053/11630 2170/11631
f 2072/11632 2121/11633 2087/11634
f 2120/11635 2086/11636 2087/11637
f 2121/11638 2072/11639 2088/11640
f 2056/11641 2122/11642 2088/11643
f 2122/11644 2056/11645 2071/11646
f 2118/11647 2161/11648 2051/11649
f 2045/11650 2137/11651 2141/11652
f 2076/11653 2173/11654 2058/11655
f 2144/11656 2172/11657 2170/11658
f 2174/11659 2141/11660 2114/11661
f 2077/11662 2117/11663 2175/11664
f 2176/11665 2114/11666 2141/11667
f 2055/11668 2159/11669 2089/11670
f 2210/11671 2220/11672 2227/11673
f 2210/11674 2227/11675 2228/11676
f 2184/11677 2181/11678 2219/11679
f 2184/11680 2199/11681 2181/11682
f 2220/11683 2198/11684 2227/11685
f 2194/11686 2236/11687 2221/11688
f 2240/11689 2195/11690 2241/11691
f 2200/11692 2240/11693 2207/11694
f 2208/11695 2181/11696 2244/11697
f 2208/11698 2244/11699 2204/11700
f 2209/11701 2198/11702 2212/11703
f 2212/11704 2182/11705 2209/11706
f 2199/11707 2244/11708 2181/11709
f 2210/11710 2188/11711 2197/11712
f 2188/11713 2214/11714 2197/11715
f 2201/11716 2215/11717 2246/11718
f 2225/11719 2216/11720 2189/11721
f 2211/11722 2225/11723 2247/11724
f 2247/11725 2217/11726 2211/11727
f 2217/11728 2190/11729 2211/11730
f 2248/11731 2218/11732 2191/11733
f 2248/11734 2191/11735 2249/11736
f 2226/11737 2248/11738 2249/11739
f 2226/11740 2219/11741 2181/11742
f 2182/11743 2212/11744 2223/11745
f 2210/11746 2197/11747 2212/11748
f 2198/11749 2220/11750 2212/11751
f 2213/11752 2204/11753 2244/11754
f 2199/11755 2184/11756 2250/11757
f 2251/11758 2227/11759 2198/11760
f 2198/11761 2187/11762 2252/11763
f 2252/11764 2186/11765 2198/11766
f 2253/11767 2185/11768 2199/11769
f 2199/11770 2183/11771 2253/11772
f 2208/11773 2204/11774 2182/11775
f 2213/11776 2240/11777 2200/11778
f 2205/11779 2209/11780 2204/11781
f 2242/11782 2224/11783 2236/11784
f 2242/11785 2193/11786 2243/11787
f 2224/11788 2243/11789 2202/11790
f 2211/11791 2201/11792 2225/11793
f 2201/11794 2211/11795 2226/11796
f 2211/11797 2248/11798 2226/11799
f 2297/11800 2259/11801 2358/11802
f 2359/11803 2295/11804 2296/11805
f 2269/11806 2294/11807 2359/11808
f 2371/11809 2357/11810 2264/11811
f 2344/11812 2355/11813 2287/11814
f 2360/11815 2286/11816 2279/11817
f 2299/11818 2360/11819 2300/11820
f 2361/11821 2360/11822 2365/11823
f 2360/11824 2279/11825 2271/11826
f 2258/11827 2298/11828 2361/11829
f 2363/11830 2322/11831 2373/11832
f 2301/11833 2366/11834 2362/11835
f 2276/11836 2374/11837 2301/11838
f 2259/11839 2297/11840 2362/11841
f 2297/11842 2296/11843 2302/11844
f 2332/11845 2307/11846 2304/11847
f 2375/11848 2277/11849 2345/11850
f 2277/11851 2375/11852 2339/11853
f 2377/11854 2278/11855 2346/11856
f 2363/11857 2303/11858 2364/11859
f 2363/11860 2364/11861 2365/11862
f 2365/11863 2325/11864 2347/11865
f 2259/11866 2362/11867 2366/11868
f 2259/11869 2366/11870 2305/11871
f 2260/11872 2358/11873 2332/11874
f 2333/11875 2305/11876 2379/11877
f 2328/11878 2266/11879 2281/11880
f 2352/11881 2327/11882 2289/11883
f 2319/11884 2288/11885 2321/11886
f 2312/11887 2351/11888 2328/11889
f 2312/11890 2276/11891 2373/11892
f 2312/11893 2373/11894 2322/11895
f 2369/11896 2291/11897 2290/11898
f 2265/11899 2285/11900 2357/11901
f 2320/11902 2376/11903 2342/11904
f 2320/11905 2285/11906 2376/11907
f 2313/11908 2327/11909 2338/11910
f 2317/11911 2273/11912 2338/11913
f 2367/11914 2313/11915 2339/11916
f 2313/11917 2316/11918 2339/11919
f 2379/11920 2349/11921 2340/11922
f 2349/11923 2348/11924 2340/11925
f 2338/11926 2352/11927 2353/11928
f 2287/11929 2268/11930 2272/11931
f 2336/11932 2264/11933 2293/11934
f 2350/11935 2289/11936 2324/11937
f 2268/11938 2319/11939 2372/11940
f 2312/11941 2354/11942 2276/11943
f 2323/11944 2350/11945 2324/11946
f 2315/11947 2345/11948 2277/11949
f 2346/11950 2285/11951 2265/11952
f 2322/11953 2351/11954 2312/11955
f 2266/11956 2328/11957 2351/11958
f 2377/11959 2326/11960 2380/11961
f 2319/11962 2268/11963 2288/11964
f 2352/11965 2380/11966 2326/11967
f 2313/11968 2367/11969 2327/11970
f 2367/11971 2289/11972 2327/11973
f 2371/11974 2264/11975 2370/11976
f 2357/11977 2320/11978 2263/11979
f 2387/11980 2427/11981 2432/11982
f 2431/11983 2387/11984 2432/11985
f 2401/11986 2381/11987 2402/11988
f 2403/11989 2402/11990 2382/11991
f 2410/11992 2413/11993 2411/11994
f 2415/11995 2383/11996 2381/11997
f 2468/11998 2469/11999 2418/12000
f 2470/12001 2471/12002 2419/12003
f 2475/12004 2476/12005 2422/12006
f 2480/12007 2463/12008 2425/12009
f 2469/12010 2471/12011 2470/12012
f 2488/12013 2490/12014 2513/12015
f 2529/12016 2531/12017 2507/12018
f 2494/12019 2493/12020 2507/12021
f 2482/12022 2511/12023 2497/12024
f 2492/12025 2537/12026 2530/12027
f 2492/12028 2515/12029 2487/12030
f 2502/12031 2510/12032 2483/12033
f 2490/12034 2488/12035 2506/12036
f 2510/12037 2511/12038 2483/12039
f 2490/12040 2492/12041 2513/12042
f 2493/12043 2489/12044 2507/12045
f 2512/12046 2507/12047 2489/12048
f 2492/12049 2490/12050 2515/12051
f 2505/12052 2504/12053 2516/12054
f 1896/12055 1904/12056 1895/12057
f 1925/12058 1897/12059 1896/12060
f 1910/12061 1896/12062 1897/12063
f 1921/12064 1912/12065 1920/12066
f 1911/12067 1925/12068 1927/12069
f 1915/12070 1920/12071 1912/12072
f 1928/12073 1913/12074 1921/12075
f 1921/12076 1913/12077 1898/12078
f 1900/12079 1902/12080 1914/12081
f 1903/12082 1917/12083 1926/12084
f 1922/12085 1906/12086 1929/12087
f 1917/12088 1901/12089 1926/12090
f 1907/12091 1930/12092 1929/12093
f 1909/12094 1919/12095 1918/12096
f 1907/12097 1904/12098 1910/12099
f 1927/12100 1916/12101 1911/12102
f 1908/12103 1915/12104 1912/12105
f 1903/12106 1906/12107 1922/12108
f 1922/12109 1909/12110 1903/12111
f 1901/12112 1900/12113 1914/12114
f 1927/12115 1925/12116 1924/12117
f 1920/12118 1915/12119 1924/12120
f 1902/12121 1907/12122 1929/12123
f 1908/12124 1909/12125 1916/12126
f 1916/12127 1927/12128 1908/12129
f 1914/12130 1926/12131 1901/12132
f 1924/12133 1915/12134 1927/12135
f 1908/12136 1927/12137 1915/12138
f 1905/12139 1904/12140 1902/12141
f 1919/12142 1899/12143 1917/12144
f 1909/12145 1918/12146 1903/12147
f 1918/12148 1917/12149 1903/12150
f 1981/12151 1958/12152 1964/12153
f 1917/12154 1918/12155 1919/12156
f 1978/12157 2012/12158 2013/12159
f 1969/12160 1947/12161 2040/12162
f 1982/12163 2009/12164 2010/12165
f 1956/12166 1961/12167 1983/12168
f 1936/12169 2028/12170 1937/12171
f 1933/12172 2023/12173 2022/12174
f 1942/12175 2021/12176 1943/12177
f 1946/12178 2040/12179 1947/12180
f 2036/12181 1964/12182 1958/12183
f 1949/12184 1969/12185 1972/12186
f 2008/12187 1963/12188 1975/12189
f 1969/12190 1966/12191 1972/12192
f 1950/12193 2013/12194 1983/12195
f 1951/12196 1978/12197 1952/12198
f 1954/12199 2012/12200 1981/12201
f 1931/12202 2041/12203 2038/12204
f 1979/12205 1955/12206 1956/12207
f 2015/12208 1951/12209 1952/12210
f 2019/12211 2037/12212 1976/12213
f 2024/12214 2041/12215 1932/12216
f 2019/12217 1934/12218 1935/12219
f 2035/12220 2029/12221 2007/12222
f 1940/12223 1993/12224 2029/12225
f 1993/12226 2025/12227 1977/12228
f 1944/12229 1997/12230 2026/12231
f 1997/12232 2030/12233 2032/12234
f 2014/12235 1978/12236 2013/12237
f 1953/12238 2012/12239 1978/12240
f 1979/12241 1983/12242 2013/12243
f 1959/12244 1951/12245 2015/12246
f 1931/12247 1969/12248 2040/12249
f 1950/12250 2016/12251 1980/12252
f 2015/12253 1952/12254 2014/12255
f 1964/12256 1954/12257 1981/12258
f 1953/12259 1957/12260 1958/12261
f 2009/12262 1955/12263 2010/12264
f 1954/12265 1963/12266 1982/12267
f 2010/12268 2011/12269 1982/12270
f 1960/12271 1983/12272 1961/12273
f 1955/12274 1966/12275 1956/12276
f 1937/12277 1935/12278 1936/12279
f 1941/12280 2028/12281 1942/12282
f 2022/12283 1932/12284 1933/12285
f 1945/12286 2023/12287 1946/12288
f 1943/12289 1941/12290 1942/12291
f 1935/12292 2021/12293 1936/12294
f 1947/12295 1945/12296 1946/12297
f 1932/12298 2040/12299 1933/12300
f 1939/12301 1967/12302 2017/12303
f 1968/12304 2018/12305 1970/12306
f 2006/12307 1971/12308 2008/12309
f 1973/12310 2007/12311 1975/12312
f 2035/12313 1974/12314 2020/12315
f 1972/12316 1948/12317 1949/12318
f 2036/12319 1967/12320 1938/12321
f 1968/12322 1969/12323 2039/12324
f 1960/12325 1970/12326 2016/12327
f 2017/12328 1957/12329 1959/12330
f 1958/12331 1967/12332 2036/12333
f 1973/12334 1964/12335 1974/12336
f 1962/12337 1975/12338 1963/12339
f 2008/12340 1965/12341 2009/12342
f 1966/12343 1971/12344 1972/12345
f 1968/12346 1961/12347 1969/12348
f 1984/12349 1991/12350 1992/12351
f 2029/12352 1993/12353 2031/12354
f 2026/12355 1994/12356 1977/12357
f 1984/12358 2027/12359 1985/12360
f 1986/12361 1996/12362 1987/12363
f 1987/12364 1998/12365 1988/12366
f 2004/12367 2001/12368 2002/12369
f 2001/12370 1990/12371 2034/12372
f 2001/12373 2003/12374 1990/12375
f 2004/12376 2002/12377 1989/12378
f 2002/12379 2005/12380 1989/12381
f 1996/12382 2026/12383 1997/12384
f 2032/12385 1996/12386 1997/12387
f 1979/12388 2011/12389 1955/12390
f 1991/12391 2005/12392 2031/12393
f 1934/12394 2041/12395 2024/12396
f 1980/12397 2016/12398 2015/12399
f 1970/12400 2018/12401 2017/12402
f 2032/12403 2006/12404 2001/12405
f 2022/12406 2023/12407 1943/12408
f 1944/12409 1977/12410 2025/12411
f 2036/12412 2028/12413 2020/12414
f 2004/12415 2000/12416 1999/12417
f 1999/12418 2003/12419 2004/12420
f 1995/12421 1986/12422 1985/12423
f 2001/12424 2006/12425 2007/12426
f 1938/12427 1937/12428 2036/12429
f 2018/12430 2039/12431 2038/12432
f 2038/12433 2039/12434 1931/12435
f 1938/12436 1939/12437 1976/12438
f 1938/12439 1976/12440 2037/12441
f 2031/12442 2007/12443 2029/12444
f 2028/12445 1940/12446 2035/12447
f 2039/12448 1969/12449 1931/12450
f 1991/12451 2000/12452 2005/12453
f 1999/12454 1998/12455 2034/12456
f 1998/12457 2001/12458 2034/12459
f 2002/12460 2031/12461 2005/12462
f 2019/12463 1939/12464 2018/12465
f 1948/12466 2032/12467 2030/12468
f 2041/12469 2018/12470 2038/12471
f 2061/12472 2152/12473 2063/12474
f 2030/12475 1947/12476 1948/12477
f 2018/12478 2041/12479 2019/12480
f 2125/12481 2159/12482 2055/12483
f 2163/12484 2067/12485 2042/12486
f 2145/12487 2150/12488 2109/12489
f 2042/12490 2054/12491 2164/12492
f 2066/12493 2164/12494 2054/12495
f 2170/12496 2086/12497 2165/12498
f 2120/12499 2165/12500 2086/12501
f 2120/12502 2087/12503 2166/12504
f 2087/12505 2121/12506 2166/12507
f 2070/12508 2121/12509 2088/12510
f 2088/12511 2122/12512 2070/12513
f 2169/12514 2044/12515 2151/12516
f 2089/12517 2169/12518 2151/12519
f 2092/12520 2054/12521 2124/12522
f 2093/12523 2124/12524 2054/12525
f 2125/12526 2094/12527 2054/12528
f 2125/12529 2068/12530 2150/12531
f 2046/12532 2099/12533 2091/12534
f 2146/12535 2150/12536 2071/12537
f 2071/12538 2056/12539 2072/12540
f 2072/12541 2147/12542 2071/12543
f 2072/12544 2096/12545 2073/12546
f 2073/12547 2134/12548 2072/12549
f 2149/12550 2061/12551 2153/12552
f 2153/12553 2144/12554 2149/12555
f 2090/12556 2124/12557 2098/12558
f 2091/12559 2098/12560 2124/12561
f 2148/12562 2126/12563 2045/12564
f 2127/12565 2093/12566 2047/12567
f 2100/12568 2046/12569 2091/12570
f 2048/12571 2101/12572 2128/12573
f 2049/12574 2095/12575 2129/12576
f 2103/12577 2062/12578 2102/12579
f 2130/12580 2133/12581 2131/12582
f 2132/12583 2133/12584 2104/12585
f 2050/12586 2105/12587 2134/12588
f 2132/12589 2135/12590 2133/12591
f 2136/12592 2107/12593 2051/12594
f 2106/12595 2050/12596 2134/12597
f 2069/12598 2156/12599 2154/12600
f 2112/12601 2059/12602 2052/12603
f 2148/12604 2045/12605 2141/12606
f 2074/12607 2060/12608 2111/12609
f 2078/12610 2175/12611 2117/12612
f 2144/12613 2078/12614 2117/12615
f 2109/12616 2130/12617 2103/12618
f 2142/12619 2053/12620 2081/12621
f 2058/12622 2113/12623 2112/12624
f 2110/12625 2144/12626 2074/12627
f 2143/12628 2076/12629 2112/12630
f 2090/12631 2083/12632 2084/12633
f 2170/12634 2053/12635 2074/12636
f 2074/12637 2144/12638 2170/12639
f 2086/12640 2096/12641 2087/12642
f 2099/12643 2098/12644 2091/12645
f 2100/12646 2091/12647 2093/12648
f 2101/12649 2093/12650 2094/12651
f 2067/12652 2125/12653 2054/12654
f 2095/12655 2128/12656 2094/12657
f 2150/12658 2160/12659 2071/12660
f 2104/12661 2147/12662 2132/12663
f 2171/12664 2096/12665 2086/12666
f 2134/12667 2105/12668 2147/12669
f 2073/12670 2106/12671 2134/12672
f 2090/12673 2075/12674 2083/12675
f 2097/12676 2073/12677 2140/12678
f 2173/12679 2098/12680 2174/12681
f 2082/12682 2061/12683 2063/12684
f 2098/12685 2099/12686 2148/12687
f 2106/12688 2073/12689 2107/12690
f 2097/12691 2118/12692 2107/12693
f 2097/12694 2077/12695 2118/12696
f 2113/12697 2108/12698 2082/12699
f 2061/12700 2108/12701 2153/12702
f 2049/12703 2102/12704 2062/12705
f 2092/12706 2162/12707 2066/12708
f 2063/12709 2157/12710 2082/12711
f 2102/12712 2145/12713 2109/12714
f 2144/12715 2155/12716 2149/12717
f 2158/12718 2111/12719 2080/12720
f 2113/12721 2153/12722 2108/12723
f 2138/12724 2112/12725 2157/12726
f 2144/12727 2114/12728 2078/12729
f 2156/12730 2078/12731 2114/12732
f 2156/12733 2079/12734 2078/12735
f 2083/12736 2076/12737 2115/12738
f 2115/12739 2076/12740 2143/12741
f 2084/12742 2064/12743 2116/12744
f 2065/12745 2084/12746 2116/12747
f 2065/12748 2085/12749 2124/12750
f 2167/12751 2160/12752 2043/12753
f 2122/12754 2071/12755 2167/12756
f 2150/12757 2043/12758 2160/12759
f 2161/12760 2175/12761 2069/12762
f 2068/12763 2168/12764 2150/12765
f 2117/12766 2077/12767 2144/12768
f 2172/12769 2144/12770 2077/12771
f 2058/12772 2173/12773 2174/12774
f 2174/12775 2114/12776 2058/12777
f 2176/12778 2137/12779 2154/12780
f 2210/12781 2229/12782 2188/12783
f 2075/12784 2173/12785 2076/12786
f 2172/12787 2171/12788 2170/12789
f 2118/12790 2077/12791 2175/12792
f 2159/12793 2119/12794 2089/12795
f 2169/12796 2089/12797 2119/12798
f 2197/12799 2223/12800 2212/12801
f 2205/12802 2202/12803 2243/12804
f 2214/12805 2230/12806 2245/12807
f 2188/12808 2229/12809 2214/12810
f 2215/12811 2231/12812 2246/12813
f 2245/12814 2230/12815 2215/12816
f 2216/12817 2232/12818 2189/12819
f 2246/12820 2231/12821 2216/12822
f 2256/12823 2232/12824 2177/12825
f 2177/12826 2217/12827 2247/12828
f 2178/12829 2218/12830 2190/12831
f 2178/12832 2190/12833 2217/12834
f 2191/12835 2233/12836 2234/12837
f 2249/12838 2235/12839 2192/12840
f 2191/12841 2234/12842 2249/12843
f 2237/12844 2236/12845 2180/12846
f 2192/12847 2235/12848 2219/12849
f 2184/12850 2219/12851 2235/12852
f 2221/12853 2187/12854 2198/12855
f 2185/12856 2206/12857 2199/12858
f 2222/12859 2199/12860 2206/12861
f 2239/12862 2238/12863 2179/12864
f 2196/12865 2206/12866 2239/12867
f 2239/12868 2241/12869 2196/12870
f 2240/12871 2241/12872 2207/12873
f 2179/12874 2207/12875 2239/12876
f 2200/12877 2255/12878 2202/12879
f 2203/12880 2255/12881 2207/12882
f 2248/12883 2190/12884 2218/12885
f 2214/12886 2245/12887 2197/12888
f 2201/12889 2197/12890 2245/12891
f 2245/12892 2215/12893 2201/12894
f 2225/12895 2201/12896 2246/12897
f 2246/12898 2216/12899 2225/12900
f 2219/12901 2249/12902 2192/12903
f 2205/12904 2198/12905 2209/12906
f 2226/12907 2181/12908 2208/12909
f 2220/12910 2210/12911 2212/12912
f 2193/12913 2205/12914 2243/12915
f 2213/12916 2195/12917 2240/12918
f 2183/12919 2199/12920 2250/12921
f 2198/12922 2186/12923 2251/12924
f 2194/12925 2221/12926 2242/12927
f 2221/12928 2193/12929 2242/12930
f 2222/12931 2195/12932 2213/12933
f 2222/12934 2196/12935 2241/12936
f 2199/12937 2213/12938 2244/12939
f 2254/12940 2255/12941 2203/12942
f 2223/12943 2197/12944 2201/12945
f 2223/12946 2226/12947 2208/12948
f 2223/12949 2208/12950 2182/12951
f 2177/12952 2247/12953 2256/12954
f 2180/12955 2224/12956 2254/12957
f 2256/12958 2225/12959 2189/12960
f 2242/12961 2236/12962 2194/12963
f 2242/12964 2243/12965 2224/12966
f 2202/12967 2255/12968 2224/12969
f 2202/12970 2213/12971 2200/12972
f 2223/12973 2201/12974 2226/12975
f 2209/12976 2182/12977 2204/12978
f 2205/12979 2204/12980 2213/12981
f 2336/12982 2292/12983 2337/12984
f 2328/12985 2352/12986 2289/12987
f 2337/12988 2345/12989 2336/12990
f 2272/12991 2316/12992 2273/12993
f 2287/12994 2273/12995 2344/12996
f 2274/12997 2265/12998 2275/12999
f 2321/13000 2275/13001 2319/13002
f 2329/13003 2359/13004 2358/13005
f 2358/13006 2260/13007 2329/13008
f 2297/13009 2358/13010 2359/13011
f 2295/13012 2294/13013 2282/13014
f 2359/13015 2296/13016 2297/13017
f 2378/13018 2342/13019 2376/13020
f 2262/13021 2343/13022 2290/13023
f 2324/13024 2367/13025 2267/13026
f 2325/13027 2360/13028 2271/13029
f 2355/13030 2288/13031 2287/13032
f 2286/13033 2360/13034 2299/13035
f 2261/13036 2361/13037 2298/13038
f 2300/13039 2360/13040 2361/13041
f 2281/13042 2299/13043 2311/13044
f 2311/13045 2300/13046 2310/13047
f 2330/13048 2303/13049 2363/13050
f 2261/13051 2310/13052 2300/13053
f 2363/13054 2373/13055 2330/13056
f 2276/13057 2330/13058 2373/13059
f 2301/13060 2331/13061 2330/13062
f 2283/13063 2302/13064 2296/13065
f 2258/13066 2331/13067 2283/13068
f 2324/13069 2307/13070 2323/13071
f 2374/13072 2366/13073 2301/13074
f 2301/13075 2362/13076 2302/13077
f 2297/13078 2302/13079 2362/13080
f 2304/13081 2260/13082 2332/13083
f 2339/13084 2315/13085 2277/13086
f 2278/13087 2376/13088 2346/13089
f 2377/13090 2265/13091 2318/13092
f 2322/13093 2365/13094 2347/13095
f 2361/13096 2303/13097 2258/13098
f 2348/13099 2305/13100 2366/13101
f 2361/13102 2365/13103 2364/13104
f 2366/13105 2374/13106 2348/13107
f 2323/13108 2333/13109 2350/13110
f 2305/13111 2349/13112 2379/13113
f 2305/13114 2332/13115 2259/13116
f 2307/13117 2332/13118 2333/13119
f 2333/13120 2280/13121 2350/13122
f 2259/13123 2332/13124 2358/13125
f 2283/13126 2298/13127 2258/13128
f 2333/13129 2379/13130 2280/13131
f 2334/13132 2306/13133 2298/13134
f 2261/13135 2298/13136 2306/13137
f 2296/13138 2334/13139 2283/13140
f 2295/13141 2335/13142 2334/13143
f 2309/13144 2329/13145 2308/13146
f 2270/13147 2334/13148 2335/13149
f 2260/13150 2308/13151 2329/13152
f 2257/13153 2294/13154 2309/13155
f 2284/13156 2282/13157 2257/13158
f 2269/13159 2309/13160 2294/13161
f 2310/13162 2270/13163 2284/13164
f 2335/13165 2284/13166 2270/13167
f 2306/13168 2310/13169 2261/13170
f 2281/13171 2380/13172 2328/13173
f 2337/13174 2367/13175 2375/13176
f 2380/13177 2352/13178 2328/13179
f 2288/13180 2355/13181 2356/13182
f 2288/13183 2356/13184 2321/13185
f 2292/13186 2368/13187 2337/13188
f 2357/13189 2319/13190 2275/13191
f 2370/13192 2264/13193 2336/13194
f 2273/13195 2313/13196 2338/13197
f 2357/13198 2275/13199 2265/13200
f 2285/13201 2320/13202 2357/13203
f 2354/13204 2348/13205 2374/13206
f 2339/13207 2375/13208 2367/13209
f 2289/13210 2340/13211 2354/13212
f 2314/13213 2338/13214 2353/13215
f 2317/13216 2321/13217 2355/13218
f 2353/13219 2321/13220 2314/13221
f 2369/13222 2380/13223 2291/13224
f 2266/13225 2271/13226 2286/13227
f 2266/13228 2325/13229 2271/13230
f 2279/13231 2286/13232 2271/13233
f 2344/13234 2273/13235 2317/13236
f 2274/13237 2326/13238 2318/13239
f 2380/13240 2343/13241 2378/13242
f 2268/13243 2372/13244 2341/13245
f 2292/13246 2267/13247 2368/13248
f 2315/13249 2370/13250 2345/13251
f 2369/13252 2290/13253 2343/13254
f 2370/13255 2336/13256 2345/13257
f 2272/13258 2371/13259 2315/13260
f 2263/13261 2342/13262 2262/13263
f 2341/13264 2272/13265 2268/13266
f 2378/13267 2377/13268 2380/13269
f 2368/13270 2267/13271 2367/13272
f 2288/13273 2268/13274 2287/13275
f 2317/13276 2355/13277 2344/13278
f 2354/13279 2374/13280 2276/13281
f 2376/13282 2285/13283 2346/13284
f 2326/13285 2377/13286 2318/13287
f 2351/13288 2347/13289 2325/13290
f 2354/13291 2328/13292 2289/13293
f 2280/13294 2379/13295 2340/13296
f 2340/13297 2289/13298 2280/13299
f 2280/13300 2289/13301 2350/13302
f 2286/13303 2281/13304 2266/13305
f 2266/13306 2351/13307 2325/13308
f 2326/13309 2353/13310 2352/13311
f 2372/13312 2371/13313 2341/13314
f 2321/13315 2356/13316 2355/13317
f 2327/13318 2352/13319 2338/13320
f 2402/13321 2407/13322 2382/13323
f 2357/13324 2263/13325 2264/13326
f 2445/13327 2381/13328 2401/13329
f 2462/13330 2401/13331 2402/13332
f 2462/13333 2403/13334 2461/13335
f 2460/13336 2403/13337 2382/13338
f 2459/13339 2382/13340 2404/13341
f 2459/13342 2405/13343 2458/13344
f 2457/13345 2405/13346 2406/13347
f 2457/13348 2407/13349 2456/13350
f 2455/13351 2407/13352 2408/13353
f 2455/13354 2409/13355 2454/13356
f 2454/13357 2410/13358 2453/13359
f 2452/13360 2410/13361 2411/13362
f 2452/13363 2412/13364 2451/13365
f 2450/13366 2412/13367 2413/13368
f 2449/13369 2413/13370 2414/13371
f 2449/13372 2383/13373 2448/13374
f 2447/13375 2383/13376 2415/13377
f 2446/13378 2415/13379 2381/13380
f 2428/13381 2426/13382 2384/13383
f 2427/13384 2388/13385 2432/13386
f 2429/13387 2384/13388 2385/13389
f 2386/13390 2429/13391 2385/13392
f 2431/13393 2386/13394 2387/13395
f 2434/13396 2388/13397 2389/13398
f 2432/13399 2388/13400 2433/13401
f 2390/13402 2434/13403 2389/13404
f 2391/13405 2435/13406 2390/13407
f 2392/13408 2436/13409 2391/13410
f 2393/13411 2437/13412 2392/13413
f 2394/13414 2438/13415 2393/13416
f 2395/13417 2439/13418 2394/13419
f 2396/13420 2440/13421 2395/13422
f 2442/13423 2396/13424 2397/13425
f 2443/13426 2397/13427 2398/13428
f 2444/13429 2398/13430 2399/13431
f 2400/13432 2399/13433 2426/13434
f 2407/13435 2404/13436 2382/13437
f 2446/13438 2384/13439 2426/13440
f 2407/13441 2406/13442 2405/13443
f 2411/13444 2413/13445 2412/13446
f 2447/13447 2426/13448 2399/13449
f 2448/13450 2399/13451 2398/13452
f 2449/13453 2398/13454 2397/13455
f 2449/13456 2396/13457 2450/13458
f 2450/13459 2395/13460 2451/13461
f 2452/13462 2395/13463 2394/13464
f 2452/13465 2393/13466 2453/13467
f 2454/13468 2393/13469 2392/13470
f 2455/13471 2392/13472 2391/13473
f 2455/13474 2390/13475 2456/13476
f 2456/13477 2389/13478 2457/13479
f 2457/13480 2388/13481 2458/13482
f 2459/13483 2388/13484 2427/13485
f 2460/13486 2427/13487 2387/13488
f 2460/13489 2386/13490 2461/13491
f 2461/13492 2385/13493 2462/13494
f 2462/13495 2384/13496 2445/13497
f 2464/13498 2400/13499 2428/13500
f 2464/13501 2429/13502 2465/13503
f 2465/13504 2430/13505 2466/13506
f 2467/13507 2430/13508 2431/13509
f 2468/13510 2431/13511 2432/13512
f 2468/13513 2433/13514 2469/13515
f 2471/13516 2433/13517 2434/13518
f 2471/13519 2436/13520 2472/13521
f 2435/13522 2471/13523 2434/13524
f 2472/13525 2437/13526 2473/13527
f 2474/13528 2437/13529 2438/13530
f 2475/13531 2438/13532 2439/13533
f 2476/13534 2439/13535 2440/13536
f 2476/13537 2441/13538 2477/13539
f 2478/13540 2441/13541 2442/13542
f 2478/13543 2443/13544 2479/13545
f 2480/13546 2443/13547 2444/13548
f 2480/13549 2400/13550 2463/13551
f 2416/13552 2463/13553 2464/13554
f 2416/13555 2466/13556 2417/13557
f 2465/13558 2416/13559 2464/13560
f 2418/13561 2467/13562 2468/13563
f 2467/13564 2417/13565 2466/13566
f 2419/13567 2469/13568 2470/13569
f 2419/13570 2472/13571 2420/13572
f 2421/13573 2473/13574 2474/13575
f 2473/13576 2420/13577 2472/13578
f 2422/13579 2474/13580 2475/13581
f 2423/13582 2476/13583 2477/13584
f 2423/13585 2478/13586 2424/13587
f 2424/13588 2480/13589 2425/13590
f 2479/13591 2424/13592 2478/13593
f 2491/13594 2488/13595 2513/13596
f 2531/13597 2494/13598 2507/13599
f 2513/13600 2544/13601 2491/13602
f 2505/13603 2516/13604 2506/13605
f 2500/13606 2506/13607 2516/13608
f 2482/13609 2533/13610 2483/13611
f 2532/13612 2495/13613 2494/13614
f 2534/13615 2496/13616 2508/13617
f 2534/13618 2508/13619 2495/13620
f 2509/13621 2520/13622 2535/13623
f 2482/13624 2521/13625 2519/13626
f 2536/13627 2497/13628 2481/13629
f 2481/13630 2522/13631 2536/13632
f 2535/13633 2498/13634 2509/13635
f 2487/13636 2537/13637 2492/13638
f 2499/13639 2523/13640 2487/13641
f 2500/13642 2524/13643 2486/13644
f 2486/13645 2524/13646 2499/13647
f 2525/13648 2485/13649 2538/13650
f 2501/13651 2538/13652 2485/13653
f 2526/13654 2484/13655 2539/13656
f 2502/13657 2539/13658 2484/13659
f 2527/13660 2483/13661 2533/13662
f 2506/13663 2489/13664 2505/13665
f 2503/13666 2492/13667 2540/13668
f 2507/13669 2518/13670 2517/13671
f 2493/13672 2505/13673 2489/13674
f 2493/13675 2496/13676 2505/13677
f 2496/13678 2498/13679 2504/13680
f 2508/13681 2496/13682 2495/13683
f 2495/13684 2496/13685 2494/13686
f 2481/13687 2504/13688 2498/13689
f 2504/13690 2510/13691 2516/13692
f 2511/13693 2504/13694 2497/13695
f 2497/13696 2504/13697 2481/13698
f 2501/13699 2500/13700 2516/13701
f 2516/13702 2502/13703 2484/13704
f 2516/13705 2510/13706 2502/13707
f 2500/13708 2515/13709 2506/13710
f 2516/13711 2484/13712 2501/13713
f 2500/13714 2499/13715 2487/13716
f 2500/13717 2486/13718 2499/13719
f 2517/13720 2529/13721 2507/13722
f 2530/13723 2540/13724 2492/13725
f 2483/13726 2511/13727 2482/13728
f 2528/13729 2488/13730 2543/13731
f 2514/13732 2512/13733 2528/13734
f 2488/13735 2512/13736 2489/13737
f 2506/13738 2515/13739 2490/13740
f 2513/13741 2503/13742 2544/13743
f 2513/13744 2492/13745 2503/13746
f 2507/13747 2512/13748 2518/13749
f 2518/13750 2512/13751 2514/13752
f 2505/13753 2496/13754 2504/13755
f 2558/13756 2600/13757 2555/13758
f 2602/13759 2563/13760 2673/13761
f 2565/13762 2566/13763 2627/13764
f 2617/13765 2559/13766 2676/13767
f 2617/13768 2676/13769 2545/13770
f 2617/13771 2567/13772 2701/13773
f 2691/13774 2556/13775 2604/13776
f 2604/13777 2546/13778 2607/13779
f 2606/13780 2706/13781 2683/13782
f 2607/13783 2546/13784 2633/13785
f 2619/13786 2669/13787 2608/13788
f 2609/13789 2547/13790 2620/13791
f 2689/13792 2548/13793 2610/13794
f 2610/13795 2641/13796 2599/13797
f 2642/13798 2643/13799 2611/13800
f 2551/13801 2702/13802 2622/13803
f 2634/13804 2552/13805 2612/13806
f 2561/13807 2628/13808 2625/13809
f 2613/13810 2679/13811 2553/13812
f 2615/13813 2612/13814 2613/13815
f 2628/13816 2674/13817 2614/13818
f 2614/13819 2625/13820 2628/13821
f 2693/13822 2672/13823 2680/13824
f 2693/13825 2610/13826 2548/13827
f 2694/13828 2568/13829 2615/13830
f 2616/13831 2550/13832 2695/13833
f 2567/13834 2617/13835 2696/13836
f 2668/13837 2703/13838 2684/13839
f 2619/13840 2586/13841 2661/13842
f 2669/13843 2600/13844 2620/13845
f 2599/13846 2652/13847 2687/13848
f 2623/13849 2631/13850 2704/13851
f 2671/13852 2561/13853 2625/13854
f 2625/13855 2551/13856 2688/13857
f 2694/13858 2558/13859 2672/13860
f 2553/13861 2554/13862 2629/13863
f 2626/13864 2590/13865 2681/13866
f 2696/13867 2562/13868 2695/13869
f 2550/13870 2567/13871 2696/13872
f 2559/13873 2674/13874 2676/13875
f 2549/13876 2591/13877 2649/13878
f 2678/13879 2600/13880 2558/13881
f 2705/13882 2593/13883 2627/13884
f 2627/13885 2597/13886 2565/13887
f 2628/13888 2545/13889 2676/13890
f 2650/13891 2730/13892 2692/13893
f 2697/13894 2675/13895 2636/13896
f 2565/13897 2597/13898 2630/13899
f 2617/13900 2701/13901 2546/13902
f 2682/13903 2726/13904 2646/13905
f 2685/13906 2546/13907 2701/13908
f 2652/13909 2587/13910 2687/13911
f 2702/13912 2552/13913 2622/13914
f 2552/13915 2702/13916 2614/13917
f 2668/13918 2698/13919 2703/13920
f 2631/13921 2700/13922 2704/13923
f 2705/13924 2601/13925 2624/13926
f 2626/13927 2564/13928 2595/13929
f 2626/13930 2681/13931 2695/13932
f 2555/13933 2669/13934 2549/13935
f 2601/13936 2705/13937 2627/13938
f 2561/13939 2670/13940 2675/13941
f 2595/13942 2564/13943 2630/13944
f 2706/13945 2547/13946 2683/13947
f 2547/13948 2706/13949 2608/13950
f 2689/13951 2568/13952 2548/13953
f 2693/13954 2548/13955 2568/13956
f 2696/13957 2697/13958 2562/13959
f 2661/13960 2716/13961 2573/13962
f 2662/13963 2717/13964 2577/13965
f 2638/13966 2572/13967 2663/13968
f 2580/13969 2719/13970 2664/13971
f 2661/13972 2573/13973 2720/13974
f 2661/13975 2720/13976 2581/13977
f 2662/13978 2577/13979 2721/13980
f 2721/13981 2582/13982 2662/13983
f 2722/13984 2579/13985 2663/13986
f 2723/13987 2580/13988 2664/13989
f 2583/13990 2570/13991 2667/13992
f 2724/13993 2725/13994 2576/13995
f 2639/13996 2653/13997 2726/13998
f 2585/13999 2618/14000 2584/14001
f 2584/14002 2654/14003 2585/14004
f 2585/14005 2654/14006 2640/14007
f 2598/14008 2599/14009 2641/14010
f 2641/14011 2656/14012 2598/14013
f 2642/14014 2658/14015 2643/14016
f 2643/14017 2658/14018 2588/14019
f 2644/14020 2656/14021 2641/14022
f 2590/14023 2660/14024 2645/14025
f 2584/14026 2618/14027 2646/14028
f 2652/14029 2599/14030 2598/14031
f 2590/14032 2626/14033 2648/14034
f 2597/14035 2627/14036 2665/14037
f 2665/14038 2627/14039 2593/14040
f 2593/14041 2592/14042 2665/14043
f 2651/14044 2630/14045 2597/14046
f 2718/14047 2726/14048 2653/14049
f 2654/14050 2584/14051 2732/14052
f 2728/14053 2598/14054 2656/14055
f 2729/14056 2588/14057 2658/14058
f 2658/14059 2642/14060 2657/14061
f 2707/14062 2653/14063 2660/14064
f 2660/14065 2590/14066 2714/14067
f 2587/14068 2652/14069 2637/14070
f 2718/14071 2646/14072 2726/14073
f 2731/14074 2597/14075 2665/14076
f 2594/14077 2651/14078 2666/14079
f 2601/14080 2561/14081 2671/14082
f 2555/14083 2600/14084 2669/14085
f 2624/14086 2671/14087 2557/14088
f 2562/14089 2626/14090 2695/14091
f 2558/14092 2555/14093 2672/14094
f 2564/14095 2602/14096 2673/14097
f 2627/14098 2670/14099 2601/14100
f 2603/14101 2564/14102 2673/14103
f 2566/14104 2675/14105 2627/14106
f 2563/14107 2603/14108 2673/14109
f 2630/14110 2566/14111 2565/14112
f 2554/14113 2604/14114 2677/14115
f 2677/14116 2604/14117 2607/14118
f 2686/14119 2682/14120 2698/14121
f 2550/14122 2605/14123 2686/14124
f 2726/14125 2605/14126 2639/14127
f 2616/14128 2639/14129 2605/14130
f 2618/14131 2683/14132 2703/14133
f 2684/14134 2633/14135 2668/14136
f 2606/14137 2618/14138 2585/14139
f 2547/14140 2607/14141 2684/14142
f 2640/14143 2606/14144 2585/14145
f 2677/14146 2607/14147 2609/14148
f 2567/14149 2685/14150 2701/14151
f 2608/14152 2706/14153 2606/14154
f 2586/14155 2608/14156 2640/14157
f 2609/14158 2600/14159 2678/14160
f 2677/14161 2678/14162 2554/14163
f 2689/14164 2599/14165 2631/14166
f 2687/14167 2621/14168 2700/14169
f 2587/14170 2611/14171 2687/14172
f 2634/14173 2623/14174 2704/14175
f 2611/14176 2688/14177 2621/14178
f 2568/14179 2612/14180 2615/14181
f 2611/14182 2690/14183 2688/14184
f 2557/14185 2690/14186 2643/14187
f 2679/14188 2635/14189 2632/14190
f 2643/14191 2588/14192 2557/14193
f 2635/14194 2612/14195 2552/14196
f 2625/14197 2702/14198 2551/14199
f 2589/14200 2693/14201 2680/14202
f 2610/14203 2644/14204 2641/14205
f 2615/14206 2558/14207 2694/14208
f 2629/14209 2613/14210 2553/14211
f 2590/14212 2616/14213 2681/14214
f 2695/14215 2681/14216 2616/14217
f 2697/14218 2617/14219 2545/14220
f 2639/14221 2616/14222 2645/14223
f 2618/14224 2698/14225 2682/14226
f 2685/14227 2698/14228 2699/14229
f 2682/14230 2646/14231 2618/14232
f 2703/14233 2683/14234 2684/14235
f 2547/14236 2684/14237 2683/14238
f 2686/14239 2567/14240 2550/14241
f 2591/14242 2619/14243 2661/14244
f 2549/14245 2669/14246 2619/14247
f 2599/14248 2700/14249 2631/14250
f 2669/14251 2620/14252 2608/14253
f 2547/14254 2608/14255 2620/14256
f 2700/14257 2622/14258 2560/14259
f 2551/14260 2621/14261 2688/14262
f 2647/14263 2557/14264 2588/14265
f 2689/14266 2631/14267 2623/14268
f 2623/14269 2568/14270 2689/14271
f 2593/14272 2624/14273 2647/14274
f 2625/14275 2557/14276 2671/14277
f 2691/14278 2632/14279 2556/14280
f 2625/14281 2688/14282 2690/14283
f 2679/14284 2554/14285 2553/14286
f 2692/14287 2672/14288 2555/14289
f 2680/14290 2730/14291 2589/14292
f 2555/14293 2649/14294 2596/14295
f 2694/14296 2672/14297 2693/14298
f 2693/14299 2568/14300 2694/14301
f 2550/14302 2696/14303 2695/14304
f 2561/14305 2545/14306 2628/14307
f 2675/14308 2697/14309 2561/14310
f 2650/14311 2555/14312 2596/14313
f 2674/14314 2628/14315 2676/14316
f 2678/14317 2558/14318 2629/14319
f 2629/14320 2554/14321 2678/14322
f 2559/14323 2604/14324 2556/14325
f 2668/14326 2699/14327 2698/14328
f 2560/14329 2704/14330 2700/14331
f 2559/14332 2556/14333 2674/14334
f 2632/14335 2674/14336 2556/14337
f 2617/14338 2546/14339 2604/14340
f 2668/14341 2685/14342 2699/14343
f 2622/14344 2704/14345 2560/14346
f 2633/14347 2546/14348 2685/14349
f 2552/14350 2634/14351 2622/14352
f 2635/14353 2674/14354 2632/14355
f 2697/14356 2602/14357 2562/14358
f 2552/14359 2614/14360 2635/14361
f 2636/14362 2566/14363 2563/14364
f 2636/14365 2563/14366 2602/14367
f 2718/14368 2708/14369 2725/14370
f 2708/14371 2653/14372 2707/14373
f 2654/14374 2576/14375 2574/14376
f 2709/14377 2727/14378 2574/14379
f 2574/14380 2727/14381 2654/14382
f 2575/14383 2655/14384 2709/14385
f 2583/14386 2656/14387 2711/14388
f 2710/14389 2711/14390 2656/14391
f 2569/14392 2637/14393 2570/14394
f 2712/14395 2657/14396 2569/14397
f 2571/14398 2658/14399 2712/14400
f 2659/14401 2572/14402 2713/14403
f 2710/14404 2713/14405 2711/14406
f 2660/14407 2578/14408 2715/14409
f 2707/14410 2715/14411 2708/14412
f 2716/14413 2586/14414 2575/14415
f 2717/14416 2729/14417 2571/14418
f 2714/14419 2719/14420 2578/14421
f 2579/14422 2638/14423 2663/14424
f 2722/14425 2661/14426 2581/14427
f 2663/14428 2596/14429 2661/14430
f 2664/14431 2582/14432 2723/14433
f 2731/14434 2662/14435 2664/14436
f 2653/14437 2645/14438 2660/14439
f 2570/14440 2637/14441 2667/14442
f 2718/14443 2725/14444 2724/14445
f 2728/14446 2583/14447 2667/14448
f 2576/14449 2732/14450 2724/14451
f 2592/14452 2647/14453 2662/14454
f 2588/14455 2662/14456 2647/14457
f 2594/14458 2626/14459 2595/14460
f 2651/14461 2595/14462 2630/14463
f 2654/14464 2655/14465 2640/14466
f 2586/14467 2640/14468 2655/14469
f 2637/14470 2642/14471 2587/14472
f 2659/14473 2656/14474 2644/14475
f 2663/14476 2644/14477 2589/14478
f 2664/14479 2590/14480 2648/14481
f 2661/14482 2596/14483 2591/14484
f 2662/14485 2588/14486 2729/14487
f 2589/14488 2730/14489 2663/14490
f 2731/14491 2664/14492 2666/14493
f 2666/14494 2648/14495 2594/14496
f 2730/14497 2596/14498 2663/14499
f 2591/14500 2596/14501 2649/14502
f 2592/14503 2662/14504 2665/14505
f 2662/14506 2731/14507 2665/14508
f 2731/14509 2651/14510 2597/14511
f 2667/14512 2652/14513 2598/14514
f 2646/14515 2732/14516 2584/14517
f 2718/14518 2724/14519 2732/14520
f 2667/14521 2598/14522 2728/14523
f 1896/14524 1910/14525 1904/14526
f 1925/14527 1911/14528 1897/14529
f 1921/14530 1898/14531 1912/14532
f 1928/14533 1919/14534 1913/14535
f 1900/14536 1905/14537 1902/14538
f 1909/14539 1913/14540 1919/14541
f 1903/14542 1926/14543 1906/14544
f 1902/14545 1904/14546 1907/14547
f 1981/14548 1953/14549 1958/14550
f 1982/14551 1963/14552 2009/14553
f 1956/14554 1966/14555 1961/14556
f 1936/14557 1942/14558 2028/14559
f 1933/14560 1946/14561 2023/14562
f 1942/14563 1936/14564 2021/14565
f 1946/14566 1933/14567 2040/14568
f 2036/14569 1974/14570 1964/14571
f 2008/14572 2009/14573 1963/14574
f 1969/14575 1961/14576 1966/14577
f 1950/14578 2014/14579 2013/14580
f 1951/14581 1953/14582 1978/14583
f 1954/14584 2011/14585 2012/14586
f 1931/14587 1932/14588 2041/14589
f 2019/14590 1935/14591 2037/14592
f 2035/14593 1940/14594 2029/14595
f 1940/14596 1941/14597 1993/14598
f 1993/14599 1941/14600 2025/14601
f 1944/14602 1945/14603 1997/14604
f 1997/14605 1945/14606 2030/14607
f 2014/14608 1952/14609 1978/14610
f 1953/14611 1981/14612 2012/14613
f 1979/14614 1956/14615 1983/14616
f 1959/14617 1957/14618 1951/14619
f 1950/14620 1960/14621 2016/14622
f 1964/14623 1962/14624 1954/14625
f 1953/14626 1951/14627 1957/14628
f 2009/14629 1965/14630 1955/14631
f 1954/14632 1962/14633 1963/14634
f 1960/14635 1950/14636 1983/14637
f 1955/14638 1965/14639 1966/14640
f 1937/14641 2037/14642 1935/14643
f 1941/14644 1940/14645 2028/14646
f 2022/14647 2024/14648 1932/14649
f 1945/14650 1944/14651 2023/14652
f 1943/14653 2025/14654 1941/14655
f 1935/14656 1934/14657 2021/14658
f 1947/14659 2030/14660 1945/14661
f 1932/14662 1931/14663 2040/14664
f 1939/14665 1938/14666 1967/14667
f 1968/14668 2039/14669 2018/14670
f 2006/14671 1948/14672 1971/14673
f 1973/14674 2035/14675 2007/14676
f 2035/14677 1973/14678 1974/14679
f 1972/14680 1971/14681 1948/14682
f 1960/14683 1968/14684 1970/14685
f 2017/14686 1967/14687 1957/14688
f 1958/14689 1957/14690 1967/14691
f 1973/14692 1962/14693 1964/14694
f 1962/14695 1973/14696 1975/14697
f 2008/14698 1971/14699 1965/14700
f 1966/14701 1965/14702 1971/14703
f 1968/14704 1960/14705 1961/14706
f 1984/14707 2033/14708 1991/14709
f 1984/14710 1992/14711 2027/14712
f 1986/14713 1995/14714 1996/14715
f 1987/14716 1996/14717 1998/14718
f 2004/14719 2003/14720 2001/14721
f 1996/14722 1995/14723 2026/14724
f 2032/14725 1998/14726 1996/14727
f 1979/14728 2012/14729 2011/14730
f 1934/14731 2019/14732 2041/14733
f 1944/14734 2026/14735 1977/14736
f 2036/14737 1937/14738 2028/14739
f 1938/14740 2037/14741 1937/14742
f 2031/14743 2002/14744 2007/14745
f 1991/14746 2033/14747 2000/14748
f 1999/14749 1988/14750 1998/14751
f 1998/14752 2032/14753 2001/14754
f 2019/14755 1976/14756 1939/14757
f 1948/14758 2006/14759 2032/14760
f 2061/14761 2155/14762 2152/14763
f 2125/14764 2163/14765 2159/14766
f 2163/14767 2125/14768 2067/14769
f 2145/14770 2125/14771 2150/14772
f 2046/14773 2126/14774 2099/14775
f 2148/14776 2099/14777 2126/14778
f 2127/14779 2100/14780 2093/14781
f 2100/14782 2127/14783 2046/14784
f 2048/14785 2047/14786 2101/14787
f 2049/14788 2048/14789 2095/14790
f 2103/14791 2131/14792 2062/14793
f 2130/14794 2104/14795 2133/14796
f 2050/14797 2135/14798 2105/14799
f 2132/14800 2105/14801 2135/14802
f 2136/14803 2106/14804 2107/14805
f 2106/14806 2136/14807 2050/14808
f 2069/14809 2079/14810 2156/14811
f 2112/14812 2138/14813 2059/14814
f 2074/14815 2139/14816 2060/14817
f 2078/14818 2079/14819 2175/14820
f 2109/14821 2146/14822 2130/14823
f 2104/14824 2146/14825 2147/14826
f 2171/14827 2140/14828 2096/14829
f 2090/14830 2057/14831 2075/14832
f 2082/14833 2108/14834 2061/14835
f 2049/14836 2129/14837 2102/14838
f 2092/14839 2085/14840 2162/14841
f 2065/14842 2162/14843 2085/14844
f 2167/14845 2071/14846 2160/14847
f 2150/14848 2168/14849 2043/14850
f 2161/14851 2118/14852 2175/14853
f 2176/14854 2141/14855 2137/14856
f 2210/14857 2228/14858 2229/14859
f 2214/14860 2229/14861 2230/14862
f 2215/14863 2230/14864 2231/14865
f 2216/14866 2231/14867 2232/14868
f 2256/14869 2189/14870 2232/14871
f 2177/14872 2178/14873 2217/14874
f 2178/14875 2233/14876 2218/14877
f 2191/14878 2218/14879 2233/14880
f 2249/14881 2234/14882 2235/14883
f 2237/14884 2221/14885 2236/14886
f 2221/14887 2237/14888 2187/14889
f 2185/14890 2238/14891 2206/14892
f 2239/14893 2206/14894 2238/14895
f 2196/14896 2222/14897 2206/14898
f 2239/14899 2207/14900 2241/14901
f 2179/14902 2203/14903 2207/14904
f 2200/14905 2207/14906 2255/14907
f 2248/14908 2211/14909 2190/14910
f 2219/14911 2226/14912 2249/14913
f 2205/14914 2221/14915 2198/14916
f 2221/14917 2205/14918 2193/14919
f 2222/14920 2241/14921 2195/14922
f 2199/14923 2222/14924 2213/14925
f 2254/14926 2224/14927 2255/14928
f 2180/14929 2236/14930 2224/14931
f 2256/14932 2247/14933 2225/14934
f 2202/14935 2205/14936 2213/14937
f 2336/14938 2293/14939 2292/14940
f 2337/14941 2375/14942 2345/14943
f 2272/14944 2315/14945 2316/14946
f 2287/14947 2272/14948 2273/14949
f 2274/14950 2318/14951 2265/14952
f 2321/14953 2274/14954 2275/14955
f 2329/14956 2269/14957 2359/14958
f 2295/14959 2359/14960 2294/14961
f 2378/14962 2343/14963 2342/14964
f 2262/14965 2342/14966 2343/14967
f 2324/14968 2289/14969 2367/14970
f 2325/14971 2365/14972 2360/14973
f 2261/14974 2300/14975 2361/14976
f 2281/14977 2286/14978 2299/14979
f 2311/14980 2299/14981 2300/14982
f 2330/14983 2331/14984 2303/14985
f 2276/14986 2301/14987 2330/14988
f 2301/14989 2302/14990 2331/14991
f 2283/14992 2331/14993 2302/14994
f 2258/14995 2303/14996 2331/14997
f 2324/14998 2304/14999 2307/15000
f 2304/15001 2308/15002 2260/15003
f 2339/15004 2316/15005 2315/15006
f 2278/15007 2378/15008 2376/15009
f 2377/15010 2346/15011 2265/15012
f 2322/15013 2363/15014 2365/15015
f 2361/15016 2364/15017 2303/15018
f 2348/15019 2349/15020 2305/15021
f 2323/15022 2307/15023 2333/15024
f 2305/15025 2333/15026 2332/15027
f 2283/15028 2334/15029 2298/15030
f 2334/15031 2270/15032 2306/15033
f 2296/15034 2295/15035 2334/15036
f 2295/15037 2282/15038 2335/15039
f 2309/15040 2269/15041 2329/15042
f 2257/15043 2282/15044 2294/15045
f 2284/15046 2335/15047 2282/15048
f 2310/15049 2306/15050 2270/15051
f 2281/15052 2291/15053 2380/15054
f 2337/15055 2368/15056 2367/15057
f 2357/15058 2372/15059 2319/15060
f 2273/15061 2316/15062 2313/15063
f 2354/15064 2340/15065 2348/15066
f 2314/15067 2317/15068 2338/15069
f 2317/15070 2314/15071 2321/15072
f 2353/15073 2274/15074 2321/15075
f 2274/15076 2353/15077 2326/15078
f 2380/15079 2369/15080 2343/15081
f 2315/15082 2371/15083 2370/15084
f 2272/15085 2341/15086 2371/15087
f 2263/15088 2320/15089 2342/15090
f 2378/15091 2278/15092 2377/15093
f 2351/15094 2322/15095 2347/15096
f 2354/15097 2312/15098 2328/15099
f 2372/15100 2357/15101 2371/15102
f 2402/15103 2381/15104 2383/15105
f 2402/15106 2383/15107 2414/15108
f 2402/15109 2414/15110 2413/15111
f 2402/15112 2413/15113 2410/15114
f 2402/15115 2410/15116 2409/15117
f 2402/15118 2409/15119 2408/15120
f 2402/15121 2408/15122 2407/15123
f 2445/15124 2446/15125 2381/15126
f 2462/15127 2445/15128 2401/15129
f 2462/15130 2402/15131 2403/15132
f 2460/15133 2461/15134 2403/15135
f 2459/15136 2460/15137 2382/15138
f 2459/15139 2404/15140 2405/15141
f 2457/15142 2458/15143 2405/15144
f 2457/15145 2406/15146 2407/15147
f 2455/15148 2456/15149 2407/15150
f 2455/15151 2408/15152 2409/15153
f 2454/15154 2409/15155 2410/15156
f 2452/15157 2453/15158 2410/15159
f 2452/15160 2411/15161 2412/15162
f 2450/15163 2451/15164 2412/15165
f 2449/15166 2450/15167 2413/15168
f 2449/15169 2414/15170 2383/15171
f 2447/15172 2448/15173 2383/15174
f 2446/15175 2447/15176 2415/15177
f 2428/15178 2400/15179 2426/15180
f 2429/15181 2428/15182 2384/15183
f 2386/15184 2430/15185 2429/15186
f 2431/15187 2430/15188 2386/15189
f 2434/15190 2433/15191 2388/15192
f 2390/15193 2435/15194 2434/15195
f 2391/15196 2436/15197 2435/15198
f 2392/15199 2437/15200 2436/15201
f 2393/15202 2438/15203 2437/15204
f 2394/15205 2439/15206 2438/15207
f 2395/15208 2440/15209 2439/15210
f 2396/15211 2441/15212 2440/15213
f 2442/15214 2441/15215 2396/15216
f 2443/15217 2442/15218 2397/15219
f 2444/15220 2443/15221 2398/15222
f 2400/15223 2444/15224 2399/15225
f 2407/15226 2405/15227 2404/15228
f 2446/15229 2445/15230 2384/15231
f 2447/15232 2446/15233 2426/15234
f 2448/15235 2447/15236 2399/15237
f 2449/15238 2448/15239 2398/15240
f 2449/15241 2397/15242 2396/15243
f 2450/15244 2396/15245 2395/15246
f 2452/15247 2451/15248 2395/15249
f 2452/15250 2394/15251 2393/15252
f 2454/15253 2453/15254 2393/15255
f 2455/15256 2454/15257 2392/15258
f 2455/15259 2391/15260 2390/15261
f 2456/15262 2390/15263 2389/15264
f 2457/15265 2389/15266 2388/15267
f 2459/15268 2458/15269 2388/15270
f 2460/15271 2459/15272 2427/15273
f 2460/15274 2387/15275 2386/15276
f 2461/15277 2386/15278 2385/15279
f 2462/15280 2385/15281 2384/15282
f 2464/15283 2463/15284 2400/15285
f 2464/15286 2428/15287 2429/15288
f 2465/15289 2429/15290 2430/15291
f 2467/15292 2466/15293 2430/15294
f 2468/15295 2467/15296 2431/15297
f 2468/15298 2432/15299 2433/15300
f 2471/15301 2469/15302 2433/15303
f 2471/15304 2435/15305 2436/15306
f 2472/15307 2436/15308 2437/15309
f 2474/15310 2473/15311 2437/15312
f 2475/15313 2474/15314 2438/15315
f 2476/15316 2475/15317 2439/15318
f 2476/15319 2440/15320 2441/15321
f 2478/15322 2477/15323 2441/15324
f 2478/15325 2442/15326 2443/15327
f 2480/15328 2479/15329 2443/15330
f 2480/15331 2444/15332 2400/15333
f 2416/15334 2425/15335 2463/15336
f 2416/15337 2465/15338 2466/15339
f 2418/15340 2417/15341 2467/15342
f 2419/15343 2418/15344 2469/15345
f 2419/15346 2471/15347 2472/15348
f 2421/15349 2420/15350 2473/15351
f 2422/15352 2421/15353 2474/15354
f 2423/15355 2422/15356 2476/15357
f 2423/15358 2477/15359 2478/15360
f 2424/15361 2479/15362 2480/15363
f 2491/15364 2543/15365 2488/15366
f 2531/15367 2532/15368 2494/15369
f 2482/15370 2519/15371 2533/15372
f 2532/15373 2534/15374 2495/15375
f 2534/15376 2520/15377 2496/15378
f 2509/15379 2496/15380 2520/15381
f 2482/15382 2497/15383 2521/15384
f 2536/15385 2521/15386 2497/15387
f 2481/15388 2498/15389 2522/15390
f 2535/15391 2522/15392 2498/15393
f 2487/15394 2523/15395 2537/15396
f 2499/15397 2524/15398 2523/15399
f 2500/15400 2525/15401 2524/15402
f 2525/15403 2500/15404 2485/15405
f 2501/15406 2526/15407 2538/15408
f 2526/15409 2501/15410 2484/15411
f 2502/15412 2527/15413 2539/15414
f 2527/15415 2502/15416 2483/15417
f 2506/15418 2488/15419 2489/15420
f 2493/15421 2494/15422 2496/15423
f 2496/15424 2509/15425 2498/15426
f 2504/15427 2511/15428 2510/15429
f 2501/15430 2485/15431 2500/15432
f 2500/15433 2487/15434 2515/15435
f 2517/15436 2541/15437 2529/15438
f 2530/15439 2542/15440 2540/15441
f 2528/15442 2512/15443 2488/15444
f 2601/15445 2670/15446 2561/15447
f 2624/15448 2601/15449 2671/15450
f 2562/15451 2602/15452 2626/15453
f 2564/15454 2626/15455 2602/15456
f 2627/15457 2675/15458 2670/15459
f 2603/15460 2630/15461 2564/15462
f 2563/15463 2566/15464 2603/15465
f 2630/15466 2603/15467 2566/15468
f 2554/15469 2691/15470 2604/15471
f 2686/15472 2605/15473 2682/15474
f 2550/15475 2616/15476 2605/15477
f 2726/15478 2682/15479 2605/15480
f 2618/15481 2606/15482 2683/15483
f 2684/15484 2607/15485 2633/15486
f 2547/15487 2609/15488 2607/15489
f 2640/15490 2608/15491 2606/15492
f 2586/15493 2619/15494 2608/15495
f 2609/15496 2620/15497 2600/15498
f 2677/15499 2609/15500 2678/15501
f 2689/15502 2610/15503 2599/15504
f 2687/15505 2611/15506 2621/15507
f 2587/15508 2642/15509 2611/15510
f 2634/15511 2612/15512 2623/15513
f 2568/15514 2623/15515 2612/15516
f 2611/15517 2643/15518 2690/15519
f 2679/15520 2613/15521 2635/15522
f 2635/15523 2613/15524 2612/15525
f 2625/15526 2614/15527 2702/15528
f 2589/15529 2644/15530 2693/15531
f 2610/15532 2693/15533 2644/15534
f 2615/15535 2629/15536 2558/15537
f 2629/15538 2615/15539 2613/15540
f 2590/15541 2645/15542 2616/15543
f 2697/15544 2696/15545 2617/15546
f 2618/15547 2703/15548 2698/15549
f 2685/15550 2686/15551 2698/15552
f 2686/15553 2685/15554 2567/15555
f 2591/15556 2549/15557 2619/15558
f 2599/15559 2687/15560 2700/15561
f 2700/15562 2621/15563 2622/15564
f 2551/15565 2622/15566 2621/15567
f 2647/15568 2624/15569 2557/15570
f 2593/15571 2705/15572 2624/15573
f 2625/15574 2690/15575 2557/15576
f 2691/15577 2679/15578 2632/15579
f 2679/15580 2691/15581 2554/15582
f 2692/15583 2680/15584 2672/15585
f 2680/15586 2692/15587 2730/15588
f 2555/15589 2549/15590 2649/15591
f 2561/15592 2697/15593 2545/15594
f 2650/15595 2692/15596 2555/15597
f 2559/15598 2617/15599 2604/15600
f 2668/15601 2633/15602 2685/15603
f 2622/15604 2634/15605 2704/15606
f 2635/15607 2614/15608 2674/15609
f 2697/15610 2636/15611 2602/15612
f 2636/15613 2675/15614 2566/15615
f 2718/15616 2653/15617 2708/15618
f 2654/15619 2732/15620 2576/15621
f 2709/15622 2655/15623 2727/15624
f 2575/15625 2586/15626 2655/15627
f 2583/15628 2728/15629 2656/15630
f 2569/15631 2657/15632 2637/15633
f 2712/15634 2658/15635 2657/15636
f 2571/15637 2729/15638 2658/15639
f 2659/15640 2663/15641 2572/15642
f 2710/15643 2659/15644 2713/15645
f 2660/15646 2714/15647 2578/15648
f 2707/15649 2660/15650 2715/15651
f 2716/15652 2661/15653 2586/15654
f 2717/15655 2662/15656 2729/15657
f 2714/15658 2664/15659 2719/15660
f 2722/15661 2663/15662 2661/15663
f 2664/15664 2662/15665 2582/15666
f 2653/15667 2639/15668 2645/15669
f 2592/15670 2593/15671 2647/15672
f 2594/15673 2648/15674 2626/15675
f 2651/15676 2594/15677 2595/15678
f 2654/15679 2727/15680 2655/15681
f 2637/15682 2657/15683 2642/15684
f 2659/15685 2710/15686 2656/15687
f 2663/15688 2659/15689 2644/15690
f 2664/15691 2714/15692 2590/15693
f 2666/15694 2664/15695 2648/15696
f 2730/15697 2650/15698 2596/15699
f 2731/15700 2666/15701 2651/15702
f 2667/15703 2637/15704 2652/15705
f 2646/15706 2718/15707 2732/15708
f 2733/15709 2735/15710 2736/15711
f 2736/15712 2734/15713 2733/15714
f 2737/15715 2738/15716 2740/15717
f 2740/15718 2739/15719 2737/15720
f 2733/15721 2734/15722 2738/15723
f 2738/15724 2737/15725 2733/15726
f 2734/15727 2736/15728 2740/15729
f 2740/15730 2738/15731 2734/15732
f 2736/15733 2735/15734 2739/15735
f 2739/15736 2740/15737 2736/15738
f 2735/15739 2733/15740 2737/15741
f 2737/15742 2739/15743 2735/15744
f 2741/15745 2743/15746 2744/15747
f 2744/15748 2742/15749 2741/15750
f 2745/15751 2746/15752 2748/15753
f 2748/15754 2747/15755 2745/15756
f 2741/15757 2742/15758 2746/15759
f 2746/15760 2745/15761 2741/15762
f 2742/15763 2744/15764 2748/15765
f 2748/15766 2746/15767 2742/15768
f 2744/15769 2743/15770 2747/15771
f 2747/15772 2748/15773 2744/15774
f 2743/15775 2741/15776 2745/15777
f 2745/15778 2747/15779 2743/15780
f 2749/15781 2751/15782 2752/15783
f 2752/15784 2750/15785 2749/15786
f 2753/15787 2754/15788 2756/15789
f 2756/15790 2755/15791 2753/15792
f 2749/15793 2750/15794 2754/15795
f 2754/15796 2753/15797 2749/15798
f 2750/15799 2752/15800 2756/15801
f 2756/15802 2754/15803 2750/15804
f 2752/15805 2751/15806 2755/15807
f 2755/15808 2756/15809 2752/15810
f 2751/15811 2749/15812 2753/15813
f 2753/15814 2755/15815 2751/15816
