o Refrigerator031_fridge_door_Clear
v 0.360919 -0.2316025 0.66453
v 0.363065 -0.2329235 0.664499
v 0.043577 -0.2343305 0.66419
v 0.361339 -0.2314945 0.673895
v 0.364263 -0.2342485 0.673959
v 0.046007 -0.2314855 0.673895
v 0.044503 -0.2321515 0.673895
v 0.363887 -0.2332925 0.673895
v 0.362849 -0.2321835 0.673895
v 0.045872 -0.2365045 0.760989
v 0.044833 -0.2324875 0.664533
v 0.038537 -0.3072925 0.664636
v 0.040407 -0.3087615 0.664594
v 0.36668 -0.3088945 0.664657
v 0.368722 -0.3073075 0.664627
v 0.04404 -0.2340585 0.666134
v 0.36135 -0.2327865 0.66582
v 0.039486 -0.3067415 0.665981
v 0.040693 -0.3070275 0.665434
v 0.039524 -0.3078565 0.761332
v 0.044722 -0.2379375 0.761019
v 0.040606 -0.3069165 0.760943
v 0.366708 -0.3076505 0.760949
v 0.362806 -0.2379145 0.760995
v 0.361164 -0.2370425 0.761063
v 0.045271 -0.2323435 0.702345
v 0.043482 -0.2339255 0.70766
v 0.363633 -0.2336555 0.708338
v 0.362087 -0.2323605 0.702203
v 0.366571 -0.3070295 0.665439
v 0.367246 -0.3068265 0.665798
v 0.368115 -0.3068485 0.666104
v 0.038009 -0.2906655 0.698203
v 0.038009 -0.3052455 0.698203
v 0.038009 -0.3052455 0.703062
v 0.038009 -0.2906655 0.703062
v 0.3693 -0.3052455 0.703062
v 0.3693 -0.2906655 0.703062
v 0.036588 -0.3049355 0.698516
v 0.03658 -0.3049155 0.702737
v 0.036588 -0.2909755 0.702749
v 0.036584 -0.2909855 0.698519
v 0.370721 -0.2909755 0.698516
v 0.370729 -0.2909955 0.702737
v 0.370721 -0.3049355 0.702749
v 0.370725 -0.3049255 0.698519
v 0.370393 -0.3001145 0.665415
v 0.036916 -0.2957855 0.665415
v 0.043353 -0.2335285 0.673916
v 0.368885 -0.2706575 0.761027
v 0.040401 -0.2704795 0.76086
v 0.369073 -0.2701885 0.664662
v 0.03823 -0.2703255 0.664662
v 0.039836 -0.2723365 0.665873
v 0.366823 -0.2702015 0.665301
v 0.367798 -0.2726975 0.666
v 0.046432 -0.2325075 0.715905
v 0.045502 -0.2329195 0.719026
v 0.044445 -0.2332985 0.715876
v 0.36425 -0.2347575 0.705203
v 0.362797 -0.2332685 0.716179
v 0.361784 -0.2327565 0.71606
v 0.360765 -0.2326025 0.717966
v 0.361306 -0.2346705 0.719006
v 0.360883 -0.2334855 0.73138
v 0.361 -0.2356035 0.736309
v 0.045972 -0.2336155 0.687507
v 0.361965 -0.2340635 0.684478
v 0.361539 -0.2336145 0.685611
v 0.360987 -0.2334215 0.687955
v 0.04302 -0.2343885 0.689269
v 0.364263 -0.2343885 0.688988
v 0.046473 -0.2334155 0.730517
v 0.045081 -0.2339275 0.731952
v 0.043895 -0.2346425 0.730713
v 0.043288 -0.2360505 0.73965
v 0.363633 -0.2353345 0.737189
v 0.362474 -0.2340245 0.730759
v 0.045316 -0.2348125 0.709905
v 0.361981 -0.2348605 0.71189
v 0.368612 -0.3073865 0.76095
v 0.038296 -0.2704795 0.760861
v 0.366987 -0.2704265 0.760989
v 0.360905 -0.2368565 0.751508
v 0.036913 -0.3001125 0.665419
v 0.046004 -0.2334415 0.674098
v 0.045332 -0.2340345 0.679183
v 0.361089 -0.2333535 0.674092
v 0.043057 -0.2360735 0.731561
v 0.039376 -0.3079715 0.760876
v 0.364142 -0.2356215 0.728624
v 0.045979 -0.2342785 0.710856
v 0.046427 -0.2350155 0.727771
v 0.045964 -0.2347805 0.722029
v 0.361779 -0.2358745 0.733617
v 0.045992 -0.2350335 0.748461
v 0.044077 -0.2359635 0.748574
v 0.362841 -0.2353965 0.745902
v 0.361807 -0.2348935 0.74561
v 0.360811 -0.2348815 0.748065
v 0.046156 -0.2358735 0.739469
v 0.045427 -0.2359405 0.733392
v 0.364131 -0.2369095 0.747443
v 0.361971 -0.2365355 0.760839
v 0.046037 -0.2369745 0.75157
v 0.3617 -0.2369575 0.748268
v 0.361289 -0.2341275 0.70784
v 0.3693 -0.2906655 0.698203
v 0.040482 -0.2702905 0.665301
v 0.045958 -0.2316035 0.686513
v 0.044447 -0.2322965 0.686513
v 0.36401 -0.2338445 0.698146
v 0.364263 -0.2343045 0.683028
v 0.363626 -0.2330545 0.686597
v 0.362793 -0.2322475 0.686581
v 0.36129 -0.2315905 0.686546
v 0.043046 -0.2343045 0.683028
v 0.03695 -0.2957905 0.698474
v 0.3693 -0.3052455 0.698203
v 0.370358 -0.3001105 0.698474
v 0.370354 -0.2957855 0.698468
v 0.036955 -0.3001155 0.698468
v 0.370396 -0.2957885 0.665419
v 0.368197 -0.2619005 0.761009
v 0.040034 -0.2539355 0.760998
v 0.365335 -0.2539785 0.760846
v 0.36722 -0.2522155 0.664432
v 0.040062 -0.2522495 0.664437
v 0.039104 -0.2609495 0.664435
v 0.366925 -0.2567465 0.666104
v 0.365424 -0.2522155 0.665501
v 0.367479 -0.2523485 0.704445
v 0.367429 -0.2540005 0.760853
v 0.04196 -0.2540205 0.760871
v 0.041794 -0.2522715 0.665587
v 0.039822 -0.2525095 0.711182
v 0.365228 -0.2526715 0.718623
v 0.042088 -0.2523605 0.704837
v 0.366366 -0.2576355 0.761304
v 0.040912 -0.2611625 0.665479
v 0.039076 -0.2622955 0.76102
v 0.366319 -0.2620355 0.760863
v 0.368253 -0.2614225 0.664432
v 0.039323 -0.2690345 0.666106
v 0.366412 -0.2613315 0.665479
v 0.040986 -0.2620635 0.760871
v 0.041003 -0.2572875 0.761301
v 0.042368 -0.2460835 0.761024
v 0.364105 -0.2460865 0.761022
v 0.041489 -0.2432845 0.664419
v 0.365829 -0.2432875 0.664417
v 0.36432 -0.2432435 0.665689
v 0.043268 -0.2433065 0.665502
v 0.041492 -0.2483005 0.666103
v 0.365999 -0.2460525 0.760861
v 0.36621 -0.2491905 0.761304
v 0.366058 -0.2432435 0.694375
v 0.041217 -0.2444815 0.730196
v 0.363845 -0.2442445 0.725872
v 0.041261 -0.2431745 0.693763
v 0.366102 -0.2446755 0.733845
v 0.043456 -0.2444085 0.729435
v 0.039838 -0.2723965 0.761301
v 0.038104 -0.2792565 0.760871
v 0.038678 -0.2725715 0.761309
v 0.367111 -0.2792545 0.760871
v 0.36755 -0.2740165 0.761311
v 0.038561 -0.2726395 0.66421
v 0.369224 -0.2792435 0.664711
v 0.36871 -0.2726185 0.664202
v 0.367023 -0.2792575 0.665281
v 0.040284 -0.2792265 0.665314
v 0.369211 -0.2792085 0.760862
v 0.040204 -0.2793015 0.760861
v 0.038023 -0.2792175 0.664695
v 0.044972 -0.2336265 0.665797
v 0.046893 -0.2321675 0.66612
v 0.362723 -0.2331465 0.66612
v 0.360415 -0.2321675 0.66612
v 0.362405 -0.2338105 0.665729
v 0.045643 -0.2333215 0.665611
v 0.045884 -0.2364875 0.539352
v 0.043337 -0.2343155 0.442789
v 0.038537 -0.3072935 0.443017
v 0.040407 -0.3087615 0.442975
v 0.36668 -0.3088945 0.443039
v 0.368721 -0.3073085 0.443008
v 0.044041 -0.2340565 0.444512
v 0.362792 -0.2332575 0.444502
v 0.045212 -0.2340225 0.443869
v 0.039486 -0.3067415 0.444363
v 0.040693 -0.3070275 0.443816
v 0.039524 -0.3078565 0.539714
v 0.045209 -0.2377935 0.539436
v 0.040606 -0.3069165 0.539325
v 0.366707 -0.3076505 0.539332
v 0.362806 -0.2379145 0.539377
v 0.361164 -0.2370425 0.539445
v 0.045271 -0.2323435 0.480727
v 0.043482 -0.2339255 0.486042
v 0.039376 -0.3079725 0.539258
v 0.363633 -0.2336555 0.486719
v 0.362087 -0.2323605 0.480585
v 0.366572 -0.3070295 0.443821
v 0.367246 -0.3068255 0.44418
v 0.368115 -0.3068485 0.444486
v 0.038009 -0.2906655 0.476585
v 0.038009 -0.3052455 0.476585
v 0.038009 -0.3052455 0.481444
v 0.038009 -0.2906655 0.481444
v 0.3693 -0.3052455 0.481444
v 0.370361 -0.2909405 0.481171
v 0.036588 -0.3049355 0.476898
v 0.03658 -0.3049155 0.481119
v 0.036588 -0.2909755 0.481131
v 0.036584 -0.2909855 0.476902
v 0.370721 -0.2909755 0.476898
v 0.370721 -0.3049355 0.481131
v 0.370725 -0.3049255 0.476902
v 0.043353 -0.2335285 0.452298
v 0.369009 -0.2704305 0.539247
v 0.040401 -0.2704795 0.539242
v 0.038242 -0.2702845 0.443028
v 0.039836 -0.2723365 0.444256
v 0.366823 -0.2702015 0.443683
v 0.367798 -0.2726965 0.444382
v 0.046432 -0.2325075 0.494287
v 0.045502 -0.2329185 0.497407
v 0.044445 -0.2332985 0.494258
v 0.36425 -0.2347575 0.483585
v 0.362797 -0.2332685 0.494561
v 0.361784 -0.2327565 0.494439
v 0.360765 -0.2326025 0.496345
v 0.36101 -0.2343545 0.49422
v 0.360883 -0.2334845 0.509759
v 0.046459 -0.2356465 0.515454
v 0.361037 -0.2351575 0.50817
v 0.045972 -0.2336155 0.465888
v 0.361965 -0.2340635 0.46286
v 0.361539 -0.2336145 0.463993
v 0.360987 -0.2334215 0.466336
v 0.364263 -0.2343885 0.46737
v 0.369028 -0.2702185 0.443113
v 0.04302 -0.2343885 0.467652
v 0.046473 -0.2334155 0.5089
v 0.045081 -0.2339275 0.510334
v 0.043895 -0.2346425 0.509096
v 0.043288 -0.2360505 0.518033
v 0.363633 -0.2353345 0.51557
v 0.362474 -0.2340245 0.509141
v 0.046136 -0.2349865 0.504941
v 0.045316 -0.2348125 0.488288
v 0.361724 -0.2349195 0.497479
v 0.368612 -0.3073865 0.539332
v 0.04335 -0.2382265 0.539296
v 0.038296 -0.2704755 0.539242
v 0.366987 -0.2704265 0.539371
v 0.360905 -0.2368565 0.529888
v 0.3693 -0.2906655 0.476585
v 0.046005 -0.2334415 0.452477
v 0.045332 -0.2340345 0.457566
v 0.36109 -0.2333535 0.452474
v 0.037043 -0.2957095 0.476779
v 0.3693 -0.3052455 0.476585
v 0.370266 -0.3001905 0.476779
v 0.037041 -0.3001895 0.476775
v 0.370268 -0.2957115 0.476775
v 0.043057 -0.2360735 0.509943
v 0.364142 -0.2356215 0.507007
v 0.046341 -0.2341035 0.489264
v 0.045963 -0.2344845 0.494424
v 0.045616 -0.2344525 0.489212
v 0.360813 -0.2356665 0.515771
v 0.361779 -0.2358745 0.511997
v 0.045992 -0.2350335 0.526843
v 0.044076 -0.2359645 0.526959
v 0.362842 -0.2353955 0.52428
v 0.361807 -0.2348925 0.523991
v 0.360811 -0.2348815 0.526447
v 0.045945 -0.2359775 0.517931
v 0.045427 -0.2359405 0.511775
v 0.364131 -0.2369095 0.525824
v 0.361971 -0.2365355 0.539221
v 0.046037 -0.2369745 0.529951
v 0.3617 -0.2369575 0.526649
v 0.361993 -0.2348025 0.488321
v 0.361289 -0.2341275 0.486223
v 0.040482 -0.2702905 0.443683
v 0.364263 -0.2343045 0.46141
v 0.045958 -0.2316035 0.464895
v 0.044447 -0.2322965 0.464894
v 0.36401 -0.2338445 0.476528
v 0.363626 -0.2330545 0.464979
v 0.362793 -0.2322475 0.464962
v 0.36129 -0.2315905 0.464927
v 0.043046 -0.2343045 0.46141
v 0.370267 -0.3001905 0.443719
v 0.037041 -0.2957105 0.443719
v 0.037045 -0.3001935 0.443722
v 0.370264 -0.2957065 0.443722
v 0.368197 -0.2619005 0.539391
v 0.040034 -0.2539355 0.53938
v 0.365335 -0.2539785 0.539228
v 0.36722 -0.2522165 0.442814
v 0.040062 -0.2522495 0.442819
v 0.039107 -0.2609665 0.44281
v 0.366925 -0.2567495 0.444486
v 0.365424 -0.2522155 0.443883
v 0.367479 -0.2523485 0.482827
v 0.367429 -0.2540005 0.539235
v 0.04196 -0.2540205 0.539253
v 0.041794 -0.2522715 0.44397
v 0.039822 -0.2525105 0.489567
v 0.365228 -0.2526715 0.497008
v 0.042088 -0.2523605 0.483219
v 0.366365 -0.2576355 0.539686
v 0.040912 -0.2611615 0.443861
v 0.039075 -0.2622865 0.539396
v 0.366319 -0.2620365 0.539245
v 0.368253 -0.2614225 0.442814
v 0.039323 -0.2690365 0.444488
v 0.366412 -0.2613315 0.443861
v 0.040986 -0.2620635 0.539253
v 0.041004 -0.2572885 0.539683
v 0.042369 -0.2460825 0.539406
v 0.364105 -0.2460865 0.539404
v 0.041489 -0.2432845 0.442801
v 0.365829 -0.2432875 0.442799
v 0.36432 -0.2432425 0.444071
v 0.043268 -0.2433075 0.443884
v 0.041492 -0.2483025 0.444485
v 0.365999 -0.2460525 0.539243
v 0.36621 -0.2491905 0.539686
v 0.366058 -0.2432435 0.472757
v 0.041217 -0.2444815 0.508579
v 0.363845 -0.2442445 0.504253
v 0.041261 -0.2431745 0.472144
v 0.366102 -0.2446755 0.512228
v 0.043456 -0.2444085 0.507817
v 0.040204 -0.2793005 0.539243
v 0.368637 -0.2721615 0.539686
v 0.039838 -0.2723945 0.539683
v 0.038104 -0.2792565 0.539253
v 0.038677 -0.2725715 0.539691
v 0.367111 -0.2792555 0.539253
v 0.36755 -0.2740175 0.539693
v 0.038561 -0.2726385 0.442592
v 0.369284 -0.2792795 0.44304
v 0.36871 -0.2726185 0.442584
v 0.367023 -0.2792575 0.443663
v 0.040284 -0.2792265 0.443696
v 0.369211 -0.2792085 0.539243
v 0.038023 -0.2792165 0.443077
v 0.360919 -0.2316035 0.442911
v 0.044991 -0.2323225 0.442906
v 0.363065 -0.2329235 0.442881
v 0.361339 -0.2314945 0.452277
v 0.364263 -0.2342485 0.452341
v 0.046007 -0.2314855 0.452277
v 0.044503 -0.2321515 0.452277
v 0.363887 -0.2332925 0.452277
v 0.362849 -0.2321835 0.452277
v 0.361374 -0.2329305 0.444131
v 0.046584 -0.2321915 0.444502
v 0.044399 -0.2333445 0.444502
v 0.36235 -0.2339235 0.444036
v 0.360415 -0.2321675 0.444502
v 0.361307 -0.2322925 0.444502
v 0.045672 -0.2332325 0.444002
v 0.360919 -0.2316035 0.210025
v 0.363065 -0.2329235 0.209994
v 0.043577 -0.2343315 0.209685
v 0.361339 -0.2314945 0.21939
v 0.364263 -0.2342485 0.219455
v 0.046007 -0.2314865 0.21939
v 0.044503 -0.2321515 0.21939
v 0.363887 -0.2332925 0.21939
v 0.362849 -0.2321845 0.21939
v 0.361915 -0.2334095 0.211237
v 0.360415 -0.2321685 0.211615
v 0.045182 -0.2337265 0.21107
v 0.045201 -0.2342775 0.210809
v 0.046407 -0.2364135 0.306523
v 0.044833 -0.2324875 0.210028
v 0.038537 -0.3072945 0.210132
v 0.040407 -0.3087615 0.21009
v 0.36668 -0.3088945 0.210151
v 0.368721 -0.3073085 0.210121
v 0.045908 -0.2329635 0.211313
v 0.044586 -0.2331465 0.211615
v 0.043954 -0.2343255 0.211637
v 0.362792 -0.2332585 0.211615
v 0.046333 -0.2333425 0.210703
v 0.039486 -0.3067415 0.211476
v 0.040693 -0.3070275 0.210929
v 0.039524 -0.3078565 0.306827
v 0.366684 -0.3088525 0.30644
v 0.368704 -0.3070275 0.30678
v 0.045431 -0.2376655 0.306549
v 0.040606 -0.3069165 0.306438
v 0.366699 -0.3069185 0.306437
v 0.362806 -0.2379145 0.30649
v 0.361164 -0.2370425 0.306558
v 0.045271 -0.2323435 0.24784
v 0.043482 -0.2339255 0.253154
v 0.368549 -0.3075115 0.306406
v 0.363633 -0.2336555 0.253832
v 0.362087 -0.2323605 0.247698
v 0.366572 -0.3070295 0.210934
v 0.367246 -0.3068265 0.211293
v 0.368115 -0.3068485 0.211599
v 0.038009 -0.2906655 0.243698
v 0.038009 -0.3052455 0.243698
v 0.038009 -0.3052455 0.248557
v 0.038009 -0.2906655 0.248557
v 0.3693 -0.3052455 0.248557
v 0.3693 -0.2906655 0.248557
v 0.036588 -0.3049355 0.244011
v 0.03658 -0.3049155 0.248232
v 0.036588 -0.2909755 0.248244
v 0.036584 -0.2909855 0.244014
v 0.370721 -0.2909755 0.244011
v 0.370729 -0.2909965 0.248232
v 0.370721 -0.3049355 0.248244
v 0.370725 -0.3049255 0.244015
v 0.043353 -0.2335295 0.219411
v 0.368312 -0.2717265 0.306855
v 0.038617 -0.2714365 0.306781
v 0.369093 -0.2705025 0.306277
v 0.368858 -0.2723305 0.306706
v 0.040401 -0.2704795 0.306355
v 0.039852 -0.2716795 0.306802
v 0.038242 -0.2702845 0.210141
v 0.039836 -0.2723365 0.211368
v 0.366823 -0.2702015 0.210796
v 0.367798 -0.2726975 0.211495
v 0.046432 -0.2325075 0.261399
v 0.045502 -0.2329195 0.26452
v 0.044445 -0.2332985 0.261371
v 0.36425 -0.2347575 0.250698
v 0.362797 -0.2332685 0.261673
v 0.361784 -0.2327575 0.261553
v 0.360765 -0.2326025 0.26346
v 0.36101 -0.2343545 0.261335
v 0.360883 -0.2334855 0.276875
v 0.046459 -0.2356465 0.282562
v 0.361037 -0.2351575 0.275284
v 0.045972 -0.2336155 0.233001
v 0.361965 -0.2340635 0.229972
v 0.361539 -0.2336145 0.231106
v 0.360987 -0.2334215 0.23345
v 0.369028 -0.2702185 0.210226
v 0.04302 -0.2343895 0.234765
v 0.364263 -0.2343885 0.234483
v 0.046473 -0.2334155 0.276012
v 0.045081 -0.2339275 0.277447
v 0.043895 -0.2346435 0.276209
v 0.043288 -0.2360505 0.285144
v 0.039386 -0.3079565 0.30639
v 0.363633 -0.2353345 0.282683
v 0.362474 -0.2340245 0.276254
v 0.046136 -0.2349875 0.272061
v 0.045316 -0.2348125 0.2554
v 0.361724 -0.2349205 0.264593
v 0.043554 -0.2379535 0.306415
v 0.038211 -0.2704665 0.306265
v 0.366987 -0.2704265 0.306484
v 0.360905 -0.2368565 0.297002
v 0.037041 -0.3001885 0.210836
v 0.3693 -0.2906655 0.243698
v 0.046004 -0.2334415 0.219593
v 0.045332 -0.2340345 0.224677
v 0.361089 -0.2333535 0.219587
v 0.03704 -0.2957115 0.243893
v 0.3693 -0.3052455 0.243698
v 0.370269 -0.2957115 0.243888
v 0.037044 -0.3001935 0.243888
v 0.043057 -0.2360735 0.277056
v 0.364142 -0.2356215 0.27412
v 0.046341 -0.2341045 0.256378
v 0.045963 -0.2344845 0.261534
v 0.045616 -0.2344525 0.256324
v 0.360813 -0.2356675 0.282884
v 0.361779 -0.2358745 0.279111
v 0.045992 -0.2350335 0.293956
v 0.044077 -0.2359635 0.294068
v 0.362841 -0.2353965 0.291397
v 0.361807 -0.2348935 0.291105
v 0.360811 -0.2348815 0.29356
v 0.045945 -0.2359785 0.285046
v 0.045427 -0.2359405 0.278888
v 0.364131 -0.2369095 0.292937
v 0.361971 -0.2365355 0.306334
v 0.046037 -0.2369745 0.297064
v 0.3617 -0.2369575 0.293762
v 0.361993 -0.2348035 0.255434
v 0.361289 -0.2341275 0.253336
v 0.040482 -0.2702905 0.210796
v 0.045958 -0.2316035 0.232008
v 0.044447 -0.2322965 0.232007
v 0.043046 -0.2343045 0.228523
v 0.36401 -0.2338445 0.243641
v 0.364263 -0.2343045 0.228523
v 0.363626 -0.2330555 0.232092
v 0.362793 -0.2322485 0.232075
v 0.36129 -0.2315905 0.23204
v 0.370356 -0.3001215 0.24396
v 0.370266 -0.3001935 0.210833
v 0.036953 -0.2957865 0.210911
v 0.370262 -0.2957065 0.210835
v 0.040034 -0.2539355 0.306493
v 0.365335 -0.2539785 0.306341
v 0.36722 -0.2522175 0.209927
v 0.040062 -0.2522515 0.209932
v 0.039107 -0.2609675 0.209922
v 0.366925 -0.2567495 0.211599
v 0.365424 -0.2522165 0.210996
v 0.367479 -0.2523485 0.24994
v 0.367429 -0.2540005 0.306348
v 0.04196 -0.2540215 0.306366
v 0.36665 -0.2529825 0.306852
v 0.041794 -0.2522715 0.211082
v 0.039822 -0.2525105 0.256678
v 0.365228 -0.2526715 0.264118
v 0.042088 -0.2523615 0.250332
v 0.366366 -0.2576365 0.306799
v 0.040912 -0.2611625 0.210974
v 0.039075 -0.2622865 0.306509
v 0.366319 -0.2620365 0.306358
v 0.368258 -0.2614245 0.209936
v 0.039323 -0.2690365 0.211601
v 0.366412 -0.2613315 0.210974
v 0.368253 -0.2619425 0.306492
v 0.040986 -0.2620645 0.306366
v 0.041003 -0.2572885 0.306796
v 0.042369 -0.2460825 0.306519
v 0.364105 -0.2460865 0.306517
v 0.041489 -0.2432845 0.209914
v 0.365829 -0.2432865 0.209912
v 0.36432 -0.2432425 0.211184
v 0.043268 -0.2433075 0.210997
v 0.041492 -0.2483035 0.211598
v 0.365832 -0.2459935 0.306504
v 0.366058 -0.2432435 0.23987
v 0.041217 -0.2444815 0.275692
v 0.363845 -0.2442445 0.271367
v 0.041261 -0.2431745 0.239257
v 0.366102 -0.2446755 0.279341
v 0.043456 -0.2444085 0.27493
v 0.369295 -0.2793125 0.306271
v 0.040121 -0.2793275 0.306485
v 0.038104 -0.2792575 0.306366
v 0.367111 -0.2792545 0.306366
v 0.36755 -0.2740165 0.306806
v 0.038561 -0.2726385 0.209705
v 0.369224 -0.2792435 0.210206
v 0.36871 -0.2726185 0.209697
v 0.367023 -0.2792585 0.210776
v 0.040284 -0.2792275 0.210809
v 0.038023 -0.2792175 0.21019
v 0.361374 -0.2329315 -0.003488
v 0.361307 -0.2322935 -0.003116
v 0.360919 -0.2316035 -0.004707
v 0.363065 -0.2329245 -0.004738
v 0.043577 -0.2343315 -0.005046
v 0.361339 -0.2314945 0.004658
v 0.364263 -0.2342485 0.004723
v 0.046007 -0.2314865 0.004658
v 0.044503 -0.2321515 0.004658
v 0.363887 -0.2332925 0.004658
v 0.362849 -0.2321845 0.004658
v 0.045884 -0.2364875 0.091733
v 0.044833 -0.2324885 -0.004704
v 0.038537 -0.3072925 -0.004601
v 0.040407 -0.3087615 -0.004644
v 0.36668 -0.3088945 -0.004581
v 0.368721 -0.3073075 -0.004612
v 0.046108 -0.2329525 -0.003535
v 0.044799 -0.2329705 -0.003116
v 0.043954 -0.2343255 -0.003095
v 0.362419 -0.2338875 -0.003536
v 0.362536 -0.2329485 -0.003116
v 0.360415 -0.2321685 -0.003116
v 0.045078 -0.2340285 -0.003734
v 0.039486 -0.3067415 -0.003255
v 0.040693 -0.3070275 -0.003803
v 0.039524 -0.3078565 0.092096
v 0.045209 -0.2377935 0.091817
v 0.040606 -0.3069165 0.091706
v 0.366708 -0.3076515 0.091712
v 0.362806 -0.2379145 0.091758
v 0.361164 -0.2370425 0.091827
v 0.045271 -0.2323445 0.033108
v 0.043482 -0.2339255 0.038423
v 0.039376 -0.3079725 0.09164
v 0.363633 -0.2336555 0.0391
v 0.362087 -0.2323605 0.032966
v 0.366571 -0.3070295 -0.003797
v 0.367246 -0.3068265 -0.003438
v 0.368115 -0.3068485 -0.003132
v 0.038009 -0.2906655 0.028966
v 0.038009 -0.3052465 0.028966
v 0.038009 -0.3052465 0.033825
v 0.038009 -0.2906655 0.033825
v 0.3693 -0.3052465 0.033825
v 0.3693 -0.2906655 0.033825
v 0.036588 -0.3049365 0.029279
v 0.03658 -0.3049155 0.0335
v 0.036588 -0.2909755 0.033512
v 0.036584 -0.2909865 0.029283
v 0.370721 -0.2909755 0.029279
v 0.370729 -0.2909965 0.0335
v 0.370721 -0.3049365 0.033512
v 0.370725 -0.3049255 0.029283
v 0.370393 -0.3001155 -0.003821
v 0.036916 -0.2957865 -0.003821
v 0.043353 -0.2335295 0.00468
v 0.369099 -0.2704975 0.091533
v 0.368585 -0.2720295 0.092049
v 0.040401 -0.2704795 0.091624
v 0.039852 -0.2716795 0.09207
v 0.369073 -0.2701885 -0.004574
v 0.03823 -0.2703265 -0.004575
v 0.039836 -0.2723365 -0.003363
v 0.366823 -0.2702015 -0.003936
v 0.367798 -0.2726975 -0.003236
v 0.046432 -0.2325075 0.046668
v 0.045502 -0.2329195 0.049789
v 0.044445 -0.2332985 0.046639
v 0.36425 -0.2347575 0.035966
v 0.362797 -0.2332685 0.046942
v 0.361784 -0.2327575 0.046822
v 0.360765 -0.2326025 0.048728
v 0.36101 -0.2343545 0.046603
v 0.360883 -0.2334855 0.062143
v 0.046459 -0.2356465 0.06783
v 0.361037 -0.2351575 0.060552
v 0.045972 -0.2336155 0.01827
v 0.361965 -0.2340635 0.015241
v 0.361539 -0.2336145 0.016374
v 0.360987 -0.2334225 0.018718
v 0.04302 -0.2343895 0.020033
v 0.364263 -0.2343885 0.019751
v 0.046473 -0.2334155 0.061281
v 0.045081 -0.2339275 0.062716
v 0.043895 -0.2346435 0.061477
v 0.043288 -0.2360505 0.070413
v 0.363633 -0.2353345 0.067952
v 0.362474 -0.2340245 0.061522
v 0.046136 -0.2349875 0.057328
v 0.045316 -0.2348125 0.040669
v 0.361724 -0.2349205 0.049862
v 0.368613 -0.3073865 0.091712
v 0.04335 -0.2382265 0.091678
v 0.038296 -0.2704795 0.091624
v 0.366987 -0.2704265 0.091752
v 0.360905 -0.2368565 0.08227
v 0.036913 -0.3001135 -0.003818
v 0.370359 -0.2957885 -0.003818
v 0.046004 -0.2334415 0.004861
v 0.045332 -0.2340345 0.009946
v 0.361089 -0.2333535 0.004855
v 0.370261 -0.2956995 0.029147
v 0.043057 -0.2360735 0.062324
v 0.364142 -0.2356215 0.059388
v 0.046341 -0.2341045 0.041646
v 0.045963 -0.2344845 0.046802
v 0.045616 -0.2344525 0.041592
v 0.360813 -0.2356675 0.068152
v 0.361779 -0.2358755 0.06438
v 0.045992 -0.2350335 0.079225
v 0.044077 -0.2359645 0.079337
v 0.362841 -0.2353965 0.076666
v 0.361807 -0.2348935 0.076375
v 0.360811 -0.2348815 0.078828
v 0.045945 -0.2359785 0.070314
v 0.045427 -0.2359415 0.064155
v 0.364131 -0.2369105 0.078206
v 0.361971 -0.2365355 0.091603
v 0.046037 -0.2369755 0.082333
v 0.3617 -0.2369575 0.079031
v 0.361993 -0.2348035 0.040702
v 0.361289 -0.2341275 0.038604
v 0.3693 -0.2906655 0.028966
v 0.040482 -0.2702905 -0.003936
v 0.364263 -0.2343045 0.013792
v 0.045958 -0.2316035 0.017276
v 0.044447 -0.2322965 0.017276
v 0.36401 -0.2338445 0.028909
v 0.363626 -0.2330555 0.017361
v 0.362793 -0.2322485 0.017343
v 0.36129 -0.2315905 0.017309
v 0.043046 -0.2343045 0.013792
v 0.03695 -0.2957905 0.029238
v 0.3693 -0.3052465 0.028966
v 0.370358 -0.3001105 0.029238
v 0.036955 -0.3001155 0.029231
v 0.040034 -0.2539365 0.091762
v 0.365335 -0.2539785 0.09161
v 0.36722 -0.2522165 -0.004805
v 0.040062 -0.2522515 -0.0048
v 0.039107 -0.2609675 -0.004809
v 0.366925 -0.2567495 -0.003133
v 0.365424 -0.2522165 -0.003736
v 0.367479 -0.2523485 0.035208
v 0.367429 -0.2540005 0.091616
v 0.04196 -0.2540215 0.091634
v 0.36665 -0.2529825 0.09212
v 0.041794 -0.2522715 -0.003649
v 0.039822 -0.2525105 0.041946
v 0.365228 -0.2526715 0.049387
v 0.042088 -0.2523615 0.0356
v 0.366365 -0.2576365 0.092067
v 0.040912 -0.2611625 -0.003758
v 0.039075 -0.2622865 0.091777
v 0.366319 -0.2620365 0.091626
v 0.368253 -0.2614225 -0.004804
v 0.039323 -0.2690345 -0.003131
v 0.366412 -0.2613315 -0.003758
v 0.368254 -0.2619335 0.091754
v 0.040986 -0.2620645 0.091635
v 0.041003 -0.2572885 0.092065
v 0.042369 -0.2460825 0.091788
v 0.364105 -0.2460865 0.091786
v 0.041489 -0.2432845 -0.004818
v 0.365829 -0.2432865 -0.004819
v 0.36432 -0.2432425 -0.003547
v 0.043268 -0.2433075 -0.003734
v 0.041492 -0.2483035 -0.003133
v 0.365832 -0.2459935 0.091772
v 0.366058 -0.2432435 0.025138
v 0.041217 -0.2444815 0.06096
v 0.363845 -0.2442455 0.056635
v 0.041261 -0.2431745 0.024526
v 0.366102 -0.2446755 0.064609
v 0.043456 -0.2444085 0.060198
v 0.038104 -0.2792565 0.091635
v 0.038677 -0.2725705 0.092072
v 0.367111 -0.2792545 0.091634
v 0.36755 -0.2740175 0.092075
v 0.038561 -0.2726385 -0.005027
v 0.369224 -0.2792435 -0.004526
v 0.36871 -0.2726185 -0.005035
v 0.367023 -0.2792585 -0.003955
v 0.040284 -0.2792275 -0.003923
v 0.369295 -0.2793125 0.09154
v 0.040121 -0.2793285 0.091753
v 0.038023 -0.2792175 -0.004542
v 0.045908 -0.2329635 0.211313
v 0.36135 -0.2327865 0.66582
v 0.044722 -0.2379375 0.761019
v 0.361164 -0.2370425 0.761063
v 0.361306 -0.2346705 0.719006
v 0.361 -0.2356035 0.736309
v 0.045972 -0.2336155 0.687507
v 0.360987 -0.2334215 0.687955
v 0.360905 -0.2368565 0.751508
v 0.046004 -0.2334415 0.674098
v 0.361089 -0.2333535 0.674092
v 0.045979 -0.2342785 0.710856
v 0.046427 -0.2350155 0.727771
v 0.046156 -0.2358735 0.739469
v 0.046037 -0.2369745 0.75157
v 0.361289 -0.2341275 0.70784
v 0.045643 -0.2333215 0.665611
v 0.045209 -0.2377935 0.539436
v 0.361164 -0.2370425 0.539445
v 0.36101 -0.2343545 0.49422
v 0.046459 -0.2356465 0.515454
v 0.361037 -0.2351575 0.50817
v 0.045972 -0.2336155 0.465888
v 0.360987 -0.2334215 0.466336
v 0.046136 -0.2349865 0.504941
v 0.360905 -0.2368565 0.529888
v 0.046005 -0.2334415 0.452477
v 0.36109 -0.2333535 0.452474
v 0.046341 -0.2341035 0.489264
v 0.360813 -0.2356665 0.515771
v 0.046037 -0.2369745 0.529951
v 0.361289 -0.2341275 0.486223
v 0.361374 -0.2329305 0.444131
v 0.045672 -0.2332325 0.444002
v 0.361915 -0.2334095 0.211237
v 0.046333 -0.2333425 0.210703
v 0.045431 -0.2376655 0.306549
v 0.361164 -0.2370425 0.306558
v 0.36101 -0.2343545 0.261335
v 0.046459 -0.2356465 0.282562
v 0.361037 -0.2351575 0.275284
v 0.045972 -0.2336155 0.233001
v 0.360987 -0.2334215 0.23345
v 0.046136 -0.2349875 0.272061
v 0.360905 -0.2368565 0.297002
v 0.046004 -0.2334415 0.219593
v 0.361089 -0.2333535 0.219587
v 0.046341 -0.2341045 0.256378
v 0.360813 -0.2356675 0.282884
v 0.046037 -0.2369745 0.297064
v 0.361289 -0.2341275 0.253336
v 0.361374 -0.2329315 -0.003488
v 0.046108 -0.2329525 -0.003535
v 0.045209 -0.2377935 0.091817
v 0.361164 -0.2370425 0.091827
v 0.36101 -0.2343545 0.046603
v 0.046459 -0.2356465 0.06783
v 0.361037 -0.2351575 0.060552
v 0.045972 -0.2336155 0.01827
v 0.360987 -0.2334225 0.018718
v 0.046136 -0.2349875 0.057328
v 0.360905 -0.2368565 0.08227
v 0.046004 -0.2334415 0.004861
v 0.361089 -0.2333535 0.004855
v 0.046341 -0.2341045 0.041646
v 0.360813 -0.2356675 0.068152
v 0.046037 -0.2369755 0.082333
v 0.361289 -0.2341275 0.038604
v 0.360919 -0.2316025 0.66453
v 0.361339 -0.2314945 0.673895
v 0.046007 -0.2314855 0.673895
v 0.045872 -0.2365045 0.760989
v 0.044833 -0.2324875 0.664533
v 0.361164 -0.2370425 0.761063
v 0.045271 -0.2323435 0.702345
v 0.362087 -0.2323605 0.702203
v 0.046432 -0.2325075 0.715905
v 0.360765 -0.2326025 0.717966
v 0.360883 -0.2334855 0.73138
v 0.046473 -0.2334155 0.730517
v 0.045992 -0.2350335 0.748461
v 0.360811 -0.2348815 0.748065
v 0.045958 -0.2316035 0.686513
v 0.36129 -0.2315905 0.686546
v 0.045884 -0.2364875 0.539352
v 0.361164 -0.2370425 0.539445
v 0.045271 -0.2323435 0.480727
v 0.362087 -0.2323605 0.480585
v 0.046432 -0.2325075 0.494287
v 0.360765 -0.2326025 0.496345
v 0.360883 -0.2334845 0.509759
v 0.046473 -0.2334155 0.5089
v 0.045992 -0.2350335 0.526843
v 0.360811 -0.2348815 0.526447
v 0.045958 -0.2316035 0.464895
v 0.36129 -0.2315905 0.464927
v 0.360919 -0.2316035 0.442911
v 0.044991 -0.2323225 0.442906
v 0.361339 -0.2314945 0.452277
v 0.046007 -0.2314855 0.452277
v 0.360919 -0.2316035 0.210025
v 0.361339 -0.2314945 0.21939
v 0.046007 -0.2314865 0.21939
v 0.046407 -0.2364135 0.306523
v 0.044833 -0.2324875 0.210028
v 0.361164 -0.2370425 0.306558
v 0.045271 -0.2323435 0.24784
v 0.362087 -0.2323605 0.247698
v 0.046432 -0.2325075 0.261399
v 0.360765 -0.2326025 0.26346
v 0.360883 -0.2334855 0.276875
v 0.046473 -0.2334155 0.276012
v 0.045992 -0.2350335 0.293956
v 0.360811 -0.2348815 0.29356
v 0.045958 -0.2316035 0.232008
v 0.36129 -0.2315905 0.23204
v 0.360919 -0.2316035 -0.004707
v 0.361339 -0.2314945 0.004658
v 0.046007 -0.2314865 0.004658
v 0.045884 -0.2364875 0.091733
v 0.044833 -0.2324885 -0.004704
v 0.361164 -0.2370425 0.091827
v 0.045271 -0.2323445 0.033108
v 0.362087 -0.2323605 0.032966
v 0.046432 -0.2325075 0.046668
v 0.360765 -0.2326025 0.048728
v 0.360883 -0.2334855 0.062143
v 0.046473 -0.2334155 0.061281
v 0.045992 -0.2350335 0.079225
v 0.360811 -0.2348815 0.078828
v 0.045958 -0.2316035 0.017276
v 0.36129 -0.2315905 0.017309
vt 0.921363 0.304484
vt 0.921263 0.286824
vt 0.921383 0.286892
vt 0.921449 0.304365
vt 0.921363 0.304484
vt 0.921383 0.286892
vt 0.912041 0.322878
vt 0.912038 0.32296
vt 0.911434 0.322896
vt 0.943879 0.344912
vt 0.943968 0.344877
vt 0.943926 0.34535
vt 0.906467 0.33495
vt 0.906531 0.334946
vt 0.906444 0.335561
vt 0.906392 0.33495
vt 0.906467 0.33495
vt 0.906444 0.335561
vt 0.912019 0.340393
vt 0.912021 0.340478
vt 0.911413 0.340491
vt 0.911413 0.340491
vt 0.911411 0.34037
vt 0.912019 0.340393
vt 0.913889 0.32292
vt 0.914974 0.322934
vt 0.91477 0.322985
vt 0.913889 0.32292
vt 0.91477 0.322876
vt 0.914974 0.322934
vt 0.91477 0.322876
vt 0.913889 0.32292
vt 0.914239 0.322824
vt 0.91386 0.340436
vt 0.91477 0.340477
vt 0.914262 0.340523
vt 0.91386 0.340436
vt 0.914761 0.34042
vt 0.91477 0.340477
vt 0.91386 0.340436
vt 0.914884 0.340363
vt 0.914761 0.34042
vt 0.916525 0.28654
vt 0.916994 0.286449
vt 0.917275 0.28645
vt 0.91058 0.320921
vt 0.910659 0.320169
vt 0.910664 0.32045
vt 0.942328 0.322795
vt 0.942389 0.322759
vt 0.943846 0.322793
vt 0.959635 0.345466
vt 0.959609 0.344925
vt 0.959685 0.343469
vt 0.917633 0.304794
vt 0.917615 0.322824
vt 0.911411 0.322815
vt 0.911411 0.322815
vt 0.911431 0.304799
vt 0.917633 0.304794
vt 0.942263 0.340264
vt 0.942527 0.340225
vt 0.943972 0.340237
vt 0.932644 0.345908
vt 0.932614 0.345953
vt 0.932574 0.344533
vt 0.94382 0.340207
vt 0.943972 0.340237
vt 0.942527 0.340225
vt 0.917739 0.321171
vt 0.917656 0.321187
vt 0.917692 0.321172
vt 0.91819 0.304857
vt 0.918283 0.304794
vt 0.918283 0.321982
vt 0.932758 0.286505
vt 0.932787 0.286497
vt 0.932786 0.304591
vt 0.910571 0.316324
vt 0.910577 0.31688
vt 0.910452 0.314496
vt 0.910577 0.31688
vt 0.910567 0.317451
vt 0.910452 0.314496
vt 0.939048 0.304607
vt 0.939101 0.304586
vt 0.939101 0.304692
vt 0.962557 0.340155
vt 0.962108 0.340126
vt 0.964351 0.340149
vt 0.910341 0.305624
vt 0.910267 0.305672
vt 0.908091 0.305124
vt 0.908091 0.305124
vt 0.907459 0.30494
vt 0.910341 0.305624
vt 0.910267 0.305672
vt 0.910341 0.305624
vt 0.906392 0.322957
vt 0.931863 0.341921
vt 0.931349 0.341892
vt 0.93111 0.341835
vt 0.910567 0.317451
vt 0.910347 0.319023
vt 0.910393 0.318488
vt 0.910393 0.318488
vt 0.910477 0.317732
vt 0.910567 0.317451
vt 0.920682 0.286707
vt 0.919534 0.286574
vt 0.920099 0.286628
vt 0.928769 0.322801
vt 0.928766 0.304787
vt 0.928809 0.304702
vt 0.928769 0.322801
vt 0.928809 0.304702
vt 0.928804 0.322869
vt 0.952276 0.304702
vt 0.952514 0.322546
vt 0.951477 0.322494
vt 0.910464 0.319023
vt 0.910521 0.319908
vt 0.910468 0.319609
vt 0.939533 0.345444
vt 0.939065 0.345417
vt 0.939273 0.343701
vt 0.939273 0.343701
vt 0.939606 0.343732
vt 0.939533 0.345444
vt 0.918541 0.32665
vt 0.918876 0.326633
vt 0.918877 0.328781
vt 0.919487 0.32665
vt 0.919624 0.32257
vt 0.919619 0.328832
vt 0.91643 0.304679
vt 0.91643 0.286643
vt 0.916525 0.28654
vt 0.91643 0.304679
vt 0.916525 0.28654
vt 0.916533 0.304792
vt 0.919534 0.286574
vt 0.920682 0.286707
vt 0.92011 0.304712
vt 0.919624 0.32257
vt 0.919487 0.32665
vt 0.919487 0.326334
vt 0.939304 0.343515
vt 0.94021 0.343539
vt 0.940199 0.343758
vt 0.939304 0.343515
vt 0.940199 0.343758
vt 0.939887 0.34374
vt 0.939887 0.34374
vt 0.939814 0.345452
vt 0.939533 0.345444
vt 0.939887 0.34374
vt 0.939533 0.345444
vt 0.939606 0.343732
vt 0.939304 0.343515
vt 0.939887 0.34374
vt 0.939606 0.343732
vt 0.939304 0.343515
vt 0.939606 0.343732
vt 0.939293 0.343733
vt 0.918566 0.326355
vt 0.919471 0.326354
vt 0.919471 0.326629
vt 0.918566 0.326355
vt 0.919471 0.326629
vt 0.919157 0.326632
vt 0.919157 0.326632
vt 0.919157 0.328781
vt 0.918877 0.328781
vt 0.919157 0.326632
vt 0.918877 0.328781
vt 0.918876 0.326633
vt 0.918566 0.326355
vt 0.919157 0.326632
vt 0.918876 0.326633
vt 0.918566 0.326355
vt 0.918876 0.326633
vt 0.918565 0.32663
vt 0.939283 0.343449
vt 0.939273 0.343701
vt 0.939234 0.340406
vt 0.918846 0.322116
vt 0.918846 0.322455
vt 0.918772 0.32242
vt 0.928409 0.322442
vt 0.928409 0.322716
vt 0.92833 0.322736
vt 0.92833 0.322736
vt 0.92833 0.32242
vt 0.928409 0.322442
vt 0.911305 0.327889
vt 0.911305 0.326983
vt 0.911379 0.326961
vt 0.911379 0.326961
vt 0.911379 0.327909
vt 0.911305 0.327889
vt 0.919366 0.329126
vt 0.919366 0.328852
vt 0.919445 0.328832
vt 0.919445 0.328832
vt 0.919445 0.329148
vt 0.919366 0.329126
vt 0.918504 0.322453
vt 0.918429 0.322149
vt 0.918504 0.322116
vt 0.918504 0.322452
vt 0.918504 0.322116
vt 0.918578 0.322148
vt 0.920024 0.328852
vt 0.920024 0.329127
vt 0.919944 0.329148
vt 0.919944 0.329148
vt 0.919944 0.328832
vt 0.920024 0.328852
vt 0.917794 0.325871
vt 0.917794 0.326777
vt 0.917712 0.326798
vt 0.917712 0.326798
vt 0.917712 0.32585
vt 0.917794 0.325871
vt 0.910499 0.322909
vt 0.910499 0.322634
vt 0.910577 0.322613
vt 0.910577 0.322613
vt 0.910577 0.322929
vt 0.910499 0.322909
vt 0.918283 0.322116
vt 0.918356 0.32242
vt 0.918283 0.322455
vt 0.960814 0.343797
vt 0.96023 0.346355
vt 0.960302 0.342199
vt 0.927859 0.346815
vt 0.927859 0.341862
vt 0.929704 0.341841
vt 0.929704 0.341841
vt 0.929663 0.346797
vt 0.927859 0.346815
vt 0.939234 0.340406
vt 0.941535 0.340472
vt 0.9411 0.340502
vt 0.941535 0.340472
vt 0.939234 0.340406
vt 0.939243 0.340378
vt 0.910341 0.305624
vt 0.907459 0.30494
vt 0.908116 0.305065
vt 0.910471 0.322823
vt 0.910428 0.322623
vt 0.910471 0.322067
vt 0.927859 0.341862
vt 0.930044 0.341802
vt 0.929704 0.341841
vt 0.910491 0.316666
vt 0.910347 0.314484
vt 0.910452 0.314496
vt 0.910452 0.314496
vt 0.910567 0.317451
vt 0.910491 0.316666
vt 0.918349 0.286513
vt 0.916525 0.28654
vt 0.917275 0.28645
vt 0.91058 0.319098
vt 0.910659 0.320169
vt 0.91058 0.320921
vt 0.916525 0.28654
vt 0.918349 0.286513
vt 0.918775 0.286544
vt 0.911289 0.335529
vt 0.909038 0.335568
vt 0.909469 0.335533
vt 0.952276 0.304702
vt 0.954727 0.304719
vt 0.954734 0.322568
vt 0.954734 0.322568
vt 0.952514 0.322546
vt 0.952276 0.304702
vt 0.91044 0.312683
vt 0.910565 0.314484
vt 0.910496 0.314468
vt 0.910496 0.314468
vt 0.910388 0.312236
vt 0.91044 0.312683
vt 0.910471 0.310344
vt 0.91039 0.310672
vt 0.910478 0.30974
vt 0.910478 0.30974
vt 0.910565 0.309689
vt 0.910471 0.310344
vt 0.917656 0.318955
vt 0.917692 0.321172
vt 0.917656 0.321187
vt 0.917901 0.32118
vt 0.917861 0.319379
vt 0.917901 0.318955
vt 0.917656 0.318955
vt 0.917739 0.321171
vt 0.917692 0.321172
vt 0.940889 0.345483
vt 0.9411 0.340502
vt 0.94167 0.340512
vt 0.918541 0.32665
vt 0.918877 0.328781
vt 0.917799 0.328827
vt 0.918784 0.304794
vt 0.916533 0.304792
vt 0.916525 0.28654
vt 0.916525 0.28654
vt 0.918775 0.286544
vt 0.918784 0.304794
vt 0.9411 0.340502
vt 0.94022 0.343728
vt 0.940231 0.343476
vt 0.917799 0.328827
vt 0.918541 0.326334
vt 0.918541 0.32665
vt 0.943928 0.34316
vt 0.943857 0.344127
vt 0.943841 0.341933
vt 0.932786 0.304591
vt 0.932787 0.286497
vt 0.939046 0.286555
vt 0.932786 0.304696
vt 0.932786 0.304591
vt 0.939045 0.304592
vt 0.939045 0.304592
vt 0.939048 0.304702
vt 0.932786 0.304696
vt 0.906554 0.332914
vt 0.906496 0.333373
vt 0.906602 0.331391
vt 0.906479 0.332711
vt 0.906602 0.331391
vt 0.906496 0.333373
vt 0.959652 0.343407
vt 0.959759 0.341942
vt 0.959685 0.343469
vt 0.907706 0.332958
vt 0.907114 0.333616
vt 0.907194 0.331049
vt 0.916891 0.322964
vt 0.916902 0.32286
vt 0.91771 0.32296
vt 0.943786 0.34035
vt 0.943879 0.340315
vt 0.943886 0.341019
vt 0.943886 0.341019
vt 0.943861 0.341507
vt 0.943786 0.34035
vt 0.93907 0.340315
vt 0.939066 0.340223
vt 0.939898 0.340252
vt 0.939687 0.340208
vt 0.939898 0.340252
vt 0.939066 0.340223
vt 0.944718 0.322794
vt 0.944387 0.322758
vt 0.945269 0.322774
vt 0.930829 0.3468
vt 0.930252 0.346799
vt 0.930278 0.341836
vt 0.930278 0.341836
vt 0.930824 0.341861
vt 0.930829 0.3468
vt 0.945259 0.340226
vt 0.945265 0.340286
vt 0.944721 0.340212
vt 0.939044 0.286449
vt 0.939046 0.286555
vt 0.932787 0.286497
vt 0.939046 0.286555
vt 0.939045 0.304592
vt 0.932786 0.304591
vt 0.939273 0.343701
vt 0.939065 0.345417
vt 0.939234 0.340406
vt 0.912858 0.322957
vt 0.91286 0.322875
vt 0.913889 0.32292
vt 0.914239 0.322824
vt 0.913889 0.32292
vt 0.91286 0.322875
vt 0.943987 0.344226
vt 0.943879 0.344912
vt 0.943928 0.34316
vt 0.943857 0.344127
vt 0.943928 0.34316
vt 0.943879 0.344912
vt 0.906496 0.333373
vt 0.906554 0.332914
vt 0.906535 0.333969
vt 0.906496 0.333373
vt 0.906447 0.334124
vt 0.906479 0.332711
vt 0.91386 0.340436
vt 0.914262 0.340523
vt 0.912848 0.340522
vt 0.906447 0.334124
vt 0.906392 0.334126
vt 0.906393 0.33311
vt 0.912845 0.340475
vt 0.912841 0.340391
vt 0.91386 0.340436
vt 0.914974 0.322934
vt 0.915816 0.322912
vt 0.915721 0.322989
vt 0.932518 0.343414
vt 0.932574 0.344533
vt 0.931968 0.34375
vt 0.94085 0.340255
vt 0.941801 0.340227
vt 0.942263 0.340264
vt 0.941801 0.340227
vt 0.94085 0.340255
vt 0.940676 0.340211
vt 0.943841 0.341933
vt 0.943786 0.34035
vt 0.943861 0.341507
vt 0.943786 0.34035
vt 0.943841 0.341933
vt 0.943256 0.340413
vt 0.93968 0.322803
vt 0.940862 0.322767
vt 0.940467 0.322807
vt 0.940862 0.322767
vt 0.93968 0.322803
vt 0.939065 0.322732
vt 0.932454 0.342658
vt 0.932518 0.343414
vt 0.931863 0.341921
vt 0.939687 0.340208
vt 0.940676 0.340211
vt 0.939898 0.340252
vt 0.90831 0.329278
vt 0.908881 0.329274
vt 0.908881 0.335539
vt 0.908881 0.335539
vt 0.90831 0.335557
vt 0.90831 0.329278
vt 0.912858 0.322957
vt 0.912038 0.32296
vt 0.912041 0.322878
vt 0.912041 0.322878
vt 0.91286 0.322875
vt 0.912858 0.322957
vt 0.943987 0.344226
vt 0.943968 0.344877
vt 0.943879 0.344912
vt 0.906531 0.334356
vt 0.906531 0.334946
vt 0.906467 0.33495
vt 0.906467 0.33495
vt 0.906496 0.333373
vt 0.906531 0.334356
vt 0.906467 0.33495
vt 0.906447 0.334124
vt 0.906496 0.333373
vt 0.906447 0.334124
vt 0.906467 0.33495
vt 0.906392 0.33495
vt 0.906392 0.33495
vt 0.906392 0.334126
vt 0.906447 0.334124
vt 0.912845 0.340475
vt 0.912021 0.340478
vt 0.912019 0.340393
vt 0.912019 0.340393
vt 0.912841 0.340391
vt 0.912845 0.340475
vt 0.943846 0.322793
vt 0.944387 0.322758
vt 0.944718 0.322794
vt 0.944721 0.340212
vt 0.943972 0.340237
vt 0.94382 0.340207
vt 0.943849 0.344449
vt 0.943879 0.344912
vt 0.943296 0.343937
vt 0.939814 0.345452
vt 0.939887 0.34374
vt 0.94022 0.343728
vt 0.919487 0.32665
vt 0.919619 0.328832
vt 0.919157 0.328781
vt 0.919157 0.328781
vt 0.919157 0.326632
vt 0.919487 0.32665
vt 0.940889 0.345483
vt 0.94167 0.340512
vt 0.941467 0.345494
vt 0.914974 0.322934
vt 0.915721 0.322989
vt 0.91477 0.322985
vt 0.914974 0.322934
vt 0.91477 0.322876
vt 0.915816 0.322912
vt 0.915738 0.322848
vt 0.915816 0.322912
vt 0.91477 0.322876
vt 0.943987 0.342704
vt 0.943928 0.34316
vt 0.943932 0.341952
vt 0.943861 0.341507
vt 0.943932 0.341952
vt 0.943928 0.34316
vt 0.943841 0.341933
vt 0.943861 0.341507
vt 0.943928 0.34316
vt 0.906602 0.331391
vt 0.906479 0.332711
vt 0.906579 0.330835
vt 0.915719 0.34046
vt 0.916141 0.340526
vt 0.914262 0.340523
vt 0.910698 0.315317
vt 0.910663 0.314807
vt 0.910698 0.313859
vt 0.91477 0.340477
vt 0.914761 0.34042
vt 0.915719 0.34046
vt 0.915758 0.340371
vt 0.915719 0.34046
vt 0.914761 0.34042
vt 0.914761 0.34042
vt 0.914884 0.340363
vt 0.915758 0.340371
vt 0.941601 0.322795
vt 0.942328 0.322795
vt 0.941228 0.322821
vt 0.959685 0.342681
vt 0.959759 0.341942
vt 0.959652 0.343407
vt 0.909437 0.329282
vt 0.909469 0.335533
vt 0.908881 0.329274
vt 0.943292 0.34205
vt 0.942728 0.343066
vt 0.942746 0.340478
vt 0.941601 0.322795
vt 0.941228 0.322821
vt 0.940467 0.322807
vt 0.940862 0.322767
vt 0.941601 0.322795
vt 0.940467 0.322807
vt 0.931968 0.34375
vt 0.931416 0.344082
vt 0.931349 0.341892
vt 0.915721 0.322989
vt 0.915816 0.322912
vt 0.916891 0.322964
vt 0.916902 0.32286
vt 0.916891 0.322964
vt 0.915816 0.322912
vt 0.915816 0.322912
vt 0.915738 0.322848
vt 0.916902 0.32286
vt 0.943861 0.341507
vt 0.943886 0.341019
vt 0.943932 0.341952
vt 0.942746 0.340478
vt 0.943256 0.340413
vt 0.943292 0.34205
vt 0.906579 0.330835
vt 0.90668 0.330168
vt 0.906602 0.331391
vt 0.916141 0.340526
vt 0.915719 0.34046
vt 0.916707 0.340482
vt 0.916686 0.340424
vt 0.916707 0.340482
vt 0.915719 0.34046
vt 0.915719 0.34046
vt 0.915758 0.340371
vt 0.916846 0.340369
vt 0.916846 0.340369
vt 0.916686 0.340424
vt 0.915719 0.34046
vt 0.931349 0.341892
vt 0.931863 0.341921
vt 0.931968 0.34375
vt 0.940676 0.340211
vt 0.94085 0.340255
vt 0.939898 0.340252
vt 0.911353 0.326292
vt 0.911305 0.326961
vt 0.911305 0.325407
vt 0.927859 0.326067
vt 0.9278 0.325504
vt 0.927859 0.324511
vt 0.927768 0.324531
vt 0.927859 0.324511
vt 0.9278 0.325504
vt 0.916707 0.340482
vt 0.916686 0.340424
vt 0.91768 0.340436
vt 0.917696 0.340392
vt 0.91768 0.340436
vt 0.916686 0.340424
vt 0.916686 0.340424
vt 0.916846 0.340369
vt 0.917696 0.340392
vt 0.942527 0.340225
vt 0.942263 0.340264
vt 0.941801 0.340227
vt 0.919624 0.32257
vt 0.919487 0.326334
vt 0.918541 0.326334
vt 0.917926 0.304794
vt 0.917939 0.308605
vt 0.917917 0.311131
vt 0.964351 0.340149
vt 0.964359 0.346358
vt 0.962553 0.346366
vt 0.962553 0.346366
vt 0.962557 0.340155
vt 0.964351 0.340149
vt 0.943879 0.344912
vt 0.943849 0.344449
vt 0.943857 0.344127
vt 0.906496 0.333373
vt 0.906535 0.333969
vt 0.906531 0.334356
vt 0.932614 0.345953
vt 0.932644 0.345908
vt 0.932622 0.34691
vt 0.944721 0.340212
vt 0.945265 0.340286
vt 0.943972 0.340237
vt 0.96023 0.346355
vt 0.960814 0.343797
vt 0.960808 0.346349
vt 0.906392 0.304878
vt 0.906918 0.304869
vt 0.907459 0.30494
vt 0.93111 0.341835
vt 0.931349 0.341892
vt 0.930824 0.341861
vt 0.949879 0.322136
vt 0.949879 0.305106
vt 0.949954 0.305044
vt 0.950002 0.304951
vt 0.950928 0.304816
vt 0.950599 0.322355
vt 0.949974 0.305006
vt 0.950002 0.304951
vt 0.950599 0.322355
vt 0.949954 0.305044
vt 0.949974 0.305006
vt 0.950599 0.322355
vt 0.949879 0.322136
vt 0.949954 0.305044
vt 0.950599 0.322355
vt 0.917899 0.312466
vt 0.917876 0.311848
vt 0.917899 0.311805
vt 0.949879 0.322136
vt 0.950599 0.322355
vt 0.949943 0.322261
vt 0.910617 0.312101
vt 0.910617 0.311972
vt 0.910636 0.312048
vt 0.910521 0.319908
vt 0.910464 0.320203
vt 0.910468 0.319609
vt 0.942076 0.345494
vt 0.942202 0.340493
vt 0.942728 0.343066
vt 0.919534 0.286574
vt 0.92011 0.304712
vt 0.919512 0.304769
vt 0.961441 0.340154
vt 0.961382 0.346356
vt 0.960814 0.343797
vt 0.91067 0.316566
vt 0.910699 0.316247
vt 0.910699 0.317081
vt 0.90712 0.304966
vt 0.907421 0.305039
vt 0.906899 0.304974
vt 0.90712 0.304966
vt 0.906392 0.304878
vt 0.907459 0.30494
vt 0.91039 0.310672
vt 0.910423 0.31093
vt 0.910407 0.311509
vt 0.910407 0.311509
vt 0.910347 0.312023
vt 0.91039 0.310672
vt 0.943857 0.344127
vt 0.943296 0.343937
vt 0.943292 0.34205
vt 0.943292 0.34205
vt 0.943841 0.341933
vt 0.943857 0.344127
vt 0.931863 0.341921
vt 0.932396 0.341962
vt 0.932454 0.342658
vt 0.932614 0.345953
vt 0.932007 0.346851
vt 0.931968 0.34375
vt 0.931968 0.34375
vt 0.932574 0.344533
vt 0.932614 0.345953
vt 0.943926 0.34535
vt 0.943224 0.345448
vt 0.943296 0.343937
vt 0.943296 0.343937
vt 0.943879 0.344912
vt 0.943926 0.34535
vt 0.960302 0.342199
vt 0.959685 0.343469
vt 0.959759 0.341942
vt 0.90668 0.330168
vt 0.907275 0.329293
vt 0.907194 0.331049
vt 0.959759 0.341942
vt 0.960408 0.340145
vt 0.960302 0.342199
vt 0.907114 0.333616
vt 0.906531 0.334946
vt 0.906531 0.334356
vt 0.942728 0.343066
vt 0.942641 0.345478
vt 0.942076 0.345494
vt 0.96023 0.346355
vt 0.959589 0.346348
vt 0.959635 0.345466
vt 0.942746 0.340478
vt 0.942728 0.343066
vt 0.942202 0.340493
vt 0.931349 0.341892
vt 0.931416 0.344082
vt 0.930824 0.341861
vt 0.907194 0.331049
vt 0.906602 0.331391
vt 0.90668 0.330168
vt 0.907114 0.333616
vt 0.906531 0.334356
vt 0.906535 0.333969
vt 0.906531 0.334946
vt 0.907114 0.333616
vt 0.907125 0.335563
vt 0.907125 0.335563
vt 0.906444 0.335561
vt 0.906531 0.334946
vt 0.960808 0.346349
vt 0.960814 0.343797
vt 0.961382 0.346356
vt 0.932007 0.346851
vt 0.932614 0.345953
vt 0.932622 0.34691
vt 0.951477 0.322494
vt 0.950928 0.304816
vt 0.952276 0.304702
vt 0.907709 0.33556
vt 0.907706 0.332958
vt 0.90831 0.335557
vt 0.930829 0.3468
vt 0.930824 0.341861
vt 0.931416 0.344082
vt 0.931416 0.344082
vt 0.931423 0.346828
vt 0.930829 0.3468
vt 0.907706 0.332958
vt 0.907795 0.329291
vt 0.90831 0.329278
vt 0.960814 0.343797
vt 0.960922 0.340155
vt 0.961441 0.340154
vt 0.90831 0.329278
vt 0.90831 0.335557
vt 0.907706 0.332958
vt 0.94167 0.340512
vt 0.941535 0.340472
vt 0.942202 0.340493
vt 0.93111 0.341835
vt 0.930824 0.341861
vt 0.930278 0.341836
vt 0.930278 0.341836
vt 0.930044 0.341802
vt 0.93111 0.341835
vt 0.910567 0.317451
vt 0.910477 0.317732
vt 0.910491 0.316666
vt 0.918775 0.286544
vt 0.918926 0.286525
vt 0.919534 0.286574
vt 0.908881 0.335539
vt 0.909038 0.335568
vt 0.90831 0.335557
vt 0.910418 0.312103
vt 0.910388 0.312236
vt 0.910407 0.311509
vt 0.917901 0.318212
vt 0.917938 0.318379
vt 0.917901 0.318955
vt 0.910464 0.320203
vt 0.910521 0.319908
vt 0.910467 0.320944
vt 0.942202 0.340493
vt 0.942076 0.345494
vt 0.94167 0.340512
vt 0.919534 0.286574
vt 0.919512 0.304769
vt 0.918784 0.304794
vt 0.918784 0.304794
vt 0.918775 0.286544
vt 0.919534 0.286574
vt 0.961382 0.346356
vt 0.961441 0.340154
vt 0.961985 0.340155
vt 0.961985 0.340155
vt 0.961973 0.346367
vt 0.961382 0.346356
vt 0.917904 0.314023
vt 0.917876 0.314333
vt 0.917876 0.313356
vt 0.911353 0.325854
vt 0.911384 0.32598
vt 0.911395 0.326528
vt 0.907459 0.30494
vt 0.908091 0.305124
vt 0.90712 0.304966
vt 0.910347 0.312023
vt 0.910407 0.311509
vt 0.910388 0.312236
vt 0.941467 0.345494
vt 0.94167 0.340512
vt 0.942076 0.345494
vt 0.943926 0.34535
vt 0.943805 0.345406
vt 0.943224 0.345448
vt 0.92069 0.304636
vt 0.92011 0.304712
vt 0.921363 0.304484
vt 0.921263 0.286824
vt 0.921363 0.304484
vt 0.92011 0.304712
vt 0.92011 0.304712
vt 0.920682 0.286707
vt 0.921263 0.286824
vt 0.959635 0.345466
vt 0.959685 0.343469
vt 0.960302 0.342199
vt 0.960302 0.342199
vt 0.96023 0.346355
vt 0.959635 0.345466
vt 0.907479 0.329263
vt 0.907795 0.329291
vt 0.907275 0.329293
vt 0.917849 0.321704
vt 0.917805 0.32245
vt 0.917805 0.320876
vt 0.90712 0.304966
vt 0.906899 0.304974
vt 0.906392 0.304878
vt 0.91039 0.310672
vt 0.910471 0.310344
vt 0.910423 0.31093
vt 0.906554 0.332914
vt 0.906602 0.331391
vt 0.907194 0.331049
vt 0.907194 0.331049
vt 0.907114 0.333616
vt 0.906554 0.332914
vt 0.90668 0.330168
vt 0.906737 0.329286
vt 0.907275 0.329293
vt 0.906535 0.333969
vt 0.906554 0.332914
vt 0.907114 0.333616
vt 0.942641 0.345478
vt 0.942728 0.343066
vt 0.943296 0.343937
vt 0.943292 0.34205
vt 0.943256 0.340413
vt 0.943841 0.341933
vt 0.931968 0.34375
vt 0.931863 0.341921
vt 0.932518 0.343414
vt 0.959759 0.341942
vt 0.959886 0.340146
vt 0.960408 0.340145
vt 0.943857 0.344127
vt 0.943849 0.344449
vt 0.943296 0.343937
vt 0.950928 0.304816
vt 0.951477 0.322494
vt 0.950599 0.322355
vt 0.907706 0.332958
vt 0.907709 0.33556
vt 0.907114 0.333616
vt 0.943292 0.34205
vt 0.943296 0.343937
vt 0.942728 0.343066
vt 0.931423 0.346828
vt 0.931416 0.344082
vt 0.931968 0.34375
vt 0.931968 0.34375
vt 0.932007 0.346851
vt 0.931423 0.346828
vt 0.943296 0.343937
vt 0.943224 0.345448
vt 0.942641 0.345478
vt 0.907795 0.329291
vt 0.907706 0.332958
vt 0.907194 0.331049
vt 0.960922 0.340155
vt 0.960814 0.343797
vt 0.960302 0.342199
vt 0.907194 0.331049
vt 0.907275 0.329293
vt 0.907795 0.329291
vt 0.960302 0.342199
vt 0.960408 0.340145
vt 0.960922 0.340155
vt 0.907125 0.335563
vt 0.907114 0.333616
vt 0.907709 0.33556
vt 0.911353 0.325854
vt 0.911395 0.325407
vt 0.911384 0.32598
vt 0.910347 0.312023
vt 0.910388 0.312236
vt 0.910496 0.314468
vt 0.929663 0.346797
vt 0.929704 0.341841
vt 0.930278 0.341836
vt 0.930278 0.341836
vt 0.930252 0.346799
vt 0.929663 0.346797
vt 0.941535 0.340472
vt 0.94167 0.340512
vt 0.9411 0.340502
vt 0.929704 0.341841
vt 0.930044 0.341802
vt 0.930278 0.341836
vt 0.918775 0.286544
vt 0.918349 0.286513
vt 0.918926 0.286525
vt 0.909038 0.335568
vt 0.908881 0.335539
vt 0.909469 0.335533
vt 0.910388 0.312236
vt 0.910418 0.312103
vt 0.91044 0.312683
vt 0.91807 0.322117
vt 0.91802 0.322544
vt 0.91802 0.321956
vt 0.9411 0.340502
vt 0.940889 0.345483
vt 0.94022 0.343728
vt 0.908881 0.335539
vt 0.908881 0.329274
vt 0.909469 0.335533
vt 0.939814 0.345452
vt 0.94022 0.343728
vt 0.940889 0.345483
vt 0.909469 0.335533
vt 0.909437 0.329282
vt 0.911264 0.329268
vt 0.939234 0.340406
vt 0.9411 0.340502
vt 0.940231 0.343476
vt 0.939283 0.343449
vt 0.939234 0.340406
vt 0.940231 0.343476
vt 0.962557 0.340155
vt 0.962553 0.346366
vt 0.961973 0.346367
vt 0.961973 0.346367
vt 0.961985 0.340155
vt 0.962557 0.340155
vt 0.919097 0.304862
vt 0.919062 0.322193
vt 0.919021 0.322245
vt 0.919021 0.322245
vt 0.919021 0.304794
vt 0.919097 0.304862
vt 0.935235 0.323051
vt 0.93632 0.323064
vt 0.936116 0.323115
vt 0.935235 0.323051
vt 0.936117 0.323007
vt 0.93632 0.323064
vt 0.936117 0.323007
vt 0.935235 0.323051
vt 0.935585 0.322954
vt 0.935206 0.340566
vt 0.936117 0.340607
vt 0.935609 0.340654
vt 0.935206 0.340566
vt 0.936107 0.34055
vt 0.936117 0.340607
vt 0.935206 0.340566
vt 0.936231 0.340494
vt 0.936107 0.34055
vt 0.906488 0.286533
vt 0.906951 0.286449
vt 0.907242 0.286449
vt 0.906495 0.304784
vt 0.907251 0.304869
vt 0.90696 0.304869
vt 0.962768 0.304758
vt 0.962771 0.304718
vt 0.964288 0.304736
vt 0.906471 0.33885
vt 0.906494 0.338911
vt 0.906418 0.340367
vt 0.906443 0.340908
vt 0.906418 0.340367
vt 0.906494 0.338911
vt 0.945269 0.304702
vt 0.945252 0.322732
vt 0.939048 0.322723
vt 0.939048 0.322723
vt 0.939068 0.304707
vt 0.945269 0.304702
vt 0.962832 0.322208
vt 0.962968 0.322168
vt 0.964414 0.322181
vt 0.916197 0.344633
vt 0.916167 0.344677
vt 0.916129 0.343358
vt 0.964261 0.32215
vt 0.964414 0.322181
vt 0.962968 0.322168
vt 0.910663 0.314617
vt 0.91058 0.314633
vt 0.910616 0.314618
vt 0.91802 0.304832
vt 0.918105 0.304794
vt 0.918105 0.321956
vt 0.921449 0.304847
vt 0.921479 0.304839
vt 0.921477 0.322933
vt 0.910601 0.309663
vt 0.910565 0.310121
vt 0.910565 0.307831
vt 0.910609 0.308498
vt 0.910636 0.307831
vt 0.910636 0.310788
vt 0.939048 0.304501
vt 0.939101 0.304479
vt 0.939101 0.304586
vt 0.909366 0.335597
vt 0.908917 0.335568
vt 0.91116 0.335591
vt 0.932758 0.305457
vt 0.932684 0.305505
vt 0.930508 0.304957
vt 0.930508 0.304957
vt 0.929875 0.304772
vt 0.932758 0.305457
vt 0.932684 0.305505
vt 0.932758 0.305457
vt 0.928809 0.322789
vt 0.915415 0.340645
vt 0.914901 0.340616
vt 0.914662 0.340559
vt 0.919843 0.331799
vt 0.919624 0.333371
vt 0.919669 0.332837
vt 0.919669 0.332837
vt 0.919753 0.33208
vt 0.919843 0.331799
vt 0.910644 0.2867
vt 0.909496 0.286567
vt 0.910062 0.28662
vt 0.928726 0.322801
vt 0.928723 0.304787
vt 0.928766 0.304702
vt 0.928726 0.322801
vt 0.928766 0.304702
vt 0.928761 0.322869
vt 0.957054 0.304702
vt 0.957285 0.322546
vt 0.956248 0.322494
vt 0.910347 0.319023
vt 0.910404 0.319908
vt 0.910351 0.319609
vt 0.932621 0.327056
vt 0.932758 0.322977
vt 0.932753 0.329239
vt 0.906392 0.304671
vt 0.906392 0.286636
vt 0.906488 0.286533
vt 0.906392 0.304671
vt 0.906488 0.286533
vt 0.906495 0.304784
vt 0.909496 0.286567
vt 0.910644 0.2867
vt 0.910072 0.304705
vt 0.932758 0.322977
vt 0.932621 0.327056
vt 0.932621 0.32674
vt 0.916426 0.343663
vt 0.917332 0.343683
vt 0.917323 0.343902
vt 0.916426 0.343663
vt 0.917323 0.343902
vt 0.917016 0.343886
vt 0.916426 0.343663
vt 0.917016 0.343886
vt 0.916724 0.343879
vt 0.916426 0.343663
vt 0.916724 0.343879
vt 0.916416 0.343881
vt 0.931696 0.326758
vt 0.932605 0.326761
vt 0.932604 0.327036
vt 0.931696 0.326758
vt 0.932604 0.327036
vt 0.932296 0.327044
vt 0.931696 0.326758
vt 0.932296 0.327044
vt 0.932005 0.327044
vt 0.931696 0.326758
vt 0.932005 0.327044
vt 0.931699 0.327036
vt 0.916405 0.343597
vt 0.916395 0.343849
vt 0.916341 0.340554
vt 0.918652 0.322116
vt 0.918652 0.322449
vt 0.918578 0.322415
vt 0.919097 0.322266
vt 0.919097 0.322541
vt 0.919018 0.322561
vt 0.919018 0.322561
vt 0.919018 0.322245
vt 0.919097 0.322266
vt 0.917713 0.328674
vt 0.917713 0.327768
vt 0.917786 0.327746
vt 0.917786 0.327746
vt 0.917786 0.328694
vt 0.917713 0.328674
vt 0.920104 0.329126
vt 0.920104 0.328852
vt 0.920182 0.328832
vt 0.920182 0.328832
vt 0.920182 0.329148
vt 0.920104 0.329126
vt 0.928074 0.322752
vt 0.927999 0.322453
vt 0.928074 0.32242
vt 0.928563 0.322752
vt 0.928563 0.32242
vt 0.928637 0.322452
vt 0.919293 0.328832
vt 0.919366 0.3291
vt 0.919293 0.329137
vt 0.927768 0.328895
vt 0.927768 0.327963
vt 0.927848 0.327988
vt 0.928252 0.322716
vt 0.928252 0.322441
vt 0.92833 0.32242
vt 0.92833 0.32242
vt 0.92833 0.322736
vt 0.928252 0.322716
vt 0.910832 0.322181
vt 0.910905 0.32248
vt 0.910832 0.322514
vt 0.907623 0.339239
vt 0.907039 0.341797
vt 0.907111 0.337641
vt 0.911411 0.345539
vt 0.911411 0.340586
vt 0.913256 0.340566
vt 0.913256 0.340566
vt 0.913216 0.345521
vt 0.911411 0.345539
vt 0.916341 0.340554
vt 0.918642 0.340609
vt 0.918207 0.340641
vt 0.918642 0.340609
vt 0.916341 0.340554
vt 0.916349 0.340526
vt 0.932758 0.305457
vt 0.929875 0.304772
vt 0.930533 0.304898
vt 0.910744 0.322937
vt 0.910701 0.322737
vt 0.910744 0.322181
vt 0.911411 0.340586
vt 0.913597 0.340526
vt 0.913256 0.340566
vt 0.919768 0.331014
vt 0.919624 0.328832
vt 0.919728 0.328844
vt 0.919728 0.328844
vt 0.919843 0.331799
vt 0.919768 0.331014
vt 0.908311 0.286506
vt 0.906488 0.286533
vt 0.907242 0.286449
vt 0.908316 0.304817
vt 0.907251 0.304869
vt 0.906495 0.304784
vt 0.906488 0.286533
vt 0.908311 0.286506
vt 0.908737 0.286537
vt 0.906495 0.304784
vt 0.908747 0.304787
vt 0.908316 0.304817
vt 0.957054 0.304702
vt 0.959505 0.30472
vt 0.959505 0.322569
vt 0.959505 0.322569
vt 0.957285 0.322546
vt 0.957054 0.304702
vt 0.917748 0.312615
vt 0.917874 0.314416
vt 0.917805 0.3144
vt 0.917805 0.3144
vt 0.917697 0.312168
vt 0.917748 0.312615
vt 0.917779 0.310276
vt 0.917698 0.310604
vt 0.917786 0.309672
vt 0.917786 0.309672
vt 0.917852 0.309668
vt 0.917779 0.310276
vt 0.91058 0.312401
vt 0.910616 0.314618
vt 0.91058 0.314633
vt 0.910605 0.312346
vt 0.910565 0.310545
vt 0.910605 0.310121
vt 0.91058 0.312401
vt 0.910663 0.314617
vt 0.910616 0.314618
vt 0.918021 0.345623
vt 0.918207 0.340641
vt 0.918777 0.340649
vt 0.908747 0.304787
vt 0.906495 0.304784
vt 0.906488 0.286533
vt 0.906488 0.286533
vt 0.908737 0.286537
vt 0.908747 0.304787
vt 0.918207 0.340641
vt 0.917343 0.343871
vt 0.917352 0.34362
vt 0.930931 0.322983
vt 0.931696 0.326758
vt 0.931674 0.327056
vt 0.921048 0.343285
vt 0.920982 0.344252
vt 0.920955 0.342059
vt 0.92803 0.326601
vt 0.92797 0.32706
vt 0.928086 0.325079
vt 0.927957 0.326397
vt 0.928086 0.325079
vt 0.92797 0.32706
vt 0.906471 0.33885
vt 0.906567 0.337384
vt 0.906494 0.338911
vt 0.929182 0.326651
vt 0.928586 0.327305
vt 0.92868 0.324739
vt 0.938238 0.323095
vt 0.938249 0.32299
vt 0.939055 0.323091
vt 0.911135 0.322196
vt 0.91122 0.322181
vt 0.91122 0.322884
vt 0.919523 0.328848
vt 0.919624 0.328832
vt 0.919624 0.329651
vt 0.920996 0.341144
vt 0.920973 0.341632
vt 0.920873 0.340526
vt 0.959511 0.322259
vt 0.959507 0.322166
vt 0.960339 0.322196
vt 0.960129 0.322152
vt 0.960339 0.322196
vt 0.959507 0.322166
vt 0.965159 0.304738
vt 0.964828 0.304702
vt 0.96571 0.304719
vt 0.906442 0.341798
vt 0.906392 0.34179
vt 0.906443 0.340908
vt 0.914382 0.345524
vt 0.913805 0.345523
vt 0.91383 0.34056
vt 0.91383 0.34056
vt 0.914376 0.340586
vt 0.914382 0.345524
vt 0.965705 0.32217
vt 0.965711 0.322226
vt 0.965163 0.322155
vt 0.927735 0.304791
vt 0.927737 0.304897
vt 0.921479 0.304839
vt 0.921477 0.322933
vt 0.921479 0.304839
vt 0.927737 0.304897
vt 0.927737 0.304897
vt 0.927736 0.322934
vt 0.921477 0.322933
vt 0.916395 0.343849
vt 0.916197 0.345566
vt 0.916341 0.340554
vt 0.934205 0.323088
vt 0.934207 0.323005
vt 0.935235 0.323051
vt 0.935585 0.322954
vt 0.935235 0.323051
vt 0.934207 0.323005
vt 0.921113 0.34435
vt 0.921008 0.345037
vt 0.921048 0.343285
vt 0.920982 0.344252
vt 0.921048 0.343285
vt 0.921008 0.345037
vt 0.92797 0.32706
vt 0.92803 0.326601
vt 0.928006 0.327655
vt 0.92797 0.32706
vt 0.927918 0.327811
vt 0.927957 0.326397
vt 0.935206 0.340566
vt 0.935609 0.340654
vt 0.934195 0.340652
vt 0.927918 0.327811
vt 0.927863 0.327812
vt 0.927868 0.326796
vt 0.934192 0.340605
vt 0.934187 0.340521
vt 0.935206 0.340566
vt 0.930931 0.322983
vt 0.930935 0.329237
vt 0.930346 0.329233
vt 0.93632 0.323064
vt 0.937163 0.323043
vt 0.937068 0.323119
vt 0.927739 0.323044
vt 0.921477 0.323038
vt 0.927736 0.322934
vt 0.91607 0.342138
vt 0.916129 0.343358
vt 0.91552 0.342474
vt 0.91607 0.342138
vt 0.916126 0.342892
vt 0.916129 0.343358
vt 0.962236 0.322193
vt 0.961292 0.322198
vt 0.961541 0.322156
vt 0.920955 0.342059
vt 0.920873 0.340526
vt 0.920973 0.341632
vt 0.920873 0.340526
vt 0.920955 0.342059
vt 0.920363 0.340541
vt 0.960122 0.304746
vt 0.960903 0.304739
vt 0.961065 0.304767
vt 0.917656 0.310799
vt 0.917656 0.311982
vt 0.917636 0.311582
vt 0.961303 0.30471
vt 0.960122 0.304746
vt 0.959505 0.304702
vt 0.916006 0.341382
vt 0.91607 0.342138
vt 0.915415 0.340645
vt 0.960129 0.322152
vt 0.961047 0.322144
vt 0.960339 0.322196
vt 0.930346 0.329233
vt 0.929773 0.329252
vt 0.929804 0.322974
vt 0.934205 0.323088
vt 0.933385 0.32309
vt 0.933387 0.323008
vt 0.933387 0.323008
vt 0.934207 0.323005
vt 0.934205 0.323088
vt 0.921113 0.34435
vt 0.921097 0.345002
vt 0.921008 0.345037
vt 0.928001 0.328043
vt 0.927997 0.328632
vt 0.927934 0.328636
vt 0.927934 0.328636
vt 0.92797 0.32706
vt 0.928001 0.328043
vt 0.927934 0.328636
vt 0.927918 0.327811
vt 0.92797 0.32706
vt 0.927918 0.327811
vt 0.927934 0.328636
vt 0.927859 0.328636
vt 0.927859 0.328636
vt 0.927863 0.327812
vt 0.927918 0.327811
vt 0.934192 0.340605
vt 0.933368 0.340608
vt 0.933366 0.340524
vt 0.933366 0.340524
vt 0.934187 0.340521
vt 0.934192 0.340605
vt 0.964288 0.304736
vt 0.964828 0.304702
vt 0.965159 0.304738
vt 0.965163 0.322155
vt 0.964414 0.322181
vt 0.964261 0.32215
vt 0.920975 0.344575
vt 0.921008 0.345037
vt 0.92042 0.344065
vt 0.93632 0.323064
vt 0.937068 0.323119
vt 0.936116 0.323115
vt 0.93632 0.323064
vt 0.936117 0.323007
vt 0.937163 0.323043
vt 0.937085 0.322978
vt 0.937163 0.323043
vt 0.936117 0.323007
vt 0.921105 0.342829
vt 0.921048 0.343285
vt 0.921047 0.342077
vt 0.920973 0.341632
vt 0.921047 0.342077
vt 0.921048 0.343285
vt 0.920955 0.342059
vt 0.920973 0.341632
vt 0.921048 0.343285
vt 0.928086 0.325079
vt 0.927957 0.326397
vt 0.928066 0.324522
vt 0.937066 0.34059
vt 0.937487 0.340656
vt 0.935609 0.340654
vt 0.910698 0.312401
vt 0.910663 0.311891
vt 0.910698 0.310943
vt 0.936117 0.340607
vt 0.936107 0.34055
vt 0.937066 0.34059
vt 0.937104 0.340501
vt 0.937066 0.34059
vt 0.936107 0.34055
vt 0.936107 0.34055
vt 0.936231 0.340494
vt 0.937104 0.340501
vt 0.962432 0.304737
vt 0.962768 0.304758
vt 0.961748 0.304748
vt 0.961748 0.304748
vt 0.961303 0.30471
vt 0.962771 0.304718
vt 0.962771 0.304718
vt 0.962432 0.304737
vt 0.961748 0.304748
vt 0.962236 0.322193
vt 0.961541 0.322156
vt 0.962448 0.322153
vt 0.920406 0.342178
vt 0.919848 0.343197
vt 0.919852 0.340609
vt 0.961065 0.304767
vt 0.960903 0.304739
vt 0.961748 0.304748
vt 0.961303 0.30471
vt 0.961748 0.304748
vt 0.960903 0.304739
vt 0.91552 0.342474
vt 0.914968 0.342807
vt 0.914901 0.340616
vt 0.93036 0.322983
vt 0.930346 0.329233
vt 0.929804 0.322974
vt 0.937068 0.323119
vt 0.937163 0.323043
vt 0.938238 0.323095
vt 0.938249 0.32299
vt 0.938238 0.323095
vt 0.937163 0.323043
vt 0.937163 0.323043
vt 0.937085 0.322978
vt 0.938249 0.32299
vt 0.920973 0.341632
vt 0.920996 0.341144
vt 0.921047 0.342077
vt 0.919852 0.340609
vt 0.920363 0.340541
vt 0.920406 0.342178
vt 0.921477 0.323038
vt 0.921477 0.322933
vt 0.927736 0.322934
vt 0.928066 0.324522
vt 0.928169 0.323855
vt 0.928086 0.325079
vt 0.937487 0.340656
vt 0.937066 0.34059
vt 0.938053 0.340613
vt 0.938033 0.340555
vt 0.938053 0.340613
vt 0.937066 0.34059
vt 0.937066 0.34059
vt 0.937104 0.340501
vt 0.938192 0.3405
vt 0.938192 0.3405
vt 0.938033 0.340555
vt 0.937066 0.34059
vt 0.914901 0.340616
vt 0.915415 0.340645
vt 0.91552 0.342474
vt 0.961541 0.322156
vt 0.961292 0.322198
vt 0.960339 0.322196
vt 0.960339 0.322196
vt 0.961047 0.322144
vt 0.961541 0.322156
vt 0.917794 0.323626
vt 0.917746 0.324296
vt 0.917746 0.322741
vt 0.927859 0.324511
vt 0.9278 0.323948
vt 0.927859 0.322954
vt 0.927768 0.322974
vt 0.927859 0.322954
vt 0.9278 0.323948
vt 0.938053 0.340613
vt 0.938033 0.340555
vt 0.939027 0.340566
vt 0.939043 0.340522
vt 0.939027 0.340566
vt 0.938033 0.340555
vt 0.938033 0.340555
vt 0.938192 0.3405
vt 0.939043 0.340522
vt 0.962771 0.304718
vt 0.962768 0.304758
vt 0.962432 0.304737
vt 0.962968 0.322168
vt 0.962832 0.322208
vt 0.962236 0.322193
vt 0.962236 0.322193
vt 0.962448 0.322153
vt 0.962968 0.322168
vt 0.932758 0.322977
vt 0.932621 0.32674
vt 0.931696 0.326758
vt 0.932758 0.322977
vt 0.931696 0.326758
vt 0.930931 0.322983
vt 0.91116 0.335591
vt 0.911167 0.3418
vt 0.909361 0.341808
vt 0.909361 0.341808
vt 0.909366 0.335597
vt 0.91116 0.335591
vt 0.921008 0.345037
vt 0.920975 0.344575
vt 0.920982 0.344252
vt 0.92797 0.32706
vt 0.928006 0.327655
vt 0.928001 0.328043
vt 0.916167 0.344677
vt 0.916197 0.344633
vt 0.916167 0.34564
vt 0.965163 0.322155
vt 0.965711 0.322226
vt 0.964414 0.322181
vt 0.918602 0.345632
vt 0.918777 0.340649
vt 0.919207 0.345628
vt 0.917016 0.343886
vt 0.917343 0.343871
vt 0.916951 0.345597
vt 0.932296 0.327044
vt 0.932621 0.327056
vt 0.932753 0.329239
vt 0.932753 0.329239
vt 0.932296 0.329193
vt 0.932296 0.327044
vt 0.916724 0.343879
vt 0.917016 0.343886
vt 0.916951 0.345597
vt 0.916951 0.345597
vt 0.916659 0.34559
vt 0.916724 0.343879
vt 0.932005 0.327044
vt 0.932296 0.327044
vt 0.932296 0.329193
vt 0.932296 0.329193
vt 0.932005 0.329193
vt 0.932005 0.327044
vt 0.907039 0.341797
vt 0.907623 0.339239
vt 0.907616 0.341791
vt 0.916951 0.345597
vt 0.917343 0.343871
vt 0.918021 0.345623
vt 0.916395 0.343849
vt 0.916724 0.343879
vt 0.916659 0.34559
vt 0.916659 0.34559
vt 0.916197 0.345566
vt 0.916395 0.343849
vt 0.931674 0.327056
vt 0.932005 0.327044
vt 0.932005 0.329193
vt 0.928809 0.304711
vt 0.929335 0.304702
vt 0.929875 0.304772
vt 0.914662 0.340559
vt 0.914901 0.340616
vt 0.914376 0.340586
vt 0.918283 0.321869
vt 0.918925 0.304835
vt 0.918994 0.304794
vt 0.95478 0.30495
vt 0.955706 0.304815
vt 0.95537 0.322354
vt 0.954734 0.30497
vt 0.95478 0.30495
vt 0.95537 0.322354
vt 0.927891 0.304772
vt 0.927924 0.304702
vt 0.927907 0.322404
vt 0.918283 0.321869
vt 0.918994 0.304794
vt 0.918994 0.322116
vt 0.910699 0.318404
vt 0.91067 0.31779
vt 0.910699 0.317749
vt 0.918283 0.321869
vt 0.918994 0.322116
vt 0.918349 0.322001
vt 0.9278 0.32223
vt 0.92782 0.322153
vt 0.927862 0.322148
vt 0.918283 0.321869
vt 0.918349 0.322001
vt 0.918289 0.321918
vt 0.910404 0.319908
vt 0.910347 0.320203
vt 0.910351 0.319609
vt 0.909496 0.286567
vt 0.910072 0.304705
vt 0.909475 0.304761
vt 0.908249 0.335596
vt 0.908191 0.341798
vt 0.907623 0.339239
vt 0.917904 0.316063
vt 0.917933 0.315744
vt 0.917933 0.316578
vt 0.929537 0.304798
vt 0.929838 0.304872
vt 0.929317 0.304806
vt 0.929537 0.304798
vt 0.928809 0.304711
vt 0.929875 0.304772
vt 0.917698 0.310604
vt 0.917731 0.310862
vt 0.917715 0.311442
vt 0.917715 0.311442
vt 0.917656 0.311955
vt 0.917698 0.310604
vt 0.920982 0.344252
vt 0.92042 0.344065
vt 0.920406 0.342178
vt 0.920406 0.342178
vt 0.920955 0.342059
vt 0.920982 0.344252
vt 0.915415 0.340645
vt 0.915948 0.340687
vt 0.916006 0.341382
vt 0.916167 0.344677
vt 0.91556 0.345576
vt 0.91552 0.342474
vt 0.91552 0.342474
vt 0.916129 0.343358
vt 0.916167 0.344677
vt 0.920938 0.345529
vt 0.920355 0.345576
vt 0.92042 0.344065
vt 0.92042 0.344065
vt 0.921008 0.345037
vt 0.920938 0.345529
vt 0.907111 0.337641
vt 0.906494 0.338911
vt 0.906567 0.337384
vt 0.928169 0.323855
vt 0.928769 0.322983
vt 0.92868 0.324739
vt 0.906567 0.337384
vt 0.907216 0.335587
vt 0.907111 0.337641
vt 0.928586 0.327305
vt 0.927997 0.328632
vt 0.928001 0.328043
vt 0.919848 0.343197
vt 0.919773 0.345609
vt 0.919207 0.345628
vt 0.919207 0.345628
vt 0.91931 0.340627
vt 0.919848 0.343197
vt 0.907039 0.341797
vt 0.906442 0.341798
vt 0.906443 0.340908
vt 0.919852 0.340609
vt 0.919848 0.343197
vt 0.91931 0.340627
vt 0.914901 0.340616
vt 0.914968 0.342807
vt 0.914376 0.340586
vt 0.92868 0.324739
vt 0.928086 0.325079
vt 0.928169 0.323855
vt 0.928586 0.327305
vt 0.928001 0.328043
vt 0.928006 0.327655
vt 0.927997 0.328632
vt 0.928586 0.327305
vt 0.928589 0.329253
vt 0.928589 0.329253
vt 0.927908 0.329247
vt 0.927997 0.328632
vt 0.907616 0.341791
vt 0.907623 0.339239
vt 0.908191 0.341798
vt 0.91556 0.345576
vt 0.916167 0.344677
vt 0.916167 0.34564
vt 0.956248 0.322494
vt 0.955706 0.304815
vt 0.957054 0.304702
vt 0.929172 0.329252
vt 0.929182 0.326651
vt 0.929773 0.329252
vt 0.914382 0.345524
vt 0.914376 0.340586
vt 0.914968 0.342807
vt 0.914968 0.342807
vt 0.914975 0.345552
vt 0.914382 0.345524
vt 0.929182 0.326651
vt 0.929289 0.322984
vt 0.929804 0.322974
vt 0.907623 0.339239
vt 0.90773 0.335597
vt 0.908249 0.335596
vt 0.929804 0.322974
vt 0.929773 0.329252
vt 0.929182 0.326651
vt 0.918777 0.340649
vt 0.918642 0.340609
vt 0.91931 0.340627
vt 0.914662 0.340559
vt 0.914376 0.340586
vt 0.91383 0.34056
vt 0.91383 0.34056
vt 0.913597 0.340526
vt 0.914662 0.340559
vt 0.919843 0.331799
vt 0.919753 0.33208
vt 0.919768 0.331014
vt 0.908737 0.286537
vt 0.908891 0.286518
vt 0.909496 0.286567
vt 0.930346 0.329233
vt 0.930501 0.329267
vt 0.929773 0.329252
vt 0.917726 0.312035
vt 0.917697 0.312168
vt 0.917715 0.311442
vt 0.917901 0.316726
vt 0.917939 0.316893
vt 0.917901 0.317469
vt 0.910347 0.320203
vt 0.910404 0.319908
vt 0.91035 0.320944
vt 0.909496 0.286567
vt 0.909475 0.304761
vt 0.908747 0.304787
vt 0.908747 0.304787
vt 0.908737 0.286537
vt 0.909496 0.286567
vt 0.908191 0.341798
vt 0.908249 0.335596
vt 0.908794 0.335597
vt 0.908794 0.335597
vt 0.908782 0.341809
vt 0.908191 0.341798
vt 0.91067 0.317081
vt 0.910699 0.317193
vt 0.91067 0.317749
vt 0.908249 0.335596
vt 0.90794 0.335568
vt 0.908917 0.335568
vt 0.908917 0.335568
vt 0.908794 0.335597
vt 0.908249 0.335596
vt 0.929875 0.304772
vt 0.930508 0.304957
vt 0.929537 0.304798
vt 0.917656 0.311955
vt 0.917715 0.311442
vt 0.917697 0.312168
vt 0.91931 0.340627
vt 0.919207 0.345628
vt 0.918777 0.340649
vt 0.910832 0.322741
vt 0.910744 0.322687
vt 0.910832 0.322181
vt 0.910652 0.304628
vt 0.910072 0.304705
vt 0.911325 0.304476
vt 0.911226 0.286802
vt 0.911325 0.304476
vt 0.910072 0.304705
vt 0.910072 0.304705
vt 0.910644 0.2867
vt 0.911226 0.286802
vt 0.906443 0.340908
vt 0.906494 0.338911
vt 0.907111 0.337641
vt 0.907111 0.337641
vt 0.907039 0.341797
vt 0.906443 0.340908
vt 0.928973 0.322954
vt 0.929289 0.322984
vt 0.928769 0.322983
vt 0.910448 0.319851
vt 0.910404 0.320597
vt 0.910404 0.319023
vt 0.929537 0.304798
vt 0.929317 0.304806
vt 0.928809 0.304711
vt 0.917698 0.310604
vt 0.917779 0.310276
vt 0.917731 0.310862
vt 0.92803 0.326601
vt 0.928086 0.325079
vt 0.92868 0.324739
vt 0.92868 0.324739
vt 0.928586 0.327305
vt 0.92803 0.326601
vt 0.928169 0.323855
vt 0.928231 0.322974
vt 0.928769 0.322983
vt 0.928006 0.327655
vt 0.92803 0.326601
vt 0.928586 0.327305
vt 0.919773 0.345609
vt 0.919848 0.343197
vt 0.92042 0.344065
vt 0.920406 0.342178
vt 0.920363 0.340541
vt 0.920955 0.342059
vt 0.91552 0.342474
vt 0.915415 0.340645
vt 0.91607 0.342138
vt 0.906567 0.337384
vt 0.906687 0.335585
vt 0.907216 0.335587
vt 0.920982 0.344252
vt 0.920975 0.344575
vt 0.92042 0.344065
vt 0.955706 0.304815
vt 0.956248 0.322494
vt 0.95537 0.322354
vt 0.929182 0.326651
vt 0.929172 0.329252
vt 0.928586 0.327305
vt 0.920406 0.342178
vt 0.92042 0.344065
vt 0.919848 0.343197
vt 0.914975 0.345552
vt 0.914968 0.342807
vt 0.91552 0.342474
vt 0.91552 0.342474
vt 0.91556 0.345576
vt 0.914975 0.345552
vt 0.92042 0.344065
vt 0.920355 0.345576
vt 0.919773 0.345609
vt 0.929289 0.322984
vt 0.929182 0.326651
vt 0.92868 0.324739
vt 0.90773 0.335597
vt 0.907623 0.339239
vt 0.907111 0.337641
vt 0.92868 0.324739
vt 0.928769 0.322983
vt 0.929289 0.322984
vt 0.907111 0.337641
vt 0.907216 0.335587
vt 0.90773 0.335597
vt 0.928589 0.329253
vt 0.928586 0.327305
vt 0.929172 0.329252
vt 0.930471 0.322954
vt 0.930931 0.322983
vt 0.93036 0.322983
vt 0.910665 0.318852
vt 0.910699 0.318404
vt 0.910699 0.318977
vt 0.917656 0.311955
vt 0.917697 0.312168
vt 0.917805 0.3144
vt 0.913216 0.345521
vt 0.913256 0.340566
vt 0.91383 0.34056
vt 0.91383 0.34056
vt 0.913805 0.345523
vt 0.913216 0.345521
vt 0.918642 0.340609
vt 0.918777 0.340649
vt 0.918207 0.340641
vt 0.913256 0.340566
vt 0.913597 0.340526
vt 0.91383 0.34056
vt 0.908737 0.286537
vt 0.908311 0.286506
vt 0.908891 0.286518
vt 0.930501 0.329267
vt 0.930346 0.329233
vt 0.930935 0.329237
vt 0.917697 0.312168
vt 0.917726 0.312035
vt 0.917748 0.312615
vt 0.918119 0.322117
vt 0.91807 0.322544
vt 0.91807 0.321956
vt 0.918207 0.340641
vt 0.918021 0.345623
vt 0.917343 0.343871
vt 0.930935 0.329237
vt 0.930931 0.322983
vt 0.931674 0.327056
vt 0.930346 0.329233
vt 0.93036 0.322983
vt 0.930931 0.322983
vt 0.916341 0.340554
vt 0.918207 0.340641
vt 0.917352 0.34362
vt 0.916405 0.343597
vt 0.916341 0.340554
vt 0.917352 0.34362
vt 0.909366 0.335597
vt 0.909361 0.341808
vt 0.908782 0.341809
vt 0.908782 0.341809
vt 0.908794 0.335597
vt 0.909366 0.335597
vt 0.918777 0.340649
vt 0.918602 0.345632
vt 0.918021 0.345623
vt 0.931674 0.327056
vt 0.932005 0.329193
vt 0.930935 0.329237
vt 0.911325 0.304476
vt 0.911226 0.286802
vt 0.911356 0.286894
vt 0.911411 0.304358
vt 0.911325 0.304476
vt 0.911356 0.286894
vt 0.933387 0.323008
vt 0.933385 0.32309
vt 0.932779 0.323035
vt 0.921008 0.345037
vt 0.921097 0.345002
vt 0.921068 0.34547
vt 0.921068 0.34547
vt 0.920938 0.345529
vt 0.921008 0.345037
vt 0.927934 0.328636
vt 0.927997 0.328632
vt 0.927908 0.329247
vt 0.927859 0.328636
vt 0.927934 0.328636
vt 0.927908 0.329247
vt 0.933366 0.340524
vt 0.933368 0.340608
vt 0.93276 0.340621
vt 0.93276 0.340621
vt 0.932758 0.340501
vt 0.933366 0.340524
vt 0.927869 0.304751
vt 0.927871 0.322099
vt 0.92782 0.322153
vt 0.92782 0.322153
vt 0.9278 0.304702
vt 0.927869 0.304751
vt 0.917786 0.309672
vt 0.917874 0.309615
vt 0.917852 0.309668
vt 0.917803 0.309625
vt 0.917874 0.309615
vt 0.917786 0.309672
vt 0.927871 0.322099
vt 0.927862 0.322148
vt 0.92782 0.322153
vt 0.926382 0.304481
vt 0.926281 0.286821
vt 0.926402 0.28689
vt 0.926468 0.304363
vt 0.926382 0.304481
vt 0.926402 0.28689
vt 0.945899 0.322636
vt 0.945897 0.322718
vt 0.945292 0.322655
vt 0.959484 0.344946
vt 0.959573 0.344911
vt 0.959532 0.345384
vt 0.906467 0.328638
vt 0.906531 0.328633
vt 0.906442 0.329248
vt 0.906392 0.328638
vt 0.906467 0.328638
vt 0.906442 0.329248
vt 0.945877 0.340152
vt 0.945879 0.340236
vt 0.945271 0.340249
vt 0.945271 0.340249
vt 0.945269 0.340129
vt 0.945877 0.340152
vt 0.928558 0.322267
vt 0.927963 0.304769
vt 0.928015 0.304807
vt 0.928015 0.304807
vt 0.928637 0.322181
vt 0.928558 0.322267
vt 0.928015 0.304807
vt 0.927963 0.304769
vt 0.928001 0.304734
vt 0.927963 0.304769
vt 0.927927 0.304772
vt 0.927924 0.304702
vt 0.947747 0.322679
vt 0.948832 0.322692
vt 0.948628 0.322743
vt 0.947747 0.322679
vt 0.948628 0.322635
vt 0.948832 0.322692
vt 0.948628 0.322635
vt 0.947747 0.322679
vt 0.948097 0.322582
vt 0.947718 0.340194
vt 0.948628 0.340235
vt 0.94812 0.340282
vt 0.947718 0.340194
vt 0.948619 0.340178
vt 0.948628 0.340235
vt 0.947718 0.340194
vt 0.948742 0.340122
vt 0.948619 0.340178
vt 0.921544 0.286538
vt 0.922008 0.286454
vt 0.922294 0.286449
vt 0.910347 0.322767
vt 0.91042 0.32201
vt 0.910424 0.322301
vt 0.959537 0.286514
vt 0.959541 0.286474
vt 0.961057 0.286493
vt 0.945323 0.343567
vt 0.945345 0.343627
vt 0.945269 0.345083
vt 0.945295 0.345624
vt 0.945269 0.345083
vt 0.945345 0.343627
vt 0.951491 0.286449
vt 0.95147 0.304478
vt 0.945269 0.304471
vt 0.945269 0.304471
vt 0.945289 0.286454
vt 0.951491 0.286449
vt 0.959601 0.303964
vt 0.959738 0.303924
vt 0.961183 0.303937
vt 0.91117 0.345894
vt 0.91114 0.345939
vt 0.911092 0.34462
vt 0.961031 0.303906
vt 0.961183 0.303937
vt 0.959738 0.303924
vt 0.910663 0.316849
vt 0.91058 0.316865
vt 0.910616 0.31685
vt 0.917939 0.304847
vt 0.91802 0.304794
vt 0.91802 0.321944
vt 0.949879 0.322478
vt 0.949792 0.322579
vt 0.949879 0.304702
vt 0.926468 0.286505
vt 0.926496 0.286497
vt 0.926496 0.304592
vt 0.910671 0.309665
vt 0.910639 0.310118
vt 0.910639 0.307831
vt 0.910663 0.31237
vt 0.910639 0.312401
vt 0.910639 0.310118
vt 0.947505 0.322577
vt 0.947466 0.322545
vt 0.949761 0.322582
vt 0.910695 0.310158
vt 0.910671 0.310126
vt 0.910695 0.307831
vt 0.939101 0.304586
vt 0.939157 0.304595
vt 0.939101 0.304685
vt 0.948219 0.340305
vt 0.947721 0.340284
vt 0.950011 0.340308
vt 0.949879 0.304702
vt 0.949818 0.304765
vt 0.947528 0.304704
vt 0.910597 0.30548
vt 0.910632 0.304869
vt 0.910632 0.307831
vt 0.949818 0.304765
vt 0.949879 0.304702
vt 0.949792 0.322579
vt 0.949792 0.322579
vt 0.949754 0.322478
vt 0.949818 0.304765
vt 0.910356 0.341913
vt 0.909842 0.341888
vt 0.909603 0.341834
vt 0.946248 0.322447
vt 0.945269 0.322236
vt 0.9458 0.32231
vt 0.9458 0.32231
vt 0.946551 0.322434
vt 0.946248 0.322447
vt 0.925701 0.286705
vt 0.924552 0.286572
vt 0.925118 0.286625
vt 0.92864 0.322801
vt 0.928637 0.304787
vt 0.92868 0.304702
vt 0.92864 0.322801
vt 0.92868 0.304702
vt 0.928675 0.322869
vt 0.953824 0.286449
vt 0.954054 0.304293
vt 0.953018 0.304241
vt 0.910521 0.319023
vt 0.910577 0.319908
vt 0.910524 0.319609
vt 0.954873 0.343751
vt 0.955202 0.343782
vt 0.955135 0.345493
vt 0.953257 0.326659
vt 0.953391 0.322582
vt 0.953396 0.328842
vt 0.921449 0.304676
vt 0.921449 0.286641
vt 0.921544 0.286538
vt 0.921449 0.304676
vt 0.921544 0.286538
vt 0.921552 0.304789
vt 0.924552 0.286572
vt 0.925701 0.286705
vt 0.925129 0.30471
vt 0.953391 0.322582
vt 0.953257 0.326659
vt 0.953256 0.326344
vt 0.954904 0.343565
vt 0.95581 0.343587
vt 0.9558 0.343806
vt 0.954904 0.343565
vt 0.9558 0.343806
vt 0.955493 0.343789
vt 0.954904 0.343565
vt 0.955493 0.343789
vt 0.955202 0.343782
vt 0.954904 0.343565
vt 0.955202 0.343782
vt 0.954894 0.343783
vt 0.952336 0.326368
vt 0.953241 0.326364
vt 0.953241 0.326639
vt 0.952336 0.326368
vt 0.953241 0.326639
vt 0.952928 0.326644
vt 0.952928 0.326644
vt 0.952938 0.328797
vt 0.952641 0.326649
vt 0.952336 0.326368
vt 0.952928 0.326644
vt 0.952641 0.326649
vt 0.952336 0.326368
vt 0.952641 0.326649
vt 0.952335 0.326642
vt 0.954883 0.3435
vt 0.954873 0.343751
vt 0.954824 0.340455
vt 0.927871 0.32223
vt 0.927871 0.322563
vt 0.927796 0.32253
vt 0.928227 0.322442
vt 0.928227 0.322716
vt 0.928148 0.322736
vt 0.928148 0.322736
vt 0.928148 0.32242
vt 0.928227 0.322442
vt 0.927769 0.327943
vt 0.927768 0.327037
vt 0.927842 0.327015
vt 0.927842 0.327015
vt 0.927842 0.327963
vt 0.927769 0.327943
vt 0.920182 0.329126
vt 0.920182 0.328852
vt 0.92026 0.328832
vt 0.92026 0.328832
vt 0.92026 0.329148
vt 0.920182 0.329126
vt 0.927999 0.322752
vt 0.927924 0.322453
vt 0.927999 0.32242
vt 0.928074 0.322752
vt 0.928074 0.32242
vt 0.928148 0.322452
vt 0.920104 0.328852
vt 0.920103 0.329127
vt 0.920024 0.329148
vt 0.920024 0.329148
vt 0.920024 0.328832
vt 0.920104 0.328852
vt 0.927849 0.326088
vt 0.92785 0.326994
vt 0.927768 0.327015
vt 0.927768 0.327015
vt 0.927768 0.326067
vt 0.927849 0.326088
vt 0.910832 0.32281
vt 0.910832 0.322535
vt 0.91091 0.322514
vt 0.91091 0.322514
vt 0.91091 0.32283
vt 0.910832 0.32281
vt 0.918356 0.322116
vt 0.918429 0.322419
vt 0.918356 0.322454
vt 0.946474 0.343956
vt 0.94589 0.346513
vt 0.945962 0.342357
vt 0.906392 0.34684
vt 0.906399 0.341887
vt 0.908197 0.341851
vt 0.908197 0.341851
vt 0.908197 0.346807
vt 0.906392 0.34684
vt 0.954824 0.340455
vt 0.957198 0.34052
vt 0.956689 0.340546
vt 0.957198 0.34052
vt 0.954824 0.340455
vt 0.954832 0.340428
vt 0.910597 0.304869
vt 0.910597 0.307831
vt 0.910565 0.307237
vt 0.906399 0.341887
vt 0.908537 0.341809
vt 0.908197 0.341851
vt 0.947615 0.322505
vt 0.949754 0.322478
vt 0.949792 0.322579
vt 0.949792 0.322579
vt 0.947466 0.322545
vt 0.947615 0.322505
vt 0.923368 0.286511
vt 0.921544 0.286538
vt 0.922294 0.286449
vt 0.910347 0.320944
vt 0.91042 0.32201
vt 0.910347 0.322767
vt 0.921544 0.286538
vt 0.923368 0.286511
vt 0.923794 0.286542
vt 0.911288 0.32923
vt 0.909036 0.329263
vt 0.909468 0.329229
vt 0.953824 0.286449
vt 0.956274 0.286468
vt 0.956274 0.304317
vt 0.956274 0.304317
vt 0.954054 0.304293
vt 0.953824 0.286449
vt 0.910435 0.307888
vt 0.910565 0.309689
vt 0.910496 0.309673
vt 0.910496 0.309673
vt 0.910382 0.307442
vt 0.910435 0.307888
vt 0.91046 0.305549
vt 0.91038 0.305877
vt 0.910462 0.304963
vt 0.910462 0.304963
vt 0.910565 0.304869
vt 0.91046 0.305549
vt 0.91058 0.314633
vt 0.910616 0.31685
vt 0.91058 0.316865
vt 0.917939 0.313356
vt 0.917899 0.311555
vt 0.917939 0.311131
vt 0.91058 0.314633
vt 0.910663 0.316849
vt 0.910616 0.31685
vt 0.956496 0.345528
vt 0.956689 0.340546
vt 0.95726 0.340562
vt 0.923803 0.304791
vt 0.921552 0.304789
vt 0.921544 0.286538
vt 0.921544 0.286538
vt 0.923794 0.286542
vt 0.923803 0.304791
vt 0.956689 0.340546
vt 0.95582 0.343775
vt 0.95583 0.343524
vt 0.951576 0.328842
vt 0.95231 0.326346
vt 0.952311 0.326662
vt 0.959527 0.343195
vt 0.959459 0.344161
vt 0.959436 0.341968
vt 0.90656 0.326602
vt 0.9065 0.327061
vt 0.906612 0.325079
vt 0.906486 0.326398
vt 0.906612 0.325079
vt 0.9065 0.327061
vt 0.945323 0.343567
vt 0.945419 0.3421
vt 0.945345 0.343627
vt 0.907711 0.326649
vt 0.907117 0.327305
vt 0.907205 0.324739
vt 0.911051 0.322202
vt 0.911135 0.322181
vt 0.911135 0.322851
vt 0.95075 0.322723
vt 0.95076 0.322618
vt 0.951576 0.322696
vt 0.951568 0.322592
vt 0.951576 0.322696
vt 0.95076 0.322618
vt 0.959477 0.341053
vt 0.959454 0.341542
vt 0.959373 0.340428
vt 0.956281 0.304015
vt 0.956277 0.303923
vt 0.957109 0.303952
vt 0.956898 0.303908
vt 0.957109 0.303952
vt 0.956277 0.303923
vt 0.962483 0.286449
vt 0.962507 0.286512
vt 0.961929 0.286494
vt 0.961929 0.286494
vt 0.961598 0.286458
vt 0.962483 0.286449
vt 0.94531 0.346526
vt 0.945274 0.346509
vt 0.945295 0.345624
vt 0.909362 0.3468
vt 0.908785 0.346804
vt 0.908771 0.341841
vt 0.908771 0.341841
vt 0.909317 0.341862
vt 0.909362 0.3468
vt 0.932756 0.286555
vt 0.932755 0.304592
vt 0.926496 0.304592
vt 0.932758 0.304702
vt 0.926496 0.304592
vt 0.932755 0.304592
vt 0.954873 0.343751
vt 0.954672 0.345468
vt 0.954824 0.340455
vt 0.946716 0.322716
vt 0.946719 0.322633
vt 0.947747 0.322679
vt 0.948097 0.322582
vt 0.947747 0.322679
vt 0.946719 0.322633
vt 0.959589 0.34426
vt 0.959484 0.344946
vt 0.959527 0.343195
vt 0.959459 0.344161
vt 0.959527 0.343195
vt 0.959484 0.344946
vt 0.9065 0.327061
vt 0.90656 0.326602
vt 0.906538 0.327656
vt 0.9065 0.327061
vt 0.90645 0.327812
vt 0.906486 0.326398
vt 0.947718 0.340194
vt 0.94812 0.340282
vt 0.946707 0.340281
vt 0.90645 0.327812
vt 0.906395 0.327813
vt 0.906398 0.326797
vt 0.946703 0.340233
vt 0.946699 0.340149
vt 0.947718 0.340194
vt 0.948832 0.322692
vt 0.949674 0.322671
vt 0.949579 0.322747
vt 0.911023 0.343401
vt 0.911092 0.34462
vt 0.910476 0.343741
vt 0.911023 0.343401
vt 0.911085 0.344154
vt 0.911092 0.34462
vt 0.959006 0.30395
vt 0.958062 0.303954
vt 0.958311 0.303912
vt 0.959436 0.341968
vt 0.959373 0.340428
vt 0.959454 0.341542
vt 0.959373 0.340428
vt 0.959436 0.341968
vt 0.958845 0.340449
vt 0.956891 0.286502
vt 0.957673 0.286495
vt 0.957834 0.286523
vt 0.910636 0.310788
vt 0.910636 0.311972
vt 0.910617 0.311572
vt 0.958073 0.286467
vt 0.956891 0.286502
vt 0.956274 0.28647
vt 0.910953 0.342646
vt 0.911023 0.343401
vt 0.910356 0.341913
vt 0.956898 0.303908
vt 0.957817 0.303901
vt 0.957109 0.303952
vt 0.946716 0.322716
vt 0.945897 0.322718
vt 0.945899 0.322636
vt 0.945899 0.322636
vt 0.946719 0.322633
vt 0.946716 0.322716
vt 0.959589 0.34426
vt 0.959573 0.344911
vt 0.959484 0.344946
vt 0.906533 0.328044
vt 0.906531 0.328633
vt 0.906467 0.328638
vt 0.906467 0.328638
vt 0.9065 0.327061
vt 0.906533 0.328044
vt 0.906467 0.328638
vt 0.90645 0.327812
vt 0.9065 0.327061
vt 0.90645 0.327812
vt 0.906467 0.328638
vt 0.906392 0.328638
vt 0.906392 0.328638
vt 0.906395 0.327813
vt 0.90645 0.327812
vt 0.946703 0.340233
vt 0.945879 0.340236
vt 0.945877 0.340152
vt 0.945877 0.340152
vt 0.946699 0.340149
vt 0.946703 0.340233
vt 0.961057 0.286493
vt 0.961598 0.286458
vt 0.961929 0.286494
vt 0.961932 0.303912
vt 0.961183 0.303937
vt 0.961031 0.303906
vt 0.959452 0.344484
vt 0.959484 0.344946
vt 0.958897 0.343973
vt 0.952938 0.328797
vt 0.952928 0.326644
vt 0.953257 0.326659
vt 0.948832 0.322692
vt 0.949579 0.322747
vt 0.948628 0.322743
vt 0.948832 0.322692
vt 0.948628 0.322635
vt 0.949674 0.322671
vt 0.949596 0.322606
vt 0.949674 0.322671
vt 0.948628 0.322635
vt 0.959584 0.342738
vt 0.959527 0.343195
vt 0.959527 0.341986
vt 0.959454 0.341542
vt 0.959527 0.341986
vt 0.959527 0.343195
vt 0.959436 0.341968
vt 0.959454 0.341542
vt 0.959527 0.343195
vt 0.932754 0.286449
vt 0.932756 0.286555
vt 0.926496 0.286497
vt 0.926496 0.304592
vt 0.926496 0.286497
vt 0.932756 0.286555
vt 0.926496 0.304592
vt 0.932758 0.304702
vt 0.926499 0.304693
vt 0.906612 0.325079
vt 0.906486 0.326398
vt 0.906591 0.324523
vt 0.949577 0.340218
vt 0.949999 0.340284
vt 0.94812 0.340282
vt 0.910698 0.313859
vt 0.910663 0.313349
vt 0.910698 0.312401
vt 0.948628 0.340235
vt 0.948619 0.340178
vt 0.949577 0.340218
vt 0.949616 0.340129
vt 0.949577 0.340218
vt 0.948619 0.340178
vt 0.948619 0.340178
vt 0.948742 0.340122
vt 0.949616 0.340129
vt 0.959202 0.286494
vt 0.959537 0.286514
vt 0.958517 0.286504
vt 0.958517 0.286504
vt 0.958073 0.286467
vt 0.959541 0.286474
vt 0.959541 0.286474
vt 0.959202 0.286494
vt 0.958517 0.286504
vt 0.959006 0.30395
vt 0.958311 0.303912
vt 0.959218 0.303909
vt 0.90946 0.322984
vt 0.909468 0.329229
vt 0.908881 0.329229
vt 0.958886 0.342086
vt 0.958326 0.343104
vt 0.958335 0.340516
vt 0.957834 0.286523
vt 0.957673 0.286495
vt 0.958517 0.286504
vt 0.958073 0.286467
vt 0.958517 0.286504
vt 0.957673 0.286495
vt 0.910476 0.343741
vt 0.909927 0.344078
vt 0.909842 0.341888
vt 0.908887 0.322985
vt 0.908881 0.329229
vt 0.908329 0.322972
vt 0.949579 0.322747
vt 0.949674 0.322671
vt 0.95075 0.322723
vt 0.95076 0.322618
vt 0.95075 0.322723
vt 0.949674 0.322671
vt 0.949674 0.322671
vt 0.949596 0.322606
vt 0.95076 0.322618
vt 0.959454 0.341542
vt 0.959477 0.341053
vt 0.959527 0.341986
vt 0.958335 0.340516
vt 0.958845 0.340449
vt 0.958886 0.342086
vt 0.906591 0.324523
vt 0.906693 0.323856
vt 0.906612 0.325079
vt 0.949999 0.340284
vt 0.949577 0.340218
vt 0.950565 0.340241
vt 0.950544 0.340183
vt 0.950565 0.340241
vt 0.949577 0.340218
vt 0.949577 0.340218
vt 0.949616 0.340129
vt 0.950704 0.340128
vt 0.950704 0.340128
vt 0.950544 0.340183
vt 0.949577 0.340218
vt 0.909842 0.341888
vt 0.910356 0.341913
vt 0.910476 0.343741
vt 0.958311 0.303912
vt 0.958062 0.303954
vt 0.957109 0.303952
vt 0.957109 0.303952
vt 0.957817 0.303901
vt 0.958311 0.303912
vt 0.917794 0.322072
vt 0.917746 0.322741
vt 0.917746 0.321187
vt 0.917746 0.322743
vt 0.917688 0.32218
vt 0.917746 0.321187
vt 0.917656 0.321207
vt 0.917746 0.321187
vt 0.917688 0.32218
vt 0.950565 0.340241
vt 0.950544 0.340183
vt 0.951538 0.340194
vt 0.951555 0.34015
vt 0.951538 0.340194
vt 0.950544 0.340183
vt 0.950544 0.340183
vt 0.950704 0.340128
vt 0.951555 0.34015
vt 0.959541 0.286474
vt 0.959537 0.286514
vt 0.959202 0.286494
vt 0.959738 0.303924
vt 0.959601 0.303964
vt 0.959006 0.30395
vt 0.959006 0.30395
vt 0.959218 0.303909
vt 0.959738 0.303924
vt 0.953391 0.322582
vt 0.953256 0.326344
vt 0.95231 0.326346
vt 0.91788 0.304794
vt 0.917896 0.308603
vt 0.917874 0.311128
vt 0.950011 0.340308
vt 0.950019 0.346517
vt 0.948213 0.346525
vt 0.948213 0.346525
vt 0.948219 0.340305
vt 0.950011 0.340308
vt 0.959484 0.344946
vt 0.959452 0.344484
vt 0.959459 0.344161
vt 0.9065 0.327061
vt 0.906538 0.327656
vt 0.906533 0.328044
vt 0.91114 0.345939
vt 0.91117 0.345894
vt 0.911183 0.346911
vt 0.961932 0.303912
vt 0.962475 0.303958
vt 0.961183 0.303937
vt 0.957076 0.345538
vt 0.95726 0.340562
vt 0.957681 0.345535
vt 0.955493 0.343789
vt 0.95582 0.343775
vt 0.955421 0.345499
vt 0.952938 0.328797
vt 0.953257 0.326659
vt 0.953396 0.328842
vt 0.955202 0.343782
vt 0.955493 0.343789
vt 0.955421 0.345499
vt 0.955421 0.345499
vt 0.955135 0.345493
vt 0.955202 0.343782
vt 0.952938 0.328797
vt 0.952647 0.328798
vt 0.952641 0.326649
vt 0.94589 0.346513
vt 0.946474 0.343956
vt 0.946468 0.346507
vt 0.955421 0.345499
vt 0.95582 0.343775
vt 0.956496 0.345528
vt 0.955135 0.345493
vt 0.954672 0.345468
vt 0.954873 0.343751
vt 0.952311 0.326662
vt 0.952641 0.326649
vt 0.952647 0.328798
vt 0.911379 0.32385
vt 0.911305 0.32333
vt 0.911308 0.322785
vt 0.909603 0.341834
vt 0.909842 0.341888
vt 0.909317 0.341862
vt 0.928001 0.304734
vt 0.927963 0.304769
vt 0.927924 0.304702
vt 0.951567 0.286693
vt 0.952476 0.286563
vt 0.952139 0.304102
vt 0.951491 0.286727
vt 0.951567 0.286693
vt 0.952139 0.304102
vt 0.927871 0.304774
vt 0.927891 0.304702
vt 0.927874 0.322394
vt 0.910701 0.321934
vt 0.911411 0.304869
vt 0.911411 0.322181
vt 0.927924 0.32242
vt 0.928558 0.322267
vt 0.92857 0.322315
vt 0.910701 0.321934
vt 0.911411 0.322181
vt 0.910767 0.322066
vt 0.928637 0.322181
vt 0.92857 0.322315
vt 0.928558 0.322267
vt 0.910577 0.319908
vt 0.910521 0.320203
vt 0.910524 0.319609
vt 0.924552 0.286572
vt 0.925129 0.30471
vt 0.924531 0.304767
vt 0.947101 0.340313
vt 0.947042 0.346514
vt 0.946474 0.343956
vt 0.946314 0.322496
vt 0.946248 0.322447
vt 0.94683 0.322542
vt 0.911376 0.323118
vt 0.911411 0.32281
vt 0.911411 0.323335
vt 0.911376 0.323118
vt 0.911379 0.32385
vt 0.911308 0.322785
vt 0.91038 0.305877
vt 0.910413 0.306135
vt 0.910399 0.306715
vt 0.910399 0.306715
vt 0.910341 0.307229
vt 0.91038 0.305877
vt 0.959459 0.344161
vt 0.958897 0.343973
vt 0.958886 0.342086
vt 0.958886 0.342086
vt 0.959436 0.341968
vt 0.959459 0.344161
vt 0.910356 0.341913
vt 0.910889 0.34195
vt 0.910953 0.342646
vt 0.91114 0.345939
vt 0.910541 0.346842
vt 0.910476 0.343741
vt 0.910476 0.343741
vt 0.911092 0.34462
vt 0.91114 0.345939
vt 0.959532 0.345384
vt 0.95883 0.345485
vt 0.958897 0.343973
vt 0.958897 0.343973
vt 0.959484 0.344946
vt 0.959532 0.345384
vt 0.908329 0.322972
vt 0.908308 0.329249
vt 0.907711 0.326649
vt 0.945962 0.342357
vt 0.945345 0.343627
vt 0.945419 0.3421
vt 0.906693 0.323856
vt 0.907286 0.322973
vt 0.907205 0.324739
vt 0.945419 0.3421
vt 0.946068 0.340303
vt 0.945962 0.342357
vt 0.907117 0.327305
vt 0.906531 0.328633
vt 0.906533 0.328044
vt 0.958326 0.343104
vt 0.958248 0.345517
vt 0.957681 0.345535
vt 0.957681 0.345535
vt 0.957792 0.340534
vt 0.958326 0.343104
vt 0.94589 0.346513
vt 0.94531 0.346526
vt 0.945295 0.345624
vt 0.958335 0.340516
vt 0.958326 0.343104
vt 0.957792 0.340534
vt 0.909842 0.341888
vt 0.909927 0.344078
vt 0.909317 0.341862
vt 0.907205 0.324739
vt 0.906612 0.325079
vt 0.906693 0.323856
vt 0.907117 0.327305
vt 0.906533 0.328044
vt 0.906538 0.327656
vt 0.906531 0.328633
vt 0.907117 0.327305
vt 0.907123 0.329253
vt 0.907123 0.329253
vt 0.906442 0.329248
vt 0.906531 0.328633
vt 0.946468 0.346507
vt 0.946474 0.343956
vt 0.947042 0.346514
vt 0.910541 0.346842
vt 0.91114 0.345939
vt 0.911183 0.346911
vt 0.953018 0.304241
vt 0.952476 0.286563
vt 0.953824 0.286449
vt 0.907707 0.329251
vt 0.907711 0.326649
vt 0.908308 0.329249
vt 0.909362 0.3468
vt 0.909317 0.341862
vt 0.909927 0.344078
vt 0.909927 0.344078
vt 0.909956 0.346824
vt 0.909362 0.3468
vt 0.907711 0.326649
vt 0.907811 0.322982
vt 0.908329 0.322972
vt 0.946474 0.343956
vt 0.946582 0.340313
vt 0.947101 0.340313
vt 0.95726 0.340562
vt 0.957198 0.34052
vt 0.957792 0.340534
vt 0.909603 0.341834
vt 0.909317 0.341862
vt 0.908771 0.341841
vt 0.908771 0.341841
vt 0.908537 0.341809
vt 0.909603 0.341834
vt 0.946248 0.322447
vt 0.946551 0.322434
vt 0.947615 0.322505
vt 0.947615 0.322505
vt 0.947466 0.322545
vt 0.946248 0.322447
vt 0.923794 0.286542
vt 0.923948 0.286523
vt 0.924552 0.286572
vt 0.908881 0.329229
vt 0.909036 0.329263
vt 0.908308 0.329249
vt 0.910411 0.307308
vt 0.910382 0.307442
vt 0.910399 0.306715
vt 0.917901 0.317469
vt 0.917939 0.317636
vt 0.917901 0.318212
vt 0.910521 0.320203
vt 0.910577 0.319908
vt 0.910523 0.320944
vt 0.924552 0.286572
vt 0.924531 0.304767
vt 0.923803 0.304791
vt 0.923803 0.304791
vt 0.923794 0.286542
vt 0.924552 0.286572
vt 0.947042 0.346514
vt 0.947101 0.340313
vt 0.947645 0.340313
vt 0.947645 0.340313
vt 0.947633 0.346526
vt 0.947042 0.346514
vt 0.909005 0.322957
vt 0.908887 0.322985
vt 0.908329 0.322972
vt 0.947466 0.322545
vt 0.947505 0.322577
vt 0.94683 0.322542
vt 0.94683 0.322542
vt 0.946248 0.322447
vt 0.947466 0.322545
vt 0.917933 0.315434
vt 0.917905 0.315744
vt 0.917904 0.314813
vt 0.917861 0.321675
vt 0.917893 0.321755
vt 0.917901 0.322303
vt 0.911308 0.322785
vt 0.911407 0.322181
vt 0.911376 0.323118
vt 0.910341 0.307229
vt 0.910399 0.306715
vt 0.910382 0.307442
vt 0.908308 0.329249
vt 0.908329 0.322972
vt 0.908881 0.329229
vt 0.957792 0.340534
vt 0.957681 0.345535
vt 0.95726 0.340562
vt 0.918283 0.322553
vt 0.918192 0.322506
vt 0.918283 0.321982
vt 0.959532 0.345384
vt 0.959412 0.345441
vt 0.95883 0.345485
vt 0.925709 0.304633
vt 0.925129 0.30471
vt 0.926382 0.304481
vt 0.910663 0.310264
vt 0.910699 0.310356
vt 0.910663 0.310943
vt 0.926281 0.286821
vt 0.926382 0.304481
vt 0.925129 0.30471
vt 0.925129 0.30471
vt 0.925701 0.286705
vt 0.926281 0.286821
vt 0.945295 0.345624
vt 0.945345 0.343627
vt 0.945962 0.342357
vt 0.945962 0.342357
vt 0.94589 0.346513
vt 0.945295 0.345624
vt 0.946248 0.322447
vt 0.946314 0.322496
vt 0.945794 0.322404
vt 0.945794 0.322404
vt 0.945269 0.322236
vt 0.946248 0.322447
vt 0.911376 0.323118
vt 0.911411 0.323335
vt 0.911379 0.32385
vt 0.91038 0.305877
vt 0.91046 0.305549
vt 0.910413 0.306135
vt 0.90656 0.326602
vt 0.906612 0.325079
vt 0.907205 0.324739
vt 0.907205 0.324739
vt 0.907117 0.327305
vt 0.90656 0.326602
vt 0.906693 0.323856
vt 0.906753 0.322975
vt 0.907286 0.322973
vt 0.906538 0.327656
vt 0.90656 0.326602
vt 0.907117 0.327305
vt 0.958248 0.345517
vt 0.958326 0.343104
vt 0.958897 0.343973
vt 0.958886 0.342086
vt 0.958845 0.340449
vt 0.959436 0.341968
vt 0.910476 0.343741
vt 0.910356 0.341913
vt 0.911023 0.343401
vt 0.945419 0.3421
vt 0.945531 0.340302
vt 0.946068 0.340303
vt 0.959459 0.344161
vt 0.959452 0.344484
vt 0.958897 0.343973
vt 0.952476 0.286563
vt 0.953018 0.304241
vt 0.952139 0.304102
vt 0.907711 0.326649
vt 0.907707 0.329251
vt 0.907117 0.327305
vt 0.958886 0.342086
vt 0.958897 0.343973
vt 0.958326 0.343104
vt 0.909956 0.346824
vt 0.909927 0.344078
vt 0.910476 0.343741
vt 0.910476 0.343741
vt 0.910541 0.346842
vt 0.909956 0.346824
vt 0.958897 0.343973
vt 0.95883 0.345485
vt 0.958248 0.345517
vt 0.907811 0.322982
vt 0.907711 0.326649
vt 0.907205 0.324739
vt 0.946582 0.340313
vt 0.946474 0.343956
vt 0.945962 0.342357
vt 0.907205 0.324739
vt 0.907286 0.322973
vt 0.907811 0.322982
vt 0.945962 0.342357
vt 0.946068 0.340303
vt 0.946582 0.340313
vt 0.907123 0.329253
vt 0.907117 0.327305
vt 0.907707 0.329251
vt 0.909005 0.322957
vt 0.90946 0.322984
vt 0.908887 0.322985
vt 0.917893 0.321755
vt 0.917861 0.321675
vt 0.917901 0.32118
vt 0.910341 0.307229
vt 0.910382 0.307442
vt 0.910496 0.309673
vt 0.908197 0.346807
vt 0.908197 0.341851
vt 0.908771 0.341841
vt 0.908771 0.341841
vt 0.908785 0.346804
vt 0.908197 0.346807
vt 0.957198 0.34052
vt 0.95726 0.340562
vt 0.956689 0.340546
vt 0.908197 0.341851
vt 0.908537 0.341809
vt 0.908771 0.341841
vt 0.923794 0.286542
vt 0.923368 0.286511
vt 0.923948 0.286523
vt 0.909036 0.329263
vt 0.908881 0.329229
vt 0.909468 0.329229
vt 0.910382 0.307442
vt 0.910411 0.307308
vt 0.910435 0.307888
vt 0.91802 0.322105
vt 0.917971 0.322532
vt 0.917971 0.321944
vt 0.956689 0.340546
vt 0.956496 0.345528
vt 0.95582 0.343775
vt 0.909468 0.329229
vt 0.90946 0.322984
vt 0.911288 0.322971
vt 0.908881 0.329229
vt 0.908887 0.322985
vt 0.90946 0.322984
vt 0.954824 0.340455
vt 0.956689 0.340546
vt 0.95583 0.343524
vt 0.954883 0.3435
vt 0.954824 0.340455
vt 0.95583 0.343524
vt 0.948219 0.340305
vt 0.948213 0.346525
vt 0.947633 0.346526
vt 0.947633 0.346526
vt 0.947645 0.340313
vt 0.948219 0.340305
vt 0.95726 0.340562
vt 0.957076 0.345538
vt 0.956496 0.345528
vt 0.952311 0.326662
vt 0.952647 0.328798
vt 0.951576 0.328842
vt 0.927749 0.304702
vt 0.9278 0.322075
vt 0.927749 0.322129
vt 0.917874 0.304794
vt 0.917822 0.304868
vt 0.917801 0.304798
vt 0.9278 0.322075
vt 0.927792 0.322124
vt 0.927749 0.322129
vt 0.916344 0.304484
vt 0.916244 0.286824
vt 0.916364 0.286892
vt 0.91643 0.304365
vt 0.916344 0.304484
vt 0.916364 0.286892
vt 0.922078 0.323098
vt 0.922076 0.32318
vt 0.921471 0.323116
vt 0.937569 0.345168
vt 0.937658 0.345132
vt 0.937618 0.345605
vt 0.927934 0.33493
vt 0.927997 0.334926
vt 0.927908 0.335541
vt 0.927859 0.33493
vt 0.927934 0.33493
vt 0.927908 0.335541
vt 0.922057 0.340613
vt 0.922059 0.340698
vt 0.921451 0.340711
vt 0.921451 0.340711
vt 0.921449 0.34059
vt 0.922057 0.340613
vt 0.923926 0.323141
vt 0.925011 0.323154
vt 0.924807 0.323205
vt 0.923926 0.323141
vt 0.924808 0.323096
vt 0.925011 0.323154
vt 0.924808 0.323096
vt 0.923926 0.323141
vt 0.924276 0.323044
vt 0.923898 0.340656
vt 0.924808 0.340697
vt 0.9243 0.340743
vt 0.923898 0.340656
vt 0.924798 0.34064
vt 0.924808 0.340697
vt 0.923898 0.340656
vt 0.924922 0.340583
vt 0.924798 0.34064
vt 0.911507 0.28654
vt 0.911975 0.286449
vt 0.912256 0.28645
vt 0.91058 0.322744
vt 0.910657 0.321992
vt 0.910664 0.322273
vt 0.962852 0.322625
vt 0.962856 0.322586
vt 0.964372 0.322604
vt 0.927955 0.338843
vt 0.927977 0.338903
vt 0.927901 0.340359
vt 0.927927 0.3409
vt 0.927901 0.340359
vt 0.927977 0.338903
vt 0.945269 0.286449
vt 0.945252 0.304479
vt 0.939048 0.304471
vt 0.939048 0.304471
vt 0.939068 0.286454
vt 0.945269 0.286449
vt 0.962916 0.340076
vt 0.963053 0.340035
vt 0.964499 0.340048
vt 0.926234 0.344853
vt 0.926204 0.344897
vt 0.926167 0.343578
vt 0.964346 0.340018
vt 0.964499 0.340048
vt 0.963053 0.340035
vt 0.910663 0.319081
vt 0.91058 0.319098
vt 0.910616 0.319082
vt 0.918105 0.304832
vt 0.91819 0.304794
vt 0.91819 0.321956
vt 0.932758 0.304757
vt 0.932787 0.304749
vt 0.932786 0.322844
vt 0.917884 0.316249
vt 0.917862 0.316724
vt 0.91776 0.314428
vt 0.939101 0.304501
vt 0.939153 0.304479
vt 0.939153 0.304586
vt 0.930851 0.335581
vt 0.930354 0.33556
vt 0.932643 0.335584
vt 0.921449 0.304794
vt 0.921387 0.304857
vt 0.919097 0.304794
vt 0.910636 0.30548
vt 0.910671 0.304869
vt 0.910671 0.307831
vt 0.921387 0.304857
vt 0.921449 0.304794
vt 0.92135 0.32257
vt 0.925453 0.340865
vt 0.924939 0.340836
vt 0.9247 0.34078
vt 0.917814 0.317966
vt 0.917656 0.318955
vt 0.917701 0.31842
vt 0.917701 0.31842
vt 0.917785 0.317664
vt 0.917814 0.317966
vt 0.915663 0.286707
vt 0.914514 0.286575
vt 0.915081 0.286628
vt 0.928683 0.322801
vt 0.92868 0.304787
vt 0.928723 0.304702
vt 0.928683 0.322801
vt 0.928723 0.304702
vt 0.928718 0.322869
vt 0.957077 0.322569
vt 0.957369 0.340413
vt 0.956333 0.340364
vt 0.917805 0.318955
vt 0.917861 0.31984
vt 0.917808 0.319541
vt 0.933226 0.345721
vt 0.932758 0.345696
vt 0.932957 0.343979
vt 0.932957 0.343979
vt 0.93329 0.344009
vt 0.933226 0.345721
vt 0.920366 0.32665
vt 0.920695 0.326638
vt 0.920701 0.328781
vt 0.921312 0.326649
vt 0.921449 0.32257
vt 0.921444 0.328832
vt 0.911411 0.304679
vt 0.911411 0.286643
vt 0.911507 0.28654
vt 0.911411 0.304679
vt 0.911507 0.28654
vt 0.911514 0.304792
vt 0.914514 0.286575
vt 0.915663 0.286707
vt 0.915091 0.304712
vt 0.921449 0.32257
vt 0.921312 0.326649
vt 0.921312 0.326334
vt 0.932987 0.343793
vt 0.933893 0.343813
vt 0.933884 0.344032
vt 0.932987 0.343793
vt 0.933884 0.344032
vt 0.933572 0.344015
vt 0.933572 0.344015
vt 0.933507 0.345728
vt 0.933226 0.345721
vt 0.933572 0.344015
vt 0.933226 0.345721
vt 0.93329 0.344009
vt 0.932987 0.343793
vt 0.933572 0.344015
vt 0.93329 0.344009
vt 0.932987 0.343793
vt 0.93329 0.344009
vt 0.932977 0.344011
vt 0.920391 0.326355
vt 0.921296 0.326354
vt 0.921296 0.326629
vt 0.920391 0.326355
vt 0.921296 0.326629
vt 0.920982 0.326632
vt 0.920982 0.326632
vt 0.920982 0.328781
vt 0.920701 0.328781
vt 0.920982 0.326632
vt 0.920701 0.328781
vt 0.920695 0.326638
vt 0.920391 0.326355
vt 0.920982 0.326632
vt 0.920695 0.326638
vt 0.920391 0.326355
vt 0.920695 0.326638
vt 0.92039 0.32663
vt 0.932966 0.343728
vt 0.932957 0.343979
vt 0.932902 0.340685
vt 0.91892 0.322116
vt 0.91892 0.322455
vt 0.918846 0.32242
vt 0.928489 0.322442
vt 0.928488 0.322716
vt 0.928409 0.322736
vt 0.928409 0.322736
vt 0.928409 0.32242
vt 0.928489 0.322442
vt 0.911305 0.328837
vt 0.911305 0.327931
vt 0.911379 0.327909
vt 0.911379 0.327909
vt 0.911379 0.328857
vt 0.911305 0.328837
vt 0.919444 0.329126
vt 0.919445 0.328852
vt 0.919523 0.328832
vt 0.919523 0.328832
vt 0.919523 0.329148
vt 0.919444 0.329126
vt 0.918772 0.322453
vt 0.918697 0.322149
vt 0.918772 0.322116
vt 0.928489 0.322751
vt 0.928489 0.32242
vt 0.928563 0.322452
vt 0.917792 0.328714
vt 0.917792 0.328988
vt 0.917712 0.329009
vt 0.917712 0.329009
vt 0.917712 0.328694
vt 0.917792 0.328714
vt 0.917794 0.326818
vt 0.917794 0.327725
vt 0.917712 0.327746
vt 0.917712 0.327746
vt 0.917712 0.326798
vt 0.917794 0.326818
vt 0.927792 0.322859
vt 0.927793 0.322584
vt 0.927871 0.322563
vt 0.927871 0.322563
vt 0.927871 0.322879
vt 0.927792 0.322859
vt 0.91892 0.322116
vt 0.918994 0.32242
vt 0.91892 0.322455
vt 0.929106 0.339232
vt 0.928522 0.341789
vt 0.928594 0.337633
vt 0.921449 0.345759
vt 0.921449 0.340806
vt 0.923294 0.340786
vt 0.923294 0.340786
vt 0.923253 0.345741
vt 0.921449 0.345759
vt 0.932902 0.340685
vt 0.935203 0.34074
vt 0.934768 0.340771
vt 0.935203 0.34074
vt 0.932902 0.340685
vt 0.93291 0.340656
vt 0.910701 0.304869
vt 0.910701 0.307831
vt 0.910671 0.307163
vt 0.921449 0.340806
vt 0.923634 0.340746
vt 0.923294 0.340786
vt 0.917799 0.316598
vt 0.917656 0.314416
vt 0.91776 0.314428
vt 0.91776 0.314428
vt 0.917862 0.316724
vt 0.917799 0.316598
vt 0.91333 0.286513
vt 0.911507 0.28654
vt 0.912256 0.28645
vt 0.91058 0.320921
vt 0.910657 0.321992
vt 0.91058 0.322744
vt 0.911507 0.28654
vt 0.91333 0.286513
vt 0.913756 0.286544
vt 0.932753 0.335533
vt 0.930501 0.33556
vt 0.930933 0.335527
vt 0.957077 0.322569
vt 0.959528 0.322579
vt 0.959589 0.340428
vt 0.959589 0.340428
vt 0.957369 0.340413
vt 0.957077 0.322569
vt 0.91774 0.307815
vt 0.917874 0.309615
vt 0.917805 0.309599
vt 0.917805 0.309599
vt 0.917686 0.307368
vt 0.91774 0.307815
vt 0.917759 0.305476
vt 0.91768 0.305804
vt 0.91776 0.304889
vt 0.91776 0.304889
vt 0.917822 0.304868
vt 0.917759 0.305476
vt 0.91058 0.316865
vt 0.910616 0.319082
vt 0.91058 0.319098
vt 0.917779 0.32118
vt 0.917739 0.319379
vt 0.917779 0.318955
vt 0.91058 0.316865
vt 0.910663 0.319081
vt 0.910616 0.319082
vt 0.934582 0.345753
vt 0.934768 0.340771
vt 0.935338 0.340779
vt 0.920366 0.32665
vt 0.920701 0.328781
vt 0.919624 0.328827
vt 0.913766 0.304794
vt 0.911514 0.304792
vt 0.911507 0.28654
vt 0.911507 0.28654
vt 0.913756 0.286544
vt 0.913766 0.304794
vt 0.934768 0.340771
vt 0.933904 0.344002
vt 0.933914 0.34375
vt 0.919624 0.328827
vt 0.920366 0.326334
vt 0.920366 0.32665
vt 0.937609 0.343416
vt 0.937543 0.344382
vt 0.937516 0.342189
vt 0.92803 0.332895
vt 0.92797 0.333353
vt 0.928086 0.331372
vt 0.927957 0.332691
vt 0.928086 0.331372
vt 0.92797 0.333353
vt 0.927955 0.338843
vt 0.928051 0.337376
vt 0.927977 0.338903
vt 0.929182 0.332944
vt 0.928586 0.333599
vt 0.92868 0.331033
vt 0.926929 0.323184
vt 0.926939 0.32308
vt 0.927746 0.323181
vt 0.91122 0.322196
vt 0.911305 0.322181
vt 0.911305 0.322884
vt 0.919843 0.328848
vt 0.919944 0.328832
vt 0.919944 0.329651
vt 0.937557 0.341274
vt 0.937534 0.341763
vt 0.937434 0.340656
vt 0.959596 0.340126
vt 0.959592 0.340034
vt 0.960424 0.340063
vt 0.960213 0.340019
vt 0.960424 0.340063
vt 0.959592 0.340034
vt 0.965244 0.322605
vt 0.964913 0.322569
vt 0.96579 0.32261
vt 0.927926 0.34179
vt 0.927859 0.341777
vt 0.927927 0.3409
vt 0.924419 0.345744
vt 0.923842 0.345743
vt 0.923868 0.34078
vt 0.923868 0.34078
vt 0.924414 0.340806
vt 0.924419 0.345744
vt 0.96579 0.340038
vt 0.965793 0.340098
vt 0.965247 0.340023
vt 0.939044 0.304702
vt 0.939046 0.304808
vt 0.932787 0.304749
vt 0.932786 0.322844
vt 0.932787 0.304749
vt 0.939046 0.304808
vt 0.939046 0.304808
vt 0.939045 0.322844
vt 0.932786 0.322844
vt 0.932786 0.322948
vt 0.932786 0.322844
vt 0.939045 0.322844
vt 0.939045 0.322844
vt 0.939048 0.322954
vt 0.932786 0.322948
vt 0.932957 0.343979
vt 0.932758 0.345696
vt 0.932902 0.340685
vt 0.922896 0.323177
vt 0.922898 0.323095
vt 0.923926 0.323141
vt 0.924276 0.323044
vt 0.923926 0.323141
vt 0.922898 0.323095
vt 0.937674 0.344481
vt 0.937569 0.345168
vt 0.937609 0.343416
vt 0.937543 0.344382
vt 0.937609 0.343416
vt 0.937569 0.345168
vt 0.92797 0.333353
vt 0.92803 0.332895
vt 0.928006 0.333949
vt 0.92797 0.333353
vt 0.927918 0.334104
vt 0.927957 0.332691
vt 0.923898 0.340656
vt 0.9243 0.340743
vt 0.922886 0.340742
vt 0.927918 0.334104
vt 0.927863 0.334105
vt 0.927868 0.333089
vt 0.922883 0.340695
vt 0.922878 0.340611
vt 0.923898 0.340656
vt 0.925011 0.323154
vt 0.925854 0.323132
vt 0.925759 0.323209
vt 0.926108 0.342358
vt 0.926167 0.343578
vt 0.925558 0.342694
vt 0.926108 0.342358
vt 0.926164 0.343112
vt 0.926167 0.343578
vt 0.962321 0.340061
vt 0.961377 0.340066
vt 0.961626 0.340023
vt 0.937516 0.342189
vt 0.937434 0.340656
vt 0.937534 0.341763
vt 0.937434 0.340656
vt 0.937516 0.342189
vt 0.936924 0.340671
vt 0.960206 0.322614
vt 0.960988 0.322607
vt 0.96115 0.322635
vt 0.917656 0.309615
vt 0.917656 0.310799
vt 0.917636 0.310399
vt 0.961388 0.322578
vt 0.960206 0.322614
vt 0.959589 0.322569
vt 0.926044 0.341603
vt 0.926108 0.342358
vt 0.925453 0.340865
vt 0.960213 0.340019
vt 0.961132 0.340012
vt 0.960424 0.340063
vt 0.929806 0.329268
vt 0.930365 0.329283
vt 0.930345 0.335531
vt 0.930345 0.335531
vt 0.929773 0.335546
vt 0.929806 0.329268
vt 0.922896 0.323177
vt 0.922076 0.32318
vt 0.922078 0.323098
vt 0.922078 0.323098
vt 0.922898 0.323095
vt 0.922896 0.323177
vt 0.937674 0.344481
vt 0.937658 0.345132
vt 0.937569 0.345168
vt 0.928001 0.334336
vt 0.927997 0.334926
vt 0.927934 0.33493
vt 0.927934 0.33493
vt 0.92797 0.333353
vt 0.928001 0.334336
vt 0.927934 0.33493
vt 0.927918 0.334104
vt 0.92797 0.333353
vt 0.927918 0.334104
vt 0.927934 0.33493
vt 0.927859 0.33493
vt 0.927859 0.33493
vt 0.927863 0.334105
vt 0.927918 0.334104
vt 0.922883 0.340695
vt 0.922059 0.340698
vt 0.922057 0.340613
vt 0.922057 0.340613
vt 0.922878 0.340611
vt 0.922883 0.340695
vt 0.964372 0.322604
vt 0.964913 0.322569
vt 0.965244 0.322605
vt 0.965247 0.340023
vt 0.964499 0.340048
vt 0.964346 0.340018
vt 0.937536 0.344705
vt 0.937569 0.345168
vt 0.936981 0.344195
vt 0.933507 0.345728
vt 0.933572 0.344015
vt 0.933904 0.344002
vt 0.921312 0.326649
vt 0.921444 0.328832
vt 0.920982 0.328781
vt 0.920982 0.328781
vt 0.920982 0.326632
vt 0.921312 0.326649
vt 0.934582 0.345753
vt 0.935338 0.340779
vt 0.93516 0.345762
vt 0.925011 0.323154
vt 0.925759 0.323209
vt 0.924807 0.323205
vt 0.925011 0.323154
vt 0.924808 0.323096
vt 0.925854 0.323132
vt 0.925776 0.323068
vt 0.925854 0.323132
vt 0.924808 0.323096
vt 0.937666 0.342959
vt 0.937609 0.343416
vt 0.937608 0.342207
vt 0.937534 0.341763
vt 0.937608 0.342207
vt 0.937609 0.343416
vt 0.937516 0.342189
vt 0.937534 0.341763
vt 0.937609 0.343416
vt 0.928086 0.331372
vt 0.927957 0.332691
vt 0.928066 0.330815
vt 0.925757 0.34068
vt 0.926178 0.340746
vt 0.9243 0.340743
vt 0.917939 0.314813
vt 0.917904 0.314304
vt 0.917939 0.313356
vt 0.924808 0.340697
vt 0.924798 0.34064
vt 0.925757 0.34068
vt 0.925796 0.340591
vt 0.925757 0.34068
vt 0.924798 0.34064
vt 0.924798 0.34064
vt 0.924922 0.340583
vt 0.925796 0.340591
vt 0.962517 0.322605
vt 0.962852 0.322625
vt 0.961833 0.322615
vt 0.961833 0.322615
vt 0.961388 0.322578
vt 0.962856 0.322586
vt 0.962856 0.322586
vt 0.962517 0.322605
vt 0.961833 0.322615
vt 0.962321 0.340061
vt 0.961626 0.340023
vt 0.962533 0.34002
vt 0.930938 0.329282
vt 0.930933 0.335527
vt 0.930365 0.329283
vt 0.936967 0.342308
vt 0.936409 0.343327
vt 0.936414 0.340739
vt 0.96115 0.322635
vt 0.960988 0.322607
vt 0.961833 0.322615
vt 0.961388 0.322578
vt 0.961833 0.322615
vt 0.960988 0.322607
vt 0.925558 0.342694
vt 0.925006 0.343027
vt 0.924939 0.340836
vt 0.925759 0.323209
vt 0.925854 0.323132
vt 0.926929 0.323184
vt 0.926939 0.32308
vt 0.926929 0.323184
vt 0.925854 0.323132
vt 0.925854 0.323132
vt 0.925776 0.323068
vt 0.926939 0.32308
vt 0.937534 0.341763
vt 0.937557 0.341274
vt 0.937608 0.342207
vt 0.936414 0.340739
vt 0.936924 0.340671
vt 0.936967 0.342308
vt 0.928066 0.330815
vt 0.928169 0.330149
vt 0.928086 0.331372
vt 0.926178 0.340746
vt 0.925757 0.34068
vt 0.926745 0.340702
vt 0.926724 0.340644
vt 0.926745 0.340702
vt 0.925757 0.34068
vt 0.925757 0.34068
vt 0.925796 0.340591
vt 0.926883 0.340589
vt 0.926883 0.340589
vt 0.926724 0.340644
vt 0.925757 0.34068
vt 0.924939 0.340836
vt 0.925453 0.340865
vt 0.925558 0.342694
vt 0.961626 0.340023
vt 0.961377 0.340066
vt 0.960424 0.340063
vt 0.960424 0.340063
vt 0.961132 0.340012
vt 0.961626 0.340023
vt 0.917794 0.325181
vt 0.917746 0.32585
vt 0.917746 0.324296
vt 0.911395 0.325407
vt 0.911337 0.324843
vt 0.911395 0.32385
vt 0.911305 0.32387
vt 0.911395 0.32385
vt 0.911337 0.324843
vt 0.926745 0.340702
vt 0.926724 0.340644
vt 0.927718 0.340656
vt 0.927734 0.340612
vt 0.927718 0.340656
vt 0.926724 0.340644
vt 0.926724 0.340644
vt 0.926883 0.340589
vt 0.927734 0.340612
vt 0.962856 0.322586
vt 0.962852 0.322625
vt 0.962517 0.322605
vt 0.963053 0.340035
vt 0.962916 0.340076
vt 0.962321 0.340061
vt 0.962321 0.340061
vt 0.962533 0.34002
vt 0.963053 0.340035
vt 0.921449 0.32257
vt 0.921312 0.326334
vt 0.920366 0.326334
vt 0.917905 0.304794
vt 0.917917 0.308605
vt 0.917896 0.31113
vt 0.932643 0.335584
vt 0.932651 0.341793
vt 0.930845 0.341801
vt 0.930845 0.341801
vt 0.930851 0.335581
vt 0.932643 0.335584
vt 0.937569 0.345168
vt 0.937536 0.344705
vt 0.937543 0.344382
vt 0.92797 0.333353
vt 0.928006 0.333949
vt 0.928001 0.334336
vt 0.926204 0.344897
vt 0.926234 0.344853
vt 0.926207 0.345855
vt 0.965247 0.340023
vt 0.965793 0.340098
vt 0.964499 0.340048
vt 0.928522 0.341789
vt 0.929106 0.339232
vt 0.9291 0.341784
vt 0.910545 0.322613
vt 0.910471 0.322093
vt 0.910474 0.321548
vt 0.9247 0.34078
vt 0.924939 0.340836
vt 0.924414 0.340806
vt 0.918999 0.322242
vt 0.918994 0.304866
vt 0.919021 0.304794
vt 0.917801 0.304798
vt 0.917822 0.304868
vt 0.91776 0.304889
vt 0.954822 0.322821
vt 0.95573 0.322687
vt 0.955454 0.340228
vt 0.954734 0.322867
vt 0.954822 0.322821
vt 0.955454 0.340228
vt 0.954734 0.34001
vt 0.954734 0.322867
vt 0.955454 0.340228
vt 0.917899 0.311805
vt 0.917875 0.311192
vt 0.917899 0.311131
vt 0.954734 0.34001
vt 0.955454 0.340228
vt 0.954785 0.340126
vt 0.927749 0.322192
vt 0.927749 0.322129
vt 0.927792 0.322124
vt 0.954734 0.34001
vt 0.954785 0.340126
vt 0.954742 0.340059
vt 0.917861 0.31984
vt 0.917805 0.320135
vt 0.917808 0.319541
vt 0.914514 0.286575
vt 0.915091 0.304712
vt 0.914493 0.304769
vt 0.929733 0.335589
vt 0.929674 0.34179
vt 0.929106 0.339232
vt 0.917859 0.317898
vt 0.917814 0.317966
vt 0.917878 0.31738
vt 0.910542 0.321881
vt 0.910577 0.321573
vt 0.910577 0.322098
vt 0.910542 0.321881
vt 0.910545 0.322613
vt 0.910474 0.321548
vt 0.91768 0.305804
vt 0.917714 0.306062
vt 0.917701 0.306641
vt 0.917701 0.306641
vt 0.917644 0.307155
vt 0.91768 0.305804
vt 0.937543 0.344382
vt 0.936981 0.344195
vt 0.936967 0.342308
vt 0.936967 0.342308
vt 0.937516 0.342189
vt 0.937543 0.344382
vt 0.925453 0.340865
vt 0.925986 0.340907
vt 0.926044 0.341603
vt 0.926204 0.344897
vt 0.925597 0.345796
vt 0.925558 0.342694
vt 0.925558 0.342694
vt 0.926167 0.343578
vt 0.926204 0.344897
vt 0.937618 0.345605
vt 0.936916 0.345707
vt 0.936981 0.344195
vt 0.936981 0.344195
vt 0.937569 0.345168
vt 0.937618 0.345605
vt 0.928594 0.337633
vt 0.927977 0.338903
vt 0.928051 0.337376
vt 0.928169 0.330149
vt 0.928764 0.329267
vt 0.92868 0.331033
vt 0.928051 0.337376
vt 0.9287 0.335579
vt 0.928594 0.337633
vt 0.928586 0.333599
vt 0.927997 0.334926
vt 0.928001 0.334336
vt 0.936409 0.343327
vt 0.936334 0.34574
vt 0.935768 0.345759
vt 0.935768 0.345759
vt 0.935871 0.340757
vt 0.936409 0.343327
vt 0.928522 0.341789
vt 0.927926 0.34179
vt 0.927927 0.3409
vt 0.936414 0.340739
vt 0.936409 0.343327
vt 0.935871 0.340757
vt 0.924939 0.340836
vt 0.925006 0.343027
vt 0.924414 0.340806
vt 0.92868 0.331033
vt 0.928086 0.331372
vt 0.928169 0.330149
vt 0.928586 0.333599
vt 0.928001 0.334336
vt 0.928006 0.333949
vt 0.927997 0.334926
vt 0.928586 0.333599
vt 0.928589 0.335546
vt 0.928589 0.335546
vt 0.927908 0.335541
vt 0.927997 0.334926
vt 0.9291 0.341784
vt 0.929106 0.339232
vt 0.929674 0.34179
vt 0.925597 0.345796
vt 0.926204 0.344897
vt 0.926207 0.345855
vt 0.956333 0.340364
vt 0.95573 0.322687
vt 0.957077 0.322569
vt 0.929172 0.335545
vt 0.929182 0.332944
vt 0.929773 0.335546
vt 0.924419 0.345744
vt 0.924414 0.340806
vt 0.925006 0.343027
vt 0.925006 0.343027
vt 0.925013 0.345772
vt 0.924419 0.345744
vt 0.929182 0.332944
vt 0.929289 0.329277
vt 0.929806 0.329268
vt 0.929106 0.339232
vt 0.929214 0.335589
vt 0.929733 0.335589
vt 0.929806 0.329268
vt 0.929773 0.335546
vt 0.929182 0.332944
vt 0.935338 0.340779
vt 0.935203 0.34074
vt 0.935871 0.340757
vt 0.9247 0.34078
vt 0.924414 0.340806
vt 0.923868 0.34078
vt 0.923868 0.34078
vt 0.923634 0.340746
vt 0.9247 0.34078
vt 0.917814 0.317966
vt 0.917785 0.317664
vt 0.917799 0.316598
vt 0.917799 0.316598
vt 0.917862 0.316724
vt 0.917814 0.317966
vt 0.913756 0.286544
vt 0.913907 0.286525
vt 0.914514 0.286575
vt 0.930345 0.335531
vt 0.930501 0.33556
vt 0.929773 0.335546
vt 0.917715 0.307235
vt 0.917686 0.307368
vt 0.917701 0.306641
vt 0.917901 0.318955
vt 0.917939 0.319121
vt 0.917901 0.319697
vt 0.917805 0.320135
vt 0.917861 0.31984
vt 0.917807 0.320876
vt 0.914514 0.286575
vt 0.914493 0.304769
vt 0.913766 0.304794
vt 0.913766 0.304794
vt 0.913756 0.286544
vt 0.914514 0.286575
vt 0.929674 0.34179
vt 0.929733 0.335589
vt 0.930277 0.33559
vt 0.930277 0.33559
vt 0.930265 0.341802
vt 0.929674 0.34179
vt 0.917862 0.316724
vt 0.917901 0.316822
vt 0.917878 0.31738
vt 0.917878 0.31738
vt 0.917814 0.317966
vt 0.917862 0.316724
vt 0.910698 0.315937
vt 0.91067 0.316247
vt 0.91067 0.315317
vt 0.910431 0.321439
vt 0.910463 0.321519
vt 0.910471 0.322067
vt 0.910474 0.321548
vt 0.910573 0.320944
vt 0.910542 0.321881
vt 0.917644 0.307155
vt 0.917701 0.306641
vt 0.917686 0.307368
vt 0.935871 0.340757
vt 0.935768 0.345759
vt 0.93516 0.345762
vt 0.93516 0.345762
vt 0.935338 0.340779
vt 0.935871 0.340757
vt 0.911051 0.322741
vt 0.910964 0.322687
vt 0.911051 0.322181
vt 0.937618 0.345605
vt 0.937498 0.345662
vt 0.936916 0.345707
vt 0.915671 0.304636
vt 0.915091 0.304712
vt 0.916344 0.304484
vt 0.916244 0.286824
vt 0.916344 0.304484
vt 0.915091 0.304712
vt 0.915091 0.304712
vt 0.915663 0.286707
vt 0.916244 0.286824
vt 0.927927 0.3409
vt 0.927977 0.338903
vt 0.928594 0.337633
vt 0.928594 0.337633
vt 0.928522 0.341789
vt 0.927927 0.3409
vt 0.917814 0.317966
vt 0.917859 0.317898
vt 0.917795 0.318422
vt 0.917795 0.318422
vt 0.917656 0.318955
vt 0.917814 0.317966
vt 0.910542 0.321881
vt 0.910577 0.322098
vt 0.910545 0.322613
vt 0.91768 0.305804
vt 0.917759 0.305476
vt 0.917714 0.306062
vt 0.92803 0.332895
vt 0.928086 0.331372
vt 0.92868 0.331033
vt 0.92868 0.331033
vt 0.928586 0.333599
vt 0.92803 0.332895
vt 0.928169 0.330149
vt 0.928231 0.329268
vt 0.928764 0.329267
vt 0.928006 0.333949
vt 0.92803 0.332895
vt 0.928586 0.333599
vt 0.936334 0.34574
vt 0.936409 0.343327
vt 0.936981 0.344195
vt 0.936967 0.342308
vt 0.936924 0.340671
vt 0.937516 0.342189
vt 0.925558 0.342694
vt 0.925453 0.340865
vt 0.926108 0.342358
vt 0.928051 0.337376
vt 0.92817 0.335578
vt 0.9287 0.335579
vt 0.937543 0.344382
vt 0.937536 0.344705
vt 0.936981 0.344195
vt 0.95573 0.322687
vt 0.956333 0.340364
vt 0.955454 0.340228
vt 0.929182 0.332944
vt 0.929172 0.335545
vt 0.928586 0.333599
vt 0.936967 0.342308
vt 0.936981 0.344195
vt 0.936409 0.343327
vt 0.925013 0.345772
vt 0.925006 0.343027
vt 0.925558 0.342694
vt 0.925558 0.342694
vt 0.925597 0.345796
vt 0.925013 0.345772
vt 0.936981 0.344195
vt 0.936916 0.345707
vt 0.936334 0.34574
vt 0.929289 0.329277
vt 0.929182 0.332944
vt 0.92868 0.331033
vt 0.929214 0.335589
vt 0.929106 0.339232
vt 0.928594 0.337633
vt 0.92868 0.331033
vt 0.928764 0.329267
vt 0.929289 0.329277
vt 0.928594 0.337633
vt 0.9287 0.335579
vt 0.929214 0.335589
vt 0.928589 0.335546
vt 0.928586 0.333599
vt 0.929172 0.335545
vt 0.917862 0.316724
vt 0.917884 0.316249
vt 0.917901 0.316822
vt 0.910463 0.321519
vt 0.910431 0.321439
vt 0.910471 0.320944
vt 0.917644 0.307155
vt 0.917686 0.307368
vt 0.917805 0.309599
vt 0.923253 0.345741
vt 0.923294 0.340786
vt 0.923868 0.34078
vt 0.923868 0.34078
vt 0.923842 0.345743
vt 0.923253 0.345741
vt 0.935203 0.34074
vt 0.935338 0.340779
vt 0.934768 0.340771
vt 0.923294 0.340786
vt 0.923634 0.340746
vt 0.923868 0.34078
vt 0.913756 0.286544
vt 0.91333 0.286513
vt 0.913907 0.286525
vt 0.930501 0.33556
vt 0.930345 0.335531
vt 0.930933 0.335527
vt 0.917686 0.307368
vt 0.917715 0.307235
vt 0.91774 0.307815
vt 0.917971 0.322105
vt 0.917921 0.322532
vt 0.917921 0.321944
vt 0.934768 0.340771
vt 0.934582 0.345753
vt 0.933904 0.344002
vt 0.930345 0.335531
vt 0.930365 0.329283
vt 0.930933 0.335527
vt 0.933507 0.345728
vt 0.933904 0.344002
vt 0.934582 0.345753
vt 0.930933 0.335527
vt 0.930938 0.329282
vt 0.932758 0.329271
vt 0.932902 0.340685
vt 0.934768 0.340771
vt 0.933914 0.34375
vt 0.932966 0.343728
vt 0.932902 0.340685
vt 0.933914 0.34375
vt 0.930851 0.335581
vt 0.930845 0.341801
vt 0.930265 0.341802
vt 0.930265 0.341802
vt 0.930277 0.33559
vt 0.930851 0.335581
vt 0.942527 0.340225
vt 0.942328 0.322795
vt 0.943846 0.322793
vt 0.943846 0.322793
vt 0.94382 0.340207
vt 0.942527 0.340225
vt 0.939066 0.340223
vt 0.939065 0.322732
vt 0.93968 0.322803
vt 0.93968 0.322803
vt 0.939687 0.340208
vt 0.939066 0.340223
vt 0.944721 0.340212
vt 0.944718 0.322794
vt 0.945269 0.322774
vt 0.945269 0.322774
vt 0.945259 0.340226
vt 0.944721 0.340212
vt 0.941801 0.340227
vt 0.940676 0.340211
vt 0.941228 0.322821
vt 0.93968 0.322803
vt 0.940467 0.322807
vt 0.940676 0.340211
vt 0.940676 0.340211
vt 0.939687 0.340208
vt 0.93968 0.322803
vt 0.943846 0.322793
vt 0.944718 0.322794
vt 0.944721 0.340212
vt 0.944721 0.340212
vt 0.94382 0.340207
vt 0.943846 0.322793
vt 0.941801 0.340227
vt 0.941228 0.322821
vt 0.942328 0.322795
vt 0.940676 0.340211
vt 0.940467 0.322807
vt 0.941228 0.322821
vt 0.942328 0.322795
vt 0.942527 0.340225
vt 0.941801 0.340227
vt 0.962968 0.322168
vt 0.962768 0.304758
vt 0.964288 0.304736
vt 0.964288 0.304736
vt 0.964261 0.32215
vt 0.962968 0.322168
vt 0.959507 0.322166
vt 0.959505 0.304702
vt 0.960122 0.304746
vt 0.960122 0.304746
vt 0.960129 0.322152
vt 0.959507 0.322166
vt 0.965163 0.322155
vt 0.965159 0.304738
vt 0.96571 0.304719
vt 0.96571 0.304719
vt 0.965705 0.32217
vt 0.965163 0.322155
vt 0.961065 0.304767
vt 0.961748 0.304748
vt 0.961541 0.322156
vt 0.961541 0.322156
vt 0.961047 0.322144
vt 0.961065 0.304767
vt 0.960122 0.304746
vt 0.961065 0.304767
vt 0.961047 0.322144
vt 0.961047 0.322144
vt 0.960129 0.322152
vt 0.960122 0.304746
vt 0.964288 0.304736
vt 0.965159 0.304738
vt 0.965163 0.322155
vt 0.965163 0.322155
vt 0.964261 0.32215
vt 0.964288 0.304736
vt 0.961541 0.322156
vt 0.961748 0.304748
vt 0.962768 0.304758
vt 0.962768 0.304758
vt 0.962448 0.322153
vt 0.961541 0.322156
vt 0.962768 0.304758
vt 0.962968 0.322168
vt 0.962448 0.322153
vt 0.959738 0.303924
vt 0.959537 0.286514
vt 0.961057 0.286493
vt 0.961057 0.286493
vt 0.961031 0.303906
vt 0.959738 0.303924
vt 0.956277 0.303923
vt 0.956274 0.28647
vt 0.956891 0.286502
vt 0.956891 0.286502
vt 0.956898 0.303908
vt 0.956277 0.303923
vt 0.961932 0.303912
vt 0.961929 0.286494
vt 0.962507 0.286512
vt 0.962507 0.286512
vt 0.962475 0.303958
vt 0.961932 0.303912
vt 0.957834 0.286523
vt 0.958517 0.286504
vt 0.958311 0.303912
vt 0.958311 0.303912
vt 0.957817 0.303901
vt 0.957834 0.286523
vt 0.956891 0.286502
vt 0.957834 0.286523
vt 0.957817 0.303901
vt 0.957817 0.303901
vt 0.956898 0.303908
vt 0.956891 0.286502
vt 0.961057 0.286493
vt 0.961929 0.286494
vt 0.961932 0.303912
vt 0.961932 0.303912
vt 0.961031 0.303906
vt 0.961057 0.286493
vt 0.958311 0.303912
vt 0.958517 0.286504
vt 0.959537 0.286514
vt 0.959537 0.286514
vt 0.959218 0.303909
vt 0.958311 0.303912
vt 0.959537 0.286514
vt 0.959738 0.303924
vt 0.959218 0.303909
vt 0.963053 0.340035
vt 0.962852 0.322625
vt 0.964372 0.322604
vt 0.964372 0.322604
vt 0.964346 0.340018
vt 0.963053 0.340035
vt 0.959592 0.340034
vt 0.959589 0.322569
vt 0.960206 0.322614
vt 0.960206 0.322614
vt 0.960213 0.340019
vt 0.959592 0.340034
vt 0.965247 0.340023
vt 0.965244 0.322605
vt 0.96579 0.32261
vt 0.96579 0.32261
vt 0.96579 0.340038
vt 0.965247 0.340023
vt 0.96115 0.322635
vt 0.961833 0.322615
vt 0.961626 0.340023
vt 0.961626 0.340023
vt 0.961132 0.340012
vt 0.96115 0.322635
vt 0.960206 0.322614
vt 0.96115 0.322635
vt 0.961132 0.340012
vt 0.961132 0.340012
vt 0.960213 0.340019
vt 0.960206 0.322614
vt 0.964372 0.322604
vt 0.965244 0.322605
vt 0.965247 0.340023
vt 0.965247 0.340023
vt 0.964346 0.340018
vt 0.964372 0.322604
vt 0.961626 0.340023
vt 0.961833 0.322615
vt 0.962852 0.322625
vt 0.962852 0.322625
vt 0.962533 0.34002
vt 0.961626 0.340023
vt 0.962852 0.322625
vt 0.963053 0.340035
vt 0.962533 0.34002
vt 0.911411 0.34037
vt 0.911434 0.322896
vt 0.912038 0.32296
vt 0.912038 0.32296
vt 0.912019 0.340393
vt 0.911411 0.34037
vt 0.914884 0.340363
vt 0.91386 0.340436
vt 0.913889 0.32292
vt 0.913889 0.32292
vt 0.91477 0.322985
vt 0.914884 0.340363
vt 0.91771 0.32296
vt 0.917696 0.340392
vt 0.916846 0.340369
vt 0.916846 0.340369
vt 0.916891 0.322964
vt 0.91771 0.32296
vt 0.913889 0.32292
vt 0.91386 0.340436
vt 0.912841 0.340391
vt 0.912841 0.340391
vt 0.912858 0.322957
vt 0.913889 0.32292
vt 0.915758 0.340371
vt 0.914884 0.340363
vt 0.915721 0.322989
vt 0.912841 0.340391
vt 0.912019 0.340393
vt 0.912038 0.32296
vt 0.912038 0.32296
vt 0.912858 0.322957
vt 0.912841 0.340391
vt 0.914884 0.340363
vt 0.91477 0.322985
vt 0.915721 0.322989
vt 0.915758 0.340371
vt 0.915721 0.322989
vt 0.916891 0.322964
vt 0.916891 0.322964
vt 0.916846 0.340369
vt 0.915758 0.340371
vt 0.936231 0.340494
vt 0.935206 0.340566
vt 0.935235 0.323051
vt 0.935235 0.323051
vt 0.936116 0.323115
vt 0.936231 0.340494
vt 0.939055 0.323091
vt 0.939043 0.340522
vt 0.938192 0.3405
vt 0.938192 0.3405
vt 0.938238 0.323095
vt 0.939055 0.323091
vt 0.935235 0.323051
vt 0.935206 0.340566
vt 0.934187 0.340521
vt 0.934187 0.340521
vt 0.934205 0.323088
vt 0.935235 0.323051
vt 0.937104 0.340501
vt 0.936231 0.340494
vt 0.937068 0.323119
vt 0.934187 0.340521
vt 0.933366 0.340524
vt 0.933385 0.32309
vt 0.933385 0.32309
vt 0.934205 0.323088
vt 0.934187 0.340521
vt 0.936231 0.340494
vt 0.936116 0.323115
vt 0.937068 0.323119
vt 0.937104 0.340501
vt 0.937068 0.323119
vt 0.938238 0.323095
vt 0.938238 0.323095
vt 0.938192 0.3405
vt 0.937104 0.340501
vt 0.932758 0.340501
vt 0.932779 0.323035
vt 0.933385 0.32309
vt 0.933385 0.32309
vt 0.933366 0.340524
vt 0.932758 0.340501
vt 0.945269 0.340129
vt 0.945292 0.322655
vt 0.945897 0.322718
vt 0.945897 0.322718
vt 0.945877 0.340152
vt 0.945269 0.340129
vt 0.948742 0.340122
vt 0.947718 0.340194
vt 0.947747 0.322679
vt 0.947747 0.322679
vt 0.948628 0.322743
vt 0.948742 0.340122
vt 0.95157 0.322748
vt 0.951555 0.34015
vt 0.950704 0.340128
vt 0.950704 0.340128
vt 0.95075 0.322723
vt 0.95157 0.322748
vt 0.947747 0.322679
vt 0.947718 0.340194
vt 0.946699 0.340149
vt 0.946699 0.340149
vt 0.946716 0.322716
vt 0.947747 0.322679
vt 0.949616 0.340129
vt 0.948742 0.340122
vt 0.949579 0.322747
vt 0.946699 0.340149
vt 0.945877 0.340152
vt 0.945897 0.322718
vt 0.945897 0.322718
vt 0.946716 0.322716
vt 0.946699 0.340149
vt 0.948742 0.340122
vt 0.948628 0.322743
vt 0.949579 0.322747
vt 0.949616 0.340129
vt 0.949579 0.322747
vt 0.95075 0.322723
vt 0.95075 0.322723
vt 0.950704 0.340128
vt 0.949616 0.340129
vt 0.921449 0.34059
vt 0.921471 0.323116
vt 0.922076 0.32318
vt 0.922076 0.32318
vt 0.922057 0.340613
vt 0.921449 0.34059
vt 0.924922 0.340583
vt 0.923898 0.340656
vt 0.923926 0.323141
vt 0.923926 0.323141
vt 0.924807 0.323205
vt 0.924922 0.340583
vt 0.927746 0.323181
vt 0.927734 0.340612
vt 0.926883 0.340589
vt 0.926883 0.340589
vt 0.926929 0.323184
vt 0.927746 0.323181
vt 0.923926 0.323141
vt 0.923898 0.340656
vt 0.922878 0.340611
vt 0.922878 0.340611
vt 0.922896 0.323177
vt 0.923926 0.323141
vt 0.925796 0.340591
vt 0.924922 0.340583
vt 0.925759 0.323209
vt 0.922878 0.340611
vt 0.922057 0.340613
vt 0.922076 0.32318
vt 0.922076 0.32318
vt 0.922896 0.323177
vt 0.922878 0.340611
vt 0.924922 0.340583
vt 0.924807 0.323205
vt 0.925759 0.323209
vt 0.925796 0.340591
vt 0.925759 0.323209
vt 0.926929 0.323184
vt 0.926929 0.323184
vt 0.926883 0.340589
vt 0.925796 0.340591
f 2/1 3/2 11/3
f 1/4 2/5 11/6
f 7/7 6/8 11/9
f 49/10 7/11 11/12
f 8/13 5/14 2/15
f 9/16 8/17 2/18
f 4/19 9/20 2/21
f 2/22 1/23 4/24
f 26/25 58/26 57/27
f 26/28 59/29 58/30
f 59/31 26/32 27/33
f 29/34 61/35 28/36
f 29/37 62/38 61/39
f 29/40 63/41 62/42
f 12/43 85/44 48/45
f 15/46 123/47 47/48
f 92/49 79/50 67/51
f 87/52 67/53 79/54
f 22/55 23/56 30/57
f 30/58 19/59 22/60
f 80/61 107/62 69/63
f 69/64 68/65 80/66
f 70/67 69/68 107/69
f 32/70 30/71 31/72
f 10/73 21/74 25/75
f 20/76 90/77 23/78
f 173/79 50/80 81/81
f 50/82 124/83 81/84
f 104/85 25/86 24/87
f 174/88 163/89 22/90
f 20/91 22/92 163/93
f 163/94 141/95 20/96
f 22/97 20/98 23/99
f 149/100 126/101 139/102
f 124/103 24/104 149/105
f 149/106 139/107 124/108
f 150/109 129/110 128/111
f 19/112 30/113 32/114
f 19/115 32/116 18/117
f 144/118 56/119 130/120
f 152/121 130/122 131/123
f 85/124 12/125 34/126
f 34/127 122/128 85/129
f 108/130 121/131 123/132
f 119/133 81/134 15/135
f 14/136 13/137 12/138
f 14/139 12/140 15/141
f 129/142 150/143 127/144
f 81/145 119/146 37/147
f 40/148 41/149 42/150
f 40/151 42/152 118/153
f 118/154 48/155 85/156
f 118/157 85/158 122/159
f 40/160 118/161 122/162
f 40/163 122/164 39/165
f 44/166 45/167 46/168
f 44/169 46/170 120/171
f 120/172 47/173 123/174
f 120/175 123/176 121/177
f 44/178 120/179 121/180
f 44/181 121/182 43/183
f 35/184 34/185 90/186
f 122/187 34/188 39/189
f 40/190 39/191 34/192
f 34/193 35/194 40/195
f 41/196 40/197 35/198
f 35/199 36/200 41/201
f 42/202 41/203 36/204
f 36/205 33/206 42/207
f 118/208 42/209 33/210
f 121/211 108/212 43/213
f 44/214 43/215 108/216
f 108/217 38/218 44/219
f 45/220 44/221 38/222
f 38/223 37/224 45/225
f 46/226 45/227 37/228
f 37/229 119/230 46/231
f 120/232 46/233 119/234
f 138/235 153/236 162/237
f 30/238 23/239 166/240
f 166/241 171/242 30/243
f 90/244 165/245 164/246
f 165/247 90/248 20/249
f 20/250 141/251 165/252
f 156/253 155/254 24/255
f 23/256 167/257 166/258
f 167/259 23/260 81/261
f 81/262 124/263 167/264
f 175/265 12/266 48/267
f 169/268 123/269 15/270
f 12/271 175/272 168/273
f 15/274 170/275 169/276
f 144/277 18/278 32/279
f 32/280 56/281 144/282
f 172/283 19/284 18/285
f 18/286 54/287 172/288
f 153/289 154/290 16/291
f 16/292 181/293 153/294
f 56/295 31/296 30/297
f 30/298 171/299 56/300
f 56/301 32/302 31/303
f 175/304 164/305 82/306
f 108/307 123/308 169/309
f 170/310 15/311 12/312
f 12/313 168/314 170/315
f 164/316 33/317 36/318
f 169/319 38/320 108/321
f 27/322 71/323 89/324
f 23/325 90/326 13/327
f 81/328 23/329 14/330
f 14/331 15/332 81/333
f 60/334 112/335 91/336
f 28/337 91/338 112/339
f 92/340 102/341 79/342
f 132/343 157/344 161/345
f 96/346 97/347 10/348
f 21/349 10/350 97/351
f 97/352 76/353 21/354
f 24/355 25/356 106/357
f 84/358 106/359 25/360
f 86/361 87/362 181/363
f 145/364 55/365 83/366
f 83/367 142/368 145/369
f 17/370 180/371 88/372
f 12/373 13/374 90/375
f 13/376 14/377 23/378
f 34/379 12/380 90/381
f 110/382 111/383 26/384
f 27/385 26/386 111/387
f 111/388 49/389 27/390
f 71/391 27/392 49/393
f 112/394 60/395 72/396
f 112/397 114/398 28/399
f 29/400 28/401 114/402
f 114/403 115/404 29/405
f 115/406 116/407 29/408
f 58/409 74/410 73/411
f 95/412 80/413 159/414
f 95/415 64/416 80/417
f 64/418 95/419 66/420
f 89/421 21/422 76/423
f 21/424 89/425 148/426
f 105/427 102/428 101/429
f 102/430 105/431 21/432
f 106/433 95/434 149/435
f 84/436 66/437 106/438
f 124/439 50/440 52/441
f 52/442 143/443 124/444
f 110/445 6/446 7/447
f 7/448 111/449 110/450
f 111/451 7/452 49/453
f 113/454 5/455 8/456
f 8/457 112/458 113/459
f 8/460 114/461 112/462
f 114/463 8/464 9/465
f 9/466 115/467 114/468
f 115/469 9/470 4/471
f 4/472 116/473 115/474
f 67/475 87/476 86/477
f 88/478 69/479 70/480
f 117/481 49/482 160/483
f 48/484 118/485 33/486
f 119/487 15/488 47/489
f 47/490 120/491 119/492
f 175/493 82/494 53/495
f 58/496 73/497 57/498
f 58/499 59/500 74/501
f 75/502 74/503 59/504
f 59/505 27/506 75/507
f 76/508 75/509 27/510
f 89/511 76/512 27/513
f 91/514 28/515 77/516
f 78/517 77/518 28/519
f 28/520 61/521 78/522
f 61/523 62/524 78/525
f 65/526 78/527 62/528
f 62/529 63/530 65/531
f 94/532 92/533 93/534
f 94/535 102/536 92/537
f 173/538 169/539 50/540
f 158/541 136/542 125/543
f 94/544 93/545 101/546
f 102/547 94/548 101/549
f 159/550 137/551 126/552
f 73/553 74/554 96/555
f 97/556 96/557 74/558
f 74/559 75/560 97/561
f 76/562 97/563 75/564
f 125/565 148/566 158/567
f 77/568 103/569 91/570
f 77/571 78/572 98/573
f 99/574 98/575 78/576
f 78/577 65/578 100/579
f 100/580 99/581 78/582
f 126/583 149/584 159/585
f 66/586 95/587 106/588
f 103/589 77/590 24/591
f 77/592 98/593 24/594
f 104/595 24/596 98/597
f 98/598 99/599 104/600
f 25/601 104/602 99/603
f 99/604 100/605 25/606
f 107/607 80/608 64/609
f 81/610 37/611 38/612
f 81/613 38/614 169/615
f 22/616 19/617 172/618
f 172/619 174/620 22/621
f 49/622 117/623 71/624
f 112/625 72/626 113/627
f 68/628 69/629 180/630
f 88/631 180/632 69/633
f 153/634 138/635 135/636
f 148/637 125/638 141/639
f 139/640 126/641 142/642
f 179/643 177/644 181/645
f 16/646 154/647 152/648
f 176/649 16/650 152/651
f 181/652 176/653 152/654
f 179/655 181/656 152/657
f 152/658 180/659 178/660
f 179/661 152/662 178/663
f 179/664 178/665 17/666
f 130/667 145/668 131/669
f 129/670 141/671 136/672
f 129/673 127/674 143/675
f 146/676 140/677 138/678
f 133/679 156/680 124/681
f 147/682 146/683 134/684
f 147/685 148/686 141/687
f 154/688 135/689 140/690
f 140/691 144/692 154/693
f 71/694 160/695 158/696
f 158/697 89/698 71/699
f 149/700 24/701 106/702
f 68/703 152/704 159/705
f 159/706 80/707 68/708
f 11/709 150/710 160/711
f 160/712 49/713 11/714
f 162/715 79/716 102/717
f 103/718 155/719 161/720
f 102/721 148/722 162/723
f 157/724 5/725 113/726
f 136/727 128/728 129/729
f 153/730 181/731 87/732
f 125/733 136/734 141/735
f 126/736 137/737 142/738
f 161/739 91/740 103/741
f 157/742 113/743 72/744
f 5/745 157/746 151/747
f 151/748 2/749 5/750
f 135/751 138/752 140/753
f 152/754 68/755 180/756
f 130/757 154/758 144/759
f 127/760 132/761 143/762
f 145/763 142/764 137/765
f 137/766 131/767 145/768
f 132/769 133/770 124/771
f 138/772 134/773 146/774
f 124/775 143/776 132/777
f 82/778 165/779 141/780
f 139/781 142/782 83/783
f 83/784 167/785 139/786
f 124/787 139/788 167/789
f 168/790 53/791 129/792
f 52/793 170/794 143/795
f 109/796 54/797 140/798
f 56/799 55/800 145/801
f 145/802 130/803 56/804
f 141/805 129/806 82/807
f 129/808 143/809 170/810
f 170/811 168/812 129/813
f 140/814 146/815 51/816
f 51/817 109/818 140/819
f 146/820 147/821 163/822
f 163/823 51/824 146/825
f 141/826 163/827 147/828
f 144/829 140/830 54/831
f 53/832 82/833 129/834
f 11/835 3/836 150/837
f 151/838 127/839 2/840
f 3/841 2/842 127/843
f 127/844 150/845 3/846
f 87/847 79/848 162/849
f 162/850 153/851 87/852
f 156/853 133/854 155/855
f 156/856 24/857 124/858
f 147/859 134/860 148/861
f 154/862 153/863 135/864
f 60/865 91/866 161/867
f 161/868 157/869 60/870
f 103/871 24/872 155/873
f 72/874 60/875 157/876
f 128/877 136/878 160/879
f 158/880 148/881 89/882
f 159/883 149/884 95/885
f 102/886 21/887 148/888
f 71/889 117/890 160/891
f 154/892 130/893 152/894
f 132/895 127/896 157/897
f 158/898 160/899 136/900
f 131/901 137/902 159/903
f 159/904 152/905 131/906
f 160/907 150/908 128/909
f 133/910 132/911 161/912
f 134/913 138/914 162/915
f 161/916 155/917 133/918
f 162/919 148/920 134/921
f 151/922 157/923 127/924
f 163/925 174/926 51/927
f 144/928 54/929 18/930
f 171/931 166/932 83/933
f 83/934 55/935 171/936
f 165/937 82/938 164/939
f 166/940 167/941 83/942
f 168/943 175/944 53/945
f 170/946 52/947 169/948
f 54/949 109/950 172/951
f 56/952 171/953 55/954
f 164/955 175/956 33/957
f 52/958 50/959 169/960
f 48/961 33/962 175/963
f 169/964 173/965 81/966
f 90/967 164/968 36/969
f 35/970 90/971 36/972
f 174/973 172/974 109/975
f 109/976 51/977 174/978
f 177/979 179/980 17/981
f 17/982 181/983 177/984
f 199/985 228/986 227/987
f 199/988 229/989 228/990
f 229/991 199/992 200/993
f 203/994 231/995 202/996
f 203/997 232/998 231/999
f 203/1000 233/1001 232/1002
f 184/1003 299/1004 298/1005
f 187/1006 300/1007 297/1008
f 270/1009 272/1010 238/1011
f 272/1012 252/1013 238/1014
f 261/1015 238/1016 252/1017
f 195/1018 196/1019 204/1020
f 204/1021 192/1022 195/1023
f 286/1024 287/1025 240/1026
f 240/1027 239/1028 286/1029
f 241/1030 240/1031 287/1032
f 206/1033 204/1034 205/1035
f 182/1036 194/1037 198/1038
f 193/1039 201/1040 196/1041
f 352/1042 341/1043 254/1044
f 341/1045 301/1046 254/1047
f 283/1048 198/1049 197/1050
f 340/1051 342/1052 195/1053
f 193/1054 195/1055 342/1056
f 342/1057 318/1058 193/1059
f 195/1060 193/1061 196/1062
f 326/1063 303/1064 316/1065
f 301/1066 197/1067 326/1068
f 326/1069 316/1070 301/1071
f 327/1072 306/1073 305/1074
f 192/1075 204/1076 206/1077
f 192/1078 206/1079 191/1080
f 321/1081 226/1082 307/1083
f 329/1084 307/1085 308/1086
f 264/1087 254/1088 187/1089
f 186/1090 185/1091 184/1092
f 186/1093 184/1094 187/1095
f 306/1096 327/1097 304/1098
f 254/1099 264/1100 211/1101
f 214/1102 215/1103 216/1104
f 214/1105 216/1106 263/1107
f 214/1108 263/1109 266/1110
f 214/1111 266/1112 213/1113
f 212/1114 218/1115 219/1116
f 212/1117 219/1118 265/1119
f 212/1120 265/1121 267/1122
f 212/1123 267/1124 217/1125
f 209/1126 208/1127 201/1128
f 266/1129 208/1130 213/1131
f 214/1132 213/1133 208/1134
f 208/1135 209/1136 214/1137
f 215/1138 214/1139 209/1140
f 209/1141 210/1142 215/1143
f 216/1144 215/1145 210/1146
f 210/1147 207/1148 216/1149
f 263/1150 216/1151 207/1152
f 267/1153 259/1154 217/1155
f 212/1156 217/1157 259/1158
f 212/1159 211/1160 218/1161
f 219/1162 218/1163 211/1164
f 211/1165 264/1166 219/1167
f 265/1168 219/1169 264/1170
f 315/1171 330/1172 339/1173
f 204/1174 196/1175 345/1176
f 345/1177 350/1178 204/1179
f 201/1180 344/1181 343/1182
f 344/1183 201/1184 193/1185
f 193/1186 318/1187 344/1188
f 333/1189 332/1190 197/1191
f 196/1192 346/1193 345/1194
f 346/1195 196/1196 254/1197
f 254/1198 301/1199 346/1200
f 353/1201 184/1202 298/1203
f 348/1204 300/1205 187/1206
f 184/1207 353/1208 347/1209
f 187/1210 349/1211 348/1212
f 321/1213 191/1214 206/1215
f 206/1216 226/1217 321/1218
f 351/1219 192/1220 191/1221
f 191/1222 224/1223 351/1224
f 330/1225 331/1226 188/1227
f 188/1228 190/1229 330/1230
f 226/1231 205/1232 204/1233
f 204/1234 350/1235 226/1236
f 226/1237 206/1238 205/1239
f 353/1240 343/1241 256/1242
f 349/1243 187/1244 184/1245
f 184/1246 347/1247 349/1248
f 343/1249 207/1250 210/1251
f 352/1252 212/1253 259/1254
f 200/1255 244/1256 268/1257
f 230/1258 292/1259 269/1260
f 202/1261 269/1262 292/1263
f 272/1264 281/1265 252/1266
f 309/1267 334/1268 338/1269
f 275/1270 276/1271 182/1272
f 194/1273 182/1274 276/1275
f 255/1276 194/1277 276/1278
f 276/1279 248/1280 255/1281
f 197/1282 198/1283 285/1284
f 258/1285 285/1286 198/1287
f 260/1288 261/1289 369/1290
f 190/1291 369/1292 261/1293
f 322/1294 225/1295 257/1296
f 257/1297 319/1298 322/1299
f 363/1300 366/1301 262/1302
f 184/1303 185/1304 201/1305
f 196/1306 201/1307 185/1308
f 185/1309 186/1310 196/1311
f 208/1312 184/1313 201/1314
f 290/1315 291/1316 199/1317
f 200/1318 199/1319 291/1320
f 291/1321 220/1322 200/1323
f 244/1324 200/1325 220/1326
f 292/1327 230/1328 242/1329
f 292/1330 293/1331 202/1332
f 203/1333 202/1334 293/1335
f 293/1336 294/1337 203/1338
f 294/1339 295/1340 203/1341
f 352/1342 348/1343 243/1344
f 228/1345 246/1346 245/1347
f 187/1348 254/1349 186/1350
f 274/1351 286/1352 336/1353
f 274/1354 253/1355 286/1356
f 253/1357 274/1358 237/1359
f 268/1360 255/1361 248/1362
f 255/1363 268/1364 325/1365
f 284/1366 280/1367 236/1368
f 284/1369 281/1370 280/1371
f 281/1372 284/1373 194/1374
f 285/1375 274/1376 326/1377
f 258/1378 273/1379 285/1380
f 243/1381 320/1382 301/1383
f 290/1384 359/1385 360/1386
f 360/1387 291/1388 290/1389
f 291/1390 360/1391 220/1392
f 289/1393 358/1394 361/1395
f 361/1396 292/1397 289/1398
f 361/1399 293/1400 292/1401
f 293/1402 361/1403 362/1404
f 362/1405 294/1406 293/1407
f 294/1408 362/1409 357/1410
f 357/1411 295/1412 294/1413
f 238/1414 261/1415 260/1416
f 262/1417 240/1418 241/1419
f 296/1420 220/1421 337/1422
f 228/1423 245/1424 227/1425
f 228/1426 229/1427 246/1428
f 247/1429 246/1430 229/1431
f 229/1432 200/1433 247/1434
f 248/1435 247/1436 200/1437
f 268/1438 248/1439 200/1440
f 269/1441 202/1442 249/1443
f 250/1444 249/1445 202/1446
f 202/1447 231/1448 250/1449
f 231/1450 232/1451 250/1452
f 235/1453 250/1454 232/1455
f 232/1456 233/1457 235/1458
f 271/1459 270/1460 251/1461
f 251/1462 281/1463 272/1464
f 272/1465 271/1466 251/1467
f 253/1468 237/1469 234/1470
f 335/1471 313/1472 302/1473
f 236/1474 280/1475 251/1476
f 281/1477 251/1478 280/1479
f 336/1480 314/1481 303/1482
f 221/1483 243/1484 301/1485
f 245/1486 246/1487 275/1488
f 276/1489 275/1490 246/1491
f 246/1492 247/1493 276/1494
f 248/1495 276/1496 247/1497
f 302/1498 325/1499 335/1500
f 254/1501 196/1502 186/1503
f 249/1504 282/1505 269/1506
f 249/1507 250/1508 277/1509
f 278/1510 277/1511 250/1512
f 250/1513 235/1514 279/1515
f 279/1516 278/1517 250/1518
f 303/1519 326/1520 336/1521
f 237/1522 274/1523 285/1524
f 285/1525 273/1526 237/1527
f 282/1528 249/1529 197/1530
f 249/1531 277/1532 197/1533
f 283/1534 197/1535 277/1536
f 277/1537 278/1538 283/1539
f 198/1540 283/1541 278/1542
f 278/1543 279/1544 198/1545
f 272/1546 270/1547 271/1548
f 287/1549 286/1550 253/1551
f 253/1552 234/1553 287/1554
f 254/1555 211/1556 212/1557
f 254/1558 212/1559 352/1560
f 195/1561 192/1562 351/1563
f 351/1564 340/1565 195/1566
f 220/1567 296/1568 244/1569
f 292/1570 242/1571 289/1572
f 239/1573 240/1574 366/1575
f 262/1576 366/1577 240/1578
f 223/1579 256/1580 306/1581
f 263/1582 207/1583 298/1584
f 265/1585 264/1586 187/1587
f 187/1588 297/1589 265/1590
f 266/1591 263/1592 298/1593
f 298/1594 299/1595 266/1596
f 267/1597 265/1598 297/1599
f 297/1600 300/1601 267/1602
f 330/1603 315/1604 312/1605
f 298/1606 207/1607 353/1608
f 208/1609 266/1610 299/1611
f 299/1612 184/1613 208/1614
f 259/1615 267/1616 300/1617
f 325/1618 302/1619 318/1620
f 316/1621 303/1622 319/1623
f 367/1624 364/1625 369/1626
f 188/1627 331/1628 329/1629
f 365/1630 188/1631 329/1632
f 369/1633 365/1634 329/1635
f 367/1636 369/1637 329/1638
f 329/1639 366/1640 189/1641
f 367/1642 329/1643 189/1644
f 189/1645 363/1646 368/1647
f 367/1648 189/1649 368/1650
f 307/1651 322/1652 308/1653
f 306/1654 304/1655 320/1656
f 323/1657 317/1658 315/1659
f 310/1660 333/1661 301/1662
f 324/1663 323/1664 311/1665
f 324/1666 325/1667 318/1668
f 331/1669 312/1670 317/1671
f 317/1672 321/1673 331/1674
f 244/1675 337/1676 335/1677
f 335/1678 268/1679 244/1680
f 326/1681 197/1682 285/1683
f 239/1684 329/1685 336/1686
f 336/1687 286/1688 239/1689
f 183/1690 327/1691 337/1692
f 337/1693 220/1694 183/1695
f 339/1696 252/1697 281/1698
f 282/1699 332/1700 338/1701
f 281/1702 325/1703 339/1704
f 334/1705 358/1706 289/1707
f 313/1708 305/1709 306/1710
f 306/1711 318/1712 313/1713
f 330/1714 190/1715 261/1716
f 302/1717 313/1718 318/1719
f 303/1720 314/1721 319/1722
f 338/1723 269/1724 282/1725
f 334/1726 289/1727 242/1728
f 358/1729 334/1730 328/1731
f 328/1732 356/1733 358/1734
f 312/1735 315/1736 317/1737
f 329/1738 239/1739 366/1740
f 307/1741 331/1742 321/1743
f 304/1744 309/1745 320/1746
f 322/1747 319/1748 314/1749
f 314/1750 308/1751 322/1752
f 309/1753 310/1754 301/1755
f 315/1756 311/1757 323/1758
f 301/1759 320/1760 309/1761
f 256/1762 344/1763 318/1764
f 316/1765 319/1766 257/1767
f 257/1768 346/1769 316/1770
f 301/1771 316/1772 346/1773
f 347/1774 223/1775 306/1776
f 243/1777 349/1778 320/1779
f 288/1780 224/1781 317/1782
f 226/1783 225/1784 322/1785
f 322/1786 307/1787 226/1788
f 306/1789 320/1790 349/1791
f 349/1792 347/1793 306/1794
f 317/1795 323/1796 222/1797
f 222/1798 288/1799 317/1800
f 341/1801 221/1802 301/1803
f 323/1804 324/1805 342/1806
f 342/1807 222/1808 323/1809
f 318/1810 342/1811 324/1812
f 321/1813 317/1814 224/1815
f 318/1816 306/1817 256/1818
f 194/1819 255/1820 325/1821
f 328/1822 304/1823 356/1824
f 183/1825 356/1826 304/1827
f 304/1828 327/1829 183/1830
f 261/1831 252/1832 339/1833
f 339/1834 330/1835 261/1836
f 333/1837 310/1838 332/1839
f 333/1840 197/1841 301/1842
f 324/1843 311/1844 325/1845
f 331/1846 330/1847 312/1848
f 230/1849 269/1850 338/1851
f 338/1852 334/1853 230/1854
f 282/1855 197/1856 332/1857
f 242/1858 230/1859 334/1860
f 305/1861 313/1862 337/1863
f 335/1864 325/1865 268/1866
f 336/1867 326/1868 274/1869
f 281/1870 194/1871 325/1872
f 244/1873 296/1874 337/1875
f 331/1876 307/1877 329/1878
f 309/1879 304/1880 334/1881
f 335/1882 337/1883 313/1884
f 308/1885 314/1886 336/1887
f 336/1888 329/1889 308/1890
f 337/1891 327/1892 305/1893
f 310/1894 309/1895 338/1896
f 311/1897 315/1898 339/1899
f 338/1900 332/1901 310/1902
f 339/1903 325/1904 311/1905
f 328/1906 334/1907 304/1908
f 341/1909 352/1910 221/1911
f 342/1912 340/1913 222/1914
f 321/1915 224/1916 191/1917
f 350/1918 345/1919 257/1920
f 257/1921 225/1922 350/1923
f 344/1924 256/1925 343/1926
f 345/1927 346/1928 257/1929
f 347/1930 353/1931 223/1932
f 349/1933 243/1934 348/1935
f 224/1936 288/1937 351/1938
f 226/1939 350/1940 225/1941
f 343/1942 353/1943 207/1944
f 348/1945 352/1946 259/1947
f 243/1948 221/1949 352/1950
f 201/1951 343/1952 210/1953
f 209/1954 201/1955 210/1956
f 340/1957 351/1958 288/1959
f 288/1960 222/1961 340/1962
f 256/1963 223/1964 353/1965
f 259/1966 300/1967 348/1968
f 356/1969 183/1970 355/1971
f 354/1972 356/1973 355/1974
f 360/1975 359/1976 355/1977
f 220/1978 360/1979 355/1980
f 355/1981 183/1982 220/1983
f 361/1984 358/1985 356/1986
f 362/1987 361/1988 356/1989
f 357/1990 362/1991 356/1992
f 356/1993 354/1994 357/1995
f 364/1996 367/1997 363/1998
f 363/1999 369/2000 364/2001
f 188/2002 369/2003 190/2004
f 365/2005 369/2006 188/2007
f 367/2008 368/2009 363/2010
f 371/2011 372/2012 384/2013
f 370/2014 371/2015 384/2016
f 376/2017 375/2018 384/2019
f 426/2020 376/2021 384/2022
f 377/2023 374/2024 371/2025
f 378/2026 377/2027 371/2028
f 373/2029 378/2030 371/2031
f 371/2032 370/2033 373/2034
f 379/2035 381/2036 749/2037
f 749/2038 380/2039 379/2040
f 749/2041 381/2042 390/2043
f 381/2044 382/2045 391/2046
f 404/2047 438/2048 437/2049
f 404/2050 439/2051 438/2052
f 439/2053 404/2054 405/2055
f 408/2056 441/2057 407/2058
f 408/2059 442/2060 441/2061
f 408/2062 443/2063 442/2064
f 385/2065 469/2066 509/2067
f 388/2068 510/2069 508/2070
f 480/2071 482/2072 448/2073
f 482/2074 463/2075 448/2076
f 472/2077 448/2078 463/2079
f 400/2080 401/2081 409/2082
f 409/2083 395/2084 400/2085
f 496/2086 497/2087 450/2088
f 450/2089 449/2090 496/2091
f 451/2092 450/2093 497/2094
f 411/2095 409/2096 410/2097
f 383/2098 399/2099 403/2100
f 397/2101 406/2102 396/2103
f 396/2104 459/2105 397/2106
f 550/2107 430/2108 406/2109
f 398/2110 406/2111 430/2112
f 430/2113 427/2114 398/2115
f 406/2116 398/2117 427/2118
f 493/2119 403/2120 402/2121
f 551/2122 432/2123 400/2124
f 396/2125 400/2126 432/2127
f 432/2128 528/2129 396/2130
f 400/2131 396/2132 406/2133
f 406/2134 401/2135 400/2136
f 537/2137 512/2138 526/2139
f 521/2140 402/2141 537/2142
f 537/2143 526/2144 521/2145
f 538/2146 515/2147 514/2148
f 395/2149 409/2150 411/2151
f 395/2152 411/2153 394/2154
f 531/2155 436/2156 516/2157
f 540/2158 516/2159 517/2160
f 413/2161 477/2162 469/2163
f 475/2164 406/2165 388/2166
f 387/2167 386/2168 385/2169
f 387/2170 385/2171 388/2172
f 515/2173 538/2174 513/2175
f 406/2176 475/2177 416/2178
f 419/2179 420/2180 421/2181
f 419/2182 421/2183 474/2184
f 419/2185 474/2186 477/2187
f 419/2188 477/2189 418/2190
f 423/2191 424/2192 425/2193
f 423/2194 425/2195 507/2196
f 507/2197 508/2198 476/2199
f 423/2200 507/2201 476/2202
f 423/2203 476/2204 422/2205
f 414/2206 413/2207 459/2208
f 477/2209 413/2210 418/2211
f 419/2212 418/2213 413/2214
f 413/2215 414/2216 419/2217
f 420/2218 419/2219 414/2220
f 414/2221 415/2222 420/2223
f 421/2224 420/2225 415/2226
f 415/2227 412/2228 421/2229
f 474/2230 421/2231 412/2232
f 476/2233 470/2234 422/2235
f 423/2236 422/2237 470/2238
f 470/2239 417/2240 423/2241
f 424/2242 423/2243 417/2244
f 417/2245 416/2246 424/2247
f 425/2248 424/2249 416/2250
f 416/2251 475/2252 425/2253
f 507/2254 425/2255 475/2256
f 525/2257 541/2258 549/2259
f 409/2260 401/2261 553/2262
f 553/2263 558/2264 409/2265
f 459/2266 428/2267 552/2268
f 428/2269 459/2270 396/2271
f 396/2272 528/2273 428/2274
f 401/2275 554/2276 553/2277
f 554/2278 401/2279 406/2280
f 406/2281 427/2282 554/2283
f 560/2284 385/2285 509/2286
f 556/2287 510/2288 388/2289
f 385/2290 560/2291 555/2292
f 388/2293 557/2294 556/2295
f 531/2296 394/2297 411/2298
f 411/2299 436/2300 531/2301
f 559/2302 395/2303 394/2304
f 394/2305 434/2306 559/2307
f 541/2308 542/2309 391/2310
f 391/2311 389/2312 541/2313
f 436/2314 410/2315 409/2316
f 409/2317 558/2318 436/2319
f 436/2320 411/2321 410/2322
f 560/2323 552/2324 466/2325
f 557/2326 388/2327 385/2328
f 385/2329 555/2330 557/2331
f 552/2332 412/2333 415/2334
f 556/2335 417/2336 470/2337
f 405/2338 453/2339 478/2340
f 440/2341 502/2342 479/2343
f 407/2344 479/2345 502/2346
f 482/2347 491/2348 463/2349
f 518/2350 544/2351 548/2352
f 399/2353 383/2354 485/2355
f 485/2356 486/2357 399/2358
f 465/2359 399/2360 486/2361
f 486/2362 458/2363 465/2364
f 402/2365 403/2366 495/2367
f 468/2368 495/2369 403/2370
f 381/2371 393/2372 471/2373
f 471/2374 472/2375 381/2376
f 382/2377 381/2378 472/2379
f 532/2380 435/2381 467/2382
f 467/2383 529/2384 532/2385
f 386/2386 387/2387 397/2388
f 388/2389 397/2390 387/2391
f 413/2392 385/2393 459/2394
f 499/2395 500/2396 404/2397
f 405/2398 404/2399 500/2400
f 500/2401 426/2402 405/2403
f 453/2404 405/2405 426/2406
f 502/2407 440/2408 454/2409
f 502/2410 504/2411 407/2412
f 408/2413 407/2414 504/2415
f 504/2416 505/2417 408/2418
f 505/2419 506/2420 408/2421
f 438/2422 456/2423 455/2424
f 484/2425 496/2426 546/2427
f 484/2428 464/2429 496/2430
f 464/2431 484/2432 447/2433
f 478/2434 465/2435 458/2436
f 465/2437 478/2438 536/2439
f 494/2440 490/2441 446/2442
f 494/2443 491/2444 490/2445
f 491/2446 494/2447 399/2448
f 495/2449 484/2450 537/2451
f 468/2452 483/2453 495/2454
f 499/2455 375/2456 376/2457
f 376/2458 500/2459 499/2460
f 500/2461 376/2462 426/2463
f 503/2464 374/2465 377/2466
f 377/2467 502/2468 503/2469
f 377/2470 504/2471 502/2472
f 504/2473 377/2474 378/2475
f 378/2476 505/2477 504/2478
f 505/2479 378/2480 373/2481
f 373/2482 506/2483 505/2484
f 448/2485 472/2486 471/2487
f 473/2488 450/2489 451/2490
f 501/2491 426/2492 547/2493
f 508/2494 507/2495 475/2496
f 438/2497 455/2498 437/2499
f 438/2500 439/2501 456/2502
f 457/2503 456/2504 439/2505
f 439/2506 405/2507 457/2508
f 458/2509 457/2510 405/2511
f 478/2512 458/2513 405/2514
f 385/2515 386/2516 459/2517
f 397/2518 459/2519 386/2520
f 397/2521 388/2522 406/2523
f 479/2524 407/2525 460/2526
f 461/2527 460/2528 407/2529
f 407/2530 441/2531 461/2532
f 441/2533 442/2534 461/2535
f 445/2536 461/2537 442/2538
f 442/2539 443/2540 445/2541
f 481/2542 480/2543 462/2544
f 462/2545 491/2546 482/2547
f 482/2548 481/2549 462/2550
f 464/2551 447/2552 444/2553
f 550/2554 556/2555 452/2556
f 545/2557 523/2558 511/2559
f 446/2560 490/2561 462/2562
f 491/2563 462/2564 490/2565
f 546/2566 524/2567 512/2568
f 429/2569 452/2570 533/2571
f 455/2572 456/2573 485/2574
f 486/2575 485/2576 456/2577
f 456/2578 457/2579 486/2580
f 458/2581 486/2582 457/2583
f 511/2584 536/2585 545/2586
f 460/2587 492/2588 479/2589
f 460/2590 461/2591 487/2592
f 488/2593 487/2594 461/2595
f 461/2596 445/2597 489/2598
f 489/2599 488/2600 461/2601
f 512/2602 537/2603 546/2604
f 447/2605 484/2606 495/2607
f 495/2608 483/2609 447/2610
f 492/2611 460/2612 402/2613
f 460/2614 487/2615 402/2616
f 493/2617 402/2618 487/2619
f 487/2620 488/2621 493/2622
f 403/2623 493/2624 488/2625
f 488/2626 489/2627 403/2628
f 482/2629 480/2630 481/2631
f 497/2632 496/2633 464/2634
f 464/2635 444/2636 497/2637
f 406/2638 416/2639 417/2640
f 406/2641 417/2642 556/2643
f 400/2644 395/2645 559/2646
f 559/2647 551/2648 400/2649
f 426/2650 501/2651 453/2652
f 502/2653 454/2654 503/2655
f 449/2656 450/2657 379/2658
f 473/2659 379/2660 450/2661
f 433/2662 466/2663 515/2664
f 474/2665 412/2666 509/2667
f 508/2668 475/2669 388/2670
f 477/2671 474/2672 509/2673
f 509/2674 469/2675 477/2676
f 508/2677 510/2678 476/2679
f 541/2680 525/2681 522/2682
f 509/2683 412/2684 560/2685
f 469/2686 385/2687 413/2688
f 470/2689 476/2690 510/2691
f 536/2692 511/2693 528/2694
f 526/2695 512/2696 529/2697
f 390/2698 381/2699 391/2700
f 391/2701 542/2702 540/2703
f 390/2704 391/2705 540/2706
f 749/2707 390/2708 540/2709
f 380/2710 749/2711 540/2712
f 540/2713 379/2714 392/2715
f 380/2716 540/2717 392/2718
f 380/2719 392/2720 379/2721
f 516/2722 532/2723 517/2724
f 515/2725 513/2726 530/2727
f 534/2728 527/2729 525/2730
f 519/2731 521/2732 533/2733
f 535/2734 534/2735 520/2736
f 535/2737 536/2738 528/2739
f 542/2740 522/2741 527/2742
f 527/2743 531/2744 542/2745
f 453/2746 547/2747 545/2748
f 545/2749 478/2750 453/2751
f 537/2752 402/2753 495/2754
f 449/2755 540/2756 546/2757
f 546/2758 496/2759 449/2760
f 384/2761 538/2762 547/2763
f 547/2764 426/2765 384/2766
f 533/2767 530/2768 518/2769
f 549/2770 463/2771 491/2772
f 492/2773 543/2774 548/2775
f 491/2776 536/2777 549/2778
f 544/2779 374/2780 503/2781
f 523/2782 514/2783 515/2784
f 515/2785 528/2786 523/2787
f 541/2788 382/2789 472/2790
f 511/2791 523/2792 528/2793
f 512/2794 524/2795 529/2796
f 548/2797 479/2798 492/2799
f 544/2800 503/2801 454/2802
f 374/2803 544/2804 539/2805
f 539/2806 371/2807 374/2808
f 522/2809 525/2810 527/2811
f 540/2812 449/2813 379/2814
f 516/2815 542/2816 531/2817
f 513/2818 518/2819 530/2820
f 532/2821 529/2822 524/2823
f 524/2824 517/2825 532/2826
f 518/2827 519/2828 533/2829
f 525/2830 520/2831 534/2832
f 466/2833 428/2834 528/2835
f 526/2836 529/2837 467/2838
f 467/2839 554/2840 526/2841
f 521/2842 526/2843 554/2844
f 554/2845 427/2846 521/2847
f 555/2848 433/2849 515/2850
f 452/2851 557/2852 530/2853
f 498/2854 434/2855 527/2856
f 436/2857 435/2858 532/2859
f 532/2860 516/2861 436/2862
f 515/2863 530/2864 557/2865
f 557/2866 555/2867 515/2868
f 527/2869 534/2870 431/2871
f 431/2872 498/2873 527/2874
f 430/2875 429/2876 533/2877
f 427/2878 430/2879 533/2880
f 533/2881 521/2882 427/2883
f 534/2884 535/2885 432/2886
f 432/2887 431/2888 534/2889
f 528/2890 432/2891 535/2892
f 531/2893 527/2894 434/2895
f 530/2896 533/2897 452/2898
f 528/2899 515/2900 466/2901
f 399/2902 465/2903 536/2904
f 384/2905 372/2906 538/2907
f 539/2908 513/2909 371/2910
f 389/2911 382/2912 541/2913
f 372/2914 371/2915 513/2916
f 513/2917 538/2918 372/2919
f 472/2920 463/2921 549/2922
f 549/2923 541/2924 472/2925
f 521/2926 519/2927 543/2928
f 543/2929 402/2930 521/2931
f 535/2932 520/2933 536/2934
f 542/2935 541/2936 522/2937
f 440/2938 479/2939 548/2940
f 548/2941 544/2942 440/2943
f 492/2944 402/2945 543/2946
f 454/2947 440/2948 544/2949
f 514/2950 523/2951 547/2952
f 545/2953 536/2954 478/2955
f 546/2956 537/2957 484/2958
f 491/2959 399/2960 536/2961
f 453/2962 501/2963 547/2964
f 542/2965 516/2966 540/2967
f 518/2968 513/2969 544/2970
f 545/2971 547/2972 523/2973
f 517/2974 524/2975 546/2976
f 546/2977 540/2978 517/2979
f 547/2980 538/2981 514/2982
f 519/2983 518/2984 548/2985
f 520/2986 525/2987 549/2988
f 548/2989 543/2990 519/2991
f 549/2992 536/2993 520/2994
f 539/2995 544/2996 513/2997
f 430/2998 550/2999 429/3000
f 431/3001 432/3002 551/3003
f 531/3004 434/3005 394/3006
f 558/3007 553/3008 467/3009
f 467/3010 435/3011 558/3012
f 428/3013 466/3014 552/3015
f 553/3016 554/3017 467/3018
f 555/3019 560/3020 433/3021
f 557/3022 452/3023 556/3024
f 434/3025 498/3026 559/3027
f 436/3028 558/3029 435/3030
f 552/3031 560/3032 412/3033
f 556/3034 550/3035 406/3036
f 452/3037 429/3038 550/3039
f 459/3040 552/3041 415/3042
f 414/3043 459/3044 415/3045
f 551/3046 559/3047 498/3048
f 498/3049 431/3050 551/3051
f 466/3052 433/3053 560/3054
f 470/3055 510/3056 556/3057
f 578/3058 583/3059 561/3060
f 578/3061 584/3062 579/3063
f 583/3064 562/3065 561/3066
f 564/3067 565/3068 573/3069
f 563/3070 564/3071 573/3072
f 569/3073 568/3074 573/3075
f 617/3076 569/3077 573/3078
f 570/3079 567/3080 564/3081
f 571/3082 570/3083 564/3084
f 566/3085 571/3086 564/3087
f 564/3088 563/3089 566/3090
f 593/3091 628/3092 627/3093
f 593/3094 629/3095 628/3096
f 629/3097 593/3098 594/3099
f 597/3100 631/3101 596/3102
f 597/3103 632/3104 631/3105
f 597/3106 633/3107 632/3108
f 574/3109 658/3110 616/3111
f 577/3112 659/3113 615/3114
f 666/3115 668/3116 638/3117
f 668/3118 651/3119 638/3120
f 661/3121 638/3122 651/3123
f 589/3124 590/3125 598/3126
f 598/3127 586/3128 589/3129
f 682/3130 683/3131 640/3132
f 640/3133 639/3134 682/3135
f 641/3136 640/3137 683/3138
f 600/3139 598/3140 599/3141
f 572/3142 588/3143 592/3144
f 587/3145 595/3146 590/3147
f 746/3148 619/3149 653/3150
f 679/3151 592/3152 591/3153
f 747/3154 621/3155 589/3156
f 587/3157 589/3158 621/3159
f 621/3160 715/3161 587/3162
f 589/3163 587/3164 590/3165
f 724/3166 699/3167 713/3168
f 708/3169 591/3170 724/3171
f 724/3172 713/3173 708/3174
f 725/3175 702/3176 701/3177
f 586/3178 598/3179 600/3180
f 586/3181 600/3182 585/3183
f 718/3184 626/3185 703/3186
f 727/3187 703/3188 704/3189
f 658/3190 574/3191 602/3192
f 602/3193 697/3194 658/3195
f 684/3196 663/3197 659/3198
f 695/3199 653/3200 577/3201
f 576/3202 575/3203 574/3204
f 576/3205 574/3206 577/3207
f 702/3208 725/3209 700/3210
f 653/3211 695/3212 605/3213
f 608/3214 609/3215 610/3216
f 608/3217 610/3218 694/3219
f 694/3220 616/3221 658/3222
f 694/3223 658/3224 697/3225
f 608/3226 694/3227 697/3228
f 608/3229 697/3230 607/3231
f 612/3232 613/3233 614/3234
f 612/3235 614/3236 696/3237
f 696/3238 615/3239 659/3240
f 696/3241 659/3242 663/3243
f 612/3244 696/3245 663/3246
f 612/3247 663/3248 611/3249
f 603/3250 602/3251 595/3252
f 697/3253 602/3254 607/3255
f 608/3256 607/3257 602/3258
f 602/3259 603/3260 608/3261
f 609/3262 608/3263 603/3264
f 603/3265 604/3266 609/3267
f 610/3268 609/3269 604/3270
f 604/3271 601/3272 610/3273
f 694/3274 610/3275 601/3276
f 663/3277 684/3278 611/3279
f 612/3280 611/3281 684/3282
f 684/3283 606/3284 612/3285
f 613/3286 612/3287 606/3288
f 606/3289 605/3290 613/3291
f 614/3292 613/3293 605/3294
f 605/3295 695/3296 614/3297
f 696/3298 614/3299 695/3300
f 712/3301 728/3302 736/3303
f 598/3304 590/3305 739/3306
f 739/3307 744/3308 598/3309
f 595/3310 738/3311 737/3312
f 738/3313 595/3314 587/3315
f 587/3316 715/3317 738/3318
f 590/3319 740/3320 739/3321
f 740/3322 590/3323 653/3324
f 653/3325 619/3326 740/3327
f 748/3328 574/3329 616/3330
f 742/3331 659/3332 577/3333
f 574/3334 748/3335 741/3336
f 577/3337 743/3338 742/3339
f 718/3340 585/3341 600/3342
f 600/3343 626/3344 718/3345
f 745/3346 586/3347 585/3348
f 585/3349 624/3350 745/3351
f 728/3352 729/3353 580/3354
f 580/3355 584/3356 728/3357
f 626/3358 599/3359 598/3360
f 598/3361 744/3362 626/3363
f 626/3364 600/3365 599/3366
f 748/3367 737/3368 655/3369
f 684/3370 659/3371 742/3372
f 743/3373 577/3374 574/3375
f 574/3376 741/3377 743/3378
f 737/3379 601/3380 604/3381
f 742/3382 606/3383 684/3384
f 594/3385 642/3386 664/3387
f 630/3388 689/3389 665/3390
f 596/3391 665/3392 689/3393
f 668/3394 677/3395 651/3396
f 705/3397 731/3398 735/3399
f 671/3400 672/3401 572/3402
f 588/3403 572/3404 672/3405
f 654/3406 588/3407 672/3408
f 672/3409 647/3410 654/3411
f 591/3412 592/3413 681/3414
f 657/3415 681/3416 592/3417
f 660/3418 661/3419 578/3420
f 584/3421 578/3422 661/3423
f 719/3424 625/3425 656/3426
f 656/3427 716/3428 719/3429
f 561/3430 581/3431 662/3432
f 574/3433 575/3434 595/3435
f 590/3436 595/3437 575/3438
f 575/3439 576/3440 590/3441
f 653/3442 590/3443 576/3444
f 576/3445 577/3446 653/3447
f 602/3448 574/3449 595/3450
f 687/3451 688/3452 593/3453
f 594/3454 593/3455 688/3456
f 688/3457 617/3458 594/3459
f 642/3460 594/3461 617/3462
f 689/3463 630/3464 643/3465
f 689/3466 690/3467 596/3468
f 597/3469 596/3470 690/3471
f 690/3472 691/3473 597/3474
f 691/3475 692/3476 597/3477
f 628/3478 645/3479 644/3480
f 670/3481 682/3482 733/3483
f 670/3484 652/3485 682/3486
f 652/3487 670/3488 637/3489
f 664/3490 654/3491 647/3492
f 654/3493 664/3494 723/3495
f 680/3496 676/3497 636/3498
f 680/3499 677/3500 676/3501
f 677/3502 680/3503 588/3504
f 681/3505 670/3506 724/3507
f 657/3508 669/3509 681/3510
f 720/3511 618/3512 622/3513
f 622/3514 717/3515 720/3516
f 687/3517 568/3518 569/3519
f 569/3520 688/3521 687/3522
f 688/3523 569/3524 617/3525
f 686/3526 567/3527 570/3528
f 570/3529 689/3530 686/3531
f 570/3532 690/3533 689/3534
f 690/3535 570/3536 571/3537
f 571/3538 691/3539 690/3540
f 691/3541 571/3542 566/3543
f 566/3544 692/3545 691/3546
f 638/3547 661/3548 660/3549
f 662/3550 640/3551 641/3552
f 693/3553 617/3554 734/3555
f 616/3556 694/3557 601/3558
f 695/3559 577/3560 615/3561
f 615/3562 696/3563 695/3564
f 748/3565 655/3566 623/3567
f 628/3568 644/3569 627/3570
f 628/3571 629/3572 645/3573
f 646/3574 645/3575 629/3576
f 629/3577 594/3578 646/3579
f 647/3580 646/3581 594/3582
f 664/3583 647/3584 594/3585
f 665/3586 596/3587 648/3588
f 649/3589 648/3590 596/3591
f 596/3592 631/3593 649/3594
f 631/3595 632/3596 649/3597
f 635/3598 649/3599 632/3600
f 632/3601 633/3602 635/3603
f 667/3604 666/3605 650/3606
f 650/3607 677/3608 668/3609
f 668/3610 667/3611 650/3612
f 652/3613 637/3614 634/3615
f 746/3616 742/3617 618/3618
f 732/3619 710/3620 698/3621
f 636/3622 676/3623 650/3624
f 677/3625 650/3626 676/3627
f 733/3628 711/3629 699/3630
f 644/3631 645/3632 671/3633
f 672/3634 671/3635 645/3636
f 645/3637 646/3638 672/3639
f 647/3640 672/3641 646/3642
f 698/3643 723/3644 732/3645
f 648/3646 678/3647 665/3648
f 648/3649 649/3650 673/3651
f 674/3652 673/3653 649/3654
f 649/3655 635/3656 675/3657
f 675/3658 674/3659 649/3660
f 699/3661 724/3662 733/3663
f 637/3664 670/3665 681/3666
f 681/3667 669/3668 637/3669
f 678/3670 648/3671 591/3672
f 648/3673 673/3674 591/3675
f 679/3676 591/3677 673/3678
f 673/3679 674/3680 679/3681
f 592/3682 679/3683 674/3684
f 674/3685 675/3686 592/3687
f 668/3688 666/3689 667/3690
f 683/3691 682/3692 652/3693
f 652/3694 634/3695 683/3696
f 653/3697 605/3698 606/3699
f 653/3700 606/3701 742/3702
f 589/3703 586/3704 745/3705
f 745/3706 747/3707 589/3708
f 617/3709 693/3710 642/3711
f 689/3712 643/3713 686/3714
f 639/3715 640/3716 581/3717
f 662/3718 581/3719 640/3720
f 728/3721 712/3722 709/3723
f 723/3724 698/3725 715/3726
f 713/3727 699/3728 716/3729
f 583/3730 578/3731 579/3732
f 579/3733 584/3734 580/3735
f 580/3736 729/3737 727/3738
f 579/3739 580/3740 727/3741
f 583/3742 579/3743 727/3744
f 727/3745 581/3746 582/3747
f 583/3748 727/3749 582/3750
f 582/3751 561/3752 562/3753
f 583/3754 582/3755 562/3756
f 703/3757 719/3758 704/3759
f 702/3760 700/3761 717/3762
f 721/3763 714/3764 712/3765
f 706/3766 708/3767 720/3768
f 722/3769 721/3770 707/3771
f 722/3772 723/3773 715/3774
f 729/3775 709/3776 714/3777
f 714/3778 718/3779 729/3780
f 642/3781 734/3782 732/3783
f 732/3784 664/3785 642/3786
f 724/3787 591/3788 681/3789
f 639/3790 727/3791 733/3792
f 733/3793 682/3794 639/3795
f 573/3796 725/3797 734/3798
f 734/3799 617/3800 573/3801
f 736/3802 651/3803 677/3804
f 678/3805 730/3806 735/3807
f 677/3808 723/3809 736/3810
f 731/3811 567/3812 686/3813
f 710/3814 701/3815 702/3816
f 702/3817 715/3818 710/3819
f 728/3820 584/3821 661/3822
f 698/3823 710/3824 715/3825
f 699/3826 711/3827 716/3828
f 735/3829 665/3830 678/3831
f 731/3832 686/3833 643/3834
f 567/3835 731/3836 726/3837
f 726/3838 564/3839 567/3840
f 709/3841 712/3842 714/3843
f 727/3844 639/3845 581/3846
f 703/3847 729/3848 718/3849
f 700/3850 705/3851 717/3852
f 719/3853 716/3854 711/3855
f 711/3856 704/3857 719/3858
f 705/3859 706/3860 720/3861
f 712/3862 707/3863 721/3864
f 720/3865 717/3866 705/3867
f 655/3868 738/3869 715/3870
f 713/3871 716/3872 656/3873
f 656/3874 740/3875 713/3876
f 708/3877 713/3878 740/3879
f 740/3880 619/3881 708/3882
f 741/3883 623/3884 702/3885
f 622/3886 743/3887 717/3888
f 685/3889 624/3890 714/3891
f 626/3892 625/3893 719/3894
f 719/3895 703/3896 626/3897
f 702/3898 717/3899 743/3900
f 743/3901 741/3902 702/3903
f 714/3904 721/3905 620/3906
f 620/3907 685/3908 714/3909
f 619/3910 618/3911 720/3912
f 720/3913 708/3914 619/3915
f 721/3916 722/3917 621/3918
f 621/3919 620/3920 721/3921
f 715/3922 621/3923 722/3924
f 718/3925 714/3926 624/3927
f 715/3928 702/3929 623/3930
f 623/3931 655/3932 715/3933
f 588/3934 654/3935 723/3936
f 573/3937 565/3938 725/3939
f 726/3940 700/3941 564/3942
f 565/3943 564/3944 700/3945
f 700/3946 725/3947 565/3948
f 661/3949 651/3950 736/3951
f 736/3952 728/3953 661/3954
f 708/3955 706/3956 730/3957
f 730/3958 591/3959 708/3960
f 722/3961 707/3962 723/3963
f 729/3964 728/3965 709/3966
f 630/3967 665/3968 735/3969
f 735/3970 731/3971 630/3972
f 678/3973 591/3974 730/3975
f 643/3976 630/3977 731/3978
f 701/3979 710/3980 734/3981
f 732/3982 723/3983 664/3984
f 733/3985 724/3986 670/3987
f 677/3988 588/3989 723/3990
f 642/3991 693/3992 734/3993
f 729/3994 703/3995 727/3996
f 705/3997 700/3998 731/3999
f 732/4000 734/4001 710/4002
f 704/4003 711/4004 733/4005
f 733/4006 727/4007 704/4008
f 734/4009 725/4010 701/4011
f 706/4012 705/4013 735/4014
f 707/4015 712/4016 736/4017
f 735/4018 730/4019 706/4020
f 736/4021 723/4022 707/4023
f 726/4024 731/4025 700/4026
f 619/4027 746/4028 618/4029
f 620/4030 621/4031 747/4032
f 718/4033 624/4034 585/4035
f 744/4036 739/4037 656/4038
f 656/4039 625/4040 744/4041
f 738/4042 655/4043 737/4044
f 739/4045 740/4046 656/4047
f 741/4048 748/4049 623/4050
f 743/4051 622/4052 742/4053
f 624/4054 685/4055 745/4056
f 626/4057 744/4058 625/4059
f 737/4060 748/4061 601/4062
f 622/4063 618/4064 742/4065
f 616/4066 601/4067 748/4068
f 742/4069 746/4070 653/4071
f 595/4072 737/4073 604/4074
f 603/4075 595/4076 604/4077
f 747/4078 745/4079 685/4080
f 685/4081 620/4082 747/4083
f 764/4084 760/4085 755/4086
f 755/4087 756/4088 764/4089
f 752/4090 751/4091 763/4092
f 763/4093 757/4094 752/4095
f 759/4096 758/4097 765/4098
f 765/4099 750/4100 759/4101
f 753/4102 754/4103 761/4104
f 763/4105 762/4106 754/4107
f 754/4108 757/4109 763/4110
f 755/4111 758/4112 759/4113
f 759/4114 756/4115 755/4116
f 753/4117 761/4118 760/4119
f 754/4120 762/4121 761/4122
f 760/4123 764/4124 753/4125
f 780/4126 777/4127 771/4128
f 771/4129 772/4130 780/4131
f 767/4132 766/4133 779/4134
f 779/4135 774/4136 767/4137
f 776/4138 775/4139 782/4140
f 782/4141 781/4142 776/4143
f 769/4144 773/4145 770/4146
f 770/4147 778/4148 769/4149
f 779/4150 769/4151 778/4152
f 778/4153 774/4154 779/4155
f 771/4156 775/4157 776/4158
f 776/4159 772/4160 771/4161
f 770/4162 773/4163 777/4164
f 777/4165 768/4166 770/4167
f 777/4168 780/4169 768/4170
f 799/4171 796/4172 790/4173
f 790/4174 791/4175 799/4176
f 786/4177 785/4178 798/4179
f 798/4180 793/4181 786/4182
f 795/4183 794/4184 784/4185
f 784/4186 783/4187 795/4188
f 788/4189 792/4190 789/4191
f 789/4192 797/4193 788/4194
f 798/4195 788/4196 797/4197
f 797/4198 793/4199 798/4200
f 790/4201 794/4202 795/4203
f 795/4204 791/4205 790/4206
f 789/4207 792/4208 796/4209
f 796/4210 787/4211 789/4212
f 796/4213 799/4214 787/4215
f 816/4216 813/4217 807/4218
f 807/4219 808/4220 816/4221
f 803/4222 802/4223 815/4224
f 815/4225 810/4226 803/4227
f 812/4228 811/4229 801/4230
f 801/4231 800/4232 812/4233
f 805/4234 809/4235 806/4236
f 806/4237 814/4238 805/4239
f 815/4240 805/4241 814/4242
f 814/4243 810/4244 815/4245
f 807/4246 811/4247 812/4248
f 812/4249 808/4250 807/4251
f 806/4252 809/4253 813/4254
f 813/4255 804/4256 806/4257
f 813/4258 816/4259 804/4260
f 817/4261 821/4262 819/4263
f 819/4264 818/4265 817/4266
f 826/4267 824/4268 823/4269
f 823/4270 825/4271 826/4272
f 820/4273 822/4274 830/4275
f 830/4276 829/4277 820/4278
f 823/4279 824/4280 832/4281
f 832/4282 831/4283 823/4284
f 827/4285 826/4286 828/4287
f 832/4288 818/4289 819/4290
f 819/4291 831/4292 832/4293
f 826/4294 825/4295 828/4296
f 827/4297 828/4298 829/4299
f 829/4300 830/4301 827/4302
f 838/4303 836/4304 835/4305
f 835/4306 837/4307 838/4308
f 833/4309 834/4310 842/4311
f 842/4312 841/4313 833/4314
f 835/4315 836/4316 844/4317
f 844/4318 843/4319 835/4320
f 839/4321 838/4322 840/4323
f 844/4324 847/4325 848/4326
f 848/4327 843/4328 844/4329
f 838/4330 837/4331 840/4332
f 839/4333 840/4334 841/4335
f 841/4336 842/4337 839/4338
f 845/4339 846/4340 848/4341
f 848/4342 847/4343 845/4344
f 849/4345 853/4346 851/4347
f 851/4348 850/4349 849/4350
f 858/4351 856/4352 855/4353
f 855/4354 857/4355 858/4356
f 852/4357 854/4358 862/4359
f 862/4360 861/4361 852/4362
f 855/4363 856/4364 864/4365
f 864/4366 863/4367 855/4368
f 859/4369 858/4370 860/4371
f 864/4372 850/4373 851/4374
f 851/4375 863/4376 864/4377
f 858/4378 857/4379 860/4380
f 859/4381 860/4382 861/4383
f 861/4384 862/4385 859/4386
f 865/4387 869/4388 867/4389
f 867/4390 866/4391 865/4392
f 874/4393 872/4394 871/4395
f 871/4396 873/4397 874/4398
f 868/4399 870/4400 878/4401
f 878/4402 877/4403 868/4404
f 871/4405 872/4406 880/4407
f 880/4408 879/4409 871/4410
f 875/4411 874/4412 876/4413
f 880/4414 866/4415 867/4416
f 867/4417 879/4418 880/4419
f 874/4420 873/4421 876/4422
f 875/4423 876/4424 877/4425
f 877/4426 878/4427 875/4428
