o Refrigerator031_fridge_door
v 0.413605 -0.3061845 0.932591
v 0.447766 -0.3061845 0.92976
v 0.444879 -0.3061855 -0.928365
v 0.413606 -0.3061855 -0.928365
v 0.355017 -0.3061855 -0.928365
v 0.30354 -0.3061855 -0.928365
v 0.252064 -0.3061855 -0.928365
v 0.200587 -0.3061855 -0.928365
v 0.14911 -0.3061855 -0.928365
v 0.094513 -0.3055635 -0.928365
v -0.002887 -0.3059055 -0.928365
v -0.038679 -0.3061565 -0.925534
v -0.035792 -0.3061365 0.932591
v -0.002887 -0.3059055 0.932591
v 0.094513 -0.3055635 0.932591
v 0.14911 -0.3061845 0.932591
v 0.200587 -0.3061845 0.932591
v 0.252064 -0.3061845 0.932591
v 0.30354 -0.3061845 0.932591
v 0.355017 -0.3061845 0.932591
v 0.447766 -0.3061845 -0.020691
v -0.038679 -0.3061565 -0.020691
v -0.038679 -0.3061565 -0.118425
v 0.447766 -0.3061845 -0.118425
v 0.447766 -0.3061845 0.898618
v -0.038679 -0.3061565 0.898618
v 0.014239 -0.2418565 -0.13136
v 0.444879 -0.3061845 0.932591
v 0.447766 -0.3061855 -0.925534
v -0.035792 -0.3061365 -0.928364
v -0.038679 -0.3061565 0.92976
v 0.457717 -0.3530675 -0.937399
v 0.446483 -0.3061845 0.932276
v 0.447445 -0.3061845 0.931333
v 0.447445 -0.3061855 -0.927107
v 0.446483 -0.3061855 -0.92805
v -0.037396 -0.3061475 -0.92805
v -0.038358 -0.3061545 -0.927107
v -0.038358 -0.3061545 0.931333
v -0.037396 -0.3061475 0.932276
v -0.047821 -0.3061775 0.942337
v -0.048618 -0.3061835 -0.937329
v 0.396366 -0.2419695 0.888917
v 0.457717 -0.3530675 0.941625
v 0.396366 -0.2419695 -0.129373
v 0.012515 -0.2418735 0.888917
v 0.14911 -0.3061845 0.942598
v 0.094513 -0.3055635 -0.938371
v -0.048634 -0.3741015 -0.937392
v -0.038529 -0.3727235 0.931608
v 0.025828 -0.3047575 -0.118147
v 0.025828 -0.3047575 0.877954
v 0.384738 -0.3049835 -0.118146
v 0.384738 -0.3049835 0.877954
v 0.013478 -0.3060805 -0.132091
v 0.252064 -0.3061855 -0.938372
v 0.012033 -0.3060955 0.889967
v 0.252064 -0.3061845 0.942598
v 0.355017 -0.3061855 -0.938372
v 0.395707 -0.3061845 -0.132091
v 0.456908 -0.3061845 0.942337
v 0.395707 -0.3061845 0.891635
v 0.457705 -0.3061855 -0.937329
v 0.26377 -0.3694945 -0.937371
v 0.319629 -0.3663055 0.941597
v 0.022304 -0.2411015 -0.118425
v 0.446734 -0.3528945 -0.928119
v -0.037784 -0.3727215 -0.928119
v -0.047885 -0.3740995 0.942353
v 0.446734 -0.3528945 0.932345
v 0.025346 -0.2437755 0.878232
v 0.385792 -0.2412935 -0.120926
v 0.384931 -0.2439975 0.878232
v 0.207626 -0.3718675 -0.928615
v 0.207626 -0.3718675 0.932841
v 0.447779 -0.3552235 -0.927441
v 0.447779 -0.3552235 0.931667
v 0.015846 -0.2438685 0.892191
v -0.037752 -0.3751525 0.932548
v 0.012515 -0.2418735 -0.129374
v -0.038638 -0.3751555 -0.927443
v 0.39177 -0.2419695 0.891565
v 0.263661 -0.3667935 -0.928114
v 0.151204 -0.3735245 0.941597
v 0.263661 -0.3667935 0.932341
v 0.39177 -0.2419695 -0.132022
v 0.024472 -0.2410805 0.880733
v 0.151204 -0.3735245 -0.937371
v 0.015888 -0.3060575 0.892191
v 0.319629 -0.3663065 -0.928615
v 0.025346 -0.2437755 -0.118424
v 0.384931 -0.2439975 -0.118425
v 0.114563 -0.2413485 0.891565
v 0.385792 -0.2412935 0.880733
v 0.025589 -0.3056615 -0.116004
v 0.012033 -0.3060955 -0.130423
v -0.046673 -0.3751775 -0.937079
v 0.015846 -0.2438695 -0.132647
v 0.026721 -0.3056495 0.87712
v 0.151094 -0.3708225 -0.928114
v 0.094403 -0.3718605 0.932341
v -0.047565 -0.3751795 0.940429
v 0.455748 -0.3543645 -0.937081
v 0.375193 -0.3622045 -0.937371
v 0.397152 -0.3061845 0.889967
v 0.455748 -0.3543645 0.941307
v 0.375193 -0.3622045 0.932841
v 0.395512 -0.2439975 0.891621
v 0.395513 -0.2439975 -0.132078
v 0.397152 -0.3061845 -0.130423
v 0.114563 -0.2413485 0.878857
v 0.011897 -0.2439075 -0.130371
v 0.375084 -0.3595035 -0.928114
v 0.396993 -0.2439975 -0.130371
v 0.114563 -0.2413485 -0.11905
v 0.383849 -0.3058845 -0.117313
v 0.384981 -0.3058845 0.875812
v 0.014239 -0.2418565 0.890903
v 0.160972 -0.2419705 -0.132022
v 0.375084 -0.3595025 0.932341
v 0.011897 -0.2439075 0.889914
v 0.387961 -0.2412935 -0.118425
v 0.396993 -0.2439975 0.889914
v 0.161123 -0.3058845 -0.117313
v 0.024864 -0.3047675 -0.117033
v -0.046499 -0.3104415 -0.938372
v -0.038638 -0.3751545 0.931669
v -0.038533 -0.3724535 -0.925478
v 0.094513 -0.3745615 -0.928615
v 0.445501 -0.3530275 -0.928365
v 0.151177 -0.3724425 0.942598
v 0.447455 -0.3525455 -0.925473
v 0.385702 -0.3049835 -0.117033
v 0.161123 -0.3058845 0.87712
v 0.319519 -0.3636045 -0.928114
v 0.335993 -0.2419695 0.878857
v 0.385702 -0.3049835 0.87684
v 0.207534 -0.3707885 -0.938372
v -0.048634 -0.3741015 0.941618
v 0.024864 -0.3047665 0.87684
v 0.024472 -0.2410805 -0.120926
v 0.024479 -0.2437835 -0.117424
v 0.456958 -0.3531495 -0.938128
v 0.319519 -0.3636045 0.932341
v 0.445501 -0.3530275 0.932591
v -0.047885 -0.3740995 -0.938127
v 0.447455 -0.3525455 0.929699
v 0.456908 -0.3061855 -0.938111
v -0.048618 -0.3061835 0.941555
v -0.037784 -0.3727215 0.932345
v 0.387961 -0.2412935 0.878232
v 0.335993 -0.2419695 -0.11905
v -0.037752 -0.3751525 -0.928322
v 0.456958 -0.3531495 0.942355
v 0.446899 -0.3553175 0.932547
v 0.016224 -0.2411615 0.888923
v 0.446899 -0.3553185 -0.928321
v 0.013378 -0.2438935 -0.132078
v 0.022304 -0.2411015 0.878232
v 0.16097 -0.2412945 -0.130145
v 0.457705 -0.3061845 0.941555
v 0.013378 -0.2438935 0.891622
v 0.430346 -0.3543895 -0.928114
v 0.161124 -0.3061855 -0.132647
v 0.374902 -0.3611435 0.942598
v 0.013478 -0.3060805 0.891635
v 0.094513 -0.3745615 0.932841
v 0.395312 -0.2412945 -0.123251
v 0.385799 -0.2439975 -0.117424
v 0.389331 -0.2412935 0.889689
v -0.047821 -0.3061785 -0.938111
v 0.319407 -0.3652365 -0.938372
v 0.160972 -0.2419695 0.878857
v 0.013565 -0.2411875 -0.123254
v 0.207516 -0.3691665 -0.928114
v 0.011403 -0.2439125 -0.127525
v 0.430346 -0.3543895 0.932341
v 0.26377 -0.3694945 0.932841
v 0.456955 -0.3542335 -0.934766
v 0.114715 -0.3052625 0.87712
v 0.207516 -0.3691665 0.932341
v -0.047863 -0.3751805 -0.934743
v 0.393045 -0.2439975 0.892191
v 0.151094 -0.3708225 0.932341
v 0.114716 -0.3055635 -0.115923
v 0.397487 -0.2439975 -0.127525
v 0.257839 -0.3285405 0.942598
v 0.263614 -0.3684195 0.942598
v 0.019548 -0.2411285 -0.130145
v 0.375193 -0.3622045 -0.928615
v 0.16097 -0.2412935 0.889689
v 0.023932 -0.2417615 -0.020691
v 0.011551 -0.3060995 -0.127644
v 0.394647 -0.2412935 0.886625
v 0.114562 -0.2406725 -0.120926
v 0.39694 -0.2419695 -0.126063
v 0.385799 -0.2439975 0.877231
v 0.013565 -0.2411875 0.882797
v -0.037351 -0.3724495 -0.927821
v 0.456653 -0.3542665 0.940439
v 0.024479 -0.2437835 0.877231
v 0.161121 -0.3049835 0.877954
v 0.16097 -0.2412935 0.880733
v 0.397487 -0.2439975 0.887068
v 0.386336 -0.2419695 -0.020691
v 0.385064 -0.3034815 -0.118425
v 0.392654 -0.2412945 -0.129379
v -0.046673 -0.3751775 0.941305
v 0.094403 -0.3718605 -0.928114
v 0.384981 -0.3058845 -0.116004
v 0.393045 -0.2439975 -0.132647
v 0.393297 -0.3061845 -0.132647
v 0.161121 -0.3049835 -0.118147
v 0.161124 -0.3061845 0.892191
v 0.094513 -0.3734805 -0.938372
v 0.26377 -0.3694945 0.941597
v 0.397634 -0.3061845 0.887187
v 0.393297 -0.3061845 0.892191
v -0.038533 -0.3724535 0.929704
v 0.011403 -0.2439125 0.887068
v 0.447473 -0.3528145 0.931607
v 0.114562 -0.2406725 -0.130145
v 0.011941 -0.2418795 -0.126064
v 0.161124 -0.3061845 0.87573
v 0.160972 -0.2419695 0.891565
v 0.394642 -0.2419695 0.890903
v 0.160972 -0.2419705 -0.11905
v 0.446282 -0.3526715 -0.927821
v 0.394642 -0.2419695 -0.13136
v 0.397634 -0.3061845 -0.127644
v 0.319629 -0.3663055 0.932841
v 0.015888 -0.3060575 -0.132647
v 0.017112 -0.2418285 0.891565
v 0.385795 -0.2426455 -0.119675
v 0.207626 -0.3718675 -0.937371
v 0.025495 -0.3032585 -0.118425
v 0.114562 -0.2406725 0.880733
v 0.025495 -0.3032585 0.878232
v 0.023391 -0.2424425 -0.118425
v 0.263759 -0.3692245 -0.928365
v -0.037351 -0.3724495 0.932047
v 0.017113 -0.2418285 -0.132022
v 0.026721 -0.3056505 -0.117313
v 0.383849 -0.3058845 0.87712
v -0.011215 -0.3723775 0.93234
v 0.39694 -0.2419695 0.885606
v 0.024475 -0.2424315 0.879482
v 0.011551 -0.3060995 0.887187
v -0.038529 -0.3727235 -0.927382
v 0.094513 -0.3745615 0.941597
v 0.011941 -0.2418795 0.885607
v 0.025589 -0.3056615 0.875811
v 0.375193 -0.3622045 0.941597
v 0.02462 -0.3032675 -0.117414
v 0.385939 -0.3034815 0.877222
v 0.38688 -0.2426455 0.878232
v 0.161118 -0.3034815 -0.118425
v 0.151193 -0.3732545 -0.928365
v 0.114716 -0.3055635 0.892191
v 0.430455 -0.3570905 0.941597
v 0.114562 -0.2406725 0.889689
v 0.204879 -0.3061855 -0.115923
v 0.161118 -0.3034805 0.878232
v 0.385064 -0.3034815 0.878232
v 0.319629 -0.3663065 -0.937371
v 0.114563 -0.2413485 -0.132022
v -0.048883 -0.3741025 -0.936167
v 0.094513 -0.3745615 -0.937371
v 0.430455 -0.3570915 -0.937371
v 0.024619 -0.3032675 0.877222
v 0.385939 -0.3034815 -0.117414
v 0.114716 -0.3055635 -0.132647
v 0.024475 -0.2424325 -0.119675
v 0.385795 -0.2426455 0.879482
v 0.45797 -0.3061855 -0.936027
v 0.16097 -0.2412945 -0.120926
v -0.046637 -0.3740955 0.942598
v 0.455693 -0.3532855 -0.938372
v 0.38688 -0.2426455 -0.118425
v 0.114715 -0.3052625 -0.117313
v -0.03869 -0.3748845 -0.926154
v 0.025369 -0.2533105 -0.118425
v 0.114568 -0.2433765 -0.118425
v 0.114568 -0.2433755 0.878232
v 0.447807 -0.3549485 -0.926151
v 0.094513 -0.3055635 0.942598
v 0.45797 -0.3530405 0.94041
v 0.45797 -0.3530405 -0.118425
v 0.44772 -0.3527885 -0.926151
v 0.026794 -0.3059495 -0.114514
v 0.383777 -0.3061845 0.874321
v 0.446282 -0.3526715 0.932047
v 0.455579 -0.3061845 0.942598
v 0.430455 -0.3570915 -0.928615
v -0.048883 -0.3741015 0.940394
v 0.114716 -0.3055635 0.87573
v 0.455693 -0.3532855 0.942598
v -0.011105 -0.3750785 0.932841
v 0.151204 -0.3735245 0.932841
v 0.207626 -0.3718675 0.941597
v -0.048883 -0.3061855 -0.936027
v 0.430455 -0.3570905 0.932841
v 0.023391 -0.2424425 0.878232
v 0.335992 -0.2412945 -0.120926
v -0.046637 -0.3740955 -0.938372
v 0.447807 -0.3549485 0.930377
v 0.022304 -0.2411015 -0.020691
v 0.335998 -0.2439975 0.878232
v 0.384954 -0.2535335 -0.118425
v 0.335998 -0.2439975 -0.118425
v -0.011105 -0.3750785 -0.937371
v -0.038777 -0.3727245 -0.926154
v 0.114713 -0.3043615 -0.118147
v -0.038934 -0.3751555 0.930204
v -0.036455 -0.3748785 -0.928365
v 0.094414 -0.3721305 -0.928365
v 0.094502 -0.3742915 0.932591
v -0.046492 -0.3061695 0.942598
v 0.455579 -0.3061855 -0.938372
v -0.048883 -0.3061845 0.940253
v 0.447473 -0.3528145 -0.927381
v 0.028015 -0.3059375 0.87573
v 0.382557 -0.3061845 -0.115923
v 0.024479 -0.2437835 -0.020691
v 0.385799 -0.2439975 -0.020691
v 0.151105 -0.3710925 0.932591
v 0.45797 -0.3061845 0.940253
v -0.011215 -0.3723775 -0.928114
v -0.038934 -0.3751555 -0.925978
v 0.374902 -0.3611435 -0.938372
v -0.036455 -0.3748785 0.932591
v 0.448072 -0.3551915 -0.925973
v 0.114713 -0.3043615 0.877954
v 0.445589 -0.3551875 -0.928365
v -0.038777 -0.3727235 0.93038
v -0.036543 -0.3727175 0.932591
v 0.44772 -0.3527885 0.930377
v 0.01423 -0.2411815 -0.127082
v 0.319407 -0.3652365 0.942598
v 0.160977 -0.2439975 -0.132647
v 0.160977 -0.2439975 0.892191
v -0.011105 -0.3750785 -0.928615
v 0.445589 -0.3551875 0.932591
v -0.046492 -0.3061695 -0.938371
v 0.448072 -0.3551915 0.9302
v -0.036543 -0.3727175 -0.928364
v 0.14911 -0.3061855 -0.938372
v 0.160977 -0.2439975 -0.118425
v 0.151204 -0.3735245 -0.928615
v -0.011105 -0.3750785 0.941597
v -0.03869 -0.3748845 0.93038
v 0.263614 -0.3684195 -0.938372
v 0.389331 -0.2412945 -0.130145
v 0.019548 -0.2411285 0.889689
v 0.395312 -0.2412935 0.882795
v 0.45797 -0.3530405 -0.936184
v 0.160977 -0.2439975 0.878232
v 0.161124 -0.3061855 -0.115923
v 0.207534 -0.3707885 0.942598
v -0.047863 -0.3751805 0.938969
v 0.456653 -0.3542665 -0.936213
v 0.446821 -0.3550555 -0.928119
v -0.037696 -0.3748825 0.932345
v -0.047565 -0.3751795 -0.936203
v 0.447162 -0.3525765 -0.92694
v 0.394647 -0.2412945 -0.127082
v 0.392654 -0.2412935 0.888923
v 0.016224 -0.2411615 -0.12938
v 0.01423 -0.2411805 0.886626
v -0.038237 -0.3724525 0.931168
v 0.31953 -0.3638745 0.932591
v 0.263672 -0.3670635 0.932591
v 0.375095 -0.3597735 0.932591
v 0.207527 -0.3694365 0.932591
v 0.207527 -0.3694365 -0.928365
v 0.375095 -0.3597735 -0.928365
v 0.31953 -0.3638745 -0.928365
v 0.263672 -0.3670635 -0.928365
v 0.319618 -0.3660355 -0.928365
v 0.375182 -0.3619335 -0.928365
v 0.207615 -0.3715975 -0.928365
v 0.26377 -0.3694945 -0.928615
v 0.375182 -0.3619335 0.932591
v 0.319618 -0.3660355 0.932591
v 0.207615 -0.3715975 0.932591
v 0.263759 -0.3692245 0.932591
v 0.446821 -0.3550545 0.932345
v -0.037696 -0.3748825 -0.928119
v 0.151105 -0.3710935 -0.928365
v 0.151193 -0.3732535 0.932591
v 0.151177 -0.3724435 -0.938372
v 0.456955 -0.3542335 0.938992
v 0.447162 -0.3525765 0.931167
v 0.430088 -0.3560415 -0.938372
v -0.038237 -0.3724525 -0.926942
v 0.447561 -0.3549755 -0.927381
v -0.038441 -0.3748845 0.931608
v 0.094414 -0.3721305 0.932591
v 0.094502 -0.3742915 -0.928365
v 0.094513 -0.3734795 0.942598
v 0.114568 -0.2433755 0.892191
v -0.038441 -0.3748845 -0.927382
v 0.447561 -0.3549755 0.931607
v 0.114568 -0.2433765 -0.132647
v 0.445434 -0.3554765 -0.928615
v 0.444817 -0.3528295 0.932341
v -0.036274 -0.3751485 0.932841
v -0.035873 -0.3724455 -0.928114
v -0.045185 -0.3751735 -0.937371
v 0.45424 -0.3545265 0.941597
v 0.028015 -0.3059375 -0.115923
v 0.383777 -0.3061845 -0.020691
v 0.377272 -0.3061845 0.866809
v 0.382557 -0.3061845 0.87573
v 0.034526 -0.3058735 0.868225
v 0.026794 -0.3059495 0.874321
v 0.376045 -0.3061845 -0.108418
v 0.383777 -0.3061845 -0.114514
v 0.430088 -0.3560415 0.942598
v 0.387961 -0.2412935 -0.020691
v 0.430357 -0.3546605 -0.928365
v 0.430444 -0.3568205 0.932591
v 0.444817 -0.3528295 -0.928114
v 0.445434 -0.3554765 0.932841
v -0.036274 -0.3751485 -0.928615
v -0.035873 -0.3724455 0.93234
v -0.04663 -0.3698235 0.942598
v -0.011105 -0.3739965 0.942598
v -0.045185 -0.3751735 0.941597
v 0.45424 -0.3545265 -0.937371
v 0.114709 -0.3028595 -0.118424
v 0.025471 -0.2964275 0.878232
v 0.114709 -0.3028595 0.878232
v 0.430357 -0.3546605 0.932591
v 0.430444 -0.3568205 -0.928365
v -0.011204 -0.3726475 0.932591
v -0.011116 -0.3748085 -0.928364
v -0.04663 -0.3698235 -0.938371
v -0.011105 -0.3739975 -0.938372
v -0.011204 -0.3726475 -0.928364
v -0.011116 -0.3748085 0.932591
v 0.024626 -0.3059715 0.892191
v 0.024626 -0.3059715 -0.132647
v 0.011528 -0.2965645 -0.127625
v 0.011551 -0.3060995 -0.118425
v -0.002887 -0.3058825 0.942598
v -0.002887 -0.3058835 -0.938372
v 0.024603 -0.2964355 -0.117424
v 0.385923 -0.2966495 0.877231
v 0.385056 -0.2966495 -0.118425
v 0.457711 -0.3208645 -0.937364
v 0.457711 -0.3208645 0.94159
v 0.385923 -0.2966495 -0.117424
v 0.024603 -0.2964355 0.877231
v 0.456933 -0.3209055 -0.93812
v 0.385056 -0.2966495 0.878232
v 0.025471 -0.2964275 -0.118425
v 0.456933 -0.3209055 0.942346
v 0.455636 -0.3209735 0.942598
v 0.455636 -0.3209735 -0.938372
v 0.45797 -0.3208515 -0.936105
v 0.45797 -0.3094035 0.898618
v 0.45797 -0.3208505 0.940331
v -0.039352 -0.3751565 0.93237
v 0.456956 -0.3499245 0.942354
v 0.457717 -0.3498475 -0.937396
v 0.45691 -0.3094095 -0.938112
v 0.457705 -0.3094055 0.941559
v 0.457705 -0.3094055 -0.937333
v 0.456956 -0.3499245 -0.938128
v -0.036987 -0.3751505 -0.929315
v 0.45691 -0.3094095 0.942338
v 0.457717 -0.3498475 0.941622
v -0.039352 -0.3751575 -0.928144
v 0.395677 -0.2966495 0.891633
v -0.011215 -0.3723775 0.927587
v 0.013463 -0.2965455 0.891633
v 0.161124 -0.3061845 -0.108418
v 0.455688 -0.3500545 0.942598
v -0.032403 -0.3724365 0.927272
v 0.455688 -0.3500545 -0.938372
v 0.015881 -0.2965215 0.892191
v 0.430346 -0.3543895 -0.923361
v 0.45797 -0.3094035 -0.936035
v 0.455585 -0.3094165 0.942598
v 0.45797 -0.3498215 -0.936176
v 0.336145 -0.3061845 0.87573
v -0.038533 -0.3724535 -0.020691
v 0.397509 -0.2535335 -0.127543
v 0.45797 -0.3094035 0.940261
v 0.447455 -0.3525455 -0.118424
v 0.161124 -0.3061845 -0.020691
v 0.455585 -0.3094165 -0.938372
v 0.397612 -0.2966495 -0.020692
v 0.397612 -0.2966495 0.887169
v 0.397509 -0.2535335 0.887087
v 0.441356 -0.3532025 -0.923047
v 0.151094 -0.3708225 -0.020692
v -0.038934 -0.3751555 -0.020691
v 0.448072 -0.3551915 -0.020692
v -0.048626 -0.3313805 0.941587
v 0.207516 -0.3691665 -0.020692
v -0.048626 -0.3313805 -0.937361
v 0.013393 -0.2534285 0.891624
v -0.047853 -0.3313775 -0.938119
v -0.047863 -0.3751805 -0.020691
v 0.397509 -0.2535335 -0.020691
v 0.011918 -0.2534435 0.889922
v 0.011403 -0.2439125 -0.020692
v 0.375084 -0.3595025 -0.020691
v 0.012012 -0.2965595 0.889959
v 0.204876 -0.3049835 0.877954
v 0.441356 -0.3532025 0.927273
v 0.384981 -0.3058845 -0.020691
v 0.012012 -0.2965595 -0.130415
v 0.397487 -0.2439975 -0.020692
v 0.013463 -0.2965455 -0.132089
v -0.03869 -0.3748845 -0.118425
v 0.0333 -0.3058855 -0.107002
v 0.397018 -0.2535335 0.889922
v 0.015853 -0.2534045 0.892191
v 0.395542 -0.2535335 0.891624
v -0.047853 -0.3313765 0.942345
v -0.038533 -0.3724535 -0.118425
v 0.013393 -0.2534285 -0.13208
v 0.011918 -0.2534435 -0.130379
v -0.048883 -0.3741025 -0.118425
v 0.011426 -0.2534485 0.887087
v 0.204732 -0.2439975 -0.132647
v -0.038934 -0.3751555 -0.118425
v -0.038777 -0.3727245 -0.020691
v 0.094403 -0.3718605 -0.118425
v 0.446677 -0.3526295 -0.926457
v 0.292389 -0.3058845 0.87712
v -0.032403 -0.3724365 -0.923046
v 0.204732 -0.2439975 0.892191
v 0.430346 -0.3543895 -0.020692
v 0.456955 -0.3542335 -0.020691
v 0.011528 -0.2965645 0.887169
v 0.151094 -0.3708225 -0.118425
v 0.204732 -0.2439975 -0.118425
v 0.263661 -0.3667935 -0.020691
v -0.048883 -0.3061845 -0.020691
v 0.395542 -0.2535335 -0.13208
v -0.048883 -0.3313815 -0.936097
v -0.011215 -0.3723775 -0.020692
v 0.263661 -0.3667935 0.898618
v 0.397018 -0.2535335 -0.130379
v 0.395677 -0.2966495 -0.132089
v 0.447807 -0.3549485 -0.118424
v -0.046565 -0.3313705 0.942598
v 0.207516 -0.3691665 -0.118425
v 0.397128 -0.2966495 -0.130415
v 0.448782 -0.3551155 0.930903
v 0.204727 -0.2419695 -0.132022
v 0.448072 -0.3551915 -0.118425
v 0.248628 -0.3034815 0.878232
v 0.204732 -0.2439975 0.878232
v 0.375084 -0.3595025 -0.118425
v 0.319519 -0.3636045 -0.118425
v 0.204876 -0.3049835 -0.118147
v 0.025369 -0.2533105 0.878232
v 0.39694 -0.2419695 -0.020692
v 0.204879 -0.3058845 -0.117313
v -0.047149 -0.3751785 -0.118424
v -0.038777 -0.3727245 -0.118425
v 0.204879 -0.3058845 0.87712
v -0.033365 -0.3724385 0.926329
v 0.447455 -0.3525455 -0.020691
v 0.204873 -0.3034815 -0.118425
v 0.446138 -0.3554005 -0.929315
v 0.442632 -0.3530645 0.898618
v -0.048633 -0.3698295 0.941615
v 0.397634 -0.3061845 -0.020692
v 0.446138 -0.3554005 0.933541
v 0.204727 -0.2419695 -0.11905
v 0.011551 -0.3060995 -0.020691
v 0.094403 -0.3718605 -0.020692
v 0.024619 -0.3032675 -0.020692
v -0.039648 -0.3751575 -0.020691
v 0.024864 -0.3047675 -0.020691
v 0.397128 -0.2966495 0.889959
v 0.385821 -0.2535335 -0.020691
v 0.456955 -0.3542335 -0.118425
v 0.011426 -0.2534485 -0.020692
v -0.048618 -0.3104555 0.941559
v -0.048883 -0.3698295 0.940387
v -0.011215 -0.3723775 -0.118425
v -0.033686 -0.3724395 -0.118425
v 0.204727 -0.2419695 0.878857
v 0.263037 -0.3644315 0.942598
v 0.453535 -0.3546025 -0.93667
v 0.015881 -0.2965215 -0.132647
v -0.047149 -0.3751785 -0.020691
v 0.455943 -0.3543425 0.939737
v 0.385702 -0.3049835 -0.020691
v -0.03869 -0.3748845 -0.020691
v 0.448489 -0.3551465 0.932369
v 0.026794 -0.3059495 -0.020691
v 0.011426 -0.2534485 -0.127543
v 0.013565 -0.2411875 -0.020691
v -0.048883 -0.3061855 -0.118425
v -0.046565 -0.3313715 -0.938372
v 0.385821 -0.2535335 -0.117424
v 0.393084 -0.2535335 0.892191
v 0.393259 -0.2966495 0.892191
v 0.45797 -0.3061845 -0.020692
v 0.114716 -0.3055635 -0.108418
v 0.024479 -0.2437835 -0.132647
v 0.015853 -0.2534045 -0.132647
v -0.045959 -0.3751755 0.940604
v -0.033686 -0.3724395 -0.020692
v -0.048883 -0.3741025 -0.020691
v 0.430346 -0.3543895 -0.118425
v 0.442633 -0.3530645 -0.020691
v 0.456244 -0.3543105 0.898618
v 0.011528 -0.2965645 -0.020692
v 0.319519 -0.3636045 -0.020691
v 0.024501 -0.2533195 -0.117424
v 0.442313 -0.3530995 -0.922103
v 0.094403 -0.3718605 0.898618
v 0.446972 -0.3525975 0.898618
v -0.045959 -0.3751755 -0.936378
v -0.047824 -0.3104505 -0.938112
v 0.446972 -0.3525975 -0.020692
v 0.384954 -0.2535335 0.878232
v 0.204727 -0.2419695 0.891565
v -0.036987 -0.3751505 0.933541
v -0.047824 -0.3104505 0.942338
v 0.447807 -0.3549485 -0.020691
v 0.39694 -0.2419695 -0.118425
v 0.395312 -0.2412935 -0.020692
v 0.292383 -0.3034815 0.878232
v 0.385923 -0.2966495 -0.020692
v 0.385799 -0.2439975 -0.132647
v 0.393084 -0.2535335 -0.132647
v 0.430346 -0.3543895 0.898618
v 0.448783 -0.3551155 0.898618
v 0.45504 -0.3544405 0.940607
v 0.024603 -0.2964355 -0.020691
v 0.207516 -0.3691665 -0.923361
v -0.038048 -0.3724515 -0.020692
v 0.430455 -0.3570915 -0.929315
v 0.456244 -0.3543105 -0.118425
v -0.047882 -0.3698265 0.942352
v -0.047149 -0.3751785 0.938268
v -0.028047 -0.4259355 -0.421505
v 0.003495 -0.4258505 -0.421505
v -0.02808 -0.4137025 -0.421505
v 0.003462 -0.4136185 -0.421505
v -0.028047 -0.4259345 0.679176
v 0.003495 -0.4258495 0.679176
v -0.02808 -0.4137015 0.679176
v 0.003462 -0.4136175 0.679176
v -0.02129 -0.4222335 -0.335929
v -0.003281 -0.4221855 -0.335929
v -0.021371 -0.3681155 -0.335929
v -0.003362 -0.3680665 -0.335929
v -0.02129 -0.4222335 -0.292066
v -0.003281 -0.4221855 -0.292066
v -0.021371 -0.3681155 -0.292066
v -0.003362 -0.3680665 -0.292066
v -0.021291 -0.4222335 0.53019
v -0.003282 -0.4221845 0.53019
v -0.021371 -0.3681145 0.53019
v -0.003362 -0.3680665 0.53019
v -0.021291 -0.4222335 0.574053
v -0.003282 -0.4221845 0.574053
v -0.021371 -0.3681145 0.574053
v -0.003362 -0.3680665 0.574053
vt 0.896387 0.565103
vt 0.89416 0.565103
vt 0.897149 0.565776
vt 0.89732 0.565618
vt 0.896593 0.562815
vt 0.896593 0.564912
vt 0.89416 0.527526
vt 0.896387 0.527526
vt 0.897149 0.526853
vt 0.889987 0.527526
vt 0.89416 0.527526
vt 0.889987 0.526853
vt 0.88632 0.527526
vt 0.889987 0.527526
vt 0.889987 0.526853
vt 0.882654 0.527526
vt 0.88632 0.527526
vt 0.882654 0.526853
vt 0.878988 0.527526
vt 0.882654 0.527526
vt 0.882654 0.526853
vt 0.875321 0.527526
vt 0.878988 0.527526
vt 0.882654 0.526853
vt 0.871432 0.527526
vt 0.875321 0.527526
vt 0.875321 0.526853
vt 0.867961 0.527526
vt 0.871432 0.527526
vt 0.871432 0.526853
vt 0.865618 0.527526
vt 0.867961 0.527526
vt 0.867961 0.526853
vt 0.864685 0.533097
vt 0.865412 0.533097
vt 0.865412 0.527717
vt 0.867961 0.565103
vt 0.865618 0.565103
vt 0.864856 0.565776
vt 0.871432 0.565103
vt 0.867961 0.565103
vt 0.867961 0.565776
vt 0.875321 0.565103
vt 0.871432 0.565103
vt 0.871432 0.565776
vt 0.878988 0.565103
vt 0.875321 0.565103
vt 0.875321 0.565776
vt 0.882654 0.565103
vt 0.878988 0.565103
vt 0.875321 0.565776
vt 0.88632 0.565103
vt 0.882654 0.565103
vt 0.882654 0.565776
vt 0.889987 0.565103
vt 0.88632 0.565103
vt 0.882654 0.565776
vt 0.89416 0.565103
vt 0.889987 0.565103
vt 0.882654 0.565776
vt 0.89416 0.565103
vt 0.896387 0.565103
vt 0.896501 0.565081
vt 0.89416 0.565103
vt 0.896501 0.565081
vt 0.89657 0.565018
vt 0.89416 0.565103
vt 0.89657 0.565018
vt 0.896593 0.564912
vt 0.896593 0.564912
vt 0.896593 0.562815
vt 0.892713 0.562382
vt 0.89416 0.565103
vt 0.896593 0.564912
vt 0.892713 0.562382
vt 0.89416 0.527526
vt 0.889987 0.527526
vt 0.892713 0.53214
vt 0.889987 0.527526
vt 0.88632 0.527526
vt 0.876177 0.53214
vt 0.88632 0.527526
vt 0.882654 0.527526
vt 0.876177 0.53214
vt 0.882654 0.527526
vt 0.878988 0.527526
vt 0.876177 0.53214
vt 0.878988 0.527526
vt 0.875321 0.527526
vt 0.876177 0.53214
vt 0.875321 0.527526
vt 0.871432 0.527526
vt 0.872871 0.53214
vt 0.871432 0.527526
vt 0.867961 0.527526
vt 0.869921 0.53214
vt 0.867961 0.527526
vt 0.865618 0.527526
vt 0.865503 0.527548
vt 0.867961 0.527526
vt 0.865503 0.527548
vt 0.865435 0.527611
vt 0.867961 0.527526
vt 0.865435 0.527611
vt 0.865412 0.527717
vt 0.865412 0.527717
vt 0.865412 0.533097
vt 0.869299 0.53214
vt 0.867961 0.527526
vt 0.865412 0.527717
vt 0.869299 0.53214
vt 0.867961 0.565103
vt 0.871432 0.565103
vt 0.872871 0.562382
vt 0.871432 0.565103
vt 0.875321 0.565103
vt 0.876177 0.562382
vt 0.875321 0.565103
vt 0.878988 0.565103
vt 0.876177 0.562382
vt 0.878988 0.565103
vt 0.882654 0.565103
vt 0.876177 0.562382
vt 0.882654 0.565103
vt 0.88632 0.565103
vt 0.876177 0.562382
vt 0.88632 0.565103
vt 0.889987 0.565103
vt 0.892713 0.562382
vt 0.889987 0.565103
vt 0.89416 0.565103
vt 0.892713 0.562382
vt 0.896593 0.533097
vt 0.896593 0.539677
vt 0.89732 0.539677
vt 0.865412 0.562815
vt 0.865412 0.539677
vt 0.864685 0.539677
vt 0.896593 0.539677
vt 0.896593 0.533097
vt 0.893022 0.532477
vt 0.865412 0.539677
vt 0.865412 0.562815
vt 0.86899 0.562046
vt 0.864685 0.539677
vt 0.865412 0.539677
vt 0.865412 0.533097
vt 0.86899 0.533097
vt 0.865412 0.533097
vt 0.865412 0.539677
vt 0.896593 0.527717
vt 0.896593 0.533097
vt 0.89732 0.527011
vt 0.896593 0.533097
vt 0.896593 0.527717
vt 0.89657 0.527611
vt 0.896593 0.533097
vt 0.89657 0.527611
vt 0.896501 0.527548
vt 0.896593 0.533097
vt 0.896501 0.527548
vt 0.896387 0.527526
vt 0.896387 0.527526
vt 0.89416 0.527526
vt 0.892713 0.53214
vt 0.896593 0.533097
vt 0.896387 0.527526
vt 0.893022 0.532477
vt 0.89732 0.539677
vt 0.896593 0.539677
vt 0.896593 0.562815
vt 0.893022 0.562045
vt 0.896593 0.562815
vt 0.896593 0.539677
vt 0.865412 0.564912
vt 0.865412 0.562815
vt 0.864685 0.565618
vt 0.865412 0.562815
vt 0.865412 0.564912
vt 0.865435 0.565018
vt 0.865412 0.562815
vt 0.865435 0.565018
vt 0.865503 0.565081
vt 0.865412 0.562815
vt 0.865503 0.565081
vt 0.865618 0.565103
vt 0.865618 0.565103
vt 0.867961 0.565103
vt 0.869921 0.562382
vt 0.865412 0.562815
vt 0.865618 0.565103
vt 0.86899 0.562046
vt 0.896501 0.565081
vt 0.896387 0.565103
vt 0.897149 0.565776
vt 0.89657 0.527611
vt 0.896593 0.527717
vt 0.89732 0.527011
vt 0.865503 0.527548
vt 0.865618 0.527526
vt 0.864856 0.526853
vt 0.865435 0.565018
vt 0.865412 0.564912
vt 0.864685 0.565618
vt 0.89657 0.565018
vt 0.896501 0.565081
vt 0.897244 0.565759
vt 0.896593 0.564912
vt 0.89657 0.565018
vt 0.897301 0.565706
vt 0.896501 0.527548
vt 0.89657 0.527611
vt 0.897301 0.526923
vt 0.896387 0.527526
vt 0.896501 0.527548
vt 0.897244 0.52687
vt 0.865435 0.527611
vt 0.865503 0.527548
vt 0.864761 0.52687
vt 0.865412 0.527717
vt 0.865435 0.527611
vt 0.864704 0.526923
vt 0.865503 0.565081
vt 0.865435 0.565018
vt 0.864704 0.565706
vt 0.865618 0.565103
vt 0.865503 0.565081
vt 0.864761 0.565759
vt 0.864685 0.539677
vt 0.864685 0.565618
vt 0.865412 0.562815
vt 0.896593 0.562815
vt 0.89732 0.565618
vt 0.89732 0.539677
vt 0.586673 0.401767
vt 0.652472 0.400551
vt 0.687101 0.400665
vt 0.882654 0.526853
vt 0.875321 0.526853
vt 0.875321 0.527526
vt 0.86899 0.562046
vt 0.86899 0.539677
vt 0.865412 0.539677
vt 0.896593 0.539677
vt 0.893022 0.539677
vt 0.893022 0.562045
vt 0.875321 0.565776
vt 0.882654 0.565776
vt 0.882654 0.565103
vt 0.432381 0.376502
vt 0.755604 0.349203
vt 0.755564 0.376502
vt 0.876177 0.53214
vt 0.892713 0.53214
vt 0.889987 0.527526
vt 0.891484 0.533771
vt 0.879293 0.533266
vt 0.876177 0.539677
vt 0.892713 0.562382
vt 0.876177 0.562382
vt 0.88632 0.565103
vt 0.876177 0.539677
vt 0.892035 0.539677
vt 0.891484 0.533771
vt 0.867961 0.565776
vt 0.871432 0.565776
vt 0.871432 0.565103
vt 0.48317 0.414047
vt 0.53798 0.400282
vt 0.570687 0.400304
vt 0.871432 0.526853
vt 0.867961 0.526853
vt 0.867961 0.527526
vt 0.601348 0.400282
vt 0.634109 0.400282
vt 0.586673 0.401767
vt 0.755604 0.349203
vt 0.432381 0.376502
vt 0.432376 0.347766
vt 0.435626 0.226864
vt 0.435626 0.208132
vt 0.756187 0.208132
vt 0.570687 0.400304
vt 0.585391 0.414733
vt 0.48317 0.414047
vt 0.756187 0.264583
vt 0.756187 0.283568
vt 0.435626 0.283568
vt 0.869981 0.533097
vt 0.872871 0.533097
vt 0.869974 0.533097
vt 0.869919 0.561375
vt 0.869919 0.539677
vt 0.86991 0.539677
vt 0.879283 0.561442
vt 0.892126 0.561442
vt 0.885526 0.561442
vt 0.86991 0.539677
vt 0.86991 0.561375
vt 0.869919 0.561375
vt 0.879293 0.533097
vt 0.892119 0.533097
vt 0.879283 0.533097
vt 0.892188 0.533165
vt 0.892188 0.539677
vt 0.892181 0.539677
vt 0.892179 0.561375
vt 0.892181 0.539677
vt 0.892188 0.539677
vt 0.879283 0.561442
vt 0.888632 0.561442
vt 0.892126 0.561442
vt 0.892713 0.53214
vt 0.876177 0.53214
vt 0.879283 0.53214
vt 0.868981 0.562039
vt 0.868981 0.539677
vt 0.868988 0.539677
vt 0.687101 0.400665
vt 0.72173 0.400779
vt 0.586673 0.401767
vt 0.889987 0.526853
vt 0.882654 0.526853
vt 0.88632 0.527526
vt 0.892711 0.562382
vt 0.879283 0.562382
vt 0.876177 0.562382
vt 0.868988 0.539677
vt 0.868988 0.562044
vt 0.868981 0.562039
vt 0.882654 0.565776
vt 0.897149 0.565776
vt 0.89416 0.565103
vt 0.485075 0.400628
vt 0.519646 0.400538
vt 0.48317 0.414047
vt 0.897149 0.526853
vt 0.889987 0.526853
vt 0.89416 0.527526
vt 0.690898 0.427505
vt 0.72173 0.400779
vt 0.755538 0.411758
vt 0.892179 0.53214
vt 0.892713 0.53214
vt 0.879283 0.53214
vt 0.893021 0.562044
vt 0.893021 0.539677
vt 0.893013 0.539677
vt 0.432594 0.376503
vt 0.755811 0.376503
vt 0.741807 0.377586
vt 0.416734 0.400805
vt 0.485075 0.400628
vt 0.48317 0.414047
vt 0.892698 0.562382
vt 0.879283 0.562382
vt 0.892711 0.562382
vt 0.893013 0.539677
vt 0.893013 0.562039
vt 0.893021 0.562044
vt 0.755538 0.411758
vt 0.746906 0.423525
vt 0.728339 0.42518
vt 0.741807 0.377586
vt 0.39972 0.398156
vt 0.432594 0.376503
vt 0.435626 0.283568
vt 0.435626 0.264583
vt 0.756187 0.264583
vt 0.672033 0.42824
vt 0.586673 0.401767
vt 0.72173 0.400779
vt 0.443888 0.425115
vt 0.425353 0.423447
vt 0.416743 0.411674
vt 0.756187 0.208132
vt 0.756187 0.226864
vt 0.435626 0.226864
vt 0.869756 0.539677
vt 0.869133 0.539677
vt 0.869133 0.56175
vt 0.876166 0.532308
vt 0.876166 0.532929
vt 0.888632 0.532929
vt 0.741478 0.016112
vt 0.43226 0.016352
vt 0.43226 0.013352
vt 0.123927 0.040945
vt 0.123927 0.022299
vt 0.126636 0.022299
vt 0.754815 0.183058
vt 0.43226 0.183058
vt 0.43226 0.180537
vt 0.126872 0.135446
vt 0.126872 0.170945
vt 0.123927 0.170945
vt 0.43226 0.180297
vt 0.752102 0.180297
vt 0.752831 0.180438
vt 0.755934 0.135446
vt 0.755934 0.170945
vt 0.752989 0.170945
vt 0.755934 0.022299
vt 0.755934 0.040945
vt 0.752989 0.040945
vt 0.43226 0.013352
vt 0.741478 0.013592
vt 0.741478 0.016112
vt 0.876166 0.561611
vt 0.876166 0.562214
vt 0.892431 0.562214
vt 0.869133 0.56175
vt 0.869756 0.561442
vt 0.869756 0.539677
vt 0.892431 0.532308
vt 0.876166 0.532308
vt 0.888632 0.532929
vt 0.892857 0.539677
vt 0.892333 0.539677
vt 0.892333 0.561442
vt 0.892333 0.561442
vt 0.892857 0.56175
vt 0.892857 0.539677
vt 0.892431 0.562214
vt 0.892179 0.561611
vt 0.876166 0.561611
vt 0.126872 0.059677
vt 0.126872 0.078494
vt 0.123927 0.078494
vt 0.123927 0.170945
vt 0.123927 0.135446
vt 0.126872 0.135446
vt 0.752989 0.078494
vt 0.752989 0.059677
vt 0.755934 0.059677
vt 0.752989 0.135446
vt 0.752989 0.11638
vt 0.755934 0.11638
vt 0.131453 0.399373
vt 0.435976 0.398646
vt 0.755837 0.398646
vt 0.446822 0.430846
vt 0.465521 0.431462
vt 0.465521 0.432189
vt 0.713052 0.431435
vt 0.731782 0.430818
vt 0.731782 0.431546
vt 0.755837 0.398646
vt 0.755837 0.399373
vt 0.131453 0.399373
vt 0.869121 0.562344
vt 0.869016 0.56223
vt 0.869022 0.562232
vt 0.879283 0.562382
vt 0.892605 0.56234
vt 0.879282 0.56234
vt 0.675334 0.432495
vt 0.656349 0.432278
vt 0.656349 0.431551
vt 0.755837 0.399463
vt 0.755837 0.40019
vt 0.435941 0.40019
vt 0.869559 0.532308
vt 0.869133 0.532772
vt 0.86991 0.532929
vt 0.869016 0.532292
vt 0.869121 0.532178
vt 0.869126 0.532177
vt 0.435941 0.40019
vt 0.435941 0.399463
vt 0.755837 0.399463
vt 0.57661 0.430602
vt 0.541166 0.431876
vt 0.541166 0.431149
vt 0.892431 0.562214
vt 0.892857 0.56175
vt 0.892179 0.561611
vt 0.892978 0.56223
vt 0.892873 0.562344
vt 0.892883 0.562345
vt 0.484307 0.432495
vt 0.465521 0.432189
vt 0.465521 0.431462
vt 0.503177 0.431795
vt 0.52213 0.431578
vt 0.522131 0.432305
vt 0.755934 0.078494
vt 0.755934 0.097396
vt 0.752989 0.097396
vt 0.416743 0.411674
vt 0.48317 0.414047
vt 0.443888 0.425115
vt 0.713052 0.432162
vt 0.694235 0.432468
vt 0.694235 0.43174
vt 0.656349 0.431551
vt 0.675334 0.431768
vt 0.675334 0.432495
vt 0.892873 0.532178
vt 0.892978 0.532292
vt 0.892986 0.53229
vt 0.892857 0.532772
vt 0.892431 0.532308
vt 0.892333 0.533097
vt 0.879283 0.561442
vt 0.879282 0.561485
vt 0.888632 0.561485
vt 0.869833 0.561442
vt 0.86991 0.561375
vt 0.86991 0.539677
vt 0.123927 0.11638
vt 0.123927 0.097396
vt 0.126872 0.097396
vt 0.755538 0.411758
vt 0.709668 0.426496
vt 0.690898 0.427505
vt 0.865618 0.565103
vt 0.869921 0.562382
vt 0.86899 0.562046
vt 0.869296 0.562382
vt 0.869121 0.562344
vt 0.869126 0.562345
vt 0.126636 0.022299
vt 0.126872 0.040945
vt 0.123927 0.040945
vt 0.446822 0.431573
vt 0.42821 0.430612
vt 0.42821 0.429885
vt 0.879283 0.533097
vt 0.888632 0.533055
vt 0.879282 0.533055
vt 0.869871 0.539677
vt 0.869756 0.539677
vt 0.869756 0.561442
vt 0.888632 0.533055
vt 0.879283 0.533097
vt 0.888632 0.533097
vt 0.892256 0.561442
vt 0.892217 0.539677
vt 0.892179 0.539677
vt 0.869559 0.562214
vt 0.869386 0.56234
vt 0.872861 0.56234
vt 0.869559 0.562214
vt 0.87286 0.562214
vt 0.87286 0.561611
vt 0.892179 0.539677
vt 0.892179 0.561375
vt 0.892256 0.561442
vt 0.892179 0.561611
vt 0.888632 0.561485
vt 0.879282 0.561485
vt 0.86999 0.53326
vt 0.869938 0.539677
vt 0.869938 0.561349
vt 0.879293 0.533172
vt 0.892104 0.533116
vt 0.879293 0.533116
vt 0.869126 0.532177
vt 0.869022 0.53229
vt 0.869016 0.532292
vt 0.865412 0.533097
vt 0.86899 0.533097
vt 0.869299 0.53214
vt 0.432376 0.347766
vt 0.432381 0.347399
vt 0.755132 0.347399
vt 0.598489 0.429441
vt 0.598489 0.429077
vt 0.634014 0.42902
vt 0.869058 0.53236
vt 0.869181 0.532226
vt 0.86912 0.532178
vt 0.879283 0.53214
vt 0.879282 0.532182
vt 0.892605 0.532182
vt 0.869938 0.561349
vt 0.86999 0.56128
vt 0.86999 0.53326
vt 0.879293 0.561368
vt 0.879293 0.561424
vt 0.892104 0.561424
vt 0.435626 0.338132
vt 0.435626 0.302633
vt 0.744844 0.302633
vt 0.541166 0.431149
vt 0.57661 0.429874
vt 0.57661 0.430602
vt 0.754588 0.338132
vt 0.754165 0.345576
vt 0.435626 0.345684
vt 0.601779 0.429847
vt 0.637282 0.431122
vt 0.637282 0.431849
vt 0.573521 0.429102
vt 0.573502 0.429466
vt 0.538036 0.429384
vt 0.755132 0.347399
vt 0.755606 0.347766
vt 0.432376 0.347766
vt 0.432591 0.398554
vt 0.39972 0.398156
vt 0.755863 0.398156
vt 0.746906 0.423525
vt 0.74703 0.423879
vt 0.728436 0.425537
vt 0.690951 0.427866
vt 0.690898 0.427505
vt 0.709668 0.426496
vt 0.123927 0.078494
vt 0.123927 0.059677
vt 0.126872 0.059677
vt 0.896593 0.562815
vt 0.893022 0.562045
vt 0.892713 0.562382
vt 0.892883 0.562345
vt 0.892986 0.562232
vt 0.892978 0.56223
vt 0.755863 0.398156
vt 0.755384 0.398554
vt 0.432591 0.398554
vt 0.425211 0.4238
vt 0.425353 0.423447
vt 0.443888 0.425115
vt 0.752989 0.040945
vt 0.752989 0.022299
vt 0.755934 0.022299
vt 0.750424 0.430585
vt 0.731782 0.431546
vt 0.731782 0.430818
vt 0.892605 0.56234
vt 0.879283 0.562382
vt 0.892695 0.562382
vt 0.892932 0.562162
vt 0.892809 0.562296
vt 0.892871 0.562344
vt 0.892605 0.532182
vt 0.892809 0.532226
vt 0.892871 0.532178
vt 0.892605 0.532182
vt 0.892179 0.53214
vt 0.879283 0.53214
vt 0.892986 0.53229
vt 0.892883 0.532177
vt 0.892873 0.532178
vt 0.896387 0.527526
vt 0.892713 0.53214
vt 0.893022 0.532477
vt 0.86991 0.561527
vt 0.872861 0.561485
vt 0.872861 0.561442
vt 0.87286 0.561611
vt 0.86991 0.561611
vt 0.869559 0.562214
vt 0.86912 0.532178
vt 0.869014 0.532293
vt 0.869058 0.53236
vt 0.869017 0.532583
vt 0.868979 0.539677
vt 0.868979 0.562038
vt 0.435626 0.189487
vt 0.435626 0.185338
vt 0.744844 0.185338
vt 0.42821 0.429885
vt 0.446822 0.430846
vt 0.446822 0.431573
vt 0.892977 0.532293
vt 0.892871 0.532178
vt 0.892809 0.532226
vt 0.893012 0.539677
vt 0.892973 0.539677
vt 0.892973 0.561939
vt 0.869559 0.532308
vt 0.86991 0.532929
vt 0.87286 0.532929
vt 0.872861 0.533097
vt 0.872861 0.533055
vt 0.86991 0.533013
vt 0.892104 0.533116
vt 0.879293 0.533172
vt 0.89204 0.533172
vt 0.892172 0.539677
vt 0.892121 0.539677
vt 0.892121 0.56128
vt 0.892104 0.561424
vt 0.89204 0.561368
vt 0.885526 0.561368
vt 0.892121 0.56128
vt 0.892172 0.561349
vt 0.892172 0.539677
vt 0.872861 0.562382
vt 0.872861 0.56234
vt 0.869386 0.56234
vt 0.869121 0.562344
vt 0.869296 0.562382
vt 0.869295 0.562382
vt 0.86991 0.53214
vt 0.869386 0.532182
vt 0.872861 0.532182
vt 0.87286 0.532929
vt 0.87286 0.532308
vt 0.869559 0.532308
vt 0.744844 0.185338
vt 0.744844 0.189487
vt 0.435626 0.189487
vt 0.731782 0.430818
vt 0.750424 0.429858
vt 0.750424 0.430585
vt 0.869181 0.562296
vt 0.869058 0.562162
vt 0.869014 0.562229
vt 0.868979 0.562038
vt 0.869017 0.561939
vt 0.869017 0.532583
vt 0.892256 0.533097
vt 0.892179 0.533013
vt 0.892117 0.533097
vt 0.892431 0.532308
vt 0.892179 0.532929
vt 0.892333 0.533097
vt 0.892973 0.561939
vt 0.893012 0.562037
vt 0.893012 0.539677
vt 0.892871 0.562344
vt 0.892977 0.562229
vt 0.892932 0.562162
vt 0.872871 0.533172
vt 0.872871 0.533266
vt 0.876177 0.533266
vt 0.872871 0.533771
vt 0.876177 0.533771
vt 0.876177 0.533266
vt 0.869919 0.533165
vt 0.869981 0.533097
vt 0.869974 0.533097
vt 0.870006 0.533116
vt 0.869938 0.533191
vt 0.86999 0.53326
vt 0.586545 0.427634
vt 0.586609 0.4147
vt 0.634014 0.42902
vt 0.586609 0.4147
vt 0.586176 0.414701
vt 0.586228 0.401768
vt 0.592845 0.430235
vt 0.592594 0.430225
vt 0.592594 0.429498
vt 0.752831 0.180438
vt 0.752595 0.180198
vt 0.752891 0.1799
vt 0.7553 0.347313
vt 0.435626 0.34715
vt 0.435626 0.345684
vt 0.130973 0.399464
vt 0.131386 0.399463
vt 0.131386 0.400191
vt 0.126872 0.097396
vt 0.126872 0.11638
vt 0.123927 0.11638
vt 0.522131 0.432305
vt 0.503177 0.432523
vt 0.503177 0.431795
vt 0.422696 0.429516
vt 0.423106 0.429544
vt 0.423107 0.430271
vt 0.423106 0.429544
vt 0.423338 0.429468
vt 0.428215 0.429794
vt 0.500099 0.428213
vt 0.50005 0.428576
vt 0.481194 0.427827
vt 0.538036 0.429384
vt 0.538054 0.42902
vt 0.573521 0.429102
vt 0.131453 0.399373
vt 0.131038 0.399365
vt 0.131038 0.398638
vt 0.130406 0.189487
vt 0.130406 0.184601
vt 0.132111 0.185769
vt 0.892126 0.533097
vt 0.892188 0.533165
vt 0.892181 0.533165
vt 0.892172 0.533191
vt 0.892104 0.533116
vt 0.89204 0.533172
vt 0.876177 0.561424
vt 0.876177 0.561368
vt 0.872871 0.561368
vt 0.876177 0.539677
vt 0.872871 0.533771
vt 0.872871 0.561274
vt 0.465521 0.431462
vt 0.484306 0.431767
vt 0.484307 0.432495
vt 0.435626 0.245682
vt 0.435626 0.226864
vt 0.756187 0.226864
vt 0.888632 0.561442
vt 0.888632 0.561485
vt 0.892179 0.561527
vt 0.888632 0.561485
vt 0.888632 0.561442
vt 0.879283 0.561442
vt 0.892188 0.561375
vt 0.892126 0.561442
vt 0.892119 0.561442
vt 0.892104 0.561424
vt 0.892172 0.561349
vt 0.892121 0.56128
vt 0.672033 0.42824
vt 0.672064 0.428603
vt 0.653084 0.429097
vt 0.634014 0.42902
vt 0.634014 0.429384
vt 0.598489 0.429441
vt 0.756189 0.183289
vt 0.755942 0.183541
vt 0.755541 0.183198
vt 0.756019 0.349202
vt 0.75627 0.3492
vt 0.756271 0.362132
vt 0.869981 0.561442
vt 0.869919 0.561375
vt 0.86991 0.561375
vt 0.869938 0.561349
vt 0.870006 0.561424
vt 0.87007 0.561368
vt 0.869133 0.532772
vt 0.869756 0.533097
vt 0.86991 0.532929
vt 0.86991 0.533013
vt 0.869833 0.533097
vt 0.86991 0.533165
vt 0.869974 0.533097
vt 0.869912 0.533165
vt 0.869919 0.533165
vt 0.86991 0.533165
vt 0.869972 0.533097
vt 0.86991 0.533013
vt 0.123672 0.013335
vt 0.123917 0.013079
vt 0.124316 0.013454
vt 0.756237 0.411724
vt 0.755975 0.411737
vt 0.755999 0.401976
vt 0.756187 0.226864
vt 0.744844 0.245682
vt 0.435626 0.245682
vt 0.694235 0.43174
vt 0.713052 0.431435
vt 0.713052 0.432162
vt 0.755537 0.429517
vt 0.755952 0.429489
vt 0.755952 0.430216
vt 0.750424 0.429858
vt 0.750424 0.429767
vt 0.755309 0.429441
vt 0.586118 0.429071
vt 0.585867 0.429071
vt 0.585917 0.414701
vt 0.12392 0.183541
vt 0.123673 0.183289
vt 0.124025 0.182898
vt 0.755952 0.429489
vt 0.756201 0.429472
vt 0.756201 0.4302
vt 0.754482 0.185769
vt 0.756187 0.184601
vt 0.756187 0.189487
vt 0.897301 0.526923
vt 0.897244 0.52687
vt 0.896501 0.527548
vt 0.755999 0.401976
vt 0.756268 0.401975
vt 0.756237 0.411724
vt 0.864704 0.565706
vt 0.864761 0.565759
vt 0.865503 0.565081
vt 0.756271 0.362132
vt 0.756012 0.362134
vt 0.756019 0.349202
vt 0.756187 0.338132
vt 0.756187 0.346419
vt 0.754482 0.345253
vt 0.592594 0.429498
vt 0.592845 0.429507
vt 0.592845 0.430235
vt 0.892857 0.56175
vt 0.892333 0.561442
vt 0.892179 0.561611
vt 0.892179 0.561527
vt 0.892256 0.561442
vt 0.892179 0.561375
vt 0.892179 0.533013
vt 0.888632 0.533055
vt 0.888632 0.533097
vt 0.888632 0.532929
vt 0.879282 0.533055
vt 0.888632 0.533055
vt 0.126971 0.1799
vt 0.127266 0.180198
vt 0.127031 0.180438
vt 0.585798 0.430252
vt 0.585534 0.430262
vt 0.585534 0.429534
vt 0.416027 0.411639
vt 0.416303 0.411652
vt 0.41632 0.421413
vt 0.755944 0.013079
vt 0.756189 0.013335
vt 0.755837 0.01376
vt 0.756201 0.4302
vt 0.755952 0.430216
vt 0.755952 0.429489
vt 0.75289 0.016747
vt 0.75283 0.016211
vt 0.755309 0.013694
vt 0.869017 0.561939
vt 0.869133 0.56175
vt 0.869133 0.539677
vt 0.869058 0.562162
vt 0.869181 0.562296
vt 0.869323 0.562162
vt 0.127267 0.016451
vt 0.126971 0.016747
vt 0.124024 0.01376
vt 0.130786 0.398615
vt 0.131038 0.398638
vt 0.131038 0.399365
vt 0.869121 0.532178
vt 0.869296 0.53214
vt 0.869298 0.53214
vt 0.869295 0.53214
vt 0.86912 0.532178
vt 0.869181 0.532226
vt 0.869559 0.562214
vt 0.86991 0.561611
vt 0.869756 0.561442
vt 0.86991 0.561375
vt 0.869833 0.561442
vt 0.86991 0.561527
vt 0.87286 0.532308
vt 0.872861 0.532182
vt 0.869386 0.532182
vt 0.876166 0.532308
vt 0.892605 0.532182
vt 0.879282 0.532182
vt 0.897244 0.565759
vt 0.897301 0.565706
vt 0.89657 0.565018
vt 0.416303 0.411652
vt 0.416027 0.411639
vt 0.416003 0.40189
vt 0.86912 0.562344
vt 0.869295 0.562382
vt 0.869386 0.56234
vt 0.869014 0.562229
vt 0.86912 0.562344
vt 0.869181 0.562296
vt 0.435626 0.208132
vt 0.435626 0.189487
vt 0.744844 0.189487
vt 0.42821 0.429885
vt 0.428215 0.429794
vt 0.446826 0.430754
vt 0.872871 0.53214
vt 0.869921 0.53214
vt 0.86991 0.53214
vt 0.869921 0.53214
vt 0.872871 0.53214
vt 0.871432 0.527526
vt 0.462434 0.426803
vt 0.462527 0.426443
vt 0.481265 0.427465
vt 0.443888 0.425115
vt 0.443772 0.425472
vt 0.425211 0.4238
vt 0.869022 0.562232
vt 0.869126 0.562345
vt 0.869121 0.562344
vt 0.869921 0.562382
vt 0.869127 0.562345
vt 0.869024 0.562233
vt 0.752989 0.170945
vt 0.752989 0.135446
vt 0.755934 0.135446
vt 0.637282 0.431849
vt 0.601779 0.430574
vt 0.601779 0.429847
vt 0.892668 0.53236
vt 0.892809 0.532514
vt 0.892932 0.53236
vt 0.892973 0.539677
vt 0.892857 0.539677
vt 0.892857 0.56175
vt 0.892117 0.533097
vt 0.892179 0.533165
vt 0.892256 0.533097
vt 0.892181 0.533165
vt 0.892119 0.533097
vt 0.892126 0.533097
vt 0.892809 0.562008
vt 0.892668 0.562162
vt 0.892809 0.562296
vt 0.892605 0.56234
vt 0.892431 0.562214
vt 0.876166 0.562214
vt 0.585967 0.400332
vt 0.586228 0.401768
vt 0.586176 0.414701
vt 0.864761 0.52687
vt 0.864704 0.526923
vt 0.865435 0.527611
vt 0.728436 0.425537
vt 0.728339 0.42518
vt 0.746906 0.423525
vt 0.709668 0.426496
vt 0.709743 0.426856
vt 0.690951 0.427866
vt 0.876166 0.561611
vt 0.87286 0.561611
vt 0.87286 0.562214
vt 0.872861 0.561442
vt 0.872861 0.561485
vt 0.876166 0.561485
vt 0.869133 0.539677
vt 0.869017 0.532583
vt 0.869017 0.561939
vt 0.869181 0.532226
vt 0.869058 0.53236
vt 0.869181 0.532514
vt 0.435626 0.264583
vt 0.435626 0.245682
vt 0.744844 0.245682
vt 0.484306 0.431767
vt 0.503177 0.431795
vt 0.503177 0.432523
vt 0.868981 0.532483
vt 0.869016 0.532292
vt 0.869022 0.53229
vt 0.869014 0.532293
vt 0.868979 0.532485
vt 0.869017 0.532583
vt 0.744844 0.189487
vt 0.756187 0.208132
vt 0.435626 0.208132
vt 0.750424 0.429767
vt 0.750424 0.429858
vt 0.731782 0.430818
vt 0.752989 0.097396
vt 0.752989 0.078494
vt 0.755934 0.078494
vt 0.694235 0.432468
vt 0.675334 0.432495
vt 0.675334 0.431768
vt 0.124803 0.013352
vt 0.124316 0.013454
vt 0.123917 0.013079
vt 0.127267 0.016451
vt 0.124316 0.013454
vt 0.124803 0.013352
vt 0.872871 0.561424
vt 0.872871 0.561368
vt 0.87007 0.561368
vt 0.870626 0.560769
vt 0.872871 0.561274
vt 0.872871 0.533771
vt 0.675334 0.431768
vt 0.694235 0.43174
vt 0.694235 0.432468
vt 0.744844 0.245682
vt 0.756187 0.264583
vt 0.435626 0.264583
vt 0.127031 0.180438
vt 0.127759 0.180297
vt 0.124811 0.183298
vt 0.124025 0.182898
vt 0.12432 0.183198
vt 0.12392 0.183541
vt 0.892695 0.562382
vt 0.892871 0.562344
vt 0.892809 0.562296
vt 0.892873 0.562344
vt 0.892698 0.562382
vt 0.892711 0.562382
vt 0.637282 0.431031
vt 0.637282 0.431122
vt 0.601779 0.429847
vt 0.756187 0.283568
vt 0.744844 0.302633
vt 0.435626 0.302633
vt 0.870626 0.560769
vt 0.870539 0.533866
vt 0.870075 0.539677
vt 0.872871 0.533266
vt 0.872871 0.533172
vt 0.87007 0.533172
vt 0.892978 0.532292
vt 0.893013 0.532483
vt 0.893022 0.532477
vt 0.893012 0.532485
vt 0.892977 0.532293
vt 0.892932 0.53236
vt 0.462527 0.426443
vt 0.481456 0.426123
vt 0.481265 0.427465
vt 0.538054 0.42902
vt 0.48317 0.414047
vt 0.585391 0.414733
vt 0.519025 0.428721
vt 0.500099 0.428213
vt 0.481456 0.426123
vt 0.50005 0.428576
vt 0.500099 0.428213
vt 0.519025 0.428721
vt 0.869386 0.532182
vt 0.869559 0.532308
vt 0.87286 0.532308
vt 0.869181 0.532514
vt 0.869323 0.53236
vt 0.869181 0.532226
vt 0.465521 0.432189
vt 0.446822 0.431573
vt 0.446822 0.430846
vt 0.126872 0.059677
vt 0.123927 0.040945
vt 0.126872 0.040945
vt 0.876166 0.562214
vt 0.879282 0.56234
vt 0.892605 0.56234
vt 0.87286 0.562214
vt 0.876166 0.562214
vt 0.876166 0.561611
vt 0.869833 0.533097
vt 0.869871 0.539677
vt 0.86991 0.539677
vt 0.86991 0.539677
vt 0.869871 0.539677
vt 0.869833 0.561442
vt 0.869022 0.53229
vt 0.868988 0.532478
vt 0.868981 0.532483
vt 0.86899 0.533097
vt 0.869024 0.53229
vt 0.869127 0.532177
vt 0.892809 0.562296
vt 0.892932 0.562162
vt 0.892809 0.562008
vt 0.892857 0.56175
vt 0.892973 0.561939
vt 0.892973 0.539677
vt 0.872861 0.533055
vt 0.87286 0.532929
vt 0.86991 0.532929
vt 0.879282 0.533055
vt 0.888632 0.532929
vt 0.876166 0.532929
vt 0.892973 0.532583
vt 0.892932 0.53236
vt 0.892809 0.532514
vt 0.892932 0.53236
vt 0.892973 0.532583
vt 0.893012 0.532485
vt 0.892119 0.561442
vt 0.892179 0.561375
vt 0.892188 0.561375
vt 0.892179 0.561375
vt 0.892117 0.561442
vt 0.892179 0.561527
vt 0.869133 0.56175
vt 0.869559 0.562214
vt 0.869756 0.561442
vt 0.869323 0.562162
vt 0.869181 0.562008
vt 0.869058 0.562162
vt 0.576614 0.429783
vt 0.57661 0.429874
vt 0.541166 0.431149
vt 0.131293 0.347313
vt 0.1308 0.347214
vt 0.130505 0.346916
vt 0.755309 0.013694
vt 0.755601 0.013999
vt 0.75289 0.016747
vt 0.755837 0.01376
vt 0.755545 0.013454
vt 0.755944 0.013079
vt 0.86991 0.561375
vt 0.869974 0.561442
vt 0.869981 0.561442
vt 0.86991 0.561527
vt 0.869972 0.561442
vt 0.86991 0.561375
vt 0.876176 0.561442
vt 0.869981 0.561442
vt 0.869974 0.561442
vt 0.872871 0.561368
vt 0.872871 0.561424
vt 0.876177 0.561424
vt 0.876166 0.561611
vt 0.876166 0.561485
vt 0.872861 0.561485
vt 0.879282 0.561485
vt 0.876166 0.561611
vt 0.892179 0.561611
vt 0.892977 0.562229
vt 0.893012 0.562037
vt 0.892973 0.561939
vt 0.893013 0.562039
vt 0.892978 0.56223
vt 0.892986 0.562232
vt 0.892333 0.539677
vt 0.892217 0.539677
vt 0.892256 0.561442
vt 0.892179 0.539677
vt 0.892217 0.539677
vt 0.892256 0.533097
vt 0.879293 0.533097
vt 0.879293 0.533116
vt 0.892104 0.533116
vt 0.892189 0.533165
vt 0.892127 0.533097
vt 0.892104 0.533116
vt 0.892809 0.532226
vt 0.892605 0.532182
vt 0.892431 0.532308
vt 0.892605 0.532182
vt 0.876166 0.532308
vt 0.892431 0.532308
vt 0.752831 0.180438
vt 0.752891 0.1799
vt 0.7556 0.182658
vt 0.755541 0.183198
vt 0.755836 0.182898
vt 0.756189 0.183289
vt 0.522135 0.431487
vt 0.52213 0.431578
vt 0.503177 0.431795
vt 0.435626 0.302633
vt 0.435626 0.283568
vt 0.756187 0.283568
vt 0.89204 0.533172
vt 0.892121 0.53326
vt 0.892172 0.533191
vt 0.892121 0.53326
vt 0.892035 0.533361
vt 0.892035 0.539677
vt 0.892871 0.532178
vt 0.892695 0.53214
vt 0.892605 0.532182
vt 0.892698 0.53214
vt 0.892873 0.532178
vt 0.892883 0.532177
vt 0.892883 0.532177
vt 0.892713 0.53214
vt 0.892698 0.53214
vt 0.892713 0.53214
vt 0.892885 0.532177
vt 0.892988 0.53229
vt 0.872871 0.533116
vt 0.872871 0.533172
vt 0.876177 0.533172
vt 0.872871 0.533116
vt 0.872871 0.533097
vt 0.869983 0.533097
vt 0.872871 0.562382
vt 0.876177 0.562382
vt 0.879283 0.562382
vt 0.876177 0.562382
vt 0.872871 0.562382
vt 0.871432 0.565103
vt 0.653084 0.429097
vt 0.653075 0.428734
vt 0.672033 0.42824
vt 0.672033 0.42824
vt 0.653075 0.428734
vt 0.586673 0.401767
vt 0.481265 0.427465
vt 0.481194 0.427827
vt 0.462434 0.426803
vt 0.755934 0.059677
vt 0.755934 0.078494
vt 0.752989 0.078494
vt 0.892986 0.562232
vt 0.893021 0.562044
vt 0.893013 0.562039
vt 0.893022 0.562045
vt 0.892988 0.562233
vt 0.892885 0.562345
vt 0.892711 0.562382
vt 0.892883 0.562345
vt 0.892873 0.562344
vt 0.893022 0.562045
vt 0.892885 0.562345
vt 0.892713 0.562382
vt 0.75561 0.399373
vt 0.755837 0.399463
vt 0.435941 0.399463
vt 0.7553 0.347313
vt 0.755792 0.347214
vt 0.75594 0.347316
vt 0.868979 0.562038
vt 0.869014 0.562229
vt 0.869058 0.562162
vt 0.869016 0.56223
vt 0.868981 0.562039
vt 0.868988 0.562044
vt 0.756088 0.184106
vt 0.755792 0.183809
vt 0.75594 0.183708
vt 0.755526 0.183625
vt 0.755298 0.18371
vt 0.435626 0.18371
vt 0.876166 0.532929
vt 0.876166 0.532308
vt 0.87286 0.532308
vt 0.872861 0.532182
vt 0.87286 0.532308
vt 0.876166 0.532308
vt 0.869017 0.532583
vt 0.869058 0.53236
vt 0.869014 0.532293
vt 0.869058 0.53236
vt 0.869017 0.532583
vt 0.869133 0.532772
vt 0.888643 0.561274
vt 0.885526 0.561368
vt 0.89204 0.561368
vt 0.876177 0.561368
vt 0.876177 0.561274
vt 0.872871 0.561274
vt 0.876166 0.562382
vt 0.876166 0.56234
vt 0.872861 0.56234
vt 0.876166 0.56234
vt 0.876166 0.562214
vt 0.87286 0.562214
vt 0.892605 0.56234
vt 0.892809 0.562296
vt 0.892668 0.562162
vt 0.892809 0.562296
vt 0.892605 0.56234
vt 0.892695 0.562382
vt 0.876166 0.533097
vt 0.876166 0.533055
vt 0.872861 0.533055
vt 0.87286 0.532929
vt 0.872861 0.533055
vt 0.876166 0.533055
vt 0.131295 0.18371
vt 0.130801 0.183809
vt 0.130653 0.183708
vt 0.130322 0.184374
vt 0.130405 0.183958
vt 0.130505 0.184106
vt 0.892809 0.532226
vt 0.892932 0.53236
vt 0.892977 0.532293
vt 0.892932 0.53236
vt 0.892809 0.532226
vt 0.892668 0.53236
vt 0.893022 0.532477
vt 0.892986 0.53229
vt 0.892978 0.532292
vt 0.892713 0.53214
vt 0.892988 0.53229
vt 0.893022 0.532477
vt 0.752989 0.040945
vt 0.755934 0.059677
vt 0.752989 0.059677
vt 0.731782 0.431546
vt 0.713052 0.432162
vt 0.713052 0.431435
vt 0.86899 0.533097
vt 0.869127 0.532177
vt 0.869299 0.53214
vt 0.869298 0.53214
vt 0.869126 0.532177
vt 0.869121 0.532178
vt 0.869386 0.56234
vt 0.869181 0.562296
vt 0.86912 0.562344
vt 0.869181 0.562296
vt 0.869386 0.56234
vt 0.869559 0.562214
vt 0.888632 0.532929
vt 0.888632 0.533055
vt 0.892179 0.533013
vt 0.892333 0.533097
vt 0.892179 0.532929
vt 0.892179 0.533013
vt 0.690898 0.427505
vt 0.690951 0.427866
vt 0.672064 0.428603
vt 0.123927 0.078494
vt 0.126872 0.097396
vt 0.123927 0.097396
vt 0.869938 0.533191
vt 0.870006 0.533116
vt 0.869983 0.533097
vt 0.869983 0.533097
vt 0.870006 0.533116
vt 0.872871 0.533116
vt 0.87286 0.561611
vt 0.872861 0.561485
vt 0.86991 0.561527
vt 0.872861 0.561485
vt 0.87286 0.561611
vt 0.876166 0.561611
vt 0.86992 0.561375
vt 0.869983 0.561442
vt 0.870006 0.561424
vt 0.872871 0.561424
vt 0.872871 0.561442
vt 0.876176 0.561442
vt 0.869756 0.539677
vt 0.869871 0.539677
vt 0.869833 0.533097
vt 0.86991 0.532929
vt 0.869756 0.533097
vt 0.869833 0.533097
vt 0.126872 0.097396
vt 0.123927 0.078494
vt 0.126872 0.078494
vt 0.503177 0.432523
vt 0.484307 0.432495
vt 0.484306 0.431767
vt 0.593262 0.429523
vt 0.593491 0.429441
vt 0.601779 0.429756
vt 0.756188 0.347065
vt 0.75594 0.347316
vt 0.755792 0.347214
vt 0.869181 0.532226
vt 0.869386 0.532182
vt 0.869295 0.53214
vt 0.869386 0.532182
vt 0.869181 0.532226
vt 0.869323 0.53236
vt 0.87007 0.533172
vt 0.870162 0.533266
vt 0.872871 0.533266
vt 0.86999 0.53326
vt 0.87007 0.533172
vt 0.870006 0.533116
vt 0.89204 0.561368
vt 0.891948 0.561274
vt 0.888643 0.561274
vt 0.892121 0.56128
vt 0.89204 0.561368
vt 0.892104 0.561424
vt 0.744844 0.302633
vt 0.754588 0.338132
vt 0.435626 0.338132
vt 0.601779 0.429847
vt 0.601779 0.429756
vt 0.637282 0.431031
vt 0.892973 0.561939
vt 0.892932 0.562162
vt 0.892977 0.562229
vt 0.892932 0.562162
vt 0.892973 0.561939
vt 0.892857 0.56175
vt 0.869756 0.561442
vt 0.86991 0.561611
vt 0.86991 0.561527
vt 0.86991 0.561527
vt 0.86991 0.561611
vt 0.87286 0.561611
vt 0.868988 0.562044
vt 0.869022 0.562232
vt 0.869016 0.56223
vt 0.869921 0.562382
vt 0.869024 0.562233
vt 0.86899 0.562046
vt 0.585534 0.429534
vt 0.585798 0.429524
vt 0.585798 0.430252
vt 0.130653 0.347316
vt 0.130405 0.347065
vt 0.130505 0.346916
vt 0.755934 0.11638
vt 0.755934 0.135446
vt 0.752989 0.135446
vt 0.538054 0.42902
vt 0.538036 0.429384
vt 0.518998 0.429084
vt 0.869017 0.561939
vt 0.869058 0.562162
vt 0.869181 0.562008
vt 0.869058 0.562162
vt 0.869017 0.561939
vt 0.868979 0.562038
vt 0.87007 0.561368
vt 0.86999 0.56128
vt 0.869938 0.561349
vt 0.86999 0.56128
vt 0.870075 0.561179
vt 0.870075 0.539677
vt 0.462527 0.426443
vt 0.462434 0.426803
vt 0.443772 0.425472
vt 0.755934 0.059677
vt 0.752989 0.040945
vt 0.755934 0.040945
vt 0.869983 0.533097
vt 0.86992 0.533165
vt 0.869938 0.533191
vt 0.869938 0.539677
vt 0.86992 0.539677
vt 0.86992 0.561375
vt 0.892189 0.561375
vt 0.892172 0.539677
vt 0.892172 0.561349
vt 0.892127 0.561442
vt 0.892189 0.561375
vt 0.892172 0.561349
vt 0.892179 0.561611
vt 0.892333 0.561442
vt 0.892256 0.561442
vt 0.892256 0.561442
vt 0.892333 0.561442
vt 0.892333 0.539677
vt 0.892126 0.533097
vt 0.892119 0.533097
vt 0.879293 0.533097
vt 0.892104 0.533116
vt 0.892127 0.533097
vt 0.879293 0.533097
vt 0.541161 0.431968
vt 0.541166 0.431876
vt 0.57661 0.430602
vt 0.126872 0.135446
vt 0.123927 0.11638
vt 0.126872 0.11638
vt 0.872871 0.562382
vt 0.869921 0.562382
vt 0.867961 0.565103
vt 0.869921 0.562382
vt 0.872871 0.562382
vt 0.879283 0.562382
vt 0.425353 0.423447
vt 0.425211 0.4238
vt 0.417222 0.422958
vt 0.753225 0.017004
vt 0.755934 0.014269
vt 0.755934 0.022299
vt 0.872861 0.56234
vt 0.87286 0.562214
vt 0.869559 0.562214
vt 0.87286 0.562214
vt 0.872861 0.56234
vt 0.876166 0.56234
vt 0.879293 0.533266
vt 0.876177 0.533266
vt 0.876177 0.533771
vt 0.879293 0.533266
vt 0.89204 0.533172
vt 0.879293 0.533172
vt 0.885526 0.561442
vt 0.892104 0.561424
vt 0.879293 0.561424
vt 0.876176 0.561442
vt 0.876177 0.561424
vt 0.872871 0.561424
vt 0.892172 0.561349
vt 0.892104 0.561424
vt 0.892127 0.561442
vt 0.892104 0.561424
vt 0.885526 0.561442
vt 0.892127 0.561442
vt 0.728339 0.42518
vt 0.728436 0.425537
vt 0.709743 0.426856
vt 0.123927 0.040945
vt 0.126872 0.059677
vt 0.123927 0.059677
vt 0.872861 0.53214
vt 0.872861 0.532182
vt 0.876166 0.532182
vt 0.876166 0.532308
vt 0.876166 0.532182
vt 0.872861 0.532182
vt 0.124332 0.183625
vt 0.12392 0.183541
vt 0.12432 0.183198
vt 0.124511 0.362134
vt 0.124087 0.362134
vt 0.124074 0.347765
vt 0.653075 0.428734
vt 0.653084 0.429097
vt 0.634014 0.429384
vt 0.123927 0.11638
vt 0.126872 0.135446
vt 0.123927 0.135446
vt 0.755522 0.422626
vt 0.755033 0.423042
vt 0.74703 0.423879
vt 0.123927 0.022299
vt 0.124162 0.014507
vt 0.126636 0.017004
vt 0.870006 0.561424
vt 0.869938 0.561349
vt 0.86992 0.561375
vt 0.86992 0.561375
vt 0.869938 0.561349
vt 0.869938 0.539677
vt 0.892172 0.539677
vt 0.892189 0.561375
vt 0.892189 0.533165
vt 0.892104 0.533116
vt 0.892172 0.533191
vt 0.892189 0.533165
vt 0.876177 0.53214
vt 0.872871 0.53214
vt 0.86991 0.53214
vt 0.872871 0.53214
vt 0.876177 0.53214
vt 0.875321 0.527526
vt 0.86991 0.532929
vt 0.86991 0.533013
vt 0.872861 0.533055
vt 0.869833 0.533097
vt 0.86991 0.533013
vt 0.86991 0.532929
vt 0.892256 0.561442
vt 0.892179 0.561527
vt 0.892179 0.561611
vt 0.892179 0.561611
vt 0.892179 0.561527
vt 0.888632 0.561485
vt 0.124691 0.38733
vt 0.124267 0.387334
vt 0.124278 0.377586
vt 0.89732 0.527011
vt 0.897301 0.526923
vt 0.89657 0.527611
vt 0.876166 0.533055
vt 0.876166 0.532929
vt 0.87286 0.532929
vt 0.87286 0.532308
vt 0.87286 0.532929
vt 0.876166 0.532929
vt 0.585391 0.414733
vt 0.585819 0.414734
vt 0.585862 0.427667
vt 0.756271 0.18287
vt 0.756189 0.183289
vt 0.755836 0.182898
vt 0.12359 0.013762
vt 0.123672 0.013335
vt 0.124024 0.01376
vt 0.755951 0.421497
vt 0.755524 0.42154
vt 0.755538 0.411758
vt 0.892179 0.533013
vt 0.892256 0.533097
vt 0.892333 0.533097
vt 0.892333 0.533097
vt 0.892256 0.533097
vt 0.892217 0.539677
vt 0.872871 0.533172
vt 0.872871 0.533116
vt 0.870006 0.533116
vt 0.870006 0.533116
vt 0.87007 0.533172
vt 0.872871 0.533172
vt 0.435941 0.400281
vt 0.435941 0.40019
vt 0.755837 0.40019
vt 0.131386 0.400191
vt 0.130973 0.400191
vt 0.130973 0.399464
vt 0.869974 0.533097
vt 0.876176 0.533097
vt 0.876166 0.533097
vt 0.869912 0.533165
vt 0.869974 0.533097
vt 0.869972 0.533097
vt 0.86991 0.533013
vt 0.869972 0.533097
vt 0.872861 0.533097
vt 0.872861 0.533097
vt 0.869972 0.533097
vt 0.869974 0.533097
vt 0.869972 0.561442
vt 0.872861 0.561442
vt 0.876176 0.561442
vt 0.872861 0.561442
vt 0.869972 0.561442
vt 0.86991 0.561527
vt 0.43226 0.016437
vt 0.43226 0.016352
vt 0.752101 0.016352
vt 0.131038 0.398638
vt 0.131453 0.398646
vt 0.131453 0.399373
vt 0.871432 0.565776
vt 0.875321 0.565776
vt 0.875321 0.565103
vt 0.519646 0.400538
vt 0.53798 0.400282
vt 0.48317 0.414047
vt 0.75626 0.387333
vt 0.755837 0.38733
vt 0.755814 0.377586
vt 0.755535 0.012994
vt 0.755944 0.013079
vt 0.755545 0.013454
vt 0.39972 0.398156
vt 0.124667 0.397074
vt 0.124691 0.38733
vt 0.125139 0.398554
vt 0.124664 0.398156
vt 0.39972 0.398156
vt 0.130653 0.183708
vt 0.131067 0.183625
vt 0.131295 0.18371
vt 0.435626 0.18371
vt 0.131067 0.183625
vt 0.755526 0.183625
vt 0.87007 0.533172
vt 0.86999 0.53326
vt 0.870075 0.533361
vt 0.870075 0.539677
vt 0.86999 0.53326
vt 0.86999 0.56128
vt 0.892035 0.561179
vt 0.892121 0.56128
vt 0.892121 0.539677
vt 0.89204 0.561368
vt 0.892121 0.56128
vt 0.892035 0.561179
vt 0.75594 0.183708
vt 0.756188 0.183958
vt 0.756088 0.184106
vt 0.756188 0.183958
vt 0.756271 0.184374
vt 0.756187 0.184601
vt 0.897149 0.565776
vt 0.897244 0.565759
vt 0.896501 0.565081
vt 0.41632 0.421413
vt 0.416303 0.411652
vt 0.416743 0.411674
vt 0.428205 0.430704
vt 0.42821 0.430612
vt 0.446822 0.431573
vt 0.126636 0.017004
vt 0.126636 0.022299
vt 0.123927 0.022299
vt 0.755942 0.183541
vt 0.75553 0.183625
vt 0.75505 0.183298
vt 0.755604 0.349203
vt 0.756019 0.349202
vt 0.756012 0.362134
vt 0.872871 0.561368
vt 0.872871 0.561274
vt 0.870162 0.561274
vt 0.872871 0.561274
vt 0.872871 0.561368
vt 0.876177 0.561368
vt 0.416743 0.411674
vt 0.416751 0.421455
vt 0.41632 0.421413
vt 0.756189 0.013335
vt 0.756271 0.013762
vt 0.755934 0.014269
vt 0.601779 0.430665
vt 0.601779 0.430574
vt 0.637282 0.431849
vt 0.752989 0.170945
vt 0.755934 0.182398
vt 0.753225 0.179643
vt 0.752989 0.097396
vt 0.755934 0.11638
vt 0.752989 0.11638
vt 0.656349 0.432369
vt 0.656349 0.432278
vt 0.675334 0.432495
vt 0.519025 0.428721
vt 0.518998 0.429084
vt 0.50005 0.428576
vt 0.755934 0.11638
vt 0.752989 0.097396
vt 0.755934 0.097396
vt 0.864704 0.526923
vt 0.864685 0.527011
vt 0.865412 0.527717
vt 0.124087 0.362134
vt 0.124511 0.362134
vt 0.124537 0.376502
vt 0.755934 0.022299
vt 0.752989 0.022299
vt 0.753225 0.017004
vt 0.750424 0.430585
vt 0.750425 0.430676
vt 0.731782 0.431637
vt 0.86991 0.561527
vt 0.869833 0.561442
vt 0.869756 0.561442
vt 0.869756 0.561442
vt 0.869833 0.561442
vt 0.869871 0.539677
vt 0.888632 0.532929
vt 0.892179 0.532929
vt 0.892431 0.532308
vt 0.892179 0.533013
vt 0.892179 0.532929
vt 0.888632 0.532929
vt 0.123673 0.183289
vt 0.12359 0.18287
vt 0.123927 0.182398
vt 0.586176 0.414701
vt 0.586609 0.4147
vt 0.586545 0.427634
vt 0.755837 0.398646
vt 0.75625 0.398638
vt 0.756249 0.399365
vt 0.752101 0.016352
vt 0.75216 0.016437
vt 0.43226 0.016437
vt 0.869133 0.539677
vt 0.869756 0.539677
vt 0.869756 0.533097
vt 0.869833 0.533097
vt 0.869756 0.533097
vt 0.869756 0.539677
vt 0.892179 0.561527
vt 0.892117 0.561442
vt 0.888632 0.561442
vt 0.892119 0.561442
vt 0.892126 0.561442
vt 0.888632 0.561442
vt 0.892179 0.533165
vt 0.892117 0.533097
vt 0.892119 0.533097
vt 0.888632 0.533097
vt 0.879283 0.533097
vt 0.892119 0.533097
vt 0.892117 0.533097
vt 0.888632 0.533097
vt 0.892119 0.533097
vt 0.888632 0.533097
vt 0.892117 0.533097
vt 0.892179 0.533013
vt 0.123927 0.170945
vt 0.126872 0.170945
vt 0.126636 0.179643
vt 0.598489 0.429077
vt 0.598489 0.429441
vt 0.587026 0.429435
vt 0.1308 0.347214
vt 0.131293 0.347313
vt 0.131065 0.347399
vt 0.435941 0.399463
vt 0.435942 0.399373
vt 0.75561 0.399373
vt 0.872871 0.533097
vt 0.872871 0.533116
vt 0.876177 0.533116
vt 0.876177 0.533172
vt 0.876177 0.533116
vt 0.872871 0.533116
vt 0.752831 0.180438
vt 0.752102 0.180297
vt 0.752595 0.180198
vt 0.756251 0.400191
vt 0.755837 0.40019
vt 0.755837 0.399463
vt 0.57661 0.430602
vt 0.576605 0.430693
vt 0.541161 0.431968
vt 0.585534 0.430262
vt 0.585113 0.430278
vt 0.585112 0.42955
vt 0.541166 0.431149
vt 0.54117 0.431058
vt 0.576614 0.429783
vt 0.52213 0.431578
vt 0.522135 0.431487
vt 0.54117 0.431058
vt 0.656349 0.432278
vt 0.656349 0.432369
vt 0.637282 0.43194
vt 0.637282 0.431849
vt 0.637282 0.43194
vt 0.601779 0.430665
vt 0.585819 0.414734
vt 0.585391 0.414733
vt 0.58533 0.400363
vt 0.864761 0.565759
vt 0.864856 0.565776
vt 0.865618 0.565103
vt 0.897244 0.52687
vt 0.897149 0.526853
vt 0.896387 0.527526
vt 0.755553 0.401977
vt 0.755999 0.401976
vt 0.755975 0.411737
vt 0.864685 0.565618
vt 0.864704 0.565706
vt 0.865435 0.565018
vt 0.756005 0.375065
vt 0.755564 0.376502
vt 0.755604 0.349203
vt 0.131038 0.399365
vt 0.130786 0.399342
vt 0.130786 0.398615
vt 0.130405 0.183958
vt 0.130653 0.183708
vt 0.130801 0.183809
vt 0.870162 0.561274
vt 0.87007 0.561368
vt 0.872871 0.561368
vt 0.86999 0.56128
vt 0.87007 0.561368
vt 0.870162 0.561274
vt 0.892121 0.53326
vt 0.89204 0.533172
vt 0.891948 0.533266
vt 0.89204 0.533172
vt 0.879293 0.533266
vt 0.891948 0.533266
vt 0.86991 0.539677
vt 0.86991 0.533165
vt 0.869833 0.533097
vt 0.869912 0.533165
vt 0.86991 0.539677
vt 0.869919 0.539677
vt 0.892181 0.539677
vt 0.892181 0.533165
vt 0.892188 0.533165
vt 0.892256 0.533097
vt 0.892179 0.533165
vt 0.892179 0.539677
vt 0.637282 0.431122
vt 0.637282 0.431031
vt 0.656349 0.43146
vt 0.656349 0.431551
vt 0.656349 0.43146
vt 0.675333 0.431677
vt 0.755814 0.377586
vt 0.75625 0.377585
vt 0.75626 0.387333
vt 0.897301 0.565706
vt 0.89732 0.565618
vt 0.896593 0.564912
vt 0.57661 0.429874
vt 0.576614 0.429783
vt 0.584889 0.429468
vt 0.435626 0.345684
vt 0.435626 0.338132
vt 0.754588 0.338132
vt 0.130973 0.400191
vt 0.131386 0.400191
vt 0.131445 0.400281
vt 0.127759 0.180297
vt 0.127031 0.180438
vt 0.127266 0.180198
vt 0.755538 0.411758
vt 0.728339 0.42518
vt 0.709668 0.426496
vt 0.709743 0.426856
vt 0.709668 0.426496
vt 0.728339 0.42518
vt 0.601779 0.430574
vt 0.601779 0.430665
vt 0.59332 0.430344
vt 0.593262 0.430251
vt 0.592845 0.430235
vt 0.592845 0.429507
vt 0.124803 0.013352
vt 0.12776 0.016352
vt 0.127267 0.016451
vt 0.131019 0.398554
vt 0.131514 0.398563
vt 0.131453 0.398646
vt 0.872871 0.561442
vt 0.872871 0.561424
vt 0.870006 0.561424
vt 0.87007 0.561368
vt 0.870006 0.561424
vt 0.872871 0.561424
vt 0.42821 0.430612
vt 0.428205 0.430704
vt 0.423158 0.430366
vt 0.423107 0.430271
vt 0.422696 0.430243
vt 0.422696 0.429516
vt 0.75594 0.347316
vt 0.755527 0.347399
vt 0.7553 0.347313
vt 0.755837 0.399463
vt 0.756251 0.399464
vt 0.756251 0.400191
vt 0.592845 0.429507
vt 0.593262 0.429523
vt 0.593262 0.430251
vt 0.756271 0.346648
vt 0.756188 0.347065
vt 0.756088 0.346916
vt 0.756249 0.399365
vt 0.755837 0.399373
vt 0.755837 0.398646
vt 0.755526 0.183625
vt 0.75594 0.183708
vt 0.755792 0.183809
vt 0.869559 0.532308
vt 0.869181 0.532514
vt 0.869133 0.532772
vt 0.869133 0.532772
vt 0.869181 0.532514
vt 0.869058 0.53236
vt 0.462527 0.426443
vt 0.443888 0.425115
vt 0.48317 0.414047
vt 0.443772 0.425472
vt 0.443888 0.425115
vt 0.462527 0.426443
vt 0.872861 0.532182
vt 0.872861 0.53214
vt 0.86991 0.53214
vt 0.876177 0.53214
vt 0.86991 0.53214
vt 0.872861 0.53214
vt 0.872861 0.56234
vt 0.872861 0.562382
vt 0.876166 0.562382
vt 0.876166 0.562382
vt 0.872861 0.562382
vt 0.869296 0.562382
vt 0.126872 0.179403
vt 0.126636 0.179643
vt 0.126872 0.170945
vt 0.585113 0.430278
vt 0.585051 0.430371
vt 0.576605 0.430693
vt 0.755536 0.430244
vt 0.755481 0.430339
vt 0.750425 0.430676
vt 0.755952 0.430216
vt 0.755536 0.430244
vt 0.755537 0.429517
vt 0.864856 0.526853
vt 0.864761 0.52687
vt 0.865503 0.527548
vt 0.586234 0.400331
vt 0.586681 0.40033
vt 0.586673 0.401767
vt 0.75625 0.398638
vt 0.755837 0.398646
vt 0.755779 0.398563
vt 0.75283 0.016211
vt 0.752337 0.016112
vt 0.755058 0.013352
vt 0.130405 0.347065
vt 0.130322 0.346648
vt 0.130406 0.346419
vt 0.585112 0.42955
vt 0.585534 0.429534
vt 0.585534 0.430262
vt 0.634109 0.400282
vt 0.652472 0.400551
vt 0.586673 0.401767
vt 0.875321 0.526853
vt 0.871432 0.526853
vt 0.871432 0.527526
vt 0.876166 0.533097
vt 0.872861 0.533097
vt 0.869974 0.533097
vt 0.872861 0.533055
vt 0.872861 0.533097
vt 0.876166 0.533097
vt 0.541166 0.431876
vt 0.541161 0.431968
vt 0.522126 0.432397
vt 0.522131 0.432305
vt 0.522126 0.432397
vt 0.503172 0.432614
vt 0.755934 0.182398
vt 0.752989 0.170945
vt 0.755934 0.170945
vt 0.585453 0.429104
vt 0.584946 0.429468
vt 0.573502 0.429466
vt 0.755837 0.40019
vt 0.755777 0.400281
vt 0.435941 0.400281
vt 0.756271 0.400281
vt 0.755777 0.400281
vt 0.755837 0.40019
vt 0.72173 0.400779
vt 0.690898 0.427505
vt 0.672033 0.42824
vt 0.672064 0.428603
vt 0.672033 0.42824
vt 0.690898 0.427505
vt 0.892857 0.532772
vt 0.892668 0.53236
vt 0.892431 0.532308
vt 0.892431 0.532308
vt 0.892668 0.53236
vt 0.892809 0.532226
vt 0.869559 0.562214
vt 0.869323 0.562162
vt 0.869181 0.562296
vt 0.869133 0.56175
vt 0.869323 0.562162
vt 0.869559 0.562214
vt 0.892857 0.56175
vt 0.892809 0.562008
vt 0.892932 0.562162
vt 0.892431 0.562214
vt 0.892809 0.562008
vt 0.892857 0.56175
vt 0.123917 0.013079
vt 0.124326 0.012994
vt 0.124803 0.013352
vt 0.124267 0.387334
vt 0.124691 0.38733
vt 0.124667 0.397074
vt 0.876166 0.561485
vt 0.876166 0.561442
vt 0.872861 0.561442
vt 0.872861 0.561442
vt 0.876166 0.561442
vt 0.876176 0.561442
vt 0.876177 0.533172
vt 0.876177 0.533266
vt 0.879293 0.533266
vt 0.876177 0.533266
vt 0.876177 0.533172
vt 0.872871 0.533172
vt 0.500099 0.428213
vt 0.481265 0.427465
vt 0.481456 0.426123
vt 0.481194 0.427827
vt 0.481265 0.427465
vt 0.500099 0.428213
vt 0.7556 0.182658
vt 0.755541 0.183198
vt 0.752831 0.180438
vt 0.75505 0.183298
vt 0.755541 0.183198
vt 0.755942 0.183541
vt 0.124316 0.013454
vt 0.124024 0.01376
vt 0.123672 0.013335
vt 0.124024 0.01376
vt 0.124316 0.013454
vt 0.127267 0.016451
vt 0.127287 0.01652
vt 0.127039 0.01677
vt 0.126971 0.016747
vt 0.422696 0.430243
vt 0.423107 0.430271
vt 0.423158 0.430366
vt 0.592594 0.430225
vt 0.592845 0.430235
vt 0.592823 0.430325
vt 0.592845 0.430235
vt 0.593262 0.430251
vt 0.59332 0.430344
vt 0.124811 0.183298
vt 0.12432 0.183198
vt 0.124261 0.182658
vt 0.12432 0.183198
vt 0.124811 0.183298
vt 0.124332 0.183625
vt 0.130801 0.183809
vt 0.130505 0.184106
vt 0.130405 0.183958
vt 0.130406 0.184601
vt 0.130964 0.183973
vt 0.132111 0.185769
vt 0.892809 0.532514
vt 0.892857 0.532772
vt 0.892973 0.532583
vt 0.892857 0.532772
vt 0.892809 0.532514
vt 0.892668 0.53236
vt 0.892431 0.562214
vt 0.892668 0.562162
vt 0.892809 0.562008
vt 0.892668 0.562162
vt 0.892431 0.562214
vt 0.892605 0.56234
vt 0.869323 0.53236
vt 0.869559 0.532308
vt 0.869386 0.532182
vt 0.869559 0.532308
vt 0.869323 0.53236
vt 0.869181 0.532514
vt 0.869181 0.562008
vt 0.869133 0.56175
vt 0.869017 0.561939
vt 0.869133 0.56175
vt 0.869181 0.562008
vt 0.869323 0.562162
vt 0.756187 0.346419
vt 0.755792 0.347214
vt 0.754482 0.345253
vt 0.755792 0.347214
vt 0.756088 0.346916
vt 0.756188 0.347065
vt 0.713052 0.431344
vt 0.713052 0.431435
vt 0.694235 0.43174
vt 0.713052 0.431435
vt 0.713052 0.431344
vt 0.731782 0.430727
vt 0.694235 0.431649
vt 0.694235 0.43174
vt 0.675334 0.431768
vt 0.694235 0.43174
vt 0.694235 0.431649
vt 0.713052 0.431344
vt 0.731782 0.430727
vt 0.731782 0.430818
vt 0.713052 0.431435
vt 0.731782 0.430818
vt 0.731782 0.430727
vt 0.750424 0.429767
vt 0.675333 0.431677
vt 0.675334 0.431768
vt 0.656349 0.431551
vt 0.675334 0.431768
vt 0.675333 0.431677
vt 0.694235 0.431649
vt 0.503182 0.431704
vt 0.503177 0.431795
vt 0.484306 0.431767
vt 0.503177 0.431795
vt 0.503182 0.431704
vt 0.522135 0.431487
vt 0.446826 0.430754
vt 0.446822 0.430846
vt 0.42821 0.429885
vt 0.446822 0.430846
vt 0.446826 0.430754
vt 0.465526 0.431371
vt 0.465526 0.431371
vt 0.465521 0.431462
vt 0.446822 0.430846
vt 0.465521 0.431462
vt 0.465526 0.431371
vt 0.484311 0.431676
vt 0.484306 0.431767
vt 0.484311 0.431676
vt 0.503182 0.431704
vt 0.484311 0.431676
vt 0.484306 0.431767
vt 0.465521 0.431462
vt 0.465521 0.432189
vt 0.465516 0.432281
vt 0.446817 0.431664
vt 0.465516 0.432281
vt 0.465521 0.432189
vt 0.484307 0.432495
vt 0.446822 0.431573
vt 0.446817 0.431664
vt 0.428205 0.430704
vt 0.446817 0.431664
vt 0.446822 0.431573
vt 0.465521 0.432189
vt 0.503177 0.432523
vt 0.503172 0.432614
vt 0.484302 0.432586
vt 0.503172 0.432614
vt 0.503177 0.432523
vt 0.522131 0.432305
vt 0.484307 0.432495
vt 0.484302 0.432586
vt 0.465516 0.432281
vt 0.484302 0.432586
vt 0.484307 0.432495
vt 0.503177 0.432523
vt 0.731782 0.431546
vt 0.731782 0.431637
vt 0.713052 0.432253
vt 0.731782 0.431637
vt 0.731782 0.431546
vt 0.750424 0.430585
vt 0.713052 0.432162
vt 0.713052 0.432253
vt 0.694235 0.432559
vt 0.713052 0.432253
vt 0.713052 0.432162
vt 0.731782 0.431546
vt 0.675334 0.432495
vt 0.675334 0.432586
vt 0.656349 0.432369
vt 0.675334 0.432586
vt 0.675334 0.432495
vt 0.694235 0.432468
vt 0.694235 0.432468
vt 0.694235 0.432559
vt 0.675334 0.432586
vt 0.694235 0.432559
vt 0.694235 0.432468
vt 0.713052 0.432162
vt 0.755536 0.430244
vt 0.755952 0.430216
vt 0.755975 0.430306
vt 0.756271 0.430286
vt 0.755975 0.430306
vt 0.755952 0.430216
vt 0.585867 0.43034
vt 0.585552 0.430352
vt 0.585534 0.430262
vt 0.585113 0.430278
vt 0.585534 0.430262
vt 0.585552 0.430352
vt 0.52213 0.431578
vt 0.541166 0.431149
vt 0.541166 0.431876
vt 0.54117 0.431058
vt 0.541166 0.431149
vt 0.52213 0.431578
vt 0.637282 0.43194
vt 0.637282 0.431849
vt 0.656349 0.432278
vt 0.656349 0.432278
vt 0.637282 0.431849
vt 0.637282 0.431122
vt 0.653075 0.428734
vt 0.634014 0.42902
vt 0.586609 0.4147
vt 0.634014 0.429384
vt 0.634014 0.42902
vt 0.653075 0.428734
vt 0.755545 0.013454
vt 0.755058 0.013352
vt 0.755535 0.012994
vt 0.755058 0.013352
vt 0.755309 0.013694
vt 0.75283 0.016211
vt 0.754482 0.185769
vt 0.755792 0.183809
vt 0.756187 0.184601
vt 0.755792 0.183809
vt 0.755298 0.18371
vt 0.755526 0.183625
vt 0.74703 0.423879
vt 0.746906 0.423525
vt 0.755522 0.422626
vt 0.746906 0.423525
vt 0.755538 0.411758
vt 0.755524 0.42154
vt 0.131065 0.347399
vt 0.130653 0.347316
vt 0.1308 0.347214
vt 0.130505 0.346916
vt 0.1308 0.347214
vt 0.130653 0.347316
vt 0.126971 0.016747
vt 0.127267 0.016451
vt 0.127287 0.01652
vt 0.131453 0.398646
vt 0.131038 0.398638
vt 0.131019 0.398554
vt 0.755837 0.40019
vt 0.756251 0.400191
vt 0.756271 0.400281
vt 0.592823 0.430325
vt 0.592524 0.430314
vt 0.592594 0.430225
vt 0.637282 0.431122
vt 0.656349 0.431551
vt 0.656349 0.432278
vt 0.656349 0.43146
vt 0.656349 0.431551
vt 0.637282 0.431122
vt 0.522126 0.432397
vt 0.522131 0.432305
vt 0.541166 0.431876
vt 0.541166 0.431876
vt 0.522131 0.432305
vt 0.52213 0.431578
vt 0.518998 0.429084
vt 0.519025 0.428721
vt 0.538054 0.42902
vt 0.481456 0.426123
vt 0.538054 0.42902
vt 0.519025 0.428721
vt 0.872861 0.562382
vt 0.869295 0.562382
vt 0.869296 0.562382
vt 0.869386 0.56234
vt 0.869295 0.562382
vt 0.872861 0.562382
vt 0.131445 0.400281
vt 0.130952 0.400282
vt 0.130973 0.400191
vt 0.585534 0.430262
vt 0.585798 0.430252
vt 0.585867 0.43034
vt 0.755779 0.398563
vt 0.756271 0.398554
vt 0.75625 0.398638
vt 0.755952 0.430216
vt 0.756201 0.4302
vt 0.756271 0.430286
vt 0.872861 0.53214
vt 0.876166 0.53214
vt 0.876177 0.53214
vt 0.876166 0.532182
vt 0.876166 0.53214
vt 0.872861 0.53214
vt 0.423158 0.430366
vt 0.422669 0.430333
vt 0.422696 0.430243
vt 0.126971 0.016747
vt 0.126636 0.017004
vt 0.124162 0.014507
vt 0.756187 0.184601
vt 0.756088 0.184106
vt 0.756188 0.183958
vt 0.755792 0.183809
vt 0.756088 0.184106
vt 0.756187 0.184601
vt 0.752891 0.1799
vt 0.753225 0.179643
vt 0.755934 0.182398
vt 0.59332 0.430344
vt 0.592823 0.430325
vt 0.592845 0.430235
vt 0.130406 0.346419
vt 0.130505 0.346916
vt 0.130405 0.347065
vt 0.131293 0.347313
vt 0.130505 0.346916
vt 0.132111 0.345253
vt 0.123927 0.182398
vt 0.124025 0.182898
vt 0.123673 0.183289
vt 0.12432 0.183198
vt 0.124025 0.182898
vt 0.124261 0.182658
vt 0.755934 0.014269
vt 0.755837 0.01376
vt 0.756189 0.013335
vt 0.75289 0.016747
vt 0.755601 0.013999
vt 0.755934 0.014269
vt 0.870075 0.533361
vt 0.870162 0.533266
vt 0.87007 0.533172
vt 0.870162 0.533266
vt 0.870075 0.533361
vt 0.870539 0.533866
vt 0.891572 0.560674
vt 0.892035 0.539677
vt 0.888643 0.561274
vt 0.892121 0.539677
vt 0.892035 0.539677
vt 0.892035 0.561179
vt 0.891948 0.561274
vt 0.891572 0.560674
vt 0.888643 0.561274
vt 0.892035 0.539677
vt 0.891572 0.560674
vt 0.892035 0.561179
vt 0.891948 0.561274
vt 0.892035 0.561179
vt 0.891572 0.560674
vt 0.892035 0.561179
vt 0.891948 0.561274
vt 0.89204 0.561368
vt 0.872871 0.561274
vt 0.870626 0.560769
vt 0.870162 0.561274
vt 0.870075 0.539677
vt 0.870075 0.561179
vt 0.870626 0.560769
vt 0.870162 0.561274
vt 0.870075 0.561179
vt 0.86999 0.56128
vt 0.870075 0.561179
vt 0.870162 0.561274
vt 0.870626 0.560769
vt 0.891948 0.533266
vt 0.879293 0.533266
vt 0.891484 0.533771
vt 0.892035 0.539677
vt 0.892035 0.533361
vt 0.891484 0.533771
vt 0.892035 0.533361
vt 0.891948 0.533266
vt 0.891484 0.533771
vt 0.891948 0.533266
vt 0.892035 0.533361
vt 0.892121 0.53326
vt 0.417222 0.422958
vt 0.416752 0.422542
vt 0.425353 0.423447
vt 0.425353 0.423447
vt 0.416751 0.421455
vt 0.416743 0.411674
vt 0.892217 0.539677
vt 0.892333 0.539677
vt 0.892333 0.533097
vt 0.892857 0.532772
vt 0.892333 0.533097
vt 0.892333 0.539677
vt 0.428215 0.429794
vt 0.42821 0.429885
vt 0.423106 0.429544
vt 0.423106 0.429544
vt 0.42821 0.429885
vt 0.42821 0.430612
vt 0.755536 0.430244
vt 0.750424 0.430585
vt 0.750424 0.429858
vt 0.750425 0.430676
vt 0.750424 0.430585
vt 0.755536 0.430244
vt 0.130505 0.184106
vt 0.130406 0.184601
vt 0.130322 0.184374
vt 0.130406 0.184601
vt 0.130505 0.184106
vt 0.130964 0.183973
vt 0.755975 0.430306
vt 0.755481 0.430339
vt 0.755536 0.430244
vt 0.755934 0.014269
vt 0.753225 0.017004
vt 0.75289 0.016747
vt 0.126636 0.179643
vt 0.126872 0.179403
vt 0.126971 0.1799
vt 0.585552 0.430352
vt 0.585051 0.430371
vt 0.585113 0.430278
vt 0.756088 0.346916
vt 0.756187 0.346419
vt 0.756271 0.346648
vt 0.756187 0.346419
vt 0.756088 0.346916
vt 0.755792 0.347214
vt 0.585446 0.427667
vt 0.573521 0.429102
vt 0.538054 0.42902
vt 0.585867 0.429104
vt 0.585453 0.429104
vt 0.585446 0.427667
vt 0.573502 0.429466
vt 0.573521 0.429102
vt 0.585453 0.429104
vt 0.585446 0.427667
vt 0.585453 0.429104
vt 0.573521 0.429102
vt 0.755934 0.182398
vt 0.7556 0.182658
vt 0.752891 0.1799
vt 0.755836 0.182898
vt 0.755934 0.182398
vt 0.756271 0.18287
vt 0.124162 0.014507
vt 0.124024 0.01376
vt 0.126971 0.016747
vt 0.124024 0.01376
vt 0.123927 0.014269
vt 0.12359 0.013762
vt 0.876177 0.533116
vt 0.876176 0.533097
vt 0.872871 0.533097
vt 0.876176 0.533097
vt 0.869974 0.533097
vt 0.872871 0.533097
vt 0.869919 0.561375
vt 0.869981 0.561442
vt 0.869983 0.561442
vt 0.869981 0.561442
vt 0.876176 0.561442
vt 0.872871 0.561442
vt 0.870006 0.561424
vt 0.869983 0.561442
vt 0.872871 0.561442
vt 0.872871 0.561442
vt 0.869983 0.561442
vt 0.869981 0.561442
vt 0.755309 0.429441
vt 0.755537 0.429517
vt 0.750424 0.429858
vt 0.750424 0.429858
vt 0.755537 0.429517
vt 0.755536 0.430244
vt 0.423158 0.430366
vt 0.423107 0.430271
vt 0.42821 0.430612
vt 0.42821 0.430612
vt 0.423107 0.430271
vt 0.423106 0.429544
vt 0.601779 0.429756
vt 0.601779 0.429847
vt 0.593262 0.429523
vt 0.593262 0.429523
vt 0.601779 0.429847
vt 0.601779 0.430574
vt 0.576605 0.430693
vt 0.57661 0.430602
vt 0.585113 0.430278
vt 0.585113 0.430278
vt 0.57661 0.430602
vt 0.57661 0.429874
vt 0.586118 0.429071
vt 0.586545 0.427634
vt 0.586537 0.429071
vt 0.634014 0.42902
vt 0.598489 0.429077
vt 0.586545 0.427634
vt 0.587026 0.429435
vt 0.586537 0.429071
vt 0.598489 0.429077
vt 0.598489 0.429077
vt 0.586537 0.429071
vt 0.586545 0.427634
vt 0.584889 0.429468
vt 0.585112 0.42955
vt 0.57661 0.429874
vt 0.57661 0.429874
vt 0.585112 0.42955
vt 0.585113 0.430278
vt 0.59332 0.430344
vt 0.593262 0.430251
vt 0.601779 0.430574
vt 0.601779 0.430574
vt 0.593262 0.430251
vt 0.593262 0.429523
vt 0.869921 0.562382
vt 0.869299 0.562382
vt 0.869127 0.562345
vt 0.879283 0.562382
vt 0.869296 0.562382
vt 0.869921 0.562382
vt 0.867961 0.527526
vt 0.869299 0.53214
vt 0.869921 0.53214
vt 0.869298 0.53214
vt 0.86991 0.53214
vt 0.869921 0.53214
vt 0.868988 0.562044
vt 0.868988 0.539677
vt 0.86899 0.539677
vt 0.869024 0.53229
vt 0.86899 0.532477
vt 0.868988 0.532478
vt 0.86899 0.533097
vt 0.86899 0.532477
vt 0.869024 0.53229
vt 0.86899 0.532477
vt 0.86899 0.533097
vt 0.868988 0.532478
vt 0.585391 0.414733
vt 0.570687 0.400304
vt 0.58533 0.400363
vt 0.864856 0.565776
vt 0.867961 0.565776
vt 0.867961 0.565103
vt 0.867961 0.526853
vt 0.864856 0.526853
vt 0.865618 0.527526
vt 0.586681 0.40033
vt 0.601348 0.400282
vt 0.586673 0.401767
vt 0.869981 0.533097
vt 0.869919 0.533165
vt 0.86992 0.533165
vt 0.86992 0.561375
vt 0.86992 0.539677
vt 0.869919 0.539677
vt 0.892189 0.533165
vt 0.892189 0.561375
vt 0.892188 0.539677
vt 0.892126 0.561442
vt 0.892188 0.561375
vt 0.892189 0.561375
vt 0.879293 0.533097
vt 0.892127 0.533097
vt 0.892126 0.533097
vt 0.892188 0.533165
vt 0.892126 0.533097
vt 0.892127 0.533097
vt 0.755975 0.411737
vt 0.756237 0.411724
vt 0.756207 0.421472
vt 0.124667 0.397074
vt 0.124256 0.397081
vt 0.124267 0.387334
vt 0.755837 0.38733
vt 0.75626 0.387333
vt 0.75627 0.397081
vt 0.41632 0.421413
vt 0.416051 0.421387
vt 0.416027 0.411639
vt 0.892188 0.539677
vt 0.892188 0.533165
vt 0.892189 0.533165
vt 0.892127 0.533097
vt 0.892189 0.533165
vt 0.892188 0.533165
vt 0.869983 0.561442
vt 0.86992 0.561375
vt 0.869919 0.561375
vt 0.869919 0.539677
vt 0.869919 0.561375
vt 0.86992 0.561375
vt 0.755538 0.411758
vt 0.755975 0.411737
vt 0.755951 0.421497
vt 0.756207 0.421472
vt 0.755951 0.421497
vt 0.755975 0.411737
vt 0.892189 0.561375
vt 0.892127 0.561442
vt 0.892126 0.561442
vt 0.892127 0.561442
vt 0.885526 0.561442
vt 0.892126 0.561442
vt 0.86992 0.533165
vt 0.869983 0.533097
vt 0.869981 0.533097
vt 0.872871 0.533097
vt 0.869981 0.533097
vt 0.869983 0.533097
vt 0.416743 0.411674
vt 0.416303 0.411652
vt 0.416285 0.401891
vt 0.416003 0.40189
vt 0.416285 0.401891
vt 0.416303 0.411652
vt 0.48317 0.414047
vt 0.416743 0.411674
vt 0.416735 0.401892
vt 0.416285 0.401891
vt 0.416735 0.401892
vt 0.416743 0.411674
vt 0.755553 0.401977
vt 0.755538 0.411758
vt 0.72173 0.400779
vt 0.755975 0.411737
vt 0.755538 0.411758
vt 0.755553 0.401977
vt 0.124278 0.377586
vt 0.124715 0.377586
vt 0.124691 0.38733
vt 0.39972 0.398156
vt 0.124691 0.38733
vt 0.124715 0.377586
vt 0.741807 0.377586
vt 0.755814 0.377586
vt 0.755837 0.38733
vt 0.39972 0.398156
vt 0.741807 0.377586
vt 0.755863 0.398156
vt 0.755837 0.38733
vt 0.755863 0.398156
vt 0.741807 0.377586
vt 0.75627 0.397081
vt 0.755863 0.398156
vt 0.755837 0.38733
vt 0.43226 0.180537
vt 0.752831 0.180438
vt 0.754815 0.183058
vt 0.752831 0.180438
vt 0.755541 0.183198
vt 0.754815 0.183058
vt 0.41632 0.421413
vt 0.416322 0.422497
vt 0.416053 0.42247
vt 0.416322 0.422497
vt 0.41632 0.421413
vt 0.416751 0.421455
vt 0.124664 0.398156
vt 0.124255 0.398165
vt 0.124256 0.397081
vt 0.755951 0.421497
vt 0.756207 0.421472
vt 0.756204 0.422555
vt 0.756268 0.401975
vt 0.755999 0.401976
vt 0.756002 0.400891
vt 0.755555 0.40089
vt 0.756002 0.400891
vt 0.755999 0.401976
vt 0.416285 0.401891
vt 0.416003 0.40189
vt 0.416 0.400807
vt 0.755811 0.376503
vt 0.756249 0.376502
vt 0.75625 0.377585
vt 0.124715 0.377586
vt 0.124278 0.377586
vt 0.12428 0.376502
vt 0.756002 0.400891
vt 0.756271 0.400892
vt 0.756268 0.401975
vt 0.755524 0.42154
vt 0.755951 0.421497
vt 0.755948 0.422582
vt 0.756204 0.422555
vt 0.755948 0.422582
vt 0.755951 0.421497
vt 0.126636 0.179643
vt 0.124261 0.182658
vt 0.123927 0.170945
vt 0.126971 0.1799
vt 0.127031 0.180438
vt 0.126636 0.179643
vt 0.416735 0.401892
vt 0.416285 0.401891
vt 0.416283 0.400806
vt 0.416 0.400807
vt 0.416283 0.400806
vt 0.416285 0.401891
vt 0.416053 0.42247
vt 0.416051 0.421387
vt 0.41632 0.421413
vt 0.75627 0.397081
vt 0.756271 0.398164
vt 0.755863 0.398156
vt 0.124261 0.182658
vt 0.126636 0.179643
vt 0.127031 0.180438
vt 0.124811 0.183298
vt 0.124261 0.182658
vt 0.127031 0.180438
vt 0.892713 0.562382
vt 0.892885 0.562345
vt 0.892883 0.562345
vt 0.892986 0.562232
vt 0.892883 0.562345
vt 0.892885 0.562345
vt 0.754482 0.345253
vt 0.754588 0.338132
vt 0.756187 0.338132
vt 0.756187 0.302633
vt 0.756187 0.338132
vt 0.754588 0.338132
vt 0.869024 0.562233
vt 0.869127 0.562345
vt 0.869126 0.562345
vt 0.869298 0.562382
vt 0.869126 0.562345
vt 0.869127 0.562345
vt 0.872871 0.533771
vt 0.876177 0.539677
vt 0.876177 0.533771
vt 0.879293 0.533266
vt 0.876177 0.533771
vt 0.876177 0.539677
vt 0.416751 0.421455
vt 0.416752 0.422542
vt 0.416322 0.422497
vt 0.425353 0.423447
vt 0.416752 0.422542
vt 0.416751 0.421455
vt 0.755792 0.347214
vt 0.7553 0.347313
vt 0.754165 0.345576
vt 0.435626 0.345684
vt 0.754165 0.345576
vt 0.7553 0.347313
vt 0.755524 0.42154
vt 0.755522 0.422626
vt 0.746906 0.423525
vt 0.755948 0.422582
vt 0.755522 0.422626
vt 0.755524 0.42154
vt 0.869127 0.562345
vt 0.869299 0.562382
vt 0.869298 0.562382
vt 0.869298 0.562382
vt 0.869299 0.562382
vt 0.869921 0.562382
vt 0.132111 0.185769
vt 0.132005 0.189487
vt 0.130406 0.189487
vt 0.130406 0.208132
vt 0.130406 0.189487
vt 0.132005 0.189487
vt 0.39972 0.398156
vt 0.124715 0.377586
vt 0.124718 0.376504
vt 0.12428 0.376502
vt 0.124718 0.376504
vt 0.124715 0.377586
vt 0.48317 0.414047
vt 0.416735 0.401892
vt 0.416734 0.400805
vt 0.416283 0.400806
vt 0.416734 0.400805
vt 0.416735 0.401892
vt 0.39972 0.398156
vt 0.124664 0.398156
vt 0.124667 0.397074
vt 0.124256 0.397081
vt 0.124667 0.397074
vt 0.124664 0.398156
vt 0.892035 0.539677
vt 0.876177 0.539677
vt 0.888643 0.561274
vt 0.879293 0.561368
vt 0.888643 0.561274
vt 0.876177 0.561274
vt 0.435626 0.34715
vt 0.402753 0.347313
vt 0.402753 0.345684
vt 0.403068 0.399464
vt 0.403069 0.399373
vt 0.435942 0.399373
vt 0.892977 0.532293
vt 0.893012 0.532485
vt 0.893013 0.532483
vt 0.893013 0.562039
vt 0.893013 0.539677
vt 0.893012 0.539677
vt 0.755814 0.377586
vt 0.741807 0.377586
vt 0.755811 0.376503
vt 0.75625 0.377585
vt 0.755814 0.377586
vt 0.755811 0.376503
vt 0.132428 0.185446
vt 0.402753 0.18371
vt 0.402753 0.189487
vt 0.402753 0.18371
vt 0.131295 0.18371
vt 0.131067 0.183625
vt 0.872871 0.561274
vt 0.876177 0.561274
vt 0.876177 0.539677
vt 0.876177 0.561274
vt 0.888643 0.561274
vt 0.876177 0.539677
vt 0.755553 0.401977
vt 0.72173 0.400779
vt 0.755555 0.40089
vt 0.755999 0.401976
vt 0.755553 0.401977
vt 0.755555 0.40089
vt 0.893022 0.562045
vt 0.893022 0.539677
vt 0.893021 0.539677
vt 0.893013 0.532483
vt 0.893021 0.539677
vt 0.893022 0.539677
vt 0.892988 0.562233
vt 0.893022 0.562045
vt 0.893021 0.562044
vt 0.893021 0.539677
vt 0.893021 0.562044
vt 0.893022 0.562045
vt 0.893012 0.539677
vt 0.893012 0.562037
vt 0.893013 0.562039
vt 0.892978 0.56223
vt 0.893013 0.562039
vt 0.893012 0.562037
vt 0.132428 0.185446
vt 0.131295 0.18371
vt 0.402753 0.18371
vt 0.132428 0.185446
vt 0.130964 0.183973
vt 0.131295 0.18371
vt 0.402753 0.302633
vt 0.402753 0.283568
vt 0.435626 0.283568
vt 0.435626 0.264583
vt 0.435626 0.283568
vt 0.402753 0.283568
vt 0.435941 0.40019
vt 0.435941 0.400281
vt 0.403068 0.400281
vt 0.399387 0.180297
vt 0.43226 0.180537
vt 0.43226 0.183058
vt 0.43226 0.016352
vt 0.399387 0.016352
vt 0.399387 0.013592
vt 0.399387 0.016437
vt 0.399387 0.016352
vt 0.43226 0.016352
vt 0.755604 0.349203
vt 0.756012 0.362134
vt 0.756005 0.375065
vt 0.756271 0.375063
vt 0.756005 0.375065
vt 0.756012 0.362134
vt 0.435626 0.245682
vt 0.402753 0.264583
vt 0.132005 0.264583
vt 0.130406 0.283568
vt 0.132005 0.264583
vt 0.402753 0.264583
vt 0.586176 0.414701
vt 0.585917 0.414701
vt 0.585967 0.400332
vt 0.124537 0.376502
vt 0.124101 0.376502
vt 0.124087 0.362134
vt 0.869016 0.56223
vt 0.869121 0.562344
vt 0.86912 0.562344
vt 0.869295 0.562382
vt 0.86912 0.562344
vt 0.869121 0.562344
vt 0.586545 0.427634
vt 0.586118 0.429071
vt 0.586176 0.414701
vt 0.585917 0.414701
vt 0.586176 0.414701
vt 0.586118 0.429071
vt 0.399387 0.183058
vt 0.124811 0.183298
vt 0.127759 0.180297
vt 0.399506 0.347766
vt 0.124969 0.347399
vt 0.432381 0.347399
vt 0.893013 0.532483
vt 0.893013 0.539677
vt 0.893021 0.539677
vt 0.893013 0.539677
vt 0.893013 0.532483
vt 0.893012 0.532485
vt 0.86912 0.562344
vt 0.869014 0.562229
vt 0.869016 0.56223
vt 0.868981 0.562039
vt 0.869016 0.56223
vt 0.869014 0.562229
vt 0.869017 0.532583
vt 0.868979 0.532485
vt 0.868979 0.539677
vt 0.868981 0.539677
vt 0.868981 0.532483
vt 0.868988 0.532478
vt 0.435626 0.189487
vt 0.435626 0.208132
vt 0.402753 0.208132
vt 0.402753 0.226864
vt 0.402753 0.208132
vt 0.435626 0.208132
vt 0.869126 0.562345
vt 0.869022 0.562232
vt 0.869024 0.562233
vt 0.86899 0.562046
vt 0.869024 0.562233
vt 0.869022 0.562232
vt 0.876176 0.561442
vt 0.879293 0.561424
vt 0.876177 0.561424
vt 0.876177 0.561368
vt 0.876177 0.561424
vt 0.879293 0.561424
vt 0.744844 0.183873
vt 0.755792 0.183809
vt 0.754482 0.185769
vt 0.435626 0.183873
vt 0.744844 0.183873
vt 0.744844 0.185338
vt 0.892035 0.539677
vt 0.892121 0.539677
vt 0.892121 0.53326
vt 0.892172 0.533191
vt 0.892121 0.53326
vt 0.892121 0.539677
vt 0.869127 0.532177
vt 0.869024 0.53229
vt 0.869022 0.53229
vt 0.868988 0.532478
vt 0.869022 0.53229
vt 0.869024 0.53229
vt 0.893012 0.532485
vt 0.893012 0.539677
vt 0.893013 0.539677
vt 0.892973 0.539677
vt 0.893012 0.539677
vt 0.893012 0.532485
vt 0.869299 0.53214
vt 0.869127 0.532177
vt 0.869126 0.532177
vt 0.869022 0.53229
vt 0.869126 0.532177
vt 0.869127 0.532177
vt 0.403068 0.399464
vt 0.403068 0.40019
vt 0.131386 0.400191
vt 0.131445 0.400281
vt 0.131386 0.400191
vt 0.403068 0.40019
vt 0.872871 0.533266
vt 0.870162 0.533266
vt 0.870539 0.533866
vt 0.870539 0.533866
vt 0.870626 0.560769
vt 0.872871 0.533771
vt 0.892873 0.562344
vt 0.892978 0.56223
vt 0.892977 0.562229
vt 0.893012 0.562037
vt 0.892977 0.562229
vt 0.892978 0.56223
vt 0.869921 0.562382
vt 0.869296 0.562382
vt 0.869298 0.562382
vt 0.869126 0.562345
vt 0.869298 0.562382
vt 0.869296 0.562382
vt 0.892977 0.562229
vt 0.892871 0.562344
vt 0.892873 0.562344
vt 0.892698 0.562382
vt 0.892873 0.562344
vt 0.892871 0.562344
vt 0.58533 0.400363
vt 0.585775 0.401801
vt 0.585819 0.414734
vt 0.756012 0.362134
vt 0.756271 0.362132
vt 0.756271 0.375063
vt 0.131386 0.399463
vt 0.131614 0.399373
vt 0.403069 0.399373
vt 0.402753 0.347313
vt 0.131293 0.347313
vt 0.132111 0.345253
vt 0.869296 0.53214
vt 0.869121 0.532178
vt 0.86912 0.532178
vt 0.869014 0.532293
vt 0.86912 0.532178
vt 0.869121 0.532178
vt 0.868979 0.532485
vt 0.869014 0.532293
vt 0.869016 0.532292
vt 0.869121 0.532178
vt 0.869016 0.532292
vt 0.869014 0.532293
vt 0.399506 0.347766
vt 0.124537 0.376502
vt 0.124511 0.362134
vt 0.399506 0.347766
vt 0.124485 0.347766
vt 0.124969 0.347399
vt 0.868981 0.539677
vt 0.868981 0.562039
vt 0.868979 0.562038
vt 0.869014 0.562229
vt 0.868979 0.562038
vt 0.868981 0.562039
vt 0.879282 0.532182
vt 0.879283 0.53214
vt 0.876166 0.53214
vt 0.876166 0.53214
vt 0.879283 0.53214
vt 0.876177 0.53214
vt 0.403068 0.40019
vt 0.403068 0.400281
vt 0.131445 0.400281
vt 0.127759 0.180297
vt 0.399387 0.180297
vt 0.399387 0.183058
vt 0.403068 0.40019
vt 0.403068 0.399464
vt 0.435941 0.399463
vt 0.435942 0.399373
vt 0.435941 0.399463
vt 0.403068 0.399464
vt 0.130406 0.302633
vt 0.402753 0.302633
vt 0.130406 0.338132
vt 0.402753 0.302633
vt 0.130406 0.302633
vt 0.130406 0.283568
vt 0.130964 0.183973
vt 0.130801 0.183809
vt 0.131295 0.18371
vt 0.130964 0.183973
vt 0.130505 0.184106
vt 0.130801 0.183809
vt 0.892104 0.561424
vt 0.885526 0.561368
vt 0.879293 0.561368
vt 0.888643 0.561274
vt 0.879293 0.561368
vt 0.885526 0.561368
vt 0.132111 0.345253
vt 0.130505 0.346916
vt 0.130406 0.346419
vt 0.132111 0.345253
vt 0.130406 0.346419
vt 0.130406 0.338132
vt 0.876166 0.56234
vt 0.876166 0.562382
vt 0.879283 0.562382
vt 0.869296 0.562382
vt 0.879283 0.562382
vt 0.876166 0.562382
vt 0.402753 0.208132
vt 0.402753 0.189487
vt 0.435626 0.189487
vt 0.435626 0.185338
vt 0.435626 0.189487
vt 0.402753 0.189487
vt 0.39972 0.398156
vt 0.399718 0.398554
vt 0.125139 0.398554
vt 0.12776 0.016352
vt 0.124803 0.013352
vt 0.399387 0.013592
vt 0.869022 0.562232
vt 0.868988 0.562044
vt 0.86899 0.562046
vt 0.86899 0.539677
vt 0.86899 0.562046
vt 0.868988 0.562044
vt 0.402753 0.264583
vt 0.402753 0.283568
vt 0.130406 0.283568
vt 0.402753 0.302633
vt 0.130406 0.283568
vt 0.402753 0.283568
vt 0.876166 0.533055
vt 0.876166 0.533097
vt 0.879283 0.533097
vt 0.879283 0.533097
vt 0.876166 0.533097
vt 0.876176 0.533097
vt 0.132005 0.264583
vt 0.130406 0.245682
vt 0.435626 0.245682
vt 0.435626 0.245682
vt 0.130406 0.245682
vt 0.402753 0.226864
vt 0.432381 0.376502
vt 0.399512 0.376502
vt 0.399506 0.347766
vt 0.865412 0.533097
vt 0.864685 0.533097
vt 0.864685 0.539677
vt 0.892695 0.53214
vt 0.892871 0.532178
vt 0.892873 0.532178
vt 0.892978 0.532292
vt 0.892873 0.532178
vt 0.892871 0.532178
vt 0.399506 0.347766
vt 0.124511 0.362134
vt 0.124485 0.347766
vt 0.124074 0.347765
vt 0.124485 0.347766
vt 0.124511 0.362134
vt 0.435626 0.302633
vt 0.435626 0.338132
vt 0.402753 0.338132
vt 0.402753 0.345684
vt 0.402753 0.338132
vt 0.435626 0.338132
vt 0.756187 0.226864
vt 0.756187 0.245682
vt 0.744844 0.245682
vt 0.744844 0.245682
vt 0.756187 0.245682
vt 0.756187 0.264583
vt 0.892871 0.532178
vt 0.892977 0.532293
vt 0.892978 0.532292
vt 0.893013 0.532483
vt 0.892978 0.532292
vt 0.892977 0.532293
vt 0.892988 0.53229
vt 0.892885 0.532177
vt 0.892883 0.532177
vt 0.892713 0.53214
vt 0.892883 0.532177
vt 0.892885 0.532177
vt 0.399387 0.016437
vt 0.127701 0.016437
vt 0.12776 0.016352
vt 0.131453 0.399373
vt 0.131453 0.398646
vt 0.403106 0.398646
vt 0.585391 0.414733
vt 0.585446 0.427667
vt 0.538054 0.42902
vt 0.585862 0.427667
vt 0.585446 0.427667
vt 0.585391 0.414733
vt 0.435626 0.245682
vt 0.435626 0.264583
vt 0.402753 0.264583
vt 0.402753 0.283568
vt 0.402753 0.264583
vt 0.435626 0.264583
vt 0.892883 0.532177
vt 0.892986 0.53229
vt 0.892988 0.53229
vt 0.893022 0.532477
vt 0.892988 0.53229
vt 0.892986 0.53229
vt 0.752594 0.01645
vt 0.752101 0.016352
vt 0.752337 0.016112
vt 0.43226 0.016352
vt 0.741478 0.016112
vt 0.752101 0.016352
vt 0.876166 0.53214
vt 0.876166 0.532182
vt 0.879282 0.532182
vt 0.876166 0.532308
vt 0.879282 0.532182
vt 0.876166 0.532182
vt 0.12776 0.016352
vt 0.399387 0.016352
vt 0.399387 0.016437
vt 0.399387 0.013592
vt 0.399387 0.016352
vt 0.12776 0.016352
vt 0.876176 0.561442
vt 0.879283 0.561442
vt 0.882409 0.561442
vt 0.879293 0.561424
vt 0.876176 0.561442
vt 0.882409 0.561442
vt 0.876166 0.561442
vt 0.879283 0.561442
vt 0.876176 0.561442
vt 0.879282 0.561485
vt 0.879283 0.561442
vt 0.876166 0.561442
vt 0.130406 0.208132
vt 0.402753 0.208132
vt 0.402753 0.226864
vt 0.402753 0.208132
vt 0.130406 0.208132
vt 0.132005 0.189487
vt 0.402753 0.226864
vt 0.130406 0.226864
vt 0.130406 0.208132
vt 0.130406 0.226864
vt 0.402753 0.226864
vt 0.130406 0.245682
vt 0.876176 0.533097
vt 0.876177 0.533116
vt 0.879293 0.533116
vt 0.879293 0.533172
vt 0.879293 0.533116
vt 0.876177 0.533116
vt 0.876176 0.561442
vt 0.869974 0.561442
vt 0.869972 0.561442
vt 0.86991 0.561375
vt 0.869972 0.561442
vt 0.869974 0.561442
vt 0.893012 0.532485
vt 0.892973 0.533097
vt 0.892973 0.539677
vt 0.892857 0.539677
vt 0.892973 0.539677
vt 0.892973 0.533097
vt 0.876177 0.533116
vt 0.876177 0.533172
vt 0.879293 0.533172
vt 0.879293 0.533266
vt 0.879293 0.533172
vt 0.876177 0.533172
vt 0.43226 0.183298
vt 0.124811 0.183298
vt 0.399387 0.183058
vt 0.75505 0.183298
vt 0.43226 0.183298
vt 0.43226 0.183058
vt 0.403069 0.399373
vt 0.403068 0.399464
vt 0.131386 0.399463
vt 0.131386 0.400191
vt 0.131386 0.399463
vt 0.403068 0.399464
vt 0.876177 0.561274
vt 0.876177 0.561368
vt 0.879293 0.561368
vt 0.879293 0.561424
vt 0.879293 0.561368
vt 0.876177 0.561368
vt 0.754165 0.345576
vt 0.754482 0.345253
vt 0.755792 0.347214
vt 0.754588 0.338132
vt 0.754482 0.345253
vt 0.754165 0.345576
vt 0.131067 0.183625
vt 0.435626 0.18371
vt 0.402753 0.18371
vt 0.402753 0.189487
vt 0.402753 0.18371
vt 0.435626 0.185338
vt 0.876176 0.533097
vt 0.879293 0.533097
vt 0.879283 0.533097
vt 0.879293 0.533116
vt 0.879293 0.533097
vt 0.876176 0.533097
vt 0.126636 0.022299
vt 0.126636 0.017004
vt 0.126872 0.017242
vt 0.126971 0.016747
vt 0.126872 0.017242
vt 0.126636 0.017004
vt 0.754482 0.185769
vt 0.744844 0.185338
vt 0.744844 0.183873
vt 0.744844 0.185338
vt 0.754482 0.185769
vt 0.744844 0.189487
vt 0.755606 0.347766
vt 0.756019 0.347765
vt 0.756019 0.349202
vt 0.75627 0.3492
vt 0.756019 0.349202
vt 0.756019 0.347765
vt 0.893022 0.539677
vt 0.893022 0.532477
vt 0.893013 0.532483
vt 0.893022 0.532477
vt 0.893022 0.539677
vt 0.896593 0.539677
vt 0.753225 0.017004
vt 0.752989 0.017242
vt 0.75289 0.016747
vt 0.752989 0.017242
vt 0.753225 0.017004
vt 0.752989 0.022299
vt 0.879283 0.533097
vt 0.879282 0.533055
vt 0.876166 0.533055
vt 0.876166 0.532929
vt 0.876166 0.533055
vt 0.879282 0.533055
vt 0.86899 0.533097
vt 0.86899 0.539677
vt 0.868988 0.539677
vt 0.865412 0.539677
vt 0.86899 0.539677
vt 0.86899 0.533097
vt 0.435626 0.283568
vt 0.435626 0.302633
vt 0.402753 0.302633
vt 0.402753 0.338132
vt 0.402753 0.302633
vt 0.435626 0.302633
vt 0.86992 0.539677
vt 0.86992 0.533165
vt 0.869919 0.533165
vt 0.869938 0.533191
vt 0.86992 0.533165
vt 0.86992 0.539677
vt 0.752831 0.180438
vt 0.43226 0.180537
vt 0.43226 0.180297
vt 0.399387 0.180297
vt 0.43226 0.180297
vt 0.43226 0.180537
vt 0.86992 0.539677
vt 0.869938 0.539677
vt 0.869938 0.533191
vt 0.86999 0.53326
vt 0.869938 0.533191
vt 0.869938 0.539677
vt 0.893021 0.562044
vt 0.892986 0.562232
vt 0.892988 0.562233
vt 0.892885 0.562345
vt 0.892988 0.562233
vt 0.892986 0.562232
vt 0.892181 0.533165
vt 0.892181 0.539677
vt 0.892179 0.539677
vt 0.892179 0.561375
vt 0.892179 0.539677
vt 0.892181 0.539677
vt 0.39972 0.398156
vt 0.432591 0.398554
vt 0.399718 0.398554
vt 0.399387 0.013592
vt 0.43226 0.013352
vt 0.43226 0.016352
vt 0.868979 0.562038
vt 0.868979 0.539677
vt 0.868981 0.539677
vt 0.868981 0.532483
vt 0.868981 0.539677
vt 0.868979 0.539677
vt 0.755564 0.376502
vt 0.756005 0.375065
vt 0.756004 0.376502
vt 0.756271 0.3765
vt 0.756004 0.376502
vt 0.756005 0.375065
vt 0.432376 0.347766
vt 0.755606 0.347766
vt 0.755604 0.349203
vt 0.756019 0.349202
vt 0.755604 0.349203
vt 0.755606 0.347766
vt 0.402753 0.302633
vt 0.402753 0.338132
vt 0.130406 0.338132
vt 0.130406 0.338132
vt 0.402753 0.338132
vt 0.132111 0.345253
vt 0.402753 0.345684
vt 0.132111 0.345253
vt 0.402753 0.338132
vt 0.132111 0.345253
vt 0.402753 0.345684
vt 0.402753 0.347313
vt 0.876166 0.561442
vt 0.876166 0.561485
vt 0.879282 0.561485
vt 0.876166 0.561611
vt 0.879282 0.561485
vt 0.876166 0.561485
vt 0.481456 0.426123
vt 0.462527 0.426443
vt 0.48317 0.414047
vt 0.538054 0.42902
vt 0.481456 0.426123
vt 0.48317 0.414047
vt 0.124024 0.01376
vt 0.124162 0.014507
vt 0.123927 0.014269
vt 0.123927 0.022299
vt 0.123927 0.014269
vt 0.124162 0.014507
vt 0.869126 0.532177
vt 0.869298 0.53214
vt 0.869299 0.53214
vt 0.869921 0.53214
vt 0.869299 0.53214
vt 0.869298 0.53214
vt 0.399387 0.183058
vt 0.43226 0.183058
vt 0.43226 0.183298
vt 0.43226 0.183058
vt 0.399387 0.183058
vt 0.399387 0.180297
vt 0.755309 0.013694
vt 0.755545 0.013454
vt 0.755837 0.01376
vt 0.755058 0.013352
vt 0.755545 0.013454
vt 0.755309 0.013694
vt 0.892189 0.533165
vt 0.892172 0.533191
vt 0.892172 0.539677
vt 0.892121 0.539677
vt 0.892172 0.539677
vt 0.892172 0.533191
vt 0.435941 0.399463
vt 0.435941 0.40019
vt 0.403068 0.40019
vt 0.403068 0.400281
vt 0.403068 0.40019
vt 0.435941 0.40019
vt 0.75289 0.016747
vt 0.752594 0.01645
vt 0.75283 0.016211
vt 0.752337 0.016112
vt 0.75283 0.016211
vt 0.752594 0.01645
vt 0.870075 0.533361
vt 0.870075 0.539677
vt 0.870539 0.533866
vt 0.86999 0.53326
vt 0.870075 0.539677
vt 0.870075 0.533361
vt 0.868979 0.539677
vt 0.868979 0.532485
vt 0.868981 0.532483
vt 0.869016 0.532292
vt 0.868981 0.532483
vt 0.868979 0.532485
vt 0.869756 0.533097
vt 0.869133 0.532772
vt 0.869133 0.539677
vt 0.869017 0.532583
vt 0.869133 0.539677
vt 0.869133 0.532772
vt 0.865412 0.527717
vt 0.864685 0.527011
vt 0.864685 0.533097
vt 0.124537 0.376502
vt 0.399506 0.347766
vt 0.399512 0.376502
vt 0.586609 0.4147
vt 0.586673 0.401767
vt 0.653075 0.428734
vt 0.586228 0.401768
vt 0.586673 0.401767
vt 0.586609 0.4147
vt 0.892179 0.539677
vt 0.892179 0.533165
vt 0.892181 0.533165
vt 0.892119 0.533097
vt 0.892181 0.533165
vt 0.892179 0.533165
vt 0.879283 0.562382
vt 0.892698 0.562382
vt 0.892695 0.562382
vt 0.892871 0.562344
vt 0.892695 0.562382
vt 0.892698 0.562382
vt 0.892883 0.562345
vt 0.892711 0.562382
vt 0.892713 0.562382
vt 0.876177 0.562382
vt 0.892713 0.562382
vt 0.892711 0.562382
vt 0.89732 0.539677
vt 0.89732 0.527011
vt 0.896593 0.533097
vt 0.124718 0.376504
vt 0.432594 0.376503
vt 0.39972 0.398156
vt 0.870539 0.533866
vt 0.872871 0.533771
vt 0.872871 0.533266
vt 0.876177 0.533266
vt 0.872871 0.533266
vt 0.872871 0.533771
vt 0.869386 0.532182
vt 0.86991 0.53214
vt 0.869295 0.53214
vt 0.86991 0.53214
vt 0.869298 0.53214
vt 0.869296 0.53214
vt 0.86912 0.532178
vt 0.869295 0.53214
vt 0.869296 0.53214
vt 0.86991 0.53214
vt 0.869296 0.53214
vt 0.869295 0.53214
vt 0.755934 0.182398
vt 0.755836 0.182898
vt 0.7556 0.182658
vt 0.755541 0.183198
vt 0.7556 0.182658
vt 0.755836 0.182898
vt 0.402753 0.345684
vt 0.435626 0.345684
vt 0.435626 0.34715
vt 0.435626 0.338132
vt 0.435626 0.345684
vt 0.402753 0.345684
vt 0.399506 0.347766
vt 0.432376 0.347766
vt 0.432381 0.376502
vt 0.432381 0.347399
vt 0.432376 0.347766
vt 0.399506 0.347766
vt 0.132005 0.189487
vt 0.402753 0.189487
vt 0.402753 0.208132
vt 0.132005 0.189487
vt 0.132428 0.185446
vt 0.402753 0.189487
vt 0.402753 0.18371
vt 0.435626 0.183873
vt 0.435626 0.185338
vt 0.744844 0.185338
vt 0.435626 0.185338
vt 0.435626 0.183873
vt 0.43226 0.013352
vt 0.755058 0.013352
vt 0.741478 0.013592
vt 0.741478 0.013592
vt 0.755058 0.013352
vt 0.752337 0.016112
vt 0.868988 0.532478
vt 0.868988 0.539677
vt 0.868981 0.539677
vt 0.868988 0.539677
vt 0.868988 0.532478
vt 0.86899 0.533097
vt 0.435626 0.208132
vt 0.435626 0.226864
vt 0.402753 0.226864
vt 0.435626 0.245682
vt 0.402753 0.226864
vt 0.435626 0.226864
vt 0.869972 0.533097
vt 0.86991 0.533165
vt 0.869912 0.533165
vt 0.86991 0.539677
vt 0.869912 0.533165
vt 0.86991 0.533165
vt 0.132428 0.185446
vt 0.132111 0.185769
vt 0.130964 0.183973
vt 0.132005 0.189487
vt 0.132111 0.185769
vt 0.132428 0.185446
vt 0.756187 0.302633
vt 0.744844 0.302633
vt 0.756187 0.283568
vt 0.744844 0.302633
vt 0.756187 0.302633
vt 0.754588 0.338132
vt 0.755792 0.183809
vt 0.744844 0.183873
vt 0.755298 0.18371
vt 0.755298 0.18371
vt 0.744844 0.183873
vt 0.435626 0.183873
vt 0.124261 0.182658
vt 0.124025 0.182898
vt 0.123927 0.182398
vt 0.124261 0.182658
vt 0.123927 0.182398
vt 0.123927 0.170945
vt 0.585967 0.400332
vt 0.586234 0.400331
vt 0.586228 0.401768
vt 0.586673 0.401767
vt 0.586228 0.401768
vt 0.586234 0.400331
vt 0.435626 0.18371
vt 0.435626 0.183873
vt 0.402753 0.18371
vt 0.435626 0.183873
vt 0.435626 0.18371
vt 0.755298 0.18371
vt 0.892179 0.561375
vt 0.892119 0.561442
vt 0.892117 0.561442
vt 0.888632 0.561442
vt 0.892117 0.561442
vt 0.892119 0.561442
vt 0.879283 0.562382
vt 0.879282 0.56234
vt 0.876166 0.56234
vt 0.876166 0.562214
vt 0.876166 0.56234
vt 0.879282 0.56234
vt 0.752989 0.170945
vt 0.753225 0.179643
vt 0.752989 0.179403
vt 0.752891 0.1799
vt 0.752989 0.179403
vt 0.753225 0.179643
vt 0.58533 0.400363
vt 0.585771 0.400365
vt 0.585775 0.401801
vt 0.756005 0.375065
vt 0.756271 0.375063
vt 0.756271 0.3765
vt 0.131453 0.399373
vt 0.403106 0.398646
vt 0.435976 0.398646
vt 0.43226 0.016352
vt 0.43226 0.016437
vt 0.399387 0.016437
vt 0.893012 0.532485
vt 0.892973 0.532583
vt 0.892973 0.533097
vt 0.892857 0.532772
vt 0.892973 0.533097
vt 0.892973 0.532583
vt 0.892973 0.533097
vt 0.892857 0.532772
vt 0.892857 0.539677
vt 0.892333 0.539677
vt 0.892857 0.539677
vt 0.892857 0.532772
vt 0.885526 0.561442
vt 0.882409 0.561442
vt 0.879283 0.561442
vt 0.879293 0.561424
vt 0.882409 0.561442
vt 0.885526 0.561442
vt 0.892188 0.561375
vt 0.892188 0.539677
vt 0.892189 0.561375
vt 0.892188 0.539677
vt 0.892188 0.561375
vt 0.892179 0.561375
vt 0.892605 0.532182
vt 0.892695 0.53214
vt 0.892179 0.53214
vt 0.892179 0.53214
vt 0.892698 0.53214
vt 0.892713 0.53214
vt 0.892179 0.53214
vt 0.892695 0.53214
vt 0.892698 0.53214
vt 0.892873 0.532178
vt 0.892698 0.53214
vt 0.892695 0.53214
vt 0.754482 0.185769
vt 0.756187 0.189487
vt 0.744844 0.189487
vt 0.756187 0.208132
vt 0.744844 0.189487
vt 0.756187 0.189487
vt 0.741478 0.016112
vt 0.752337 0.016112
vt 0.752101 0.016352
vt 0.752337 0.016112
vt 0.741478 0.016112
vt 0.741478 0.013592
vt 0.755601 0.013999
vt 0.755837 0.01376
vt 0.755934 0.014269
vt 0.755837 0.01376
vt 0.755601 0.013999
vt 0.755309 0.013694
vt 0.869919 0.539677
vt 0.869919 0.533165
vt 0.869912 0.533165
vt 0.869919 0.533165
vt 0.869919 0.539677
vt 0.86992 0.539677
vt 0.130406 0.245682
vt 0.132005 0.264583
vt 0.130406 0.264583
vt 0.130406 0.283568
vt 0.130406 0.264583
vt 0.132005 0.264583
vt 0.435626 0.34715
vt 0.435626 0.347313
vt 0.402753 0.347313
vt 0.435626 0.347313
vt 0.435626 0.34715
vt 0.7553 0.347313
vt 0.126872 0.017242
vt 0.126872 0.022299
vt 0.126636 0.022299
vt 0.126872 0.040945
vt 0.126636 0.022299
vt 0.126872 0.022299
vt 0.399387 0.013352
vt 0.399387 0.013592
vt 0.124803 0.013352
vt 0.43226 0.013352
vt 0.399387 0.013592
vt 0.399387 0.013352
vt 0.756019 0.347765
vt 0.75627 0.347763
vt 0.75627 0.3492
vt 0.585446 0.427667
vt 0.585862 0.427667
vt 0.585867 0.429104
vt 0.43226 0.183058
vt 0.754815 0.183058
vt 0.75505 0.183298
vt 0.75505 0.183298
vt 0.754815 0.183058
vt 0.755541 0.183198
vt 0.9579146 0.07257941
vt 0.9589462 0.07257941
vt 0.9589462 0.07523902
vt 0.9589462 0.07523902
vt 0.9579146 0.07523902
vt 0.9579146 0.07257941
vt 0.9599778 0.07257941
vt 0.9599778 0.07523902
vt 0.9589462 0.07523902
vt 0.9589462 0.07523902
vt 0.9589462 0.07257941
vt 0.9599778 0.07257941
vt 0.9411196 0.14258243
vt 0.9384594 0.14258243
vt 0.9384594 0.04975392
vt 0.9384594 0.04975392
vt 0.9411196 0.04975392
vt 0.9411196 0.14258243
vt 0.9501319 0.14258243
vt 0.94910026 0.14258243
vt 0.94910026 0.04975392
vt 0.94910026 0.04975392
vt 0.9501319 0.04975392
vt 0.9501319 0.14258243
vt 0.94644004 0.14258243
vt 0.9437798 0.14258243
vt 0.9437798 0.04975392
vt 0.9437798 0.04975392
vt 0.94644004 0.04975392
vt 0.94644004 0.14258243
vt 0.95116353 0.14258243
vt 0.9501319 0.14258243
vt 0.9501319 0.04975392
vt 0.9501319 0.04975392
vt 0.95116353 0.04975392
vt 0.95116353 0.14258243
vt 0.95474595 0.06801087
vt 0.9547527 0.07257511
vt 0.95323414 0.07257941
vt 0.95323414 0.07257941
vt 0.95322734 0.06801517
vt 0.95474595 0.06801087
vt 0.9569334 0.06801087
vt 0.9584519 0.06801517
vt 0.95844513 0.07257941
vt 0.95844513 0.07257941
vt 0.9569266 0.07257511
vt 0.9569334 0.06801087
vt 0.9636635 0.06715016
vt 0.9621444 0.06715016
vt 0.9621444 0.06345093
vt 0.9621444 0.06345093
vt 0.9636635 0.06345093
vt 0.9636635 0.06715016
vt 0.9569266 0.04975392
vt 0.9569266 0.054318156
vt 0.95322734 0.054318156
vt 0.95322734 0.054318156
vt 0.95322734 0.04975392
vt 0.9569266 0.04975392
vt 0.9636635 0.06258161
vt 0.9621444 0.06258161
vt 0.9621444 0.058882393
vt 0.9621444 0.058882393
vt 0.9636635 0.058882393
vt 0.9636635 0.06258161
vt 0.95322734 0.058882393
vt 0.95322734 0.054318156
vt 0.9569266 0.054318156
vt 0.9569266 0.054318156
vt 0.9569266 0.058882393
vt 0.95322734 0.058882393
vt 0.9562718 0.06801087
vt 0.95627856 0.07257511
vt 0.9547594 0.07257941
vt 0.9547594 0.07257941
vt 0.9547527 0.06801517
vt 0.9562718 0.06801087
vt 0.95845866 0.06801087
vt 0.9599778 0.06801517
vt 0.9599711 0.07257941
vt 0.9599711 0.07257941
vt 0.9584519 0.07257511
vt 0.95845866 0.06801087
vt 0.9621444 0.05431385
vt 0.9606258 0.05431385
vt 0.9606258 0.05061463
vt 0.9606258 0.05061463
vt 0.9621444 0.05061463
vt 0.9621444 0.05431385
vt 0.9569266 0.058882393
vt 0.9569266 0.063446626
vt 0.95322734 0.063446626
vt 0.95322734 0.063446626
vt 0.95322734 0.058882393
vt 0.9569266 0.058882393
vt 0.9621444 0.06715016
vt 0.9606258 0.06715016
vt 0.9606258 0.06345093
vt 0.9606258 0.06345093
vt 0.9621444 0.06345093
vt 0.9621444 0.06715016
vt 0.95322734 0.06801087
vt 0.95322734 0.063446626
vt 0.9569266 0.063446626
vt 0.9569266 0.063446626
vt 0.9569266 0.06801087
vt 0.95322734 0.06801087
f 28/1 1/2 293/3
f 327/4 25/5 2/6
f 4/7 3/8 319/9
f 5/10 4/11 59/12
f 6/13 5/14 59/15
f 7/16 6/17 56/18
f 8/19 7/20 56/21
f 9/22 8/23 56/24
f 10/25 9/26 347/27
f 11/28 10/29 48/30
f 30/31 11/32 447/33
f 602/34 23/35 12/36
f 14/37 13/38 318/39
f 15/40 14/41 446/42
f 16/43 15/44 286/45
f 17/46 16/47 47/48
f 18/49 17/50 47/51
f 19/52 18/53 58/54
f 20/55 19/56 58/57
f 1/58 20/59 58/60
f 1/61 28/62 33/63
f 1/64 33/65 34/66
f 1/67 34/68 2/69
f 2/70 25/71 218/72
f 1/73 2/74 218/75
f 4/76 5/77 212/78
f 5/79 6/80 164/81
f 6/82 7/83 164/84
f 7/85 8/86 164/87
f 8/88 9/89 164/90
f 9/91 10/92 272/93
f 10/94 11/95 443/96
f 11/97 30/98 37/99
f 11/100 37/101 38/102
f 11/103 38/104 12/105
f 12/106 23/107 232/108
f 11/109 12/110 232/111
f 14/112 15/113 259/114
f 15/115 16/116 214/117
f 16/118 17/119 214/120
f 17/121 18/122 214/123
f 18/124 19/125 214/126
f 19/127 20/128 218/129
f 20/130 1/131 218/132
f 24/133 21/134 607/135
f 26/136 22/137 543/138
f 21/139 24/140 230/141
f 22/142 26/143 248/144
f 543/145 22/146 23/147
f 445/148 23/149 22/150
f 29/151 24/152 275/153
f 24/154 29/155 35/156
f 24/157 35/158 36/159
f 24/160 36/161 3/162
f 3/163 4/164 212/165
f 24/166 3/167 230/168
f 607/169 21/170 25/171
f 217/172 25/173 21/174
f 31/175 26/176 320/177
f 26/178 31/179 39/180
f 26/181 39/182 40/183
f 26/184 40/185 13/186
f 13/187 14/188 442/189
f 26/190 13/191 248/192
f 33/193 28/194 293/195
f 35/196 29/197 275/198
f 37/199 30/200 344/201
f 39/202 31/203 320/204
f 34/205 33/206 61/207
f 2/208 34/209 161/210
f 36/211 35/212 63/213
f 3/214 36/215 148/216
f 38/217 37/218 171/219
f 12/220 38/221 42/222
f 40/223 39/224 149/225
f 13/226 40/227 41/228
f 543/229 320/230 26/231
f 25/232 327/233 607/234
f 126/235 347/236 56/237
f 56/238 347/239 9/240
f 248/241 577/242 22/243
f 21/244 574/245 217/246
f 47/247 58/248 18/249
f 543/250 587/251 320/252
f 164/253 212/254 5/255
f 417/256 262/257 492/258
f 218/259 214/260 19/261
f 492/262 412/263 417/264
f 446/265 286/266 15/267
f 187/268 286/269 446/270
f 48/271 447/272 11/273
f 447/274 48/275 126/276
f 587/277 543/278 613/279
f 618/280 510/281 120/282
f 446/283 551/284 187/285
f 181/286 184/287 498/288
f 457/289 431/290 282/291
f 454/292 640/293 324/294
f 558/295 456/296 633/297
f 324/298 201/299 454/300
f 570/301 309/302 541/303
f 453/304 634/305 583/306
f 197/307 583/308 634/309
f 558/310 308/311 456/312
f 212/313 164/314 529/315
f 528/316 585/317 617/318
f 56/319 59/320 126/321
f 59/322 56/323 6/324
f 606/325 536/326 214/327
f 617/328 539/329 528/330
f 58/331 293/332 1/333
f 58/334 47/335 187/336
f 319/337 59/338 4/339
f 352/340 59/341 460/342
f 635/343 212/344 529/345
f 495/346 494/347 507/348
f 607/349 327/350 462/351
f 293/352 58/353 187/354
f 605/355 536/356 606/357
f 507/358 496/359 495/360
f 460/361 394/362 330/363
f 462/364 288/365 607/366
f 498/367 502/368 181/369
f 138/370 126/371 59/372
f 165/373 419/374 459/375
f 120/376 144/377 618/378
f 307/379 601/380 198/381
f 160/382 276/383 304/384
f 638/385 500/386 538/387
f 104/388 269/389 643/390
f 646/391 594/392 580/393
f 129/394 342/395 311/396
f 499/397 314/398 464/399
f 250/400 350/401 298/402
f 260/403 253/404 107/405
f 538/406 616/407 638/408
f 203/409 191/410 170/411
f 198/412 159/413 307/414
f 353/415 160/416 304/417
f 632/418 420/419 151/420
f 151/421 355/422 632/423
f 170/424 94/425 203/426
f 90/427 382/428 64/429
f 311/430 268/431 129/432
f 178/433 231/434 65/435
f 167/436 299/437 84/438
f 289/439 630/440 306/441
f 376/442 377/443 379/444
f 371/445 373/446 383/447
f 306/448 337/449 289/450
f 504/451 508/452 511/453
f 536/454 82/455 627/456
f 385/457 390/458 326/459
f 335/460 351/461 597/462
f 189/463 174/464 141/465
f 526/466 525/467 517/468
f 597/469 531/470 335/471
f 437/472 399/473 316/474
f 170/475 355/476 94/477
f 520/478 522/479 475/480
f 240/481 379/482 377/483
f 375/484 389/485 258/486
f 216/487 300/488 75/489
f 459/490 187/491 165/492
f 384/493 386/494 372/495
f 326/496 374/497 385/498
f 544/499 548/500 553/501
f 168/502 353/503 122/504
f 558/505 590/506 136/507
f 303/508 201/509 324/510
f 88/511 235/512 74/513
f 460/514 172/515 352/516
f 13/517 442/518 248/519
f 521/520 504/521 477/522
f 643/523 190/524 104/525
f 380/526 435/527 421/528
f 541/529 152/530 576/531
f 192/532 307/533 159/534
f 152/535 541/536 310/537
f 256/538 205/539 325/540
f 354/541 233/542 93/543
f 354/544 261/545 237/546
f 325/547 197/548 256/549
f 94/550 136/551 590/552
f 95/553 581/554 140/555
f 564/556 53/557 561/558
f 517/559 515/560 526/561
f 23/562 445/563 232/564
f 613/565 506/566 360/567
f 311/568 439/569 215/570
f 80/571 27/572 158/573
f 529/574 555/575 86/576
f 140/577 252/578 95/579
f 567/580 512/581 54/582
f 546/583 578/584 621/585
f 316/586 440/587 437/588
f 476/589 568/590 612/591
f 436/592 398/593 317/594
f 428/595 350/596 250/597
f 360/598 295/599 613/600
f 538/601 288/602 287/603
f 394/604 269/605 104/606
f 64/607 352/608 172/609
f 64/610 265/611 90/612
f 25/613 217/614 218/615
f 475/616 582/617 520/618
f 287/619 392/620 538/621
f 260/622 419/623 165/624
f 107/625 302/626 260/627
f 422/628 383/629 373/630
f 82/631 536/632 183/633
f 43/634 226/635 108/636
f 86/637 229/638 109/639
f 86/640 635/641 529/642
f 553/643 549/644 544/645
f 3/646 212/647 230/648
f 247/649 111/650 284/651
f 237/652 87/653 354/654
f 158/655 112/656 80/657
f 223/658 509/659 220/660
f 537/661 615/662 572/663
f 421/664 376/665 380/666
f 114/667 109/668 229/669
f 516/670 563/671 246/672
f 189/673 141/674 195/675
f 283/676 115/677 273/678
f 53/679 564/680 116/681
f 596/682 514/683 117/684
f 54/685 244/686 534/687
f 117/688 137/689 596/690
f 401/691 93/692 233/693
f 504/694 521/695 78/696
f 609/697 242/698 266/699
f 195/700 222/701 189/702
f 572/703 637/704 537/705
f 373/706 434/707 422/708
f 118/709 46/710 121/711
f 220/712 251/713 223/714
f 279/715 234/716 92/717
f 353/718 72/719 122/720
f 246/721 204/722 516/723
f 108/724 123/725 43/726
f 280/727 185/728 358/729
f 608/730 478/731 358/732
f 448/733 457/734 282/735
f 51/736 125/737 95/738
f 438/739 603/740 215/741
f 603/742 505/743 624/744
f 363/745 397/746 50/747
f 464/748 127/749 79/750
f 219/751 642/752 612/753
f 249/754 312/755 281/756
f 74/757 349/758 88/759
f 258/760 381/761 375/762
f 67/763 130/764 334/765
f 130/766 423/767 163/768
f 359/769 300/770 216/771
f 250/772 400/773 428/774
f 289/775 321/776 396/777
f 163/778 423/779 497/780
f 450/781 453/782 604/783
f 133/784 53/785 116/786
f 202/787 134/788 180/789
f 492/790 608/791 296/792
f 377/793 378/794 240/795
f 542/796 618/797 144/798
f 308/799 136/800 274/801
f 136/802 308/803 558/804
f 449/805 456/806 626/807
f 54/808 137/809 117/810
f 138/811 235/812 88/813
f 215/814 268/815 311/816
f 69/817 139/818 102/819
f 573/820 645/821 523/822
f 432/823 454/824 201/825
f 140/826 52/827 99/828
f 174/829 66/830 141/831
f 273/832 239/833 142/834
f 282/835 619/836 448/837
f 142/838 91/839 273/840
f 143/841 32/842 361/843
f 451/844 455/845 467/846
f 144/847 547/848 542/849
f 372/850 371/851 384/852
f 145/853 70/854 387/855
f 434/856 177/857 406/858
f 146/859 49/860 503/861
f 49/862 146/863 97/864
f 70/865 221/866 403/867
f 513/868 406/869 177/870
f 63/871 148/872 36/873
f 467/874 469/875 451/876
f 149/877 41/878 40/879
f 523/880 501/881 573/882
f 245/883 426/884 480/885
f 50/886 150/887 363/888
f 355/889 151/890 94/891
f 274/892 256/893 197/894
f 234/895 152/896 310/897
f 304/898 576/899 152/900
f 153/901 81/902 474/903
f 402/904 388/905 68/906
f 452/907 458/908 465/909
f 44/910 154/911 106/912
f 403/913 387/914 70/915
f 155/916 598/917 595/918
f 251/919 198/920 601/921
f 46/922 118/923 156/924
f 76/925 157/926 103/927
f 362/928 396/929 321/930
f 525/931 610/932 593/933
f 98/934 158/935 27/936
f 354/937 87/938 159/939
f 201/940 303/941 247/942
f 222/943 266/944 242/945
f 160/946 86/947 555/948
f 61/949 161/950 34/951
f 458/952 452/953 468/954
f 162/955 78/956 233/957
f 121/958 162/959 118/960
f 510/961 537/962 637/963
f 421/964 163/965 113/966
f 272/967 443/968 609/969
f 443/970 272/971 10/972
f 65/973 339/974 188/975
f 165/976 253/977 260/978
f 511/979 477/980 504/981
f 442/982 166/983 57/984
f 298/985 167/986 250/987
f 317/988 441/989 436/990
f 207/991 366/992 45/993
f 563/994 632/995 355/996
f 92/997 169/998 279/999
f 604/1000 309/1001 450/1002
f 194/1003 367/1004 226/1005
f 82/1006 170/1007 191/1008
f 42/1009 624/1010 505/1011
f 171/1012 42/1013 38/1014
f 104/1015 330/1016 394/1017
f 172/1018 265/1019 64/1020
f 203/1021 237/1022 261/1023
f 284/1024 111/1025 173/1026
f 601/1027 223/1028 251/1029
f 27/1030 80/1031 338/1032
f 502/1033 542/1034 547/1035
f 378/1036 375/1037 381/1038
f 600/1039 526/1040 515/1041
f 112/1042 176/1043 223/1044
f 637/1045 120/1046 510/1047
f 177/1048 434/1049 373/1050
f 75/1051 178/1052 216/1053
f 386/1054 385/1055 374/1056
f 179/1057 361/1058 32/1059
f 76/1060 361/1061 179/1062
f 333/1063 180/1064 99/1065
f 415/1066 296/1067 608/1068
f 374/1069 372/1070 386/1071
f 547/1072 181/1073 502/1074
f 474/1075 329/1076 182/1077
f 97/1078 364/1079 49/1080
f 183/1081 108/1082 226/1083
f 522/1084 605/1085 606/1086
f 101/1087 398/1088 436/1089
f 184/1090 621/1091 578/1092
f 415/1093 519/1094 599/1095
f 185/1096 280/1097 243/1098
f 548/1099 489/1100 230/1101
f 186/1102 114/1103 45/1104
f 339/1105 591/1106 188/1107
f 400/1108 187/1109 551/1110
f 131/1111 359/1112 591/1113
f 300/1114 359/1115 131/1116
f 242/1117 189/1118 222/1119
f 338/1120 368/1121 27/1122
f 379/1123 380/1124 376/1125
f 90/1126 104/1127 190/1128
f 191/1129 627/1130 82/1131
f 261/1132 191/1133 203/1134
f 239/1135 192/1136 324/1137
f 324/1138 192/1139 303/1140
f 515/1141 444/1142 600/1143
f 445/1144 96/1145 55/1146
f 226/1147 43/1148 194/1149
f 355/1150 246/1151 563/1152
f 115/1153 195/1154 141/1155
f 576/1156 304/1157 276/1158
f 196/1159 45/1160 366/1161
f 45/1162 196/1163 186/1164
f 626/1165 197/1166 449/1167
f 197/1168 73/1169 274/1170
f 198/1171 354/1172 159/1173
f 156/1174 369/1175 46/1176
f 328/1177 440/1178 316/1179
f 128/1180 395/1181 199/1182
f 595/1183 639/1184 155/1185
f 106/1186 200/1187 44/1188
f 201/1189 562/1190 432/1191
f 247/1192 71/1193 201/1194
f 263/1195 432/1196 562/1197
f 180/1198 333/1199 202/1200
f 203/1201 173/1202 111/1203
f 590/1204 203/1205 94/1206
f 123/1207 204/1208 246/1209
f 496/1210 520/1211 582/1212
f 420/1213 205/1214 256/1215
f 325/1216 205/1217 279/1218
f 570/1219 561/1220 53/1221
f 271/1222 206/1223 53/1224
f 229/1225 86/1226 353/1227
f 86/1228 160/1229 353/1230
f 464/1231 79/1232 611/1233
f 102/1234 208/1235 69/1236
f 100/1237 389/1238 375/1239
f 578/1240 498/1241 184/1242
f 116/1243 210/1244 133/1245
f 210/1246 418/1247 412/1248
f 109/1249 211/1250 86/1251
f 636/1252 544/1253 549/1254
f 549/1255 212/1256 636/1257
f 212/1258 60/1259 110/1260
f 313/1261 280/1262 124/1263
f 313/1264 431/1265 236/1266
f 259/1267 214/1268 536/1269
f 214/1270 259/1271 15/1272
f 88/1273 391/1274 138/1275
f 138/1276 391/1277 126/1278
f 188/1279 216/1280 65/1281
f 65/1282 216/1283 178/1284
f 582/1285 495/1286 496/1287
f 217/1288 105/1289 62/1290
f 606/1291 475/1292 522/1293
f 217/1294 62/1295 218/1296
f 219/1297 335/1298 531/1299
f 219/1300 370/1301 50/1302
f 220/1303 121/1304 46/1305
f 508/1306 528/1307 539/1308
f 292/1309 393/1310 221/1311
f 337/1312 147/1313 569/1314
f 276/1315 160/1316 222/1317
f 266/1318 222/1319 160/1320
f 223/1321 80/1322 112/1323
f 80/1324 223/1325 174/1326
f 487/1327 534/1328 244/1329
f 134/1330 224/1331 296/1332
f 341/1333 225/1334 93/1335
f 225/1336 191/1337 261/1338
f 82/1339 226/1340 367/1341
f 226/1342 82/1343 183/1344
f 348/1345 227/1346 115/1347
f 195/1348 115/1349 227/1350
f 132/1351 365/1352 321/1353
f 130/1354 67/1355 228/1356
f 229/1357 45/1358 114/1359
f 45/1360 229/1361 207/1362
f 230/1363 553/1364 548/1365
f 212/1366 110/1367 230/1368
f 107/1369 65/1370 231/1371
f 383/1372 384/1373 371/1374
f 445/1375 55/1376 232/1377
f 593/1378 517/1379 525/1380
f 233/1381 118/1382 162/1383
f 118/1384 233/1385 354/1386
f 304/1387 152/1388 234/1389
f 122/1390 72/1391 234/1392
f 352/1393 64/1394 235/1395
f 64/1396 74/1397 235/1398
f 125/1399 51/1400 236/1401
f 236/1402 51/1403 313/1404
f 237/1405 111/1406 247/1407
f 111/1408 237/1409 203/1410
f 270/1411 238/1412 52/1413
f 333/1414 433/1415 263/1416
f 307/1417 192/1418 239/1419
f 141/1420 66/1421 239/1422
f 74/1423 64/1424 382/1425
f 381/1426 240/1427 378/1428
f 336/1429 426/1430 245/1431
f 150/1432 50/1433 370/1434
f 27/1435 242/1436 98/1437
f 242/1438 27/1439 368/1440
f 243/1441 411/1442 185/1443
f 95/1444 243/1445 51/1446
f 244/1447 414/1448 487/1449
f 117/1450 244/1451 54/1452
f 621/1453 476/1454 546/1455
f 436/1456 245/1457 101/1458
f 246/1459 43/1460 123/1461
f 43/1462 246/1463 355/1464
f 159/1465 87/1466 247/1467
f 247/1468 87/1469 237/1470
f 539/1471 511/1472 508/1473
f 442/1474 57/1475 248/1476
f 68/1477 249/1478 402/1479
f 249/1480 68/1481 199/1482
f 84/1483 250/1484 167/1485
f 400/1486 250/1487 84/1488
f 251/1489 46/1490 369/1491
f 46/1492 251/1493 220/1494
f 99/1495 252/1496 140/1497
f 252/1498 416/1499 599/1500
f 339/1501 65/1502 253/1503
f 65/1504 107/1505 253/1506
f 236/1507 254/1508 125/1509
f 581/1510 579/1511 270/1512
f 255/1513 596/1514 137/1515
f 264/1516 255/1517 137/1518
f 94/1519 151/1520 256/1521
f 256/1522 151/1523 420/1524
f 450/1525 309/1526 570/1527
f 53/1528 206/1529 570/1530
f 129/1531 399/1532 437/1533
f 129/1534 88/1535 349/1536
f 259/1537 442/1538 14/1539
f 442/1540 259/1541 536/1542
f 419/1543 260/1544 410/1545
f 575/1546 410/1547 260/1548
f 93/1549 261/1550 354/1551
f 261/1552 93/1553 225/1554
f 262/1555 358/1556 478/1557
f 262/1558 116/1559 564/1560
f 633/1561 54/1562 512/1563
f 263/1564 202/1565 333/1566
f 137/1567 54/1568 264/1569
f 54/1570 633/1571 264/1572
f 330/1573 104/1574 265/1575
f 104/1576 90/1577 265/1578
f 404/1579 266/1580 119/1581
f 160/1582 119/1583 266/1584
f 267/1585 49/1586 364/1587
f 545/1588 503/1589 49/1590
f 391/1591 88/1592 268/1593
f 88/1594 129/1595 268/1596
f 278/1597 430/1598 269/1599
f 269/1600 592/1601 571/1602
f 52/1603 140/1604 270/1605
f 270/1606 140/1607 581/1608
f 596/1609 255/1610 271/1611
f 53/1612 133/1613 271/1614
f 164/1615 272/1616 609/1617
f 272/1618 164/1619 9/1620
f 141/1621 273/1622 115/1623
f 239/1624 273/1625 141/1626
f 256/1627 274/1628 94/1629
f 94/1630 274/1631 136/1632
f 461/1633 451/1634 469/1635
f 275/1636 63/1637 35/1638
f 227/1639 276/1640 195/1641
f 222/1642 195/1643 276/1644
f 551/1645 523/1646 645/1647
f 277/1648 69/1649 208/1650
f 278/1651 143/1652 103/1653
f 470/1654 481/1655 460/1656
f 234/1657 279/1658 122/1659
f 122/1660 279/1661 205/1662
f 280/1663 313/1664 51/1665
f 51/1666 243/1667 280/1668
f 499/1669 597/1670 351/1671
f 281/1672 402/1673 249/1674
f 282/1675 257/1676 348/1677
f 619/1678 282/1679 91/1680
f 273/1681 91/1682 283/1683
f 283/1684 91/1685 282/1686
f 71/1687 284/1688 263/1689
f 284/1690 71/1691 247/1692
f 630/1693 500/1694 345/1695
f 396/1696 285/1697 289/1698
f 286/1699 47/1700 16/1701
f 47/1702 286/1703 187/1704
f 452/1705 463/1706 490/1707
f 287/1708 44/1709 200/1710
f 288/1711 486/1712 461/1713
f 179/1714 356/1715 288/1716
f 321/1717 289/1718 132/1719
f 569/1720 289/1721 337/1722
f 243/1723 95/1724 290/1725
f 599/1726 95/1727 252/1728
f 291/1729 117/1730 514/1731
f 244/1732 117/1733 291/1734
f 221/1735 70/1736 292/1737
f 70/1738 145/1739 406/1740
f 293/1741 61/1742 33/1743
f 465/1744 458/1745 459/1746
f 294/1747 435/1748 380/1749
f 571/1750 643/1751 269/1752
f 139/1753 295/1754 360/1755
f 587/1756 573/1757 501/1758
f 180/1759 296/1760 322/1761
f 296/1762 180/1763 134/1764
f 459/1765 479/1766 465/1767
f 154/1768 297/1769 410/1770
f 298/1771 441/1772 317/1773
f 298/1774 429/1775 628/1776
f 75/1777 84/1778 299/1779
f 299/1780 390/1781 385/1782
f 131/1783 84/1784 300/1785
f 84/1786 75/1787 300/1788
f 42/1789 301/1790 12/1791
f 503/1792 545/1793 301/1794
f 260/1795 302/1796 575/1797
f 422/1798 302/1799 107/1800
f 247/1801 303/1802 159/1803
f 159/1804 303/1805 192/1806
f 304/1807 72/1808 353/1809
f 234/1810 72/1811 304/1812
f 146/1813 305/1814 409/1815
f 505/1816 603/1817 438/1818
f 306/1819 403/1820 221/1821
f 345/1822 306/1823 630/1824
f 601/1825 307/1826 66/1827
f 239/1828 66/1829 307/1830
f 274/1831 73/1832 308/1833
f 626/1834 456/1835 308/1836
f 169/1837 92/1838 309/1839
f 310/1840 541/1841 309/1842
f 92/1843 310/1844 309/1845
f 310/1846 92/1847 234/1848
f 311/1849 342/1850 471/1851
f 439/1852 311/1853 409/1854
f 395/1855 128/1856 312/1857
f 531/1858 488/1859 219/1860
f 431/1861 313/1862 213/1863
f 124/1864 213/1865 313/1866
f 464/1867 314/1868 127/1869
f 397/1870 351/1871 335/1872
f 437/1873 342/1874 129/1875
f 388/1876 315/1877 346/1878
f 316/1879 209/1880 328/1881
f 389/1882 100/1883 209/1884
f 390/1885 299/1886 167/1887
f 317/1888 167/1889 298/1890
f 523/1891 551/1892 318/1893
f 41/1894 318/1895 13/1896
f 148/1897 319/1898 3/1899
f 493/1900 467/1901 455/1902
f 320/1903 149/1904 39/1905
f 586/1906 320/1907 587/1908
f 321/1909 67/1910 362/1911
f 67/1912 321/1913 365/1914
f 322/1915 99/1916 180/1917
f 252/1918 99/1919 322/1920
f 210/1921 116/1922 323/1923
f 116/1924 262/1925 323/1926
f 324/1927 142/1928 239/1929
f 619/1930 324/1931 640/1932
f 583/1933 604/1934 453/1935
f 279/1936 169/1937 325/1938
f 398/1939 101/1940 184/1941
f 326/1942 184/1943 181/1944
f 490/1945 468/1946 452/1947
f 161/1948 327/1949 2/1950
f 440/1951 328/1952 408/1953
f 612/1954 546/1955 476/1956
f 402/1957 281/1958 329/1959
f 329/1960 474/1961 81/1962
f 460/1963 330/1964 172/1965
f 265/1966 172/1967 330/1968
f 441/1969 298/1970 407/1971
f 331/1972 363/1973 150/1974
f 179/1975 332/1976 76/1977
f 76/1978 332/1979 285/1980
f 433/1981 333/1982 52/1983
f 99/1984 52/1985 333/1986
f 435/1987 294/1988 405/1989
f 334/1990 362/1991 67/1992
f 50/1993 335/1994 219/1995
f 335/1996 50/1997 397/1998
f 150/1999 336/2000 331/2001
f 336/2002 150/2003 241/2004
f 221/2005 337/2006 306/2007
f 337/2008 221/2009 393/2010
f 189/2011 338/2012 174/2013
f 174/2014 338/2015 80/2016
f 339/2017 165/2018 187/2019
f 253/2020 165/2021 339/2022
f 266/2023 404/2024 609/2025
f 164/2026 609/2027 404/2028
f 93/2029 401/2030 341/2031
f 341/2032 401/2033 521/2034
f 425/2035 471/2036 342/2037
f 315/2038 425/2039 342/2040
f 343/2041 424/2042 302/2043
f 387/2044 343/2045 145/2046
f 344/2047 171/2048 37/2049
f 171/2050 344/2051 126/2052
f 403/2053 306/2054 345/2055
f 598/2056 554/2057 392/2058
f 68/2059 346/2060 408/2061
f 346/2062 68/2063 388/2064
f 48/2065 347/2066 126/2067
f 347/2068 48/2069 10/2070
f 348/2071 283/2072 282/2073
f 115/2074 283/2075 348/2076
f 399/2077 129/2078 349/2079
f 258/2080 349/2081 74/2082
f 429/2083 298/2084 350/2085
f 277/2086 429/2087 350/2088
f 351/2089 314/2090 499/2091
f 127/2092 314/2093 351/2094
f 59/2095 352/2096 138/2097
f 235/2098 138/2099 352/2100
f 168/2101 207/2102 353/2103
f 353/2104 207/2105 229/2106
f 354/2107 156/2108 118/2109
f 198/2110 156/2111 354/2112
f 355/2113 194/2114 43/2115
f 170/2116 194/2117 355/2118
f 32/2119 356/2120 179/2121
f 451/2122 461/2123 486/2124
f 173/2125 357/2126 284/2127
f 284/2128 357/2129 263/2130
f 124/2131 358/2132 262/2133
f 358/2134 124/2135 280/2136
f 359/2137 188/2138 591/2139
f 216/2140 188/2141 359/2142
f 611/2143 102/2144 464/2145
f 360/2146 102/2147 139/2148
f 361/2149 103/2150 143/2151
f 103/2152 361/2153 76/2154
f 396/2155 362/2156 157/2157
f 362/2158 334/2159 405/2160
f 397/2161 363/2162 79/2163
f 363/2164 331/2165 407/2166
f 182/2167 364/2168 623/2169
f 364/2170 182/2171 267/2172
f 365/2173 228/2174 67/2175
f 423/2176 533/2177 497/2178
f 366/2179 168/2180 196/2181
f 168/2182 366/2183 207/2184
f 170/2185 367/2186 194/2187
f 367/2188 170/2189 82/2190
f 368/2191 189/2192 242/2193
f 189/2194 368/2195 338/2196
f 369/2197 198/2198 251/2199
f 198/2200 369/2201 156/2202
f 426/2203 370/2204 480/2205
f 370/2206 241/2207 150/2208
f 144/2209 371/2210 372/2211
f 371/2212 144/2213 120/2214
f 85/2215 372/2216 374/2217
f 372/2218 85/2219 144/2220
f 120/2221 373/2222 371/2223
f 373/2224 120/2225 177/2226
f 181/2227 374/2228 326/2229
f 374/2230 181/2231 85/2232
f 175/2233 375/2234 378/2235
f 375/2236 175/2237 100/2238
f 113/2239 376/2240 421/2241
f 376/2242 113/2243 135/2244
f 135/2245 377/2246 376/2247
f 377/2248 135/2249 83/2250
f 378/2251 83/2252 175/2253
f 83/2254 378/2255 377/2256
f 379/2257 90/2258 190/2259
f 90/2260 379/2261 240/2262
f 380/2263 190/2264 294/2265
f 190/2266 380/2267 379/2268
f 381/2269 74/2270 382/2271
f 74/2272 381/2273 258/2274
f 240/2275 382/2276 90/2277
f 382/2278 240/2279 381/2280
f 383/2281 107/2282 231/2283
f 107/2284 383/2285 422/2286
f 384/2287 231/2288 178/2289
f 231/2290 384/2291 383/2292
f 385/2293 75/2294 299/2295
f 75/2296 385/2297 386/2298
f 386/2299 178/2300 75/2301
f 178/2302 386/2303 384/2304
f 343/2305 387/2306 155/2307
f 77/2308 155/2309 387/2310
f 81/2311 153/2312 388/2313
f 315/2314 388/2315 153/2316
f 389/2317 316/2318 399/2319
f 209/2320 316/2321 389/2322
f 167/2323 317/2324 390/2325
f 390/2326 317/2327 398/2328
f 391/2329 215/2330 603/2331
f 268/2332 215/2333 391/2334
f 200/2335 392/2336 287/2337
f 392/2338 595/2339 598/2340
f 513/2341 393/2342 406/2343
f 393/2344 147/2345 337/2346
f 269/2347 394/2348 278/2349
f 394/2350 460/2351 481/2352
f 312/2353 249/2354 395/2355
f 199/2356 395/2357 249/2358
f 157/2359 76/2360 396/2361
f 285/2362 396/2363 76/2364
f 351/2365 397/2366 127/2367
f 79/2368 127/2369 397/2370
f 398/2371 326/2372 390/2373
f 184/2374 326/2375 398/2376
f 349/2377 258/2378 399/2379
f 399/2380 258/2381 389/2382
f 84/2383 131/2384 400/2385
f 591/2386 400/2387 131/2388
f 401/2389 78/2390 521/2391
f 233/2392 78/2393 401/2394
f 329/2395 81/2396 402/2397
f 388/2398 402/2399 81/2400
f 345/2401 77/2402 403/2403
f 387/2404 403/2405 77/2406
f 404/2407 340/2408 164/2409
f 119/2410 340/2411 404/2412
f 405/2413 157/2414 362/2415
f 157/2416 571/2417 592/2418
f 406/2419 292/2420 70/2421
f 393/2422 292/2423 406/2424
f 79/2425 628/2426 429/2427
f 407/2428 79/2429 363/2430
f 408/2431 199/2432 68/2433
f 128/2434 199/2435 535/2436
f 409/2437 97/2438 146/2439
f 364/2440 97/2441 623/2442
f 410/2443 106/2444 154/2445
f 155/2446 639/2447 410/2448
f 290/2449 411/2450 243/2451
f 411/2452 290/2453 519/2454
f 413/2455 412/2456 487/2457
f 514/2458 412/2459 291/2460
f 414/2461 413/2462 487/2463
f 412/2464 413/2465 291/2466
f 414/2467 291/2468 413/2469
f 291/2470 414/2471 244/2472
f 296/2473 415/2474 322/2475
f 599/2476 416/2477 415/2478
f 322/2479 416/2480 252/2481
f 416/2482 322/2483 415/2484
f 323/2485 262/2486 417/2487
f 412/2488 418/2489 417/2490
f 418/2491 323/2492 417/2493
f 323/2494 418/2495 210/2496
f 410/2497 297/2498 419/2499
f 419/2500 479/2501 459/2502
f 205/2503 420/2504 122/2505
f 168/2506 122/2507 420/2508
f 163/2509 421/2510 130/2511
f 130/2512 421/2513 435/2514
f 343/2515 422/2516 434/2517
f 302/2518 422/2519 343/2520
f 228/2521 423/2522 130/2523
f 423/2524 228/2525 533/2526
f 155/2527 424/2528 343/2529
f 410/2530 575/2531 155/2532
f 471/2533 425/2534 153/2535
f 153/2536 425/2537 315/2538
f 241/2539 426/2540 336/2541
f 426/2542 241/2543 370/2544
f 427/2545 428/2546 400/2547
f 69/2548 277/2549 427/2550
f 350/2551 428/2552 277/2553
f 427/2554 277/2555 428/2556
f 429/2557 611/2558 79/2559
f 208/2560 429/2561 277/2562
f 592/2563 103/2564 157/2565
f 103/2566 430/2567 278/2568
f 213/2569 257/2570 431/2571
f 257/2572 282/2573 431/2574
f 454/2575 432/2576 238/2577
f 432/2578 263/2579 433/2580
f 52/2581 238/2582 433/2583
f 433/2584 238/2585 432/2586
f 406/2587 145/2588 434/2589
f 434/2590 145/2591 343/2592
f 405/2593 334/2594 435/2595
f 435/2596 334/2597 130/2598
f 245/2599 436/2600 336/2601
f 336/2602 436/2603 441/2604
f 342/2605 437/2606 315/2607
f 315/2608 437/2609 440/2610
f 146/2611 438/2612 305/2613
f 215/2614 439/2615 438/2616
f 409/2617 305/2618 439/2619
f 439/2620 305/2621 438/2622
f 408/2623 346/2624 440/2625
f 440/2626 346/2627 315/2628
f 407/2629 331/2630 441/2631
f 441/2632 331/2633 336/2634
f 442/2635 89/2636 166/2637
f 536/2638 521/2639 442/2640
f 11/2641 232/2642 443/2643
f 593/2644 609/2645 443/2646
f 539/2647 617/2648 577/2649
f 96/2650 193/2651 444/2652
f 445/2653 193/2654 96/2655
f 193/2656 445/2657 444/2658
f 551/2659 446/2660 318/2661
f 318/2662 446/2663 14/2664
f 447/2665 344/2666 30/2667
f 344/2668 447/2669 126/2670
f 457/2671 448/2672 254/2673
f 270/2674 579/2675 640/2676
f 271/2677 255/2678 634/2679
f 456/2680 449/2681 255/2682
f 570/2683 206/2684 450/2685
f 453/2686 450/2687 206/2688
f 455/2689 451/2690 466/2691
f 486/2692 466/2693 451/2694
f 463/2695 452/2696 473/2697
f 465/2698 473/2699 452/2700
f 634/2701 453/2702 271/2703
f 206/2704 271/2705 453/2706
f 238/2707 270/2708 454/2709
f 640/2710 454/2711 270/2712
f 460/2713 455/2714 470/2715
f 466/2716 470/2717 455/2718
f 255/2719 264/2720 456/2721
f 264/2722 633/2723 456/2724
f 254/2725 236/2726 457/2727
f 431/2728 457/2729 236/2730
f 459/2731 458/2732 472/2733
f 468/2734 472/2735 458/2736
f 187/2737 459/2738 485/2739
f 472/2740 485/2741 459/2742
f 493/2743 460/2744 59/2745
f 455/2746 460/2747 493/2748
f 469/2749 484/2750 461/2751
f 288/2752 461/2753 484/2754
f 462/2755 490/2756 463/2757
f 288/2758 462/2759 287/2760
f 463/2761 287/2762 462/2763
f 473/2764 287/2765 463/2766
f 580/2767 464/2768 646/2769
f 464/2770 102/2771 646/2772
f 465/2773 154/2774 44/2775
f 154/2776 465/2777 479/2778
f 356/2779 32/2780 466/2781
f 470/2782 466/2783 32/2784
f 469/2785 467/2786 148/2787
f 319/2788 148/2789 467/2790
f 472/2791 468/2792 161/2793
f 327/2794 161/2795 468/2796
f 484/2797 469/2798 63/2799
f 148/2800 63/2801 469/2802
f 481/2803 470/2804 143/2805
f 32/2806 143/2807 470/2808
f 471/2809 623/2810 311/2811
f 153/2812 474/2813 471/2814
f 485/2815 472/2816 61/2817
f 161/2818 61/2819 472/2820
f 44/2821 473/2822 465/2823
f 473/2824 44/2825 287/2826
f 623/2827 471/2828 474/2829
f 182/2830 623/2831 474/2832
f 218/2833 62/2834 475/2835
f 582/2836 475/2837 62/2838
f 480/2839 476/2840 245/2841
f 101/2842 245/2843 476/2844
f 57/2845 166/2846 477/2847
f 482/2848 477/2849 166/2850
f 608/2851 492/2852 478/2853
f 262/2854 478/2855 492/2856
f 479/2857 297/2858 154/2859
f 419/2860 297/2861 479/2862
f 370/2863 219/2864 568/2865
f 612/2866 568/2867 219/2868
f 481/2869 278/2870 394/2871
f 143/2872 278/2873 481/2874
f 166/2875 89/2876 482/2877
f 482/2878 89/2879 442/2880
f 497/2881 483/2882 163/2883
f 113/2884 163/2885 483/2886
f 288/2887 484/2888 275/2889
f 63/2890 275/2891 484/2892
f 187/2893 485/2894 293/2895
f 61/2896 293/2897 485/2898
f 288/2899 356/2900 486/2901
f 466/2902 486/2903 356/2904
f 412/2905 492/2906 487/2907
f 567/2908 487/2909 224/2910
f 642/2911 524/2912 589/2913
f 566/2914 524/2915 488/2916
f 114/2917 186/2918 489/2919
f 496/2920 507/2921 516/2922
f 490/2923 462/2924 327/2925
f 468/2926 490/2927 327/2928
f 620/2929 491/2930 614/2931
f 491/2932 132/2933 289/2934
f 296/2935 224/2936 492/2937
f 224/2938 487/2939 492/2940
f 493/2941 59/2942 319/2943
f 467/2944 493/2945 319/2946
f 217/2947 574/2948 494/2949
f 489/2950 494/2951 574/2952
f 105/2953 217/2954 495/2955
f 494/2956 495/2957 217/2958
f 516/2959 204/2960 496/2961
f 520/2962 496/2963 204/2964
f 620/2965 132/2966 491/2967
f 620/2968 533/2969 132/2970
f 532/2971 540/2972 498/2973
f 502/2974 498/2975 540/2976
f 597/2977 499/2978 530/2979
f 530/2980 580/2981 594/2982
f 500/2983 556/2984 644/2985
f 550/2986 556/2987 500/2988
f 587/2989 501/2990 586/2991
f 629/2992 586/2993 501/2994
f 542/2995 552/2996 641/2997
f 100/2998 641/2999 552/3000
f 505/3001 503/3002 42/3003
f 301/3004 42/3005 503/3006
f 508/3007 504/3008 162/3009
f 78/3010 162/3011 504/3012
f 438/3013 146/3014 505/3015
f 503/3016 505/3017 146/3018
f 565/3019 182/3020 329/3021
f 527/3022 182/3023 506/3024
f 489/3025 507/3026 494/3027
f 507/3028 489/3029 186/3030
f 162/3031 121/3032 508/3033
f 528/3034 508/3035 121/3036
f 223/3037 176/3038 509/3039
f 585/3040 600/3041 444/3042
f 537/3043 510/3044 559/3045
f 560/3046 559/3047 510/3048
f 477/3049 511/3050 57/3051
f 248/3052 57/3053 511/3054
f 263/3055 512/3056 202/3057
f 134/3058 202/3059 512/3060
f 622/3061 393/3062 513/3063
f 625/3064 622/3065 572/3066
f 412/3067 514/3068 210/3069
f 133/3070 210/3071 514/3072
f 55/3073 96/3074 515/3075
f 444/3076 515/3077 96/3078
f 186/3079 516/3080 507/3081
f 563/3082 516/3083 186/3084
f 232/3085 55/3086 517/3087
f 515/3088 517/3089 55/3090
f 566/3091 518/3092 281/3093
f 329/3094 281/3095 518/3096
f 185/3097 411/3098 519/3099
f 519/3100 415/3101 608/3102
f 522/3103 520/3104 123/3105
f 204/3106 123/3107 520/3108
f 442/3109 521/3110 482/3111
f 477/3112 482/3113 521/3114
f 123/3115 108/3116 522/3117
f 605/3118 522/3119 108/3120
f 318/3121 629/3122 523/3123
f 501/3124 523/3125 629/3126
f 312/3127 128/3128 524/3129
f 524/3130 128/3131 535/3132
f 610/3133 525/3134 158/3135
f 112/3136 158/3137 525/3138
f 176/3139 112/3140 526/3141
f 525/3142 526/3143 112/3144
f 527/3145 301/3146 545/3147
f 527/3148 267/3149 182/3150
f 585/3151 528/3152 220/3153
f 121/3154 220/3155 528/3156
f 555/3157 529/3158 340/3159
f 340/3160 529/3161 164/3162
f 518/3163 530/3164 329/3165
f 329/3166 530/3167 565/3168
f 518/3169 566/3170 531/3171
f 488/3172 531/3173 566/3174
f 209/3175 532/3176 328/3177
f 532/3178 209/3179 100/3180
f 533/3181 365/3182 132/3183
f 533/3184 228/3185 365/3186
f 54/3187 534/3188 567/3189
f 487/3190 567/3191 534/3192
f 535/3193 199/3194 408/3195
f 535/3196 408/3197 328/3198
f 225/3199 341/3200 536/3201
f 521/3202 536/3203 341/3204
f 559/3205 614/3206 537/3207
f 615/3208 537/3209 614/3210
f 288/3211 584/3212 179/3213
f 332/3214 179/3215 644/3216
f 511/3217 539/3218 248/3219
f 577/3220 248/3221 539/3222
f 552/3223 540/3224 100/3225
f 532/3226 100/3227 540/3228
f 227/3229 348/3230 541/3231
f 541/3232 348/3233 257/3234
f 641/3235 83/3236 542/3237
f 542/3238 83/3239 560/3240
f 543/3241 602/3242 527/3243
f 23/3244 602/3245 543/3246
f 211/3247 109/3248 544/3249
f 548/3250 544/3251 109/3252
f 527/3253 545/3254 267/3255
f 49/3256 267/3257 545/3258
f 578/3259 546/3260 588/3261
f 589/3262 588/3263 546/3264
f 144/3265 85/3266 547/3267
f 547/3268 85/3269 181/3270
f 109/3271 114/3272 548/3273
f 489/3274 548/3275 114/3276
f 110/3277 60/3278 549/3279
f 212/3280 549/3281 60/3282
f 550/3283 285/3284 332/3285
f 289/3286 285/3287 550/3288
f 551/3289 427/3290 400/3291
f 645/3292 427/3293 551/3294
f 542/3295 502/3296 552/3297
f 540/3298 552/3299 502/3300
f 549/3301 553/3302 110/3303
f 230/3304 110/3305 553/3306
f 77/3307 345/3308 554/3309
f 500/3310 638/3311 345/3312
f 340/3313 119/3314 555/3315
f 160/3316 555/3317 119/3318
f 332/3319 556/3320 550/3321
f 644/3322 556/3323 332/3324
f 263/3325 558/3326 557/3327
f 512/3328 263/3329 557/3330
f 357/3331 558/3332 263/3333
f 590/3334 558/3335 357/3336
f 113/3337 559/3338 560/3339
f 559/3340 113/3341 483/3342
f 560/3343 135/3344 113/3345
f 135/3346 560/3347 83/3348
f 257/3349 213/3350 561/3351
f 564/3352 561/3353 213/3354
f 263/3355 562/3356 71/3357
f 201/3358 71/3359 562/3360
f 186/3361 631/3362 563/3363
f 632/3364 563/3365 631/3366
f 213/3367 124/3368 564/3369
f 262/3370 564/3371 124/3372
f 506/3373 182/3374 565/3375
f 360/3376 506/3377 594/3378
f 524/3379 566/3380 312/3381
f 281/3382 312/3383 566/3384
f 224/3385 134/3386 567/3387
f 512/3388 567/3389 134/3390
f 568/3391 480/3392 370/3393
f 476/3394 480/3395 568/3396
f 289/3397 569/3398 491/3399
f 614/3400 491/3401 615/3402
f 257/3403 570/3404 541/3405
f 561/3406 570/3407 257/3408
f 643/3409 571/3410 405/3411
f 157/3412 405/3413 571/3414
f 513/3415 572/3416 622/3417
f 572/3418 513/3419 637/3420
f 295/3421 139/3422 573/3423
f 645/3424 573/3425 139/3426
f 574/3427 230/3428 489/3429
f 230/3430 574/3431 21/3432
f 575/3433 424/3434 155/3435
f 424/3436 575/3437 302/3438
f 541/3439 576/3440 227/3441
f 276/3442 227/3443 576/3444
f 445/3445 577/3446 617/3447
f 22/3448 577/3449 445/3450
f 498/3451 578/3452 532/3453
f 588/3454 532/3455 578/3456
f 579/3457 254/3458 448/3459
f 125/3460 254/3461 579/3462
f 464/3463 580/3464 499/3465
f 530/3466 499/3467 580/3468
f 579/3469 581/3470 125/3471
f 95/3472 125/3473 581/3474
f 495/3475 582/3476 105/3477
f 62/3478 105/3479 582/3480
f 604/3481 583/3482 325/3483
f 197/3484 325/3485 583/3486
f 288/3487 538/3488 584/3489
f 644/3490 538/3491 500/3492
f 220/3493 509/3494 585/3495
f 600/3496 585/3497 509/3498
f 320/3499 586/3500 149/3501
f 41/3502 149/3503 586/3504
f 613/3505 295/3506 587/3507
f 573/3508 587/3509 295/3510
f 532/3511 588/3512 328/3513
f 328/3514 588/3515 535/3516
f 589/3517 535/3518 588/3519
f 535/3520 589/3521 524/3522
f 357/3523 173/3524 590/3525
f 203/3526 590/3527 173/3528
f 591/3529 339/3530 187/3531
f 400/3532 591/3533 187/3534
f 103/3535 592/3536 430/3537
f 269/3538 430/3539 592/3540
f 517/3541 593/3542 232/3543
f 443/3544 232/3545 593/3546
f 565/3547 594/3548 506/3549
f 594/3550 565/3551 530/3552
f 595/3553 200/3554 106/3555
f 392/3556 200/3557 595/3558
f 271/3559 133/3560 596/3561
f 514/3562 596/3563 133/3564
f 531/3565 597/3566 518/3567
f 530/3568 518/3569 597/3570
f 155/3571 77/3572 598/3573
f 554/3574 598/3575 77/3576
f 290/3577 599/3578 519/3579
f 95/3580 599/3581 290/3582
f 509/3583 176/3584 600/3585
f 526/3586 600/3587 176/3588
f 66/3589 174/3590 601/3591
f 223/3592 601/3593 174/3594
f 12/3595 301/3596 602/3597
f 301/3598 527/3599 602/3600
f 603/3601 126/3602 391/3603
f 624/3604 126/3605 603/3606
f 325/3607 169/3608 604/3609
f 309/3610 604/3611 169/3612
f 536/3613 605/3614 183/3615
f 108/3616 183/3617 605/3618
f 475/3619 606/3620 218/3621
f 214/3622 218/3623 606/3624
f 607/3625 275/3626 24/3627
f 275/3628 607/3629 288/3630
f 519/3631 608/3632 185/3633
f 358/3634 185/3635 608/3636
f 242/3637 609/3638 98/3639
f 609/3640 593/3641 610/3642
f 158/3643 98/3644 610/3645
f 609/3646 610/3647 98/3648
f 429/3649 208/3650 611/3651
f 102/3652 611/3653 208/3654
f 589/3655 612/3656 642/3657
f 546/3658 612/3659 589/3660
f 527/3661 613/3662 543/3663
f 506/3664 613/3665 527/3666
f 483/3667 614/3668 559/3669
f 483/3670 620/3671 614/3672
f 491/3673 625/3674 615/3675
f 572/3676 615/3677 625/3678
f 538/3679 392/3680 616/3681
f 616/3682 392/3683 554/3684
f 444/3685 617/3686 585/3687
f 617/3688 444/3689 445/3690
f 510/3691 618/3692 560/3693
f 542/3694 560/3695 618/3696
f 91/3697 142/3698 619/3699
f 324/3700 619/3701 142/3702
f 620/3703 497/3704 533/3705
f 483/3706 497/3707 620/3708
f 101/3709 621/3710 184/3711
f 621/3712 101/3713 476/3714
f 393/3715 622/3716 147/3717
f 147/3718 622/3719 625/3720
f 623/3721 97/3722 409/3723
f 623/3724 409/3725 311/3726
f 42/3727 171/3728 624/3729
f 126/3730 624/3731 171/3732
f 569/3733 625/3734 491/3735
f 625/3736 569/3737 147/3738
f 197/3739 626/3740 73/3741
f 308/3742 73/3743 626/3744
f 536/3745 627/3746 225/3747
f 191/3748 225/3749 627/3750
f 298/3751 628/3752 407/3753
f 79/3754 407/3755 628/3756
f 318/3757 41/3758 629/3759
f 586/3760 629/3761 41/3762
f 289/3763 550/3764 630/3765
f 500/3766 630/3767 550/3768
f 186/3769 196/3770 631/3771
f 168/3772 631/3773 196/3774
f 631/3775 168/3776 632/3777
f 420/3778 632/3779 168/3780
f 633/3781 557/3782 558/3783
f 512/3784 557/3785 633/3786
f 449/3787 634/3788 255/3789
f 634/3790 449/3791 197/3792
f 86/3793 211/3794 635/3795
f 635/3796 636/3797 212/3798
f 635/3799 211/3800 636/3801
f 544/3802 636/3803 211/3804
f 513/3805 177/3806 637/3807
f 120/3808 637/3809 177/3810
f 638/3811 554/3812 345/3813
f 554/3814 638/3815 616/3816
f 639/3817 106/3818 410/3819
f 106/3820 639/3821 595/3822
f 640/3823 448/3824 619/3825
f 448/3826 640/3827 579/3828
f 83/3829 641/3830 175/3831
f 100/3832 175/3833 641/3834
f 642/3835 488/3836 524/3837
f 488/3838 642/3839 219/3840
f 405/3841 294/3842 643/3843
f 190/3844 643/3845 294/3846
f 584/3847 644/3848 179/3849
f 538/3850 644/3851 584/3852
f 139/3853 69/3854 645/3855
f 427/3856 645/3857 69/3858
f 594/3859 646/3860 360/3861
f 360/3862 646/3863 102/3864
f 647/3865 649/3866 650/3867
f 650/3868 648/3869 647/3870
f 651/3871 652/3872 654/3873
f 654/3874 653/3875 651/3876
f 647/3877 648/3878 652/3879
f 652/3880 651/3881 647/3882
f 648/3883 650/3884 654/3885
f 654/3886 652/3887 648/3888
f 650/3889 649/3890 653/3891
f 653/3892 654/3893 650/3894
f 649/3895 647/3896 651/3897
f 651/3898 653/3899 649/3900
f 655/3901 657/3902 658/3903
f 658/3904 656/3905 655/3906
f 659/3907 660/3908 662/3909
f 662/3910 661/3911 659/3912
f 655/3913 656/3914 660/3915
f 660/3916 659/3917 655/3918
f 656/3919 658/3920 662/3921
f 662/3922 660/3923 656/3924
f 658/3925 657/3926 661/3927
f 661/3928 662/3929 658/3930
f 657/3931 655/3932 659/3933
f 659/3934 661/3935 657/3936
f 663/3937 665/3938 666/3939
f 666/3940 664/3941 663/3942
f 667/3943 668/3944 670/3945
f 670/3946 669/3947 667/3948
f 663/3949 664/3950 668/3951
f 668/3952 667/3953 663/3954
f 664/3955 666/3956 670/3957
f 670/3958 668/3959 664/3960
f 666/3961 665/3962 669/3963
f 669/3964 670/3965 666/3966
f 665/3967 663/3968 667/3969
f 667/3970 669/3971 665/3972
